日期,小時,供應商名稱,網站,網站名稱,版位編號,版位名稱,antifroud,知名媒體,子聯播網,Total Tracked Ads,Eligible Ads for Viewability,Measured Ads,% Measured Ads,Viewable Impressions,% Viewable Impressions,Non-Viewable Ads,% Non-Viewable Ads,Average Time In View (Sec)
20260126,15,英屬維京群島商浩美數位有限公司台灣分公司,2315,Teepr亮新聞-exchange,10012,CF_336x280Banner_Teepr亮新聞-exchange,,知名媒體,,584,292,292,100.00%,16,5.48%,276,94.52%,0.25
20260126,15,第一網站股份有限公司,2300,keketravel,10594,(子)CF_336x280_keketravel,,,子聯播網,8,0,0,0.00%,0,0.00%,0,0.00%,0.00
20260126,15,昱得資訊工作室,2528,數位書香,11080,CF_728x90_首頁上方_數位書香,antifroud,,,7,3,3,100.00%,1,33.33%,2,66.67%,23.84
20260126,15,昱得資訊工作室,2528,數位書香,11081,CF_160x600_首頁右側_數位書香,antifroud,,,444,205,205,100.00%,89,43.41%,116,56.59%,3.21
20260126,15,第一網站股份有限公司,2540,risu短網址,11260,MW-300X250-MB_page_left-risu,,知名媒體,,12,4,4,100.00%,3,75.00%,1,25.00%,1.89
20260126,15,第一網站股份有限公司,2492,ttshow,11273,MW-300X250-ttshow,,知名媒體,,12,6,6,100.00%,2,33.33%,4,66.67%,1.20
20260126,15,第一網站股份有限公司,2601,Meme梗圖倉庫,11443,CF-336X280-meme,,,,353,159,159,100.00%,14,8.81%,145,91.19%,0.98
20260126,15,艾得基客行銷顧問股份有限公司,2578,鉅亨網,12070,MW_320x480_文中創意_鉅亨網,,知名媒體,,"7,729","3,814","3,814",100.00%,"2,940",77.08%,874,22.92%,14.89
20260126,15,時報資訊股份有限公司,2770,中時電子報_HB,12561,MW_300x250_內頁TOP Banner_中時電子報_HB,antifroud,知名媒體,,"7,723","3,803","3,803",100.00%,697,18.33%,"3,106",81.67%,1.28
20260126,15,第一網站股份有限公司,2768,czbooks,12570,CF_728x90_banner_czbooks,,,,"62,948","31,046","31,046",100.00%,"23,389",75.34%,"7,657",24.66%,4.61
20260126,15,鳳梨傳媒股份有限公司,2190,民視新聞網-Exchange,12579,CF_300x250_右側第一塊_民視新聞網-Exchange(RWD)(MCM),,知名媒體,,"3,963","1,946","1,946",100.00%,157,8.07%,"1,789",91.93%,1.73
20260126,15,鳳梨傳媒股份有限公司,2190,民視新聞網-Exchange,12580,CF_300x250_內文文中左側_民視新聞網-Exchange(RWD)(MCM),,知名媒體,,"4,379","2,146","2,146",100.00%,211,9.83%,"1,935",90.17%,1.69
20260126,15,第一網站股份有限公司,2783,漫畫櫃manhuagui,12676,CF_728X90_manhuagui,antifroud,,,"42,570","20,872","20,872",100.00%,"7,461",35.75%,"13,411",64.25%,4.38
20260126,15,艾得基客行銷顧問股份有限公司,2635,工商時報,12761,MW_320x480_文中創意_工商時報new,,知名媒體,,310,153,153,100.00%,111,72.55%,42,27.45%,16.70
20260126,15,第一網站股份有限公司,2801,damanwoo,12868,CF-300x250_Banner_damanwoo_大人物,,,,6,2,2,100.00%,0,0.00%,2,100.00%,0.00
20260126,15,第一網站股份有限公司,2820,星座好朋友(horofriend88),12966,MW_320x100_horofriend88,antifroud,,,80,40,40,100.00%,40,100.00%,0,0.00%,24.75
20260126,15,東森電視事業股份有限公司,2014,東森新聞網,13162,MW_置底創意(展開)_東森新聞網,antifroud,知名媒體,,338,166,166,100.00%,152,91.57%,14,8.43%,2.68
20260126,15,曾憲敏,202,85小說網,13445,MW_336X280_全量1_85小說網,,,,236,118,118,100.00%,58,49.15%,60,50.85%,7.39
20260126,15,曾憲敏,202,85小說網,13446,MW_336X280_全量2_85小說網,,,,"2,703","1,346","1,346",100.00%,739,54.90%,607,45.10%,5.77
20260126,15,曾憲敏,601,85小說網_PC,13450,(子)CF_336x280_全量2_85小說網,,,子聯播網,308,152,152,100.00%,130,85.53%,22,14.47%,13.93
20260126,15,第一網站股份有限公司,2768,czbooks,13481,MW_300x250_banner_czbooks,antifroud,,子聯播網,"45,272","22,392","22,392",100.00%,"8,748",39.07%,"13,644",60.93%,2.71
20260126,15,第一網站股份有限公司,2910,clickme,13548,(子)CF_300x250_banner_clickme(一般),,,子聯播網,778,352,352,100.00%,129,36.65%,223,63.35%,2.71
20260126,15,第一網站股份有限公司,2910,clickme,13549,CF_300x250_banner_clickme(一般),,,,745,396,396,100.00%,39,9.85%,357,90.15%,0.38
20260126,15,第一網站股份有限公司,2916,KiKiNote,13576,(子)CF_300x250_banner_kikinote,,知名媒體,子聯播網,"1,866",861,861,100.00%,132,15.33%,729,84.67%,0.48
20260126,15,闇碼科技股份有限公司,2992,縮短網址產生器-reurl-exchange,13848,CF_300x250_轉址失敗_最右邊_reurl,,知名媒體,,6,0,0,0.00%,0,0.00%,0,0.00%,0.00
20260126,15,闇碼科技股份有限公司,2992,縮短網址產生器-reurl-exchange,13856,CF_300x250_轉址失敗頁第二塊_reurl,,知名媒體,,6,0,0,0.00%,0,0.00%,0,0.00%,0.00
20260126,15,第一網站股份有限公司,2768,czbooks,13903,(子)CF_300x250_banner_czbooks(直播),antifroud,,子聯播網,"240,645","126,121","126,117",100.00%,"30,641",24.30%,"95,476",75.70%,1.05
20260126,15,第一網站股份有限公司,2768,czbooks,14036,MW_320x480_CZBOOKS,antifroud,,,666,317,317,100.00%,139,43.85%,178,56.15%,4.24
20260126,15,陳人鳳,480,飛格寵物家族_PC,1407,CF-728X90_上方通欄_飛格寵物家族,,,,26,4,4,100.00%,3,75.00%,1,25.00%,3.75
20260126,15,陳人鳳,480,飛格寵物家族_PC,1408,CF-300X250_內文_飛格寵物家族,,,,86,21,21,100.00%,13,61.90%,8,38.10%,5.70
20260126,15,東森電視事業股份有限公司,2014,東森新聞網,14097,MW_蓋版_東森新聞網,,知名媒體,,"1,893",931,931,100.00%,8,0.86%,923,99.14%,0.13
20260126,15,闇碼科技股份有限公司,3048,縮短網址產生器-reurl,14210,MW_文中創意300x250_縮短網址產生器-reurl,,知名媒體,,146,55,55,100.00%,29,52.73%,26,47.27%,2.60
20260126,15,朱漢崴,3050,查電話_exchange,14221,MW_336x280_查電話首頁_最新回報下方 _whocll 查電話,,,,6,3,3,100.00%,2,66.67%,1,33.33%,3.33
20260126,15,富盈數據股份有限公司,3059,塔科女子,14258,CF_336x280_全網_塔科女子,,知名媒體,,132,69,69,100.00%,34,49.28%,35,50.72%,3.02
20260126,15,CBROOT LTD,3003,包子漫畫-exchange,14291,MW_300x250_蓋板(PB)_包子漫畫,,,,235,117,117,100.00%,54,46.15%,63,53.85%,10.00
20260126,15,朱光宁,3152,石頭小說-exchange,14472,MW_336x280_Banner_石頭小說,,,,"5,574","2,740","2,740",100.00%,"2,027",73.98%,713,26.02%,7.91
20260126,15,朱光宁,3268,稷下書院-mobile,14737,MW_置底創意(非展開)_稷下書院-mobile,,,,6,3,3,100.00%,3,100.00%,0,0.00%,6.11
20260126,15,朱光宁,3149,稷下書院-exchange,14748,MW_320x100_置底(PB)_稷下書院,,,,"19,156","9,420","9,420",100.00%,288,3.06%,"9,132",96.94%,0.11
20260126,15,巨思文化股份有限公司,3053,數位時代_HB,14764,MW_置底創意_(非展開)_數位時代_HB,,知名媒體,,80,39,39,100.00%,37,94.87%,2,5.13%,27.07
20260126,15,曾憲敏,3327,85小說網_創意,15228,MW-創意-85小說網,,,,403,201,201,100.00%,188,93.53%,13,6.47%,13.12
20260126,15,千晶文化事業股份有限公司,3336,Beauty 美人圈,15254,MW_置底創意(非展開)_ Beauty 美人圈,,知名媒體,,510,255,255,100.00%,236,92.55%,19,7.45%,30.49
20260126,15,中天電視股份有限公司,3282,中天新聞網-exchange,15859,CF_336x280_內頁_PC右側互動看板B-中天新聞網-exchange,,知名媒體,,"1,296",561,561,100.00%,262,46.70%,299,53.30%,5.93
20260126,15,CBROOT LTD,3352,西瓜卡通-exchange,15970,CF_160x600_影音內容_西瓜卡通-exchange,,,,6,3,3,100.00%,0,0.00%,3,100.00%,0.00
20260126,15,朱光宁,3360,提莫書屋-exchange,16957,MW_336x280banner_提莫書屋_exchange,,,,"14,231","7,065","7,065",100.00%,"5,415",76.65%,"1,650",23.35%,6.51
20260126,15,朱光宁,3361,提莫書屋-mobile,16958,MW_置底創意_提莫書屋-mobile,,,,88,44,44,100.00%,42,95.45%,2,4.55%,30.71
20260126,15,朱光宁,3361,提莫書屋-mobile,16959,MW_320x480_文中創意_提莫書屋-mobile,,,,48,24,24,100.00%,21,87.50%,3,12.50%,5.71
20260126,15,欣發現股份有限公司,3365,Hami任務牆-mobile,16969,MW_置底創意_Hami任務牆,,知名媒體,,6,3,3,100.00%,3,100.00%,0,0.00%,4.59
20260126,15,欣發現股份有限公司,3364,女子學-mobile,16972,MW_置底創意_女子學,antifroud,,,74,34,34,100.00%,0,0.00%,34,100.00%,0.08
20260126,15,欣發現股份有限公司,3363,大人物-mobile,16973,MW_置底創意_大人物,,知名媒體,,12,6,6,100.00%,6,100.00%,0,0.00%,18.41
20260126,15,第一網站股份有限公司,2783,漫畫櫃manhuagui,17027,MW_320x480_蓋版_漫畫櫃manhuagui,,,,"1,204",582,582,100.00%,350,60.14%,232,39.86%,3.07
20260126,15,朱光宁,3268,稷下書院-mobile,17207,MW_320x480_蓋版_稷下書院-mobile,,,,"11,899","4,801","4,801",100.00%,"2,280",47.49%,"2,521",52.51%,3.69
20260126,15,李立娟,3395,vivi0視頻-exchange,17293,CF_336x280_Banner_vivi01視頻-exchange,antifroud,,,"27,883","13,701","13,701",100.00%,"2,193",16.01%,"11,508",83.99%,0.40
20260126,15,李立娟,3395,vivi0視頻-exchange,17294,MW_336x280_Banner_vivi01視頻-exchange,antifroud,,,"38,921","19,099","19,099",100.00%,"7,580",39.69%,"11,519",60.31%,1.55
20260126,15,李立娟,3395,vivi0視頻-exchange,17300,MW_320x100_置底(PB)_vivi01視頻-exchange,antifroud,,,"47,205","23,170","23,170",100.00%,"15,697",67.75%,"7,473",32.25%,15.66
20260126,15,李立娟,3397,趣聞圖說-exchange,17309,MW_336x280_文中Banner_趣聞圖說-exchange,,,,650,135,135,100.00%,26,19.26%,109,80.74%,1.45
20260126,15,曾憲敏,601,85小說網_PC,1773,CF-300x250_85小說網_內文1,,,,345,172,172,100.00%,154,89.53%,18,10.47%,18.04
20260126,15,李立娟,3396,趣聞圖說-Mobile,17923,MW_置底創意(展開)_趣聞圖說-Mobile,,,,12,6,6,100.00%,6,100.00%,0,0.00%,15.75
20260126,15,第一網站股份有限公司,2768,czbooks,17927,MW_置底創意_czbook,,,,"6,367","3,156","3,156",100.00%,"2,904",92.02%,252,7.98%,11.82
20260126,15,第一網站股份有限公司,3440,fsa_passback_first,18201,CF_336x280_fsa_passback_first,,,,22,11,11,100.00%,2,18.18%,9,81.82%,0.86
20260126,15,第一網站股份有限公司,3440,fsa_passback_first,18202,CF_300x250_fsa_passback_first,,,,"3,314","1,587","1,587",100.00%,"1,032",65.03%,555,34.97%,43.81
20260126,15,朱光宁,3268,稷下書院-mobile,18297,MW_置底創意(展開)_稷下書院-mobile,,,,112,55,55,100.00%,51,92.73%,4,7.27%,3.16
20260126,15,冰楓科技有限公司,3485,冰楓論壇-exchange,18487,CF_970x90_內文上方第一塊_冰楓論壇-exchange,,,,431,196,196,100.00%,31,15.82%,165,84.18%,2.05
20260126,15,冰楓科技有限公司,3485,冰楓論壇-exchange,18488,MW_320x100_內文上方第一塊_ 冰楓論壇-exchange,antifroud,,,18,7,7,100.00%,4,57.14%,3,42.86%,15.28
20260126,15,冰楓科技有限公司,3485,冰楓論壇-exchange,18492,MW_300x250_Banner_ 冰楓論壇-exchange,,,,190,74,74,100.00%,38,51.35%,36,48.65%,8.77
20260126,15,闇碼科技股份有限公司,3048,縮短網址產生器-reurl,18535,MW_蓋版_縮短網址產生器-reurl,,知名媒體,,19,9,9,100.00%,5,55.56%,4,44.44%,2.73
20260126,15,CBROOT LTD,3510,包子漫畫_twmanga-exchange,18732,MW_336x280_Banner_包子漫畫_twmanga,,,子聯播網,"32,290","16,186","16,186",100.00%,"3,236",19.99%,"12,950",80.01%,0.69
20260126,15,CBROOT LTD,3510,包子漫畫_twmanga-exchange,18737,CF_970x90_Banner_ 包子漫畫_twmanga-exchange,,,,46,23,23,100.00%,6,26.09%,17,73.91%,0.94
20260126,15,舒禾驊,3535,荷花動漫筆記,18887,CF_336x280_文章頁文中_荷花動漫筆記,,,,22,9,9,100.00%,0,0.00%,9,100.00%,0.00
20260126,15,台灣英文新聞股份有限公司,3537,台灣英文新聞(new)-exchange,18924,CF_300x250_內容頁_右側看版_1_台灣英文新聞(new)-exchange,,知名媒體,,84,40,40,100.00%,8,20.00%,32,80.00%,16.06
20260126,15,艾得基客行銷顧問股份有限公司,3552,玩具人,19044,MW_320x480_文中創意_玩具人,,知名媒體,,30,15,15,100.00%,12,80.00%,3,20.00%,16.64
20260126,15,第一網站股份有限公司,2783,漫畫櫃manhuagui,20685,MW_300X250_manhuagui,antifroud,,,"3,317","1,644","1,644",100.00%,706,42.94%,938,57.06%,9.12
20260126,15,德榕企業有限公司,3577,TW Bodhi,20705,(子)CF_336x280_文章頁(RWD)_TW Bodhi,antifroud,,子聯播網,12,6,6,100.00%,0,0.00%,6,100.00%,0.00
20260126,15,德榕企業有限公司,3578,TW Bodhi_mobile,20708,MW_蓋板_TW Bodhi,,,,245,121,121,100.00%,0,0.00%,121,100.00%,0.00
20260126,15,德榕企業有限公司,3578,TW Bodhi_mobile,20719,MW_文中創意300x250_TW Bodhi,,,,6,3,3,100.00%,0,0.00%,3,100.00%,0.00
20260126,15,德榕企業有限公司,3581,忘憂書屋,20727,CF_336x280文章頁(RWD)_忘憂書屋,,,,86,43,43,100.00%,0,0.00%,43,100.00%,0.00
20260126,15,德榕企業有限公司,3582,忘憂書屋_mobile,20728,MW_文中創意300x250_忘憂書屋,,,,6,2,2,100.00%,0,0.00%,2,100.00%,0.00
20260126,15,德榕企業有限公司,3582,忘憂書屋_mobile,20729,MW_蓋板_忘憂書屋,,,,6,3,3,100.00%,0,0.00%,3,100.00%,0.00
20260126,15,第一網站股份有限公司,2910,clickme,20735,(子)CF_300x250_banner_clickme(成人),,,子聯播網,"8,122","3,838","3,838",100.00%,"1,043",27.18%,"2,795",72.82%,2.62
20260126,15,第一網站股份有限公司,3440,fsa_passback_first,21699,CF_336x280_fsa_passback_first,,,,"2,654","1,142","1,142",100.00%,145,12.70%,997,87.30%,0.51
20260126,15,富盈數據股份有限公司,3653,TVBS-女人我最大_HB,21760,MW_文章三_336x280_TVBS-女人我最大_HB,,知名媒體,,12,6,6,100.00%,3,50.00%,3,50.00%,1.17
20260126,15,富盈數據股份有限公司,3653,TVBS-女人我最大_HB,21761,MW_文章四_336x280_TVBS-女人我最大_HB,,知名媒體,,262,131,131,100.00%,73,55.73%,58,44.27%,4.72
20260126,15,富盈數據股份有限公司,3653,TVBS-女人我最大_HB,21763,MW_文中創意320x480_TVBS-女人我最大_HB,,知名媒體,,110,55,55,100.00%,46,83.64%,9,16.36%,30.15
20260126,15,富盈數據股份有限公司,3654,TVBS-健康2.0_HB,21768,MW_文中創意320x480_TVBS-健康2.0_HB,,知名媒體,,"2,955","1,372","1,372",100.00%,949,69.17%,423,30.83%,22.67
20260126,15,富盈數據股份有限公司,3655,TVBS-食尚玩家_HB,21773,MW_文中創意320x480_TVBS-食尚玩家_HB,,知名媒體,,245,121,121,100.00%,88,72.73%,33,27.27%,18.07
20260126,15,儂儂雜誌社股份有限公司(bella儂儂),2135,Bella儂儂_2024,21876,MW-300x250_文章標題上方1_Bella儂儂,,知名媒體,,532,265,265,100.00%,123,46.42%,142,53.58%,3.11
20260126,15,富盈數據股份有限公司,3684,稅美人_mobile,21923,MW_置底創意(非展開)_稅美人-mobile,,,,301,150,150,100.00%,141,94.00%,9,6.00%,16.63
20260126,15,富盈數據股份有限公司,3685,玩桌遊_mobile,21924,MW_置底創意(非展開)_玩桌遊-mobile,,,,263,130,130,100.00%,117,90.00%,13,10.00%,17.36
20260126,15,富盈數據股份有限公司,2615,熱血台中,21986,CF_336x280_全網_熱血台中,,,,6,3,3,100.00%,0,0.00%,3,100.00%,0.00
20260126,15,富盈數據股份有限公司,2615,熱血台中,21987,CF_336x280_全網_熱血台中,,,,12,6,6,100.00%,2,33.33%,4,66.67%,3.33
20260126,15,富盈數據股份有限公司,3704,天天要聞,22030,CF_300 x 250 banner_天天要聞_cpc2,,,,"1,326",660,660,100.00%,527,79.85%,133,20.15%,8.14
20260126,15,富盈數據股份有限公司,3703,繁體小說,22031,CF_300 x 250 banner_繁體小說_cpc2,,,,148,72,72,100.00%,54,75.00%,18,25.00%,7.94
20260126,15,朱光宁,3708,石頭小說,22045,CF_336 x 280 banner_石頭小說_cpc1.67,antifroud,,,"69,599","34,171","34,171",100.00%,"21,139",61.86%,"13,032",38.14%,5.07
20260126,15,噗浪股份有限公司,58,Plurk_Mobile,22054,MA_(1)300 x 250 橫幅_Plurk,,知名媒體,,6,2,2,100.00%,1,50.00%,1,50.00%,2.50
20260126,15,朱光宁,3718,稷下書院2,22093,CF_336 x 280 banner_稷下書院2_cpc1.67,antifroud,,,"65,043","31,973","31,973",100.00%,"19,704",61.63%,"12,269",38.37%,5.14
20260126,15,闇碼科技股份有限公司,3048,縮短網址產生器-reurl,22213,MW_蓋版_縮短網址產生器-reurl-2025.05(特殊供量),,知名媒體,,178,46,46,100.00%,14,30.43%,32,69.57%,0.99
20260126,15,艾得基客行銷顧問股份有限公司,3724,上報,22217,MW_置底創意(非展開)_上報,,知名媒體,,383,189,189,100.00%,178,94.18%,11,5.82%,38.41
20260126,15,艾得基客行銷顧問股份有限公司,3724,上報,22218,MW_置底(展開)_上報,,知名媒體,,455,224,224,100.00%,199,88.84%,25,11.16%,37.06
20260126,15,艾得基客行銷顧問股份有限公司,2689,Basketball Top5,22219,MW_置底(展開)_Basketball TOP5,,,,56,28,28,100.00%,23,82.14%,5,17.86%,11.39
20260126,15,欣發現股份有限公司,3363,大人物-mobile,22222,MW_蓋板_大人物,,知名媒體,,50,20,20,100.00%,4,20.00%,16,80.00%,3.38
20260126,15,艾得基客行銷顧問股份有限公司,3738,痞客邦,22223,MW_中繼頁_置底創意(展開)-痞客邦_Mobile,,知名媒體,,"3,591","1,774","1,774",100.00%,"1,186",66.85%,588,33.15%,7.24
20260126,15,艾得基客行銷顧問股份有限公司,3738,痞客邦,22226,MW_文章頁-置底-痞客邦,,知名媒體,,"3,220","1,574","1,574",100.00%,103,6.54%,"1,471",93.46%,1.77
20260126,15,朱光宁,3741,石頭小說3,22396,MW_置底_石頭小說3,,,,218,109,109,100.00%,102,93.58%,7,6.42%,20.05
20260126,15,朱光宁,3741,石頭小說3,22398,CF_336 x 280 banner_石頭小說3_cpc1.67,,,,"14,202","7,057","7,057",100.00%,"4,878",69.12%,"2,179",30.88%,8.23
20260126,15,朱光宁,3741,石頭小說3,22399,CF_320 x 480 橫幅_石頭小說3,,,,78,38,38,100.00%,23,60.53%,15,39.47%,1.19
20260126,15,闇碼科技股份有限公司,3068,限時圖片-imgus,22406,MW_置底_imgus,antifroud,,,246,117,117,100.00%,68,58.12%,49,41.88%,2.07
20260126,15,第一網站股份有限公司,2783,漫畫櫃manhuagui,22443,MW_置底_manhuagui,antifroud,,,"17,620","8,631","8,631",100.00%,"7,232",83.79%,"1,399",16.21%,12.86
20260126,15,艾得基客行銷顧問股份有限公司,3490,太報,22495,MW_300x250 BANNER_太報_CPM5,,知名媒體,子聯播網,30,15,15,100.00%,9,60.00%,6,40.00%,12.54
20260126,15,艾得基客行銷顧問股份有限公司,2689,Basketball Top5,22498,MW_300x250 Banner_Basketball TOP5_CPM5,,,子聯播網,161,80,80,100.00%,29,36.25%,51,63.75%,2.92
20260126,15,艾得基客行銷顧問股份有限公司,2578,鉅亨網,22507,MW_300x250_鉅亨網_直播用BN-1,,知名媒體,子聯播網,"2,166","1,031","1,031",100.00%,255,24.73%,776,75.27%,5.69
20260126,15,艾得基客行銷顧問股份有限公司,3752,ＭoneyDJ,22514,MW_文中創意320x480_MoneyDJ,antifroud,知名媒體,,32,16,16,100.00%,9,56.25%,7,43.75%,18.98
20260126,15,艾得基客行銷顧問股份有限公司,3752,ＭoneyDJ,22515,MW_300x250 BANNER_MoneyDJ,antifroud,知名媒體,,12,6,6,100.00%,1,16.67%,5,83.33%,0.46
20260126,15,李承翰-webptt,718,Web批踢踢(RWD),2284,MW-蓋板_文中_Web批踢踢,antifroud,,,45,12,12,100.00%,8,66.67%,4,33.33%,3.00
20260126,15,肖偉彬,1287,紅櫻桃小說書庫,4678,CF-內文上方-300*250-紅櫻桃小說書庫,,,,32,16,16,100.00%,13,81.25%,3,18.75%,11.22
20260126,15,肖偉彬,1287,紅櫻桃小說書庫,4717,MW_文中創意300x250_紅櫻桃小說書庫,,,,6,2,2,100.00%,0,0.00%,2,100.00%,0.00
20260126,15,技達創意資訊有限公司,1299,泰好網,4734,MW-320*100-首頁、內文上方-泰好網,,,,30,10,10,100.00%,4,40.00%,6,60.00%,1.77
20260126,15,肖偉彬,1347,雲台書屋,4923,CF-上方通欄-300*250-雲台書屋,,,,6,3,3,100.00%,0,0.00%,3,100.00%,0.00
20260126,15,陈晋福,1367,電視超人,4997,CF-300X250-電視超人,,,,63,30,30,100.00%,10,33.33%,20,66.67%,8.00
20260126,15,麥智維,999,動漫戲說,6069,CF-300*250-首頁-動漫戲說,,,,62,25,25,100.00%,14,56.00%,11,44.00%,9.72
20260126,15,精鏡傳媒股份有限公司,1060,鏡週刊,8250,MW_置底創意(非展開)_鏡週刊,,知名媒體,,184,92,92,100.00%,85,92.39%,7,7.61%,39.41
20260126,15,布林遊國際有限公司,1692,Bring You,8393,CF-300X250-上方通欄右側_BringYou,,知名媒體,,24,10,10,100.00%,4,40.00%,6,60.00%,1.20
20260126,15,巧克科技新媒體股份有限公司,2127,LINE TV_Banner-exchange,8576,CF_336x280_戲劇-右側好康資訊下方_LINE TV-exchange,,知名媒體,,41,15,15,100.00%,0,0.00%,15,100.00%,0.00
20260126,15,巧克科技新媒體股份有限公司,2127,LINE TV_Banner-exchange,8577,CF_336x280_戲劇-右側好康資訊上方_LINE TV-exchange,,知名媒體,,62,25,25,100.00%,2,8.00%,23,92.00%,0.30
20260126,15,高政德,1015,小鎮資訊,9426,(子)CF_300x250_全網指定時段_小鎮資訊,,,子聯播網,6,1,0,0.00%,0,0.00%,0,0.00%,0.00
20260126,15,高政德,1015,小鎮資訊,9597,(子)CF_300x600_全網指定時段_小鎮資訊,,,子聯播網,6,1,0,0.00%,0,0.00%,0,0.00%,0.00
20260126,16,英屬維京群島商浩美數位有限公司台灣分公司,2315,Teepr亮新聞-exchange,10012,CF_336x280Banner_Teepr亮新聞-exchange,,知名媒體,,338,159,159,100.00%,4,2.52%,155,97.48%,0.15
20260126,16,第一網站股份有限公司,2300,keketravel,10594,(子)CF_336x280_keketravel,,,子聯播網,28,2,2,100.00%,0,0.00%,2,100.00%,0.00
20260126,16,昱得資訊工作室,2528,數位書香,11080,CF_728x90_首頁上方_數位書香,antifroud,,,32,16,16,100.00%,13,81.25%,3,18.75%,5.26
20260126,16,昱得資訊工作室,2528,數位書香,11081,CF_160x600_首頁右側_數位書香,antifroud,,,502,221,221,100.00%,94,42.53%,127,57.47%,2.99
20260126,16,第一網站股份有限公司,2518,麻辣家族討論區(twbts),11082,CF-728X90-twbts,antifroud,,,468,199,199,100.00%,127,63.82%,72,36.18%,4.46
20260126,16,第一網站股份有限公司,2492,ttshow,11273,MW-300X250-ttshow,,知名媒體,,18,9,9,100.00%,3,33.33%,6,66.67%,7.04
20260126,16,第一網站股份有限公司,2601,Meme梗圖倉庫,11443,CF-336X280-meme,,,,731,343,343,100.00%,45,13.12%,298,86.88%,0.84
20260126,16,艾得基客行銷顧問股份有限公司,2578,鉅亨網,12070,MW_320x480_文中創意_鉅亨網,,知名媒體,,"10,349","5,112","5,112",100.00%,"3,984",77.93%,"1,128",22.07%,13.96
20260126,16,葉志斌,2745,繁中寶可夢卡表生成器-奶爸工作室-exchange,12210,CF_728x90__文末__繁中寶可夢卡表生成器,,,,6,3,3,100.00%,2,66.67%,1,33.33%,13.26
20260126,16,冰楓科技有限公司,1710,冰楓論壇,12511,MW_300x250_Banner_冰楓論壇-exchange,,,,6,3,3,100.00%,3,100.00%,0,0.00%,3.41
20260126,16,時報資訊股份有限公司,2770,中時電子報_HB,12559,CF_300x250_右側互動看版_中時電子報_HB,,知名媒體,,622,298,298,100.00%,127,42.62%,171,57.38%,5.03
20260126,16,時報資訊股份有限公司,2770,中時電子報_HB,12560,CF_336x280_文中看板_中時電子報_HB,,知名媒體,,598,285,285,100.00%,209,73.33%,76,26.67%,22.27
20260126,16,時報資訊股份有限公司,2770,中時電子報_HB,12561,MW_300x250_內頁TOP Banner_中時電子報_HB,antifroud,知名媒體,,923,447,447,100.00%,68,15.21%,379,84.79%,1.02
20260126,16,第一網站股份有限公司,2768,czbooks,12570,CF_728x90_banner_czbooks,,,,"59,431","29,304","29,303",100.00%,"22,210",75.79%,"7,093",24.21%,4.48
20260126,16,鳳梨傳媒股份有限公司,2190,民視新聞網-Exchange,12579,CF_300x250_右側第一塊_民視新聞網-Exchange(RWD)(MCM),,知名媒體,,"5,561","2,735","2,735",100.00%,177,6.47%,"2,558",93.53%,1.47
20260126,16,鳳梨傳媒股份有限公司,2190,民視新聞網-Exchange,12580,CF_300x250_內文文中左側_民視新聞網-Exchange(RWD)(MCM),,知名媒體,,"5,823","2,852","2,852",100.00%,259,9.08%,"2,593",90.92%,1.03
20260126,16,第一網站股份有限公司,2783,漫畫櫃manhuagui,12676,CF_728X90_manhuagui,antifroud,,,"56,049","27,559","27,559",100.00%,"10,162",36.87%,"17,397",63.13%,4.16
20260126,16,艾得基客行銷顧問股份有限公司,2635,工商時報,12761,MW_320x480_文中創意_工商時報new,,知名媒體,,267,132,132,100.00%,99,75.00%,33,25.00%,15.44
20260126,16,金隼行銷股份有限公司,2786,91譜,12792,MW_置底創意_91譜,,知名媒體,,6,3,3,100.00%,2,66.67%,1,33.33%,7.34
20260126,16,第一網站股份有限公司,2801,damanwoo,12868,CF-300x250_Banner_damanwoo_大人物,,,,6,2,2,100.00%,2,100.00%,0,0.00%,47.66
20260126,16,永悅健康股份有限公司,2813,早安樂活,12926,MW_置底創意(展開)_早安樂活,,知名媒體,,188,94,94,100.00%,92,97.87%,2,2.13%,4.07
20260126,16,永悅健康股份有限公司,2813,早安樂活,12927,MW_置底創意(非展開)_早安樂活,,知名媒體,,216,107,107,100.00%,103,96.26%,4,3.74%,39.59
20260126,16,第一網站股份有限公司,2820,星座好朋友(horofriend88),12966,MW_320x100_horofriend88,antifroud,,,122,61,61,100.00%,58,95.08%,3,4.92%,30.12
20260126,16,時報資訊股份有限公司,2335,中時電子報_2019,12974,MW-置底創意(展開)-中時電子報_2019,antifroud,知名媒體,,14,7,7,100.00%,4,57.14%,3,42.86%,14.73
20260126,16,第一網站股份有限公司,2838,mycard,13041,MW_320x480_加倍mycard,,,,188,0,0,0.00%,0,0.00%,0,0.00%,0.00
20260126,16,曾憲敏,202,85小說網,13445,MW_336X280_全量1_85小說網,,,,359,179,179,100.00%,109,60.89%,70,39.11%,5.52
20260126,16,曾憲敏,202,85小說網,13446,MW_336X280_全量2_85小說網,,,,"2,915","1,453","1,453",100.00%,858,59.05%,595,40.95%,7.80
20260126,16,曾憲敏,601,85小說網_PC,13450,(子)CF_336x280_全量2_85小說網,,,子聯播網,252,125,125,100.00%,103,82.40%,22,17.60%,14.73
20260126,16,第一網站股份有限公司,2768,czbooks,13482,(子)CF_300x600_banner_czbooks(限時段),,,子聯播網,98,49,49,100.00%,36,73.47%,13,26.53%,130.49
20260126,16,第一網站股份有限公司,2768,czbooks,13483,(子)CF_970x250_banner_czbooks(限時段),,,子聯播網,162,81,81,100.00%,31,38.27%,50,61.73%,6.70
20260126,16,第一網站股份有限公司,2910,clickme,13548,(子)CF_300x250_banner_clickme(一般),,,子聯播網,823,366,366,100.00%,126,34.43%,240,65.57%,3.34
20260126,16,第一網站股份有限公司,2910,clickme,13549,CF_300x250_banner_clickme(一般),,,,"1,197",612,612,100.00%,70,11.44%,542,88.56%,0.49
20260126,16,第一網站股份有限公司,2916,KiKiNote,13576,(子)CF_300x250_banner_kikinote,,知名媒體,子聯播網,"2,195","1,001","1,001",100.00%,144,14.39%,857,85.61%,1.23
20260126,16,闇碼科技股份有限公司,2992,縮短網址產生器-reurl-exchange,13848,CF_300x250_轉址失敗_最右邊_reurl,,知名媒體,,6,3,3,100.00%,1,33.33%,2,66.67%,0.93
20260126,16,闇碼科技股份有限公司,2992,縮短網址產生器-reurl-exchange,13856,CF_300x250_轉址失敗頁第二塊_reurl,,知名媒體,,12,4,4,100.00%,1,25.00%,3,75.00%,0.70
20260126,16,第一網站股份有限公司,2768,czbooks,13903,(子)CF_300x250_banner_czbooks(直播),antifroud,,子聯播網,"305,897","159,631","159,631",100.00%,"38,335",24.01%,"121,296",75.99%,1.09
20260126,16,艾得基客行銷顧問股份有限公司,3738,痞客邦,13928,CF_300x600_全網版位_痞客邦,,知名媒體,,58,27,27,100.00%,7,25.93%,20,74.07%,4.43
20260126,16,第一網站股份有限公司,2768,czbooks,14036,MW_320x480_CZBOOKS,antifroud,,,"1,490",718,718,100.00%,370,51.53%,348,48.47%,6.14
20260126,16,第一網站股份有限公司,2601,Meme梗圖倉庫,14037,MW_320x480_meme,,,,6,3,3,100.00%,1,33.33%,2,66.67%,0.79
20260126,16,陳人鳳,480,飛格寵物家族_PC,1407,CF-728X90_上方通欄_飛格寵物家族,,,,48,14,14,100.00%,7,50.00%,7,50.00%,2.88
20260126,16,陳人鳳,480,飛格寵物家族_PC,1408,CF-300X250_內文_飛格寵物家族,,,,76,7,7,100.00%,4,57.14%,3,42.86%,4.76
20260126,16,飛凡傳播股份有限公司,1921,非凡新聞台-exchange,14188,MW_300x250_內文上方_非凡新聞-exchange,antifroud,知名媒體,,6,3,3,100.00%,1,33.33%,2,66.67%,0.33
20260126,16,闇碼科技股份有限公司,3048,縮短網址產生器-reurl,14210,MW_文中創意300x250_縮短網址產生器-reurl,,知名媒體,,207,70,70,100.00%,40,57.14%,30,42.86%,2.89
20260126,16,巨思文化股份有限公司,3052,經理人_HB,14238,MW_文章結束第一塊_300x250_經理人-HB,,知名媒體,,6,3,3,100.00%,0,0.00%,3,100.00%,0.00
20260126,16,巨思文化股份有限公司,3052,經理人_HB,14241,MW_300x250_內文下方_經理人-HB,,知名媒體,,6,3,3,100.00%,0,0.00%,3,100.00%,0.00
20260126,16,巨思文化股份有限公司,3053,數位時代_HB,14242,CF_300x250_內文下方左側_數位時代-HB,,知名媒體,,29,13,13,100.00%,0,0.00%,13,100.00%,0.00
20260126,16,巨思文化股份有限公司,3053,數位時代_HB,14243,CF_300x250_內文下方右側_數位時代-HB,,知名媒體,,35,17,17,100.00%,0,0.00%,17,100.00%,0.00
20260126,16,巨思文化股份有限公司,3053,數位時代_HB,14246,MW_300x250_文章結束第一塊_數位時代-HB,,知名媒體,,12,6,6,100.00%,0,0.00%,6,100.00%,0.00
20260126,16,富盈數據股份有限公司,3059,塔科女子,14258,CF_336x280_全網_塔科女子,,知名媒體,,202,98,98,100.00%,50,51.02%,48,48.98%,4.54
20260126,16,CBROOT LTD,3003,包子漫畫-exchange,14291,MW_300x250_蓋板(PB)_包子漫畫,,,,618,302,302,100.00%,126,41.72%,176,58.28%,6.44
20260126,16,朱光宁,3152,石頭小說-exchange,14472,MW_336x280_Banner_石頭小說,,,,"7,143","3,536","3,536",100.00%,"2,422",68.50%,"1,114",31.50%,7.24
20260126,16,朱光宁,3149,稷下書院-exchange,14748,MW_320x100_置底(PB)_稷下書院,,,,"23,266","11,498","11,498",100.00%,319,2.77%,"11,179",97.23%,0.09
20260126,16,巨思文化股份有限公司,3053,數位時代_HB,14764,MW_置底創意_(非展開)_數位時代_HB,,知名媒體,,108,54,54,100.00%,47,87.04%,7,12.96%,26.78
20260126,16,中天電視股份有限公司,3282,中天新聞網-exchange,14980,CF_970x250_內頁_PC置頂橫幅-中天新聞網-exchange,,知名媒體,,52,22,22,100.00%,5,22.73%,17,77.27%,1.71
20260126,16,曾憲敏,3327,85小說網_創意,15227,MW-300X250_85小說網_隨身影音PB,,,,24,12,12,100.00%,8,66.67%,4,33.33%,17.49
20260126,16,曾憲敏,3327,85小說網_創意,15228,MW-創意-85小說網,,,,"1,248",623,623,100.00%,561,90.05%,62,9.95%,24.49
20260126,16,中天電視股份有限公司,3282,中天新聞網-exchange,15859,CF_336x280_內頁_PC右側互動看板B-中天新聞網-exchange,,知名媒體,,870,384,384,100.00%,177,46.09%,207,53.91%,3.81
20260126,16,CBROOT LTD,3352,西瓜卡通-exchange,15969,CF_728x90_影音內容_西瓜卡通-exchange,,,,32,16,16,100.00%,0,0.00%,16,100.00%,0.00
20260126,16,CBROOT LTD,3352,西瓜卡通-exchange,15970,CF_160x600_影音內容_西瓜卡通-exchange,,,,128,49,49,100.00%,12,24.49%,37,75.51%,6.80
20260126,16,時報資訊股份有限公司,2817,旺得富,16910,CF_300x250_Billboard_1s_旺得富,,知名媒體,,6,3,3,100.00%,2,66.67%,1,33.33%,20.85
20260126,16,時報資訊股份有限公司,2817,旺得富,16911,CF_300x250_Billboard_2nd_旺得富,,知名媒體,,24,12,12,100.00%,3,25.00%,9,75.00%,1.20
20260126,16,葉志斌,2745,繁中寶可夢卡表生成器-奶爸工作室-exchange,16950,CF_160x600_Banner_繁中寶可夢卡表生成器-奶爸工作室-exchange,,,,12,6,6,100.00%,3,50.00%,3,50.00%,4.64
20260126,16,葉志斌,2745,繁中寶可夢卡表生成器-奶爸工作室-exchange,16951,CF_300x600_Banner_繁中寶可夢卡表生成器-奶爸工作室-exchange,,,,6,3,3,100.00%,2,66.67%,1,33.33%,8.30
20260126,16,朱光宁,3360,提莫書屋-exchange,16957,MW_336x280banner_提莫書屋_exchange,,,,"14,904","7,380","7,380",100.00%,"5,554",75.26%,"1,826",24.74%,6.41
20260126,16,朱光宁,3361,提莫書屋-mobile,16958,MW_置底創意_提莫書屋-mobile,,,,62,31,31,100.00%,25,80.65%,6,19.35%,17.02
20260126,16,朱光宁,3361,提莫書屋-mobile,16959,MW_320x480_文中創意_提莫書屋-mobile,,,,56,28,28,100.00%,19,67.86%,9,32.14%,2.97
20260126,16,欣發現股份有限公司,3364,女子學-mobile,16972,MW_置底創意_女子學,antifroud,,,32,16,16,100.00%,0,0.00%,16,100.00%,0.00
20260126,16,欣發現股份有限公司,3363,大人物-mobile,16973,MW_置底創意_大人物,,知名媒體,,6,3,3,100.00%,3,100.00%,0,0.00%,34.74
20260126,16,第一網站股份有限公司,2783,漫畫櫃manhuagui,17027,MW_320x480_蓋版_漫畫櫃manhuagui,,,,"6,627","3,186","3,186",100.00%,"2,012",63.15%,"1,174",36.85%,2.83
20260126,16,艾得基客行銷顧問股份有限公司,3373,良醫健康網,17092,MW_置底創意_良醫健康網,,知名媒體,,30,15,15,100.00%,15,100.00%,0,0.00%,31.63
20260126,16,朱光宁,3268,稷下書院-mobile,17207,MW_320x480_蓋版_稷下書院-mobile,,,,"35,486","14,039","14,038",99.99%,"6,491",46.24%,"7,547",53.76%,3.78
20260126,16,中華電視股份有限公司,3389,華視-mobile,17230,MW_置底創意(非展開)_華視-mobile,,知名媒體,,6,3,3,100.00%,3,100.00%,0,0.00%,20.33
20260126,16,李立娟,3395,vivi0視頻-exchange,17293,CF_336x280_Banner_vivi01視頻-exchange,antifroud,,,"32,574","15,939","15,934",99.97%,"2,404",15.09%,"13,530",84.91%,0.41
20260126,16,李立娟,3395,vivi0視頻-exchange,17294,MW_336x280_Banner_vivi01視頻-exchange,antifroud,,,"58,485","28,644","28,640",99.99%,"11,284",39.40%,"17,356",60.60%,1.66
20260126,16,李立娟,3395,vivi0視頻-exchange,17299,MW_300x250_蓋板(PB)-vivi01視頻-exchange,,,,6,3,3,100.00%,1,33.33%,2,66.67%,1.91
20260126,16,李立娟,3395,vivi0視頻-exchange,17300,MW_320x100_置底(PB)_vivi01視頻-exchange,antifroud,,,"44,201","21,681","21,681",100.00%,"14,634",67.50%,"7,047",32.50%,16.18
20260126,16,李立娟,3397,趣聞圖說-exchange,17309,MW_336x280_文中Banner_趣聞圖說-exchange,,,,"2,935",542,542,100.00%,78,14.39%,464,85.61%,0.78
20260126,16,曾憲敏,601,85小說網_PC,1773,CF-300x250_85小說網_內文1,,,,436,214,214,100.00%,202,94.39%,12,5.61%,29.44
20260126,16,李立娟,3396,趣聞圖說-Mobile,17923,MW_置底創意(展開)_趣聞圖說-Mobile,,,,18,9,9,100.00%,9,100.00%,0,0.00%,5.56
20260126,16,第一網站股份有限公司,2768,czbooks,17927,MW_置底創意_czbook,,,,"17,827","8,809","8,808",99.99%,"8,083",91.77%,725,8.23%,16.66
20260126,16,時報資訊股份有限公司_工商時報,3427,工商時報-exchange,18003,CF_300x250_互動看板2_工商時報-exchange,,知名媒體,,8,3,3,100.00%,1,33.33%,2,66.67%,1.67
20260126,16,時報資訊股份有限公司_工商時報,3427,工商時報-exchange,18007,CF_336x280_文末右側看板_工商時報-exchange,,知名媒體,,26,12,12,100.00%,1,8.33%,11,91.67%,0.26
20260126,16,時報資訊股份有限公司_工商時報,3427,工商時報-exchange,18014,MW_300x250_文末Banner1_工商時報-exchange,,知名媒體,,106,53,53,100.00%,8,15.09%,45,84.91%,0.35
20260126,16,時報資訊股份有限公司_工商時報,3427,工商時報-exchange,18015,MW_300x250_文末Banner2_工商時報-exchange,,知名媒體,,192,95,95,100.00%,1,1.05%,94,98.95%,0.01
20260126,16,第一網站股份有限公司,3440,fsa_passback_first,18201,CF_336x280_fsa_passback_first,,,,"1,848",827,827,100.00%,116,14.03%,711,85.97%,0.48
20260126,16,第一網站股份有限公司,3440,fsa_passback_first,18202,CF_300x250_fsa_passback_first,,,,"3,005","1,420","1,420",100.00%,861,60.63%,559,39.37%,42.34
20260126,16,第一網站股份有限公司,3440,fsa_passback_first,18266,(子)CF_970x250_cfbanner_blog,,,子聯播網,"1,540",657,657,100.00%,89,13.55%,568,86.45%,0.86
20260126,16,莊博凱,3455,夢遊電玩,18269,300x250 Banner,,,,6,2,2,100.00%,2,100.00%,0,0.00%,1.62
20260126,16,朱光宁,3268,稷下書院-mobile,18297,MW_置底創意(展開)_稷下書院-mobile,,,,112,56,56,100.00%,53,94.64%,3,5.36%,4.65
20260126,16,冰楓科技有限公司,3485,冰楓論壇-exchange,18487,CF_970x90_內文上方第一塊_冰楓論壇-exchange,,,,"1,071",489,489,100.00%,112,22.90%,377,77.10%,4.13
20260126,16,冰楓科技有限公司,3485,冰楓論壇-exchange,18488,MW_320x100_內文上方第一塊_ 冰楓論壇-exchange,antifroud,,,18,6,6,100.00%,6,100.00%,0,0.00%,18.66
20260126,16,冰楓科技有限公司,3485,冰楓論壇-exchange,18491,CF_300x250_Banner_ 冰楓論壇-exchange,,,,6,3,3,100.00%,3,100.00%,0,0.00%,5.30
20260126,16,冰楓科技有限公司,3485,冰楓論壇-exchange,18492,MW_300x250_Banner_ 冰楓論壇-exchange,,,,494,209,209,100.00%,108,51.67%,101,48.33%,6.45
20260126,16,闇碼科技股份有限公司,3048,縮短網址產生器-reurl,18535,MW_蓋版_縮短網址產生器-reurl,,知名媒體,,30,15,15,100.00%,9,60.00%,6,40.00%,3.84
20260126,16,CBROOT LTD,3492,包子漫畫(特開流量)-exchange,18544,(子)CF_300x600_指定流量_包子漫畫(特開流量)-exchange,,,子聯播網,20,8,8,100.00%,4,50.00%,4,50.00%,35.80
20260126,16,CBROOT LTD,3510,包子漫畫_twmanga-exchange,18737,CF_970x90_Banner_ 包子漫畫_twmanga-exchange,,,,124,62,62,100.00%,9,14.52%,53,85.48%,2.01
20260126,16,闇碼科技股份有限公司,2992,縮短網址產生器-reurl-exchange,18876,CF_首頁連結bar下方_縮短網址產生器-reurl-exchange,,知名媒體,,6,3,3,100.00%,3,100.00%,0,0.00%,10.67
20260126,16,舒禾驊,3535,荷花動漫筆記,18887,CF_336x280_文章頁文中_荷花動漫筆記,,,,6,3,3,100.00%,2,66.67%,1,33.33%,6.67
20260126,16,台灣英文新聞股份有限公司,3537,台灣英文新聞(new)-exchange,18911,MW_300x250_首頁_ENDBANNER_5_台灣英文新聞(new)-exchange,,知名媒體,,6,3,3,100.00%,0,0.00%,3,100.00%,0.00
20260126,16,台灣英文新聞股份有限公司,3537,台灣英文新聞(new)-exchange,18912,MW_300x250_首頁_文中橫幅_2_台灣英文新聞(new)-exchange,,知名媒體,,6,3,3,100.00%,0,0.00%,3,100.00%,0.00
20260126,16,台灣英文新聞股份有限公司,3537,台灣英文新聞(new)-exchange,18914,MW_320x100_內文頁_置頂橫幅_台灣英文新聞(new)-exchange,,知名媒體,,9,1,1,100.00%,0,0.00%,1,100.00%,0.00
20260126,16,台灣英文新聞股份有限公司,3537,台灣英文新聞(new)-exchange,18924,CF_300x250_內容頁_右側看版_1_台灣英文新聞(new)-exchange,,知名媒體,,164,73,73,100.00%,8,10.96%,65,89.04%,4.07
20260126,16,艾得基客行銷顧問股份有限公司,3552,玩具人,19044,MW_320x480_文中創意_玩具人,,知名媒體,,36,18,18,100.00%,13,72.22%,5,27.78%,19.28
20260126,16,第一網站股份有限公司,2783,漫畫櫃manhuagui,20685,MW_300X250_manhuagui,antifroud,,,"6,632","3,255","3,255",100.00%,"1,475",45.31%,"1,780",54.69%,10.10
20260126,16,德榕企業有限公司,3577,TW Bodhi,20705,(子)CF_336x280_文章頁(RWD)_TW Bodhi,antifroud,,子聯播網,8,3,3,100.00%,0,0.00%,3,100.00%,0.00
20260126,16,德榕企業有限公司,3578,TW Bodhi_mobile,20708,MW_蓋板_TW Bodhi,,,,316,158,157,99.37%,0,0.00%,157,100.00%,0.00
20260126,16,德榕企業有限公司,3581,忘憂書屋,20727,CF_336x280文章頁(RWD)_忘憂書屋,,,,75,37,37,100.00%,1,2.70%,36,97.30%,0.14
20260126,16,德榕企業有限公司,3582,忘憂書屋_mobile,20729,MW_蓋板_忘憂書屋,,,,6,3,3,100.00%,0,0.00%,3,100.00%,0.00
20260126,16,第一網站股份有限公司,2910,clickme,20735,(子)CF_300x250_banner_clickme(成人),,,子聯播網,"11,679","5,333","5,333",100.00%,"1,508",28.28%,"3,825",71.72%,1.60
20260126,16,第一網站股份有限公司,3440,fsa_passback_first,21699,CF_336x280_fsa_passback_first,,,,"4,013","1,769","1,769",100.00%,378,21.37%,"1,391",78.63%,1.08
20260126,16,第一網站股份有限公司,3440,fsa_passback_first,21702,(子)CF_970x250_cfbanner_blog,,,,6,3,3,100.00%,0,0.00%,3,100.00%,0.47
20260126,16,朱光宁,3269,石頭小說-mobile,21741,MW_320x480_蓋版_石頭小說-mobile,antifroud,,,6,3,3,100.00%,0,0.00%,3,100.00%,0.31
20260126,16,富盈數據股份有限公司,3653,TVBS-女人我最大_HB,21760,MW_文章三_336x280_TVBS-女人我最大_HB,,知名媒體,,36,18,18,100.00%,10,55.56%,8,44.44%,10.67
20260126,16,富盈數據股份有限公司,3653,TVBS-女人我最大_HB,21761,MW_文章四_336x280_TVBS-女人我最大_HB,,知名媒體,,272,136,136,100.00%,81,59.56%,55,40.44%,2.83
20260126,16,富盈數據股份有限公司,3653,TVBS-女人我最大_HB,21763,MW_文中創意320x480_TVBS-女人我最大_HB,,知名媒體,,171,84,84,100.00%,64,76.19%,20,23.81%,20.41
20260126,16,富盈數據股份有限公司,3654,TVBS-健康2.0_HB,21768,MW_文中創意320x480_TVBS-健康2.0_HB,,知名媒體,,"3,655","1,715","1,715",100.00%,"1,200",69.97%,515,30.03%,23.58
20260126,16,富盈數據股份有限公司,3655,TVBS-食尚玩家_HB,21770,MW_文章三_336x280_TVBS-食尚玩家_HB,,知名媒體,,379,181,181,100.00%,102,56.35%,79,43.65%,4.74
20260126,16,富盈數據股份有限公司,3655,TVBS-食尚玩家_HB,21771,MW_文章四_336x280_TVBS-食尚玩家_HB,,知名媒體,,6,3,3,100.00%,2,66.67%,1,33.33%,2.46
20260126,16,富盈數據股份有限公司,3655,TVBS-食尚玩家_HB,21772,MW_文章置底_320x100_TVBS-食尚玩家_HB,,知名媒體,,6,3,3,100.00%,2,66.67%,1,33.33%,18.31
20260126,16,富盈數據股份有限公司,3655,TVBS-食尚玩家_HB,21773,MW_文中創意320x480_TVBS-食尚玩家_HB,,知名媒體,,226,110,110,100.00%,81,73.64%,29,26.36%,18.33
20260126,16,先驅媒體社會企業股份有限公司,3554,新頭殼(R18),21832,(子)CF_300x250Banner_newtalk.tw_all_300250_3_新頭殼(R18),antifroud,知名媒體,子聯播網,6,2,2,100.00%,1,50.00%,1,50.00%,15.00
20260126,16,先驅媒體社會企業股份有限公司,3554,新頭殼(R18),21833,(子)CF_300x250Banner_newtalk.tw_all_300250_4_新頭殼(R18),,知名媒體,子聯播網,6,3,3,100.00%,0,0.00%,3,100.00%,0.00
20260126,16,先驅媒體社會企業股份有限公司,3554,新頭殼(R18),21839,ＭＷ_336x280Banner_newtalk.tw_mobile_all_336280_2_新頭殼(R18),antifroud,知名媒體,,25,12,12,100.00%,9,75.00%,3,25.00%,3.50
20260126,16,儂儂雜誌社股份有限公司(bella儂儂),2135,Bella儂儂_2024,21876,MW-300x250_文章標題上方1_Bella儂儂,,知名媒體,,421,210,210,100.00%,114,54.29%,96,45.71%,3.64
20260126,16,富盈數據股份有限公司,3680,TVBS-新聞網_HB,21898,CF_文章右側300x600_TVBS-新聞網_HB,,知名媒體,,24,11,11,100.00%,3,27.27%,8,72.73%,3.33
20260126,16,富盈數據股份有限公司,3680,TVBS-新聞網_HB,21899,MW_文章一_336x280_TVBS-新聞網_HB,,知名媒體,,"2,100","1,036","1,036",100.00%,733,70.75%,303,29.25%,5.79
20260126,16,富盈數據股份有限公司,3680,TVBS-新聞網_HB,21900,MW_文章三_336x280_TVBS-新聞網_HB,,知名媒體,,133,66,66,100.00%,41,62.12%,25,37.88%,4.63
20260126,16,富盈數據股份有限公司,3680,TVBS-新聞網_HB,21902,MW_文章置底_320x100_TVBS-新聞網_HB,,知名媒體,,"1,474",728,728,100.00%,153,21.02%,575,78.98%,8.44
20260126,16,富盈數據股份有限公司,3684,稅美人_mobile,21923,MW_置底創意(非展開)_稅美人-mobile,,,,702,348,348,100.00%,323,92.82%,25,7.18%,21.14
20260126,16,富盈數據股份有限公司,3685,玩桌遊_mobile,21924,MW_置底創意(非展開)_玩桌遊-mobile,,,,318,157,157,100.00%,138,87.90%,19,12.10%,12.90
20260126,16,富盈數據股份有限公司,2615,熱血台中,21986,CF_336x280_全網_熱血台中,,,,56,28,28,100.00%,20,71.43%,8,28.57%,1.63
20260126,16,富盈數據股份有限公司,2615,熱血台中,21987,CF_336x280_全網_熱血台中,,,,109,54,54,100.00%,36,66.67%,18,33.33%,2.63
20260126,16,富盈數據股份有限公司,3703,繁體小說,22022,MW_置底創意(非展開)_繁體小說-mobile,,,,62,31,31,100.00%,28,90.32%,3,9.68%,30.10
20260126,16,富盈數據股份有限公司,3704,天天要聞,22030,CF_300 x 250 banner_天天要聞_cpc2,,,,717,352,352,100.00%,275,78.12%,77,21.88%,10.30
20260126,16,富盈數據股份有限公司,3703,繁體小說,22031,CF_300 x 250 banner_繁體小說_cpc2,,,,66,33,33,100.00%,23,69.70%,10,30.30%,5.47
20260126,16,朱光宁,3708,石頭小說,22045,CF_336 x 280 banner_石頭小說_cpc1.67,antifroud,,,"66,945","32,973","32,973",100.00%,"20,499",62.17%,"12,474",37.83%,4.88
20260126,16,朱光宁,3718,稷下書院2,22093,CF_336 x 280 banner_稷下書院2_cpc1.67,antifroud,,,"61,753","30,341","30,341",100.00%,"19,095",62.93%,"11,246",37.07%,5.07
20260126,16,艾得基客行銷顧問股份有限公司,3719,遠見雜誌,22100,MW_320x480_文中創意_遠見_健康遠見,,知名媒體,,12,6,6,100.00%,4,66.67%,2,33.33%,30.34
20260126,16,富盈數據股份有限公司,3680,TVBS-新聞網_HB,22132,CF_文中300x250_TVBS-新聞網_HB_2,,知名媒體,,42,20,20,100.00%,13,65.00%,7,35.00%,7.97
20260126,16,富盈數據股份有限公司,3680,TVBS-新聞網_HB,22133,CF_文中300x250_TVBS-新聞網_HB_3,,知名媒體,,144,65,65,100.00%,50,76.92%,15,23.08%,12.35
20260126,16,闇碼科技股份有限公司,3048,縮短網址產生器-reurl,22213,MW_蓋版_縮短網址產生器-reurl-2025.05(特殊供量),,知名媒體,,401,74,74,100.00%,23,31.08%,51,68.92%,0.94
20260126,16,艾得基客行銷顧問股份有限公司,3724,上報,22217,MW_置底創意(非展開)_上報,,知名媒體,,379,185,185,100.00%,175,94.59%,10,5.41%,43.41
20260126,16,艾得基客行銷顧問股份有限公司,3724,上報,22218,MW_置底(展開)_上報,,知名媒體,,818,407,407,100.00%,362,88.94%,45,11.06%,39.82
20260126,16,艾得基客行銷顧問股份有限公司,2689,Basketball Top5,22219,MW_置底(展開)_Basketball TOP5,,,,136,68,68,100.00%,63,92.65%,5,7.35%,6.89
20260126,16,欣發現股份有限公司,3363,大人物-mobile,22222,MW_蓋板_大人物,,知名媒體,,31,13,13,100.00%,3,23.08%,10,76.92%,4.71
20260126,16,艾得基客行銷顧問股份有限公司,3738,痞客邦,22226,MW_文章頁-置底-痞客邦,,知名媒體,,"1,189",588,588,100.00%,35,5.95%,553,94.05%,2.30
20260126,16,朱光宁,3741,石頭小說3,22396,MW_置底_石頭小說3,,,,670,334,334,100.00%,293,87.72%,41,12.28%,18.12
20260126,16,朱光宁,3741,石頭小說3,22398,CF_336 x 280 banner_石頭小說3_cpc1.67,,,,"10,674","5,199","5,199",100.00%,"3,742",71.98%,"1,457",28.02%,9.21
20260126,16,朱光宁,3741,石頭小說3,22399,CF_320 x 480 橫幅_石頭小說3,,,,382,191,191,100.00%,134,70.16%,57,29.84%,3.10
20260126,16,艾得基客行銷顧問股份有限公司,3724,上報,22405,MW_蓋版_上報,,知名媒體,,33,16,16,100.00%,9,56.25%,7,43.75%,7.77
20260126,16,闇碼科技股份有限公司,3068,限時圖片-imgus,22406,MW_置底_imgus,antifroud,,,461,225,225,100.00%,161,71.56%,64,28.44%,3.04
20260126,16,第一網站股份有限公司,2783,漫畫櫃manhuagui,22443,MW_置底_manhuagui,antifroud,,,"70,408","34,369","34,368",100.00%,"28,112",81.80%,"6,256",18.20%,11.98
20260126,16,艾得基客行銷顧問股份有限公司,3490,太報,22495,MW_300x250 BANNER_太報_CPM5,,知名媒體,子聯播網,36,18,18,100.00%,13,72.22%,5,27.78%,3.99
20260126,16,艾得基客行銷顧問股份有限公司,2689,Basketball Top5,22498,MW_300x250 Banner_Basketball TOP5_CPM5,,,子聯播網,504,252,252,100.00%,101,40.08%,151,59.92%,4.67
20260126,16,艾得基客行銷顧問股份有限公司,2578,鉅亨網,22507,MW_300x250_鉅亨網_直播用BN-1,,知名媒體,子聯播網,"2,139","1,002","1,002",100.00%,243,24.25%,759,75.75%,4.50
20260126,16,艾得基客行銷顧問股份有限公司,3752,ＭoneyDJ,22514,MW_文中創意320x480_MoneyDJ,antifroud,知名媒體,,42,21,21,100.00%,15,71.43%,6,28.57%,17.08
20260126,16,艾得基客行銷顧問股份有限公司,3752,ＭoneyDJ,22515,MW_300x250 BANNER_MoneyDJ,antifroud,知名媒體,,12,6,6,100.00%,4,66.67%,2,33.33%,6.17
20260126,16,李承翰-webptt,718,Web批踢踢(RWD),2284,MW-蓋板_文中_Web批踢踢,antifroud,,,37,14,14,100.00%,10,71.43%,4,28.57%,5.23
20260126,16,麥智維,999,動漫戲說,3543,CF-728*90-內文上方-動漫戲說,antifroud,,,51,24,24,100.00%,20,83.33%,4,16.67%,21.91
20260126,16,蔡建磊,1269,跑跑資訊站,4622,CF-300X250-內文右側-跑跑資訊站,,,,6,2,2,100.00%,2,100.00%,0,0.00%,1.00
20260126,16,肖偉彬,1287,紅櫻桃小說書庫,4678,CF-內文上方-300*250-紅櫻桃小說書庫,,,,12,5,5,100.00%,4,80.00%,1,20.00%,21.74
20260126,16,技達創意資訊有限公司,1299,泰好網,4733,CF-300*250-內文下方-泰好網,,,,24,8,8,100.00%,0,0.00%,8,100.00%,0.43
20260126,16,技達創意資訊有限公司,1299,泰好網,4734,MW-320*100-首頁、內文上方-泰好網,,,,12,4,4,100.00%,0,0.00%,4,100.00%,0.09
20260126,16,肖偉彬,1347,雲台書屋,4923,CF-上方通欄-300*250-雲台書屋,,,,12,6,6,100.00%,3,50.00%,3,50.00%,7.70
20260126,16,陈晋福,1367,電視超人,4997,CF-300X250-電視超人,,,,12,6,6,100.00%,3,50.00%,3,50.00%,4.17
20260126,16,麥智維,999,動漫戲說,6069,CF-300*250-首頁-動漫戲說,,,,152,62,62,100.00%,28,45.16%,34,54.84%,2.56
20260126,16,莊博凱,1676,夢遊電玩-exchange,6310,CF-160*600-網頁右側-夢遊電玩-exchange,,,,12,4,4,100.00%,3,75.00%,1,25.00%,29.20
20260126,16,精鏡傳媒股份有限公司,1060,鏡週刊,8250,MW_置底創意(非展開)_鏡週刊,,知名媒體,,161,80,80,100.00%,78,97.50%,2,2.50%,47.97
20260126,16,臺灣電視事業股份有限公司,52,台視,8313,PC-300x250_內文第一塊_台視財經,,知名媒體,,18,9,9,100.00%,4,44.44%,5,55.56%,11.44
20260126,16,布林遊國際有限公司,1692,Bring You,8393,CF-300X250-上方通欄右側_BringYou,,知名媒體,,18,9,9,100.00%,3,33.33%,6,66.67%,4.04
20260126,16,巧克科技新媒體股份有限公司,2127,LINE TV_Banner-exchange,8576,CF_336x280_戲劇-右側好康資訊下方_LINE TV-exchange,,知名媒體,,18,8,8,100.00%,0,0.00%,8,100.00%,0.00
20260126,16,巧克科技新媒體股份有限公司,2127,LINE TV_Banner-exchange,8577,CF_336x280_戲劇-右側好康資訊上方_LINE TV-exchange,,知名媒體,,6,3,3,100.00%,0,0.00%,3,100.00%,0.00
20260126,16,鳳梨傳媒股份有限公司,2190,民視新聞網-Exchange,8862,CF_970X90_分類新聞內頁上方_民視新聞(MCM),,知名媒體,,12,6,6,100.00%,2,33.33%,4,66.67%,1.71
20260126,16,見聞科技有限公司,2251,就是節目表,9233,MW-300x250-節目表文中-就是節目表,,,,12,6,6,100.00%,1,16.67%,5,83.33%,0.17
20260126,17,愛七桃有限公司,2152,寶可夢資訊站,10008,MW-320X100-進入道館功能框下方-寶可夢資訊站,,,,6,3,3,100.00%,3,100.00%,0,0.00%,1.64
20260126,17,英屬維京群島商浩美數位有限公司台灣分公司,2315,Teepr亮新聞-exchange,10012,CF_336x280Banner_Teepr亮新聞-exchange,,知名媒體,,341,160,160,100.00%,9,5.62%,151,94.38%,0.22
20260126,17,第一網站股份有限公司,2300,keketravel,10594,(子)CF_336x280_keketravel,,,子聯播網,6,2,2,100.00%,0,0.00%,2,100.00%,0.00
20260126,17,昱得資訊工作室,2528,數位書香,11080,CF_728x90_首頁上方_數位書香,antifroud,,,18,9,9,100.00%,8,88.89%,1,11.11%,5.17
20260126,17,昱得資訊工作室,2528,數位書香,11081,CF_160x600_首頁右側_數位書香,antifroud,,,402,182,182,100.00%,76,41.76%,106,58.24%,2.92
20260126,17,第一網站股份有限公司,2518,麻辣家族討論區(twbts),11082,CF-728X90-twbts,antifroud,,,284,114,114,100.00%,75,65.79%,39,34.21%,4.82
20260126,17,第一網站股份有限公司,2492,ttshow,11273,MW-300X250-ttshow,,知名媒體,,26,13,13,100.00%,4,30.77%,9,69.23%,0.31
20260126,17,第一網站股份有限公司,2601,Meme梗圖倉庫,11443,CF-336X280-meme,,,,724,331,331,100.00%,20,6.04%,311,93.96%,0.62
20260126,17,艾得基客行銷顧問股份有限公司,2578,鉅亨網,12070,MW_320x480_文中創意_鉅亨網,,知名媒體,,"10,211","5,041","5,041",100.00%,"3,933",78.02%,"1,108",21.98%,15.46
20260126,17,葉志斌,2745,繁中寶可夢卡表生成器-奶爸工作室-exchange,12209,CF_336x280_文中_繁中寶可夢卡表生成器,,,,6,3,3,100.00%,0,0.00%,3,100.00%,0.00
20260126,17,葉志斌,2745,繁中寶可夢卡表生成器-奶爸工作室-exchange,12210,CF_728x90__文末__繁中寶可夢卡表生成器,,,,94,47,47,100.00%,17,36.17%,30,63.83%,9.12
20260126,17,時報資訊股份有限公司,2770,中時電子報_HB,12559,CF_300x250_右側互動看版_中時電子報_HB,,知名媒體,,545,252,252,100.00%,97,38.49%,155,61.51%,7.05
20260126,17,時報資訊股份有限公司,2770,中時電子報_HB,12560,CF_336x280_文中看板_中時電子報_HB,,知名媒體,,555,255,255,100.00%,193,75.69%,62,24.31%,20.70
20260126,17,時報資訊股份有限公司,2770,中時電子報_HB,12561,MW_300x250_內頁TOP Banner_中時電子報_HB,antifroud,知名媒體,,863,425,425,100.00%,73,17.18%,352,82.82%,1.65
20260126,17,第一網站股份有限公司,2768,czbooks,12570,CF_728x90_banner_czbooks,,,,"2,822","1,401","1,401",100.00%,"1,096",78.23%,305,21.77%,4.90
20260126,17,鳳梨傳媒股份有限公司,2190,民視新聞網-Exchange,12579,CF_300x250_右側第一塊_民視新聞網-Exchange(RWD)(MCM),,知名媒體,,"4,768","2,340","2,340",100.00%,137,5.85%,"2,203",94.15%,1.16
20260126,17,鳳梨傳媒股份有限公司,2190,民視新聞網-Exchange,12580,CF_300x250_內文文中左側_民視新聞網-Exchange(RWD)(MCM),,知名媒體,,"4,650","2,255","2,255",100.00%,182,8.07%,"2,073",91.93%,1.30
20260126,17,第一網站股份有限公司,2783,漫畫櫃manhuagui,12676,CF_728X90_manhuagui,antifroud,,,"33,627","16,515","16,515",100.00%,"5,556",33.64%,"10,959",66.36%,3.30
20260126,17,艾得基客行銷顧問股份有限公司,2635,工商時報,12761,MW_320x480_文中創意_工商時報new,,知名媒體,,152,76,76,100.00%,51,67.11%,25,32.89%,18.21
20260126,17,第一網站股份有限公司,2801,damanwoo,12868,CF-300x250_Banner_damanwoo_大人物,,,,6,2,2,100.00%,0,0.00%,2,100.00%,0.00
20260126,17,艾得基客行銷顧問股份有限公司,2266,嬰兒與母親,12869,MW_置底創意_嬰兒與母親,,知名媒體,,6,3,3,100.00%,0,0.00%,3,100.00%,0.11
20260126,17,永悅健康股份有限公司,2813,早安樂活,12926,MW_置底創意(展開)_早安樂活,,知名媒體,,240,120,120,100.00%,109,90.83%,11,9.17%,3.73
20260126,17,永悅健康股份有限公司,2813,早安樂活,12927,MW_置底創意(非展開)_早安樂活,,知名媒體,,274,136,136,100.00%,123,90.44%,13,9.56%,38.75
20260126,17,第一網站股份有限公司,2820,星座好朋友(horofriend88),12966,MW_320x100_horofriend88,antifroud,,,12,6,6,100.00%,6,100.00%,0,0.00%,13.66
20260126,17,第一網站股份有限公司,2838,mycard,13041,MW_320x480_加倍mycard,,,,37,0,0,0.00%,0,0.00%,0,0.00%,0.00
20260126,17,曾憲敏,202,85小說網,13445,MW_336X280_全量1_85小說網,,,,399,198,198,100.00%,104,52.53%,94,47.47%,4.93
20260126,17,曾憲敏,202,85小說網,13446,MW_336X280_全量2_85小說網,,,,"3,507","1,743","1,743",100.00%,974,55.88%,769,44.12%,6.18
20260126,17,第一網站股份有限公司,2768,czbooks,13482,(子)CF_300x600_banner_czbooks(限時段),,,子聯播網,173,86,86,100.00%,66,76.74%,20,23.26%,143.23
20260126,17,第一網站股份有限公司,2768,czbooks,13483,(子)CF_970x250_banner_czbooks(限時段),,,子聯播網,203,101,101,100.00%,47,46.53%,54,53.47%,10.89
20260126,17,第一網站股份有限公司,2910,clickme,13548,(子)CF_300x250_banner_clickme(一般),,,子聯播網,458,200,200,100.00%,62,31.00%,138,69.00%,2.07
20260126,17,第一網站股份有限公司,2910,clickme,13549,CF_300x250_banner_clickme(一般),,,,878,469,469,100.00%,53,11.30%,416,88.70%,0.41
20260126,17,第一網站股份有限公司,2916,KiKiNote,13576,(子)CF_300x250_banner_kikinote,,知名媒體,子聯播網,814,369,369,100.00%,46,12.47%,323,87.53%,0.37
20260126,17,闇碼科技股份有限公司,2992,縮短網址產生器-reurl-exchange,13861,CF_300x250_網址下方右側(PB)_reurl,,知名媒體,,6,3,3,100.00%,0,0.00%,3,100.00%,0.00
20260126,17,第一網站股份有限公司,2768,czbooks,13903,(子)CF_300x250_banner_czbooks(直播),antifroud,,子聯播網,"252,210","131,762","131,762",100.00%,"28,170",21.38%,"103,592",78.62%,0.96
20260126,17,第一網站股份有限公司,2768,czbooks,14036,MW_320x480_CZBOOKS,antifroud,,,974,469,469,100.00%,221,47.12%,248,52.88%,3.96
20260126,17,陳人鳳,480,飛格寵物家族_PC,1407,CF-728X90_上方通欄_飛格寵物家族,,,,56,22,22,100.00%,16,72.73%,6,27.27%,9.13
20260126,17,陳人鳳,480,飛格寵物家族_PC,1408,CF-300X250_內文_飛格寵物家族,,,,60,15,15,100.00%,9,60.00%,6,40.00%,5.96
20260126,17,闇碼科技股份有限公司,3048,縮短網址產生器-reurl,14210,MW_文中創意300x250_縮短網址產生器-reurl,,知名媒體,,145,62,62,100.00%,35,56.45%,27,43.55%,3.84
20260126,17,巨思文化股份有限公司,3052,經理人_HB,14238,MW_文章結束第一塊_300x250_經理人-HB,,知名媒體,,6,3,3,100.00%,0,0.00%,3,100.00%,0.00
20260126,17,巨思文化股份有限公司,3052,經理人_HB,14241,MW_300x250_內文下方_經理人-HB,,知名媒體,,6,3,3,100.00%,0,0.00%,3,100.00%,0.00
20260126,17,巨思文化股份有限公司,3053,數位時代_HB,14242,CF_300x250_內文下方左側_數位時代-HB,,知名媒體,,12,6,6,100.00%,2,33.33%,4,66.67%,0.33
20260126,17,巨思文化股份有限公司,3053,數位時代_HB,14243,CF_300x250_內文下方右側_數位時代-HB,,知名媒體,,12,6,6,100.00%,2,33.33%,4,66.67%,0.33
20260126,17,富盈數據股份有限公司,3059,塔科女子,14258,CF_336x280_全網_塔科女子,,知名媒體,,160,76,76,100.00%,53,69.74%,23,30.26%,9.21
20260126,17,CBROOT LTD,3003,包子漫畫-exchange,14291,MW_300x250_蓋板(PB)_包子漫畫,,,,227,112,112,100.00%,49,43.75%,63,56.25%,4.37
20260126,17,朱光宁,3152,石頭小說-exchange,14472,MW_336x280_Banner_石頭小說,,,,"2,532","1,251","1,251",100.00%,952,76.10%,299,23.90%,8.28
20260126,17,朱光宁,3149,稷下書院-exchange,14748,MW_320x100_置底(PB)_稷下書院,,,,"25,953","12,817","12,817",100.00%,303,2.36%,"12,514",97.64%,0.08
20260126,17,巨思文化股份有限公司,3053,數位時代_HB,14764,MW_置底創意_(非展開)_數位時代_HB,,知名媒體,,68,34,34,100.00%,33,97.06%,1,2.94%,20.13
20260126,17,中天電視股份有限公司,3282,中天新聞網-exchange,14980,CF_970x250_內頁_PC置頂橫幅-中天新聞網-exchange,,知名媒體,,52,21,21,100.00%,3,14.29%,18,85.71%,2.42
20260126,17,曾憲敏,3327,85小說網_創意,15228,MW-創意-85小說網,,,,825,411,411,100.00%,357,86.86%,54,13.14%,23.14
20260126,17,中天電視股份有限公司,3282,中天新聞網-exchange,15859,CF_336x280_內頁_PC右側互動看板B-中天新聞網-exchange,,知名媒體,,603,260,260,100.00%,97,37.31%,163,62.69%,4.37
20260126,17,CBROOT LTD,3352,西瓜卡通-exchange,15970,CF_160x600_影音內容_西瓜卡通-exchange,,,,144,57,57,100.00%,3,5.26%,54,94.74%,1.72
20260126,17,時報資訊股份有限公司,2817,旺得富,16910,CF_300x250_Billboard_1s_旺得富,,知名媒體,,12,4,4,100.00%,3,75.00%,1,25.00%,27.50
20260126,17,時報資訊股份有限公司,2817,旺得富,16911,CF_300x250_Billboard_2nd_旺得富,,知名媒體,,12,6,6,100.00%,4,66.67%,2,33.33%,8.12
20260126,17,葉志斌,2745,繁中寶可夢卡表生成器-奶爸工作室-exchange,16950,CF_160x600_Banner_繁中寶可夢卡表生成器-奶爸工作室-exchange,,,,82,41,41,100.00%,15,36.59%,26,63.41%,6.90
20260126,17,葉志斌,2745,繁中寶可夢卡表生成器-奶爸工作室-exchange,16951,CF_300x600_Banner_繁中寶可夢卡表生成器-奶爸工作室-exchange,,,,70,35,35,100.00%,14,40.00%,21,60.00%,8.22
20260126,17,朱光宁,3360,提莫書屋-exchange,16957,MW_336x280banner_提莫書屋_exchange,,,,"16,481","8,155","8,155",100.00%,"6,272",76.91%,"1,883",23.09%,6.45
20260126,17,朱光宁,3361,提莫書屋-mobile,16958,MW_置底創意_提莫書屋-mobile,,,,62,31,31,100.00%,29,93.55%,2,6.45%,15.30
20260126,17,朱光宁,3361,提莫書屋-mobile,16959,MW_320x480_文中創意_提莫書屋-mobile,,,,62,31,31,100.00%,25,80.65%,6,19.35%,4.06
20260126,17,欣發現股份有限公司,3365,Hami任務牆-mobile,16969,MW_置底創意_Hami任務牆,,知名媒體,,12,6,6,100.00%,5,83.33%,1,16.67%,3.65
20260126,17,欣發現股份有限公司,3364,女子學-mobile,16972,MW_置底創意_女子學,antifroud,,,6,2,2,100.00%,0,0.00%,2,100.00%,0.00
20260126,17,欣發現股份有限公司,3363,大人物-mobile,16973,MW_置底創意_大人物,,知名媒體,,6,3,3,100.00%,2,66.67%,1,33.33%,1.76
20260126,17,第一網站股份有限公司,2820,星座好朋友(horofriend88),17026,MW_320x480_蓋版_星座好朋友(horofriend88),antifroud,,,6,3,3,100.00%,1,33.33%,2,66.67%,0.96
20260126,17,第一網站股份有限公司,2783,漫畫櫃manhuagui,17027,MW_320x480_蓋版_漫畫櫃manhuagui,,,,"4,217","2,022","2,022",100.00%,"1,279",63.25%,743,36.75%,2.95
20260126,17,朱光宁,3268,稷下書院-mobile,17207,MW_320x480_蓋版_稷下書院-mobile,,,,"27,701","10,860","10,860",100.00%,"5,015",46.18%,"5,845",53.82%,3.63
20260126,17,李立娟,3395,vivi0視頻-exchange,17293,CF_336x280_Banner_vivi01視頻-exchange,antifroud,,,"25,261","12,405","12,404",99.99%,"1,830",14.75%,"10,574",85.25%,0.41
20260126,17,李立娟,3395,vivi0視頻-exchange,17294,MW_336x280_Banner_vivi01視頻-exchange,antifroud,,,"46,800","22,934","22,933",100.00%,"8,890",38.77%,"14,043",61.23%,1.64
20260126,17,李立娟,3395,vivi0視頻-exchange,17300,MW_320x100_置底(PB)_vivi01視頻-exchange,antifroud,,,"2,237","1,079","1,078",99.91%,702,65.12%,376,34.88%,14.15
20260126,17,李立娟,3397,趣聞圖說-exchange,17309,MW_336x280_文中Banner_趣聞圖說-exchange,,,,982,172,172,100.00%,31,18.02%,141,81.98%,0.86
20260126,17,曾憲敏,601,85小說網_PC,1773,CF-300x250_85小說網_內文1,,,,180,87,87,100.00%,74,85.06%,13,14.94%,11.89
20260126,17,李立娟,3396,趣聞圖說-Mobile,17923,MW_置底創意(展開)_趣聞圖說-Mobile,,,,6,3,3,100.00%,3,100.00%,0,0.00%,4.22
20260126,17,第一網站股份有限公司,2768,czbooks,17927,MW_置底創意_czbook,,,,"15,939","7,871","7,871",100.00%,"7,186",91.30%,685,8.70%,13.78
20260126,17,時報資訊股份有限公司_工商時報,3427,工商時報-exchange,18003,CF_300x250_互動看板2_工商時報-exchange,,知名媒體,,12,5,5,100.00%,0,0.00%,5,100.00%,0.00
20260126,17,時報資訊股份有限公司_工商時報,3427,工商時報-exchange,18007,CF_336x280_文末右側看板_工商時報-exchange,,知名媒體,,20,9,9,100.00%,1,11.11%,8,88.89%,0.11
20260126,17,時報資訊股份有限公司_工商時報,3427,工商時報-exchange,18014,MW_300x250_文末Banner1_工商時報-exchange,,知名媒體,,80,38,38,100.00%,8,21.05%,30,78.95%,0.97
20260126,17,時報資訊股份有限公司_工商時報,3427,工商時報-exchange,18015,MW_300x250_文末Banner2_工商時報-exchange,,知名媒體,,137,67,67,100.00%,4,5.97%,63,94.03%,0.15
20260126,17,第一網站股份有限公司,3440,fsa_passback_first,18201,CF_336x280_fsa_passback_first,,,,200,97,97,100.00%,10,10.31%,87,89.69%,0.54
20260126,17,第一網站股份有限公司,3440,fsa_passback_first,18202,CF_300x250_fsa_passback_first,,,,"3,803","1,782","1,782",100.00%,883,49.55%,899,50.45%,33.58
20260126,17,第一網站股份有限公司,3440,fsa_passback_first,18266,(子)CF_970x250_cfbanner_blog,,,子聯播網,"2,162",840,840,100.00%,62,7.38%,778,92.62%,0.27
20260126,17,莊博凱,3455,夢遊電玩,18269,300x250 Banner,,,,6,2,2,100.00%,2,100.00%,0,0.00%,1.04
20260126,17,時報資訊股份有限公司_工商時報,3427,工商時報-exchange,18278,CF_336x280_文中-MiddleBillboard_工商時報-exchange,,知名媒體,,8,4,4,100.00%,1,25.00%,3,75.00%,7.50
20260126,17,朱光宁,3268,稷下書院-mobile,18297,MW_置底創意(展開)_稷下書院-mobile,,,,110,55,55,100.00%,52,94.55%,3,5.45%,5.00
20260126,17,冰楓科技有限公司,3485,冰楓論壇-exchange,18487,CF_970x90_內文上方第一塊_冰楓論壇-exchange,,,,814,370,370,100.00%,80,21.62%,290,78.38%,3.51
20260126,17,冰楓科技有限公司,3485,冰楓論壇-exchange,18488,MW_320x100_內文上方第一塊_ 冰楓論壇-exchange,antifroud,,,6,3,3,100.00%,1,33.33%,2,66.67%,3.46
20260126,17,冰楓科技有限公司,3485,冰楓論壇-exchange,18492,MW_300x250_Banner_ 冰楓論壇-exchange,,,,396,169,169,100.00%,74,43.79%,95,56.21%,3.29
20260126,17,闇碼科技股份有限公司,3048,縮短網址產生器-reurl,18535,MW_蓋版_縮短網址產生器-reurl,,知名媒體,,24,12,12,100.00%,2,16.67%,10,83.33%,3.09
20260126,17,CBROOT LTD,3492,包子漫畫(特開流量)-exchange,18544,(子)CF_300x600_指定流量_包子漫畫(特開流量)-exchange,,,子聯播網,78,29,29,100.00%,8,27.59%,21,72.41%,17.01
20260126,17,CBROOT LTD,3510,包子漫畫_twmanga-exchange,18737,CF_970x90_Banner_ 包子漫畫_twmanga-exchange,,,,58,28,28,100.00%,6,21.43%,22,78.57%,1.28
20260126,17,台灣英文新聞股份有限公司,3537,台灣英文新聞(new)-exchange,18911,MW_300x250_首頁_ENDBANNER_5_台灣英文新聞(new)-exchange,,知名媒體,,6,3,3,100.00%,1,33.33%,2,66.67%,32.16
20260126,17,台灣英文新聞股份有限公司,3537,台灣英文新聞(new)-exchange,18924,CF_300x250_內容頁_右側看版_1_台灣英文新聞(new)-exchange,,知名媒體,,183,79,79,100.00%,8,10.13%,71,89.87%,0.70
20260126,17,艾得基客行銷顧問股份有限公司,3373,良醫健康網,19009,MW_蓋板_良醫健康網,,知名媒體,,125,59,59,100.00%,23,38.98%,36,61.02%,1.92
20260126,17,艾得基客行銷顧問股份有限公司,3373,良醫健康網,19010,MW_300x250_文中_良醫健康網,,知名媒體,,6,3,3,100.00%,1,33.33%,2,66.67%,20.00
20260126,17,聯合線上股份有限公司,3549,UDN元氣網,19018,CF_首頁文章推薦第三格300x250_UDN元氣網,,知名媒體,,6,3,3,100.00%,0,0.00%,3,100.00%,0.00
20260126,17,艾得基客行銷顧問股份有限公司,3552,玩具人,19044,MW_320x480_文中創意_玩具人,,知名媒體,,38,19,19,100.00%,11,57.89%,8,42.11%,6.20
20260126,17,第一網站股份有限公司,2783,漫畫櫃manhuagui,20685,MW_300X250_manhuagui,antifroud,,,"2,353","1,168","1,168",100.00%,506,43.32%,662,56.68%,11.05
20260126,17,德榕企業有限公司,3578,TW Bodhi_mobile,20708,MW_蓋板_TW Bodhi,,,,248,124,124,100.00%,0,0.00%,124,100.00%,0.00
20260126,17,德榕企業有限公司,3578,TW Bodhi_mobile,20719,MW_文中創意300x250_TW Bodhi,,,,6,3,3,100.00%,0,0.00%,3,100.00%,0.00
20260126,17,德榕企業有限公司,3581,忘憂書屋,20727,CF_336x280文章頁(RWD)_忘憂書屋,,,,12,6,6,100.00%,0,0.00%,6,100.00%,0.00
20260126,17,德榕企業有限公司,3582,忘憂書屋_mobile,20728,MW_文中創意300x250_忘憂書屋,,,,83,38,37,97.37%,0,0.00%,37,100.00%,0.00
20260126,17,德榕企業有限公司,3582,忘憂書屋_mobile,20729,MW_蓋板_忘憂書屋,,,,6,3,3,100.00%,0,0.00%,3,100.00%,0.00
20260126,17,第一網站股份有限公司,2910,clickme,20735,(子)CF_300x250_banner_clickme(成人),,,子聯播網,"4,750","2,152","2,152",100.00%,614,28.53%,"1,538",71.47%,1.65
20260126,17,第一網站股份有限公司,3440,fsa_passback_first,21699,CF_336x280_fsa_passback_first,,,,"2,135",979,979,100.00%,227,23.19%,752,76.81%,0.97
20260126,17,朱光宁,3269,石頭小說-mobile,21741,MW_320x480_蓋版_石頭小說-mobile,antifroud,,,13,6,6,100.00%,4,66.67%,2,33.33%,4.53
20260126,17,富盈數據股份有限公司,3653,TVBS-女人我最大_HB,21760,MW_文章三_336x280_TVBS-女人我最大_HB,,知名媒體,,160,80,80,100.00%,55,68.75%,25,31.25%,8.63
20260126,17,富盈數據股份有限公司,3653,TVBS-女人我最大_HB,21761,MW_文章四_336x280_TVBS-女人我最大_HB,,知名媒體,,784,390,390,100.00%,253,64.87%,137,35.13%,3.16
20260126,17,富盈數據股份有限公司,3653,TVBS-女人我最大_HB,21763,MW_文中創意320x480_TVBS-女人我最大_HB,,知名媒體,,790,390,390,100.00%,325,83.33%,65,16.67%,30.40
20260126,17,富盈數據股份有限公司,3654,TVBS-健康2.0_HB,21768,MW_文中創意320x480_TVBS-健康2.0_HB,,知名媒體,,"3,828","1,791","1,791",100.00%,"1,236",69.01%,555,30.99%,22.85
20260126,17,富盈數據股份有限公司,3655,TVBS-食尚玩家_HB,21770,MW_文章三_336x280_TVBS-食尚玩家_HB,,知名媒體,,331,161,161,100.00%,96,59.63%,65,40.37%,3.04
20260126,17,富盈數據股份有限公司,3655,TVBS-食尚玩家_HB,21771,MW_文章四_336x280_TVBS-食尚玩家_HB,,知名媒體,,6,2,2,100.00%,1,50.00%,1,50.00%,5.21
20260126,17,富盈數據股份有限公司,3655,TVBS-食尚玩家_HB,21772,MW_文章置底_320x100_TVBS-食尚玩家_HB,,知名媒體,,12,5,5,100.00%,4,80.00%,1,20.00%,12.00
20260126,17,富盈數據股份有限公司,3655,TVBS-食尚玩家_HB,21773,MW_文中創意320x480_TVBS-食尚玩家_HB,,知名媒體,,159,77,77,100.00%,59,76.62%,18,23.38%,22.36
20260126,17,先驅媒體社會企業股份有限公司,3554,新頭殼(R18),21830,(子)CF_300x250Banner_newtalk.tw_all_300250_1_新頭殼(R18),antifroud,知名媒體,子聯播網,6,3,3,100.00%,3,100.00%,0,0.00%,5.00
20260126,17,先驅媒體社會企業股份有限公司,3554,新頭殼(R18),21839,ＭＷ_336x280Banner_newtalk.tw_mobile_all_336280_2_新頭殼(R18),antifroud,知名媒體,,6,3,3,100.00%,3,100.00%,0,0.00%,3.67
20260126,17,儂儂雜誌社股份有限公司(bella儂儂),2135,Bella儂儂_2024,21876,MW-300x250_文章標題上方1_Bella儂儂,,知名媒體,,442,221,221,100.00%,128,57.92%,93,42.08%,3.57
20260126,17,富盈數據股份有限公司,3680,TVBS-新聞網_HB,21898,CF_文章右側300x600_TVBS-新聞網_HB,,知名媒體,,14,6,6,100.00%,2,33.33%,4,66.67%,2.82
20260126,17,富盈數據股份有限公司,3680,TVBS-新聞網_HB,21899,MW_文章一_336x280_TVBS-新聞網_HB,,知名媒體,,"2,333","1,150","1,150",100.00%,808,70.26%,342,29.74%,5.99
20260126,17,富盈數據股份有限公司,3680,TVBS-新聞網_HB,21900,MW_文章三_336x280_TVBS-新聞網_HB,,知名媒體,,144,72,72,100.00%,37,51.39%,35,48.61%,3.05
20260126,17,富盈數據股份有限公司,3680,TVBS-新聞網_HB,21902,MW_文章置底_320x100_TVBS-新聞網_HB,,知名媒體,,"1,718",848,848,100.00%,198,23.35%,650,76.65%,8.65
20260126,17,富盈數據股份有限公司,3684,稅美人_mobile,21923,MW_置底創意(非展開)_稅美人-mobile,,,,"2,943","1,457","1,457",100.00%,"1,323",90.80%,134,9.20%,21.90
20260126,17,富盈數據股份有限公司,3685,玩桌遊_mobile,21924,MW_置底創意(非展開)_玩桌遊-mobile,,,,261,130,130,100.00%,114,87.69%,16,12.31%,13.47
20260126,17,富盈數據股份有限公司,2615,熱血台中,21986,CF_336x280_全網_熱血台中,,,,56,28,28,100.00%,16,57.14%,12,42.86%,1.76
20260126,17,富盈數據股份有限公司,2615,熱血台中,21987,CF_336x280_全網_熱血台中,,,,80,39,39,100.00%,23,58.97%,16,41.03%,3.78
20260126,17,富盈數據股份有限公司,3703,繁體小說,22022,MW_置底創意(非展開)_繁體小說-mobile,,,,42,21,21,100.00%,18,85.71%,3,14.29%,23.10
20260126,17,富盈數據股份有限公司,3704,天天要聞,22030,CF_300 x 250 banner_天天要聞_cpc2,,,,812,397,397,100.00%,311,78.34%,86,21.66%,10.42
20260126,17,富盈數據股份有限公司,3703,繁體小說,22031,CF_300 x 250 banner_繁體小說_cpc2,,,,50,25,25,100.00%,23,92.00%,2,8.00%,11.71
20260126,17,朱光宁,3708,石頭小說,22045,CF_336 x 280 banner_石頭小說_cpc1.67,antifroud,,,"1,059",524,524,100.00%,357,68.13%,167,31.87%,5.62
20260126,17,冠妍動力科技有限公司,484,小老婆汽機車資訊網,22058,MW_文中創意320x480_小老婆汽機車資訊網-測試,,知名媒體,,6,3,3,100.00%,2,66.67%,1,33.33%,3.33
20260126,17,朱光宁,3718,稷下書院2,22093,CF_336 x 280 banner_稷下書院2_cpc1.67,antifroud,,,"1,064",505,505,100.00%,319,63.17%,186,36.83%,4.78
20260126,17,艾得基客行銷顧問股份有限公司,3719,遠見雜誌,22100,MW_320x480_文中創意_遠見_健康遠見,,知名媒體,,12,6,6,100.00%,3,50.00%,3,50.00%,1.61
20260126,17,富盈數據股份有限公司,3680,TVBS-新聞網_HB,22131,CF_文中300x250_TVBS-新聞網_HB_1,,知名媒體,,6,3,3,100.00%,3,100.00%,0,0.00%,9.13
20260126,17,富盈數據股份有限公司,3680,TVBS-新聞網_HB,22132,CF_文中300x250_TVBS-新聞網_HB_2,,知名媒體,,30,14,14,100.00%,8,57.14%,6,42.86%,6.73
20260126,17,富盈數據股份有限公司,3680,TVBS-新聞網_HB,22133,CF_文中300x250_TVBS-新聞網_HB_3,,知名媒體,,126,61,61,100.00%,45,73.77%,16,26.23%,10.94
20260126,17,冰楓科技有限公司,3485,冰楓論壇-exchange,22160,CF_300x250_Banner2_ 冰楓論壇-exchange,,,,6,3,3,100.00%,1,33.33%,2,66.67%,1.25
20260126,17,闇碼科技股份有限公司,3048,縮短網址產生器-reurl,22213,MW_蓋版_縮短網址產生器-reurl-2025.05(特殊供量),,知名媒體,,570,56,56,100.00%,21,37.50%,35,62.50%,2.72
20260126,17,艾得基客行銷顧問股份有限公司,3724,上報,22217,MW_置底創意(非展開)_上報,,知名媒體,,664,322,322,100.00%,304,94.41%,18,5.59%,55.36
20260126,17,艾得基客行銷顧問股份有限公司,3724,上報,22218,MW_置底(展開)_上報,,知名媒體,,587,290,290,100.00%,255,87.93%,35,12.07%,42.08
20260126,17,艾得基客行銷顧問股份有限公司,2689,Basketball Top5,22219,MW_置底(展開)_Basketball TOP5,,,,224,110,110,100.00%,98,89.09%,12,10.91%,7.24
20260126,17,欣發現股份有限公司,3363,大人物-mobile,22222,MW_蓋板_大人物,,知名媒體,,6,2,2,100.00%,0,0.00%,2,100.00%,0.00
20260126,17,朱光宁,3741,石頭小說3,22396,MW_置底_石頭小說3,,,,492,246,246,100.00%,214,86.99%,32,13.01%,16.83
20260126,17,朱光宁,3741,石頭小說3,22398,CF_336 x 280 banner_石頭小說3_cpc1.67,,,,690,333,333,100.00%,241,72.37%,92,27.63%,12.45
20260126,17,朱光宁,3741,石頭小說3,22399,CF_320 x 480 橫幅_石頭小說3,,,,318,158,158,100.00%,99,62.66%,59,37.34%,3.21
20260126,17,艾得基客行銷顧問股份有限公司,2825,科技紫薇,22403,MW_蓋版_科技紫微,,,,18,9,9,100.00%,2,22.22%,7,77.78%,0.46
20260126,17,艾得基客行銷顧問股份有限公司,3724,上報,22405,MW_蓋版_上報,,知名媒體,,113,56,56,100.00%,22,39.29%,34,60.71%,1.08
20260126,17,闇碼科技股份有限公司,3068,限時圖片-imgus,22406,MW_置底_imgus,antifroud,,,166,81,81,100.00%,39,48.15%,42,51.85%,1.43
20260126,17,第一網站股份有限公司,2783,漫畫櫃manhuagui,22443,MW_置底_manhuagui,antifroud,,,"49,208","24,069","24,069",100.00%,"19,372",80.49%,"4,697",19.51%,11.77
20260126,17,艾得基客行銷顧問股份有限公司,3490,太報,22495,MW_300x250 BANNER_太報_CPM5,,知名媒體,子聯播網,24,12,12,100.00%,9,75.00%,3,25.00%,3.39
20260126,17,艾得基客行銷顧問股份有限公司,2689,Basketball Top5,22498,MW_300x250 Banner_Basketball TOP5_CPM5,,,子聯播網,479,237,237,100.00%,101,42.62%,136,57.38%,2.68
20260126,17,艾得基客行銷顧問股份有限公司,2578,鉅亨網,22507,MW_300x250_鉅亨網_直播用BN-1,,知名媒體,子聯播網,"2,820","1,328","1,328",100.00%,364,27.41%,964,72.59%,6.52
20260126,17,艾得基客行銷顧問股份有限公司,3752,ＭoneyDJ,22514,MW_文中創意320x480_MoneyDJ,antifroud,知名媒體,,26,13,13,100.00%,10,76.92%,3,23.08%,9.42
20260126,17,艾得基客行銷顧問股份有限公司,3752,ＭoneyDJ,22515,MW_300x250 BANNER_MoneyDJ,antifroud,知名媒體,,6,3,3,100.00%,1,33.33%,2,66.67%,0.33
20260126,17,艾得基客行銷顧問股份有限公司,3373,良醫健康網,22732,MW_300x250_良醫健康網,,知名媒體,,58,29,29,100.00%,1,3.45%,28,96.55%,0.10
20260126,17,李承翰-webptt,718,Web批踢踢(RWD),2284,MW-蓋板_文中_Web批踢踢,antifroud,,,18,7,7,100.00%,2,28.57%,5,71.43%,1.24
20260126,17,麥智維,999,動漫戲說,3543,CF-728*90-內文上方-動漫戲說,antifroud,,,62,30,30,100.00%,27,90.00%,3,10.00%,28.09
20260126,17,肖偉彬,1287,紅櫻桃小說書庫,4678,CF-內文上方-300*250-紅櫻桃小說書庫,,,,26,13,13,100.00%,12,92.31%,1,7.69%,9.48
20260126,17,技達創意資訊有限公司,1299,泰好網,4733,CF-300*250-內文下方-泰好網,,,,30,10,10,100.00%,0,0.00%,10,100.00%,0.26
20260126,17,技達創意資訊有限公司,1299,泰好網,4734,MW-320*100-首頁、內文上方-泰好網,,,,18,6,6,100.00%,2,33.33%,4,66.67%,5.96
20260126,17,陈晋福,1367,電視超人,4997,CF-300X250-電視超人,,,,20,9,9,100.00%,3,33.33%,6,66.67%,0.59
20260126,17,麥智維,999,動漫戲說,6069,CF-300*250-首頁-動漫戲說,,,,38,12,12,100.00%,6,50.00%,6,50.00%,4.61
20260126,17,全曜財經資訊股份有限公司,1902,Cmoney-Mobile,7293,MW_置底創意(非展開)_Cmoney,antifroud,知名媒體,,6,3,3,100.00%,3,100.00%,0,0.00%,8.26
20260126,17,精鏡傳媒股份有限公司,1060,鏡週刊,8250,MW_置底創意(非展開)_鏡週刊,,知名媒體,,148,74,74,100.00%,70,94.59%,4,5.41%,45.78
20260126,17,臺灣電視事業股份有限公司,52,台視,8313,PC-300x250_內文第一塊_台視財經,,知名媒體,,6,3,3,100.00%,0,0.00%,3,100.00%,0.00
20260126,17,布林遊國際有限公司,1692,Bring You,8393,CF-300X250-上方通欄右側_BringYou,,知名媒體,,12,6,6,100.00%,2,33.33%,4,66.67%,1.89
20260126,17,巧克科技新媒體股份有限公司,2127,LINE TV_Banner-exchange,8576,CF_336x280_戲劇-右側好康資訊下方_LINE TV-exchange,,知名媒體,,12,6,6,100.00%,1,16.67%,5,83.33%,0.18
20260126,17,巧克科技新媒體股份有限公司,2127,LINE TV_Banner-exchange,8577,CF_336x280_戲劇-右側好康資訊上方_LINE TV-exchange,,知名媒體,,56,28,28,100.00%,1,3.57%,27,96.43%,0.10
20260126,17,鳳梨傳媒股份有限公司,2190,民視新聞網-Exchange,8862,CF_970X90_分類新聞內頁上方_民視新聞(MCM),,知名媒體,,25,12,12,100.00%,2,16.67%,10,83.33%,0.76
20260126,17,見聞科技有限公司,2251,就是節目表,9233,MW-300x250-節目表文中-就是節目表,,,,6,3,3,100.00%,3,100.00%,0,0.00%,5.82
20260126,17,巧克科技新媒體股份有限公司,2127,LINE TV_Banner-exchange,9788,CF_970x250_首頁-戲劇列表第一塊_LINE TV-exchange,,知名媒體,,6,2,2,100.00%,0,0.00%,2,100.00%,0.00
20260126,18,愛七桃有限公司,2152,寶可夢資訊站,10008,MW-320X100-進入道館功能框下方-寶可夢資訊站,,,,12,4,4,100.00%,3,75.00%,1,25.00%,1.93
20260126,18,英屬維京群島商浩美數位有限公司台灣分公司,2315,Teepr亮新聞-exchange,10012,CF_336x280Banner_Teepr亮新聞-exchange,,知名媒體,,475,231,231,100.00%,7,3.03%,224,96.97%,0.17
20260126,18,昱得資訊工作室,2528,數位書香,11080,CF_728x90_首頁上方_數位書香,antifroud,,,50,25,25,100.00%,17,68.00%,8,32.00%,3.83
20260126,18,昱得資訊工作室,2528,數位書香,11081,CF_160x600_首頁右側_數位書香,antifroud,,,569,251,251,100.00%,111,44.22%,140,55.78%,3.40
20260126,18,第一網站股份有限公司,2518,麻辣家族討論區(twbts),11082,CF-728X90-twbts,antifroud,,,211,85,85,100.00%,57,67.06%,28,32.94%,4.76
20260126,18,第一網站股份有限公司,2601,Meme梗圖倉庫,11443,CF-336X280-meme,,,,326,151,151,100.00%,7,4.64%,144,95.36%,0.70
20260126,18,第一網站股份有限公司,2540,risu短網址,12496,CF_300x250_popup(直播) _risu短網址,antifroud,知名媒體,,24,8,8,100.00%,6,75.00%,2,25.00%,23.85
20260126,18,時報資訊股份有限公司,2770,中時電子報_HB,12559,CF_300x250_右側互動看版_中時電子報_HB,,知名媒體,,302,127,127,100.00%,50,39.37%,77,60.63%,4.01
20260126,18,時報資訊股份有限公司,2770,中時電子報_HB,12560,CF_336x280_文中看板_中時電子報_HB,,知名媒體,,272,116,116,100.00%,81,69.83%,35,30.17%,25.79
20260126,18,時報資訊股份有限公司,2770,中時電子報_HB,12561,MW_300x250_內頁TOP Banner_中時電子報_HB,antifroud,知名媒體,,"7,626","3,746","3,746",100.00%,704,18.79%,"3,042",81.21%,1.76
20260126,18,第一網站股份有限公司,2768,czbooks,12570,CF_728x90_banner_czbooks,,,,"1,187",589,589,100.00%,458,77.76%,131,22.24%,7.08
20260126,18,第一網站股份有限公司,2768,czbooks,12571,CF-300x600_Banner_czbooks,,,,254,126,126,100.00%,103,81.75%,23,18.25%,84.97
20260126,18,鳳梨傳媒股份有限公司,2190,民視新聞網-Exchange,12579,CF_300x250_右側第一塊_民視新聞網-Exchange(RWD)(MCM),,知名媒體,,"3,453","1,697","1,697",100.00%,115,6.78%,"1,582",93.22%,2.09
20260126,18,鳳梨傳媒股份有限公司,2190,民視新聞網-Exchange,12580,CF_300x250_內文文中左側_民視新聞網-Exchange(RWD)(MCM),,知名媒體,,"3,512","1,707","1,707",100.00%,150,8.79%,"1,557",91.21%,1.86
20260126,18,第一網站股份有限公司,2783,漫畫櫃manhuagui,12676,CF_728X90_manhuagui,antifroud,,,"4,679","2,334","2,334",100.00%,870,37.28%,"1,464",62.72%,3.80
20260126,18,艾得基客行銷顧問股份有限公司,2635,工商時報,12761,MW_320x480_文中創意_工商時報new,,知名媒體,,149,74,74,100.00%,53,71.62%,21,28.38%,19.94
20260126,18,第一網站股份有限公司,2801,damanwoo,12868,CF-300x250_Banner_damanwoo_大人物,,,,28,10,10,100.00%,1,10.00%,9,90.00%,0.50
20260126,18,永悅健康股份有限公司,2813,早安樂活,12927,MW_置底創意(非展開)_早安樂活,,知名媒體,,60,30,30,100.00%,28,93.33%,2,6.67%,56.24
20260126,18,第一網站股份有限公司,2820,星座好朋友(horofriend88),12966,MW_320x100_horofriend88,antifroud,,,30,15,15,100.00%,14,93.33%,1,6.67%,20.23
20260126,18,第一網站股份有限公司,2836,vivi01,13032,MW_置底創意_vivi01 ViVi視頻,,,,12,6,6,100.00%,4,66.67%,2,33.33%,1.64
20260126,18,第一網站股份有限公司,2838,mycard,13041,MW_320x480_加倍mycard,,,,633,0,0,0.00%,0,0.00%,0,0.00%,0.00
20260126,18,東森電視事業股份有限公司,2014,東森新聞網,13162,MW_置底創意(展開)_東森新聞網,antifroud,知名媒體,,359,177,177,100.00%,161,90.96%,16,9.04%,21.28
20260126,18,譚謹恩,2885,Mr. & Mrs. Diary-exchange,13403,CF_728x90_內文上方_ Mr. & Mrs. Diary-exchange,,,,6,2,2,100.00%,0,0.00%,2,100.00%,0.00
20260126,18,譚謹恩,2885,Mr. & Mrs. Diary-exchange,13405,CF_970x250_內文文中_Mr. & Mrs. Diary-exchange,,,,6,2,2,100.00%,1,50.00%,1,50.00%,1.07
20260126,18,曾憲敏,202,85小說網,13445,MW_336X280_全量1_85小說網,,,,527,263,263,100.00%,147,55.89%,116,44.11%,4.96
20260126,18,曾憲敏,202,85小說網,13446,MW_336X280_全量2_85小說網,,,,"4,362","2,170","2,170",100.00%,"1,184",54.56%,986,45.44%,6.25
20260126,18,第一網站股份有限公司,2768,czbooks,13481,MW_300x250_banner_czbooks,antifroud,,子聯播網,"2,100","1,028","1,028",100.00%,403,39.20%,625,60.80%,2.49
20260126,18,第一網站股份有限公司,2910,clickme,13549,CF_300x250_banner_clickme(一般),,,,581,302,302,100.00%,30,9.93%,272,90.07%,0.59
20260126,18,闇碼科技股份有限公司,2992,縮短網址產生器-reurl-exchange,13848,CF_300x250_轉址失敗_最右邊_reurl,,知名媒體,,6,1,1,100.00%,0,0.00%,1,100.00%,0.00
20260126,18,闇碼科技股份有限公司,2992,縮短網址產生器-reurl-exchange,13856,CF_300x250_轉址失敗頁第二塊_reurl,,知名媒體,,6,1,1,100.00%,0,0.00%,1,100.00%,0.00
20260126,18,闇碼科技股份有限公司,2992,縮短網址產生器-reurl-exchange,13860,CF_300x250_網址下方右側_reurl,,知名媒體,,6,3,3,100.00%,0,0.00%,3,100.00%,0.00
20260126,18,闇碼科技股份有限公司,2992,縮短網址產生器-reurl-exchange,13861,CF_300x250_網址下方右側(PB)_reurl,,知名媒體,,35,5,5,100.00%,2,40.00%,3,60.00%,21.00
20260126,18,第一網站股份有限公司,2768,czbooks,13903,(子)CF_300x250_banner_czbooks(直播),antifroud,,子聯播網,"191,916","102,205","102,205",100.00%,"9,693",9.48%,"92,512",90.52%,0.51
20260126,18,第一網站股份有限公司,2783,漫畫櫃manhuagui,13904,(子)CF_300x250_banner_manhuagui(直播),antifroud,,子聯播網,"2,523",898,898,100.00%,137,15.26%,761,84.74%,0.54
20260126,18,第一網站股份有限公司,2768,czbooks,14036,MW_320x480_CZBOOKS,antifroud,,,50,25,25,100.00%,6,24.00%,19,76.00%,2.10
20260126,18,陳人鳳,480,飛格寵物家族_PC,1407,CF-728X90_上方通欄_飛格寵物家族,,,,38,18,18,100.00%,10,55.56%,8,44.44%,4.68
20260126,18,陳人鳳,480,飛格寵物家族_PC,1408,CF-300X250_內文_飛格寵物家族,,,,42,11,11,100.00%,7,63.64%,4,36.36%,9.95
20260126,18,東森電視事業股份有限公司,2014,東森新聞網,14097,MW_蓋版_東森新聞網,,知名媒體,,"1,910",939,939,100.00%,9,0.96%,930,99.04%,0.17
20260126,18,闇碼科技股份有限公司,3048,縮短網址產生器-reurl,14210,MW_文中創意300x250_縮短網址產生器-reurl,,知名媒體,,156,53,52,98.11%,34,65.38%,18,34.62%,2.94
20260126,18,巨思文化股份有限公司,3052,經理人_HB,14238,MW_文章結束第一塊_300x250_經理人-HB,,知名媒體,,26,13,13,100.00%,0,0.00%,13,100.00%,0.00
20260126,18,巨思文化股份有限公司,3052,經理人_HB,14241,MW_300x250_內文下方_經理人-HB,,知名媒體,,26,13,13,100.00%,0,0.00%,13,100.00%,0.00
20260126,18,巨思文化股份有限公司,3053,數位時代_HB,14242,CF_300x250_內文下方左側_數位時代-HB,,知名媒體,,7,6,6,100.00%,0,0.00%,6,100.00%,0.00
20260126,18,巨思文化股份有限公司,3053,數位時代_HB,14243,CF_300x250_內文下方右側_數位時代-HB,,知名媒體,,7,6,6,100.00%,0,0.00%,6,100.00%,0.00
20260126,18,巨思文化股份有限公司,3053,數位時代_HB,14244,MW_300x250_文中第四塊_數位時代-HB,,知名媒體,,20,10,10,100.00%,2,20.00%,8,80.00%,1.60
20260126,18,巨思文化股份有限公司,3053,數位時代_HB,14246,MW_300x250_文章結束第一塊_數位時代-HB,,知名媒體,,24,12,12,100.00%,0,0.00%,12,100.00%,0.00
20260126,18,富盈數據股份有限公司,3059,塔科女子,14258,CF_336x280_全網_塔科女子,,知名媒體,,102,54,54,100.00%,24,44.44%,30,55.56%,3.99
20260126,18,CBROOT LTD,3003,包子漫畫-exchange,14291,MW_300x250_蓋板(PB)_包子漫畫,,,,83,41,41,100.00%,17,41.46%,24,58.54%,6.06
20260126,18,朱光宁,3268,稷下書院-mobile,14737,MW_置底創意(非展開)_稷下書院-mobile,,,,14,6,6,100.00%,3,50.00%,3,50.00%,13.49
20260126,18,朱光宁,3149,稷下書院-exchange,14748,MW_320x100_置底(PB)_稷下書院,,,,"29,552","14,568","14,568",100.00%,368,2.53%,"14,200",97.47%,0.09
20260126,18,巨思文化股份有限公司,3053,數位時代_HB,14764,MW_置底創意_(非展開)_數位時代_HB,,知名媒體,,270,135,135,100.00%,123,91.11%,12,8.89%,29.25
20260126,18,中天電視股份有限公司,3282,中天新聞網-exchange,14980,CF_970x250_內頁_PC置頂橫幅-中天新聞網-exchange,,知名媒體,,24,10,10,100.00%,2,20.00%,8,80.00%,1.00
20260126,18,曾憲敏,3327,85小說網_創意,15227,MW-300X250_85小說網_隨身影音PB,,,,6,3,3,100.00%,1,33.33%,2,66.67%,0.53
20260126,18,中天電視股份有限公司,3282,中天新聞網-exchange,15859,CF_336x280_內頁_PC右側互動看板B-中天新聞網-exchange,,知名媒體,,234,90,90,100.00%,30,33.33%,60,66.67%,3.00
20260126,18,CBROOT LTD,3352,西瓜卡通-exchange,15970,CF_160x600_影音內容_西瓜卡通-exchange,,,,226,94,94,100.00%,22,23.40%,72,76.60%,9.04
20260126,18,時報資訊股份有限公司,2817,旺得富,16910,CF_300x250_Billboard_1s_旺得富,,知名媒體,,12,6,6,100.00%,4,66.67%,2,33.33%,18.19
20260126,18,時報資訊股份有限公司,2817,旺得富,16911,CF_300x250_Billboard_2nd_旺得富,,知名媒體,,6,2,2,100.00%,0,0.00%,2,100.00%,0.00
20260126,18,葉志斌,2745,繁中寶可夢卡表生成器-奶爸工作室-exchange,16951,CF_300x600_Banner_繁中寶可夢卡表生成器-奶爸工作室-exchange,,,,6,3,3,100.00%,2,66.67%,1,33.33%,12.85
20260126,18,朱光宁,3360,提莫書屋-exchange,16957,MW_336x280banner_提莫書屋_exchange,,,,"17,759","8,788","8,788",100.00%,"6,849",77.94%,"1,939",22.06%,6.32
20260126,18,朱光宁,3361,提莫書屋-mobile,16958,MW_置底創意_提莫書屋-mobile,,,,116,58,58,100.00%,55,94.83%,3,5.17%,35.35
20260126,18,朱光宁,3361,提莫書屋-mobile,16959,MW_320x480_文中創意_提莫書屋-mobile,,,,76,38,38,100.00%,31,81.58%,7,18.42%,5.52
20260126,18,欣發現股份有限公司,3364,女子學-mobile,16972,MW_置底創意_女子學,antifroud,,,30,14,14,100.00%,0,0.00%,14,100.00%,0.00
20260126,18,第一網站股份有限公司,2783,漫畫櫃manhuagui,17027,MW_320x480_蓋版_漫畫櫃manhuagui,,,,36,18,18,100.00%,7,38.89%,11,61.11%,1.26
20260126,18,朱光宁,3268,稷下書院-mobile,17207,MW_320x480_蓋版_稷下書院-mobile,,,,598,264,264,100.00%,123,46.59%,141,53.41%,3.39
20260126,18,中華電視股份有限公司,3389,華視-mobile,17230,MW_置底創意(非展開)_華視-mobile,,知名媒體,,60,30,30,100.00%,24,80.00%,6,20.00%,26.46
20260126,18,中華電視股份有限公司,3389,華視-mobile,17232,MW_文中創意320x480_華視-mobile,,知名媒體,,12,6,6,100.00%,5,83.33%,1,16.67%,40.09
20260126,18,李立娟,3395,vivi0視頻-exchange,17293,CF_336x280_Banner_vivi01視頻-exchange,antifroud,,,"35,155","17,269","17,269",100.00%,"2,350",13.61%,"14,919",86.39%,0.35
20260126,18,李立娟,3395,vivi0視頻-exchange,17294,MW_336x280_Banner_vivi01視頻-exchange,antifroud,,,"25,612","12,572","12,572",100.00%,"4,812",38.28%,"7,760",61.72%,1.96
20260126,18,李立娟,3395,vivi0視頻-exchange,17300,MW_320x100_置底(PB)_vivi01視頻-exchange,antifroud,,,"2,091","1,022","1,022",100.00%,692,67.71%,330,32.29%,16.27
20260126,18,曾憲敏,601,85小說網_PC,1773,CF-300x250_85小說網_內文1,,,,112,56,56,100.00%,52,92.86%,4,7.14%,22.25
20260126,18,第一網站股份有限公司,2768,czbooks,17927,MW_置底創意_czbook,,,,"5,332","2,646","2,646",100.00%,"2,366",89.42%,280,10.58%,16.83
20260126,18,第一網站股份有限公司,3420,ftvnews,17970,MW_300x250_內文_ftvnews,,知名媒體,,6,3,3,100.00%,0,0.00%,3,100.00%,0.00
20260126,18,時報資訊股份有限公司_工商時報,3427,工商時報-exchange,18007,CF_336x280_文末右側看板_工商時報-exchange,,知名媒體,,6,2,2,100.00%,1,50.00%,1,50.00%,0.66
20260126,18,時報資訊股份有限公司_工商時報,3427,工商時報-exchange,18014,MW_300x250_文末Banner1_工商時報-exchange,,知名媒體,,152,75,75,100.00%,12,16.00%,63,84.00%,0.59
20260126,18,時報資訊股份有限公司_工商時報,3427,工商時報-exchange,18015,MW_300x250_文末Banner2_工商時報-exchange,,知名媒體,,186,92,92,100.00%,2,2.17%,90,97.83%,0.32
20260126,18,第一網站股份有限公司,3440,fsa_passback_first,18201,CF_336x280_fsa_passback_first,,,,28,12,12,100.00%,0,0.00%,12,100.00%,0.00
20260126,18,第一網站股份有限公司,3440,fsa_passback_first,18202,CF_300x250_fsa_passback_first,,,,"2,120","1,028","1,028",100.00%,544,52.92%,484,47.08%,22.97
20260126,18,莊博凱,3455,夢遊電玩,18269,300x250 Banner,,,,6,2,2,100.00%,1,50.00%,1,50.00%,0.51
20260126,18,朱光宁,3268,稷下書院-mobile,18297,MW_置底創意(展開)_稷下書院-mobile,,,,90,45,45,100.00%,41,91.11%,4,8.89%,14.98
20260126,18,冰楓科技有限公司,3485,冰楓論壇-exchange,18487,CF_970x90_內文上方第一塊_冰楓論壇-exchange,,,,689,315,315,100.00%,54,17.14%,261,82.86%,1.53
20260126,18,冰楓科技有限公司,3485,冰楓論壇-exchange,18492,MW_300x250_Banner_ 冰楓論壇-exchange,,,,240,105,105,100.00%,30,28.57%,75,71.43%,1.94
20260126,18,CBROOT LTD,3492,包子漫畫(特開流量)-exchange,18546,(子)CF_300x250_指定時段_包子漫畫(特開流量)-exchange,,,子聯播網,"3,556","1,393","1,393",100.00%,131,9.40%,"1,262",90.60%,0.69
20260126,18,CBROOT LTD,3492,包子漫畫(特開流量)-exchange,18557,CF_300x600_指定流量_包子漫畫(特開流量PB)-exchange,,,,"4,450","2,179","2,179",100.00%,"1,185",54.38%,994,45.62%,28.44
20260126,18,CBROOT LTD,3510,包子漫畫_twmanga-exchange,18732,MW_336x280_Banner_包子漫畫_twmanga,,,子聯播網,"21,280","10,590","10,590",100.00%,"3,024",28.56%,"7,566",71.44%,0.69
20260126,18,CBROOT LTD,3510,包子漫畫_twmanga-exchange,18737,CF_970x90_Banner_ 包子漫畫_twmanga-exchange,,,,12,6,6,100.00%,0,0.00%,6,100.00%,0.00
20260126,18,闇碼科技股份有限公司,2992,縮短網址產生器-reurl-exchange,18876,CF_首頁連結bar下方_縮短網址產生器-reurl-exchange,,知名媒體,,12,6,6,100.00%,4,66.67%,2,33.33%,0.98
20260126,18,台灣英文新聞股份有限公司,3537,台灣英文新聞(new)-exchange,18924,CF_300x250_內容頁_右側看版_1_台灣英文新聞(new)-exchange,,知名媒體,,49,24,24,100.00%,2,8.33%,22,91.67%,3.23
20260126,18,台灣英文新聞股份有限公司,3537,台灣英文新聞(new)-exchange,18925,CF_300x600_內容頁_右側看版_2_台灣英文新聞(new)-exchange,,知名媒體,,6,3,3,100.00%,1,33.33%,2,66.67%,0.60
20260126,18,艾得基客行銷顧問股份有限公司,3373,良醫健康網,19009,MW_蓋板_良醫健康網,,知名媒體,,19,9,9,100.00%,5,55.56%,4,44.44%,13.76
20260126,18,聯合線上股份有限公司,3549,UDN元氣網,19018,CF_首頁文章推薦第三格300x250_UDN元氣網,,知名媒體,,6,3,3,100.00%,1,33.33%,2,66.67%,1.67
20260126,18,艾得基客行銷顧問股份有限公司,3552,玩具人,19044,MW_320x480_文中創意_玩具人,,知名媒體,,108,54,54,100.00%,35,64.81%,19,35.19%,14.73
20260126,18,第一網站股份有限公司,2783,漫畫櫃manhuagui,20685,MW_300X250_manhuagui,antifroud,,,"3,670","1,811","1,811",100.00%,740,40.86%,"1,071",59.14%,9.70
20260126,18,德榕企業有限公司,3578,TW Bodhi_mobile,20707,MW_置底創意_TW Bodhi,,,,50,25,24,96.00%,0,0.00%,24,100.00%,0.00
20260126,18,德榕企業有限公司,3578,TW Bodhi_mobile,20708,MW_蓋板_TW Bodhi,,,,495,245,243,99.18%,0,0.00%,243,100.00%,0.00
20260126,18,德榕企業有限公司,3581,忘憂書屋,20727,CF_336x280文章頁(RWD)_忘憂書屋,,,,112,56,55,98.21%,0,0.00%,55,100.00%,0.00
20260126,18,德榕企業有限公司,3582,忘憂書屋_mobile,20728,MW_文中創意300x250_忘憂書屋,,,,18,7,7,100.00%,0,0.00%,7,100.00%,0.00
20260126,18,德榕企業有限公司,3582,忘憂書屋_mobile,20729,MW_蓋板_忘憂書屋,,,,82,41,41,100.00%,0,0.00%,41,100.00%,0.00
20260126,18,德榕企業有限公司,3582,忘憂書屋_mobile,20730,MW_置底創意_忘憂書屋,,,,58,29,27,93.10%,0,0.00%,27,100.00%,0.00
20260126,18,第一網站股份有限公司,2916,KiKiNote,20731,CF_300x250_banner_kikinote (PB),,知名媒體,,198,76,76,100.00%,21,27.63%,55,72.37%,8.17
20260126,18,第一網站股份有限公司,3440,fsa_passback_first,21699,CF_336x280_fsa_passback_first,,,,56,25,25,100.00%,2,8.00%,23,92.00%,0.48
20260126,18,富盈數據股份有限公司,3653,TVBS-女人我最大_HB,21760,MW_文章三_336x280_TVBS-女人我最大_HB,,知名媒體,,352,176,176,100.00%,103,58.52%,73,41.48%,7.03
20260126,18,富盈數據股份有限公司,3653,TVBS-女人我最大_HB,21761,MW_文章四_336x280_TVBS-女人我最大_HB,,知名媒體,,"1,525",760,760,100.00%,493,64.87%,267,35.13%,2.38
20260126,18,富盈數據股份有限公司,3653,TVBS-女人我最大_HB,21763,MW_文中創意320x480_TVBS-女人我最大_HB,,知名媒體,,"1,362",676,676,100.00%,571,84.47%,105,15.53%,31.78
20260126,18,富盈數據股份有限公司,3654,TVBS-健康2.0_HB,21768,MW_文中創意320x480_TVBS-健康2.0_HB,,知名媒體,,"4,665","2,213","2,213",100.00%,"1,556",70.31%,657,29.69%,25.11
20260126,18,富盈數據股份有限公司,3655,TVBS-食尚玩家_HB,21770,MW_文章三_336x280_TVBS-食尚玩家_HB,,知名媒體,,152,75,75,100.00%,43,57.33%,32,42.67%,2.74
20260126,18,富盈數據股份有限公司,3655,TVBS-食尚玩家_HB,21773,MW_文中創意320x480_TVBS-食尚玩家_HB,,知名媒體,,525,253,253,100.00%,202,79.84%,51,20.16%,23.78
20260126,18,寶利拾股份有限公司,3652,愛料理_HB,21778,MW_Recipes_Top_336x280banner_愛料理_HB,,知名媒體,,6,3,3,100.00%,1,33.33%,2,66.67%,10.00
20260126,18,寶利拾股份有限公司,3652,愛料理_HB,21779,MW_Recipes_Middle_336x280banner_愛料理_HB,,知名媒體,,6,3,3,100.00%,2,66.67%,1,33.33%,2.03
20260126,18,先驅媒體社會企業股份有限公司,3554,新頭殼(R18),21839,ＭＷ_336x280Banner_newtalk.tw_mobile_all_336280_2_新頭殼(R18),antifroud,知名媒體,,211,105,105,100.00%,84,80.00%,21,20.00%,11.20
20260126,18,儂儂雜誌社股份有限公司(bella儂儂),2135,Bella儂儂_2024,21876,MW-300x250_文章標題上方1_Bella儂儂,,知名媒體,,714,357,357,100.00%,193,54.06%,164,45.94%,3.15
20260126,18,富盈數據股份有限公司,3680,TVBS-新聞網_HB,21899,MW_文章一_336x280_TVBS-新聞網_HB,,知名媒體,,"2,399","1,182","1,182",100.00%,837,70.81%,345,29.19%,6.44
20260126,18,富盈數據股份有限公司,3680,TVBS-新聞網_HB,21900,MW_文章三_336x280_TVBS-新聞網_HB,,知名媒體,,130,64,64,100.00%,35,54.69%,29,45.31%,4.22
20260126,18,富盈數據股份有限公司,3680,TVBS-新聞網_HB,21902,MW_文章置底_320x100_TVBS-新聞網_HB,,知名媒體,,"1,814",898,898,100.00%,214,23.83%,684,76.17%,10.93
20260126,18,富盈數據股份有限公司,3684,稅美人_mobile,21923,MW_置底創意(非展開)_稅美人-mobile,,,,"2,904","1,444","1,444",100.00%,"1,287",89.13%,157,10.87%,27.60
20260126,18,富盈數據股份有限公司,3685,玩桌遊_mobile,21924,MW_置底創意(非展開)_玩桌遊-mobile,,,,246,122,122,100.00%,109,89.34%,13,10.66%,21.12
20260126,18,富盈數據股份有限公司,2615,熱血台中,21986,CF_336x280_全網_熱血台中,,,,68,32,32,100.00%,19,59.38%,13,40.62%,1.98
20260126,18,富盈數據股份有限公司,2615,熱血台中,21987,CF_336x280_全網_熱血台中,,,,110,54,54,100.00%,34,62.96%,20,37.04%,1.87
20260126,18,富盈數據股份有限公司,3703,繁體小說,22022,MW_置底創意(非展開)_繁體小說-mobile,,,,6,3,3,100.00%,3,100.00%,0,0.00%,31.38
20260126,18,富盈數據股份有限公司,3704,天天要聞,22030,CF_300 x 250 banner_天天要聞_cpc2,,,,827,405,405,100.00%,297,73.33%,108,26.67%,9.54
20260126,18,富盈數據股份有限公司,3703,繁體小說,22031,CF_300 x 250 banner_繁體小說_cpc2,,,,13,7,7,100.00%,3,42.86%,4,57.14%,8.41
20260126,18,冠妍動力科技有限公司,484,小老婆汽機車資訊網,22058,MW_文中創意320x480_小老婆汽機車資訊網-測試,,知名媒體,,20,10,10,100.00%,7,70.00%,3,30.00%,4.20
20260126,18,富盈數據股份有限公司,3680,TVBS-新聞網_HB,22132,CF_文中300x250_TVBS-新聞網_HB_2,,知名媒體,,6,3,3,100.00%,3,100.00%,0,0.00%,9.38
20260126,18,富盈數據股份有限公司,3680,TVBS-新聞網_HB,22133,CF_文中300x250_TVBS-新聞網_HB_3,,知名媒體,,32,15,15,100.00%,13,86.67%,2,13.33%,13.85
20260126,18,闇碼科技股份有限公司,3048,縮短網址產生器-reurl,22213,MW_蓋版_縮短網址產生器-reurl-2025.05(特殊供量),,知名媒體,,245,74,72,97.30%,23,31.94%,49,68.06%,1.01
20260126,18,艾得基客行銷顧問股份有限公司,3490,太報,22216,MW_置底創意(非展開)_太報,,知名媒體,,38,19,19,100.00%,19,100.00%,0,0.00%,50.56
20260126,18,艾得基客行銷顧問股份有限公司,3724,上報,22217,MW_置底創意(非展開)_上報,,知名媒體,,"1,146",565,565,100.00%,533,94.34%,32,5.66%,46.34
20260126,18,艾得基客行銷顧問股份有限公司,3724,上報,22218,MW_置底(展開)_上報,,知名媒體,,144,71,71,100.00%,62,87.32%,9,12.68%,28.22
20260126,18,艾得基客行銷顧問股份有限公司,2689,Basketball Top5,22219,MW_置底(展開)_Basketball TOP5,,,,303,151,151,100.00%,134,88.74%,17,11.26%,11.29
20260126,18,欣發現股份有限公司,3363,大人物-mobile,22222,MW_蓋板_大人物,,知名媒體,,18,9,9,100.00%,1,11.11%,8,88.89%,5.06
20260126,18,朱光宁,3741,石頭小說3,22396,MW_置底_石頭小說3,,,,462,231,231,100.00%,209,90.48%,22,9.52%,20.60
20260126,18,朱光宁,3741,石頭小說3,22398,CF_336 x 280 banner_石頭小說3_cpc1.67,,,,"17,802","8,907","8,907",100.00%,"5,999",67.35%,"2,908",32.65%,5.61
20260126,18,朱光宁,3741,石頭小說3,22399,CF_320 x 480 橫幅_石頭小說3,,,,114,57,57,100.00%,39,68.42%,18,31.58%,3.61
20260126,18,艾得基客行銷顧問股份有限公司,3724,上報,22405,MW_蓋版_上報,,知名媒體,,280,134,134,100.00%,76,56.72%,58,43.28%,4.91
20260126,18,闇碼科技股份有限公司,3068,限時圖片-imgus,22406,MW_置底_imgus,antifroud,,,141,69,69,100.00%,30,43.48%,39,56.52%,1.53
20260126,18,第一網站股份有限公司,2783,漫畫櫃manhuagui,22443,MW_置底_manhuagui,antifroud,,,"2,592","1,261","1,261",100.00%,516,40.92%,745,59.08%,5.98
20260126,18,艾得基客行銷顧問股份有限公司,3490,太報,22495,MW_300x250 BANNER_太報_CPM5,,知名媒體,子聯播網,90,45,45,100.00%,29,64.44%,16,35.56%,3.54
20260126,18,艾得基客行銷顧問股份有限公司,2689,Basketball Top5,22498,MW_300x250 Banner_Basketball TOP5_CPM5,,,子聯播網,60,30,30,100.00%,18,60.00%,12,40.00%,2.19
20260126,18,艾得基客行銷顧問股份有限公司,2578,鉅亨網,22507,MW_300x250_鉅亨網_直播用BN-1,,知名媒體,子聯播網,"4,696","2,263","2,262",99.96%,743,32.85%,"1,519",67.15%,8.70
20260126,18,艾得基客行銷顧問股份有限公司,3752,ＭoneyDJ,22514,MW_文中創意320x480_MoneyDJ,antifroud,知名媒體,,44,22,22,100.00%,17,77.27%,5,22.73%,10.05
20260126,18,李承翰-webptt,718,Web批踢踢(RWD),2284,MW-蓋板_文中_Web批踢踢,antifroud,,,12,4,4,100.00%,3,75.00%,1,25.00%,2.35
20260126,18,麥智維,999,動漫戲說,3543,CF-728*90-內文上方-動漫戲說,antifroud,,,130,66,66,100.00%,53,80.30%,13,19.70%,28.31
20260126,18,技達創意資訊有限公司,1299,泰好網,4733,CF-300*250-內文下方-泰好網,,,,6,2,2,100.00%,0,0.00%,2,100.00%,0.00
20260126,18,陈晋福,1367,電視超人,4997,CF-300X250-電視超人,,,,18,9,9,100.00%,2,22.22%,7,77.78%,0.31
20260126,18,麥智維,999,動漫戲說,6069,CF-300*250-首頁-動漫戲說,,,,6,2,2,100.00%,0,0.00%,2,100.00%,0.00
20260126,18,吳慧玲,2082,宅女懶懶子,8073,CF-右側通欄第二塊-300x600-宅女懶懶子,antifroud,,,6,2,2,100.00%,0,0.00%,2,100.00%,0.00
20260126,18,精鏡傳媒股份有限公司,1060,鏡週刊,8250,MW_置底創意(非展開)_鏡週刊,,知名媒體,,109,54,54,100.00%,51,94.44%,3,5.56%,62.12
20260126,18,臺灣電視事業股份有限公司,52,台視,8313,PC-300x250_內文第一塊_台視財經,,知名媒體,,6,3,3,100.00%,2,66.67%,1,33.33%,6.67
20260126,18,巧克科技新媒體股份有限公司,2127,LINE TV_Banner-exchange,8576,CF_336x280_戲劇-右側好康資訊下方_LINE TV-exchange,,知名媒體,,38,18,18,100.00%,0,0.00%,18,100.00%,0.00
20260126,18,巧克科技新媒體股份有限公司,2127,LINE TV_Banner-exchange,8577,CF_336x280_戲劇-右側好康資訊上方_LINE TV-exchange,,知名媒體,,96,47,47,100.00%,6,12.77%,41,87.23%,0.28
20260126,18,鳳梨傳媒股份有限公司,2190,民視新聞網-Exchange,8862,CF_970X90_分類新聞內頁上方_民視新聞(MCM),,知名媒體,,12,6,6,100.00%,1,16.67%,5,83.33%,1.17
20260126,18,見聞科技有限公司,2251,就是節目表,9233,MW-300x250-節目表文中-就是節目表,,,,6,3,3,100.00%,0,0.00%,3,100.00%,0.31
20260126,18,蔡瑞文,300,樂透彩幸運發財網,9470,MW-置底-樂透幸運發財網,antifroud,知名媒體,,6,3,3,100.00%,2,66.67%,1,33.33%,4.91
20260126,18,時報資訊股份有限公司,2335,中時電子報_2019,9883,ＭＷ-320x480-蓋板-中時電子報_2019,antifroud,知名媒體,,683,322,322,100.00%,105,32.61%,217,67.39%,2.53
20260126,19,英屬維京群島商浩美數位有限公司台灣分公司,2315,Teepr亮新聞-exchange,10012,CF_336x280Banner_Teepr亮新聞-exchange,,知名媒體,,982,472,472,100.00%,21,4.45%,451,95.55%,0.22
20260126,19,第一網站股份有限公司,2300,keketravel,10594,(子)CF_336x280_keketravel,,,子聯播網,50,19,19,100.00%,3,15.79%,16,84.21%,0.30
20260126,19,昱得資訊工作室,2528,數位書香,11080,CF_728x90_首頁上方_數位書香,antifroud,,,48,24,24,100.00%,15,62.50%,9,37.50%,3.68
20260126,19,昱得資訊工作室,2528,數位書香,11081,CF_160x600_首頁右側_數位書香,antifroud,,,637,284,284,100.00%,113,39.79%,171,60.21%,2.76
20260126,19,第一網站股份有限公司,2518,麻辣家族討論區(twbts),11082,CF-728X90-twbts,antifroud,,,130,56,56,100.00%,36,64.29%,20,35.71%,4.42
20260126,19,第一網站股份有限公司,2540,risu短網址,11260,MW-300X250-MB_page_left-risu,,知名媒體,,13,6,6,100.00%,6,100.00%,0,0.00%,5.27
20260126,19,第一網站股份有限公司,2492,ttshow,11273,MW-300X250-ttshow,,知名媒體,,6,3,3,100.00%,0,0.00%,3,100.00%,0.00
20260126,19,第一網站股份有限公司,2601,Meme梗圖倉庫,11443,CF-336X280-meme,,,,153,78,78,100.00%,24,30.77%,54,69.23%,0.90
20260126,19,第一網站股份有限公司,2540,risu短網址,12496,CF_300x250_popup(直播) _risu短網址,antifroud,知名媒體,,6,2,2,100.00%,0,0.00%,2,100.00%,0.00
20260126,19,時報資訊股份有限公司,2770,中時電子報_HB,12559,CF_300x250_右側互動看版_中時電子報_HB,,知名媒體,,238,100,100,100.00%,38,38.00%,62,62.00%,4.05
20260126,19,時報資訊股份有限公司,2770,中時電子報_HB,12560,CF_336x280_文中看板_中時電子報_HB,,知名媒體,,221,90,90,100.00%,65,72.22%,25,27.78%,22.37
20260126,19,時報資訊股份有限公司,2770,中時電子報_HB,12561,MW_300x250_內頁TOP Banner_中時電子報_HB,antifroud,知名媒體,,930,455,455,100.00%,86,18.90%,369,81.10%,1.34
20260126,19,第一網站股份有限公司,2768,czbooks,12570,CF_728x90_banner_czbooks,,,,"32,896","16,165","16,165",100.00%,"12,079",74.72%,"4,086",25.28%,4.79
20260126,19,鳳梨傳媒股份有限公司,2190,民視新聞網-Exchange,12579,CF_300x250_右側第一塊_民視新聞網-Exchange(RWD)(MCM),,知名媒體,,"9,725","4,776","4,776",100.00%,147,3.08%,"4,629",96.92%,0.71
20260126,19,鳳梨傳媒股份有限公司,2190,民視新聞網-Exchange,12580,CF_300x250_內文文中左側_民視新聞網-Exchange(RWD)(MCM),,知名媒體,,"9,156","4,478","4,478",100.00%,282,6.30%,"4,196",93.70%,1.01
20260126,19,第一網站股份有限公司,2783,漫畫櫃manhuagui,12676,CF_728X90_manhuagui,antifroud,,,"39,928","19,678","19,678",100.00%,"6,635",33.72%,"13,043",66.28%,3.96
20260126,19,艾得基客行銷顧問股份有限公司,2635,工商時報,12761,MW_320x480_文中創意_工商時報new,,知名媒體,,176,87,87,100.00%,73,83.91%,14,16.09%,19.72
20260126,19,金隼行銷股份有限公司,2786,91譜,12792,MW_置底創意_91譜,,知名媒體,,6,3,3,100.00%,3,100.00%,0,0.00%,8.33
20260126,19,第一網站股份有限公司,2801,damanwoo,12868,CF-300x250_Banner_damanwoo_大人物,,,,50,18,18,100.00%,0,0.00%,18,100.00%,0.00
20260126,19,永悅健康股份有限公司,2813,早安樂活,12927,MW_置底創意(非展開)_早安樂活,,知名媒體,,32,16,16,100.00%,14,87.50%,2,12.50%,29.09
20260126,19,徐致淦,2818,rate.cx免費投票器,12943,CF_300x250_投票結果_rate.cx免費投票器,,,,139,69,69,100.00%,55,79.71%,14,20.29%,20.60
20260126,19,徐致淦,2818,rate.cx免費投票器,12944,MW_300x250_投票結果_rate.cx免費投票器,,,,137,68,68,100.00%,31,45.59%,37,54.41%,6.54
20260126,19,第一網站股份有限公司,2820,星座好朋友(horofriend88),12966,MW_320x100_horofriend88,antifroud,,,6,3,3,100.00%,3,100.00%,0,0.00%,35.00
20260126,19,第一網站股份有限公司,2836,vivi01,13032,MW_置底創意_vivi01 ViVi視頻,,,,6,3,3,100.00%,3,100.00%,0,0.00%,3.16
20260126,19,第一網站股份有限公司,2838,mycard,13041,MW_320x480_加倍mycard,,,,53,0,0,0.00%,0,0.00%,0,0.00%,0.00
20260126,19,曾憲敏,202,85小說網,13445,MW_336X280_全量1_85小說網,,,,760,379,379,100.00%,210,55.41%,169,44.59%,8.21
20260126,19,曾憲敏,202,85小說網,13446,MW_336X280_全量2_85小說網,,,,"5,165","2,568","2,568",100.00%,"1,385",53.93%,"1,183",46.07%,6.31
20260126,19,曾憲敏,601,85小說網_PC,13450,(子)CF_336x280_全量2_85小說網,,,子聯播網,128,64,64,100.00%,49,76.56%,15,23.44%,10.44
20260126,19,第一網站股份有限公司,2768,czbooks,13481,MW_300x250_banner_czbooks,antifroud,,子聯播網,"40,096","19,699","19,699",100.00%,"7,950",40.36%,"11,749",59.64%,3.41
20260126,19,第一網站股份有限公司,2768,czbooks,13482,(子)CF_300x600_banner_czbooks(限時段),,,子聯播網,"22,263","11,046","11,046",100.00%,"8,009",72.51%,"3,037",27.49%,110.58
20260126,19,第一網站股份有限公司,2768,czbooks,13483,(子)CF_970x250_banner_czbooks(限時段),,,子聯播網,"24,883","12,307","12,307",100.00%,"4,802",39.02%,"7,505",60.98%,7.35
20260126,19,第一網站股份有限公司,2910,clickme,13548,(子)CF_300x250_banner_clickme(一般),,,子聯播網,523,233,233,100.00%,44,18.88%,189,81.12%,1.66
20260126,19,第一網站股份有限公司,2910,clickme,13549,CF_300x250_banner_clickme(一般),,,,321,162,162,100.00%,25,15.43%,137,84.57%,1.78
20260126,19,第一網站股份有限公司,2916,KiKiNote,13576,(子)CF_300x250_banner_kikinote,,知名媒體,子聯播網,975,466,466,100.00%,51,10.94%,415,89.06%,0.54
20260126,19,闇碼科技股份有限公司,2992,縮短網址產生器-reurl-exchange,13858,CF_300x250_網址下方左側_reurl,,知名媒體,,8,0,0,0.00%,0,0.00%,0,0.00%,0.00
20260126,19,闇碼科技股份有限公司,2992,縮短網址產生器-reurl-exchange,13861,CF_300x250_網址下方右側(PB)_reurl,,知名媒體,,78,2,2,100.00%,1,50.00%,1,50.00%,0.50
20260126,19,第一網站股份有限公司,2768,czbooks,13903,(子)CF_300x250_banner_czbooks(直播),antifroud,,子聯播網,"221,986","116,107","116,107",100.00%,"11,210",9.65%,"104,897",90.35%,0.50
20260126,19,第一網站股份有限公司,2783,漫畫櫃manhuagui,13904,(子)CF_300x250_banner_manhuagui(直播),antifroud,,子聯播網,"58,635","21,506","21,506",100.00%,"2,955",13.74%,"18,551",86.26%,0.95
20260126,19,第一網站股份有限公司,2768,czbooks,14036,MW_320x480_CZBOOKS,antifroud,,,114,53,53,100.00%,13,24.53%,40,75.47%,1.03
20260126,19,陳人鳳,480,飛格寵物家族_PC,1407,CF-728X90_上方通欄_飛格寵物家族,,,,19,7,7,100.00%,7,100.00%,0,0.00%,3.54
20260126,19,陳人鳳,480,飛格寵物家族_PC,1408,CF-300X250_內文_飛格寵物家族,,,,96,11,11,100.00%,8,72.73%,3,27.27%,12.64
20260126,19,闇碼科技股份有限公司,3048,縮短網址產生器-reurl,14210,MW_文中創意300x250_縮短網址產生器-reurl,,知名媒體,,253,77,77,100.00%,48,62.34%,29,37.66%,3.31
20260126,19,巨思文化股份有限公司,3052,經理人_HB,14238,MW_文章結束第一塊_300x250_經理人-HB,,知名媒體,,42,21,21,100.00%,2,9.52%,19,90.48%,0.29
20260126,19,巨思文化股份有限公司,3052,經理人_HB,14241,MW_300x250_內文下方_經理人-HB,,知名媒體,,42,21,21,100.00%,0,0.00%,21,100.00%,0.00
20260126,19,巨思文化股份有限公司,3053,數位時代_HB,14244,MW_300x250_文中第四塊_數位時代-HB,,知名媒體,,6,3,3,100.00%,1,33.33%,2,66.67%,0.33
20260126,19,巨思文化股份有限公司,3053,數位時代_HB,14246,MW_300x250_文章結束第一塊_數位時代-HB,,知名媒體,,12,6,6,100.00%,0,0.00%,6,100.00%,0.00
20260126,19,富盈數據股份有限公司,3059,塔科女子,14258,CF_336x280_全網_塔科女子,,知名媒體,,354,173,173,100.00%,87,50.29%,86,49.71%,7.42
20260126,19,CBROOT LTD,3003,包子漫畫-exchange,14291,MW_300x250_蓋板(PB)_包子漫畫,,,,120,60,60,100.00%,32,53.33%,28,46.67%,11.64
20260126,19,朱光宁,3152,石頭小說-exchange,14472,MW_336x280_Banner_石頭小說,,,,"4,020","1,976","1,976",100.00%,"1,441",72.93%,535,27.07%,6.93
20260126,19,朱光宁,3268,稷下書院-mobile,14737,MW_置底創意(非展開)_稷下書院-mobile,,,,12,6,6,100.00%,6,100.00%,0,0.00%,7.08
20260126,19,朱光宁,3149,稷下書院-exchange,14748,MW_320x100_置底(PB)_稷下書院,,,,"29,482","14,525","14,525",100.00%,336,2.31%,"14,189",97.69%,0.07
20260126,19,巨思文化股份有限公司,3053,數位時代_HB,14764,MW_置底創意_(非展開)_數位時代_HB,,知名媒體,,105,52,52,100.00%,51,98.08%,1,1.92%,24.04
20260126,19,中天電視股份有限公司,3282,中天新聞網-exchange,14980,CF_970x250_內頁_PC置頂橫幅-中天新聞網-exchange,,知名媒體,,62,27,27,100.00%,12,44.44%,15,55.56%,1.82
20260126,19,CBROOT LTD,3305,包子漫畫NEW-exchange,15143,(子)CF_970x250_Banner(直播)_包子漫畫(kukuc.co),,,子聯播網,12,5,5,100.00%,1,20.00%,4,80.00%,0.24
20260126,19,CBROOT LTD,3305,包子漫畫NEW-exchange,15145,(子)CF_970x250_指定流量Banner_包子漫畫(kukuc.co),antifroud,,子聯播網,990,382,382,100.00%,0,0.00%,382,100.00%,0.00
20260126,19,曾憲敏,3327,85小說網_創意,15228,MW-創意-85小說網,,,,30,15,15,100.00%,5,33.33%,10,66.67%,9.33
20260126,19,中天電視股份有限公司,3282,中天新聞網-exchange,15859,CF_336x280_內頁_PC右側互動看板B-中天新聞網-exchange,,知名媒體,,278,114,114,100.00%,36,31.58%,78,68.42%,4.51
20260126,19,CBROOT LTD,3352,西瓜卡通-exchange,15969,CF_728x90_影音內容_西瓜卡通-exchange,,,,46,23,23,100.00%,0,0.00%,23,100.00%,0.00
20260126,19,CBROOT LTD,3352,西瓜卡通-exchange,15970,CF_160x600_影音內容_西瓜卡通-exchange,,,,190,75,75,100.00%,17,22.67%,58,77.33%,6.82
20260126,19,時報資訊股份有限公司,2817,旺得富,16911,CF_300x250_Billboard_2nd_旺得富,,知名媒體,,26,13,13,100.00%,5,38.46%,8,61.54%,2.47
20260126,19,朱光宁,3360,提莫書屋-exchange,16957,MW_336x280banner_提莫書屋_exchange,,,,"19,160","9,466","9,466",100.00%,"7,323",77.36%,"2,143",22.64%,6.75
20260126,19,朱光宁,3361,提莫書屋-mobile,16958,MW_置底創意_提莫書屋-mobile,,,,50,24,24,100.00%,24,100.00%,0,0.00%,31.62
20260126,19,朱光宁,3361,提莫書屋-mobile,16959,MW_320x480_文中創意_提莫書屋-mobile,,,,104,52,52,100.00%,42,80.77%,10,19.23%,5.43
20260126,19,欣發現股份有限公司,3365,Hami任務牆-mobile,16969,MW_置底創意_Hami任務牆,,知名媒體,,8,4,4,100.00%,4,100.00%,0,0.00%,45.27
20260126,19,欣發現股份有限公司,3364,女子學-mobile,16972,MW_置底創意_女子學,antifroud,,,14,5,5,100.00%,0,0.00%,5,100.00%,0.00
20260126,19,欣發現股份有限公司,3363,大人物-mobile,16973,MW_置底創意_大人物,,知名媒體,,6,3,3,100.00%,1,33.33%,2,66.67%,0.46
20260126,19,朱光宁,3149,稷下書院-exchange,17003,(子)CF_336x280_Banner(指定流量)_稷下書院-exchange,,,子聯播網,"1,647",779,779,100.00%,437,56.10%,342,43.90%,5.35
20260126,19,第一網站股份有限公司,2783,漫畫櫃manhuagui,17027,MW_320x480_蓋版_漫畫櫃manhuagui,,,,59,29,29,100.00%,17,58.62%,12,41.38%,4.48
20260126,19,朱光宁,3149,稷下書院-exchange,17095,(子)MW_336x280_Banner_稷下書院-exchange,antifroud,,,"11,444","5,591","5,591",100.00%,"3,827",68.45%,"1,764",31.55%,5.70
20260126,19,詠勝科技有限公司,3385,Mobile01_HB,17174,CF_970x250_超級橫幅_置底_Mobile01_HB,,知名媒體,,6,3,3,100.00%,0,0.00%,3,100.00%,0.00
20260126,19,詠勝科技有限公司,3385,Mobile01_HB,17178,CF_300x250_頻道頁_大看板_Mobile01_HB,,知名媒體,,105,51,51,100.00%,25,49.02%,26,50.98%,2.62
20260126,19,詠勝科技有限公司,3385,Mobile01_HB,17179,CF_300x250_熱門大看板_Mobile01_HB,,知名媒體,,"8,575","3,576","3,576",100.00%,"1,827",51.09%,"1,749",48.91%,5.48
20260126,19,詠勝科技有限公司,3385,Mobile01_HB,17183,CF_300x600_大摩天_Mobile01_HB,,知名媒體,,"3,023","1,423","1,423",100.00%,749,52.64%,674,47.36%,12.03
20260126,19,朱光宁,3268,稷下書院-mobile,17207,MW_320x480_蓋版_稷下書院-mobile,,,,567,242,242,100.00%,124,51.24%,118,48.76%,5.72
20260126,19,中華電視股份有限公司,3389,華視-mobile,17230,MW_置底創意(非展開)_華視-mobile,,知名媒體,,12,6,6,100.00%,6,100.00%,0,0.00%,20.67
20260126,19,李立娟,3395,vivi0視頻-exchange,17293,CF_336x280_Banner_vivi01視頻-exchange,antifroud,,,"33,547","16,396","16,396",100.00%,"2,214",13.50%,"14,182",86.50%,0.37
20260126,19,李立娟,3395,vivi0視頻-exchange,17294,MW_336x280_Banner_vivi01視頻-exchange,antifroud,,,"24,912","12,195","12,195",100.00%,"4,688",38.44%,"7,507",61.56%,2.11
20260126,19,李立娟,3397,趣聞圖說-exchange,17297,(子)MW_336x280_Banner_趣聞圖說-exchange,antifroud,,,"21,544","10,442","10,442",100.00%,"5,447",52.16%,"4,995",47.84%,3.89
20260126,19,李立娟,3395,vivi0視頻-exchange,17299,MW_300x250_蓋板(PB)-vivi01視頻-exchange,,,,6,3,3,100.00%,0,0.00%,3,100.00%,0.00
20260126,19,李立娟,3395,vivi0視頻-exchange,17300,MW_320x100_置底(PB)_vivi01視頻-exchange,antifroud,,,965,476,476,100.00%,348,73.11%,128,26.89%,15.99
20260126,19,曾憲敏,601,85小說網_PC,1773,CF-300x250_85小說網_內文1,,,,162,80,80,100.00%,65,81.25%,15,18.75%,16.31
20260126,19,第一網站股份有限公司,2768,czbooks,17927,MW_置底創意_czbook,,,,"7,056","3,498","3,498",100.00%,"3,142",89.82%,356,10.18%,19.51
20260126,19,時報資訊股份有限公司_工商時報,3427,工商時報-exchange,18014,MW_300x250_文末Banner1_工商時報-exchange,,知名媒體,,151,75,75,100.00%,20,26.67%,55,73.33%,1.39
20260126,19,時報資訊股份有限公司_工商時報,3427,工商時報-exchange,18015,MW_300x250_文末Banner2_工商時報-exchange,,知名媒體,,196,97,97,100.00%,1,1.03%,96,98.97%,0.01
20260126,19,第一網站股份有限公司,3440,fsa_passback_first,18202,CF_300x250_fsa_passback_first,,,,"2,846","1,367","1,367",100.00%,774,56.62%,593,43.38%,26.46
20260126,19,第一網站股份有限公司,3440,fsa_passback_first,18266,(子)CF_970x250_cfbanner_blog,,,子聯播網,808,291,291,100.00%,3,1.03%,288,98.97%,0.04
20260126,19,莊博凱,3455,夢遊電玩,18269,300x250 Banner,,,,36,12,12,100.00%,9,75.00%,3,25.00%,1.58
20260126,19,朱光宁,3268,稷下書院-mobile,18297,MW_置底創意(展開)_稷下書院-mobile,,,,264,132,132,100.00%,127,96.21%,5,3.79%,18.65
20260126,19,冰楓科技有限公司,3485,冰楓論壇-exchange,18487,CF_970x90_內文上方第一塊_冰楓論壇-exchange,,,,"1,307",598,598,100.00%,140,23.41%,458,76.59%,1.77
20260126,19,冰楓科技有限公司,3485,冰楓論壇-exchange,18488,MW_320x100_內文上方第一塊_ 冰楓論壇-exchange,antifroud,,,22,8,8,100.00%,4,50.00%,4,50.00%,3.52
20260126,19,冰楓科技有限公司,3485,冰楓論壇-exchange,18492,MW_300x250_Banner_ 冰楓論壇-exchange,,,,557,242,242,100.00%,113,46.69%,129,53.31%,3.34
20260126,19,闇碼科技股份有限公司,3048,縮短網址產生器-reurl,18535,MW_蓋版_縮短網址產生器-reurl,,知名媒體,,6,3,3,100.00%,2,66.67%,1,33.33%,1.06
20260126,19,CBROOT LTD,3492,包子漫畫(特開流量)-exchange,18544,(子)CF_300x600_指定流量_包子漫畫(特開流量)-exchange,,,子聯播網,"7,816","3,606","3,606",100.00%,"2,318",64.28%,"1,288",35.72%,33.18
20260126,19,CBROOT LTD,3492,包子漫畫(特開流量)-exchange,18545,(子)CF_970x250_指定時段_包子漫畫(特開流量)-exchange,,,子聯播網,"56,457","24,128","24,128",100.00%,"1,867",7.74%,"22,261",92.26%,0.98
20260126,19,CBROOT LTD,3492,包子漫畫(特開流量)-exchange,18546,(子)CF_300x250_指定時段_包子漫畫(特開流量)-exchange,,,子聯播網,"186,576","68,981","68,981",100.00%,"6,720",9.74%,"62,261",90.26%,0.89
20260126,19,CBROOT LTD,3492,包子漫畫(特開流量)-exchange,18558,CF_970x250_指定時段_包子漫畫(特開流量PB)-exchange,,,,75,30,30,100.00%,0,0.00%,30,100.00%,0.00
20260126,19,CBROOT LTD,3510,包子漫畫_twmanga-exchange,18732,MW_336x280_Banner_包子漫畫_twmanga,,,子聯播網,"15,346","6,875","6,875",100.00%,"2,218",32.26%,"4,657",67.74%,1.10
20260126,19,CBROOT LTD,3510,包子漫畫_twmanga-exchange,18735,CF_336x280_Banner_包子漫畫_twmanga-exchange,,,,59,22,22,100.00%,2,9.09%,20,90.91%,0.27
20260126,19,CBROOT LTD,3510,包子漫畫_twmanga-exchange,18736,CF_970x250_ 包子漫畫_twmanga-exchange,,,,382,130,130,100.00%,27,20.77%,103,79.23%,1.75
20260126,19,舒禾驊,3535,荷花動漫筆記,18887,CF_336x280_文章頁文中_荷花動漫筆記,,,,16,8,8,100.00%,2,25.00%,6,75.00%,0.79
20260126,19,台灣英文新聞股份有限公司,3537,台灣英文新聞(new)-exchange,18924,CF_300x250_內容頁_右側看版_1_台灣英文新聞(new)-exchange,,知名媒體,,103,41,41,100.00%,1,2.44%,40,97.56%,0.08
20260126,19,艾得基客行銷顧問股份有限公司,3373,良醫健康網,19009,MW_蓋板_良醫健康網,,知名媒體,,6,3,3,100.00%,0,0.00%,3,100.00%,0.00
20260126,19,聯合線上股份有限公司,3548,UDN遊戲角落,19015,CF_文章頁右上300x250_UDN遊戲角落,,知名媒體,,6,3,3,100.00%,1,33.33%,2,66.67%,20.00
20260126,19,聯合線上股份有限公司,3549,UDN元氣網,19018,CF_首頁文章推薦第三格300x250_UDN元氣網,,知名媒體,,6,3,3,100.00%,1,33.33%,2,66.67%,1.67
20260126,19,艾得基客行銷顧問股份有限公司,3552,玩具人,19044,MW_320x480_文中創意_玩具人,,知名媒體,,66,33,33,100.00%,18,54.55%,15,45.45%,7.43
20260126,19,第一網站股份有限公司,2783,漫畫櫃manhuagui,20685,MW_300X250_manhuagui,antifroud,,,"2,648","1,315","1,315",100.00%,550,41.83%,765,58.17%,9.01
20260126,19,德榕企業有限公司,3578,TW Bodhi_mobile,20707,MW_置底創意_TW Bodhi,,,,73,35,35,100.00%,0,0.00%,35,100.00%,0.00
20260126,19,德榕企業有限公司,3578,TW Bodhi_mobile,20708,MW_蓋板_TW Bodhi,,,,673,334,334,100.00%,0,0.00%,334,100.00%,0.00
20260126,19,德榕企業有限公司,3578,TW Bodhi_mobile,20719,MW_文中創意300x250_TW Bodhi,,,,6,3,3,100.00%,0,0.00%,3,100.00%,0.00
20260126,19,德榕企業有限公司,3581,忘憂書屋,20727,CF_336x280文章頁(RWD)_忘憂書屋,,,,36,18,17,94.44%,0,0.00%,17,100.00%,0.00
20260126,19,德榕企業有限公司,3582,忘憂書屋_mobile,20728,MW_文中創意300x250_忘憂書屋,,,,34,15,15,100.00%,0,0.00%,15,100.00%,0.00
20260126,19,德榕企業有限公司,3582,忘憂書屋_mobile,20730,MW_置底創意_忘憂書屋,,,,78,39,39,100.00%,0,0.00%,39,100.00%,0.00
20260126,19,第一網站股份有限公司,2916,KiKiNote,20731,CF_300x250_banner_kikinote (PB),,知名媒體,,20,7,7,100.00%,2,28.57%,5,71.43%,0.86
20260126,19,第一網站股份有限公司,2910,clickme,20735,(子)CF_300x250_banner_clickme(成人),,,子聯播網,"6,638","3,078","3,078",100.00%,888,28.85%,"2,190",71.15%,1.61
20260126,19,第一網站股份有限公司,2768,czbooks,21412,(子)CF_970x250_banner_czbooks(限時段)-PB,,,子聯播網,16,8,8,100.00%,2,25.00%,6,75.00%,0.68
20260126,19,第一網站股份有限公司,3440,fsa_passback_first,21699,CF_336x280_fsa_passback_first,,,,12,6,6,100.00%,3,50.00%,3,50.00%,1.44
20260126,19,第一網站股份有限公司,3440,fsa_passback_first,21702,(子)CF_970x250_cfbanner_blog,,,,32,15,15,100.00%,2,13.33%,13,86.67%,0.40
20260126,19,富盈數據股份有限公司,3653,TVBS-女人我最大_HB,21760,MW_文章三_336x280_TVBS-女人我最大_HB,,知名媒體,,136,68,68,100.00%,45,66.18%,23,33.82%,6.95
20260126,19,富盈數據股份有限公司,3653,TVBS-女人我最大_HB,21761,MW_文章四_336x280_TVBS-女人我最大_HB,,知名媒體,,"1,089",542,542,100.00%,341,62.92%,201,37.08%,3.12
20260126,19,富盈數據股份有限公司,3653,TVBS-女人我最大_HB,21763,MW_文中創意320x480_TVBS-女人我最大_HB,,知名媒體,,"1,044",513,513,100.00%,414,80.70%,99,19.30%,28.64
20260126,19,富盈數據股份有限公司,3654,TVBS-健康2.0_HB,21764,CF_文章右側300x600_TVBS-健康2.0_HB,,知名媒體,,6,3,3,100.00%,0,0.00%,3,100.00%,0.00
20260126,19,富盈數據股份有限公司,3654,TVBS-健康2.0_HB,21768,MW_文中創意320x480_TVBS-健康2.0_HB,,知名媒體,,"6,287","2,940","2,940",100.00%,"2,005",68.20%,935,31.80%,24.25
20260126,19,富盈數據股份有限公司,3655,TVBS-食尚玩家_HB,21770,MW_文章三_336x280_TVBS-食尚玩家_HB,,知名媒體,,685,335,335,100.00%,186,55.52%,149,44.48%,3.16
20260126,19,富盈數據股份有限公司,3655,TVBS-食尚玩家_HB,21772,MW_文章置底_320x100_TVBS-食尚玩家_HB,,知名媒體,,66,33,33,100.00%,22,66.67%,11,33.33%,27.82
20260126,19,富盈數據股份有限公司,3655,TVBS-食尚玩家_HB,21773,MW_文中創意320x480_TVBS-食尚玩家_HB,,知名媒體,,"1,194",579,579,100.00%,430,74.27%,149,25.73%,23.28
20260126,19,寶利拾股份有限公司,3652,愛料理_HB,21778,MW_Recipes_Top_336x280banner_愛料理_HB,,知名媒體,,6,3,3,100.00%,1,33.33%,2,66.67%,0.33
20260126,19,富盈數據股份有限公司,3653,TVBS-女人我最大_HB,21803,MW_文章一_336x280_TVBS-女人我最大_HB,,知名媒體,,20,10,10,100.00%,10,100.00%,0,0.00%,35.61
20260126,19,先驅媒體社會企業股份有限公司,3554,新頭殼(R18),21839,ＭＷ_336x280Banner_newtalk.tw_mobile_all_336280_2_新頭殼(R18),antifroud,知名媒體,,24,12,12,100.00%,10,83.33%,2,16.67%,4.56
20260126,19,先驅媒體社會企業股份有限公司,3554,新頭殼(R18),21840,ＭＷ_336x280Banner_newtalk.tw_mobile_all_336280_3_新頭殼(R18),,知名媒體,,6,3,3,100.00%,2,66.67%,1,33.33%,1.12
20260126,19,儂儂雜誌社股份有限公司(bella儂儂),2135,Bella儂儂_2024,21876,MW-300x250_文章標題上方1_Bella儂儂,,知名媒體,,"1,064",528,528,100.00%,286,54.17%,242,45.83%,3.06
20260126,19,富盈數據股份有限公司,3680,TVBS-新聞網_HB,21898,CF_文章右側300x600_TVBS-新聞網_HB,,知名媒體,,36,17,17,100.00%,5,29.41%,12,70.59%,2.75
20260126,19,富盈數據股份有限公司,3680,TVBS-新聞網_HB,21899,MW_文章一_336x280_TVBS-新聞網_HB,,知名媒體,,"2,786","1,378","1,378",100.00%,977,70.90%,401,29.10%,5.35
20260126,19,富盈數據股份有限公司,3680,TVBS-新聞網_HB,21900,MW_文章三_336x280_TVBS-新聞網_HB,,知名媒體,,82,40,40,100.00%,26,65.00%,14,35.00%,6.70
20260126,19,富盈數據股份有限公司,3680,TVBS-新聞網_HB,21902,MW_文章置底_320x100_TVBS-新聞網_HB,,知名媒體,,"2,067","1,023","1,023",100.00%,252,24.63%,771,75.37%,7.96
20260126,19,富盈數據股份有限公司,3684,稅美人_mobile,21923,MW_置底創意(非展開)_稅美人-mobile,,,,"4,409","2,187","2,187",100.00%,"1,918",87.70%,269,12.30%,23.37
20260126,19,富盈數據股份有限公司,3685,玩桌遊_mobile,21924,MW_置底創意(非展開)_玩桌遊-mobile,,,,334,167,167,100.00%,144,86.23%,23,13.77%,11.80
20260126,19,富盈數據股份有限公司,2615,熱血台中,21986,CF_336x280_全網_熱血台中,,,,111,53,53,100.00%,32,60.38%,21,39.62%,1.09
20260126,19,富盈數據股份有限公司,2615,熱血台中,21987,CF_336x280_全網_熱血台中,,,,116,57,57,100.00%,35,61.40%,22,38.60%,1.32
20260126,19,富盈數據股份有限公司,3704,天天要聞,22030,CF_300 x 250 banner_天天要聞_cpc2,,,,"3,015","1,500","1,500",100.00%,"1,175",78.33%,325,21.67%,10.37
20260126,19,富盈數據股份有限公司,3703,繁體小說,22031,CF_300 x 250 banner_繁體小說_cpc2,,,,114,43,43,100.00%,13,30.23%,30,69.77%,1.21
20260126,19,朱光宁,3708,石頭小說,22045,CF_336 x 280 banner_石頭小說_cpc1.67,antifroud,,,"134,587","66,072","66,072",100.00%,"32,518",49.22%,"33,554",50.78%,3.66
20260126,19,冠妍動力科技有限公司,484,小老婆汽機車資訊網,22058,MW_文中創意320x480_小老婆汽機車資訊網-測試,,知名媒體,,18,9,9,100.00%,5,55.56%,4,44.44%,13.82
20260126,19,朱光宁,3718,稷下書院2,22093,CF_336 x 280 banner_稷下書院2_cpc1.67,antifroud,,,"108,960","53,389","53,389",100.00%,"33,349",62.46%,"20,040",37.54%,4.58
20260126,19,富盈數據股份有限公司,3680,TVBS-新聞網_HB,22131,CF_文中300x250_TVBS-新聞網_HB_1,,知名媒體,,6,3,3,100.00%,2,66.67%,1,33.33%,3.54
20260126,19,富盈數據股份有限公司,3680,TVBS-新聞網_HB,22132,CF_文中300x250_TVBS-新聞網_HB_2,,知名媒體,,170,82,82,100.00%,49,59.76%,33,40.24%,6.46
20260126,19,富盈數據股份有限公司,3680,TVBS-新聞網_HB,22133,CF_文中300x250_TVBS-新聞網_HB_3,,知名媒體,,588,264,264,100.00%,177,67.05%,87,32.95%,8.33
20260126,19,富盈數據股份有限公司,3730,Teepr 亮新聞 HB,22145,MW_336x280_文中創意_Teepr亮新聞 HB,,,,6,3,3,100.00%,1,33.33%,2,66.67%,1.67
20260126,19,闇碼科技股份有限公司,3048,縮短網址產生器-reurl,22213,MW_蓋版_縮短網址產生器-reurl-2025.05(特殊供量),,知名媒體,,334,65,65,100.00%,16,24.62%,49,75.38%,0.58
20260126,19,艾得基客行銷顧問股份有限公司,3724,上報,22217,MW_置底創意(非展開)_上報,,知名媒體,,"1,206",596,596,100.00%,556,93.29%,40,6.71%,44.50
20260126,19,艾得基客行銷顧問股份有限公司,3724,上報,22218,MW_置底(展開)_上報,,知名媒體,,857,425,425,100.00%,391,92.00%,34,8.00%,42.59
20260126,19,艾得基客行銷顧問股份有限公司,2689,Basketball Top5,22219,MW_置底(展開)_Basketball TOP5,,,,80,40,40,100.00%,39,97.50%,1,2.50%,18.45
20260126,19,欣發現股份有限公司,3363,大人物-mobile,22222,MW_蓋板_大人物,,知名媒體,,12,6,6,100.00%,2,33.33%,4,66.67%,11.30
20260126,19,朱光宁,3741,石頭小說3,22396,MW_置底_石頭小說3,,,,20,10,10,100.00%,2,20.00%,8,80.00%,9.10
20260126,19,朱光宁,3741,石頭小說3,22398,CF_336 x 280 banner_石頭小說3_cpc1.67,,,,"11,935","5,808","5,808",100.00%,"4,038",69.52%,"1,770",30.48%,7.86
20260126,19,朱光宁,3741,石頭小說3,22399,CF_320 x 480 橫幅_石頭小說3,,,,6,2,2,100.00%,0,0.00%,2,100.00%,0.00
20260126,19,闇碼科技股份有限公司,3068,限時圖片-imgus,22406,MW_置底_imgus,antifroud,,,60,30,30,100.00%,19,63.33%,11,36.67%,2.43
20260126,19,第一網站股份有限公司,2783,漫畫櫃manhuagui,22443,MW_置底_manhuagui,antifroud,,,"2,542","1,230","1,230",100.00%,382,31.06%,848,68.94%,5.60
20260126,19,艾得基客行銷顧問股份有限公司,3490,太報,22495,MW_300x250 BANNER_太報_CPM5,,知名媒體,子聯播網,36,18,18,100.00%,13,72.22%,5,27.78%,7.65
20260126,19,艾得基客行銷顧問股份有限公司,2689,Basketball Top5,22498,MW_300x250 Banner_Basketball TOP5_CPM5,,,子聯播網,110,55,55,100.00%,31,56.36%,24,43.64%,3.60
20260126,19,艾得基客行銷顧問股份有限公司,2578,鉅亨網,22507,MW_300x250_鉅亨網_直播用BN-1,,知名媒體,子聯播網,"4,805","2,302","2,302",100.00%,707,30.71%,"1,595",69.29%,8.05
20260126,19,艾得基客行銷顧問股份有限公司,3752,ＭoneyDJ,22514,MW_文中創意320x480_MoneyDJ,antifroud,知名媒體,,72,36,36,100.00%,23,63.89%,13,36.11%,14.35
20260126,19,李承翰-webptt,718,Web批踢踢(RWD),2284,MW-蓋板_文中_Web批踢踢,antifroud,,,18,6,6,100.00%,5,83.33%,1,16.67%,14.82
20260126,19,麥智維,999,動漫戲說,3543,CF-728*90-內文上方-動漫戲說,antifroud,,,70,33,33,100.00%,23,69.70%,10,30.30%,26.40
20260126,19,技達創意資訊有限公司,1299,泰好網,4734,MW-320*100-首頁、內文上方-泰好網,,,,24,8,8,100.00%,5,62.50%,3,37.50%,11.64
20260126,19,陈晋福,1367,電視超人,4997,CF-300X250-電視超人,,,,62,26,26,100.00%,11,42.31%,15,57.69%,2.38
20260126,19,麥智維,999,動漫戲說,6069,CF-300*250-首頁-動漫戲說,,,,26,11,11,100.00%,5,45.45%,6,54.55%,10.55
20260126,19,全曜財經資訊股份有限公司,1902,Cmoney-Mobile,7293,MW_置底創意(非展開)_Cmoney,antifroud,知名媒體,,46,23,23,100.00%,14,60.87%,9,39.13%,15.83
20260126,19,精鏡傳媒股份有限公司,1060,鏡週刊,8250,MW_置底創意(非展開)_鏡週刊,,知名媒體,,18,9,9,100.00%,8,88.89%,1,11.11%,36.00
20260126,19,巧克科技新媒體股份有限公司,2127,LINE TV_Banner-exchange,8576,CF_336x280_戲劇-右側好康資訊下方_LINE TV-exchange,,知名媒體,,49,24,24,100.00%,1,4.17%,23,95.83%,0.22
20260126,19,巧克科技新媒體股份有限公司,2127,LINE TV_Banner-exchange,8577,CF_336x280_戲劇-右側好康資訊上方_LINE TV-exchange,,知名媒體,,88,44,44,100.00%,2,4.55%,42,95.45%,0.11
20260126,19,見聞科技有限公司,2251,就是節目表,9233,MW-300x250-節目表文中-就是節目表,,,,6,3,3,100.00%,3,100.00%,0,0.00%,7.00
20260126,19,冰楓科技有限公司,1711,冰楓短網址,9308,ＭＷ-300X250-跳轉頁下方-冰楓短網址,,,,6,2,2,100.00%,0,0.00%,2,100.00%,0.00
20260126,19,高政德,1015,小鎮資訊,9426,(子)CF_300x250_全網指定時段_小鎮資訊,,,子聯播網,6,0,0,0.00%,0,0.00%,0,0.00%,0.00
20260126,19,蔡瑞文,300,樂透彩幸運發財網,9470,MW-置底-樂透幸運發財網,antifroud,知名媒體,,50,25,25,100.00%,24,96.00%,1,4.00%,6.94
20260126,19,高政德,1015,小鎮資訊,9597,(子)CF_300x600_全網指定時段_小鎮資訊,,,子聯播網,15,0,0,0.00%,0,0.00%,0,0.00%,0.00
20260126,20,英屬維京群島商浩美數位有限公司台灣分公司,2315,Teepr亮新聞-exchange,10012,CF_336x280Banner_Teepr亮新聞-exchange,,知名媒體,,893,438,438,100.00%,32,7.31%,406,92.69%,0.31
20260126,20,第一網站股份有限公司,2300,keketravel,10594,(子)CF_336x280_keketravel,,,子聯播網,69,32,32,100.00%,8,25.00%,24,75.00%,1.31
20260126,20,昱得資訊工作室,2528,數位書香,11080,CF_728x90_首頁上方_數位書香,antifroud,,,32,12,12,100.00%,8,66.67%,4,33.33%,3.99
20260126,20,昱得資訊工作室,2528,數位書香,11081,CF_160x600_首頁右側_數位書香,antifroud,,,698,312,312,100.00%,124,39.74%,188,60.26%,2.74
20260126,20,第一網站股份有限公司,2518,麻辣家族討論區(twbts),11082,CF-728X90-twbts,antifroud,,,150,70,70,100.00%,47,67.14%,23,32.86%,4.60
20260126,20,第一網站股份有限公司,2492,ttshow,11273,MW-300X250-ttshow,,知名媒體,,18,9,9,100.00%,3,33.33%,6,66.67%,1.70
20260126,20,第一網站股份有限公司,2601,Meme梗圖倉庫,11443,CF-336X280-meme,,,,209,103,103,100.00%,22,21.36%,81,78.64%,0.46
20260126,20,第一網站股份有限公司,2540,risu短網址,12496,CF_300x250_popup(直播) _risu短網址,antifroud,知名媒體,,42,14,14,100.00%,8,57.14%,6,42.86%,1.62
20260126,20,時報資訊股份有限公司,2770,中時電子報_HB,12559,CF_300x250_右側互動看版_中時電子報_HB,,知名媒體,,95,37,37,100.00%,14,37.84%,23,62.16%,7.30
20260126,20,時報資訊股份有限公司,2770,中時電子報_HB,12560,CF_336x280_文中看板_中時電子報_HB,,知名媒體,,85,33,33,100.00%,23,69.70%,10,30.30%,28.42
20260126,20,時報資訊股份有限公司,2770,中時電子報_HB,12561,MW_300x250_內頁TOP Banner_中時電子報_HB,antifroud,知名媒體,,625,307,307,100.00%,41,13.36%,266,86.64%,1.29
20260126,20,第一網站股份有限公司,2768,czbooks,12570,CF_728x90_banner_czbooks,,,,"58,619","28,806","28,804",99.99%,"21,411",74.33%,"7,393",25.67%,4.50
20260126,20,鳳梨傳媒股份有限公司,2190,民視新聞網-Exchange,12579,CF_300x250_右側第一塊_民視新聞網-Exchange(RWD)(MCM),,知名媒體,,"5,283","2,601","2,601",100.00%,107,4.11%,"2,494",95.89%,1.14
20260126,20,鳳梨傳媒股份有限公司,2190,民視新聞網-Exchange,12580,CF_300x250_內文文中左側_民視新聞網-Exchange(RWD)(MCM),,知名媒體,,"4,995","2,431","2,431",100.00%,161,6.62%,"2,270",93.38%,0.95
20260126,20,第一網站股份有限公司,2783,漫畫櫃manhuagui,12676,CF_728X90_manhuagui,antifroud,,,"63,600","31,264","31,264",100.00%,"11,266",36.04%,"19,998",63.96%,4.42
20260126,20,艾得基客行銷顧問股份有限公司,2635,工商時報,12761,MW_320x480_文中創意_工商時報new,,知名媒體,,265,131,131,100.00%,102,77.86%,29,22.14%,12.70
20260126,20,金隼行銷股份有限公司,2786,91譜,12792,MW_置底創意_91譜,,知名媒體,,6,3,3,100.00%,3,100.00%,0,0.00%,21.27
20260126,20,第一網站股份有限公司,2801,damanwoo,12868,CF-300x250_Banner_damanwoo_大人物,,,,42,17,17,100.00%,2,11.76%,15,88.24%,6.64
20260126,20,永悅健康股份有限公司,2813,早安樂活,12927,MW_置底創意(非展開)_早安樂活,,知名媒體,,24,12,12,100.00%,12,100.00%,0,0.00%,88.90
20260126,20,第一網站股份有限公司,2820,星座好朋友(horofriend88),12966,MW_320x100_horofriend88,antifroud,,,58,29,29,100.00%,28,96.55%,1,3.45%,28.12
20260126,20,第一網站股份有限公司,2836,vivi01,13032,MW_置底創意_vivi01 ViVi視頻,,,,6,3,3,100.00%,3,100.00%,0,0.00%,22.28
20260126,20,第一網站股份有限公司,2862,Manhuaren,13254,MW_320x100_banner_manhuaren,,,,6,3,3,100.00%,1,33.33%,2,66.67%,0.63
20260126,20,譚謹恩,2885,Mr. & Mrs. Diary-exchange,13406,MW_300x250_內文文中-Mr. & Mrs. Diary-exchange,,,,9,3,3,100.00%,0,0.00%,3,100.00%,0.13
20260126,20,曾憲敏,202,85小說網,13445,MW_336X280_全量1_85小說網,,,,836,417,417,100.00%,206,49.40%,211,50.60%,7.10
20260126,20,曾憲敏,202,85小說網,13446,MW_336X280_全量2_85小說網,,,,"6,143","3,055","3,055",100.00%,"1,625",53.19%,"1,430",46.81%,6.02
20260126,20,曾憲敏,601,85小說網_PC,13450,(子)CF_336x280_全量2_85小說網,,,子聯播網,230,115,115,100.00%,84,73.04%,31,26.96%,10.50
20260126,20,第一網站股份有限公司,2768,czbooks,13481,MW_300x250_banner_czbooks,antifroud,,子聯播網,"212,617","104,667","104,667",100.00%,"42,133",40.25%,"62,534",59.75%,3.49
20260126,20,第一網站股份有限公司,2768,czbooks,13482,(子)CF_300x600_banner_czbooks(限時段),,,子聯播網,"59,714","29,616","29,616",100.00%,"21,429",72.36%,"8,187",27.64%,110.39
20260126,20,第一網站股份有限公司,2768,czbooks,13483,(子)CF_970x250_banner_czbooks(限時段),,,子聯播網,"65,728","32,490","32,490",100.00%,"12,937",39.82%,"19,553",60.18%,7.97
20260126,20,第一網站股份有限公司,2910,clickme,13548,(子)CF_300x250_banner_clickme(一般),,,子聯播網,"1,243",589,589,100.00%,194,32.94%,395,67.06%,3.28
20260126,20,第一網站股份有限公司,2910,clickme,13549,CF_300x250_banner_clickme(一般),,,,235,118,118,100.00%,16,13.56%,102,86.44%,2.18
20260126,20,第一網站股份有限公司,2916,KiKiNote,13576,(子)CF_300x250_banner_kikinote,,知名媒體,子聯播網,"2,153","1,038","1,038",100.00%,112,10.79%,926,89.21%,0.99
20260126,20,闇碼科技股份有限公司,2992,縮短網址產生器-reurl-exchange,13848,CF_300x250_轉址失敗_最右邊_reurl,,知名媒體,,12,6,6,100.00%,2,33.33%,4,66.67%,2.16
20260126,20,闇碼科技股份有限公司,2992,縮短網址產生器-reurl-exchange,13856,CF_300x250_轉址失敗頁第二塊_reurl,,知名媒體,,18,6,6,100.00%,4,66.67%,2,33.33%,4.54
20260126,20,闇碼科技股份有限公司,2992,縮短網址產生器-reurl-exchange,13858,CF_300x250_網址下方左側_reurl,,知名媒體,,24,8,8,100.00%,0,0.00%,8,100.00%,0.00
20260126,20,闇碼科技股份有限公司,2992,縮短網址產生器-reurl-exchange,13860,CF_300x250_網址下方右側_reurl,,知名媒體,,32,8,8,100.00%,0,0.00%,8,100.00%,0.00
20260126,20,闇碼科技股份有限公司,2992,縮短網址產生器-reurl-exchange,13861,CF_300x250_網址下方右側(PB)_reurl,,知名媒體,,"2,978",13,12,92.31%,5,41.67%,7,58.33%,1.45
20260126,20,第一網站股份有限公司,2768,czbooks,13903,(子)CF_300x250_banner_czbooks(直播),antifroud,,子聯播網,"260,185","134,758","134,756",100.00%,"12,524",9.29%,"122,232",90.71%,0.53
20260126,20,第一網站股份有限公司,2783,漫畫櫃manhuagui,13904,(子)CF_300x250_banner_manhuagui(直播),antifroud,,子聯播網,"176,516","63,963","63,963",100.00%,"9,354",14.62%,"54,609",85.38%,0.98
20260126,20,第一網站股份有限公司,2768,czbooks,14036,MW_320x480_CZBOOKS,antifroud,,,87,42,42,100.00%,9,21.43%,33,78.57%,3.78
20260126,20,陳人鳳,480,飛格寵物家族_PC,1407,CF-728X90_上方通欄_飛格寵物家族,,,,18,7,7,100.00%,5,71.43%,2,28.57%,27.49
20260126,20,陳人鳳,480,飛格寵物家族_PC,1408,CF-300X250_內文_飛格寵物家族,,,,52,5,5,100.00%,4,80.00%,1,20.00%,5.38
20260126,20,飛凡傳播股份有限公司,1921,非凡新聞台-exchange,14188,MW_300x250_內文上方_非凡新聞-exchange,antifroud,知名媒體,,6,3,3,100.00%,1,33.33%,2,66.67%,4.00
20260126,20,飛凡傳播股份有限公司,1921,非凡新聞台-exchange,14189,CF_300x600_右側下方_非凡新聞-exchange,antifroud,知名媒體,,6,3,3,100.00%,0,0.00%,3,100.00%,0.00
20260126,20,闇碼科技股份有限公司,3048,縮短網址產生器-reurl,14210,MW_文中創意300x250_縮短網址產生器-reurl,,知名媒體,,"3,231",127,127,100.00%,77,60.63%,50,39.37%,3.76
20260126,20,巨思文化股份有限公司,3052,經理人_HB,14238,MW_文章結束第一塊_300x250_經理人-HB,,知名媒體,,12,6,6,100.00%,0,0.00%,6,100.00%,0.00
20260126,20,巨思文化股份有限公司,3052,經理人_HB,14241,MW_300x250_內文下方_經理人-HB,,知名媒體,,12,6,6,100.00%,0,0.00%,6,100.00%,0.00
20260126,20,富盈數據股份有限公司,3059,塔科女子,14258,CF_336x280_全網_塔科女子,,知名媒體,,546,255,255,100.00%,144,56.47%,111,43.53%,3.10
20260126,20,CBROOT LTD,3003,包子漫畫-exchange,14291,MW_300x250_蓋板(PB)_包子漫畫,,,,554,274,274,100.00%,165,60.22%,109,39.78%,14.64
20260126,20,朱光宁,3152,石頭小說-exchange,14472,MW_336x280_Banner_石頭小說,,,,"6,130","3,030","3,030",100.00%,"2,284",75.38%,746,24.62%,6.60
20260126,20,朱光宁,3149,稷下書院-exchange,14748,MW_320x100_置底(PB)_稷下書院,,,,"32,992","16,287","16,287",100.00%,450,2.76%,"15,837",97.24%,0.10
20260126,20,巨思文化股份有限公司,3053,數位時代_HB,14764,MW_置底創意_(非展開)_數位時代_HB,,知名媒體,,42,21,21,100.00%,17,80.95%,4,19.05%,13.64
20260126,20,中天電視股份有限公司,3282,中天新聞網-exchange,14980,CF_970x250_內頁_PC置頂橫幅-中天新聞網-exchange,,知名媒體,,278,107,107,100.00%,24,22.43%,83,77.57%,1.49
20260126,20,CBROOT LTD,3305,包子漫畫NEW-exchange,15145,(子)CF_970x250_指定流量Banner_包子漫畫(kukuc.co),antifroud,,子聯播網,"1,751",728,728,100.00%,41,5.63%,687,94.37%,1.43
20260126,20,曾憲敏,3327,85小說網_創意,15227,MW-300X250_85小說網_隨身影音PB,,,,6,3,3,100.00%,3,100.00%,0,0.00%,16.35
20260126,20,曾憲敏,3327,85小說網_創意,15228,MW-創意-85小說網,,,,38,19,19,100.00%,12,63.16%,7,36.84%,63.28
20260126,20,中天電視股份有限公司,3282,中天新聞網-exchange,15859,CF_336x280_內頁_PC右側互動看板B-中天新聞網-exchange,,知名媒體,,407,165,165,100.00%,39,23.64%,126,76.36%,3.05
20260126,20,CBROOT LTD,3352,西瓜卡通-exchange,15969,CF_728x90_影音內容_西瓜卡通-exchange,,,,86,43,43,100.00%,0,0.00%,43,100.00%,0.00
20260126,20,CBROOT LTD,3352,西瓜卡通-exchange,15970,CF_160x600_影音內容_西瓜卡通-exchange,,,,435,184,184,100.00%,73,39.67%,111,60.33%,13.17
20260126,20,時報資訊股份有限公司,2817,旺得富,16910,CF_300x250_Billboard_1s_旺得富,,知名媒體,,30,15,15,100.00%,11,73.33%,4,26.67%,12.57
20260126,20,時報資訊股份有限公司,2817,旺得富,16911,CF_300x250_Billboard_2nd_旺得富,,知名媒體,,55,27,27,100.00%,8,29.63%,19,70.37%,4.30
20260126,20,葉志斌,2745,繁中寶可夢卡表生成器-奶爸工作室-exchange,16950,CF_160x600_Banner_繁中寶可夢卡表生成器-奶爸工作室-exchange,,,,6,3,3,100.00%,2,66.67%,1,33.33%,5.01
20260126,20,葉志斌,2745,繁中寶可夢卡表生成器-奶爸工作室-exchange,16951,CF_300x600_Banner_繁中寶可夢卡表生成器-奶爸工作室-exchange,,,,213,105,105,100.00%,57,54.29%,48,45.71%,54.12
20260126,20,朱光宁,3360,提莫書屋-exchange,16957,MW_336x280banner_提莫書屋_exchange,,,,"21,137","10,497","10,497",100.00%,"8,185",77.97%,"2,312",22.03%,6.15
20260126,20,朱光宁,3361,提莫書屋-mobile,16959,MW_320x480_文中創意_提莫書屋-mobile,,,,124,61,61,100.00%,54,88.52%,7,11.48%,6.83
20260126,20,朱光宁,3149,稷下書院-exchange,17003,(子)CF_336x280_Banner(指定流量)_稷下書院-exchange,,,子聯播網,"7,773","3,687","3,687",100.00%,"2,100",56.96%,"1,587",43.04%,6.27
20260126,20,第一網站股份有限公司,2783,漫畫櫃manhuagui,17027,MW_320x480_蓋版_漫畫櫃manhuagui,,,,18,9,9,100.00%,3,33.33%,6,66.67%,0.91
20260126,20,朱光宁,3149,稷下書院-exchange,17095,(子)MW_336x280_Banner_稷下書院-exchange,antifroud,,,"26,809","13,074","13,074",100.00%,"8,916",68.20%,"4,158",31.80%,5.57
20260126,20,詠勝科技有限公司,3385,Mobile01_HB,17174,CF_970x250_超級橫幅_置底_Mobile01_HB,,知名媒體,,12,6,6,100.00%,1,16.67%,5,83.33%,0.94
20260126,20,詠勝科技有限公司,3385,Mobile01_HB,17178,CF_300x250_頻道頁_大看板_Mobile01_HB,,知名媒體,,286,141,141,100.00%,65,46.10%,76,53.90%,5.89
20260126,20,詠勝科技有限公司,3385,Mobile01_HB,17179,CF_300x250_熱門大看板_Mobile01_HB,,知名媒體,,"12,747","5,461","5,461",100.00%,"2,794",51.16%,"2,667",48.84%,5.23
20260126,20,詠勝科技有限公司,3385,Mobile01_HB,17183,CF_300x600_大摩天_Mobile01_HB,,知名媒體,,"6,409","3,088","3,088",100.00%,"1,623",52.56%,"1,465",47.44%,10.77
20260126,20,朱光宁,3268,稷下書院-mobile,17207,MW_320x480_蓋版_稷下書院-mobile,,,,618,260,260,100.00%,129,49.62%,131,50.38%,3.13
20260126,20,中華電視股份有限公司,3389,華視-mobile,17230,MW_置底創意(非展開)_華視-mobile,,知名媒體,,12,6,6,100.00%,6,100.00%,0,0.00%,16.93
20260126,20,李立娟,3395,vivi0視頻-exchange,17293,CF_336x280_Banner_vivi01視頻-exchange,antifroud,,,"34,973","17,119","17,119",100.00%,"2,283",13.34%,"14,836",86.66%,0.36
20260126,20,李立娟,3395,vivi0視頻-exchange,17294,MW_336x280_Banner_vivi01視頻-exchange,antifroud,,,"25,830","12,654","12,654",100.00%,"4,672",36.92%,"7,982",63.08%,1.79
20260126,20,李立娟,3397,趣聞圖說-exchange,17297,(子)MW_336x280_Banner_趣聞圖說-exchange,antifroud,,,"112,472","54,469","54,462",99.99%,"28,101",51.60%,"26,361",48.40%,3.68
20260126,20,李立娟,3395,vivi0視頻-exchange,17299,MW_300x250_蓋板(PB)-vivi01視頻-exchange,,,,52,26,26,100.00%,2,7.69%,24,92.31%,0.39
20260126,20,李立娟,3395,vivi0視頻-exchange,17300,MW_320x100_置底(PB)_vivi01視頻-exchange,antifroud,,,"1,059",519,519,100.00%,347,66.86%,172,33.14%,13.60
20260126,20,李立娟,3397,趣聞圖說-exchange,17309,MW_336x280_文中Banner_趣聞圖說-exchange,,,,6,3,3,100.00%,3,100.00%,0,0.00%,2.34
20260126,20,曾憲敏,601,85小說網_PC,1773,CF-300x250_85小說網_內文1,,,,274,134,134,100.00%,119,88.81%,15,11.19%,15.29
20260126,20,第一網站股份有限公司,2768,czbooks,17927,MW_置底創意_czbook,,,,"3,766","1,862","1,862",100.00%,"1,655",88.88%,207,11.12%,18.71
20260126,20,第一網站股份有限公司,3420,ftvnews,17970,MW_300x250_內文_ftvnews,,知名媒體,,12,6,6,100.00%,2,33.33%,4,66.67%,16.14
20260126,20,時報資訊股份有限公司_工商時報,3427,工商時報-exchange,18003,CF_300x250_互動看板2_工商時報-exchange,,知名媒體,,24,8,8,100.00%,4,50.00%,4,50.00%,5.20
20260126,20,時報資訊股份有限公司_工商時報,3427,工商時報-exchange,18014,MW_300x250_文末Banner1_工商時報-exchange,,知名媒體,,95,47,47,100.00%,17,36.17%,30,63.83%,2.08
20260126,20,時報資訊股份有限公司_工商時報,3427,工商時報-exchange,18015,MW_300x250_文末Banner2_工商時報-exchange,,知名媒體,,120,60,60,100.00%,1,1.67%,59,98.33%,0.02
20260126,20,第一網站股份有限公司,3440,fsa_passback_first,18202,CF_300x250_fsa_passback_first,,,,285,135,135,100.00%,16,11.85%,119,88.15%,1.54
20260126,20,第一網站股份有限公司,3440,fsa_passback_first,18266,(子)CF_970x250_cfbanner_blog,,,子聯播網,639,238,238,100.00%,3,1.26%,235,98.74%,0.03
20260126,20,莊博凱,3455,夢遊電玩,18269,300x250 Banner,,,,18,7,7,100.00%,6,85.71%,1,14.29%,6.21
20260126,20,朱光宁,3268,稷下書院-mobile,18297,MW_置底創意(展開)_稷下書院-mobile,,,,216,108,108,100.00%,99,91.67%,9,8.33%,12.04
20260126,20,冰楓科技有限公司,3485,冰楓論壇-exchange,18487,CF_970x90_內文上方第一塊_冰楓論壇-exchange,,,,"1,401",643,643,100.00%,146,22.71%,497,77.29%,1.71
20260126,20,冰楓科技有限公司,3485,冰楓論壇-exchange,18488,MW_320x100_內文上方第一塊_ 冰楓論壇-exchange,antifroud,,,12,4,4,100.00%,3,75.00%,1,25.00%,15.52
20260126,20,冰楓科技有限公司,3485,冰楓論壇-exchange,18492,MW_300x250_Banner_ 冰楓論壇-exchange,,,,543,236,236,100.00%,89,37.71%,147,62.29%,2.36
20260126,20,CBROOT LTD,3492,包子漫畫(特開流量)-exchange,18544,(子)CF_300x600_指定流量_包子漫畫(特開流量)-exchange,,,子聯播網,"27,598","12,789","12,789",100.00%,"7,291",57.01%,"5,498",42.99%,29.68
20260126,20,CBROOT LTD,3492,包子漫畫(特開流量)-exchange,18545,(子)CF_970x250_指定時段_包子漫畫(特開流量)-exchange,,,子聯播網,"195,527","84,128","84,127",100.00%,"6,760",8.04%,"77,367",91.96%,0.81
20260126,20,CBROOT LTD,3492,包子漫畫(特開流量)-exchange,18546,(子)CF_300x250_指定時段_包子漫畫(特開流量)-exchange,,,子聯播網,"450,247","173,129","173,129",100.00%,"21,256",12.28%,"151,873",87.72%,1.09
20260126,20,CBROOT LTD,3510,包子漫畫_twmanga-exchange,18732,MW_336x280_Banner_包子漫畫_twmanga,,,子聯播網,"93,223","42,847","42,847",100.00%,"14,293",33.36%,"28,554",66.64%,1.10
20260126,20,CBROOT LTD,3510,包子漫畫_twmanga-exchange,18735,CF_336x280_Banner_包子漫畫_twmanga-exchange,,,,230,95,95,100.00%,10,10.53%,85,89.47%,0.41
20260126,20,CBROOT LTD,3510,包子漫畫_twmanga-exchange,18736,CF_970x250_ 包子漫畫_twmanga-exchange,,,,"2,281",477,477,100.00%,73,15.30%,404,84.70%,0.58
20260126,20,第一網站股份有限公司,3516,ezneering,18756,(子)CF_300x250_Banner_ezneering,,,子聯播網,6,3,3,100.00%,1,33.33%,2,66.67%,0.40
20260126,20,台灣英文新聞股份有限公司,3537,台灣英文新聞(new)-exchange,18924,CF_300x250_內容頁_右側看版_1_台灣英文新聞(new)-exchange,,知名媒體,,158,60,60,100.00%,5,8.33%,55,91.67%,1.51
20260126,20,台灣英文新聞股份有限公司,3537,台灣英文新聞(new)-exchange,18925,CF_300x600_內容頁_右側看版_2_台灣英文新聞(new)-exchange,,知名媒體,,82,20,20,100.00%,3,15.00%,17,85.00%,1.05
20260126,20,艾得基客行銷顧問股份有限公司,3373,良醫健康網,19009,MW_蓋板_良醫健康網,,知名媒體,,6,3,3,100.00%,0,0.00%,3,100.00%,0.00
20260126,20,艾得基客行銷顧問股份有限公司,3373,良醫健康網,19010,MW_300x250_文中_良醫健康網,,知名媒體,,6,3,3,100.00%,2,66.67%,1,33.33%,6.75
20260126,20,聯合線上股份有限公司,3549,UDN元氣網,19018,CF_首頁文章推薦第三格300x250_UDN元氣網,,知名媒體,,6,3,3,100.00%,1,33.33%,2,66.67%,5.11
20260126,20,艾得基客行銷顧問股份有限公司,3552,玩具人,19044,MW_320x480_文中創意_玩具人,,知名媒體,,139,69,69,100.00%,46,66.67%,23,33.33%,14.36
20260126,20,先驅媒體社會企業股份有限公司,3554,新頭殼(R18),19047,(子)CF_300x250Banner_newtalk.tw_content_300250_1_新頭殼(R18),,知名媒體,子聯播網,12,5,5,100.00%,3,60.00%,2,40.00%,1.99
20260126,20,第一網站股份有限公司,2783,漫畫櫃manhuagui,20685,MW_300X250_manhuagui,antifroud,,,"3,238","1,601","1,601",100.00%,658,41.10%,943,58.90%,9.11
20260126,20,德榕企業有限公司,3578,TW Bodhi_mobile,20707,MW_置底創意_TW Bodhi,,,,42,21,21,100.00%,0,0.00%,21,100.00%,0.00
20260126,20,德榕企業有限公司,3578,TW Bodhi_mobile,20708,MW_蓋板_TW Bodhi,,,,724,362,359,99.17%,0,0.00%,359,100.00%,0.00
20260126,20,德榕企業有限公司,3581,忘憂書屋,20727,CF_336x280文章頁(RWD)_忘憂書屋,,,,124,62,61,98.39%,0,0.00%,61,100.00%,0.00
20260126,20,德榕企業有限公司,3582,忘憂書屋_mobile,20728,MW_文中創意300x250_忘憂書屋,,,,7,4,4,100.00%,0,0.00%,4,100.00%,0.00
20260126,20,德榕企業有限公司,3582,忘憂書屋_mobile,20729,MW_蓋板_忘憂書屋,,,,6,3,3,100.00%,0,0.00%,3,100.00%,0.00
20260126,20,德榕企業有限公司,3582,忘憂書屋_mobile,20730,MW_置底創意_忘憂書屋,,,,54,27,27,100.00%,0,0.00%,27,100.00%,0.00
20260126,20,第一網站股份有限公司,2910,clickme,20735,(子)CF_300x250_banner_clickme(成人),,,子聯播網,"13,436","6,501","6,501",100.00%,"2,104",32.36%,"4,397",67.64%,3.07
20260126,20,朱光宁,3269,石頭小說-mobile,21741,MW_320x480_蓋版_石頭小說-mobile,antifroud,,,6,3,3,100.00%,0,0.00%,3,100.00%,0.40
20260126,20,富盈數據股份有限公司,3653,TVBS-女人我最大_HB,21760,MW_文章三_336x280_TVBS-女人我最大_HB,,知名媒體,,158,79,79,100.00%,52,65.82%,27,34.18%,10.71
20260126,20,富盈數據股份有限公司,3653,TVBS-女人我最大_HB,21761,MW_文章四_336x280_TVBS-女人我最大_HB,,知名媒體,,952,475,475,100.00%,308,64.84%,167,35.16%,3.18
20260126,20,富盈數據股份有限公司,3653,TVBS-女人我最大_HB,21763,MW_文中創意320x480_TVBS-女人我最大_HB,,知名媒體,,"1,164",569,569,100.00%,455,79.96%,114,20.04%,28.93
20260126,20,富盈數據股份有限公司,3654,TVBS-健康2.0_HB,21768,MW_文中創意320x480_TVBS-健康2.0_HB,,知名媒體,,"1,551",721,721,100.00%,481,66.71%,240,33.29%,23.36
20260126,20,富盈數據股份有限公司,3655,TVBS-食尚玩家_HB,21770,MW_文章三_336x280_TVBS-食尚玩家_HB,,知名媒體,,670,317,317,100.00%,189,59.62%,128,40.38%,3.30
20260126,20,富盈數據股份有限公司,3655,TVBS-食尚玩家_HB,21771,MW_文章四_336x280_TVBS-食尚玩家_HB,,知名媒體,,6,2,2,100.00%,2,100.00%,0,0.00%,4.41
20260126,20,富盈數據股份有限公司,3655,TVBS-食尚玩家_HB,21772,MW_文章置底_320x100_TVBS-食尚玩家_HB,,知名媒體,,24,12,12,100.00%,8,66.67%,4,33.33%,19.17
20260126,20,富盈數據股份有限公司,3655,TVBS-食尚玩家_HB,21773,MW_文中創意320x480_TVBS-食尚玩家_HB,,知名媒體,,914,447,447,100.00%,323,72.26%,124,27.74%,22.57
20260126,20,富盈數據股份有限公司,3653,TVBS-女人我最大_HB,21803,MW_文章一_336x280_TVBS-女人我最大_HB,,知名媒體,,12,6,6,100.00%,4,66.67%,2,33.33%,15.84
20260126,20,先驅媒體社會企業股份有限公司,3554,新頭殼(R18),21831,(子)CF_300x250Banner_newtalk.tw_all_300250_2_新頭殼(R18),,知名媒體,子聯播網,6,2,2,100.00%,1,50.00%,1,50.00%,7.50
20260126,20,先驅媒體社會企業股份有限公司,3554,新頭殼(R18),21839,ＭＷ_336x280Banner_newtalk.tw_mobile_all_336280_2_新頭殼(R18),antifroud,知名媒體,,164,80,80,100.00%,68,85.00%,12,15.00%,14.07
20260126,20,儂儂雜誌社股份有限公司(bella儂儂),2135,Bella儂儂_2024,21876,MW-300x250_文章標題上方1_Bella儂儂,,知名媒體,,"1,006",503,503,100.00%,285,56.66%,218,43.34%,3.79
20260126,20,富盈數據股份有限公司,3680,TVBS-新聞網_HB,21898,CF_文章右側300x600_TVBS-新聞網_HB,,知名媒體,,64,31,31,100.00%,8,25.81%,23,74.19%,2.44
20260126,20,富盈數據股份有限公司,3680,TVBS-新聞網_HB,21899,MW_文章一_336x280_TVBS-新聞網_HB,,知名媒體,,"2,729","1,347","1,347",100.00%,945,70.16%,402,29.84%,6.23
20260126,20,富盈數據股份有限公司,3680,TVBS-新聞網_HB,21900,MW_文章三_336x280_TVBS-新聞網_HB,,知名媒體,,153,76,76,100.00%,46,60.53%,30,39.47%,4.95
20260126,20,富盈數據股份有限公司,3680,TVBS-新聞網_HB,21902,MW_文章置底_320x100_TVBS-新聞網_HB,,知名媒體,,"2,035","1,009","1,009",100.00%,322,31.91%,687,68.09%,14.06
20260126,20,富盈數據股份有限公司,3684,稅美人_mobile,21923,MW_置底創意(非展開)_稅美人-mobile,,,,"3,520","1,744","1,744",100.00%,"1,499",85.95%,245,14.05%,24.51
20260126,20,富盈數據股份有限公司,3685,玩桌遊_mobile,21924,MW_置底創意(非展開)_玩桌遊-mobile,,,,543,270,270,100.00%,226,83.70%,44,16.30%,12.07
20260126,20,富盈數據股份有限公司,2615,熱血台中,21986,CF_336x280_全網_熱血台中,,,,146,73,73,100.00%,43,58.90%,30,41.10%,1.52
20260126,20,富盈數據股份有限公司,2615,熱血台中,21987,CF_336x280_全網_熱血台中,,,,116,57,57,100.00%,35,61.40%,22,38.60%,3.43
20260126,20,富盈數據股份有限公司,3703,繁體小說,22022,MW_置底創意(非展開)_繁體小說-mobile,,,,6,3,3,100.00%,3,100.00%,0,0.00%,17.00
20260126,20,富盈數據股份有限公司,3704,天天要聞,22030,CF_300 x 250 banner_天天要聞_cpc2,,,,"4,883","2,421","2,421",100.00%,"1,983",81.91%,438,18.09%,13.24
20260126,20,富盈數據股份有限公司,3703,繁體小說,22031,CF_300 x 250 banner_繁體小說_cpc2,,,,236,101,101,100.00%,62,61.39%,39,38.61%,7.12
20260126,20,朱光宁,3708,石頭小說,22045,CF_336 x 280 banner_石頭小說_cpc1.67,antifroud,,,"299,664","147,662","147,662",100.00%,"71,183",48.21%,"76,479",51.79%,3.62
20260126,20,朱光宁,3718,稷下書院2,22093,CF_336 x 280 banner_稷下書院2_cpc1.67,antifroud,,,"231,508","113,768","113,768",100.00%,"70,812",62.24%,"42,956",37.76%,4.56
20260126,20,艾得基客行銷顧問股份有限公司,3719,遠見雜誌,22105,MW_蓋板_遠見_遠見雜誌,,知名媒體,,6,3,3,100.00%,0,0.00%,3,100.00%,0.00
20260126,20,富盈數據股份有限公司,3680,TVBS-新聞網_HB,22131,CF_文中300x250_TVBS-新聞網_HB_1,,知名媒體,,62,29,29,100.00%,20,68.97%,9,31.03%,7.56
20260126,20,富盈數據股份有限公司,3680,TVBS-新聞網_HB,22132,CF_文中300x250_TVBS-新聞網_HB_2,,知名媒體,,450,220,220,100.00%,149,67.73%,71,32.27%,7.86
20260126,20,富盈數據股份有限公司,3680,TVBS-新聞網_HB,22133,CF_文中300x250_TVBS-新聞網_HB_3,,知名媒體,,"1,114",517,517,100.00%,323,62.48%,194,37.52%,8.92
20260126,20,富盈數據股份有限公司,3730,Teepr 亮新聞 HB,22145,MW_336x280_文中創意_Teepr亮新聞 HB,,,,6,3,3,100.00%,3,100.00%,0,0.00%,1.00
20260126,20,闇碼科技股份有限公司,3048,縮短網址產生器-reurl,22213,MW_蓋版_縮短網址產生器-reurl-2025.05(特殊供量),,知名媒體,,"3,166",99,98,98.99%,19,19.39%,79,80.61%,2.07
20260126,20,艾得基客行銷顧問股份有限公司,3724,上報,22217,MW_置底創意(非展開)_上報,,知名媒體,,812,401,401,100.00%,372,92.77%,29,7.23%,46.56
20260126,20,艾得基客行銷顧問股份有限公司,3724,上報,22218,MW_置底(展開)_上報,,知名媒體,,564,281,281,100.00%,249,88.61%,32,11.39%,43.08
20260126,20,艾得基客行銷顧問股份有限公司,2689,Basketball Top5,22219,MW_置底(展開)_Basketball TOP5,,,,72,36,36,100.00%,33,91.67%,3,8.33%,15.29
20260126,20,朱光宁,3741,石頭小說3,22398,CF_336 x 280 banner_石頭小說3_cpc1.67,,,,"24,972","12,259","12,259",100.00%,"8,652",70.58%,"3,607",29.42%,7.18
20260126,20,艾得基客行銷顧問股份有限公司,3724,上報,22405,MW_蓋版_上報,,知名媒體,,34,16,16,100.00%,8,50.00%,8,50.00%,1.29
20260126,20,闇碼科技股份有限公司,3068,限時圖片-imgus,22406,MW_置底_imgus,antifroud,,,807,384,384,100.00%,203,52.86%,181,47.14%,2.16
20260126,20,第一網站股份有限公司,2783,漫畫櫃manhuagui,22443,MW_置底_manhuagui,antifroud,,,"2,149","1,042","1,042",100.00%,438,42.03%,604,57.97%,6.80
20260126,20,艾得基客行銷顧問股份有限公司,2689,Basketball Top5,22498,MW_300x250 Banner_Basketball TOP5_CPM5,,,子聯播網,284,142,142,100.00%,69,48.59%,73,51.41%,2.97
20260126,20,艾得基客行銷顧問股份有限公司,2578,鉅亨網,22507,MW_300x250_鉅亨網_直播用BN-1,,知名媒體,子聯播網,"5,021","2,364","2,364",100.00%,813,34.39%,"1,551",65.61%,10.25
20260126,20,艾得基客行銷顧問股份有限公司,3724,上報,22512,MW_300x250_上報_直播用BN-3,,知名媒體,子聯播網,6,3,3,100.00%,0,0.00%,3,100.00%,0.00
20260126,20,艾得基客行銷顧問股份有限公司,3752,ＭoneyDJ,22514,MW_文中創意320x480_MoneyDJ,antifroud,知名媒體,,84,42,42,100.00%,35,83.33%,7,16.67%,9.83
20260126,20,李承翰-webptt,718,Web批踢踢(RWD),2284,MW-蓋板_文中_Web批踢踢,antifroud,,,12,4,4,100.00%,1,25.00%,3,75.00%,0.76
20260126,20,麥智維,999,動漫戲說,3543,CF-728*90-內文上方-動漫戲說,antifroud,,,68,29,29,100.00%,19,65.52%,10,34.48%,51.38
20260126,20,麥智維,999,動漫戲說,3544,CF-728*90-列表上方-動漫戲說,,,,6,3,3,100.00%,0,0.00%,3,100.00%,0.00
20260126,20,陈晋福,1367,電視超人,4997,CF-300X250-電視超人,,,,54,26,26,100.00%,18,69.23%,8,30.77%,4.95
20260126,20,麥智維,999,動漫戲說,6069,CF-300*250-首頁-動漫戲說,,,,128,59,59,100.00%,32,54.24%,27,45.76%,5.26
20260126,20,精鏡傳媒股份有限公司,1060,鏡週刊,8250,MW_置底創意(非展開)_鏡週刊,,知名媒體,,30,15,15,100.00%,14,93.33%,1,6.67%,40.32
20260126,20,布林遊國際有限公司,1692,Bring You,8393,CF-300X250-上方通欄右側_BringYou,,知名媒體,,8,4,4,100.00%,2,50.00%,2,50.00%,4.09
20260126,20,巧克科技新媒體股份有限公司,2127,LINE TV_Banner-exchange,8576,CF_336x280_戲劇-右側好康資訊下方_LINE TV-exchange,,知名媒體,,44,22,22,100.00%,1,4.55%,21,95.45%,0.05
20260126,20,巧克科技新媒體股份有限公司,2127,LINE TV_Banner-exchange,8577,CF_336x280_戲劇-右側好康資訊上方_LINE TV-exchange,,知名媒體,,30,15,15,100.00%,0,0.00%,15,100.00%,0.00
20260126,20,鳳梨傳媒股份有限公司,2190,民視新聞網-Exchange,8862,CF_970X90_分類新聞內頁上方_民視新聞(MCM),,知名媒體,,6,0,0,0.00%,0,0.00%,0,0.00%,0.00
20260126,20,見聞科技有限公司,2251,就是節目表,9233,MW-300x250-節目表文中-就是節目表,,,,43,22,22,100.00%,11,50.00%,11,50.00%,16.57
20260126,20,蔡瑞文,300,樂透彩幸運發財網,9470,MW-置底-樂透幸運發財網,antifroud,知名媒體,,42,21,21,100.00%,20,95.24%,1,4.76%,23.77
20260126,20,巧克科技新媒體股份有限公司,2127,LINE TV_Banner-exchange,9788,CF_970x250_首頁-戲劇列表第一塊_LINE TV-exchange,,知名媒體,,6,3,3,100.00%,0,0.00%,3,100.00%,0.00
20260126,21,英屬維京群島商浩美數位有限公司台灣分公司,2315,Teepr亮新聞-exchange,10012,CF_336x280Banner_Teepr亮新聞-exchange,,知名媒體,,"1,046",511,511,100.00%,24,4.70%,487,95.30%,0.20
20260126,21,第一網站股份有限公司,2300,keketravel,10594,(子)CF_336x280_keketravel,,,子聯播網,66,24,24,100.00%,9,37.50%,15,62.50%,3.22
20260126,21,昱得資訊工作室,2528,數位書香,11080,CF_728x90_首頁上方_數位書香,antifroud,,,60,25,25,100.00%,18,72.00%,7,28.00%,4.17
20260126,21,昱得資訊工作室,2528,數位書香,11081,CF_160x600_首頁右側_數位書香,antifroud,,,840,376,376,100.00%,157,41.76%,219,58.24%,2.77
20260126,21,第一網站股份有限公司,2518,麻辣家族討論區(twbts),11082,CF-728X90-twbts,antifroud,,,181,76,76,100.00%,59,77.63%,17,22.37%,5.66
20260126,21,第一網站股份有限公司,2540,risu短網址,11260,MW-300X250-MB_page_left-risu,,知名媒體,,6,3,3,100.00%,1,33.33%,2,66.67%,0.33
20260126,21,第一網站股份有限公司,2492,ttshow,11273,MW-300X250-ttshow,,知名媒體,,12,6,6,100.00%,3,50.00%,3,50.00%,6.10
20260126,21,第一網站股份有限公司,2601,Meme梗圖倉庫,11443,CF-336X280-meme,,,,160,83,83,100.00%,11,13.25%,72,86.75%,4.06
20260126,21,葉志斌,2745,繁中寶可夢卡表生成器-奶爸工作室-exchange,12210,CF_728x90__文末__繁中寶可夢卡表生成器,,,,24,12,12,100.00%,6,50.00%,6,50.00%,19.00
20260126,21,第一網站股份有限公司,2540,risu短網址,12496,CF_300x250_popup(直播) _risu短網址,antifroud,知名媒體,,14,6,6,100.00%,4,66.67%,2,33.33%,29.06
20260126,21,第一網站股份有限公司,2768,czbooks,12570,CF_728x90_banner_czbooks,,,,"66,541","32,635","32,633",99.99%,"23,933",73.34%,"8,700",26.66%,4.41
20260126,21,鳳梨傳媒股份有限公司,2190,民視新聞網-Exchange,12579,CF_300x250_右側第一塊_民視新聞網-Exchange(RWD)(MCM),,知名媒體,,"4,494","2,219","2,219",100.00%,82,3.70%,"2,137",96.30%,0.50
20260126,21,鳳梨傳媒股份有限公司,2190,民視新聞網-Exchange,12580,CF_300x250_內文文中左側_民視新聞網-Exchange(RWD)(MCM),,知名媒體,,"4,146","2,038","2,038",100.00%,135,6.62%,"1,903",93.38%,0.85
20260126,21,第一網站股份有限公司,2783,漫畫櫃manhuagui,12676,CF_728X90_manhuagui,antifroud,,,"82,933","40,208","40,206",100.00%,"14,191",35.30%,"26,015",64.70%,3.86
20260126,21,艾得基客行銷顧問股份有限公司,2635,工商時報,12761,MW_320x480_文中創意_工商時報new,,知名媒體,,289,142,142,100.00%,117,82.39%,25,17.61%,13.16
20260126,21,第一網站股份有限公司,2801,damanwoo,12868,CF-300x250_Banner_damanwoo_大人物,,,,12,4,4,100.00%,0,0.00%,4,100.00%,0.00
20260126,21,永悅健康股份有限公司,2813,早安樂活,12927,MW_置底創意(非展開)_早安樂活,,知名媒體,,6,3,3,100.00%,3,100.00%,0,0.00%,36.67
20260126,21,第一網站股份有限公司,2820,星座好朋友(horofriend88),12966,MW_320x100_horofriend88,antifroud,,,46,23,23,100.00%,21,91.30%,2,8.70%,35.49
20260126,21,第一網站股份有限公司,2836,vivi01,13032,MW_置底創意_vivi01 ViVi視頻,,,,12,6,6,100.00%,4,66.67%,2,33.33%,3.04
20260126,21,和運租車股份有限公司,2878,abc好車網,13368,CF_970x90_物件頁下方_abc好車網,,知名媒體,,6,3,3,100.00%,0,0.00%,3,100.00%,0.15
20260126,21,曾憲敏,202,85小說網,13445,MW_336X280_全量1_85小說網,,,,788,394,394,100.00%,198,50.25%,196,49.75%,6.21
20260126,21,曾憲敏,202,85小說網,13446,MW_336X280_全量2_85小說網,,,,"7,136","3,546","3,546",100.00%,"1,898",53.53%,"1,648",46.47%,7.36
20260126,21,曾憲敏,601,85小說網_PC,13450,(子)CF_336x280_全量2_85小說網,,,子聯播網,364,181,181,100.00%,116,64.09%,65,35.91%,12.99
20260126,21,第一網站股份有限公司,2768,czbooks,13481,MW_300x250_banner_czbooks,antifroud,,子聯播網,"230,708","113,534","113,534",100.00%,"45,042",39.67%,"68,492",60.33%,3.34
20260126,21,第一網站股份有限公司,2768,czbooks,13482,(子)CF_300x600_banner_czbooks(限時段),,,子聯播網,"67,726","33,572","33,571",100.00%,"24,264",72.28%,"9,307",27.72%,105.82
20260126,21,第一網站股份有限公司,2768,czbooks,13483,(子)CF_970x250_banner_czbooks(限時段),,,子聯播網,"75,072","37,051","37,050",100.00%,"14,498",39.13%,"22,552",60.87%,6.94
20260126,21,第一網站股份有限公司,2910,clickme,13548,(子)CF_300x250_banner_clickme(一般),,,子聯播網,"2,261","1,069","1,066",99.72%,290,27.20%,776,72.80%,2.96
20260126,21,第一網站股份有限公司,2910,clickme,13549,CF_300x250_banner_clickme(一般),,,,322,157,151,96.18%,8,5.30%,143,94.70%,0.17
20260126,21,第一網站股份有限公司,2916,KiKiNote,13576,(子)CF_300x250_banner_kikinote,,知名媒體,子聯播網,"2,285","1,099","1,099",100.00%,124,11.28%,975,88.72%,0.76
20260126,21,闇碼科技股份有限公司,2992,縮短網址產生器-reurl-exchange,13848,CF_300x250_轉址失敗_最右邊_reurl,,知名媒體,,6,3,3,100.00%,1,33.33%,2,66.67%,1.67
20260126,21,闇碼科技股份有限公司,2992,縮短網址產生器-reurl-exchange,13856,CF_300x250_轉址失敗頁第二塊_reurl,,知名媒體,,12,3,3,100.00%,1,33.33%,2,66.67%,2.44
20260126,21,闇碼科技股份有限公司,2992,縮短網址產生器-reurl-exchange,13858,CF_300x250_網址下方左側_reurl,,知名媒體,,12,5,5,100.00%,0,0.00%,5,100.00%,0.00
20260126,21,闇碼科技股份有限公司,2992,縮短網址產生器-reurl-exchange,13860,CF_300x250_網址下方右側_reurl,,知名媒體,,24,11,11,100.00%,1,9.09%,10,90.91%,0.34
20260126,21,闇碼科技股份有限公司,2992,縮短網址產生器-reurl-exchange,13861,CF_300x250_網址下方右側(PB)_reurl,,知名媒體,,150,13,13,100.00%,7,53.85%,6,46.15%,19.88
20260126,21,第一網站股份有限公司,2768,czbooks,13903,(子)CF_300x250_banner_czbooks(直播),antifroud,,子聯播網,"296,168","154,873","154,870",100.00%,"13,651",8.81%,"141,219",91.19%,0.56
20260126,21,第一網站股份有限公司,2783,漫畫櫃manhuagui,13904,(子)CF_300x250_banner_manhuagui(直播),antifroud,,子聯播網,"211,151","79,406","79,405",100.00%,"11,869",14.95%,"67,536",85.05%,0.75
20260126,21,第一網站股份有限公司,2768,czbooks,14036,MW_320x480_CZBOOKS,antifroud,,,89,42,42,100.00%,7,16.67%,35,83.33%,19.93
20260126,21,陳人鳳,480,飛格寵物家族_PC,1407,CF-728X90_上方通欄_飛格寵物家族,,,,6,2,2,100.00%,2,100.00%,0,0.00%,66.36
20260126,21,陳人鳳,480,飛格寵物家族_PC,1408,CF-300X250_內文_飛格寵物家族,,,,94,13,13,100.00%,12,92.31%,1,7.69%,22.19
20260126,21,飛凡傳播股份有限公司,1921,非凡新聞台-exchange,14188,MW_300x250_內文上方_非凡新聞-exchange,antifroud,知名媒體,,6,3,3,100.00%,0,0.00%,3,100.00%,0.00
20260126,21,闇碼科技股份有限公司,3048,縮短網址產生器-reurl,14210,MW_文中創意300x250_縮短網址產生器-reurl,,知名媒體,,453,143,142,99.30%,84,59.15%,58,40.85%,6.48
20260126,21,巨思文化股份有限公司,3052,經理人_HB,14241,MW_300x250_內文下方_經理人-HB,,知名媒體,,6,3,3,100.00%,2,66.67%,1,33.33%,3.05
20260126,21,富盈數據股份有限公司,3059,塔科女子,14258,CF_336x280_全網_塔科女子,,知名媒體,,636,297,297,100.00%,160,53.87%,137,46.13%,5.21
20260126,21,CBROOT LTD,3003,包子漫畫-exchange,14291,MW_300x250_蓋板(PB)_包子漫畫,,,,328,163,163,100.00%,104,63.80%,59,36.20%,13.75
20260126,21,朱光宁,3152,石頭小說-exchange,14472,MW_336x280_Banner_石頭小說,,,,"7,541","3,727","3,727",100.00%,"2,772",74.38%,955,25.62%,6.77
20260126,21,朱光宁,3149,稷下書院-exchange,14748,MW_320x100_置底(PB)_稷下書院,,,,"36,219","17,911","17,911",100.00%,528,2.95%,"17,383",97.05%,0.10
20260126,21,巨思文化股份有限公司,3053,數位時代_HB,14764,MW_置底創意_(非展開)_數位時代_HB,,知名媒體,,121,59,59,100.00%,49,83.05%,10,16.95%,22.92
20260126,21,中天電視股份有限公司,3282,中天新聞網-exchange,14980,CF_970x250_內頁_PC置頂橫幅-中天新聞網-exchange,,知名媒體,,442,186,186,100.00%,45,24.19%,141,75.81%,3.21
20260126,21,CBROOT LTD,3305,包子漫畫NEW-exchange,15143,(子)CF_970x250_Banner(直播)_包子漫畫(kukuc.co),,,子聯播網,8,4,4,100.00%,2,50.00%,2,50.00%,0.91
20260126,21,CBROOT LTD,3305,包子漫畫NEW-exchange,15145,(子)CF_970x250_指定流量Banner_包子漫畫(kukuc.co),antifroud,,子聯播網,"1,440",659,659,100.00%,103,15.63%,556,84.37%,5.12
20260126,21,曾憲敏,3327,85小說網_創意,15227,MW-300X250_85小說網_隨身影音PB,,,,18,9,9,100.00%,5,55.56%,4,44.44%,5.14
20260126,21,曾憲敏,3327,85小說網_創意,15228,MW-創意-85小說網,,,,20,10,10,100.00%,4,40.00%,6,60.00%,18.56
20260126,21,中天電視股份有限公司,3282,中天新聞網-exchange,15859,CF_336x280_內頁_PC右側互動看板B-中天新聞網-exchange,,知名媒體,,659,280,280,100.00%,77,27.50%,203,72.50%,3.90
20260126,21,CBROOT LTD,3352,西瓜卡通-exchange,15969,CF_728x90_影音內容_西瓜卡通-exchange,,,,30,15,15,100.00%,0,0.00%,15,100.00%,0.00
20260126,21,CBROOT LTD,3352,西瓜卡通-exchange,15970,CF_160x600_影音內容_西瓜卡通-exchange,,,,280,120,120,100.00%,29,24.17%,91,75.83%,6.42
20260126,21,時報資訊股份有限公司,2817,旺得富,16910,CF_300x250_Billboard_1s_旺得富,,知名媒體,,6,3,3,100.00%,3,100.00%,0,0.00%,5.40
20260126,21,時報資訊股份有限公司,2817,旺得富,16911,CF_300x250_Billboard_2nd_旺得富,,知名媒體,,18,8,8,100.00%,2,25.00%,6,75.00%,0.90
20260126,21,葉志斌,2745,繁中寶可夢卡表生成器-奶爸工作室-exchange,16950,CF_160x600_Banner_繁中寶可夢卡表生成器-奶爸工作室-exchange,,,,6,3,3,100.00%,1,33.33%,2,66.67%,11.80
20260126,21,葉志斌,2745,繁中寶可夢卡表生成器-奶爸工作室-exchange,16951,CF_300x600_Banner_繁中寶可夢卡表生成器-奶爸工作室-exchange,,,,601,293,293,100.00%,93,31.74%,200,68.26%,24.78
20260126,21,朱光宁,3360,提莫書屋-exchange,16957,MW_336x280banner_提莫書屋_exchange,,,,"23,273","11,564","11,564",100.00%,"8,942",77.33%,"2,622",22.67%,6.20
20260126,21,朱光宁,3361,提莫書屋-mobile,16959,MW_320x480_文中創意_提莫書屋-mobile,,,,160,79,79,100.00%,72,91.14%,7,8.86%,5.53
20260126,21,欣發現股份有限公司,3365,Hami任務牆-mobile,16969,MW_置底創意_Hami任務牆,,知名媒體,,6,2,2,100.00%,2,100.00%,0,0.00%,10.39
20260126,21,欣發現股份有限公司,3364,女子學-mobile,16972,MW_置底創意_女子學,antifroud,,,47,26,26,100.00%,2,7.69%,24,92.31%,0.35
20260126,21,欣發現股份有限公司,3363,大人物-mobile,16973,MW_置底創意_大人物,,知名媒體,,6,3,3,100.00%,3,100.00%,0,0.00%,19.01
20260126,21,朱光宁,3149,稷下書院-exchange,17003,(子)CF_336x280_Banner(指定流量)_稷下書院-exchange,,,子聯播網,"7,790","3,408","3,408",100.00%,"1,953",57.31%,"1,455",42.69%,6.75
20260126,21,第一網站股份有限公司,2820,星座好朋友(horofriend88),17026,MW_320x480_蓋版_星座好朋友(horofriend88),antifroud,,,6,3,3,100.00%,1,33.33%,2,66.67%,0.34
20260126,21,第一網站股份有限公司,2783,漫畫櫃manhuagui,17027,MW_320x480_蓋版_漫畫櫃manhuagui,,,,18,9,9,100.00%,1,11.11%,8,88.89%,0.26
20260126,21,艾得基客行銷顧問股份有限公司,3373,良醫健康網,17092,MW_置底創意_良醫健康網,,知名媒體,,30,15,15,100.00%,11,73.33%,4,26.67%,40.44
20260126,21,朱光宁,3149,稷下書院-exchange,17095,(子)MW_336x280_Banner_稷下書院-exchange,antifroud,,,"27,315","13,441","13,441",100.00%,"9,010",67.03%,"4,431",32.97%,5.57
20260126,21,詠勝科技有限公司,3385,Mobile01_HB,17174,CF_970x250_超級橫幅_置底_Mobile01_HB,,知名媒體,,32,15,15,100.00%,0,0.00%,15,100.00%,0.00
20260126,21,詠勝科技有限公司,3385,Mobile01_HB,17178,CF_300x250_頻道頁_大看板_Mobile01_HB,,知名媒體,,198,97,97,100.00%,54,55.67%,43,44.33%,5.50
20260126,21,詠勝科技有限公司,3385,Mobile01_HB,17179,CF_300x250_熱門大看板_Mobile01_HB,,知名媒體,,"17,812","8,002","8,002",100.00%,"4,140",51.74%,"3,862",48.26%,5.31
20260126,21,詠勝科技有限公司,3385,Mobile01_HB,17183,CF_300x600_大摩天_Mobile01_HB,,知名媒體,,"6,818","3,270","3,270",100.00%,"1,828",55.90%,"1,442",44.10%,12.57
20260126,21,朱光宁,3268,稷下書院-mobile,17207,MW_320x480_蓋版_稷下書院-mobile,,,,553,235,235,100.00%,126,53.62%,109,46.38%,2.84
20260126,21,李立娟,3395,vivi0視頻-exchange,17293,CF_336x280_Banner_vivi01視頻-exchange,antifroud,,,"30,530","14,956","14,956",100.00%,"2,150",14.38%,"12,806",85.62%,0.37
20260126,21,李立娟,3395,vivi0視頻-exchange,17294,MW_336x280_Banner_vivi01視頻-exchange,antifroud,,,"22,777","11,179","11,179",100.00%,"4,069",36.40%,"7,110",63.60%,1.81
20260126,21,李立娟,3397,趣聞圖說-exchange,17297,(子)MW_336x280_Banner_趣聞圖說-exchange,antifroud,,,"126,593","61,392","61,390",100.00%,"32,920",53.62%,"28,470",46.38%,3.79
20260126,21,李立娟,3395,vivi0視頻-exchange,17299,MW_300x250_蓋板(PB)-vivi01視頻-exchange,,,,140,70,70,100.00%,6,8.57%,64,91.43%,0.21
20260126,21,李立娟,3395,vivi0視頻-exchange,17300,MW_320x100_置底(PB)_vivi01視頻-exchange,antifroud,,,571,280,280,100.00%,193,68.93%,87,31.07%,15.09
20260126,21,李立娟,3397,趣聞圖說-exchange,17309,MW_336x280_文中Banner_趣聞圖說-exchange,,,,19,6,6,100.00%,4,66.67%,2,33.33%,2.00
20260126,21,曾憲敏,601,85小說網_PC,1773,CF-300x250_85小說網_內文1,,,,411,205,205,100.00%,165,80.49%,40,19.51%,12.08
20260126,21,第一網站股份有限公司,2768,czbooks,17927,MW_置底創意_czbook,,,,126,63,63,100.00%,57,90.48%,6,9.52%,13.11
20260126,21,第一網站股份有限公司,3420,ftvnews,17970,MW_300x250_內文_ftvnews,,知名媒體,,6,3,3,100.00%,1,33.33%,2,66.67%,10.05
20260126,21,時報資訊股份有限公司_工商時報,3427,工商時報-exchange,18003,CF_300x250_互動看板2_工商時報-exchange,,知名媒體,,18,7,7,100.00%,3,42.86%,4,57.14%,3.98
20260126,21,時報資訊股份有限公司_工商時報,3427,工商時報-exchange,18014,MW_300x250_文末Banner1_工商時報-exchange,,知名媒體,,6,3,3,100.00%,1,33.33%,2,66.67%,1.67
20260126,21,第一網站股份有限公司,3440,fsa_passback_first,18202,CF_300x250_fsa_passback_first,,,,85,42,42,100.00%,10,23.81%,32,76.19%,3.21
20260126,21,第一網站股份有限公司,3440,fsa_passback_first,18266,(子)CF_970x250_cfbanner_blog,,,子聯播網,160,18,18,100.00%,0,0.00%,18,100.00%,0.00
20260126,21,莊博凱,3455,夢遊電玩,18269,300x250 Banner,,,,52,20,20,100.00%,11,55.00%,9,45.00%,4.73
20260126,21,朱光宁,3268,稷下書院-mobile,18297,MW_置底創意(展開)_稷下書院-mobile,,,,6,3,3,100.00%,3,100.00%,0,0.00%,2.53
20260126,21,冰楓科技有限公司,3485,冰楓論壇-exchange,18487,CF_970x90_內文上方第一塊_冰楓論壇-exchange,,,,"1,544",703,703,100.00%,158,22.48%,545,77.52%,2.44
20260126,21,冰楓科技有限公司,3485,冰楓論壇-exchange,18492,MW_300x250_Banner_ 冰楓論壇-exchange,,,,691,309,309,100.00%,126,40.78%,183,59.22%,3.83
20260126,21,闇碼科技股份有限公司,3048,縮短網址產生器-reurl,18535,MW_蓋版_縮短網址產生器-reurl,,知名媒體,,12,6,6,100.00%,3,50.00%,3,50.00%,0.81
20260126,21,CBROOT LTD,3492,包子漫畫(特開流量)-exchange,18544,(子)CF_300x600_指定流量_包子漫畫(特開流量)-exchange,,,子聯播網,"28,766","13,554","13,554",100.00%,"8,174",60.31%,"5,380",39.69%,31.28
20260126,21,CBROOT LTD,3492,包子漫畫(特開流量)-exchange,18545,(子)CF_970x250_指定時段_包子漫畫(特開流量)-exchange,,,子聯播網,"204,330","88,079","88,079",100.00%,"7,520",8.54%,"80,559",91.46%,0.88
20260126,21,CBROOT LTD,3492,包子漫畫(特開流量)-exchange,18546,(子)CF_300x250_指定時段_包子漫畫(特開流量)-exchange,,,子聯播網,"503,823","191,057","191,057",100.00%,"25,369",13.28%,"165,688",86.72%,1.07
20260126,21,CBROOT LTD,3510,包子漫畫_twmanga-exchange,18732,MW_336x280_Banner_包子漫畫_twmanga,,,子聯播網,"105,877","47,743","47,743",100.00%,"15,232",31.90%,"32,511",68.10%,1.05
20260126,21,CBROOT LTD,3510,包子漫畫_twmanga-exchange,18735,CF_336x280_Banner_包子漫畫_twmanga-exchange,,,,"1,391",632,632,100.00%,156,24.68%,476,75.32%,1.57
20260126,21,CBROOT LTD,3510,包子漫畫_twmanga-exchange,18736,CF_970x250_ 包子漫畫_twmanga-exchange,,,,"2,621",902,902,100.00%,142,15.74%,760,84.26%,1.25
20260126,21,台灣英文新聞股份有限公司,3537,台灣英文新聞(new)-exchange,18923,CF_300x600_列表頁_右側看版_台灣英文新聞(new)-exchange,,知名媒體,,6,0,0,0.00%,0,0.00%,0,0.00%,0.00
20260126,21,台灣英文新聞股份有限公司,3537,台灣英文新聞(new)-exchange,18924,CF_300x250_內容頁_右側看版_1_台灣英文新聞(new)-exchange,,知名媒體,,151,55,55,100.00%,4,7.27%,51,92.73%,3.05
20260126,21,台灣英文新聞股份有限公司,3537,台灣英文新聞(new)-exchange,18925,CF_300x600_內容頁_右側看版_2_台灣英文新聞(new)-exchange,,知名媒體,,43,15,15,100.00%,0,0.00%,15,100.00%,0.03
20260126,21,艾得基客行銷顧問股份有限公司,3373,良醫健康網,19011,MW_320x480_文中創意_良醫健康網,,知名媒體,,12,6,6,100.00%,0,0.00%,6,100.00%,0.00
20260126,21,艾得基客行銷顧問股份有限公司,3552,玩具人,19044,MW_320x480_文中創意_玩具人,,知名媒體,,315,157,157,100.00%,106,67.52%,51,32.48%,13.31
20260126,21,先驅媒體社會企業股份有限公司,3554,新頭殼(R18),19047,(子)CF_300x250Banner_newtalk.tw_content_300250_1_新頭殼(R18),,知名媒體,子聯播網,6,2,2,100.00%,0,0.00%,2,100.00%,0.00
20260126,21,第一網站股份有限公司,2783,漫畫櫃manhuagui,20685,MW_300X250_manhuagui,antifroud,,,"3,707","1,838","1,838",100.00%,759,41.29%,"1,079",58.71%,9.39
20260126,21,德榕企業有限公司,3578,TW Bodhi_mobile,20708,MW_蓋板_TW Bodhi,,,,738,368,367,99.73%,0,0.00%,367,100.00%,0.00
20260126,21,德榕企業有限公司,3581,忘憂書屋,20727,CF_336x280文章頁(RWD)_忘憂書屋,,,,220,109,109,100.00%,0,0.00%,109,100.00%,0.00
20260126,21,德榕企業有限公司,3582,忘憂書屋_mobile,20728,MW_文中創意300x250_忘憂書屋,,,,24,9,9,100.00%,0,0.00%,9,100.00%,0.00
20260126,21,第一網站股份有限公司,2910,clickme,20735,(子)CF_300x250_banner_clickme(成人),,,子聯播網,"15,489","7,313","7,313",100.00%,"2,466",33.72%,"4,847",66.28%,1.82
20260126,21,第一網站股份有限公司,3440,fsa_passback_first,21699,CF_336x280_fsa_passback_first,,,,64,32,32,100.00%,21,65.62%,11,34.38%,0.69
20260126,21,朱光宁,3269,石頭小說-mobile,21741,MW_320x480_蓋版_石頭小說-mobile,antifroud,,,18,9,9,100.00%,2,22.22%,7,77.78%,2.68
20260126,21,富盈數據股份有限公司,3653,TVBS-女人我最大_HB,21761,MW_文章四_336x280_TVBS-女人我最大_HB,,知名媒體,,8,4,4,100.00%,2,50.00%,2,50.00%,1.50
20260126,21,富盈數據股份有限公司,3653,TVBS-女人我最大_HB,21763,MW_文中創意320x480_TVBS-女人我最大_HB,,知名媒體,,"3,706","1,790","1,790",100.00%,"1,385",77.37%,405,22.63%,23.81
20260126,21,富盈數據股份有限公司,3654,TVBS-健康2.0_HB,21764,CF_文章右側300x600_TVBS-健康2.0_HB,,知名媒體,,18,8,8,100.00%,4,50.00%,4,50.00%,8.37
20260126,21,富盈數據股份有限公司,3655,TVBS-食尚玩家_HB,21770,MW_文章三_336x280_TVBS-食尚玩家_HB,,知名媒體,,293,140,140,100.00%,71,50.71%,69,49.29%,2.95
20260126,21,富盈數據股份有限公司,3655,TVBS-食尚玩家_HB,21771,MW_文章四_336x280_TVBS-食尚玩家_HB,,知名媒體,,6,3,3,100.00%,0,0.00%,3,100.00%,0.16
20260126,21,富盈數據股份有限公司,3655,TVBS-食尚玩家_HB,21772,MW_文章置底_320x100_TVBS-食尚玩家_HB,,知名媒體,,12,6,6,100.00%,6,100.00%,0,0.00%,15.37
20260126,21,富盈數據股份有限公司,3655,TVBS-食尚玩家_HB,21773,MW_文中創意320x480_TVBS-食尚玩家_HB,,知名媒體,,418,203,203,100.00%,154,75.86%,49,24.14%,26.31
20260126,21,寶利拾股份有限公司,3652,愛料理_HB,21781,MW_置底創意(非展開)_愛料理_HB,,知名媒體,,6,3,3,100.00%,1,33.33%,2,66.67%,5.28
20260126,21,先驅媒體社會企業股份有限公司,3554,新頭殼(R18),21830,(子)CF_300x250Banner_newtalk.tw_all_300250_1_新頭殼(R18),antifroud,知名媒體,子聯播網,6,3,3,100.00%,2,66.67%,1,33.33%,3.56
20260126,21,先驅媒體社會企業股份有限公司,3554,新頭殼(R18),21839,ＭＷ_336x280Banner_newtalk.tw_mobile_all_336280_2_新頭殼(R18),antifroud,知名媒體,,201,100,100,100.00%,93,93.00%,7,7.00%,12.72
20260126,21,儂儂雜誌社股份有限公司(bella儂儂),2135,Bella儂儂_2024,21876,MW-300x250_文章標題上方1_Bella儂儂,,知名媒體,,"1,407",704,704,100.00%,386,54.83%,318,45.17%,3.55
20260126,21,富盈數據股份有限公司,3680,TVBS-新聞網_HB,21898,CF_文章右側300x600_TVBS-新聞網_HB,,知名媒體,,89,44,44,100.00%,11,25.00%,33,75.00%,12.06
20260126,21,富盈數據股份有限公司,3685,玩桌遊_mobile,21924,MW_置底創意(非展開)_玩桌遊-mobile,,,,680,338,338,100.00%,278,82.25%,60,17.75%,15.10
20260126,21,富盈數據股份有限公司,2615,熱血台中,21986,CF_336x280_全網_熱血台中,,,,202,101,101,100.00%,66,65.35%,35,34.65%,1.95
20260126,21,富盈數據股份有限公司,2615,熱血台中,21987,CF_336x280_全網_熱血台中,,,,95,45,45,100.00%,27,60.00%,18,40.00%,1.92
20260126,21,富盈數據股份有限公司,3704,天天要聞,22030,CF_300 x 250 banner_天天要聞_cpc2,,,,"4,724","2,354","2,354",100.00%,"1,987",84.41%,367,15.59%,14.84
20260126,21,富盈數據股份有限公司,3703,繁體小說,22031,CF_300 x 250 banner_繁體小說_cpc2,,,,457,202,202,100.00%,138,68.32%,64,31.68%,7.16
20260126,21,朱光宁,3708,石頭小說,22045,CF_336 x 280 banner_石頭小說_cpc1.67,antifroud,,,"311,251","153,539","153,539",100.00%,"74,393",48.45%,"79,146",51.55%,3.60
20260126,21,冠妍動力科技有限公司,484,小老婆汽機車資訊網,22058,MW_文中創意320x480_小老婆汽機車資訊網-測試,,知名媒體,,25,12,12,100.00%,10,83.33%,2,16.67%,26.36
20260126,21,朱光宁,3718,稷下書院2,22093,CF_336 x 280 banner_稷下書院2_cpc1.67,antifroud,,,"244,969","120,415","120,415",100.00%,"74,908",62.21%,"45,507",37.79%,4.48
20260126,21,富盈數據股份有限公司,3680,TVBS-新聞網_HB,22131,CF_文中300x250_TVBS-新聞網_HB_1,,知名媒體,,86,43,43,100.00%,23,53.49%,20,46.51%,3.48
20260126,21,富盈數據股份有限公司,3680,TVBS-新聞網_HB,22132,CF_文中300x250_TVBS-新聞網_HB_2,,知名媒體,,524,257,257,100.00%,169,65.76%,88,34.24%,9.97
20260126,21,富盈數據股份有限公司,3680,TVBS-新聞網_HB,22133,CF_文中300x250_TVBS-新聞網_HB_3,,知名媒體,,"1,291",597,597,100.00%,383,64.15%,214,35.85%,10.52
20260126,21,冰楓科技有限公司,3485,冰楓論壇-exchange,22160,CF_300x250_Banner2_ 冰楓論壇-exchange,,,,12,5,5,100.00%,3,60.00%,2,40.00%,3.24
20260126,21,闇碼科技股份有限公司,3048,縮短網址產生器-reurl,22213,MW_蓋版_縮短網址產生器-reurl-2025.05(特殊供量),,知名媒體,,308,122,122,100.00%,27,22.13%,95,77.87%,0.89
20260126,21,艾得基客行銷顧問股份有限公司,3724,上報,22217,MW_置底創意(非展開)_上報,,知名媒體,,300,148,148,100.00%,136,91.89%,12,8.11%,41.42
20260126,21,艾得基客行銷顧問股份有限公司,3724,上報,22218,MW_置底(展開)_上報,,知名媒體,,199,98,98,100.00%,86,87.76%,12,12.24%,50.26
20260126,21,欣發現股份有限公司,3363,大人物-mobile,22222,MW_蓋板_大人物,,知名媒體,,6,3,3,100.00%,2,66.67%,1,33.33%,20.48
20260126,21,朱光宁,3741,石頭小說3,22398,CF_336 x 280 banner_石頭小說3_cpc1.67,,,,"26,418","13,026","13,026",100.00%,"9,120",70.01%,"3,906",29.99%,7.10
20260126,21,朱光宁,3741,石頭小說3,22399,CF_320 x 480 橫幅_石頭小說3,,,,14,7,7,100.00%,0,0.00%,7,100.00%,0.00
20260126,21,艾得基客行銷顧問股份有限公司,3724,上報,22405,MW_蓋版_上報,,知名媒體,,50,25,25,100.00%,11,44.00%,14,56.00%,7.06
20260126,21,闇碼科技股份有限公司,3068,限時圖片-imgus,22406,MW_置底_imgus,antifroud,,,774,374,374,100.00%,218,58.29%,156,41.71%,2.26
20260126,21,第一網站股份有限公司,2783,漫畫櫃manhuagui,22443,MW_置底_manhuagui,antifroud,,,"1,601",774,774,100.00%,267,34.50%,507,65.50%,4.17
20260126,21,艾得基客行銷顧問股份有限公司,2689,Basketball Top5,22498,MW_300x250 Banner_Basketball TOP5_CPM5,,,子聯播網,84,42,42,100.00%,15,35.71%,27,64.29%,2.25
20260126,21,艾得基客行銷顧問股份有限公司,2578,鉅亨網,22507,MW_300x250_鉅亨網_直播用BN-1,,知名媒體,子聯播網,"5,281","2,490","2,490",100.00%,756,30.36%,"1,734",69.64%,8.54
20260126,21,艾得基客行銷顧問股份有限公司,3752,ＭoneyDJ,22514,MW_文中創意320x480_MoneyDJ,antifroud,知名媒體,,155,77,77,100.00%,56,72.73%,21,27.27%,12.51
20260126,21,艾得基客行銷顧問股份有限公司,3373,良醫健康網,22732,MW_300x250_良醫健康網,,知名媒體,,6,3,3,100.00%,0,0.00%,3,100.00%,0.00
20260126,21,李承翰-webptt,718,Web批踢踢(RWD),2284,MW-蓋板_文中_Web批踢踢,antifroud,,,48,16,16,100.00%,8,50.00%,8,50.00%,2.76
20260126,21,麥智維,999,動漫戲說,3543,CF-728*90-內文上方-動漫戲說,antifroud,,,6,3,3,100.00%,0,0.00%,3,100.00%,0.22
20260126,21,技達創意資訊有限公司,1299,泰好網,4733,CF-300*250-內文下方-泰好網,,,,6,2,2,100.00%,0,0.00%,2,100.00%,0.00
20260126,21,技達創意資訊有限公司,1299,泰好網,4734,MW-320*100-首頁、內文上方-泰好網,,,,18,6,6,100.00%,2,33.33%,4,66.67%,10.64
20260126,21,陈晋福,1367,電視超人,4997,CF-300X250-電視超人,,,,32,15,15,100.00%,9,60.00%,6,40.00%,166.15
20260126,21,麥智維,999,動漫戲說,6069,CF-300*250-首頁-動漫戲說,,,,175,83,83,100.00%,38,45.78%,45,54.22%,4.08
20260126,21,精鏡傳媒股份有限公司,1060,鏡週刊,8250,MW_置底創意(非展開)_鏡週刊,,知名媒體,,68,34,34,100.00%,33,97.06%,1,2.94%,84.78
20260126,21,巧克科技新媒體股份有限公司,2127,LINE TV_Banner-exchange,8576,CF_336x280_戲劇-右側好康資訊下方_LINE TV-exchange,,知名媒體,,60,30,30,100.00%,1,3.33%,29,96.67%,0.04
20260126,21,見聞科技有限公司,2251,就是節目表,9233,MW-300x250-節目表文中-就是節目表,,,,8,4,4,100.00%,3,75.00%,1,25.00%,7.96
20260126,22,英屬維京群島商浩美數位有限公司台灣分公司,2315,Teepr亮新聞-exchange,10012,CF_336x280Banner_Teepr亮新聞-exchange,,知名媒體,,734,357,357,100.00%,15,4.20%,342,95.80%,0.20
20260126,22,第一網站股份有限公司,2300,keketravel,10594,(子)CF_336x280_keketravel,,,子聯播網,116,45,45,100.00%,10,22.22%,35,77.78%,0.64
20260126,22,昱得資訊工作室,2528,數位書香,11080,CF_728x90_首頁上方_數位書香,antifroud,,,68,34,34,100.00%,23,67.65%,11,32.35%,4.68
20260126,22,昱得資訊工作室,2528,數位書香,11081,CF_160x600_首頁右側_數位書香,antifroud,,,"1,121",505,505,100.00%,218,43.17%,287,56.83%,2.94
20260126,22,第一網站股份有限公司,2518,麻辣家族討論區(twbts),11082,CF-728X90-twbts,antifroud,,,292,130,130,100.00%,89,68.46%,41,31.54%,4.79
20260126,22,第一網站股份有限公司,2540,risu短網址,11260,MW-300X250-MB_page_left-risu,,知名媒體,,6,3,3,100.00%,2,66.67%,1,33.33%,5.74
20260126,22,第一網站股份有限公司,2492,ttshow,11273,MW-300X250-ttshow,,知名媒體,,30,15,15,100.00%,8,53.33%,7,46.67%,4.07
20260126,22,第一網站股份有限公司,2601,Meme梗圖倉庫,11443,CF-336X280-meme,,,,84,41,41,100.00%,5,12.20%,36,87.80%,0.34
20260126,22,葉志斌,2745,繁中寶可夢卡表生成器-奶爸工作室-exchange,12209,CF_336x280_文中_繁中寶可夢卡表生成器,,,,6,3,3,100.00%,0,0.00%,3,100.00%,0.00
20260126,22,葉志斌,2745,繁中寶可夢卡表生成器-奶爸工作室-exchange,12210,CF_728x90__文末__繁中寶可夢卡表生成器,,,,6,3,3,100.00%,1,33.33%,2,66.67%,0.57
20260126,22,第一網站股份有限公司,2540,risu短網址,12496,CF_300x250_popup(直播) _risu短網址,antifroud,知名媒體,,14,6,6,100.00%,4,66.67%,2,33.33%,2.88
20260126,22,冰楓科技有限公司,1710,冰楓論壇,12511,MW_300x250_Banner_冰楓論壇-exchange,,,,6,3,3,100.00%,3,100.00%,0,0.00%,3.66
20260126,22,第一網站股份有限公司,2768,czbooks,12570,CF_728x90_banner_czbooks,,,,"67,174","32,996","32,996",100.00%,"24,279",73.58%,"8,717",26.42%,4.53
20260126,22,鳳梨傳媒股份有限公司,2190,民視新聞網-Exchange,12579,CF_300x250_右側第一塊_民視新聞網-Exchange(RWD)(MCM),,知名媒體,,"3,477","1,718","1,718",100.00%,63,3.67%,"1,655",96.33%,0.87
20260126,22,鳳梨傳媒股份有限公司,2190,民視新聞網-Exchange,12580,CF_300x250_內文文中左側_民視新聞網-Exchange(RWD)(MCM),,知名媒體,,"3,524","1,737","1,737",100.00%,119,6.85%,"1,618",93.15%,0.99
20260126,22,第一網站股份有限公司,2783,漫畫櫃manhuagui,12676,CF_728X90_manhuagui,antifroud,,,"98,305","47,714","47,714",100.00%,"16,832",35.28%,"30,882",64.72%,3.94
20260126,22,第一網站股份有限公司,2801,damanwoo,12868,CF-300x250_Banner_damanwoo_大人物,,,,12,5,5,100.00%,0,0.00%,5,100.00%,0.00
20260126,22,第一網站股份有限公司,2820,星座好朋友(horofriend88),12966,MW_320x100_horofriend88,antifroud,,,6,3,3,100.00%,3,100.00%,0,0.00%,26.67
20260126,22,第一網站股份有限公司,2836,vivi01,13032,MW_置底創意_vivi01 ViVi視頻,,,,12,6,6,100.00%,6,100.00%,0,0.00%,24.73
20260126,22,和運租車股份有限公司,2878,abc好車網,13368,CF_970x90_物件頁下方_abc好車網,,知名媒體,,13,6,6,100.00%,0,0.00%,6,100.00%,0.05
20260126,22,曾憲敏,202,85小說網,13445,MW_336X280_全量1_85小說網,,,,"1,236",614,614,100.00%,326,53.09%,288,46.91%,5.94
20260126,22,曾憲敏,202,85小說網,13446,MW_336X280_全量2_85小說網,,,,"8,058","4,000","4,000",100.00%,"2,073",51.83%,"1,927",48.17%,5.77
20260126,22,曾憲敏,601,85小說網_PC,13450,(子)CF_336x280_全量2_85小說網,,,子聯播網,238,118,118,100.00%,92,77.97%,26,22.03%,14.92
20260126,22,第一網站股份有限公司,2768,czbooks,13481,MW_300x250_banner_czbooks,antifroud,,子聯播網,"117,321","57,656","57,656",100.00%,"23,276",40.37%,"34,380",59.63%,3.17
20260126,22,第一網站股份有限公司,2768,czbooks,13482,(子)CF_300x600_banner_czbooks(限時段),,,子聯播網,"65,996","32,751","32,751",100.00%,"24,319",74.25%,"8,432",25.75%,111.35
20260126,22,第一網站股份有限公司,2768,czbooks,13483,(子)CF_970x250_banner_czbooks(限時段),,,子聯播網,"71,331","35,286","35,286",100.00%,"14,156",40.12%,"21,130",59.88%,7.20
20260126,22,第一網站股份有限公司,2910,clickme,13548,(子)CF_300x250_banner_clickme(一般),,,子聯播網,"1,836",877,875,99.77%,241,27.54%,634,72.46%,2.43
20260126,22,第一網站股份有限公司,2910,clickme,13549,CF_300x250_banner_clickme(一般),,,,128,70,70,100.00%,9,12.86%,61,87.14%,0.50
20260126,22,第一網站股份有限公司,2916,KiKiNote,13576,(子)CF_300x250_banner_kikinote,,知名媒體,子聯播網,"2,046",996,996,100.00%,95,9.54%,901,90.46%,0.67
20260126,22,闇碼科技股份有限公司,2992,縮短網址產生器-reurl-exchange,13858,CF_300x250_網址下方左側_reurl,,知名媒體,,18,9,9,100.00%,2,22.22%,7,77.78%,1.78
20260126,22,闇碼科技股份有限公司,2992,縮短網址產生器-reurl-exchange,13860,CF_300x250_網址下方右側_reurl,,知名媒體,,24,11,11,100.00%,1,9.09%,10,90.91%,0.09
20260126,22,闇碼科技股份有限公司,2992,縮短網址產生器-reurl-exchange,13861,CF_300x250_網址下方右側(PB)_reurl,,知名媒體,,55,13,13,100.00%,4,30.77%,9,69.23%,4.84
20260126,22,第一網站股份有限公司,2768,czbooks,13903,(子)CF_300x250_banner_czbooks(直播),antifroud,,子聯播網,"301,346","158,640","158,640",100.00%,"13,750",8.67%,"144,890",91.33%,0.43
20260126,22,第一網站股份有限公司,2783,漫畫櫃manhuagui,13904,(子)CF_300x250_banner_manhuagui(直播),antifroud,,子聯播網,"180,799","71,336","71,336",100.00%,"11,190",15.69%,"60,146",84.31%,0.84
20260126,22,陳人鳳,480,飛格寵物家族_PC,1407,CF-728X90_上方通欄_飛格寵物家族,,,,86,31,31,100.00%,24,77.42%,7,22.58%,5.55
20260126,22,陳人鳳,480,飛格寵物家族_PC,1408,CF-300X250_內文_飛格寵物家族,,,,97,40,40,100.00%,25,62.50%,15,37.50%,3.94
20260126,22,飛凡傳播股份有限公司,1921,非凡新聞台-exchange,14188,MW_300x250_內文上方_非凡新聞-exchange,antifroud,知名媒體,,12,5,5,100.00%,2,40.00%,3,60.00%,6.20
20260126,22,飛凡傳播股份有限公司,1921,非凡新聞台-exchange,14189,CF_300x600_右側下方_非凡新聞-exchange,antifroud,知名媒體,,19,7,7,100.00%,0,0.00%,7,100.00%,0.00
20260126,22,闇碼科技股份有限公司,3048,縮短網址產生器-reurl,14210,MW_文中創意300x250_縮短網址產生器-reurl,,知名媒體,,297,124,124,100.00%,66,53.23%,58,46.77%,4.49
20260126,22,富盈數據股份有限公司,3059,塔科女子,14258,CF_336x280_全網_塔科女子,,知名媒體,,102,49,49,100.00%,28,57.14%,21,42.86%,2.89
20260126,22,CBROOT LTD,3003,包子漫畫-exchange,14291,MW_300x250_蓋板(PB)_包子漫畫,,,,197,98,98,100.00%,78,79.59%,20,20.41%,27.87
20260126,22,朱光宁,3152,石頭小說-exchange,14472,MW_336x280_Banner_石頭小說,,,,"9,686","4,797","4,797",100.00%,"3,569",74.40%,"1,228",25.60%,6.50
20260126,22,朱光宁,3149,稷下書院-exchange,14748,MW_320x100_置底(PB)_稷下書院,,,,"40,354","19,930","19,930",100.00%,628,3.15%,"19,302",96.85%,0.10
20260126,22,巨思文化股份有限公司,3053,數位時代_HB,14764,MW_置底創意_(非展開)_數位時代_HB,,知名媒體,,63,31,31,100.00%,29,93.55%,2,6.45%,28.90
20260126,22,中天電視股份有限公司,3282,中天新聞網-exchange,14980,CF_970x250_內頁_PC置頂橫幅-中天新聞網-exchange,,知名媒體,,149,70,70,100.00%,26,37.14%,44,62.86%,2.45
20260126,22,CBROOT LTD,3305,包子漫畫NEW-exchange,15143,(子)CF_970x250_Banner(直播)_包子漫畫(kukuc.co),,,子聯播網,70,27,27,100.00%,1,3.70%,26,96.30%,0.06
20260126,22,CBROOT LTD,3305,包子漫畫NEW-exchange,15145,(子)CF_970x250_指定流量Banner_包子漫畫(kukuc.co),antifroud,,子聯播網,"1,822",790,790,100.00%,47,5.95%,743,94.05%,1.95
20260126,22,曾憲敏,3327,85小說網_創意,15228,MW-創意-85小說網,,,,18,9,9,100.00%,1,11.11%,8,88.89%,0.56
20260126,22,和運租車股份有限公司,2878,abc好車網,15249,CF_300x250_搜尋頁右側_abc好車網,,知名媒體,,6,3,3,100.00%,0,0.00%,3,100.00%,0.17
20260126,22,中天電視股份有限公司,3282,中天新聞網-exchange,15859,CF_336x280_內頁_PC右側互動看板B-中天新聞網-exchange,,知名媒體,,630,296,296,100.00%,80,27.03%,216,72.97%,3.52
20260126,22,CBROOT LTD,3352,西瓜卡通-exchange,15969,CF_728x90_影音內容_西瓜卡通-exchange,,,,80,40,40,100.00%,0,0.00%,40,100.00%,0.00
20260126,22,CBROOT LTD,3352,西瓜卡通-exchange,15970,CF_160x600_影音內容_西瓜卡通-exchange,,,,134,55,55,100.00%,8,14.55%,47,85.45%,3.78
20260126,22,時報資訊股份有限公司,2817,旺得富,16910,CF_300x250_Billboard_1s_旺得富,,知名媒體,,12,6,6,100.00%,4,66.67%,2,33.33%,15.22
20260126,22,時報資訊股份有限公司,2817,旺得富,16911,CF_300x250_Billboard_2nd_旺得富,,知名媒體,,18,9,9,100.00%,3,33.33%,6,66.67%,2.33
20260126,22,葉志斌,2745,繁中寶可夢卡表生成器-奶爸工作室-exchange,16951,CF_300x600_Banner_繁中寶可夢卡表生成器-奶爸工作室-exchange,,,,"1,061",518,518,100.00%,130,25.10%,388,74.90%,22.66
20260126,22,朱光宁,3360,提莫書屋-exchange,16957,MW_336x280banner_提莫書屋_exchange,,,,"24,625","12,213","12,213",100.00%,"9,308",76.21%,"2,905",23.79%,5.74
20260126,22,朱光宁,3361,提莫書屋-mobile,16959,MW_320x480_文中創意_提莫書屋-mobile,,,,108,52,52,100.00%,37,71.15%,15,28.85%,4.77
20260126,22,欣發現股份有限公司,3364,女子學-mobile,16972,MW_置底創意_女子學,antifroud,,,99,51,51,100.00%,0,0.00%,51,100.00%,0.11
20260126,22,朱光宁,3149,稷下書院-exchange,17003,(子)CF_336x280_Banner(指定流量)_稷下書院-exchange,,,子聯播網,"3,385","1,607","1,607",100.00%,964,59.99%,643,40.01%,7.06
20260126,22,第一網站股份有限公司,2783,漫畫櫃manhuagui,17027,MW_320x480_蓋版_漫畫櫃manhuagui,,,,66,32,32,100.00%,23,71.88%,9,28.12%,2.39
20260126,22,朱光宁,3149,稷下書院-exchange,17095,(子)MW_336x280_Banner_稷下書院-exchange,antifroud,,,"29,517","14,438","14,438",100.00%,"9,632",66.71%,"4,806",33.29%,5.68
20260126,22,詠勝科技有限公司,3385,Mobile01_HB,17174,CF_970x250_超級橫幅_置底_Mobile01_HB,,知名媒體,,6,3,3,100.00%,0,0.00%,3,100.00%,0.00
20260126,22,詠勝科技有限公司,3385,Mobile01_HB,17178,CF_300x250_頻道頁_大看板_Mobile01_HB,,知名媒體,,60,29,29,100.00%,13,44.83%,16,55.17%,13.06
20260126,22,詠勝科技有限公司,3385,Mobile01_HB,17179,CF_300x250_熱門大看板_Mobile01_HB,,知名媒體,,"4,933","2,315","2,315",100.00%,"1,206",52.10%,"1,109",47.90%,5.79
20260126,22,詠勝科技有限公司,3385,Mobile01_HB,17183,CF_300x600_大摩天_Mobile01_HB,,知名媒體,,"2,278","1,104","1,104",100.00%,621,56.25%,483,43.75%,14.83
20260126,22,朱光宁,3268,稷下書院-mobile,17207,MW_320x480_蓋版_稷下書院-mobile,,,,300,126,126,100.00%,70,55.56%,56,44.44%,4.05
20260126,22,中華電視股份有限公司,3389,華視-mobile,17230,MW_置底創意(非展開)_華視-mobile,,知名媒體,,12,6,6,100.00%,6,100.00%,0,0.00%,14.59
20260126,22,李立娟,3395,vivi0視頻-exchange,17293,CF_336x280_Banner_vivi01視頻-exchange,antifroud,,,698,344,344,100.00%,71,20.64%,273,79.36%,1.02
20260126,22,李立娟,3395,vivi0視頻-exchange,17294,MW_336x280_Banner_vivi01視頻-exchange,antifroud,,,"5,728","2,811","2,811",100.00%,"1,026",36.50%,"1,785",63.50%,1.74
20260126,22,李立娟,3397,趣聞圖說-exchange,17297,(子)MW_336x280_Banner_趣聞圖說-exchange,antifroud,,,"59,265","28,629","28,628",100.00%,"15,112",52.79%,"13,516",47.21%,3.61
20260126,22,李立娟,3395,vivi0視頻-exchange,17299,MW_300x250_蓋板(PB)-vivi01視頻-exchange,,,,70,35,35,100.00%,2,5.71%,33,94.29%,0.27
20260126,22,李立娟,3395,vivi0視頻-exchange,17300,MW_320x100_置底(PB)_vivi01視頻-exchange,antifroud,,,632,311,311,100.00%,209,67.20%,102,32.80%,15.12
20260126,22,李立娟,3397,趣聞圖說-exchange,17309,MW_336x280_文中Banner_趣聞圖說-exchange,,,,14,7,7,100.00%,3,42.86%,4,57.14%,1.08
20260126,22,曾憲敏,601,85小說網_PC,1773,CF-300x250_85小說網_內文1,,,,286,143,143,100.00%,126,88.11%,17,11.89%,15.24
20260126,22,第一網站股份有限公司,2768,czbooks,17927,MW_置底創意_czbook,,,,46,23,23,100.00%,22,95.65%,1,4.35%,14.11
20260126,22,時報資訊股份有限公司_工商時報,3427,工商時報-exchange,18003,CF_300x250_互動看板2_工商時報-exchange,,知名媒體,,30,8,8,100.00%,2,25.00%,6,75.00%,3.39
20260126,22,第一網站股份有限公司,3440,fsa_passback_first,18202,CF_300x250_fsa_passback_first,,,,"1,375",663,663,100.00%,385,58.07%,278,41.93%,24.68
20260126,22,第一網站股份有限公司,3440,fsa_passback_first,18266,(子)CF_970x250_cfbanner_blog,,,子聯播網,"1,023",356,356,100.00%,39,10.96%,317,89.04%,1.76
20260126,22,莊博凱,3455,夢遊電玩,18269,300x250 Banner,,,,20,7,7,100.00%,0,0.00%,7,100.00%,0.00
20260126,22,冰楓科技有限公司,3485,冰楓論壇-exchange,18487,CF_970x90_內文上方第一塊_冰楓論壇-exchange,,,,868,393,393,100.00%,77,19.59%,316,80.41%,3.15
20260126,22,冰楓科技有限公司,3485,冰楓論壇-exchange,18488,MW_320x100_內文上方第一塊_ 冰楓論壇-exchange,antifroud,,,6,2,2,100.00%,2,100.00%,0,0.00%,17.50
20260126,22,冰楓科技有限公司,3485,冰楓論壇-exchange,18492,MW_300x250_Banner_ 冰楓論壇-exchange,,,,300,123,123,100.00%,61,49.59%,62,50.41%,10.03
20260126,22,CBROOT LTD,3492,包子漫畫(特開流量)-exchange,18544,(子)CF_300x600_指定流量_包子漫畫(特開流量)-exchange,,,子聯播網,"22,735","10,595","10,595",100.00%,"6,459",60.96%,"4,136",39.04%,31.41
20260126,22,CBROOT LTD,3492,包子漫畫(特開流量)-exchange,18545,(子)CF_970x250_指定時段_包子漫畫(特開流量)-exchange,,,子聯播網,"88,334","37,710","37,710",100.00%,"3,531",9.36%,"34,179",90.64%,1.00
20260126,22,CBROOT LTD,3492,包子漫畫(特開流量)-exchange,18546,(子)CF_300x250_指定時段_包子漫畫(特開流量)-exchange,,,子聯播網,"219,438","83,275","83,274",100.00%,"11,610",13.94%,"71,664",86.06%,1.19
20260126,22,CBROOT LTD,3492,包子漫畫(特開流量)-exchange,18558,CF_970x250_指定時段_包子漫畫(特開流量PB)-exchange,,,,"62,445","28,295","28,295",100.00%,"2,876",10.16%,"25,419",89.84%,1.07
20260126,22,CBROOT LTD,3510,包子漫畫_twmanga-exchange,18732,MW_336x280_Banner_包子漫畫_twmanga,,,子聯播網,"53,615","24,053","24,053",100.00%,"8,186",34.03%,"15,867",65.97%,1.10
20260126,22,CBROOT LTD,3510,包子漫畫_twmanga-exchange,18735,CF_336x280_Banner_包子漫畫_twmanga-exchange,,,,478,190,190,100.00%,1,0.53%,189,99.47%,0.01
20260126,22,CBROOT LTD,3510,包子漫畫_twmanga-exchange,18736,CF_970x250_ 包子漫畫_twmanga-exchange,,,,893,363,363,100.00%,33,9.09%,330,90.91%,0.88
20260126,22,第一網站股份有限公司,3516,ezneering,18756,(子)CF_300x250_Banner_ezneering,,,子聯播網,14,7,7,100.00%,2,28.57%,5,71.43%,0.29
20260126,22,舒禾驊,3535,荷花動漫筆記,18887,CF_336x280_文章頁文中_荷花動漫筆記,,,,32,13,13,100.00%,7,53.85%,6,46.15%,57.82
20260126,22,台灣英文新聞股份有限公司,3537,台灣英文新聞(new)-exchange,18924,CF_300x250_內容頁_右側看版_1_台灣英文新聞(new)-exchange,,知名媒體,,137,49,49,100.00%,3,6.12%,46,93.88%,2.24
20260126,22,台灣英文新聞股份有限公司,3537,台灣英文新聞(new)-exchange,18925,CF_300x600_內容頁_右側看版_2_台灣英文新聞(new)-exchange,,知名媒體,,14,5,5,100.00%,1,20.00%,4,80.00%,5.76
20260126,22,艾得基客行銷顧問股份有限公司,3552,玩具人,19044,MW_320x480_文中創意_玩具人,,知名媒體,,251,125,125,100.00%,93,74.40%,32,25.60%,16.38
20260126,22,第一網站股份有限公司,2783,漫畫櫃manhuagui,20685,MW_300X250_manhuagui,antifroud,,,40,20,20,100.00%,9,45.00%,11,55.00%,7.74
20260126,22,德榕企業有限公司,3578,TW Bodhi_mobile,20708,MW_蓋板_TW Bodhi,,,,794,394,394,100.00%,0,0.00%,394,100.00%,0.00
20260126,22,德榕企業有限公司,3581,忘憂書屋,20727,CF_336x280文章頁(RWD)_忘憂書屋,,,,172,82,82,100.00%,0,0.00%,82,100.00%,0.00
20260126,22,第一網站股份有限公司,2910,clickme,20735,(子)CF_300x250_banner_clickme(成人),,,子聯播網,"13,300","6,288","6,288",100.00%,"2,285",36.34%,"4,003",63.66%,2.72
20260126,22,富盈數據股份有限公司,3653,TVBS-女人我最大_HB,21761,MW_文章四_336x280_TVBS-女人我最大_HB,,知名媒體,,6,3,3,100.00%,3,100.00%,0,0.00%,10.33
20260126,22,富盈數據股份有限公司,3653,TVBS-女人我最大_HB,21763,MW_文中創意320x480_TVBS-女人我最大_HB,,知名媒體,,"3,110","1,494","1,494",100.00%,"1,185",79.32%,309,20.68%,24.88
20260126,22,富盈數據股份有限公司,3655,TVBS-食尚玩家_HB,21770,MW_文章三_336x280_TVBS-食尚玩家_HB,,知名媒體,,116,57,57,100.00%,36,63.16%,21,36.84%,4.26
20260126,22,富盈數據股份有限公司,3655,TVBS-食尚玩家_HB,21773,MW_文中創意320x480_TVBS-食尚玩家_HB,,知名媒體,,"1,059",511,511,100.00%,377,73.78%,134,26.22%,24.69
20260126,22,先驅媒體社會企業股份有限公司,3554,新頭殼(R18),21830,(子)CF_300x250Banner_newtalk.tw_all_300250_1_新頭殼(R18),antifroud,知名媒體,子聯播網,6,2,2,100.00%,1,50.00%,1,50.00%,30.00
20260126,22,先驅媒體社會企業股份有限公司,3554,新頭殼(R18),21831,(子)CF_300x250Banner_newtalk.tw_all_300250_2_新頭殼(R18),,知名媒體,子聯播網,6,2,2,100.00%,2,100.00%,0,0.00%,15.00
20260126,22,先驅媒體社會企業股份有限公司,3554,新頭殼(R18),21839,ＭＷ_336x280Banner_newtalk.tw_mobile_all_336280_2_新頭殼(R18),antifroud,知名媒體,,86,42,42,100.00%,33,78.57%,9,21.43%,14.02
20260126,22,儂儂雜誌社股份有限公司(bella儂儂),2135,Bella儂儂_2024,21876,MW-300x250_文章標題上方1_Bella儂儂,,知名媒體,,"1,424",710,710,100.00%,400,56.34%,310,43.66%,3.64
20260126,22,富盈數據股份有限公司,3680,TVBS-新聞網_HB,21898,CF_文章右側300x600_TVBS-新聞網_HB,,知名媒體,,34,17,17,100.00%,7,41.18%,10,58.82%,24.62
20260126,22,富盈數據股份有限公司,3685,玩桌遊_mobile,21924,MW_置底創意(非展開)_玩桌遊-mobile,,,,461,230,230,100.00%,192,83.48%,38,16.52%,12.62
20260126,22,富盈數據股份有限公司,2615,熱血台中,21986,CF_336x280_全網_熱血台中,,,,64,30,30,100.00%,17,56.67%,13,43.33%,4.26
20260126,22,富盈數據股份有限公司,2615,熱血台中,21987,CF_336x280_全網_熱血台中,,,,45,22,22,100.00%,14,63.64%,8,36.36%,2.62
20260126,22,富盈數據股份有限公司,3704,天天要聞,22030,CF_300 x 250 banner_天天要聞_cpc2,,,,"2,576","1,286","1,286",100.00%,"1,076",83.67%,210,16.33%,12.97
20260126,22,富盈數據股份有限公司,3703,繁體小說,22031,CF_300 x 250 banner_繁體小說_cpc2,,,,223,96,96,100.00%,54,56.25%,42,43.75%,6.51
20260126,22,朱光宁,3708,石頭小說,22045,CF_336 x 280 banner_石頭小說_cpc1.67,antifroud,,,"321,059","158,159","158,159",100.00%,"78,060",49.36%,"80,099",50.64%,3.57
20260126,22,冠妍動力科技有限公司,484,小老婆汽機車資訊網,22058,MW_文中創意320x480_小老婆汽機車資訊網-測試,,知名媒體,,30,15,15,100.00%,6,40.00%,9,60.00%,9.62
20260126,22,朱光宁,3718,稷下書院2,22093,CF_336 x 280 banner_稷下書院2_cpc1.67,antifroud,,,"253,939","124,925","124,925",100.00%,"79,153",63.36%,"45,772",36.64%,4.48
20260126,22,富盈數據股份有限公司,3680,TVBS-新聞網_HB,22131,CF_文中300x250_TVBS-新聞網_HB_1,,知名媒體,,12,5,5,100.00%,4,80.00%,1,20.00%,29.61
20260126,22,富盈數據股份有限公司,3680,TVBS-新聞網_HB,22132,CF_文中300x250_TVBS-新聞網_HB_2,,知名媒體,,96,47,47,100.00%,32,68.09%,15,31.91%,6.81
20260126,22,富盈數據股份有限公司,3680,TVBS-新聞網_HB,22133,CF_文中300x250_TVBS-新聞網_HB_3,,知名媒體,,185,89,89,100.00%,56,62.92%,33,37.08%,14.52
20260126,22,富盈數據股份有限公司,3730,Teepr 亮新聞 HB,22145,MW_336x280_文中創意_Teepr亮新聞 HB,,,,6,3,3,100.00%,2,66.67%,1,33.33%,0.67
20260126,22,冰楓科技有限公司,3485,冰楓論壇-exchange,22160,CF_300x250_Banner2_ 冰楓論壇-exchange,,,,6,3,3,100.00%,2,66.67%,1,33.33%,2.93
20260126,22,闇碼科技股份有限公司,3048,縮短網址產生器-reurl,22213,MW_蓋版_縮短網址產生器-reurl-2025.05(特殊供量),,知名媒體,,277,94,94,100.00%,25,26.60%,69,73.40%,0.84
20260126,22,欣發現股份有限公司,3363,大人物-mobile,22222,MW_蓋板_大人物,,知名媒體,,6,3,3,100.00%,2,66.67%,1,33.33%,1.03
20260126,22,朱光宁,3741,石頭小說3,22398,CF_336 x 280 banner_石頭小說3_cpc1.67,,,,"26,706","13,106","13,106",100.00%,"8,958",68.35%,"4,148",31.65%,6.88
20260126,22,朱光宁,3741,石頭小說3,22399,CF_320 x 480 橫幅_石頭小說3,,,,26,13,13,100.00%,2,15.38%,11,84.62%,0.41
20260126,22,闇碼科技股份有限公司,3068,限時圖片-imgus,22406,MW_置底_imgus,antifroud,,,358,171,171,100.00%,92,53.80%,79,46.20%,1.72
20260126,22,第一網站股份有限公司,2783,漫畫櫃manhuagui,22443,MW_置底_manhuagui,antifroud,,,"1,427",690,690,100.00%,116,16.81%,574,83.19%,1.73
20260126,22,艾得基客行銷顧問股份有限公司,2578,鉅亨網,22507,MW_300x250_鉅亨網_直播用BN-1,,知名媒體,子聯播網,7,3,3,100.00%,0,0.00%,3,100.00%,0.27
20260126,22,李承翰-webptt,718,Web批踢踢(RWD),2284,MW-蓋板_文中_Web批踢踢,antifroud,,,56,21,21,100.00%,16,76.19%,5,23.81%,62.32
20260126,22,麥智維,999,動漫戲說,3543,CF-728*90-內文上方-動漫戲說,antifroud,,,30,17,17,100.00%,14,82.35%,3,17.65%,11.15
20260126,22,肖偉彬,1287,紅櫻桃小說書庫,4678,CF-內文上方-300*250-紅櫻桃小說書庫,,,,6,3,3,100.00%,1,33.33%,2,66.67%,8.87
20260126,22,技達創意資訊有限公司,1299,泰好網,4734,MW-320*100-首頁、內文上方-泰好網,,,,24,8,8,100.00%,1,12.50%,7,87.50%,0.18
20260126,22,陈晋福,1367,電視超人,4997,CF-300X250-電視超人,,,,8,3,3,100.00%,1,33.33%,2,66.67%,3.55
20260126,22,麥智維,999,動漫戲說,6069,CF-300*250-首頁-動漫戲說,,,,166,78,78,100.00%,36,46.15%,42,53.85%,3.91
20260126,22,精鏡傳媒股份有限公司,1060,鏡週刊,8250,MW_置底創意(非展開)_鏡週刊,,知名媒體,,69,34,34,100.00%,32,94.12%,2,5.88%,56.81
20260126,22,臺灣電視事業股份有限公司,52,台視,8313,PC-300x250_內文第一塊_台視財經,,知名媒體,,6,3,3,100.00%,2,66.67%,1,33.33%,2.50
20260126,22,布林遊國際有限公司,1692,Bring You,8393,CF-300X250-上方通欄右側_BringYou,,知名媒體,,6,3,3,100.00%,1,33.33%,2,66.67%,10.00
20260126,22,巧克科技新媒體股份有限公司,2127,LINE TV_Banner-exchange,8576,CF_336x280_戲劇-右側好康資訊下方_LINE TV-exchange,,知名媒體,,38,19,19,100.00%,1,5.26%,18,94.74%,0.06
20260126,23,英屬維京群島商浩美數位有限公司台灣分公司,2315,Teepr亮新聞-exchange,10012,CF_336x280Banner_Teepr亮新聞-exchange,,知名媒體,,156,78,78,100.00%,2,2.56%,76,97.44%,0.15
20260126,23,昱得資訊工作室,2528,數位書香,11080,CF_728x90_首頁上方_數位書香,antifroud,,,82,41,41,100.00%,32,78.05%,9,21.95%,5.34
20260126,23,昱得資訊工作室,2528,數位書香,11081,CF_160x600_首頁右側_數位書香,antifroud,,,"1,034",463,463,100.00%,205,44.28%,258,55.72%,3.14
20260126,23,第一網站股份有限公司,2518,麻辣家族討論區(twbts),11082,CF-728X90-twbts,antifroud,,,145,61,61,100.00%,42,68.85%,19,31.15%,4.81
20260126,23,第一網站股份有限公司,2540,risu短網址,11260,MW-300X250-MB_page_left-risu,,知名媒體,,6,2,2,100.00%,2,100.00%,0,0.00%,3.88
20260126,23,第一網站股份有限公司,2492,ttshow,11273,MW-300X250-ttshow,,知名媒體,,18,9,9,100.00%,2,22.22%,7,77.78%,1.99
20260126,23,第一網站股份有限公司,2601,Meme梗圖倉庫,11443,CF-336X280-meme,,,,24,12,12,100.00%,0,0.00%,12,100.00%,0.00
20260126,23,葉志斌,2745,繁中寶可夢卡表生成器-奶爸工作室-exchange,12210,CF_728x90__文末__繁中寶可夢卡表生成器,,,,34,17,17,100.00%,7,41.18%,10,58.82%,13.56
20260126,23,第一網站股份有限公司,2768,czbooks,12570,CF_728x90_banner_czbooks,,,,"49,582","24,371","24,370",100.00%,"17,847",73.23%,"6,523",26.77%,3.93
20260126,23,鳳梨傳媒股份有限公司,2190,民視新聞網-Exchange,12579,CF_300x250_右側第一塊_民視新聞網-Exchange(RWD)(MCM),,知名媒體,,"1,471",722,722,100.00%,23,3.19%,699,96.81%,0.65
20260126,23,鳳梨傳媒股份有限公司,2190,民視新聞網-Exchange,12580,CF_300x250_內文文中左側_民視新聞網-Exchange(RWD)(MCM),,知名媒體,,"1,482",709,709,100.00%,56,7.90%,653,92.10%,1.40
20260126,23,第一網站股份有限公司,2783,漫畫櫃manhuagui,12676,CF_728X90_manhuagui,antifroud,,,"78,971","38,420","38,420",100.00%,"12,730",33.13%,"25,690",66.87%,3.67
20260126,23,第一網站股份有限公司,2801,damanwoo,12868,CF-300x250_Banner_damanwoo_大人物,,,,6,2,2,100.00%,0,0.00%,2,100.00%,0.00
20260126,23,第一網站股份有限公司,2820,星座好朋友(horofriend88),12966,MW_320x100_horofriend88,antifroud,,,8,4,4,100.00%,3,75.00%,1,25.00%,26.25
20260126,23,曾憲敏,202,85小說網,13445,MW_336X280_全量1_85小說網,,,,"1,084",538,538,100.00%,272,50.56%,266,49.44%,4.31
20260126,23,曾憲敏,202,85小說網,13446,MW_336X280_全量2_85小說網,,,,"8,104","4,010","4,010",100.00%,"2,172",54.16%,"1,838",45.84%,5.50
20260126,23,曾憲敏,601,85小說網_PC,13450,(子)CF_336x280_全量2_85小說網,,,子聯播網,176,87,87,100.00%,62,71.26%,25,28.74%,12.45
20260126,23,第一網站股份有限公司,2768,czbooks,13482,(子)CF_300x600_banner_czbooks(限時段),,,子聯播網,"3,247","1,616","1,616",100.00%,"1,243",76.92%,373,23.08%,113.38
20260126,23,第一網站股份有限公司,2768,czbooks,13483,(子)CF_970x250_banner_czbooks(限時段),,,子聯播網,"3,737","1,853","1,853",100.00%,759,40.96%,"1,094",59.04%,5.74
20260126,23,第一網站股份有限公司,2910,clickme,13548,(子)CF_300x250_banner_clickme(一般),,,子聯播網,"2,464","1,155","1,151",99.65%,394,34.23%,757,65.77%,2.11
20260126,23,第一網站股份有限公司,2910,clickme,13549,CF_300x250_banner_clickme(一般),,,,26,13,13,100.00%,0,0.00%,13,100.00%,0.00
20260126,23,第一網站股份有限公司,2916,KiKiNote,13576,(子)CF_300x250_banner_kikinote,,知名媒體,子聯播網,"1,581",780,780,100.00%,58,7.44%,722,92.56%,0.83
20260126,23,闇碼科技股份有限公司,2992,縮短網址產生器-reurl-exchange,13848,CF_300x250_轉址失敗_最右邊_reurl,,知名媒體,,6,0,0,0.00%,0,0.00%,0,0.00%,0.00
20260126,23,闇碼科技股份有限公司,2992,縮短網址產生器-reurl-exchange,13856,CF_300x250_轉址失敗頁第二塊_reurl,,知名媒體,,18,5,5,100.00%,0,0.00%,5,100.00%,0.00
20260126,23,第一網站股份有限公司,2768,czbooks,13903,(子)CF_300x250_banner_czbooks(直播),antifroud,,子聯播網,"266,108","145,523","145,523",100.00%,"12,158",8.35%,"133,365",91.65%,0.48
20260126,23,陳人鳳,480,飛格寵物家族_PC,1407,CF-728X90_上方通欄_飛格寵物家族,,,,54,12,12,100.00%,9,75.00%,3,25.00%,13.60
20260126,23,陳人鳳,480,飛格寵物家族_PC,1408,CF-300X250_內文_飛格寵物家族,,,,104,21,21,100.00%,13,61.90%,8,38.10%,9.77
20260126,23,闇碼科技股份有限公司,3048,縮短網址產生器-reurl,14210,MW_文中創意300x250_縮短網址產生器-reurl,,知名媒體,,179,76,76,100.00%,44,57.89%,32,42.11%,2.79
20260126,23,巨思文化股份有限公司,3052,經理人_HB,14238,MW_文章結束第一塊_300x250_經理人-HB,,知名媒體,,6,3,3,100.00%,0,0.00%,3,100.00%,0.00
20260126,23,巨思文化股份有限公司,3052,經理人_HB,14241,MW_300x250_內文下方_經理人-HB,,知名媒體,,6,3,3,100.00%,0,0.00%,3,100.00%,0.00
20260126,23,富盈數據股份有限公司,3059,塔科女子,14258,CF_336x280_全網_塔科女子,,知名媒體,,36,18,18,100.00%,15,83.33%,3,16.67%,6.94
20260126,23,朱光宁,3152,石頭小說-exchange,14472,MW_336x280_Banner_石頭小說,,,,"6,776","3,324","3,324",100.00%,"2,545",76.56%,779,23.44%,6.77
20260126,23,朱光宁,3149,稷下書院-exchange,14748,MW_320x100_置底(PB)_稷下書院,,,,"40,487","20,017","20,017",100.00%,665,3.32%,"19,352",96.68%,0.11
20260126,23,CBROOT LTD,3305,包子漫畫NEW-exchange,15145,(子)CF_970x250_指定流量Banner_包子漫畫(kukuc.co),antifroud,,子聯播網,827,310,310,100.00%,0,0.00%,310,100.00%,0.00
20260126,23,和運租車股份有限公司,2878,abc好車網,15249,CF_300x250_搜尋頁右側_abc好車網,,知名媒體,,6,3,3,100.00%,0,0.00%,3,100.00%,0.09
20260126,23,中天電視股份有限公司,3282,中天新聞網-exchange,15859,CF_336x280_內頁_PC右側互動看板B-中天新聞網-exchange,,知名媒體,,120,45,45,100.00%,10,22.22%,35,77.78%,2.40
20260126,23,CBROOT LTD,3352,西瓜卡通-exchange,15969,CF_728x90_影音內容_西瓜卡通-exchange,,,,6,3,3,100.00%,0,0.00%,3,100.00%,0.00
20260126,23,CBROOT LTD,3352,西瓜卡通-exchange,15970,CF_160x600_影音內容_西瓜卡通-exchange,,,,118,46,46,100.00%,5,10.87%,41,89.13%,3.68
20260126,23,葉志斌,2745,繁中寶可夢卡表生成器-奶爸工作室-exchange,16950,CF_160x600_Banner_繁中寶可夢卡表生成器-奶爸工作室-exchange,,,,24,12,12,100.00%,6,50.00%,6,50.00%,11.77
20260126,23,葉志斌,2745,繁中寶可夢卡表生成器-奶爸工作室-exchange,16951,CF_300x600_Banner_繁中寶可夢卡表生成器-奶爸工作室-exchange,,,,48,24,24,100.00%,10,41.67%,14,58.33%,38.78
20260126,23,朱光宁,3360,提莫書屋-exchange,16957,MW_336x280banner_提莫書屋_exchange,,,,"23,084","11,497","11,497",100.00%,"9,043",78.66%,"2,454",21.34%,6.05
20260126,23,朱光宁,3361,提莫書屋-mobile,16959,MW_320x480_文中創意_提莫書屋-mobile,,,,112,56,56,100.00%,49,87.50%,7,12.50%,5.74
20260126,23,欣發現股份有限公司,3364,女子學-mobile,16972,MW_置底創意_女子學,antifroud,,,42,21,21,100.00%,0,0.00%,21,100.00%,0.10
20260126,23,朱光宁,3149,稷下書院-exchange,17095,(子)MW_336x280_Banner_稷下書院-exchange,antifroud,,,"1,546",748,748,100.00%,488,65.24%,260,34.76%,5.70
20260126,23,李立娟,3395,vivi0視頻-exchange,17294,MW_336x280_Banner_vivi01視頻-exchange,antifroud,,,6,2,2,100.00%,1,50.00%,1,50.00%,0.62
20260126,23,李立娟,3395,vivi0視頻-exchange,17300,MW_320x100_置底(PB)_vivi01視頻-exchange,antifroud,,,6,2,2,100.00%,2,100.00%,0,0.00%,35.98
20260126,23,李立娟,3397,趣聞圖說-exchange,17309,MW_336x280_文中Banner_趣聞圖說-exchange,,,,6,3,3,100.00%,1,33.33%,2,66.67%,0.41
20260126,23,曾憲敏,601,85小說網_PC,1773,CF-300x250_85小說網_內文1,,,,166,83,83,100.00%,78,93.98%,5,6.02%,26.55
20260126,23,第一網站股份有限公司,3440,fsa_passback_first,18202,CF_300x250_fsa_passback_first,,,,"6,741","3,260","3,260",100.00%,"2,069",63.47%,"1,191",36.53%,27.86
20260126,23,第一網站股份有限公司,3440,fsa_passback_first,18266,(子)CF_970x250_cfbanner_blog,,,子聯播網,30,14,14,100.00%,0,0.00%,14,100.00%,0.00
20260126,23,冰楓科技有限公司,3485,冰楓論壇-exchange,18487,CF_970x90_內文上方第一塊_冰楓論壇-exchange,,,,830,378,378,100.00%,80,21.16%,298,78.84%,2.20
20260126,23,冰楓科技有限公司,3485,冰楓論壇-exchange,18492,MW_300x250_Banner_ 冰楓論壇-exchange,,,,364,149,149,100.00%,56,37.58%,93,62.42%,2.57
20260126,23,CBROOT LTD,3492,包子漫畫(特開流量)-exchange,18544,(子)CF_300x600_指定流量_包子漫畫(特開流量)-exchange,,,子聯播網,"1,063",448,448,100.00%,200,44.64%,248,55.36%,21.36
20260126,23,CBROOT LTD,3492,包子漫畫(特開流量)-exchange,18558,CF_970x250_指定時段_包子漫畫(特開流量PB)-exchange,,,,"9,773","4,151","4,151",100.00%,409,9.85%,"3,742",90.15%,1.27
20260126,23,舒禾驊,3535,荷花動漫筆記,18887,CF_336x280_文章頁文中_荷花動漫筆記,,,,16,8,8,100.00%,3,37.50%,5,62.50%,1.84
20260126,23,艾得基客行銷顧問股份有限公司,3552,玩具人,19044,MW_320x480_文中創意_玩具人,,知名媒體,,201,100,100,100.00%,63,63.00%,37,37.00%,9.73
20260126,23,第一網站股份有限公司,2783,漫畫櫃manhuagui,20685,MW_300X250_manhuagui,antifroud,,,6,3,3,100.00%,1,33.33%,2,66.67%,0.33
20260126,23,德榕企業有限公司,3577,TW Bodhi,20705,(子)CF_336x280_文章頁(RWD)_TW Bodhi,antifroud,,子聯播網,6,3,3,100.00%,0,0.00%,3,100.00%,0.00
20260126,23,德榕企業有限公司,3578,TW Bodhi_mobile,20708,MW_蓋板_TW Bodhi,,,,725,362,356,98.34%,0,0.00%,356,100.00%,0.00
20260126,23,德榕企業有限公司,3581,忘憂書屋,20727,CF_336x280文章頁(RWD)_忘憂書屋,,,,6,3,3,100.00%,0,0.00%,3,100.00%,0.00
20260126,23,第一網站股份有限公司,2910,clickme,20735,(子)CF_300x250_banner_clickme(成人),,,子聯播網,"14,324","6,932","6,932",100.00%,"2,465",35.56%,"4,467",64.44%,2.61
20260126,23,朱光宁,3269,石頭小說-mobile,21741,MW_320x480_蓋版_石頭小說-mobile,antifroud,,,6,3,3,100.00%,2,66.67%,1,33.33%,3.38
20260126,23,富盈數據股份有限公司,3653,TVBS-女人我最大_HB,21763,MW_文中創意320x480_TVBS-女人我最大_HB,,知名媒體,,"1,734",840,840,100.00%,661,78.69%,179,21.31%,26.20
20260126,23,富盈數據股份有限公司,3655,TVBS-食尚玩家_HB,21770,MW_文章三_336x280_TVBS-食尚玩家_HB,,知名媒體,,58,28,28,100.00%,18,64.29%,10,35.71%,3.51
20260126,23,富盈數據股份有限公司,3655,TVBS-食尚玩家_HB,21773,MW_文中創意320x480_TVBS-食尚玩家_HB,,知名媒體,,300,144,144,100.00%,103,71.53%,41,28.47%,23.96
20260126,23,儂儂雜誌社股份有限公司(bella儂儂),2135,Bella儂儂_2024,21876,MW-300x250_文章標題上方1_Bella儂儂,,知名媒體,,855,426,426,100.00%,231,54.23%,195,45.77%,3.74
20260126,23,富盈數據股份有限公司,2615,熱血台中,21986,CF_336x280_全網_熱血台中,,,,28,14,14,100.00%,9,64.29%,5,35.71%,2.45
20260126,23,富盈數據股份有限公司,2615,熱血台中,21987,CF_336x280_全網_熱血台中,,,,44,22,22,100.00%,15,68.18%,7,31.82%,2.18
20260126,23,富盈數據股份有限公司,3704,天天要聞,22030,CF_300 x 250 banner_天天要聞_cpc2,,,,40,20,20,100.00%,19,95.00%,1,5.00%,13.23
20260126,23,富盈數據股份有限公司,3703,繁體小說,22031,CF_300 x 250 banner_繁體小說_cpc2,,,,6,3,3,100.00%,3,100.00%,0,0.00%,8.33
20260126,23,朱光宁,3708,石頭小說,22045,CF_336 x 280 banner_石頭小說_cpc1.67,antifroud,,,"65,572","32,261","32,261",100.00%,"20,067",62.20%,"12,194",37.80%,4.91
20260126,23,冠妍動力科技有限公司,484,小老婆汽機車資訊網,22058,MW_文中創意320x480_小老婆汽機車資訊網-測試,,知名媒體,,6,3,3,100.00%,3,100.00%,0,0.00%,11.67
20260126,23,朱光宁,3718,稷下書院2,22093,CF_336 x 280 banner_稷下書院2_cpc1.67,antifroud,,,"58,180","28,615","28,615",100.00%,"18,207",63.63%,"10,408",36.37%,5.08
20260126,23,闇碼科技股份有限公司,3048,縮短網址產生器-reurl,22213,MW_蓋版_縮短網址產生器-reurl-2025.05(特殊供量),,知名媒體,,375,86,86,100.00%,20,23.26%,66,76.74%,1.15
20260126,23,朱光宁,3741,石頭小說3,22398,CF_336 x 280 banner_石頭小說3_cpc1.67,,,,"7,789","3,831","3,831",100.00%,"2,638",68.86%,"1,193",31.14%,7.46
20260126,23,闇碼科技股份有限公司,3068,限時圖片-imgus,22406,MW_置底_imgus,antifroud,,,189,94,94,100.00%,52,55.32%,42,44.68%,1.91
20260126,23,李承翰-webptt,718,Web批踢踢(RWD),2284,MW-蓋板_文中_Web批踢踢,antifroud,,,78,29,29,100.00%,14,48.28%,15,51.72%,1.67
20260126,23,麥智維,999,動漫戲說,3543,CF-728*90-內文上方-動漫戲說,antifroud,,,12,6,6,100.00%,5,83.33%,1,16.67%,7.51
20260126,23,技達創意資訊有限公司,1299,泰好網,4733,CF-300*250-內文下方-泰好網,,,,8,4,4,100.00%,0,0.00%,4,100.00%,0.33
20260126,23,技達創意資訊有限公司,1299,泰好網,4734,MW-320*100-首頁、內文上方-泰好網,,,,30,7,7,100.00%,2,28.57%,5,71.43%,1.43
20260126,23,陈晋福,1367,電視超人,4997,CF-300X250-電視超人,,,,30,14,14,100.00%,8,57.14%,6,42.86%,1.89
20260126,23,麥智維,999,動漫戲說,6069,CF-300*250-首頁-動漫戲說,,,,68,30,30,100.00%,11,36.67%,19,63.33%,3.24
20260126,23,巧克科技新媒體股份有限公司,2127,LINE TV_Banner-exchange,8576,CF_336x280_戲劇-右側好康資訊下方_LINE TV-exchange,,知名媒體,,18,9,9,100.00%,0,0.00%,9,100.00%,0.00
20260127,00,英屬維京群島商浩美數位有限公司台灣分公司,2315,Teepr亮新聞-exchange,10012,CF_336x280Banner_Teepr亮新聞-exchange,,知名媒體,,55,26,26,100.00%,3,11.54%,23,88.46%,0.86
20260127,00,昱得資訊工作室,2528,數位書香,11080,CF_728x90_首頁上方_數位書香,antifroud,,,42,21,21,100.00%,14,66.67%,7,33.33%,4.33
20260127,00,昱得資訊工作室,2528,數位書香,11081,CF_160x600_首頁右側_數位書香,antifroud,,,646,289,289,100.00%,138,47.75%,151,52.25%,3.21
20260127,00,第一網站股份有限公司,2518,麻辣家族討論區(twbts),11082,CF-728X90-twbts,antifroud,,,"1,931",757,757,100.00%,530,70.01%,227,29.99%,4.97
20260127,00,第一網站股份有限公司,2540,risu短網址,11260,MW-300X250-MB_page_left-risu,,知名媒體,,20,9,9,100.00%,5,55.56%,4,44.44%,1.77
20260127,00,第一網站股份有限公司,2492,ttshow,11273,MW-300X250-ttshow,,知名媒體,,6,3,3,100.00%,2,66.67%,1,33.33%,0.67
20260127,00,第一網站股份有限公司,2601,Meme梗圖倉庫,11443,CF-336X280-meme,,,,284,140,140,100.00%,54,38.57%,86,61.43%,2.26
20260127,00,艾得基客行銷顧問股份有限公司,2578,鉅亨網,12070,MW_320x480_文中創意_鉅亨網,,知名媒體,,"6,240","3,085","3,085",100.00%,"2,280",73.91%,805,26.09%,14.57
20260127,00,第一網站股份有限公司,2540,risu短網址,12496,CF_300x250_popup(直播) _risu短網址,antifroud,知名媒體,,6,2,2,100.00%,2,100.00%,0,0.00%,9.31
20260127,00,時報資訊股份有限公司,2770,中時電子報_HB,12559,CF_300x250_右側互動看版_中時電子報_HB,,知名媒體,,91,39,39,100.00%,20,51.28%,19,48.72%,4.10
20260127,00,時報資訊股份有限公司,2770,中時電子報_HB,12560,CF_336x280_文中看板_中時電子報_HB,,知名媒體,,86,37,37,100.00%,30,81.08%,7,18.92%,29.22
20260127,00,時報資訊股份有限公司,2770,中時電子報_HB,12561,MW_300x250_內頁TOP Banner_中時電子報_HB,antifroud,知名媒體,,936,457,457,100.00%,59,12.91%,398,87.09%,0.94
20260127,00,第一網站股份有限公司,2768,czbooks,12570,CF_728x90_banner_czbooks,,,,"4,428","2,189","2,189",100.00%,"1,674",76.47%,515,23.53%,4.09
20260127,00,第一網站股份有限公司,2768,czbooks,12571,CF-300x600_Banner_czbooks,,,,"1,726",859,859,100.00%,638,74.27%,221,25.73%,94.92
20260127,00,鳳梨傳媒股份有限公司,2190,民視新聞網-Exchange,12579,CF_300x250_右側第一塊_民視新聞網-Exchange(RWD)(MCM),,知名媒體,,406,198,198,100.00%,3,1.52%,195,98.48%,0.18
20260127,00,鳳梨傳媒股份有限公司,2190,民視新聞網-Exchange,12580,CF_300x250_內文文中左側_民視新聞網-Exchange(RWD)(MCM),,知名媒體,,413,200,200,100.00%,12,6.00%,188,94.00%,0.23
20260127,00,第一網站股份有限公司,2783,漫畫櫃manhuagui,12676,CF_728X90_manhuagui,antifroud,,,"61,966","29,857","29,857",100.00%,"11,335",37.96%,"18,522",62.04%,6.57
20260127,00,第一網站股份有限公司,2820,星座好朋友(horofriend88),12966,MW_320x100_horofriend88,antifroud,,,170,85,85,100.00%,83,97.65%,2,2.35%,25.69
20260127,00,第一網站股份有限公司,2836,vivi01,13032,MW_置底創意_vivi01 ViVi視頻,,,,12,6,6,100.00%,3,50.00%,3,50.00%,16.00
20260127,00,第一網站股份有限公司,2838,mycard,13041,MW_320x480_加倍mycard,,,,"3,020",0,0,0.00%,0,0.00%,0,0.00%,0.00
20260127,00,第一網站股份有限公司,2862,Manhuaren,13254,MW_320x100_banner_manhuaren,,,,30,14,14,100.00%,9,64.29%,5,35.71%,2.90
20260127,00,和運租車股份有限公司,2878,abc好車網,13368,CF_970x90_物件頁下方_abc好車網,,知名媒體,,8,4,4,100.00%,0,0.00%,4,100.00%,0.07
20260127,00,譚謹恩,2885,Mr. & Mrs. Diary-exchange,13403,CF_728x90_內文上方_ Mr. & Mrs. Diary-exchange,,,,6,2,2,100.00%,2,100.00%,0,0.00%,1.00
20260127,00,譚謹恩,2885,Mr. & Mrs. Diary-exchange,13405,CF_970x250_內文文中_Mr. & Mrs. Diary-exchange,,,,6,3,3,100.00%,3,100.00%,0,0.00%,1.00
20260127,00,曾憲敏,202,85小說網,13445,MW_336X280_全量1_85小說網,,,,414,205,205,100.00%,121,59.02%,84,40.98%,5.73
20260127,00,曾憲敏,202,85小說網,13446,MW_336X280_全量2_85小說網,,,,"1,934",951,951,100.00%,587,61.72%,364,38.28%,6.88
20260127,00,第一網站股份有限公司,2910,clickme,13549,CF_300x250_banner_clickme(一般),,,,"2,114","1,081","1,077",99.63%,123,11.42%,954,88.58%,0.58
20260127,00,第一網站股份有限公司,2768,czbooks,14036,MW_320x480_CZBOOKS,antifroud,,,"2,118","1,027","1,027",100.00%,347,33.79%,680,66.21%,2.56
20260127,00,陳人鳳,480,飛格寵物家族_PC,1407,CF-728X90_上方通欄_飛格寵物家族,,,,30,6,6,100.00%,6,100.00%,0,0.00%,13.16
20260127,00,陳人鳳,480,飛格寵物家族_PC,1408,CF-300X250_內文_飛格寵物家族,,,,121,25,25,100.00%,18,72.00%,7,28.00%,6.69
20260127,00,闇碼科技股份有限公司,3048,縮短網址產生器-reurl,14210,MW_文中創意300x250_縮短網址產生器-reurl,,知名媒體,,94,37,37,100.00%,22,59.46%,15,40.54%,8.57
20260127,00,巨思文化股份有限公司,3052,經理人_HB,14238,MW_文章結束第一塊_300x250_經理人-HB,,知名媒體,,20,10,10,100.00%,0,0.00%,10,100.00%,0.00
20260127,00,巨思文化股份有限公司,3052,經理人_HB,14241,MW_300x250_內文下方_經理人-HB,,知名媒體,,14,7,7,100.00%,0,0.00%,7,100.00%,0.00
20260127,00,巨思文化股份有限公司,3053,數位時代_HB,14246,MW_300x250_文章結束第一塊_數位時代-HB,,知名媒體,,6,3,3,100.00%,0,0.00%,3,100.00%,0.00
20260127,00,富盈數據股份有限公司,3059,塔科女子,14258,CF_336x280_全網_塔科女子,,知名媒體,,159,79,79,100.00%,32,40.51%,47,59.49%,2.51
20260127,00,CBROOT LTD,3003,包子漫畫-exchange,14291,MW_300x250_蓋板(PB)_包子漫畫,,,,"1,309",636,636,100.00%,379,59.59%,257,40.41%,10.40
20260127,00,巨思文化股份有限公司,3052,經理人_HB,14735,MW_文中創意320x480_第二塊_數位時代_HB,,知名媒體,,6,3,3,100.00%,2,66.67%,1,33.33%,35.00
20260127,00,朱光宁,3149,稷下書院-exchange,14748,MW_320x100_置底(PB)_稷下書院,,,,32,16,16,100.00%,0,0.00%,16,100.00%,0.00
20260127,00,巨思文化股份有限公司,3053,數位時代_HB,14764,MW_置底創意_(非展開)_數位時代_HB,,知名媒體,,36,18,18,100.00%,17,94.44%,1,5.56%,30.65
20260127,00,鳳梨傳媒股份有限公司,3277,民視新聞網-Mobile,14772,MW_置底創意_民視新聞-Mobile,,知名媒體,,"4,913","2,435","2,435",100.00%,"2,172",89.20%,263,10.80%,26.77
20260127,00,曾憲敏,3327,85小說網_創意,15227,MW-300X250_85小說網_隨身影音PB,,,,92,46,46,100.00%,30,65.22%,16,34.78%,7.50
20260127,00,曾憲敏,3327,85小說網_創意,15228,MW-創意-85小說網,,,,"1,145",570,570,100.00%,539,94.56%,31,5.44%,76.88
20260127,00,中天電視股份有限公司,3282,中天新聞網-exchange,15859,CF_336x280_內頁_PC右側互動看板B-中天新聞網-exchange,,知名媒體,,66,21,21,100.00%,6,28.57%,15,71.43%,2.81
20260127,00,CBROOT LTD,3352,西瓜卡通-exchange,15969,CF_728x90_影音內容_西瓜卡通-exchange,,,,26,13,13,100.00%,0,0.00%,13,100.00%,0.00
20260127,00,CBROOT LTD,3352,西瓜卡通-exchange,15970,CF_160x600_影音內容_西瓜卡通-exchange,,,,347,130,130,100.00%,15,11.54%,115,88.46%,5.16
20260127,00,朱光宁,3360,提莫書屋-exchange,16957,MW_336x280banner_提莫書屋_exchange,,,,"18,166","8,893","8,893",100.00%,"7,101",79.85%,"1,792",20.15%,6.09
20260127,00,朱光宁,3361,提莫書屋-mobile,16958,MW_置底創意_提莫書屋-mobile,,,,110,55,55,100.00%,49,89.09%,6,10.91%,32.47
20260127,00,朱光宁,3361,提莫書屋-mobile,16959,MW_320x480_文中創意_提莫書屋-mobile,,,,141,72,72,100.00%,56,77.78%,16,22.22%,4.95
20260127,00,巧克科技新媒體股份有限公司,1494,LINE TV,16964,CF_336x280_影音暫停頁_LINE TV,,知名媒體,,496,246,246,100.00%,177,71.95%,69,28.05%,98.30
20260127,00,欣發現股份有限公司,3365,Hami任務牆-mobile,16969,MW_置底創意_Hami任務牆,,知名媒體,,160,79,79,100.00%,58,73.42%,21,26.58%,9.33
20260127,00,欣發現股份有限公司,3364,女子學-mobile,16972,MW_置底創意_女子學,antifroud,,,"1,010",493,493,100.00%,54,10.95%,439,89.05%,1.24
20260127,00,欣發現股份有限公司,3363,大人物-mobile,16973,MW_置底創意_大人物,,知名媒體,,93,45,45,100.00%,29,64.44%,16,35.56%,4.95
20260127,00,欣發現股份有限公司,3362,妞新聞-mobile,16974,MW_置底創意_妞新聞,,知名媒體,,6,3,3,100.00%,3,100.00%,0,0.00%,5.32
20260127,00,第一網站股份有限公司,2783,漫畫櫃manhuagui,17027,MW_320x480_蓋版_漫畫櫃manhuagui,,,,"12,476","5,986","5,986",100.00%,"2,412",40.29%,"3,574",59.71%,1.71
20260127,00,詠勝科技有限公司,3385,Mobile01_HB,17175,CF_970x90_橫幅Banner_Mobile01_HB,,知名媒體,,507,230,230,100.00%,82,35.65%,148,64.35%,3.29
20260127,00,詠勝科技有限公司,3385,Mobile01_HB,17178,CF_300x250_頻道頁_大看板_Mobile01_HB,,知名媒體,,6,3,3,100.00%,2,66.67%,1,33.33%,1.29
20260127,00,詠勝科技有限公司,3385,Mobile01_HB,17179,CF_300x250_熱門大看板_Mobile01_HB,,知名媒體,,615,276,276,100.00%,147,53.26%,129,46.74%,12.70
20260127,00,詠勝科技有限公司,3385,Mobile01_HB,17180,CF_300x250_置底看板左_Mobile01_HB,,知名媒體,,105,52,52,100.00%,14,26.92%,38,73.08%,1.60
20260127,00,詠勝科技有限公司,3385,Mobile01_HB,17181,CF_300x250_置底看板中_Mobile01_HB,,知名媒體,,111,55,55,100.00%,15,27.27%,40,72.73%,1.54
20260127,00,詠勝科技有限公司,3385,Mobile01_HB,17183,CF_300x600_大摩天_Mobile01_HB,,知名媒體,,249,122,122,100.00%,56,45.90%,66,54.10%,9.73
20260127,00,詠勝科技有限公司,3385,Mobile01_HB,17196,CF_160x600_門神_right_Mobile01_HB,,知名媒體,,24,12,12,100.00%,8,66.67%,4,33.33%,4.16
20260127,00,詠勝科技有限公司,3385,Mobile01_HB,17197,CF_160x600_門神_left_Mobile01_HB,,知名媒體,,24,12,12,100.00%,7,58.33%,5,41.67%,4.02
20260127,00,詠勝科技有限公司,3385,Mobile01_HB,17204,MW_300x250_文中Banner(interscroller)_Mobile01_HB,,知名媒體,,201,100,100,100.00%,75,75.00%,25,25.00%,2.82
20260127,00,朱光宁,3268,稷下書院-mobile,17207,MW_320x480_蓋版_稷下書院-mobile,,,,"42,413","17,407","17,407",100.00%,"6,083",34.95%,"11,324",65.05%,1.98
20260127,00,艾得基客行銷顧問股份有限公司,3391,UDN聯合新聞網,17236,MW_置底創意_UDN聯合新聞,,知名媒體,,"12,807","6,293","6,293",100.00%,"4,801",76.29%,"1,492",23.71%,25.16
20260127,00,李立娟,3395,vivi0視頻-exchange,17293,CF_336x280_Banner_vivi01視頻-exchange,antifroud,,,"38,140","18,719","18,717",99.99%,"2,794",14.93%,"15,923",85.07%,0.36
20260127,00,李立娟,3395,vivi0視頻-exchange,17294,MW_336x280_Banner_vivi01視頻-exchange,antifroud,,,"49,068","24,076","24,075",100.00%,"9,938",41.28%,"14,137",58.72%,1.51
20260127,00,李立娟,3395,vivi0視頻-exchange,17299,MW_300x250_蓋板(PB)-vivi01視頻-exchange,,,,6,3,3,100.00%,1,33.33%,2,66.67%,0.49
20260127,00,李立娟,3395,vivi0視頻-exchange,17300,MW_320x100_置底(PB)_vivi01視頻-exchange,antifroud,,,"62,546","30,783","30,783",100.00%,"21,217",68.92%,"9,566",31.08%,16.71
20260127,00,李立娟,3397,趣聞圖說-exchange,17309,MW_336x280_文中Banner_趣聞圖說-exchange,,,,18,9,9,100.00%,7,77.78%,2,22.22%,2.72
20260127,00,曾憲敏,601,85小說網_PC,1773,CF-300x250_85小說網_內文1,,,,12,6,6,100.00%,5,83.33%,1,16.67%,7.19
20260127,00,李立娟,3396,趣聞圖說-Mobile,17923,MW_置底創意(展開)_趣聞圖說-Mobile,,,,42,21,21,100.00%,15,71.43%,6,28.57%,10.18
20260127,00,第一網站股份有限公司,2768,czbooks,17927,MW_置底創意_czbook,,,,"19,827","9,776","9,776",100.00%,"6,455",66.03%,"3,321",33.97%,18.82
20260127,00,時報資訊股份有限公司_工商時報,3427,工商時報-exchange,18014,MW_300x250_文末Banner1_工商時報-exchange,,知名媒體,,12,6,6,100.00%,1,16.67%,5,83.33%,0.17
20260127,00,時報資訊股份有限公司_工商時報,3427,工商時報-exchange,18015,MW_300x250_文末Banner2_工商時報-exchange,,知名媒體,,194,96,96,100.00%,1,1.04%,95,98.96%,0.01
20260127,00,第一網站股份有限公司,3440,fsa_passback_first,18201,CF_336x280_fsa_passback_first,,,,127,64,64,100.00%,19,29.69%,45,70.31%,0.63
20260127,00,第一網站股份有限公司,3440,fsa_passback_first,18202,CF_300x250_fsa_passback_first,,,,452,195,195,100.00%,95,48.72%,100,51.28%,23.12
20260127,00,冰楓科技有限公司,3485,冰楓論壇-exchange,18487,CF_970x90_內文上方第一塊_冰楓論壇-exchange,,,,"1,103",439,438,99.77%,96,21.92%,342,78.08%,2.33
20260127,00,冰楓科技有限公司,3485,冰楓論壇-exchange,18488,MW_320x100_內文上方第一塊_ 冰楓論壇-exchange,antifroud,,,142,54,54,100.00%,40,74.07%,14,25.93%,20.39
20260127,00,冰楓科技有限公司,3485,冰楓論壇-exchange,18492,MW_300x250_Banner_ 冰楓論壇-exchange,,,,351,130,130,100.00%,50,38.46%,80,61.54%,1.88
20260127,00,闇碼科技股份有限公司,3048,縮短網址產生器-reurl,18535,MW_蓋版_縮短網址產生器-reurl,,知名媒體,,6,3,3,100.00%,1,33.33%,2,66.67%,1.79
20260127,00,CBROOT LTD,3492,包子漫畫(特開流量)-exchange,18557,CF_300x600_指定流量_包子漫畫(特開流量PB)-exchange,,,,120,46,46,100.00%,22,47.83%,24,52.17%,14.17
20260127,00,CBROOT LTD,3492,包子漫畫(特開流量)-exchange,18558,CF_970x250_指定時段_包子漫畫(特開流量PB)-exchange,,,,"1,605",626,626,100.00%,36,5.75%,590,94.25%,1.04
20260127,00,CBROOT LTD,3510,包子漫畫_twmanga-exchange,18737,CF_970x90_Banner_ 包子漫畫_twmanga-exchange,,,,44,13,13,100.00%,3,23.08%,10,76.92%,7.06
20260127,00,台灣英文新聞股份有限公司,3537,台灣英文新聞(new)-exchange,18924,CF_300x250_內容頁_右側看版_1_台灣英文新聞(new)-exchange,,知名媒體,,6,2,2,100.00%,0,0.00%,2,100.00%,0.12
20260127,00,聯合線上股份有限公司,3442,UDN聯合新聞網,19031,MW_置底創意_UDN聯合新聞網,antifroud,知名媒體,,"4,207","2,079","2,079",100.00%,"1,389",66.81%,690,33.19%,14.25
20260127,00,聯合線上股份有限公司,3549,UDN元氣網,19033,MW_置底創意_UDN元氣網,,知名媒體,,178,89,89,100.00%,75,84.27%,14,15.73%,13.02
20260127,00,艾得基客行銷顧問股份有限公司,3552,玩具人,19044,MW_320x480_文中創意_玩具人,,知名媒體,,66,33,33,100.00%,26,78.79%,7,21.21%,18.61
20260127,00,第一網站股份有限公司,2783,漫畫櫃manhuagui,20685,MW_300X250_manhuagui,antifroud,,,"20,060","9,807","9,807",100.00%,"4,438",45.25%,"5,369",54.75%,11.07
20260127,00,德榕企業有限公司,3578,TW Bodhi_mobile,20707,MW_置底創意_TW Bodhi,,,,114,57,57,100.00%,0,0.00%,57,100.00%,0.00
20260127,00,德榕企業有限公司,3578,TW Bodhi_mobile,20708,MW_蓋板_TW Bodhi,,,,260,130,130,100.00%,0,0.00%,130,100.00%,0.00
20260127,00,德榕企業有限公司,3581,忘憂書屋,20727,CF_336x280文章頁(RWD)_忘憂書屋,,,,113,56,56,100.00%,0,0.00%,56,100.00%,0.00
20260127,00,德榕企業有限公司,3582,忘憂書屋_mobile,20729,MW_蓋板_忘憂書屋,,,,104,52,52,100.00%,0,0.00%,52,100.00%,0.00
20260127,00,德榕企業有限公司,3582,忘憂書屋_mobile,20730,MW_置底創意_忘憂書屋,,,,146,73,73,100.00%,0,0.00%,73,100.00%,0.00
20260127,00,第一網站股份有限公司,2916,KiKiNote,20731,CF_300x250_banner_kikinote (PB),,知名媒體,,44,19,19,100.00%,10,52.63%,9,47.37%,7.04
20260127,00,艾得基客行銷顧問股份有限公司,3490,太報,21317,MW_蓋版_太報,,知名媒體,,6,3,3,100.00%,3,100.00%,0,0.00%,7.59
20260127,00,第一網站股份有限公司,2768,czbooks,21412,(子)CF_970x250_banner_czbooks(限時段)-PB,,,子聯播網,"3,351","1,667","1,667",100.00%,564,33.83%,"1,103",66.17%,4.62
20260127,00,第一網站股份有限公司,3440,fsa_passback_first,21699,CF_336x280_fsa_passback_first,,,,268,130,130,100.00%,7,5.38%,123,94.62%,0.25
20260127,00,富盈數據股份有限公司,3653,TVBS-女人我最大_HB,21761,MW_文章四_336x280_TVBS-女人我最大_HB,,知名媒體,,102,51,51,100.00%,38,74.51%,13,25.49%,3.32
20260127,00,富盈數據股份有限公司,3653,TVBS-女人我最大_HB,21763,MW_文中創意320x480_TVBS-女人我最大_HB,,知名媒體,,157,78,78,100.00%,66,84.62%,12,15.38%,27.52
20260127,00,富盈數據股份有限公司,3654,TVBS-健康2.0_HB,21765,MW_文章三_336x280_TVBS-健康2.0_HB,,知名媒體,,160,80,80,100.00%,56,70.00%,24,30.00%,3.52
20260127,00,富盈數據股份有限公司,3654,TVBS-健康2.0_HB,21768,MW_文中創意320x480_TVBS-健康2.0_HB,,知名媒體,,678,326,326,100.00%,232,71.17%,94,28.83%,30.60
20260127,00,富盈數據股份有限公司,3655,TVBS-食尚玩家_HB,21770,MW_文章三_336x280_TVBS-食尚玩家_HB,,知名媒體,,110,55,55,100.00%,37,67.27%,18,32.73%,3.01
20260127,00,富盈數據股份有限公司,3655,TVBS-食尚玩家_HB,21773,MW_文中創意320x480_TVBS-食尚玩家_HB,,知名媒體,,54,27,27,100.00%,20,74.07%,7,25.93%,43.10
20260127,00,儂儂雜誌社股份有限公司(bella儂儂),2135,Bella儂儂_2024,21876,MW-300x250_文章標題上方1_Bella儂儂,,知名媒體,,120,60,60,100.00%,29,48.33%,31,51.67%,2.21
20260127,00,富盈數據股份有限公司,3680,TVBS-新聞網_HB,21899,MW_文章一_336x280_TVBS-新聞網_HB,,知名媒體,,"8,033","3,990","3,990",100.00%,"3,092",77.49%,898,22.51%,7.75
20260127,00,富盈數據股份有限公司,3680,TVBS-新聞網_HB,21900,MW_文章三_336x280_TVBS-新聞網_HB,,知名媒體,,104,52,52,100.00%,30,57.69%,22,42.31%,3.48
20260127,00,富盈數據股份有限公司,3680,TVBS-新聞網_HB,21902,MW_文章置底_320x100_TVBS-新聞網_HB,,知名媒體,,"6,443","3,192","3,192",100.00%,281,8.80%,"2,911",91.20%,3.17
20260127,00,富盈數據股份有限公司,3684,稅美人_mobile,21923,MW_置底創意(非展開)_稅美人-mobile,,,,6,3,3,100.00%,2,66.67%,1,33.33%,37.08
20260127,00,富盈數據股份有限公司,3685,玩桌遊_mobile,21924,MW_置底創意(非展開)_玩桌遊-mobile,,,,118,59,59,100.00%,49,83.05%,10,16.95%,26.67
20260127,00,富盈數據股份有限公司,2615,熱血台中,21986,CF_336x280_全網_熱血台中,,,,122,61,61,100.00%,35,57.38%,26,42.62%,1.95
20260127,00,富盈數據股份有限公司,2615,熱血台中,21987,CF_336x280_全網_熱血台中,,,,175,85,85,100.00%,47,55.29%,38,44.71%,1.99
20260127,00,富盈數據股份有限公司,3704,天天要聞,22030,CF_300 x 250 banner_天天要聞_cpc2,,,,486,241,241,100.00%,98,40.66%,143,59.34%,5.01
20260127,00,富盈數據股份有限公司,3703,繁體小說,22031,CF_300 x 250 banner_繁體小說_cpc2,,,,268,134,134,100.00%,106,79.10%,28,20.90%,8.22
20260127,00,冠妍動力科技有限公司,484,小老婆汽機車資訊網,22058,MW_文中創意320x480_小老婆汽機車資訊網-測試,,知名媒體,,6,3,3,100.00%,2,66.67%,1,33.33%,10.77
20260127,00,英屬蓋曼群島商家庭傳媒股份有限公司城邦分公司,701,T客邦_Mobile,2213,MW_置底創意(非展開)_T客邦,,知名媒體,,6,3,3,100.00%,3,100.00%,0,0.00%,17.00
20260127,00,富盈數據股份有限公司,3680,TVBS-新聞網_HB,22132,CF_文中300x250_TVBS-新聞網_HB_2,,知名媒體,,6,2,2,100.00%,2,100.00%,0,0.00%,10.00
20260127,00,富盈數據股份有限公司,3680,TVBS-新聞網_HB,22133,CF_文中300x250_TVBS-新聞網_HB_3,,知名媒體,,24,11,11,100.00%,10,90.91%,1,9.09%,8.85
20260127,00,闇碼科技股份有限公司,3048,縮短網址產生器-reurl,22213,MW_蓋版_縮短網址產生器-reurl-2025.05(特殊供量),,知名媒體,,88,30,30,100.00%,5,16.67%,25,83.33%,0.40
20260127,00,欣發現股份有限公司,3362,妞新聞-mobile,22221,MW_蓋板_妞新聞,,知名媒體,,24,10,10,100.00%,1,10.00%,9,90.00%,0.42
20260127,00,欣發現股份有限公司,3363,大人物-mobile,22222,MW_蓋板_大人物,,知名媒體,,87,37,37,100.00%,17,45.95%,20,54.05%,7.32
20260127,00,朱光宁,3741,石頭小說3,22396,MW_置底_石頭小說3,,,,377,188,188,100.00%,163,86.70%,25,13.30%,24.93
20260127,00,朱光宁,3741,石頭小說3,22398,CF_336 x 280 banner_石頭小說3_cpc1.67,,,,"2,012","1,002","1,002",100.00%,677,67.56%,325,32.44%,5.95
20260127,00,朱光宁,3741,石頭小說3,22399,CF_320 x 480 橫幅_石頭小說3,,,,428,212,212,100.00%,112,52.83%,100,47.17%,2.86
20260127,00,艾得基客行銷顧問股份有限公司,2825,科技紫薇,22403,MW_蓋版_科技紫微,,,,24,11,11,100.00%,5,45.45%,6,54.55%,2.81
20260127,00,闇碼科技股份有限公司,3068,限時圖片-imgus,22406,MW_置底_imgus,antifroud,,,"1,540",751,751,100.00%,555,73.90%,196,26.10%,3.58
20260127,00,第一網站股份有限公司,2783,漫畫櫃manhuagui,22443,MW_置底_manhuagui,antifroud,,,"78,203","37,859","37,859",100.00%,"30,655",80.97%,"7,204",19.03%,12.81
20260127,00,艾得基客行銷顧問股份有限公司,3752,ＭoneyDJ,22515,MW_300x250 BANNER_MoneyDJ,antifroud,知名媒體,,135,67,67,100.00%,28,41.79%,39,58.21%,1.64
20260127,00,李承翰-webptt,718,Web批踢踢(RWD),2284,MW-蓋板_文中_Web批踢踢,antifroud,,,62,22,22,100.00%,14,63.64%,8,36.36%,3.23
20260127,00,麥智維,999,動漫戲說,3543,CF-728*90-內文上方-動漫戲說,antifroud,,,"1,128",503,503,100.00%,424,84.29%,79,15.71%,39.11
20260127,00,肖偉彬,1286,龍騰世紀書庫,4673,CF-內文下方-728*90-龍騰世紀書庫,,,,6,3,3,100.00%,2,66.67%,1,33.33%,5.80
20260127,00,肖偉彬,1287,紅櫻桃小說書庫,4678,CF-內文上方-300*250-紅櫻桃小說書庫,,,,47,23,23,100.00%,18,78.26%,5,21.74%,8.87
20260127,00,肖偉彬,1287,紅櫻桃小說書庫,4717,MW_文中創意300x250_紅櫻桃小說書庫,,,,18,7,7,100.00%,3,42.86%,4,57.14%,2.44
20260127,00,技達創意資訊有限公司,1299,泰好網,4733,CF-300*250-內文下方-泰好網,,,,6,2,2,100.00%,1,50.00%,1,50.00%,0.50
20260127,00,技達創意資訊有限公司,1299,泰好網,4734,MW-320*100-首頁、內文上方-泰好網,,,,40,8,8,100.00%,4,50.00%,4,50.00%,9.67
20260127,00,陈晋福,1367,電視超人,4997,CF-300X250-電視超人,,,,13,6,6,100.00%,2,33.33%,4,66.67%,1.00
20260127,00,麥智維,999,動漫戲說,6069,CF-300*250-首頁-動漫戲說,,,,51,23,23,100.00%,13,56.52%,10,43.48%,3.76
20260127,00,莊博凱,1676,夢遊電玩-exchange,6309,CF-336x280_內文上方_夢遊電玩-exchange,,,,25,1,1,100.00%,0,0.00%,1,100.00%,0.00
20260127,00,莊博凱,1676,夢遊電玩-exchange,6310,CF-160*600-網頁右側-夢遊電玩-exchange,,,,6,2,2,100.00%,2,100.00%,0,0.00%,8.03
20260127,00,精鏡傳媒股份有限公司,1060,鏡週刊,8250,MW_置底創意(非展開)_鏡週刊,,知名媒體,,24,12,12,100.00%,12,100.00%,0,0.00%,25.90
20260127,00,巧克科技新媒體股份有限公司,2127,LINE TV_Banner-exchange,8576,CF_336x280_戲劇-右側好康資訊下方_LINE TV-exchange,,知名媒體,,191,95,95,100.00%,2,2.11%,93,97.89%,0.48
20260127,00,巧克科技新媒體股份有限公司,2127,LINE TV_Banner-exchange,8577,CF_336x280_戲劇-右側好康資訊上方_LINE TV-exchange,,知名媒體,,577,287,287,100.00%,5,1.74%,282,98.26%,0.03
20260127,00,見聞科技有限公司,2251,就是節目表,9233,MW-300x250-節目表文中-就是節目表,,,,136,3,3,100.00%,3,100.00%,0,0.00%,11.33
20260127,01,英屬維京群島商浩美數位有限公司台灣分公司,2315,Teepr亮新聞-exchange,10012,CF_336x280Banner_Teepr亮新聞-exchange,,知名媒體,,12,6,6,100.00%,0,0.00%,6,100.00%,0.03
20260127,01,昱得資訊工作室,2528,數位書香,11080,CF_728x90_首頁上方_數位書香,antifroud,,,42,21,21,100.00%,16,76.19%,5,23.81%,4.14
20260127,01,昱得資訊工作室,2528,數位書香,11081,CF_160x600_首頁右側_數位書香,antifroud,,,623,271,271,100.00%,121,44.65%,150,55.35%,2.99
20260127,01,第一網站股份有限公司,2518,麻辣家族討論區(twbts),11082,CF-728X90-twbts,antifroud,,,"1,793",706,706,100.00%,491,69.55%,215,30.45%,4.69
20260127,01,第一網站股份有限公司,2540,risu短網址,11260,MW-300X250-MB_page_left-risu,,知名媒體,,194,93,93,100.00%,34,36.56%,59,63.44%,2.76
20260127,01,第一網站股份有限公司,2492,ttshow,11273,MW-300X250-ttshow,,知名媒體,,18,9,9,100.00%,3,33.33%,6,66.67%,3.58
20260127,01,第一網站股份有限公司,2601,Meme梗圖倉庫,11443,CF-336X280-meme,,,,436,216,216,100.00%,30,13.89%,186,86.11%,0.79
20260127,01,第一網站股份有限公司,2540,risu短網址,11978,MW_變形蓋版_risu短網址,,知名媒體,,66,33,33,100.00%,24,72.73%,9,27.27%,6.07
20260127,01,第一網站股份有限公司,2540,risu短網址,11979,MW_置底創意_risu短網址(IOS),,知名媒體,,20,10,10,100.00%,9,90.00%,1,10.00%,3.90
20260127,01,第一網站股份有限公司,2540,risu短網址,12009,MW_置底創意_risu短網址(Android),,知名媒體,,6,3,3,100.00%,3,100.00%,0,0.00%,5.26
20260127,01,艾得基客行銷顧問股份有限公司,2578,鉅亨網,12070,MW_320x480_文中創意_鉅亨網,,知名媒體,,"2,123","1,052","1,052",100.00%,775,73.67%,277,26.33%,15.88
20260127,01,第一網站股份有限公司,2540,risu短網址,12496,CF_300x250_popup(直播) _risu短網址,antifroud,知名媒體,,12,4,4,100.00%,2,50.00%,2,50.00%,3.55
20260127,01,時報資訊股份有限公司,2770,中時電子報_HB,12559,CF_300x250_右側互動看版_中時電子報_HB,,知名媒體,,12,5,5,100.00%,0,0.00%,5,100.00%,0.08
20260127,01,時報資訊股份有限公司,2770,中時電子報_HB,12560,CF_336x280_文中看板_中時電子報_HB,,知名媒體,,12,5,5,100.00%,3,60.00%,2,40.00%,5.16
20260127,01,時報資訊股份有限公司,2770,中時電子報_HB,12561,MW_300x250_內頁TOP Banner_中時電子報_HB,antifroud,知名媒體,,784,381,381,100.00%,31,8.14%,350,91.86%,0.51
20260127,01,第一網站股份有限公司,2768,czbooks,12570,CF_728x90_banner_czbooks,,,,"4,362","2,156","2,156",100.00%,"1,663",77.13%,493,22.87%,4.48
20260127,01,第一網站股份有限公司,2768,czbooks,12571,CF-300x600_Banner_czbooks,,,,"1,711",855,855,100.00%,638,74.62%,217,25.38%,101.65
20260127,01,鳳梨傳媒股份有限公司,2190,民視新聞網-Exchange,12579,CF_300x250_右側第一塊_民視新聞網-Exchange(RWD)(MCM),,知名媒體,,80,40,40,100.00%,0,0.00%,40,100.00%,0.00
20260127,01,鳳梨傳媒股份有限公司,2190,民視新聞網-Exchange,12580,CF_300x250_內文文中左側_民視新聞網-Exchange(RWD)(MCM),,知名媒體,,64,32,32,100.00%,1,3.12%,31,96.88%,0.05
20260127,01,第一網站股份有限公司,2783,漫畫櫃manhuagui,12676,CF_728X90_manhuagui,antifroud,,,"40,872","20,079","20,079",100.00%,"7,733",38.51%,"12,346",61.49%,7.85
20260127,01,第一網站股份有限公司,2801,damanwoo,12868,CF-300x250_Banner_damanwoo_大人物,,,,8,3,3,100.00%,0,0.00%,3,100.00%,0.00
20260127,01,第一網站股份有限公司,2820,星座好朋友(horofriend88),12966,MW_320x100_horofriend88,antifroud,,,42,21,21,100.00%,21,100.00%,0,0.00%,28.94
20260127,01,第一網站股份有限公司,2862,Manhuaren,13254,MW_320x100_banner_manhuaren,,,,18,9,9,100.00%,6,66.67%,3,33.33%,2.69
20260127,01,和運租車股份有限公司,2878,abc好車網,13368,CF_970x90_物件頁下方_abc好車網,,知名媒體,,6,3,3,100.00%,0,0.00%,3,100.00%,0.14
20260127,01,曾憲敏,202,85小說網,13445,MW_336X280_全量1_85小說網,,,,174,86,86,100.00%,50,58.14%,36,41.86%,9.15
20260127,01,曾憲敏,202,85小說網,13446,MW_336X280_全量2_85小說網,,,,942,468,468,100.00%,288,61.54%,180,38.46%,5.88
20260127,01,第一網站股份有限公司,2910,clickme,13549,CF_300x250_banner_clickme(一般),,,,"1,144",576,572,99.31%,68,11.89%,504,88.11%,0.44
20260127,01,第一網站股份有限公司,2768,czbooks,14036,MW_320x480_CZBOOKS,antifroud,,,728,355,355,100.00%,102,28.73%,253,71.27%,1.63
20260127,01,陳人鳳,480,飛格寵物家族_PC,1407,CF-728X90_上方通欄_飛格寵物家族,,,,8,2,2,100.00%,1,50.00%,1,50.00%,0.50
20260127,01,陳人鳳,480,飛格寵物家族_PC,1408,CF-300X250_內文_飛格寵物家族,,,,109,14,14,100.00%,9,64.29%,5,35.71%,14.24
20260127,01,闇碼科技股份有限公司,3048,縮短網址產生器-reurl,14210,MW_文中創意300x250_縮短網址產生器-reurl,,知名媒體,,62,18,18,100.00%,12,66.67%,6,33.33%,7.52
20260127,01,巨思文化股份有限公司,3052,經理人_HB,14238,MW_文章結束第一塊_300x250_經理人-HB,,知名媒體,,12,6,6,100.00%,0,0.00%,6,100.00%,0.00
20260127,01,巨思文化股份有限公司,3052,經理人_HB,14241,MW_300x250_內文下方_經理人-HB,,知名媒體,,6,3,3,100.00%,0,0.00%,3,100.00%,0.00
20260127,01,富盈數據股份有限公司,3059,塔科女子,14258,CF_336x280_全網_塔科女子,,知名媒體,,117,58,58,100.00%,35,60.34%,23,39.66%,2.46
20260127,01,CBROOT LTD,3003,包子漫畫-exchange,14291,MW_300x250_蓋板(PB)_包子漫畫,,,,"2,425","1,199","1,199",100.00%,800,66.72%,399,33.28%,10.68
20260127,01,朱光宁,3268,稷下書院-mobile,14737,MW_置底創意(非展開)_稷下書院-mobile,,,,12,6,6,100.00%,6,100.00%,0,0.00%,33.94
20260127,01,朱光宁,3149,稷下書院-exchange,14748,MW_320x100_置底(PB)_稷下書院,,,,"21,884","10,842","10,842",100.00%,364,3.36%,"10,478",96.64%,0.10
20260127,01,巨思文化股份有限公司,3053,數位時代_HB,14764,MW_置底創意_(非展開)_數位時代_HB,,知名媒體,,6,3,3,100.00%,3,100.00%,0,0.00%,50.23
20260127,01,鳳梨傳媒股份有限公司,3277,民視新聞網-Mobile,14772,MW_置底創意_民視新聞-Mobile,,知名媒體,,6,3,3,100.00%,0,0.00%,3,100.00%,0.07
20260127,01,曾憲敏,3327,85小說網_創意,15227,MW-300X250_85小說網_隨身影音PB,,,,36,18,18,100.00%,12,66.67%,6,33.33%,7.55
20260127,01,曾憲敏,3327,85小說網_創意,15228,MW-創意-85小說網,,,,334,167,167,100.00%,156,93.41%,11,6.59%,85.91
20260127,01,CBROOT LTD,3352,西瓜卡通-exchange,15969,CF_728x90_影音內容_西瓜卡通-exchange,,,,12,6,6,100.00%,0,0.00%,6,100.00%,0.00
20260127,01,CBROOT LTD,3352,西瓜卡通-exchange,15970,CF_160x600_影音內容_西瓜卡通-exchange,,,,540,193,193,100.00%,20,10.36%,173,89.64%,1.81
20260127,01,朱光宁,3360,提莫書屋-exchange,16957,MW_336x280banner_提莫書屋_exchange,,,,"11,892","5,760","5,760",100.00%,"4,596",79.79%,"1,164",20.21%,5.83
20260127,01,朱光宁,3361,提莫書屋-mobile,16958,MW_置底創意_提莫書屋-mobile,,,,44,22,22,100.00%,21,95.45%,1,4.55%,27.42
20260127,01,朱光宁,3361,提莫書屋-mobile,16959,MW_320x480_文中創意_提莫書屋-mobile,,,,24,12,12,100.00%,9,75.00%,3,25.00%,7.75
20260127,01,巧克科技新媒體股份有限公司,1494,LINE TV,16964,CF_336x280_影音暫停頁_LINE TV,,知名媒體,,26,13,13,100.00%,10,76.92%,3,23.08%,10.83
20260127,01,欣發現股份有限公司,3365,Hami任務牆-mobile,16969,MW_置底創意_Hami任務牆,,知名媒體,,30,15,15,100.00%,11,73.33%,4,26.67%,9.47
20260127,01,欣發現股份有限公司,3364,女子學-mobile,16972,MW_置底創意_女子學,antifroud,,,296,146,146,100.00%,2,1.37%,144,98.63%,0.18
20260127,01,欣發現股份有限公司,3363,大人物-mobile,16973,MW_置底創意_大人物,,知名媒體,,12,6,6,100.00%,4,66.67%,2,33.33%,8.65
20260127,01,欣發現股份有限公司,3362,妞新聞-mobile,16974,MW_置底創意_妞新聞,,知名媒體,,6,3,3,100.00%,2,66.67%,1,33.33%,1.09
20260127,01,第一網站股份有限公司,2783,漫畫櫃manhuagui,17027,MW_320x480_蓋版_漫畫櫃manhuagui,,,,"6,970","3,363","3,363",100.00%,"1,389",41.30%,"1,974",58.70%,1.67
20260127,01,詠勝科技有限公司,3385,Mobile01_HB,17175,CF_970x90_橫幅Banner_Mobile01_HB,,知名媒體,,203,90,90,100.00%,31,34.44%,59,65.56%,3.53
20260127,01,詠勝科技有限公司,3385,Mobile01_HB,17176,CF_728x90_內頁橫幅Banner_7F_Mobile01_HB,,知名媒體,,14,3,3,100.00%,2,66.67%,1,33.33%,4.96
20260127,01,詠勝科技有限公司,3385,Mobile01_HB,17179,CF_300x250_熱門大看板_Mobile01_HB,,知名媒體,,333,156,156,100.00%,86,55.13%,70,44.87%,5.41
20260127,01,詠勝科技有限公司,3385,Mobile01_HB,17180,CF_300x250_置底看板左_Mobile01_HB,,知名媒體,,94,46,46,100.00%,16,34.78%,30,65.22%,1.06
20260127,01,詠勝科技有限公司,3385,Mobile01_HB,17181,CF_300x250_置底看板中_Mobile01_HB,,知名媒體,,100,49,49,100.00%,18,36.73%,31,63.27%,1.17
20260127,01,詠勝科技有限公司,3385,Mobile01_HB,17183,CF_300x600_大摩天_Mobile01_HB,,知名媒體,,78,39,39,100.00%,24,61.54%,15,38.46%,7.68
20260127,01,詠勝科技有限公司,3385,Mobile01_HB,17196,CF_160x600_門神_right_Mobile01_HB,,知名媒體,,46,21,21,100.00%,8,38.10%,13,61.90%,4.47
20260127,01,詠勝科技有限公司,3385,Mobile01_HB,17197,CF_160x600_門神_left_Mobile01_HB,,知名媒體,,52,24,24,100.00%,10,41.67%,14,58.33%,5.35
20260127,01,詠勝科技有限公司,3385,Mobile01_HB,17204,MW_300x250_文中Banner(interscroller)_Mobile01_HB,,知名媒體,,181,89,89,100.00%,71,79.78%,18,20.22%,4.69
20260127,01,朱光宁,3268,稷下書院-mobile,17207,MW_320x480_蓋版_稷下書院-mobile,,,,"16,801","7,046","7,046",100.00%,"2,299",32.63%,"4,747",67.37%,1.82
20260127,01,艾得基客行銷顧問股份有限公司,3391,UDN聯合新聞網,17236,MW_置底創意_UDN聯合新聞,,知名媒體,,"3,912","1,926","1,926",100.00%,"1,429",74.20%,497,25.80%,26.67
20260127,01,李立娟,3395,vivi0視頻-exchange,17293,CF_336x280_Banner_vivi01視頻-exchange,antifroud,,,"26,268","12,894","12,894",100.00%,"1,886",14.63%,"11,008",85.37%,0.34
20260127,01,李立娟,3395,vivi0視頻-exchange,17294,MW_336x280_Banner_vivi01視頻-exchange,antifroud,,,"28,841","14,160","14,160",100.00%,"5,888",41.58%,"8,272",58.42%,1.47
20260127,01,李立娟,3395,vivi0視頻-exchange,17299,MW_300x250_蓋板(PB)-vivi01視頻-exchange,,,,6,3,3,100.00%,0,0.00%,3,100.00%,0.00
20260127,01,李立娟,3395,vivi0視頻-exchange,17300,MW_320x100_置底(PB)_vivi01視頻-exchange,antifroud,,,"40,624","20,010","20,010",100.00%,"13,871",69.32%,"6,139",30.68%,17.70
20260127,01,第一網站股份有限公司,2768,czbooks,17927,MW_置底創意_czbook,,,,"10,818","5,347","5,347",100.00%,"3,439",64.32%,"1,908",35.68%,20.71
20260127,01,時報資訊股份有限公司_工商時報,3427,工商時報-exchange,18015,MW_300x250_文末Banner2_工商時報-exchange,,知名媒體,,122,61,61,100.00%,0,0.00%,61,100.00%,0.00
20260127,01,第一網站股份有限公司,3440,fsa_passback_first,18201,CF_336x280_fsa_passback_first,,,,"1,764",838,838,100.00%,165,19.69%,673,80.31%,0.67
20260127,01,第一網站股份有限公司,3440,fsa_passback_first,18202,CF_300x250_fsa_passback_first,,,,"1,516",615,615,100.00%,371,60.33%,244,39.67%,30.73
20260127,01,莊博凱,3455,夢遊電玩,18269,300x250 Banner,,,,6,3,3,100.00%,1,33.33%,2,66.67%,1.55
20260127,01,朱光宁,3268,稷下書院-mobile,18297,MW_置底創意(展開)_稷下書院-mobile,,,,734,365,365,100.00%,208,56.99%,157,43.01%,15.20
20260127,01,冰楓科技有限公司,3485,冰楓論壇-exchange,18487,CF_970x90_內文上方第一塊_冰楓論壇-exchange,,,,674,312,312,100.00%,75,24.04%,237,75.96%,2.24
20260127,01,冰楓科技有限公司,3485,冰楓論壇-exchange,18488,MW_320x100_內文上方第一塊_ 冰楓論壇-exchange,antifroud,,,72,29,29,100.00%,17,58.62%,12,41.38%,13.89
20260127,01,冰楓科技有限公司,3485,冰楓論壇-exchange,18492,MW_300x250_Banner_ 冰楓論壇-exchange,,,,280,124,124,100.00%,68,54.84%,56,45.16%,3.00
20260127,01,CBROOT LTD,3492,包子漫畫(特開流量)-exchange,18557,CF_300x600_指定流量_包子漫畫(特開流量PB)-exchange,,,,229,108,108,100.00%,60,55.56%,48,44.44%,35.60
20260127,01,CBROOT LTD,3510,包子漫畫_twmanga-exchange,18737,CF_970x90_Banner_ 包子漫畫_twmanga-exchange,,,,509,253,253,100.00%,69,27.27%,184,72.73%,2.00
20260127,01,舒禾驊,3535,荷花動漫筆記,18887,CF_336x280_文章頁文中_荷花動漫筆記,,,,6,2,2,100.00%,2,100.00%,0,0.00%,1.98
20260127,01,台灣英文新聞股份有限公司,3537,台灣英文新聞(new)-exchange,18914,MW_320x100_內文頁_置頂橫幅_台灣英文新聞(new)-exchange,,知名媒體,,6,3,3,100.00%,0,0.00%,3,100.00%,0.00
20260127,01,台灣英文新聞股份有限公司,3537,台灣英文新聞(new)-exchange,18924,CF_300x250_內容頁_右側看版_1_台灣英文新聞(new)-exchange,,知名媒體,,12,2,2,100.00%,0,0.00%,2,100.00%,0.04
20260127,01,台灣英文新聞股份有限公司,3537,台灣英文新聞(new)-exchange,18925,CF_300x600_內容頁_右側看版_2_台灣英文新聞(new)-exchange,,知名媒體,,6,3,3,100.00%,0,0.00%,3,100.00%,0.13
20260127,01,聯合線上股份有限公司,3442,UDN聯合新聞網,19031,MW_置底創意_UDN聯合新聞網,antifroud,知名媒體,,895,444,444,100.00%,300,67.57%,144,32.43%,12.82
20260127,01,聯合線上股份有限公司,3549,UDN元氣網,19033,MW_置底創意_UDN元氣網,,知名媒體,,68,34,34,100.00%,30,88.24%,4,11.76%,17.91
20260127,01,艾得基客行銷顧問股份有限公司,3552,玩具人,19044,MW_320x480_文中創意_玩具人,,知名媒體,,12,6,6,100.00%,2,33.33%,4,66.67%,25.22
20260127,01,第一網站股份有限公司,2783,漫畫櫃manhuagui,20685,MW_300X250_manhuagui,antifroud,,,"17,287","8,419","8,419",100.00%,"3,785",44.96%,"4,634",55.04%,11.60
20260127,01,德榕企業有限公司,3578,TW Bodhi_mobile,20707,MW_置底創意_TW Bodhi,,,,54,27,27,100.00%,0,0.00%,27,100.00%,0.00
20260127,01,德榕企業有限公司,3578,TW Bodhi_mobile,20708,MW_蓋板_TW Bodhi,,,,136,67,67,100.00%,0,0.00%,67,100.00%,0.00
20260127,01,德榕企業有限公司,3581,忘憂書屋,20727,CF_336x280文章頁(RWD)_忘憂書屋,,,,48,24,24,100.00%,0,0.00%,24,100.00%,0.00
20260127,01,德榕企業有限公司,3582,忘憂書屋_mobile,20729,MW_蓋板_忘憂書屋,,,,60,30,30,100.00%,0,0.00%,30,100.00%,0.00
20260127,01,德榕企業有限公司,3582,忘憂書屋_mobile,20730,MW_置底創意_忘憂書屋,,,,48,23,23,100.00%,0,0.00%,23,100.00%,0.00
20260127,01,第一網站股份有限公司,2916,KiKiNote,20731,CF_300x250_banner_kikinote (PB),,知名媒體,,56,22,22,100.00%,8,36.36%,14,63.64%,1.27
20260127,01,第一網站股份有限公司,2768,czbooks,21412,(子)CF_970x250_banner_czbooks(限時段)-PB,,,子聯播網,"3,906","1,941","1,941",100.00%,670,34.52%,"1,271",65.48%,4.17
20260127,01,第一網站股份有限公司,3440,fsa_passback_first,21699,CF_336x280_fsa_passback_first,,,,459,189,189,100.00%,40,21.16%,149,78.84%,0.61
20260127,01,富盈數據股份有限公司,3653,TVBS-女人我最大_HB,21761,MW_文章四_336x280_TVBS-女人我最大_HB,,知名媒體,,76,38,38,100.00%,22,57.89%,16,42.11%,2.68
20260127,01,富盈數據股份有限公司,3653,TVBS-女人我最大_HB,21762,MW_文章置底_320x100_TVBS-女人我最大_HB,,知名媒體,,50,25,25,100.00%,23,92.00%,2,8.00%,38.57
20260127,01,富盈數據股份有限公司,3653,TVBS-女人我最大_HB,21763,MW_文中創意320x480_TVBS-女人我最大_HB,,知名媒體,,53,26,26,100.00%,17,65.38%,9,34.62%,15.20
20260127,01,富盈數據股份有限公司,3654,TVBS-健康2.0_HB,21765,MW_文章三_336x280_TVBS-健康2.0_HB,,知名媒體,,117,58,58,100.00%,36,62.07%,22,37.93%,2.40
20260127,01,富盈數據股份有限公司,3654,TVBS-健康2.0_HB,21768,MW_文中創意320x480_TVBS-健康2.0_HB,,知名媒體,,214,104,104,100.00%,77,74.04%,27,25.96%,30.55
20260127,01,富盈數據股份有限公司,3655,TVBS-食尚玩家_HB,21770,MW_文章三_336x280_TVBS-食尚玩家_HB,,知名媒體,,12,6,6,100.00%,3,50.00%,3,50.00%,0.62
20260127,01,富盈數據股份有限公司,3654,TVBS-健康2.0_HB,21812,MW_文章一_336x280_TVBS-健康2.0_HB,,知名媒體,,118,59,59,100.00%,46,77.97%,13,22.03%,4.09
20260127,01,儂儂雜誌社股份有限公司(bella儂儂),2135,Bella儂儂_2024,21876,MW-300x250_文章標題上方1_Bella儂儂,,知名媒體,,68,34,34,100.00%,15,44.12%,19,55.88%,2.61
20260127,01,富盈數據股份有限公司,3680,TVBS-新聞網_HB,21899,MW_文章一_336x280_TVBS-新聞網_HB,,知名媒體,,"2,136","1,061","1,061",100.00%,820,77.29%,241,22.71%,8.06
20260127,01,富盈數據股份有限公司,3680,TVBS-新聞網_HB,21902,MW_文章置底_320x100_TVBS-新聞網_HB,,知名媒體,,"1,567",777,777,100.00%,222,28.57%,555,71.43%,12.49
20260127,01,富盈數據股份有限公司,3685,玩桌遊_mobile,21924,MW_置底創意(非展開)_玩桌遊-mobile,,,,559,277,277,100.00%,224,80.87%,53,19.13%,21.01
20260127,01,富盈數據股份有限公司,2615,熱血台中,21986,CF_336x280_全網_熱血台中,,,,104,52,52,100.00%,35,67.31%,17,32.69%,2.13
20260127,01,富盈數據股份有限公司,2615,熱血台中,21987,CF_336x280_全網_熱血台中,,,,177,87,87,100.00%,62,71.26%,25,28.74%,2.34
20260127,01,富盈數據股份有限公司,3704,天天要聞,22030,CF_300 x 250 banner_天天要聞_cpc2,,,,725,357,357,100.00%,287,80.39%,70,19.61%,9.68
20260127,01,富盈數據股份有限公司,3703,繁體小說,22031,CF_300 x 250 banner_繁體小說_cpc2,,,,228,114,114,100.00%,85,74.56%,29,25.44%,6.90
20260127,01,闇碼科技股份有限公司,3048,縮短網址產生器-reurl,22213,MW_蓋版_縮短網址產生器-reurl-2025.05(特殊供量),,知名媒體,,55,13,13,100.00%,4,30.77%,9,69.23%,0.48
20260127,01,欣發現股份有限公司,3363,大人物-mobile,22222,MW_蓋板_大人物,,知名媒體,,6,3,3,100.00%,2,66.67%,1,33.33%,20.95
20260127,01,朱光宁,3741,石頭小說3,22396,MW_置底_石頭小說3,,,,243,121,121,100.00%,105,86.78%,16,13.22%,28.64
20260127,01,朱光宁,3741,石頭小說3,22398,CF_336 x 280 banner_石頭小說3_cpc1.67,,,,"2,581","1,308","1,308",100.00%,938,71.71%,370,28.29%,5.10
20260127,01,朱光宁,3741,石頭小說3,22399,CF_320 x 480 橫幅_石頭小說3,,,,71,35,35,100.00%,23,65.71%,12,34.29%,4.61
20260127,01,闇碼科技股份有限公司,3068,限時圖片-imgus,22406,MW_置底_imgus,antifroud,,,602,297,297,100.00%,216,72.73%,81,27.27%,3.09
20260127,01,第一網站股份有限公司,2783,漫畫櫃manhuagui,22443,MW_置底_manhuagui,antifroud,,,"46,115","22,313","22,313",100.00%,"18,074",81.00%,"4,239",19.00%,11.13
20260127,01,艾得基客行銷顧問股份有限公司,3752,ＭoneyDJ,22515,MW_300x250 BANNER_MoneyDJ,antifroud,知名媒體,,12,6,6,100.00%,4,66.67%,2,33.33%,3.21
20260127,01,李承翰-webptt,718,Web批踢踢(RWD),2284,MW-蓋板_文中_Web批踢踢,antifroud,,,20,8,8,100.00%,4,50.00%,4,50.00%,2.71
20260127,01,麥智維,999,動漫戲說,3543,CF-728*90-內文上方-動漫戲說,antifroud,,,502,221,221,100.00%,201,90.95%,20,9.05%,70.03
20260127,01,肖偉彬,1287,紅櫻桃小說書庫,4678,CF-內文上方-300*250-紅櫻桃小說書庫,,,,32,16,16,100.00%,15,93.75%,1,6.25%,18.79
20260127,01,肖偉彬,1286,龍騰世紀書庫,4716,CF-內文中間-300*250-龍騰世紀書庫,,,,6,3,3,100.00%,2,66.67%,1,33.33%,21.10
20260127,01,技達創意資訊有限公司,1299,泰好網,4733,CF-300*250-內文下方-泰好網,,,,12,4,4,100.00%,1,25.00%,3,75.00%,0.57
20260127,01,技達創意資訊有限公司,1299,泰好網,4734,MW-320*100-首頁、內文上方-泰好網,,,,12,4,4,100.00%,4,100.00%,0,0.00%,4.46
20260127,01,陈晋福,1367,電視超人,4997,CF-300X250-電視超人,,,,21,8,8,100.00%,5,62.50%,3,37.50%,6.45
20260127,01,麥智維,999,動漫戲說,6069,CF-300*250-首頁-動漫戲說,,,,20,10,10,100.00%,6,60.00%,4,40.00%,6.12
20260127,01,台灣時報社股份有限公司,1665,台灣時報電子報,6263,CF-300X600-右側通欄-台灣時報電子報,,,,6,0,0,0.00%,0,0.00%,0,0.00%,0.00
20260127,01,莊博凱,1676,夢遊電玩-exchange,6310,CF-160*600-網頁右側-夢遊電玩-exchange,,,,6,2,2,100.00%,1,50.00%,1,50.00%,0.86
20260127,01,巧克科技新媒體股份有限公司,2127,LINE TV_Banner-exchange,8576,CF_336x280_戲劇-右側好康資訊下方_LINE TV-exchange,,知名媒體,,20,10,10,100.00%,0,0.00%,10,100.00%,0.00
20260127,01,巧克科技新媒體股份有限公司,2127,LINE TV_Banner-exchange,8577,CF_336x280_戲劇-右側好康資訊上方_LINE TV-exchange,,知名媒體,,39,19,19,100.00%,0,0.00%,19,100.00%,0.05
20260127,01,冰楓科技有限公司,1711,冰楓短網址,9308,ＭＷ-300X250-跳轉頁下方-冰楓短網址,,,,6,2,2,100.00%,1,50.00%,1,50.00%,0.66
20260127,01,冰楓科技有限公司,2289,BFFile,9576,CF-300X600-下載頁上方-BFFile,,,,12,4,4,100.00%,0,0.00%,4,100.00%,0.12
20260127,02,英屬維京群島商浩美數位有限公司台灣分公司,2315,Teepr亮新聞-exchange,10012,CF_336x280Banner_Teepr亮新聞-exchange,,知名媒體,,6,1,1,100.00%,0,0.00%,1,100.00%,0.00
20260127,02,昱得資訊工作室,2528,數位書香,11080,CF_728x90_首頁上方_數位書香,antifroud,,,36,18,18,100.00%,12,66.67%,6,33.33%,3.77
20260127,02,昱得資訊工作室,2528,數位書香,11081,CF_160x600_首頁右側_數位書香,antifroud,,,878,379,379,100.00%,167,44.06%,212,55.94%,2.96
20260127,02,第一網站股份有限公司,2518,麻辣家族討論區(twbts),11082,CF-728X90-twbts,antifroud,,,"2,151",847,847,100.00%,540,63.75%,307,36.25%,4.54
20260127,02,第一網站股份有限公司,2540,risu短網址,11260,MW-300X250-MB_page_left-risu,,知名媒體,,111,54,54,100.00%,19,35.19%,35,64.81%,1.32
20260127,02,第一網站股份有限公司,2492,ttshow,11273,MW-300X250-ttshow,,知名媒體,,26,3,3,100.00%,2,66.67%,1,33.33%,20.00
20260127,02,第一網站股份有限公司,2601,Meme梗圖倉庫,11443,CF-336X280-meme,,,,305,140,140,100.00%,35,25.00%,105,75.00%,1.58
20260127,02,第一網站股份有限公司,2540,risu短網址,11978,MW_變形蓋版_risu短網址,,知名媒體,,24,12,12,100.00%,7,58.33%,5,41.67%,1.96
20260127,02,第一網站股份有限公司,2540,risu短網址,11979,MW_置底創意_risu短網址(IOS),,知名媒體,,31,15,15,100.00%,14,93.33%,1,6.67%,7.13
20260127,02,艾得基客行銷顧問股份有限公司,2578,鉅亨網,12070,MW_320x480_文中創意_鉅亨網,,知名媒體,,734,363,363,100.00%,264,72.73%,99,27.27%,15.20
20260127,02,第一網站股份有限公司,2540,risu短網址,12496,CF_300x250_popup(直播) _risu短網址,antifroud,知名媒體,,42,15,15,100.00%,6,40.00%,9,60.00%,7.91
20260127,02,時報資訊股份有限公司,2770,中時電子報_HB,12560,CF_336x280_文中看板_中時電子報_HB,,知名媒體,,6,2,2,100.00%,2,100.00%,0,0.00%,37.50
20260127,02,時報資訊股份有限公司,2770,中時電子報_HB,12561,MW_300x250_內頁TOP Banner_中時電子報_HB,antifroud,知名媒體,,422,208,208,100.00%,33,15.87%,175,84.13%,1.02
20260127,02,第一網站股份有限公司,2768,czbooks,12570,CF_728x90_banner_czbooks,,,,"2,783","1,382","1,382",100.00%,"1,085",78.51%,297,21.49%,4.09
20260127,02,第一網站股份有限公司,2768,czbooks,12571,CF-300x600_Banner_czbooks,,,,266,133,133,100.00%,101,75.94%,32,24.06%,106.32
20260127,02,鳳梨傳媒股份有限公司,2190,民視新聞網-Exchange,12579,CF_300x250_右側第一塊_民視新聞網-Exchange(RWD)(MCM),,知名媒體,,30,14,14,100.00%,0,0.00%,14,100.00%,0.00
20260127,02,鳳梨傳媒股份有限公司,2190,民視新聞網-Exchange,12580,CF_300x250_內文文中左側_民視新聞網-Exchange(RWD)(MCM),,知名媒體,,30,12,12,100.00%,1,8.33%,11,91.67%,3.75
20260127,02,第一網站股份有限公司,2783,漫畫櫃manhuagui,12676,CF_728X90_manhuagui,antifroud,,,"28,125","13,807","13,807",100.00%,"5,159",37.37%,"8,648",62.63%,8.86
20260127,02,第一網站股份有限公司,2801,damanwoo,12868,CF-300x250_Banner_damanwoo_大人物,,,,6,2,2,100.00%,0,0.00%,2,100.00%,0.00
20260127,02,第一網站股份有限公司,2820,星座好朋友(horofriend88),12966,MW_320x100_horofriend88,antifroud,,,12,6,6,100.00%,6,100.00%,0,0.00%,40.91
20260127,02,第一網站股份有限公司,2862,Manhuaren,13254,MW_320x100_banner_manhuaren,,,,6,3,3,100.00%,1,33.33%,2,66.67%,0.51
20260127,02,譚謹恩,2885,Mr. & Mrs. Diary-exchange,13406,MW_300x250_內文文中-Mr. & Mrs. Diary-exchange,,,,6,3,3,100.00%,0,0.00%,3,100.00%,0.00
20260127,02,曾憲敏,202,85小說網,13445,MW_336X280_全量1_85小說網,,,,42,20,20,100.00%,13,65.00%,7,35.00%,6.72
20260127,02,曾憲敏,202,85小說網,13446,MW_336X280_全量2_85小說網,,,,410,204,204,100.00%,120,58.82%,84,41.18%,6.22
20260127,02,第一網站股份有限公司,2910,clickme,13549,CF_300x250_banner_clickme(一般),,,,"1,470",765,765,100.00%,84,10.98%,681,89.02%,0.54
20260127,02,第一網站股份有限公司,2768,czbooks,14036,MW_320x480_CZBOOKS,antifroud,,,221,109,109,100.00%,33,30.28%,76,69.72%,1.18
20260127,02,陳人鳳,480,飛格寵物家族_PC,1407,CF-728X90_上方通欄_飛格寵物家族,,,,25,5,5,100.00%,5,100.00%,0,0.00%,20.40
20260127,02,陳人鳳,480,飛格寵物家族_PC,1408,CF-300X250_內文_飛格寵物家族,,,,51,3,3,100.00%,3,100.00%,0,0.00%,5.75
20260127,02,闇碼科技股份有限公司,3048,縮短網址產生器-reurl,14210,MW_文中創意300x250_縮短網址產生器-reurl,,知名媒體,,"4,296",25,25,100.00%,14,56.00%,11,44.00%,4.40
20260127,02,富盈數據股份有限公司,3059,塔科女子,14258,CF_336x280_全網_塔科女子,,知名媒體,,101,51,51,100.00%,31,60.78%,20,39.22%,3.18
20260127,02,CBROOT LTD,3003,包子漫畫-exchange,14291,MW_300x250_蓋板(PB)_包子漫畫,,,,"2,227","1,079","1,079",100.00%,635,58.85%,444,41.15%,8.42
20260127,02,朱光宁,3268,稷下書院-mobile,14737,MW_置底創意(非展開)_稷下書院-mobile,,,,14,7,7,100.00%,5,71.43%,2,28.57%,31.07
20260127,02,朱光宁,3149,稷下書院-exchange,14748,MW_320x100_置底(PB)_稷下書院,,,,"14,690","7,266","7,266",100.00%,236,3.25%,"7,030",96.75%,0.11
20260127,02,曾憲敏,3327,85小說網_創意,15228,MW-創意-85小說網,,,,82,41,41,100.00%,36,87.80%,5,12.20%,87.50
20260127,02,CBROOT LTD,3352,西瓜卡通-exchange,15969,CF_728x90_影音內容_西瓜卡通-exchange,,,,24,12,12,100.00%,0,0.00%,12,100.00%,0.00
20260127,02,CBROOT LTD,3352,西瓜卡通-exchange,15970,CF_160x600_影音內容_西瓜卡通-exchange,,,,334,114,114,100.00%,5,4.39%,109,95.61%,1.42
20260127,02,朱光宁,3360,提莫書屋-exchange,16957,MW_336x280banner_提莫書屋_exchange,,,,"8,453","4,175","4,175",100.00%,"3,342",80.05%,833,19.95%,5.68
20260127,02,朱光宁,3361,提莫書屋-mobile,16958,MW_置底創意_提莫書屋-mobile,,,,18,9,9,100.00%,9,100.00%,0,0.00%,61.53
20260127,02,朱光宁,3361,提莫書屋-mobile,16959,MW_320x480_文中創意_提莫書屋-mobile,,,,12,6,6,100.00%,6,100.00%,0,0.00%,11.00
20260127,02,欣發現股份有限公司,3365,Hami任務牆-mobile,16969,MW_置底創意_Hami任務牆,,知名媒體,,6,3,3,100.00%,3,100.00%,0,0.00%,9.27
20260127,02,欣發現股份有限公司,3364,女子學-mobile,16972,MW_置底創意_女子學,antifroud,,,30,15,15,100.00%,6,40.00%,9,60.00%,3.99
20260127,02,第一網站股份有限公司,2783,漫畫櫃manhuagui,17027,MW_320x480_蓋版_漫畫櫃manhuagui,,,,"4,455","2,165","2,165",100.00%,869,40.14%,"1,296",59.86%,1.68
20260127,02,詠勝科技有限公司,3385,Mobile01_HB,17175,CF_970x90_橫幅Banner_Mobile01_HB,,知名媒體,,142,53,53,100.00%,13,24.53%,40,75.47%,1.10
20260127,02,詠勝科技有限公司,3385,Mobile01_HB,17176,CF_728x90_內頁橫幅Banner_7F_Mobile01_HB,,知名媒體,,8,2,2,100.00%,0,0.00%,2,100.00%,0.00
20260127,02,詠勝科技有限公司,3385,Mobile01_HB,17179,CF_300x250_熱門大看板_Mobile01_HB,,知名媒體,,168,67,67,100.00%,31,46.27%,36,53.73%,5.97
20260127,02,詠勝科技有限公司,3385,Mobile01_HB,17180,CF_300x250_置底看板左_Mobile01_HB,,知名媒體,,54,23,23,100.00%,9,39.13%,14,60.87%,0.87
20260127,02,詠勝科技有限公司,3385,Mobile01_HB,17181,CF_300x250_置底看板中_Mobile01_HB,,知名媒體,,48,21,21,100.00%,9,42.86%,12,57.14%,0.95
20260127,02,詠勝科技有限公司,3385,Mobile01_HB,17183,CF_300x600_大摩天_Mobile01_HB,,知名媒體,,56,23,23,100.00%,11,47.83%,12,52.17%,9.43
20260127,02,詠勝科技有限公司,3385,Mobile01_HB,17204,MW_300x250_文中Banner(interscroller)_Mobile01_HB,,知名媒體,,80,40,40,100.00%,33,82.50%,7,17.50%,4.08
20260127,02,朱光宁,3268,稷下書院-mobile,17207,MW_320x480_蓋版_稷下書院-mobile,,,,"9,306","4,003","4,003",100.00%,"1,419",35.45%,"2,584",64.55%,1.97
20260127,02,艾得基客行銷顧問股份有限公司,3391,UDN聯合新聞網,17236,MW_置底創意_UDN聯合新聞,,知名媒體,,128,64,64,100.00%,44,68.75%,20,31.25%,33.62
20260127,02,李立娟,3395,vivi0視頻-exchange,17293,CF_336x280_Banner_vivi01視頻-exchange,antifroud,,,"17,407","8,557","8,554",99.96%,"1,300",15.20%,"7,254",84.80%,0.41
20260127,02,李立娟,3395,vivi0視頻-exchange,17294,MW_336x280_Banner_vivi01視頻-exchange,antifroud,,,"19,127","9,404","9,402",99.98%,"4,042",42.99%,"5,360",57.01%,1.68
20260127,02,李立娟,3395,vivi0視頻-exchange,17299,MW_300x250_蓋板(PB)-vivi01視頻-exchange,,,,6,3,3,100.00%,0,0.00%,3,100.00%,0.00
20260127,02,李立娟,3395,vivi0視頻-exchange,17300,MW_320x100_置底(PB)_vivi01視頻-exchange,antifroud,,,"27,235","13,423","13,423",100.00%,"9,267",69.04%,"4,156",30.96%,17.90
20260127,02,曾憲敏,601,85小說網_PC,1773,CF-300x250_85小說網_內文1,,,,6,3,3,100.00%,3,100.00%,0,0.00%,3.02
20260127,02,李立娟,3396,趣聞圖說-Mobile,17923,MW_置底創意(展開)_趣聞圖說-Mobile,,,,6,3,3,100.00%,2,66.67%,1,33.33%,2.00
20260127,02,第一網站股份有限公司,2768,czbooks,17927,MW_置底創意_czbook,,,,"5,763","2,853","2,853",100.00%,"1,884",66.04%,969,33.96%,34.81
20260127,02,時報資訊股份有限公司_工商時報,3427,工商時報-exchange,18014,MW_300x250_文末Banner1_工商時報-exchange,,知名媒體,,6,3,3,100.00%,0,0.00%,3,100.00%,0.00
20260127,02,時報資訊股份有限公司_工商時報,3427,工商時報-exchange,18015,MW_300x250_文末Banner2_工商時報-exchange,,知名媒體,,68,34,34,100.00%,2,5.88%,32,94.12%,0.06
20260127,02,第一網站股份有限公司,3440,fsa_passback_first,18201,CF_336x280_fsa_passback_first,,,,"1,948",938,938,100.00%,171,18.23%,767,81.77%,0.51
20260127,02,第一網站股份有限公司,3440,fsa_passback_first,18202,CF_300x250_fsa_passback_first,,,,"2,772",613,613,100.00%,365,59.54%,248,40.46%,38.82
20260127,02,朱光宁,3268,稷下書院-mobile,18297,MW_置底創意(展開)_稷下書院-mobile,,,,289,144,144,100.00%,74,51.39%,70,48.61%,21.84
20260127,02,冰楓科技有限公司,3485,冰楓論壇-exchange,18487,CF_970x90_內文上方第一塊_冰楓論壇-exchange,,,,296,122,122,100.00%,25,20.49%,97,79.51%,1.13
20260127,02,冰楓科技有限公司,3485,冰楓論壇-exchange,18488,MW_320x100_內文上方第一塊_ 冰楓論壇-exchange,antifroud,,,50,17,17,100.00%,14,82.35%,3,17.65%,26.65
20260127,02,冰楓科技有限公司,3485,冰楓論壇-exchange,18492,MW_300x250_Banner_ 冰楓論壇-exchange,,,,138,57,57,100.00%,23,40.35%,34,59.65%,4.50
20260127,02,CBROOT LTD,3492,包子漫畫(特開流量)-exchange,18557,CF_300x600_指定流量_包子漫畫(特開流量PB)-exchange,,,,186,84,84,100.00%,40,47.62%,44,52.38%,34.75
20260127,02,CBROOT LTD,3510,包子漫畫_twmanga-exchange,18737,CF_970x90_Banner_ 包子漫畫_twmanga-exchange,,,,108,54,54,100.00%,21,38.89%,33,61.11%,2.76
20260127,02,舒禾驊,3535,荷花動漫筆記,18887,CF_336x280_文章頁文中_荷花動漫筆記,,,,6,3,3,100.00%,3,100.00%,0,0.00%,1.94
20260127,02,台灣英文新聞股份有限公司,3537,台灣英文新聞(new)-exchange,18924,CF_300x250_內容頁_右側看版_1_台灣英文新聞(new)-exchange,,知名媒體,,12,1,1,100.00%,0,0.00%,1,100.00%,0.11
20260127,02,第一網站股份有限公司,2783,漫畫櫃manhuagui,20685,MW_300X250_manhuagui,antifroud,,,"13,998","6,793","6,793",100.00%,"3,122",45.96%,"3,671",54.04%,11.81
20260127,02,德榕企業有限公司,3578,TW Bodhi_mobile,20707,MW_置底創意_TW Bodhi,,,,12,6,6,100.00%,0,0.00%,6,100.00%,0.00
20260127,02,德榕企業有限公司,3578,TW Bodhi_mobile,20708,MW_蓋板_TW Bodhi,,,,30,15,15,100.00%,0,0.00%,15,100.00%,0.00
20260127,02,德榕企業有限公司,3581,忘憂書屋,20727,CF_336x280文章頁(RWD)_忘憂書屋,,,,12,6,6,100.00%,0,0.00%,6,100.00%,0.00
20260127,02,德榕企業有限公司,3582,忘憂書屋_mobile,20729,MW_蓋板_忘憂書屋,,,,18,9,9,100.00%,0,0.00%,9,100.00%,0.00
20260127,02,第一網站股份有限公司,2916,KiKiNote,20731,CF_300x250_banner_kikinote (PB),,知名媒體,,30,12,12,100.00%,3,25.00%,9,75.00%,0.99
20260127,02,第一網站股份有限公司,2768,czbooks,21412,(子)CF_970x250_banner_czbooks(限時段)-PB,,,子聯播網,"2,907","1,445","1,445",100.00%,533,36.89%,912,63.11%,3.74
20260127,02,第一網站股份有限公司,3440,fsa_passback_first,21699,CF_336x280_fsa_passback_first,,,,559,263,263,100.00%,87,33.08%,176,66.92%,0.83
20260127,02,富盈數據股份有限公司,3653,TVBS-女人我最大_HB,21761,MW_文章四_336x280_TVBS-女人我最大_HB,,知名媒體,,60,30,30,100.00%,23,76.67%,7,23.33%,4.81
20260127,02,富盈數據股份有限公司,3653,TVBS-女人我最大_HB,21762,MW_文章置底_320x100_TVBS-女人我最大_HB,,知名媒體,,6,3,3,100.00%,3,100.00%,0,0.00%,51.67
20260127,02,富盈數據股份有限公司,3653,TVBS-女人我最大_HB,21763,MW_文中創意320x480_TVBS-女人我最大_HB,,知名媒體,,24,12,12,100.00%,12,100.00%,0,0.00%,38.84
20260127,02,富盈數據股份有限公司,3654,TVBS-健康2.0_HB,21765,MW_文章三_336x280_TVBS-健康2.0_HB,,知名媒體,,52,26,26,100.00%,19,73.08%,7,26.92%,2.73
20260127,02,富盈數據股份有限公司,3654,TVBS-健康2.0_HB,21768,MW_文中創意320x480_TVBS-健康2.0_HB,,知名媒體,,42,21,21,100.00%,18,85.71%,3,14.29%,30.39
20260127,02,富盈數據股份有限公司,3655,TVBS-食尚玩家_HB,21773,MW_文中創意320x480_TVBS-食尚玩家_HB,,知名媒體,,6,3,3,100.00%,1,33.33%,2,66.67%,0.49
20260127,02,富盈數據股份有限公司,3654,TVBS-健康2.0_HB,21812,MW_文章一_336x280_TVBS-健康2.0_HB,,知名媒體,,46,23,23,100.00%,18,78.26%,5,21.74%,3.21
20260127,02,儂儂雜誌社股份有限公司(bella儂儂),2135,Bella儂儂_2024,21876,MW-300x250_文章標題上方1_Bella儂儂,,知名媒體,,18,9,9,100.00%,6,66.67%,3,33.33%,0.75
20260127,02,富盈數據股份有限公司,3680,TVBS-新聞網_HB,21899,MW_文章一_336x280_TVBS-新聞網_HB,,知名媒體,,"2,719","1,351","1,351",100.00%,"1,068",79.05%,283,20.95%,8.07
20260127,02,富盈數據股份有限公司,3680,TVBS-新聞網_HB,21902,MW_文章置底_320x100_TVBS-新聞網_HB,,知名媒體,,"3,046","1,501","1,501",100.00%,267,17.79%,"1,234",82.21%,7.45
20260127,02,富盈數據股份有限公司,3685,玩桌遊_mobile,21924,MW_置底創意(非展開)_玩桌遊-mobile,,,,126,63,63,100.00%,49,77.78%,14,22.22%,26.84
20260127,02,富盈數據股份有限公司,2615,熱血台中,21986,CF_336x280_全網_熱血台中,,,,30,15,15,100.00%,10,66.67%,5,33.33%,1.54
20260127,02,富盈數據股份有限公司,2615,熱血台中,21987,CF_336x280_全網_熱血台中,,,,110,55,55,100.00%,42,76.36%,13,23.64%,2.30
20260127,02,富盈數據股份有限公司,3704,天天要聞,22030,CF_300 x 250 banner_天天要聞_cpc2,,,,500,249,249,100.00%,216,86.75%,33,13.25%,12.65
20260127,02,富盈數據股份有限公司,3703,繁體小說,22031,CF_300 x 250 banner_繁體小說_cpc2,,,,163,82,82,100.00%,64,78.05%,18,21.95%,8.21
20260127,02,冰楓科技有限公司,3485,冰楓論壇-exchange,22160,CF_300x250_Banner2_ 冰楓論壇-exchange,,,,6,0,0,0.00%,0,0.00%,0,0.00%,0.00
20260127,02,闇碼科技股份有限公司,3048,縮短網址產生器-reurl,22213,MW_蓋版_縮短網址產生器-reurl-2025.05(特殊供量),,知名媒體,,"4,278",18,18,100.00%,4,22.22%,14,77.78%,1.26
20260127,02,欣發現股份有限公司,3363,大人物-mobile,22222,MW_蓋板_大人物,,知名媒體,,18,8,8,100.00%,3,37.50%,5,62.50%,21.48
20260127,02,朱光宁,3741,石頭小說3,22396,MW_置底_石頭小說3,,,,154,77,77,100.00%,71,92.21%,6,7.79%,19.43
20260127,02,朱光宁,3741,石頭小說3,22398,CF_336 x 280 banner_石頭小說3_cpc1.67,,,,"1,975",980,980,100.00%,699,71.33%,281,28.67%,5.54
20260127,02,朱光宁,3741,石頭小說3,22399,CF_320 x 480 橫幅_石頭小說3,,,,37,19,19,100.00%,5,26.32%,14,73.68%,1.57
20260127,02,闇碼科技股份有限公司,3068,限時圖片-imgus,22406,MW_置底_imgus,antifroud,,,54,27,27,100.00%,19,70.37%,8,29.63%,3.96
20260127,02,第一網站股份有限公司,2783,漫畫櫃manhuagui,22443,MW_置底_manhuagui,antifroud,,,"36,209","17,544","17,544",100.00%,"14,412",82.15%,"3,132",17.85%,10.61
20260127,02,李承翰-webptt,718,Web批踢踢(RWD),2284,MW-蓋板_文中_Web批踢踢,antifroud,,,44,16,16,100.00%,11,68.75%,5,31.25%,2.91
20260127,02,李承翰-webptt,718,Web批踢踢(RWD),2290,MW-300x250&336x280_第一塊_Web批踢踢(RWD),,,,6,3,3,100.00%,0,0.00%,3,100.00%,0.00
20260127,02,麥智維,999,動漫戲說,3543,CF-728*90-內文上方-動漫戲說,antifroud,,,331,153,153,100.00%,138,90.20%,15,9.80%,68.41
20260127,02,蔡建磊,1269,跑跑資訊站,4622,CF-300X250-內文右側-跑跑資訊站,,,,12,2,2,100.00%,2,100.00%,0,0.00%,2.91
20260127,02,肖偉彬,1287,紅櫻桃小說書庫,4678,CF-內文上方-300*250-紅櫻桃小說書庫,,,,21,10,10,100.00%,7,70.00%,3,30.00%,4.00
20260127,02,肖偉彬,1286,龍騰世紀書庫,4716,CF-內文中間-300*250-龍騰世紀書庫,,,,6,3,3,100.00%,3,100.00%,0,0.00%,26.67
20260127,02,肖偉彬,1287,紅櫻桃小說書庫,4717,MW_文中創意300x250_紅櫻桃小說書庫,,,,12,6,6,100.00%,2,33.33%,4,66.67%,1.40
20260127,02,技達創意資訊有限公司,1299,泰好網,4734,MW-320*100-首頁、內文上方-泰好網,,,,6,2,2,100.00%,2,100.00%,0,0.00%,2.75
20260127,02,陈晋福,1367,電視超人,4997,CF-300X250-電視超人,,,,6,3,3,100.00%,1,33.33%,2,66.67%,2.43
20260127,02,麥智維,999,動漫戲說,6069,CF-300*250-首頁-動漫戲說,,,,26,12,12,100.00%,3,25.00%,9,75.00%,1.54
20260127,02,巧克科技新媒體股份有限公司,2127,LINE TV_Banner-exchange,8577,CF_336x280_戲劇-右側好康資訊上方_LINE TV-exchange,,知名媒體,,6,3,3,100.00%,0,0.00%,3,100.00%,0.00
20260127,03,英屬維京群島商浩美數位有限公司台灣分公司,2315,Teepr亮新聞-exchange,10012,CF_336x280Banner_Teepr亮新聞-exchange,,知名媒體,,18,3,3,100.00%,0,0.00%,3,100.00%,0.07
20260127,03,昱得資訊工作室,2528,數位書香,11080,CF_728x90_首頁上方_數位書香,antifroud,,,42,21,21,100.00%,19,90.48%,2,9.52%,4.91
20260127,03,昱得資訊工作室,2528,數位書香,11081,CF_160x600_首頁右側_數位書香,antifroud,,,847,371,371,100.00%,154,41.51%,217,58.49%,2.90
20260127,03,第一網站股份有限公司,2518,麻辣家族討論區(twbts),11082,CF-728X90-twbts,antifroud,,,"2,369",958,958,100.00%,664,69.31%,294,30.69%,4.87
20260127,03,第一網站股份有限公司,2540,risu短網址,11260,MW-300X250-MB_page_left-risu,,知名媒體,,6,3,3,100.00%,1,33.33%,2,66.67%,0.93
20260127,03,第一網站股份有限公司,2492,ttshow,11273,MW-300X250-ttshow,,知名媒體,,6,2,2,100.00%,0,0.00%,2,100.00%,0.00
20260127,03,第一網站股份有限公司,2601,Meme梗圖倉庫,11443,CF-336X280-meme,,,,365,167,167,100.00%,14,8.38%,153,91.62%,0.39
20260127,03,艾得基客行銷顧問股份有限公司,2578,鉅亨網,12070,MW_320x480_文中創意_鉅亨網,,知名媒體,,362,180,180,100.00%,139,77.22%,41,22.78%,17.41
20260127,03,時報資訊股份有限公司,2770,中時電子報_HB,12559,CF_300x250_右側互動看版_中時電子報_HB,,知名媒體,,12,5,5,100.00%,3,60.00%,2,40.00%,10.68
20260127,03,時報資訊股份有限公司,2770,中時電子報_HB,12561,MW_300x250_內頁TOP Banner_中時電子報_HB,antifroud,知名媒體,,266,131,131,100.00%,20,15.27%,111,84.73%,1.95
20260127,03,第一網站股份有限公司,2768,czbooks,12570,CF_728x90_banner_czbooks,,,,"1,568",779,779,100.00%,608,78.05%,171,21.95%,4.04
20260127,03,第一網站股份有限公司,2768,czbooks,12571,CF-300x600_Banner_czbooks,,,,18,9,9,100.00%,5,55.56%,4,44.44%,90.55
20260127,03,鳳梨傳媒股份有限公司,2190,民視新聞網-Exchange,12579,CF_300x250_右側第一塊_民視新聞網-Exchange(RWD)(MCM),,知名媒體,,6,3,3,100.00%,0,0.00%,3,100.00%,0.00
20260127,03,鳳梨傳媒股份有限公司,2190,民視新聞網-Exchange,12580,CF_300x250_內文文中左側_民視新聞網-Exchange(RWD)(MCM),,知名媒體,,12,5,5,100.00%,0,0.00%,5,100.00%,0.00
20260127,03,第一網站股份有限公司,2783,漫畫櫃manhuagui,12676,CF_728X90_manhuagui,antifroud,,,"16,965","8,289","8,289",100.00%,"3,055",36.86%,"5,234",63.14%,10.67
20260127,03,第一網站股份有限公司,2801,damanwoo,12868,CF-300x250_Banner_damanwoo_大人物,,,,6,2,2,100.00%,0,0.00%,2,100.00%,0.00
20260127,03,第一網站股份有限公司,2820,星座好朋友(horofriend88),12966,MW_320x100_horofriend88,antifroud,,,18,9,9,100.00%,8,88.89%,1,11.11%,51.02
20260127,03,第一網站股份有限公司,2862,Manhuaren,13254,MW_320x100_banner_manhuaren,,,,6,3,3,100.00%,2,66.67%,1,33.33%,2.03
20260127,03,譚謹恩,2885,Mr. & Mrs. Diary-exchange,13405,CF_970x250_內文文中_Mr. & Mrs. Diary-exchange,,,,6,3,3,100.00%,0,0.00%,3,100.00%,0.23
20260127,03,曾憲敏,202,85小說網,13445,MW_336X280_全量1_85小說網,,,,18,9,9,100.00%,5,55.56%,4,44.44%,3.76
20260127,03,曾憲敏,202,85小說網,13446,MW_336X280_全量2_85小說網,,,,204,102,102,100.00%,65,63.73%,37,36.27%,5.26
20260127,03,第一網站股份有限公司,2910,clickme,13549,CF_300x250_banner_clickme(一般),,,,699,350,349,99.71%,38,10.89%,311,89.11%,0.47
20260127,03,第一網站股份有限公司,2768,czbooks,14036,MW_320x480_CZBOOKS,antifroud,,,50,23,23,100.00%,10,43.48%,13,56.52%,1.64
20260127,03,陳人鳳,480,飛格寵物家族_PC,1407,CF-728X90_上方通欄_飛格寵物家族,,,,12,2,2,100.00%,2,100.00%,0,0.00%,8.00
20260127,03,陳人鳳,480,飛格寵物家族_PC,1408,CF-300X250_內文_飛格寵物家族,,,,50,7,7,100.00%,7,100.00%,0,0.00%,30.14
20260127,03,闇碼科技股份有限公司,3048,縮短網址產生器-reurl,14210,MW_文中創意300x250_縮短網址產生器-reurl,,知名媒體,,40,16,15,93.75%,7,46.67%,8,53.33%,1.84
20260127,03,富盈數據股份有限公司,3059,塔科女子,14258,CF_336x280_全網_塔科女子,,知名媒體,,132,67,67,100.00%,42,62.69%,25,37.31%,4.03
20260127,03,CBROOT LTD,3003,包子漫畫-exchange,14291,MW_300x250_蓋板(PB)_包子漫畫,,,,"1,396",671,671,100.00%,411,61.25%,260,38.75%,9.68
20260127,03,朱光宁,3149,稷下書院-exchange,14748,MW_320x100_置底(PB)_稷下書院,,,,"9,117","4,524","4,524",100.00%,131,2.90%,"4,393",97.10%,0.13
20260127,03,曾憲敏,3327,85小說網_創意,15227,MW-300X250_85小說網_隨身影音PB,,,,12,6,6,100.00%,4,66.67%,2,33.33%,1.36
20260127,03,曾憲敏,3327,85小說網_創意,15228,MW-創意-85小說網,,,,92,45,45,100.00%,41,91.11%,4,8.89%,97.06
20260127,03,CBROOT LTD,3352,西瓜卡通-exchange,15969,CF_728x90_影音內容_西瓜卡通-exchange,,,,12,6,6,100.00%,0,0.00%,6,100.00%,0.00
20260127,03,CBROOT LTD,3352,西瓜卡通-exchange,15970,CF_160x600_影音內容_西瓜卡通-exchange,,,,442,158,158,100.00%,2,1.27%,156,98.73%,0.42
20260127,03,朱光宁,3360,提莫書屋-exchange,16957,MW_336x280banner_提莫書屋_exchange,,,,"6,010","2,975","2,975",100.00%,"2,401",80.71%,574,19.29%,5.72
20260127,03,朱光宁,3361,提莫書屋-mobile,16958,MW_置底創意_提莫書屋-mobile,,,,6,3,3,100.00%,2,66.67%,1,33.33%,30.33
20260127,03,朱光宁,3361,提莫書屋-mobile,16959,MW_320x480_文中創意_提莫書屋-mobile,,,,6,3,3,100.00%,3,100.00%,0,0.00%,5.62
20260127,03,欣發現股份有限公司,3363,大人物-mobile,16973,MW_置底創意_大人物,,知名媒體,,12,6,6,100.00%,3,50.00%,3,50.00%,1.68
20260127,03,第一網站股份有限公司,2783,漫畫櫃manhuagui,17027,MW_320x480_蓋版_漫畫櫃manhuagui,,,,"2,010",992,992,100.00%,435,43.85%,557,56.15%,1.71
20260127,03,詠勝科技有限公司,3385,Mobile01_HB,17175,CF_970x90_橫幅Banner_Mobile01_HB,,知名媒體,,54,15,15,100.00%,0,0.00%,15,100.00%,0.00
20260127,03,詠勝科技有限公司,3385,Mobile01_HB,17179,CF_300x250_熱門大看板_Mobile01_HB,,知名媒體,,109,38,38,100.00%,14,36.84%,24,63.16%,3.50
20260127,03,詠勝科技有限公司,3385,Mobile01_HB,17204,MW_300x250_文中Banner(interscroller)_Mobile01_HB,,知名媒體,,6,3,3,100.00%,3,100.00%,0,0.00%,3.67
20260127,03,朱光宁,3268,稷下書院-mobile,17207,MW_320x480_蓋版_稷下書院-mobile,,,,"5,542","2,424","2,424",100.00%,860,35.48%,"1,564",64.52%,2.10
20260127,03,艾得基客行銷顧問股份有限公司,3391,UDN聯合新聞網,17236,MW_置底創意_UDN聯合新聞,,知名媒體,,88,42,42,100.00%,32,76.19%,10,23.81%,25.67
20260127,03,李立娟,3395,vivi0視頻-exchange,17293,CF_336x280_Banner_vivi01視頻-exchange,antifroud,,,"15,065","7,397","7,396",99.99%,"1,149",15.54%,"6,247",84.46%,0.43
20260127,03,李立娟,3395,vivi0視頻-exchange,17294,MW_336x280_Banner_vivi01視頻-exchange,antifroud,,,"14,623","7,193","7,191",99.97%,"2,957",41.12%,"4,234",58.88%,1.47
20260127,03,李立娟,3395,vivi0視頻-exchange,17300,MW_320x100_置底(PB)_vivi01視頻-exchange,antifroud,,,"19,288","9,506","9,506",100.00%,"6,391",67.23%,"3,115",32.77%,16.63
20260127,03,第一網站股份有限公司,2768,czbooks,17927,MW_置底創意_czbook,,,,"2,731","1,357","1,357",100.00%,894,65.88%,463,34.12%,32.90
20260127,03,時報資訊股份有限公司_工商時報,3427,工商時報-exchange,18003,CF_300x250_互動看板2_工商時報-exchange,,知名媒體,,36,9,9,100.00%,1,11.11%,8,88.89%,6.67
20260127,03,時報資訊股份有限公司_工商時報,3427,工商時報-exchange,18007,CF_336x280_文末右側看板_工商時報-exchange,,知名媒體,,12,2,2,100.00%,0,0.00%,2,100.00%,0.00
20260127,03,時報資訊股份有限公司_工商時報,3427,工商時報-exchange,18008,CF_336x280_文末左側看板_工商時報-exchange,,知名媒體,,20,4,4,100.00%,0,0.00%,4,100.00%,0.00
20260127,03,時報資訊股份有限公司_工商時報,3427,工商時報-exchange,18015,MW_300x250_文末Banner2_工商時報-exchange,,知名媒體,,12,6,6,100.00%,0,0.00%,6,100.00%,0.00
20260127,03,第一網站股份有限公司,3440,fsa_passback_first,18201,CF_336x280_fsa_passback_first,,,,"1,032",519,519,100.00%,128,24.66%,391,75.34%,0.74
20260127,03,第一網站股份有限公司,3440,fsa_passback_first,18202,CF_300x250_fsa_passback_first,,,,"8,573",825,825,100.00%,520,63.03%,305,36.97%,34.84
20260127,03,莊博凱,3455,夢遊電玩,18269,300x250 Banner,,,,12,4,4,100.00%,3,75.00%,1,25.00%,6.50
20260127,03,時報資訊股份有限公司_工商時報,3427,工商時報-exchange,18278,CF_336x280_文中-MiddleBillboard_工商時報-exchange,,知名媒體,,26,6,6,100.00%,0,0.00%,6,100.00%,0.00
20260127,03,朱光宁,3268,稷下書院-mobile,18297,MW_置底創意(展開)_稷下書院-mobile,,,,127,63,63,100.00%,43,68.25%,20,31.75%,25.74
20260127,03,冰楓科技有限公司,3485,冰楓論壇-exchange,18487,CF_970x90_內文上方第一塊_冰楓論壇-exchange,,,,212,91,91,100.00%,16,17.58%,75,82.42%,0.96
20260127,03,冰楓科技有限公司,3485,冰楓論壇-exchange,18488,MW_320x100_內文上方第一塊_ 冰楓論壇-exchange,antifroud,,,44,16,16,100.00%,11,68.75%,5,31.25%,33.48
20260127,03,冰楓科技有限公司,3485,冰楓論壇-exchange,18492,MW_300x250_Banner_ 冰楓論壇-exchange,,,,96,39,39,100.00%,19,48.72%,20,51.28%,6.30
20260127,03,闇碼科技股份有限公司,3048,縮短網址產生器-reurl,18535,MW_蓋版_縮短網址產生器-reurl,,知名媒體,,6,3,3,100.00%,1,33.33%,2,66.67%,0.63
20260127,03,CBROOT LTD,3492,包子漫畫(特開流量)-exchange,18557,CF_300x600_指定流量_包子漫畫(特開流量PB)-exchange,,,,106,46,46,100.00%,25,54.35%,21,45.65%,49.40
20260127,03,CBROOT LTD,3510,包子漫畫_twmanga-exchange,18737,CF_970x90_Banner_ 包子漫畫_twmanga-exchange,,,,154,73,73,100.00%,20,27.40%,53,72.60%,0.76
20260127,03,第一網站股份有限公司,2783,漫畫櫃manhuagui,20685,MW_300X250_manhuagui,antifroud,,,"9,128","4,475","4,475",100.00%,"2,009",44.89%,"2,466",55.11%,11.19
20260127,03,德榕企業有限公司,3578,TW Bodhi_mobile,20708,MW_蓋板_TW Bodhi,,,,18,9,9,100.00%,0,0.00%,9,100.00%,0.00
20260127,03,德榕企業有限公司,3581,忘憂書屋,20727,CF_336x280文章頁(RWD)_忘憂書屋,,,,12,6,6,100.00%,0,0.00%,6,100.00%,0.00
20260127,03,德榕企業有限公司,3582,忘憂書屋_mobile,20729,MW_蓋板_忘憂書屋,,,,18,9,9,100.00%,0,0.00%,9,100.00%,0.00
20260127,03,第一網站股份有限公司,2916,KiKiNote,20731,CF_300x250_banner_kikinote (PB),,知名媒體,,12,4,4,100.00%,2,50.00%,2,50.00%,1.63
20260127,03,第一網站股份有限公司,2768,czbooks,21412,(子)CF_970x250_banner_czbooks(限時段)-PB,,,子聯播網,"1,863",926,926,100.00%,357,38.55%,569,61.45%,5.51
20260127,03,第一網站股份有限公司,3440,fsa_passback_first,21699,CF_336x280_fsa_passback_first,,,,396,191,191,100.00%,85,44.50%,106,55.50%,0.96
20260127,03,富盈數據股份有限公司,3653,TVBS-女人我最大_HB,21761,MW_文章四_336x280_TVBS-女人我最大_HB,,知名媒體,,12,6,6,100.00%,6,100.00%,0,0.00%,1.82
20260127,03,富盈數據股份有限公司,3654,TVBS-健康2.0_HB,21768,MW_文中創意320x480_TVBS-健康2.0_HB,,知名媒體,,12,6,6,100.00%,5,83.33%,1,16.67%,34.23
20260127,03,富盈數據股份有限公司,3655,TVBS-食尚玩家_HB,21770,MW_文章三_336x280_TVBS-食尚玩家_HB,,知名媒體,,6,3,3,100.00%,1,33.33%,2,66.67%,0.33
20260127,03,富盈數據股份有限公司,3654,TVBS-健康2.0_HB,21812,MW_文章一_336x280_TVBS-健康2.0_HB,,知名媒體,,12,6,6,100.00%,2,33.33%,4,66.67%,0.33
20260127,03,儂儂雜誌社股份有限公司(bella儂儂),2135,Bella儂儂_2024,21876,MW-300x250_文章標題上方1_Bella儂儂,,知名媒體,,6,3,3,100.00%,0,0.00%,3,100.00%,0.00
20260127,03,富盈數據股份有限公司,3680,TVBS-新聞網_HB,21899,MW_文章一_336x280_TVBS-新聞網_HB,,知名媒體,,"1,984",984,984,100.00%,779,79.17%,205,20.83%,9.06
20260127,03,富盈數據股份有限公司,3680,TVBS-新聞網_HB,21900,MW_文章三_336x280_TVBS-新聞網_HB,,知名媒體,,6,3,3,100.00%,1,33.33%,2,66.67%,1.70
20260127,03,富盈數據股份有限公司,3680,TVBS-新聞網_HB,21902,MW_文章置底_320x100_TVBS-新聞網_HB,,知名媒體,,"2,341","1,157","1,157",100.00%,251,21.69%,906,78.31%,9.76
20260127,03,富盈數據股份有限公司,3685,玩桌遊_mobile,21924,MW_置底創意(非展開)_玩桌遊-mobile,,,,40,20,20,100.00%,19,95.00%,1,5.00%,60.94
20260127,03,富盈數據股份有限公司,2615,熱血台中,21986,CF_336x280_全網_熱血台中,,,,76,38,38,100.00%,27,71.05%,11,28.95%,5.54
20260127,03,富盈數據股份有限公司,2615,熱血台中,21987,CF_336x280_全網_熱血台中,,,,116,57,57,100.00%,45,78.95%,12,21.05%,4.19
20260127,03,富盈數據股份有限公司,3704,天天要聞,22030,CF_300 x 250 banner_天天要聞_cpc2,,,,437,217,217,100.00%,165,76.04%,52,23.96%,9.84
20260127,03,富盈數據股份有限公司,3703,繁體小說,22031,CF_300 x 250 banner_繁體小說_cpc2,,,,273,135,135,100.00%,112,82.96%,23,17.04%,7.36
20260127,03,闇碼科技股份有限公司,3048,縮短網址產生器-reurl,22213,MW_蓋版_縮短網址產生器-reurl-2025.05(特殊供量),,知名媒體,,16,5,5,100.00%,0,0.00%,5,100.00%,0.00
20260127,03,朱光宁,3741,石頭小說3,22396,MW_置底_石頭小說3,,,,66,32,32,100.00%,25,78.12%,7,21.88%,20.31
20260127,03,朱光宁,3741,石頭小說3,22398,CF_336 x 280 banner_石頭小說3_cpc1.67,,,,"2,156","1,083","1,083",100.00%,748,69.07%,335,30.93%,4.76
20260127,03,朱光宁,3741,石頭小說3,22399,CF_320 x 480 橫幅_石頭小說3,,,,12,6,6,100.00%,1,16.67%,5,83.33%,0.20
20260127,03,闇碼科技股份有限公司,3068,限時圖片-imgus,22406,MW_置底_imgus,antifroud,,,26,13,13,100.00%,6,46.15%,7,53.85%,1.80
20260127,03,第一網站股份有限公司,2783,漫畫櫃manhuagui,22443,MW_置底_manhuagui,antifroud,,,"22,710","11,038","11,038",100.00%,"8,699",78.81%,"2,339",21.19%,9.65
20260127,03,李承翰-webptt,718,Web批踢踢(RWD),2284,MW-蓋板_文中_Web批踢踢,antifroud,,,14,6,6,100.00%,2,33.33%,4,66.67%,0.88
20260127,03,麥智維,999,動漫戲說,3543,CF-728*90-內文上方-動漫戲說,antifroud,,,448,214,214,100.00%,181,84.58%,33,15.42%,20.33
20260127,03,蔡建磊,1269,跑跑資訊站,4622,CF-300X250-內文右側-跑跑資訊站,,,,6,2,2,100.00%,0,0.00%,2,100.00%,0.00
20260127,03,高政德,1015,小鎮資訊,4656,CF-300X250_小政_小鎮資訊,,,,6,0,0,0.00%,0,0.00%,0,0.00%,0.00
20260127,03,肖偉彬,1286,龍騰世紀書庫,4673,CF-內文下方-728*90-龍騰世紀書庫,,,,6,3,3,100.00%,2,66.67%,1,33.33%,4.85
20260127,03,肖偉彬,1287,紅櫻桃小說書庫,4678,CF-內文上方-300*250-紅櫻桃小說書庫,,,,6,2,2,100.00%,1,50.00%,1,50.00%,0.72
20260127,03,技達創意資訊有限公司,1299,泰好網,4733,CF-300*250-內文下方-泰好網,,,,12,4,4,100.00%,2,50.00%,2,50.00%,0.50
20260127,03,技達創意資訊有限公司,1299,泰好網,4734,MW-320*100-首頁、內文上方-泰好網,,,,36,12,12,100.00%,12,100.00%,0,0.00%,9.80
20260127,03,麥智維,999,動漫戲說,6069,CF-300*250-首頁-動漫戲說,,,,6,2,2,100.00%,2,100.00%,0,0.00%,5.00
20260127,04,昱得資訊工作室,2528,數位書香,11080,CF_728x90_首頁上方_數位書香,antifroud,,,32,16,16,100.00%,12,75.00%,4,25.00%,4.01
20260127,04,昱得資訊工作室,2528,數位書香,11081,CF_160x600_首頁右側_數位書香,antifroud,,,990,438,438,100.00%,196,44.75%,242,55.25%,3.10
20260127,04,第一網站股份有限公司,2518,麻辣家族討論區(twbts),11082,CF-728X90-twbts,antifroud,,,"2,315",915,915,100.00%,604,66.01%,311,33.99%,4.58
20260127,04,第一網站股份有限公司,2492,ttshow,11273,MW-300X250-ttshow,,知名媒體,,12,6,6,100.00%,2,33.33%,4,66.67%,0.82
20260127,04,第一網站股份有限公司,2601,Meme梗圖倉庫,11443,CF-336X280-meme,,,,129,57,57,100.00%,6,10.53%,51,89.47%,0.15
20260127,04,艾得基客行銷顧問股份有限公司,2578,鉅亨網,12070,MW_320x480_文中創意_鉅亨網,,知名媒體,,447,223,223,100.00%,155,69.51%,68,30.49%,16.72
20260127,04,第一網站股份有限公司,2540,risu短網址,12496,CF_300x250_popup(直播) _risu短網址,antifroud,知名媒體,,6,2,2,100.00%,2,100.00%,0,0.00%,5.00
20260127,04,時報資訊股份有限公司,2770,中時電子報_HB,12561,MW_300x250_內頁TOP Banner_中時電子報_HB,antifroud,知名媒體,,290,143,143,100.00%,27,18.88%,116,81.12%,2.87
20260127,04,第一網站股份有限公司,2768,czbooks,12570,CF_728x90_banner_czbooks,,,,"1,137",568,568,100.00%,424,74.65%,144,25.35%,3.58
20260127,04,第一網站股份有限公司,2768,czbooks,12571,CF-300x600_Banner_czbooks,,,,64,32,32,100.00%,23,71.88%,9,28.12%,146.67
20260127,04,鳳梨傳媒股份有限公司,2190,民視新聞網-Exchange,12580,CF_300x250_內文文中左側_民視新聞網-Exchange(RWD)(MCM),,知名媒體,,12,4,4,100.00%,0,0.00%,4,100.00%,0.00
20260127,04,第一網站股份有限公司,2783,漫畫櫃manhuagui,12676,CF_728X90_manhuagui,antifroud,,,"10,264","5,034","5,034",100.00%,"1,816",36.07%,"3,218",63.93%,8.11
20260127,04,第一網站股份有限公司,2801,damanwoo,12868,CF-300x250_Banner_damanwoo_大人物,,,,6,2,2,100.00%,0,0.00%,2,100.00%,0.00
20260127,04,第一網站股份有限公司,2820,星座好朋友(horofriend88),12966,MW_320x100_horofriend88,antifroud,,,18,9,9,100.00%,9,100.00%,0,0.00%,34.56
20260127,04,第一網站股份有限公司,2838,mycard,13041,MW_320x480_加倍mycard,,,,12,0,0,0.00%,0,0.00%,0,0.00%,0.00
20260127,04,第一網站股份有限公司,2862,Manhuaren,13254,MW_320x100_banner_manhuaren,,,,24,12,12,100.00%,10,83.33%,2,16.67%,5.78
20260127,04,曾憲敏,202,85小說網,13445,MW_336X280_全量1_85小說網,,,,14,7,7,100.00%,5,71.43%,2,28.57%,9.67
20260127,04,曾憲敏,202,85小說網,13446,MW_336X280_全量2_85小說網,,,,140,70,70,100.00%,47,67.14%,23,32.86%,5.98
20260127,04,第一網站股份有限公司,2910,clickme,13549,CF_300x250_banner_clickme(一般),,,,741,374,374,100.00%,59,15.78%,315,84.22%,0.88
20260127,04,第一網站股份有限公司,2768,czbooks,14036,MW_320x480_CZBOOKS,antifroud,,,18,9,9,100.00%,6,66.67%,3,33.33%,2.35
20260127,04,陳人鳳,480,飛格寵物家族_PC,1407,CF-728X90_上方通欄_飛格寵物家族,,,,12,2,2,100.00%,2,100.00%,0,0.00%,1.00
20260127,04,陳人鳳,480,飛格寵物家族_PC,1408,CF-300X250_內文_飛格寵物家族,,,,52,3,3,100.00%,3,100.00%,0,0.00%,1.00
20260127,04,闇碼科技股份有限公司,3048,縮短網址產生器-reurl,14210,MW_文中創意300x250_縮短網址產生器-reurl,,知名媒體,,20,6,6,100.00%,2,33.33%,4,66.67%,1.00
20260127,04,富盈數據股份有限公司,3059,塔科女子,14258,CF_336x280_全網_塔科女子,,知名媒體,,124,64,64,100.00%,42,65.62%,22,34.38%,5.88
20260127,04,CBROOT LTD,3003,包子漫畫-exchange,14291,MW_300x250_蓋板(PB)_包子漫畫,,,,931,461,461,100.00%,268,58.13%,193,41.87%,9.52
20260127,04,朱光宁,3268,稷下書院-mobile,14737,MW_置底創意(非展開)_稷下書院-mobile,,,,6,2,2,100.00%,1,50.00%,1,50.00%,0.50
20260127,04,朱光宁,3149,稷下書院-exchange,14748,MW_320x100_置底(PB)_稷下書院,,,,"7,641","3,781","3,781",100.00%,122,3.23%,"3,659",96.77%,0.12
20260127,04,曾憲敏,3327,85小說網_創意,15228,MW-創意-85小說網,,,,34,17,17,100.00%,17,100.00%,0,0.00%,130.96
20260127,04,中天電視股份有限公司,3282,中天新聞網-exchange,15859,CF_336x280_內頁_PC右側互動看板B-中天新聞網-exchange,,知名媒體,,6,1,1,100.00%,0,0.00%,1,100.00%,0.00
20260127,04,CBROOT LTD,3352,西瓜卡通-exchange,15970,CF_160x600_影音內容_西瓜卡通-exchange,,,,532,182,182,100.00%,6,3.30%,176,96.70%,1.11
20260127,04,朱光宁,3360,提莫書屋-exchange,16957,MW_336x280banner_提莫書屋_exchange,,,,"6,579","3,242","3,242",100.00%,"2,521",77.76%,721,22.24%,5.83
20260127,04,朱光宁,3361,提莫書屋-mobile,16958,MW_置底創意_提莫書屋-mobile,,,,6,3,3,100.00%,3,100.00%,0,0.00%,96.21
20260127,04,欣發現股份有限公司,3365,Hami任務牆-mobile,16969,MW_置底創意_Hami任務牆,,知名媒體,,25,12,12,100.00%,8,66.67%,4,33.33%,8.75
20260127,04,欣發現股份有限公司,3364,女子學-mobile,16972,MW_置底創意_女子學,antifroud,,,6,3,3,100.00%,0,0.00%,3,100.00%,0.00
20260127,04,第一網站股份有限公司,2783,漫畫櫃manhuagui,17027,MW_320x480_蓋版_漫畫櫃manhuagui,,,,970,474,474,100.00%,229,48.31%,245,51.69%,1.56
20260127,04,詠勝科技有限公司,3385,Mobile01_HB,17175,CF_970x90_橫幅Banner_Mobile01_HB,,知名媒體,,62,16,16,100.00%,4,25.00%,12,75.00%,2.87
20260127,04,詠勝科技有限公司,3385,Mobile01_HB,17179,CF_300x250_熱門大看板_Mobile01_HB,,知名媒體,,64,18,18,100.00%,7,38.89%,11,61.11%,4.44
20260127,04,詠勝科技有限公司,3385,Mobile01_HB,17183,CF_300x600_大摩天_Mobile01_HB,,知名媒體,,6,2,2,100.00%,0,0.00%,2,100.00%,0.00
20260127,04,詠勝科技有限公司,3385,Mobile01_HB,17204,MW_300x250_文中Banner(interscroller)_Mobile01_HB,,知名媒體,,6,3,3,100.00%,2,66.67%,1,33.33%,6.67
20260127,04,朱光宁,3268,稷下書院-mobile,17207,MW_320x480_蓋版_稷下書院-mobile,,,,"3,647","1,617","1,617",100.00%,626,38.71%,991,61.29%,3.33
20260127,04,艾得基客行銷顧問股份有限公司,3391,UDN聯合新聞網,17236,MW_置底創意_UDN聯合新聞,,知名媒體,,74,35,35,100.00%,28,80.00%,7,20.00%,24.97
20260127,04,李立娟,3395,vivi0視頻-exchange,17293,CF_336x280_Banner_vivi01視頻-exchange,antifroud,,,"11,280","5,519","5,516",99.95%,889,16.12%,"4,627",83.88%,0.42
20260127,04,李立娟,3395,vivi0視頻-exchange,17294,MW_336x280_Banner_vivi01視頻-exchange,antifroud,,,"11,668","5,723","5,722",99.98%,"2,404",42.01%,"3,318",57.99%,1.77
20260127,04,李立娟,3395,vivi0視頻-exchange,17300,MW_320x100_置底(PB)_vivi01視頻-exchange,antifroud,,,"16,263","8,027","8,026",99.99%,"5,424",67.58%,"2,602",32.42%,17.66
20260127,04,第一網站股份有限公司,2768,czbooks,17927,MW_置底創意_czbook,,,,"1,271",630,630,100.00%,414,65.71%,216,34.29%,27.02
20260127,04,時報資訊股份有限公司_工商時報,3427,工商時報-exchange,18015,MW_300x250_文末Banner2_工商時報-exchange,,知名媒體,,31,15,15,100.00%,0,0.00%,15,100.00%,0.00
20260127,04,第一網站股份有限公司,3440,fsa_passback_first,18201,CF_336x280_fsa_passback_first,,,,"1,298",648,648,100.00%,150,23.15%,498,76.85%,0.49
20260127,04,第一網站股份有限公司,3440,fsa_passback_first,18202,CF_300x250_fsa_passback_first,,,,"2,820",332,332,100.00%,215,64.76%,117,35.24%,28.44
20260127,04,莊博凱,3455,夢遊電玩,18269,300x250 Banner,,,,6,2,2,100.00%,2,100.00%,0,0.00%,1.70
20260127,04,朱光宁,3268,稷下書院-mobile,18297,MW_置底創意(展開)_稷下書院-mobile,,,,61,30,30,100.00%,21,70.00%,9,30.00%,26.18
20260127,04,冰楓科技有限公司,3485,冰楓論壇-exchange,18487,CF_970x90_內文上方第一塊_冰楓論壇-exchange,,,,252,114,114,100.00%,28,24.56%,86,75.44%,1.33
20260127,04,冰楓科技有限公司,3485,冰楓論壇-exchange,18488,MW_320x100_內文上方第一塊_ 冰楓論壇-exchange,antifroud,,,18,8,8,100.00%,5,62.50%,3,37.50%,6.26
20260127,04,冰楓科技有限公司,3485,冰楓論壇-exchange,18492,MW_300x250_Banner_ 冰楓論壇-exchange,,,,78,34,34,100.00%,19,55.88%,15,44.12%,2.01
20260127,04,CBROOT LTD,3492,包子漫畫(特開流量)-exchange,18557,CF_300x600_指定流量_包子漫畫(特開流量PB)-exchange,,,,112,43,43,100.00%,19,44.19%,24,55.81%,33.54
20260127,04,CBROOT LTD,3510,包子漫畫_twmanga-exchange,18737,CF_970x90_Banner_ 包子漫畫_twmanga-exchange,,,,79,41,41,100.00%,14,34.15%,27,65.85%,1.71
20260127,04,台灣英文新聞股份有限公司,3537,台灣英文新聞(new)-exchange,18924,CF_300x250_內容頁_右側看版_1_台灣英文新聞(new)-exchange,,知名媒體,,6,3,3,100.00%,0,0.00%,3,100.00%,0.23
20260127,04,第一網站股份有限公司,2783,漫畫櫃manhuagui,20685,MW_300X250_manhuagui,antifroud,,,"6,580","3,216","3,216",100.00%,"1,424",44.28%,"1,792",55.72%,12.04
20260127,04,德榕企業有限公司,3578,TW Bodhi_mobile,20708,MW_蓋板_TW Bodhi,,,,12,6,6,100.00%,0,0.00%,6,100.00%,0.00
20260127,04,德榕企業有限公司,3581,忘憂書屋,20727,CF_336x280文章頁(RWD)_忘憂書屋,,,,12,6,6,100.00%,0,0.00%,6,100.00%,0.00
20260127,04,第一網站股份有限公司,2916,KiKiNote,20731,CF_300x250_banner_kikinote (PB),,知名媒體,,16,8,8,100.00%,4,50.00%,4,50.00%,1.44
20260127,04,第一網站股份有限公司,2768,czbooks,21412,(子)CF_970x250_banner_czbooks(限時段)-PB,,,子聯播網,"1,355",676,676,100.00%,254,37.57%,422,62.43%,5.24
20260127,04,第一網站股份有限公司,3440,fsa_passback_first,21699,CF_336x280_fsa_passback_first,,,,166,81,81,100.00%,9,11.11%,72,88.89%,0.32
20260127,04,富盈數據股份有限公司,3653,TVBS-女人我最大_HB,21763,MW_文中創意320x480_TVBS-女人我最大_HB,,知名媒體,,8,4,4,100.00%,3,75.00%,1,25.00%,27.52
20260127,04,富盈數據股份有限公司,3654,TVBS-健康2.0_HB,21765,MW_文章三_336x280_TVBS-健康2.0_HB,,知名媒體,,26,13,13,100.00%,10,76.92%,3,23.08%,3.84
20260127,04,富盈數據股份有限公司,3654,TVBS-健康2.0_HB,21768,MW_文中創意320x480_TVBS-健康2.0_HB,,知名媒體,,18,9,9,100.00%,7,77.78%,2,22.22%,30.55
20260127,04,富盈數據股份有限公司,3655,TVBS-食尚玩家_HB,21770,MW_文章三_336x280_TVBS-食尚玩家_HB,,知名媒體,,13,5,5,100.00%,5,100.00%,0,0.00%,6.30
20260127,04,富盈數據股份有限公司,3654,TVBS-健康2.0_HB,21812,MW_文章一_336x280_TVBS-健康2.0_HB,,知名媒體,,6,3,3,100.00%,3,100.00%,0,0.00%,8.33
20260127,04,儂儂雜誌社股份有限公司(bella儂儂),2135,Bella儂儂_2024,21876,MW-300x250_文章標題上方1_Bella儂儂,,知名媒體,,6,3,3,100.00%,0,0.00%,3,100.00%,0.03
20260127,04,富盈數據股份有限公司,3680,TVBS-新聞網_HB,21899,MW_文章一_336x280_TVBS-新聞網_HB,,知名媒體,,"1,424",707,707,100.00%,538,76.10%,169,23.90%,8.85
20260127,04,富盈數據股份有限公司,3680,TVBS-新聞網_HB,21902,MW_文章置底_320x100_TVBS-新聞網_HB,,知名媒體,,"1,799",893,893,100.00%,182,20.38%,711,79.62%,9.32
20260127,04,富盈數據股份有限公司,3685,玩桌遊_mobile,21924,MW_置底創意(非展開)_玩桌遊-mobile,,,,24,12,12,100.00%,11,91.67%,1,8.33%,98.46
20260127,04,富盈數據股份有限公司,2615,熱血台中,21986,CF_336x280_全網_熱血台中,,,,74,37,37,100.00%,28,75.68%,9,24.32%,2.43
20260127,04,富盈數據股份有限公司,2615,熱血台中,21987,CF_336x280_全網_熱血台中,,,,134,66,66,100.00%,52,78.79%,14,21.21%,2.78
20260127,04,富盈數據股份有限公司,3704,天天要聞,22030,CF_300 x 250 banner_天天要聞_cpc2,,,,268,132,132,100.00%,112,84.85%,20,15.15%,13.22
20260127,04,富盈數據股份有限公司,3703,繁體小說,22031,CF_300 x 250 banner_繁體小說_cpc2,,,,47,23,23,100.00%,16,69.57%,7,30.43%,6.24
20260127,04,闇碼科技股份有限公司,3048,縮短網址產生器-reurl,22213,MW_蓋版_縮短網址產生器-reurl-2025.05(特殊供量),,知名媒體,,6,1,1,100.00%,0,0.00%,1,100.00%,0.33
20260127,04,欣發現股份有限公司,3363,大人物-mobile,22222,MW_蓋板_大人物,,知名媒體,,14,7,7,100.00%,2,28.57%,5,71.43%,1.38
20260127,04,朱光宁,3741,石頭小說3,22396,MW_置底_石頭小說3,,,,18,9,9,100.00%,8,88.89%,1,11.11%,24.49
20260127,04,朱光宁,3741,石頭小說3,22398,CF_336 x 280 banner_石頭小說3_cpc1.67,,,,"1,486",740,740,100.00%,530,71.62%,210,28.38%,5.49
20260127,04,朱光宁,3741,石頭小說3,22399,CF_320 x 480 橫幅_石頭小說3,,,,18,9,9,100.00%,4,44.44%,5,55.56%,11.09
20260127,04,闇碼科技股份有限公司,3068,限時圖片-imgus,22406,MW_置底_imgus,antifroud,,,36,18,18,100.00%,13,72.22%,5,27.78%,3.23
20260127,04,第一網站股份有限公司,2783,漫畫櫃manhuagui,22443,MW_置底_manhuagui,antifroud,,,"16,442","8,020","8,020",100.00%,"6,324",78.85%,"1,696",21.15%,11.04
20260127,04,李承翰-webptt,718,Web批踢踢(RWD),2284,MW-蓋板_文中_Web批踢踢,antifroud,,,6,2,2,100.00%,2,100.00%,0,0.00%,8.57
20260127,04,麥智維,999,動漫戲說,3543,CF-728*90-內文上方-動漫戲說,antifroud,,,176,84,84,100.00%,72,85.71%,12,14.29%,12.93
20260127,04,蔡建磊,1269,跑跑資訊站,4622,CF-300X250-內文右側-跑跑資訊站,,,,12,2,2,100.00%,2,100.00%,0,0.00%,45.00
20260127,04,肖偉彬,1287,紅櫻桃小說書庫,4717,MW_文中創意300x250_紅櫻桃小說書庫,,,,30,10,10,100.00%,6,60.00%,4,40.00%,6.15
20260127,04,麥智維,999,動漫戲說,6069,CF-300*250-首頁-動漫戲說,,,,6,2,2,100.00%,1,50.00%,1,50.00%,2.50
20260127,04,巧克科技新媒體股份有限公司,2127,LINE TV_Banner-exchange,8576,CF_336x280_戲劇-右側好康資訊下方_LINE TV-exchange,,知名媒體,,6,3,3,100.00%,0,0.00%,3,100.00%,0.03
20260127,04,巧克科技新媒體股份有限公司,2127,LINE TV_Banner-exchange,8577,CF_336x280_戲劇-右側好康資訊上方_LINE TV-exchange,,知名媒體,,12,6,6,100.00%,1,16.67%,5,83.33%,0.43
20260127,05,英屬維京群島商浩美數位有限公司台灣分公司,2315,Teepr亮新聞-exchange,10012,CF_336x280Banner_Teepr亮新聞-exchange,,知名媒體,,12,2,2,100.00%,0,0.00%,2,100.00%,0.21
20260127,05,昱得資訊工作室,2528,數位書香,11080,CF_728x90_首頁上方_數位書香,antifroud,,,12,6,6,100.00%,5,83.33%,1,16.67%,4.20
20260127,05,昱得資訊工作室,2528,數位書香,11081,CF_160x600_首頁右側_數位書香,antifroud,,,864,385,385,100.00%,175,45.45%,210,54.55%,3.36
20260127,05,第一網站股份有限公司,2518,麻辣家族討論區(twbts),11082,CF-728X90-twbts,antifroud,,,"2,210",875,875,100.00%,575,65.71%,300,34.29%,4.89
20260127,05,第一網站股份有限公司,2492,ttshow,11273,MW-300X250-ttshow,,知名媒體,,6,3,3,100.00%,2,66.67%,1,33.33%,2.00
20260127,05,第一網站股份有限公司,2601,Meme梗圖倉庫,11443,CF-336X280-meme,,,,28,14,14,100.00%,4,28.57%,10,71.43%,0.74
20260127,05,艾得基客行銷顧問股份有限公司,2578,鉅亨網,12070,MW_320x480_文中創意_鉅亨網,,知名媒體,,"1,514",750,750,100.00%,549,73.20%,201,26.80%,17.96
20260127,05,第一網站股份有限公司,2540,risu短網址,12496,CF_300x250_popup(直播) _risu短網址,antifroud,知名媒體,,16,0,0,0.00%,0,0.00%,0,0.00%,0.00
20260127,05,時報資訊股份有限公司,2770,中時電子報_HB,12559,CF_300x250_右側互動看版_中時電子報_HB,,知名媒體,,121,43,43,100.00%,12,27.91%,31,72.09%,1.96
20260127,05,時報資訊股份有限公司,2770,中時電子報_HB,12560,CF_336x280_文中看板_中時電子報_HB,,知名媒體,,95,36,36,100.00%,30,83.33%,6,16.67%,22.03
20260127,05,時報資訊股份有限公司,2770,中時電子報_HB,12561,MW_300x250_內頁TOP Banner_中時電子報_HB,antifroud,知名媒體,,890,439,439,100.00%,71,16.17%,368,83.83%,1.17
20260127,05,第一網站股份有限公司,2768,czbooks,12570,CF_728x90_banner_czbooks,,,,"1,204",601,601,100.00%,452,75.21%,149,24.79%,4.88
20260127,05,第一網站股份有限公司,2768,czbooks,12571,CF-300x600_Banner_czbooks,,,,30,15,15,100.00%,11,73.33%,4,26.67%,88.60
20260127,05,鳳梨傳媒股份有限公司,2190,民視新聞網-Exchange,12579,CF_300x250_右側第一塊_民視新聞網-Exchange(RWD)(MCM),,知名媒體,,12,6,6,100.00%,2,33.33%,4,66.67%,8.22
20260127,05,第一網站股份有限公司,2783,漫畫櫃manhuagui,12676,CF_728X90_manhuagui,antifroud,,,"6,890","3,403","3,403",100.00%,"1,163",34.18%,"2,240",65.82%,7.34
20260127,05,第一網站股份有限公司,2801,damanwoo,12868,CF-300x250_Banner_damanwoo_大人物,,,,12,4,4,100.00%,0,0.00%,4,100.00%,0.00
20260127,05,第一網站股份有限公司,2820,星座好朋友(horofriend88),12966,MW_320x100_horofriend88,antifroud,,,32,16,16,100.00%,14,87.50%,2,12.50%,33.35
20260127,05,曾憲敏,202,85小說網,13445,MW_336X280_全量1_85小說網,,,,12,6,6,100.00%,5,83.33%,1,16.67%,5.93
20260127,05,曾憲敏,202,85小說網,13446,MW_336X280_全量2_85小說網,,,,124,62,62,100.00%,39,62.90%,23,37.10%,6.81
20260127,05,第一網站股份有限公司,2910,clickme,13549,CF_300x250_banner_clickme(一般),,,,468,254,254,100.00%,38,14.96%,216,85.04%,0.51
20260127,05,闇碼科技股份有限公司,2992,縮短網址產生器-reurl-exchange,13848,CF_300x250_轉址失敗_最右邊_reurl,,知名媒體,,6,0,0,0.00%,0,0.00%,0,0.00%,0.00
20260127,05,闇碼科技股份有限公司,2992,縮短網址產生器-reurl-exchange,13856,CF_300x250_轉址失敗頁第二塊_reurl,,知名媒體,,6,0,0,0.00%,0,0.00%,0,0.00%,0.00
20260127,05,第一網站股份有限公司,2768,czbooks,14036,MW_320x480_CZBOOKS,antifroud,,,12,6,6,100.00%,2,33.33%,4,66.67%,1.66
20260127,05,陳人鳳,480,飛格寵物家族_PC,1407,CF-728X90_上方通欄_飛格寵物家族,,,,30,6,6,100.00%,6,100.00%,0,0.00%,20.19
20260127,05,陳人鳳,480,飛格寵物家族_PC,1408,CF-300X250_內文_飛格寵物家族,,,,71,7,7,100.00%,6,85.71%,1,14.29%,38.48
20260127,05,闇碼科技股份有限公司,3048,縮短網址產生器-reurl,14210,MW_文中創意300x250_縮短網址產生器-reurl,,知名媒體,,850,5,5,100.00%,1,20.00%,4,80.00%,1.00
20260127,05,巨思文化股份有限公司,3053,數位時代_HB,14246,MW_300x250_文章結束第一塊_數位時代-HB,,知名媒體,,6,2,2,100.00%,0,0.00%,2,100.00%,0.00
20260127,05,富盈數據股份有限公司,3059,塔科女子,14258,CF_336x280_全網_塔科女子,,知名媒體,,90,46,46,100.00%,33,71.74%,13,28.26%,3.49
20260127,05,CBROOT LTD,3003,包子漫畫-exchange,14291,MW_300x250_蓋板(PB)_包子漫畫,,,,259,130,130,100.00%,34,26.15%,96,73.85%,5.23
20260127,05,朱光宁,3149,稷下書院-exchange,14748,MW_320x100_置底(PB)_稷下書院,,,,"7,759","3,852","3,852",100.00%,141,3.66%,"3,711",96.34%,0.11
20260127,05,巨思文化股份有限公司,3053,數位時代_HB,14764,MW_置底創意_(非展開)_數位時代_HB,,知名媒體,,6,2,2,100.00%,2,100.00%,0,0.00%,1.00
20260127,05,中天電視股份有限公司,3282,中天新聞網-exchange,14980,CF_970x250_內頁_PC置頂橫幅-中天新聞網-exchange,,知名媒體,,6,3,3,100.00%,2,66.67%,1,33.33%,3.33
20260127,05,曾憲敏,3327,85小說網_創意,15227,MW-300X250_85小說網_隨身影音PB,,,,12,6,6,100.00%,6,100.00%,0,0.00%,6.66
20260127,05,曾憲敏,3327,85小說網_創意,15228,MW-創意-85小說網,,,,36,18,18,100.00%,18,100.00%,0,0.00%,143.59
20260127,05,和運租車股份有限公司,2878,abc好車網,15249,CF_300x250_搜尋頁右側_abc好車網,,知名媒體,,276,0,0,0.00%,0,0.00%,0,0.00%,0.00
20260127,05,CBROOT LTD,3352,西瓜卡通-exchange,15970,CF_160x600_影音內容_西瓜卡通-exchange,,,,496,170,170,100.00%,0,0.00%,170,100.00%,0.00
20260127,05,朱光宁,3360,提莫書屋-exchange,16957,MW_336x280banner_提莫書屋_exchange,,,,"5,278","2,614","2,614",100.00%,"1,986",75.98%,628,24.02%,4.89
20260127,05,朱光宁,3361,提莫書屋-mobile,16958,MW_置底創意_提莫書屋-mobile,,,,12,6,6,100.00%,6,100.00%,0,0.00%,34.55
20260127,05,欣發現股份有限公司,3365,Hami任務牆-mobile,16969,MW_置底創意_Hami任務牆,,知名媒體,,200,97,97,100.00%,70,72.16%,27,27.84%,7.25
20260127,05,欣發現股份有限公司,3364,女子學-mobile,16972,MW_置底創意_女子學,antifroud,,,172,80,80,100.00%,2,2.50%,78,97.50%,0.12
20260127,05,欣發現股份有限公司,3363,大人物-mobile,16973,MW_置底創意_大人物,,知名媒體,,12,6,6,100.00%,5,83.33%,1,16.67%,5.24
20260127,05,第一網站股份有限公司,2783,漫畫櫃manhuagui,17027,MW_320x480_蓋版_漫畫櫃manhuagui,,,,531,263,263,100.00%,102,38.78%,161,61.22%,1.71
20260127,05,詠勝科技有限公司,3385,Mobile01_HB,17175,CF_970x90_橫幅Banner_Mobile01_HB,,知名媒體,,113,24,24,100.00%,5,20.83%,19,79.17%,1.11
20260127,05,詠勝科技有限公司,3385,Mobile01_HB,17179,CF_300x250_熱門大看板_Mobile01_HB,,知名媒體,,162,38,38,100.00%,14,36.84%,24,63.16%,2.16
20260127,05,詠勝科技有限公司,3385,Mobile01_HB,17180,CF_300x250_置底看板左_Mobile01_HB,,知名媒體,,6,3,3,100.00%,2,66.67%,1,33.33%,30.33
20260127,05,詠勝科技有限公司,3385,Mobile01_HB,17181,CF_300x250_置底看板中_Mobile01_HB,,知名媒體,,6,3,3,100.00%,2,66.67%,1,33.33%,30.33
20260127,05,詠勝科技有限公司,3385,Mobile01_HB,17204,MW_300x250_文中Banner(interscroller)_Mobile01_HB,,知名媒體,,12,6,6,100.00%,4,66.67%,2,33.33%,2.00
20260127,05,朱光宁,3268,稷下書院-mobile,17207,MW_320x480_蓋版_稷下書院-mobile,,,,"2,834","1,276","1,276",100.00%,455,35.66%,821,64.34%,1.51
20260127,05,艾得基客行銷顧問股份有限公司,3391,UDN聯合新聞網,17236,MW_置底創意_UDN聯合新聞,,知名媒體,,275,128,128,100.00%,93,72.66%,35,27.34%,27.81
20260127,05,李立娟,3395,vivi0視頻-exchange,17293,CF_336x280_Banner_vivi01視頻-exchange,antifroud,,,"16,908","8,301","8,301",100.00%,"1,295",15.60%,"7,006",84.40%,0.44
20260127,05,李立娟,3395,vivi0視頻-exchange,17294,MW_336x280_Banner_vivi01視頻-exchange,antifroud,,,"20,245","9,937","9,937",100.00%,"4,239",42.66%,"5,698",57.34%,1.75
20260127,05,李立娟,3395,vivi0視頻-exchange,17300,MW_320x100_置底(PB)_vivi01視頻-exchange,antifroud,,,"27,512","13,551","13,551",100.00%,"9,045",66.75%,"4,506",33.25%,17.64
20260127,05,李立娟,3396,趣聞圖說-Mobile,17923,MW_置底創意(展開)_趣聞圖說-Mobile,,,,6,3,3,100.00%,2,66.67%,1,33.33%,6.67
20260127,05,第一網站股份有限公司,2768,czbooks,17927,MW_置底創意_czbook,,,,"1,175",582,582,100.00%,392,67.35%,190,32.65%,29.01
20260127,05,時報資訊股份有限公司_工商時報,3427,工商時報-exchange,18003,CF_300x250_互動看板2_工商時報-exchange,,知名媒體,,6,2,2,100.00%,0,0.00%,2,100.00%,0.00
20260127,05,時報資訊股份有限公司_工商時報,3427,工商時報-exchange,18015,MW_300x250_文末Banner2_工商時報-exchange,,知名媒體,,29,14,14,100.00%,1,7.14%,13,92.86%,1.07
20260127,05,第一網站股份有限公司,3440,fsa_passback_first,18201,CF_336x280_fsa_passback_first,,,,303,137,137,100.00%,31,22.63%,106,77.37%,0.42
20260127,05,第一網站股份有限公司,3440,fsa_passback_first,18202,CF_300x250_fsa_passback_first,,,,84,39,39,100.00%,23,58.97%,16,41.03%,28.25
20260127,05,朱光宁,3268,稷下書院-mobile,18297,MW_置底創意(展開)_稷下書院-mobile,,,,54,27,27,100.00%,17,62.96%,10,37.04%,33.27
20260127,05,冰楓科技有限公司,3485,冰楓論壇-exchange,18487,CF_970x90_內文上方第一塊_冰楓論壇-exchange,,,,275,120,120,100.00%,26,21.67%,94,78.33%,7.21
20260127,05,冰楓科技有限公司,3485,冰楓論壇-exchange,18488,MW_320x100_內文上方第一塊_ 冰楓論壇-exchange,antifroud,,,42,16,16,100.00%,10,62.50%,6,37.50%,6.51
20260127,05,冰楓科技有限公司,3485,冰楓論壇-exchange,18492,MW_300x250_Banner_ 冰楓論壇-exchange,,,,84,36,36,100.00%,18,50.00%,18,50.00%,1.21
20260127,05,CBROOT LTD,3492,包子漫畫(特開流量)-exchange,18557,CF_300x600_指定流量_包子漫畫(特開流量PB)-exchange,,,,6,2,2,100.00%,0,0.00%,2,100.00%,0.00
20260127,05,CBROOT LTD,3510,包子漫畫_twmanga-exchange,18737,CF_970x90_Banner_ 包子漫畫_twmanga-exchange,,,,48,20,20,100.00%,0,0.00%,20,100.00%,0.02
20260127,05,台灣英文新聞股份有限公司,3537,台灣英文新聞(new)-exchange,18924,CF_300x250_內容頁_右側看版_1_台灣英文新聞(new)-exchange,,知名媒體,,6,1,1,100.00%,0,0.00%,1,100.00%,0.00
20260127,05,第一網站股份有限公司,2783,漫畫櫃manhuagui,20685,MW_300X250_manhuagui,antifroud,,,"3,841","1,876","1,876",100.00%,870,46.38%,"1,006",53.62%,13.02
20260127,05,德榕企業有限公司,3578,TW Bodhi_mobile,20707,MW_置底創意_TW Bodhi,,,,12,6,6,100.00%,0,0.00%,6,100.00%,0.00
20260127,05,德榕企業有限公司,3578,TW Bodhi_mobile,20708,MW_蓋板_TW Bodhi,,,,26,13,13,100.00%,0,0.00%,13,100.00%,0.00
20260127,05,德榕企業有限公司,3581,忘憂書屋,20727,CF_336x280文章頁(RWD)_忘憂書屋,,,,6,3,3,100.00%,0,0.00%,3,100.00%,0.00
20260127,05,德榕企業有限公司,3582,忘憂書屋_mobile,20729,MW_蓋板_忘憂書屋,,,,18,9,9,100.00%,0,0.00%,9,100.00%,0.00
20260127,05,德榕企業有限公司,3582,忘憂書屋_mobile,20730,MW_置底創意_忘憂書屋,,,,12,6,6,100.00%,0,0.00%,6,100.00%,0.00
20260127,05,第一網站股份有限公司,2916,KiKiNote,20731,CF_300x250_banner_kikinote (PB),,知名媒體,,6,0,0,0.00%,0,0.00%,0,0.00%,0.00
20260127,05,第一網站股份有限公司,2768,czbooks,21412,(子)CF_970x250_banner_czbooks(限時段)-PB,,,子聯播網,"1,563",785,785,100.00%,255,32.48%,530,67.52%,3.87
20260127,05,第一網站股份有限公司,3440,fsa_passback_first,21699,CF_336x280_fsa_passback_first,,,,193,68,68,100.00%,16,23.53%,52,76.47%,1.17
20260127,05,富盈數據股份有限公司,3653,TVBS-女人我最大_HB,21761,MW_文章四_336x280_TVBS-女人我最大_HB,,知名媒體,,12,6,6,100.00%,4,66.67%,2,33.33%,5.02
20260127,05,富盈數據股份有限公司,3653,TVBS-女人我最大_HB,21762,MW_文章置底_320x100_TVBS-女人我最大_HB,,知名媒體,,12,6,6,100.00%,6,100.00%,0,0.00%,44.19
20260127,05,富盈數據股份有限公司,3653,TVBS-女人我最大_HB,21763,MW_文中創意320x480_TVBS-女人我最大_HB,,知名媒體,,6,3,3,100.00%,3,100.00%,0,0.00%,70.00
20260127,05,富盈數據股份有限公司,3654,TVBS-健康2.0_HB,21765,MW_文章三_336x280_TVBS-健康2.0_HB,,知名媒體,,30,15,15,100.00%,11,73.33%,4,26.67%,4.07
20260127,05,富盈數據股份有限公司,3654,TVBS-健康2.0_HB,21768,MW_文中創意320x480_TVBS-健康2.0_HB,,知名媒體,,175,86,86,100.00%,59,68.60%,27,31.40%,28.71
20260127,05,富盈數據股份有限公司,3654,TVBS-健康2.0_HB,21812,MW_文章一_336x280_TVBS-健康2.0_HB,,知名媒體,,104,52,52,100.00%,36,69.23%,16,30.77%,3.20
20260127,05,儂儂雜誌社股份有限公司(bella儂儂),2135,Bella儂儂_2024,21876,MW-300x250_文章標題上方1_Bella儂儂,,知名媒體,,6,3,3,100.00%,3,100.00%,0,0.00%,2.33
20260127,05,富盈數據股份有限公司,3680,TVBS-新聞網_HB,21899,MW_文章一_336x280_TVBS-新聞網_HB,,知名媒體,,196,97,97,100.00%,68,70.10%,29,29.90%,9.36
20260127,05,富盈數據股份有限公司,3680,TVBS-新聞網_HB,21902,MW_文章置底_320x100_TVBS-新聞網_HB,,知名媒體,,748,373,373,100.00%,98,26.27%,275,73.73%,13.34
20260127,05,富盈數據股份有限公司,3685,玩桌遊_mobile,21924,MW_置底創意(非展開)_玩桌遊-mobile,,,,6,3,3,100.00%,3,100.00%,0,0.00%,33.30
20260127,05,富盈數據股份有限公司,2615,熱血台中,21986,CF_336x280_全網_熱血台中,,,,30,15,15,100.00%,11,73.33%,4,26.67%,1.93
20260127,05,富盈數據股份有限公司,2615,熱血台中,21987,CF_336x280_全網_熱血台中,,,,76,37,37,100.00%,28,75.68%,9,24.32%,2.94
20260127,05,富盈數據股份有限公司,3703,繁體小說,22022,MW_置底創意(非展開)_繁體小說-mobile,,,,18,9,9,100.00%,9,100.00%,0,0.00%,19.64
20260127,05,富盈數據股份有限公司,3704,天天要聞,22030,CF_300 x 250 banner_天天要聞_cpc2,,,,397,196,196,100.00%,153,78.06%,43,21.94%,10.00
20260127,05,富盈數據股份有限公司,3703,繁體小說,22031,CF_300 x 250 banner_繁體小說_cpc2,,,,54,26,26,100.00%,25,96.15%,1,3.85%,10.74
20260127,05,闇碼科技股份有限公司,3048,縮短網址產生器-reurl,22213,MW_蓋版_縮短網址產生器-reurl-2025.05(特殊供量),,知名媒體,,862,6,6,100.00%,1,16.67%,5,83.33%,0.83
20260127,05,欣發現股份有限公司,3363,大人物-mobile,22222,MW_蓋板_大人物,,知名媒體,,13,6,6,100.00%,1,16.67%,5,83.33%,0.29
20260127,05,朱光宁,3741,石頭小說3,22396,MW_置底_石頭小說3,,,,14,7,7,100.00%,7,100.00%,0,0.00%,9.00
20260127,05,朱光宁,3741,石頭小說3,22398,CF_336 x 280 banner_石頭小說3_cpc1.67,,,,"1,122",561,561,100.00%,397,70.77%,164,29.23%,5.05
20260127,05,朱光宁,3741,石頭小說3,22399,CF_320 x 480 橫幅_石頭小說3,,,,12,6,6,100.00%,5,83.33%,1,16.67%,1.94
20260127,05,艾得基客行銷顧問股份有限公司,2825,科技紫薇,22403,MW_蓋版_科技紫微,,,,12,6,6,100.00%,3,50.00%,3,50.00%,11.53
20260127,05,闇碼科技股份有限公司,3068,限時圖片-imgus,22406,MW_置底_imgus,antifroud,,,39,19,19,100.00%,15,78.95%,4,21.05%,5.26
20260127,05,第一網站股份有限公司,2783,漫畫櫃manhuagui,22443,MW_置底_manhuagui,antifroud,,,"12,585","6,147","6,147",100.00%,"4,924",80.10%,"1,223",19.90%,11.72
20260127,05,李承翰-webptt,718,Web批踢踢(RWD),2284,MW-蓋板_文中_Web批踢踢,antifroud,,,6,2,2,100.00%,2,100.00%,0,0.00%,9.43
20260127,05,麥智維,999,動漫戲說,3543,CF-728*90-內文上方-動漫戲說,antifroud,,,148,66,66,100.00%,49,74.24%,17,25.76%,12.50
20260127,05,蔡建磊,1269,跑跑資訊站,4622,CF-300X250-內文右側-跑跑資訊站,,,,6,0,0,0.00%,0,0.00%,0,0.00%,0.00
20260127,05,肖偉彬,1287,紅櫻桃小說書庫,4678,CF-內文上方-300*250-紅櫻桃小說書庫,,,,6,2,2,100.00%,2,100.00%,0,0.00%,15.56
20260127,05,肖偉彬,1287,紅櫻桃小說書庫,4717,MW_文中創意300x250_紅櫻桃小說書庫,,,,6,2,2,100.00%,0,0.00%,2,100.00%,0.00
20260127,05,肖偉彬,1347,雲台書屋,4923,CF-上方通欄-300*250-雲台書屋,,,,6,3,3,100.00%,3,100.00%,0,0.00%,51.67
20260127,05,陈晋福,1367,電視超人,4997,CF-300X250-電視超人,,,,6,3,3,100.00%,1,33.33%,2,66.67%,0.33
20260127,06,英屬維京群島商浩美數位有限公司台灣分公司,2315,Teepr亮新聞-exchange,10012,CF_336x280Banner_Teepr亮新聞-exchange,,知名媒體,,14,3,3,100.00%,0,0.00%,3,100.00%,0.07
20260127,06,昱得資訊工作室,2528,數位書香,11080,CF_728x90_首頁上方_數位書香,antifroud,,,12,3,3,100.00%,2,66.67%,1,33.33%,3.65
20260127,06,昱得資訊工作室,2528,數位書香,11081,CF_160x600_首頁右側_數位書香,antifroud,,,390,164,164,100.00%,69,42.07%,95,57.93%,2.93
20260127,06,第一網站股份有限公司,2518,麻辣家族討論區(twbts),11082,CF-728X90-twbts,antifroud,,,"1,889",728,728,100.00%,477,65.52%,251,34.48%,4.66
20260127,06,第一網站股份有限公司,2492,ttshow,11273,MW-300X250-ttshow,,知名媒體,,12,6,6,100.00%,3,50.00%,3,50.00%,10.37
20260127,06,第一網站股份有限公司,2601,Meme梗圖倉庫,11443,CF-336X280-meme,,,,97,47,47,100.00%,12,25.53%,35,74.47%,4.67
20260127,06,艾得基客行銷顧問股份有限公司,2578,鉅亨網,12070,MW_320x480_文中創意_鉅亨網,,知名媒體,,"7,092","3,518","3,518",100.00%,"2,749",78.14%,769,21.86%,17.58
20260127,06,第一網站股份有限公司,2540,risu短網址,12496,CF_300x250_popup(直播) _risu短網址,antifroud,知名媒體,,6,0,0,0.00%,0,0.00%,0,0.00%,0.00
20260127,06,時報資訊股份有限公司,2770,中時電子報_HB,12559,CF_300x250_右側互動看版_中時電子報_HB,,知名媒體,,511,227,227,100.00%,114,50.22%,113,49.78%,9.23
20260127,06,時報資訊股份有限公司,2770,中時電子報_HB,12560,CF_336x280_文中看板_中時電子報_HB,,知名媒體,,398,179,179,100.00%,143,79.89%,36,20.11%,29.16
20260127,06,時報資訊股份有限公司,2770,中時電子報_HB,12561,MW_300x250_內頁TOP Banner_中時電子報_HB,antifroud,知名媒體,,"2,740","1,357","1,357",100.00%,234,17.24%,"1,123",82.76%,1.90
20260127,06,第一網站股份有限公司,2768,czbooks,12570,CF_728x90_banner_czbooks,,,,714,352,352,100.00%,270,76.70%,82,23.30%,4.11
20260127,06,第一網站股份有限公司,2768,czbooks,12571,CF-300x600_Banner_czbooks,,,,6,3,3,100.00%,2,66.67%,1,33.33%,103.69
20260127,06,鳳梨傳媒股份有限公司,2190,民視新聞網-Exchange,12579,CF_300x250_右側第一塊_民視新聞網-Exchange(RWD)(MCM),,知名媒體,,271,135,135,100.00%,5,3.70%,130,96.30%,0.93
20260127,06,鳳梨傳媒股份有限公司,2190,民視新聞網-Exchange,12580,CF_300x250_內文文中左側_民視新聞網-Exchange(RWD)(MCM),,知名媒體,,174,82,82,100.00%,3,3.66%,79,96.34%,0.09
20260127,06,第一網站股份有限公司,2783,漫畫櫃manhuagui,12676,CF_728X90_manhuagui,antifroud,,,"7,620","3,734","3,734",100.00%,"1,277",34.20%,"2,457",65.80%,8.62
20260127,06,第一網站股份有限公司,2801,damanwoo,12868,CF-300x250_Banner_damanwoo_大人物,,,,24,10,10,100.00%,0,0.00%,10,100.00%,0.02
20260127,06,第一網站股份有限公司,2820,星座好朋友(horofriend88),12966,MW_320x100_horofriend88,antifroud,,,38,19,19,100.00%,19,100.00%,0,0.00%,26.19
20260127,06,第一網站股份有限公司,2838,mycard,13041,MW_320x480_加倍mycard,,,,174,0,0,0.00%,0,0.00%,0,0.00%,0.00
20260127,06,曾憲敏,202,85小說網,13445,MW_336X280_全量1_85小說網,,,,60,30,30,100.00%,21,70.00%,9,30.00%,9.99
20260127,06,曾憲敏,202,85小說網,13446,MW_336X280_全量2_85小說網,,,,301,150,150,100.00%,98,65.33%,52,34.67%,8.41
20260127,06,第一網站股份有限公司,2910,clickme,13549,CF_300x250_banner_clickme(一般),,,,525,241,241,100.00%,30,12.45%,211,87.55%,0.62
20260127,06,闇碼科技股份有限公司,2992,縮短網址產生器-reurl-exchange,13848,CF_300x250_轉址失敗_最右邊_reurl,,知名媒體,,9,0,0,0.00%,0,0.00%,0,0.00%,0.00
20260127,06,闇碼科技股份有限公司,2992,縮短網址產生器-reurl-exchange,13856,CF_300x250_轉址失敗頁第二塊_reurl,,知名媒體,,8,0,0,0.00%,0,0.00%,0,0.00%,0.00
20260127,06,闇碼科技股份有限公司,2992,縮短網址產生器-reurl-exchange,13861,CF_300x250_網址下方右側(PB)_reurl,,知名媒體,,6,3,3,100.00%,1,33.33%,2,66.67%,1.67
20260127,06,第一網站股份有限公司,2768,czbooks,14036,MW_320x480_CZBOOKS,antifroud,,,46,23,23,100.00%,8,34.78%,15,65.22%,0.96
20260127,06,陳人鳳,480,飛格寵物家族_PC,1407,CF-728X90_上方通欄_飛格寵物家族,,,,18,0,0,0.00%,0,0.00%,0,0.00%,0.00
20260127,06,陳人鳳,480,飛格寵物家族_PC,1408,CF-300X250_內文_飛格寵物家族,,,,91,8,8,100.00%,3,37.50%,5,62.50%,2.74
20260127,06,闇碼科技股份有限公司,3048,縮短網址產生器-reurl,14210,MW_文中創意300x250_縮短網址產生器-reurl,,知名媒體,,44,8,8,100.00%,5,62.50%,3,37.50%,1.97
20260127,06,巨思文化股份有限公司,3052,經理人_HB,14238,MW_文章結束第一塊_300x250_經理人-HB,,知名媒體,,24,12,12,100.00%,2,16.67%,10,83.33%,1.48
20260127,06,巨思文化股份有限公司,3052,經理人_HB,14241,MW_300x250_內文下方_經理人-HB,,知名媒體,,24,12,12,100.00%,2,16.67%,10,83.33%,1.48
20260127,06,富盈數據股份有限公司,3059,塔科女子,14258,CF_336x280_全網_塔科女子,,知名媒體,,36,18,18,100.00%,15,83.33%,3,16.67%,4.75
20260127,06,CBROOT LTD,3003,包子漫畫-exchange,14291,MW_300x250_蓋板(PB)_包子漫畫,,,,67,33,33,100.00%,17,51.52%,16,48.48%,11.86
20260127,06,朱光宁,3149,稷下書院-exchange,14748,MW_320x100_置底(PB)_稷下書院,,,,"12,114","5,994","5,994",100.00%,180,3.00%,"5,814",97.00%,0.12
20260127,06,巨思文化股份有限公司,3053,數位時代_HB,14764,MW_置底創意_(非展開)_數位時代_HB,,知名媒體,,14,7,7,100.00%,6,85.71%,1,14.29%,22.23
20260127,06,中天電視股份有限公司,3282,中天新聞網-exchange,14980,CF_970x250_內頁_PC置頂橫幅-中天新聞網-exchange,,知名媒體,,6,3,3,100.00%,0,0.00%,3,100.00%,0.18
20260127,06,曾憲敏,3327,85小說網_創意,15228,MW-創意-85小說網,,,,74,37,37,100.00%,36,97.30%,1,2.70%,74.62
20260127,06,中天電視股份有限公司,3282,中天新聞網-exchange,15859,CF_336x280_內頁_PC右側互動看板B-中天新聞網-exchange,,知名媒體,,12,6,6,100.00%,2,33.33%,4,66.67%,1.53
20260127,06,CBROOT LTD,3352,西瓜卡通-exchange,15969,CF_728x90_影音內容_西瓜卡通-exchange,,,,100,50,50,100.00%,0,0.00%,50,100.00%,0.00
20260127,06,CBROOT LTD,3352,西瓜卡通-exchange,15970,CF_160x600_影音內容_西瓜卡通-exchange,,,,246,84,81,96.43%,1,1.23%,80,98.77%,0.42
20260127,06,朱光宁,3360,提莫書屋-exchange,16957,MW_336x280banner_提莫書屋_exchange,,,,"6,978","3,467","3,467",100.00%,"2,642",76.20%,825,23.80%,5.33
20260127,06,朱光宁,3361,提莫書屋-mobile,16959,MW_320x480_文中創意_提莫書屋-mobile,,,,12,6,6,100.00%,5,83.33%,1,16.67%,4.85
20260127,06,巧克科技新媒體股份有限公司,1494,LINE TV,16964,CF_336x280_影音暫停頁_LINE TV,,知名媒體,,8,4,4,100.00%,2,50.00%,2,50.00%,26.25
20260127,06,欣發現股份有限公司,3365,Hami任務牆-mobile,16969,MW_置底創意_Hami任務牆,,知名媒體,,"3,930","1,804","1,804",100.00%,"1,226",67.96%,578,32.04%,6.41
20260127,06,欣發現股份有限公司,3365,Hami任務牆-mobile,16971,MW_文中創意300x250_Hami任務牆,,知名媒體,,30,15,15,100.00%,5,33.33%,10,66.67%,2.93
20260127,06,欣發現股份有限公司,3364,女子學-mobile,16972,MW_置底創意_女子學,antifroud,,,"2,059",948,948,100.00%,98,10.34%,850,89.66%,2.53
20260127,06,欣發現股份有限公司,3363,大人物-mobile,16973,MW_置底創意_大人物,,知名媒體,,52,25,25,100.00%,17,68.00%,8,32.00%,5.51
20260127,06,欣發現股份有限公司,3362,妞新聞-mobile,16974,MW_置底創意_妞新聞,,知名媒體,,152,67,67,100.00%,42,62.69%,25,37.31%,6.91
20260127,06,欣發現股份有限公司,3362,妞新聞-mobile,16981,MW_文中創意300x250_妞新聞,,知名媒體,,30,14,14,100.00%,0,0.00%,14,100.00%,0.07
20260127,06,第一網站股份有限公司,2783,漫畫櫃manhuagui,17027,MW_320x480_蓋版_漫畫櫃manhuagui,,,,102,50,50,100.00%,15,30.00%,35,70.00%,1.46
20260127,06,詠勝科技有限公司,3385,Mobile01_HB,17175,CF_970x90_橫幅Banner_Mobile01_HB,,知名媒體,,81,28,28,100.00%,10,35.71%,18,64.29%,1.97
20260127,06,詠勝科技有限公司,3385,Mobile01_HB,17179,CF_300x250_熱門大看板_Mobile01_HB,,知名媒體,,72,28,28,100.00%,9,32.14%,19,67.86%,5.78
20260127,06,詠勝科技有限公司,3385,Mobile01_HB,17180,CF_300x250_置底看板左_Mobile01_HB,,知名媒體,,32,10,10,100.00%,2,20.00%,8,80.00%,0.60
20260127,06,詠勝科技有限公司,3385,Mobile01_HB,17181,CF_300x250_置底看板中_Mobile01_HB,,知名媒體,,30,10,10,100.00%,2,20.00%,8,80.00%,0.60
20260127,06,詠勝科技有限公司,3385,Mobile01_HB,17182,CF_300x250_置底看板右_Mobile01_HB,,知名媒體,,14,5,5,100.00%,1,20.00%,4,80.00%,0.20
20260127,06,詠勝科技有限公司,3385,Mobile01_HB,17183,CF_300x600_大摩天_Mobile01_HB,,知名媒體,,36,13,13,100.00%,7,53.85%,6,46.15%,21.32
20260127,06,詠勝科技有限公司,3385,Mobile01_HB,17204,MW_300x250_文中Banner(interscroller)_Mobile01_HB,,知名媒體,,12,6,6,100.00%,5,83.33%,1,16.67%,2.83
20260127,06,朱光宁,3268,稷下書院-mobile,17207,MW_320x480_蓋版_稷下書院-mobile,,,,"2,931","1,300","1,300",100.00%,450,34.62%,850,65.38%,1.85
20260127,06,艾得基客行銷顧問股份有限公司,3391,UDN聯合新聞網,17236,MW_置底創意_UDN聯合新聞,,知名媒體,,"1,455",718,718,100.00%,524,72.98%,194,27.02%,25.13
20260127,06,李立娟,3395,vivi0視頻-exchange,17293,CF_336x280_Banner_vivi01視頻-exchange,antifroud,,,"33,270","16,307","16,307",100.00%,"2,594",15.91%,"13,713",84.09%,0.41
20260127,06,李立娟,3395,vivi0視頻-exchange,17294,MW_336x280_Banner_vivi01視頻-exchange,antifroud,,,"37,966","18,612","18,612",100.00%,"7,550",40.57%,"11,062",59.43%,1.56
20260127,06,李立娟,3395,vivi0視頻-exchange,17300,MW_320x100_置底(PB)_vivi01視頻-exchange,antifroud,,,"54,725","26,871","26,871",100.00%,"18,495",68.83%,"8,376",31.17%,17.63
20260127,06,李立娟,3396,趣聞圖說-Mobile,17923,MW_置底創意(展開)_趣聞圖說-Mobile,,,,34,16,16,100.00%,11,68.75%,5,31.25%,3.35
20260127,06,第一網站股份有限公司,2768,czbooks,17927,MW_置底創意_czbook,,,,"4,375","2,178","2,178",100.00%,"1,355",62.21%,823,37.79%,18.74
20260127,06,時報資訊股份有限公司_工商時報,3427,工商時報-exchange,18014,MW_300x250_文末Banner1_工商時報-exchange,,知名媒體,,6,3,3,100.00%,1,33.33%,2,66.67%,1.67
20260127,06,時報資訊股份有限公司_工商時報,3427,工商時報-exchange,18015,MW_300x250_文末Banner2_工商時報-exchange,,知名媒體,,148,74,74,100.00%,3,4.05%,71,95.95%,0.17
20260127,06,第一網站股份有限公司,3440,fsa_passback_first,18201,CF_336x280_fsa_passback_first,,,,661,306,306,100.00%,26,8.50%,280,91.50%,0.70
20260127,06,第一網站股份有限公司,3440,fsa_passback_first,18202,CF_300x250_fsa_passback_first,,,,137,69,69,100.00%,41,59.42%,28,40.58%,34.12
20260127,06,莊博凱,3455,夢遊電玩,18269,300x250 Banner,,,,6,2,2,100.00%,0,0.00%,2,100.00%,0.00
20260127,06,朱光宁,3268,稷下書院-mobile,18297,MW_置底創意(展開)_稷下書院-mobile,,,,78,39,39,100.00%,31,79.49%,8,20.51%,26.64
20260127,06,冰楓科技有限公司,3485,冰楓論壇-exchange,18487,CF_970x90_內文上方第一塊_冰楓論壇-exchange,,,,198,89,89,100.00%,21,23.60%,68,76.40%,3.23
20260127,06,冰楓科技有限公司,3485,冰楓論壇-exchange,18488,MW_320x100_內文上方第一塊_ 冰楓論壇-exchange,antifroud,,,24,9,9,100.00%,8,88.89%,1,11.11%,12.36
20260127,06,冰楓科技有限公司,3485,冰楓論壇-exchange,18492,MW_300x250_Banner_ 冰楓論壇-exchange,,,,60,24,24,100.00%,11,45.83%,13,54.17%,1.47
20260127,06,CBROOT LTD,3492,包子漫畫(特開流量)-exchange,18557,CF_300x600_指定流量_包子漫畫(特開流量PB)-exchange,,,,32,13,13,100.00%,8,61.54%,5,38.46%,50.67
20260127,06,CBROOT LTD,3510,包子漫畫_twmanga-exchange,18737,CF_970x90_Banner_ 包子漫畫_twmanga-exchange,,,,34,17,17,100.00%,8,47.06%,9,52.94%,8.78
20260127,06,台灣英文新聞股份有限公司,3537,台灣英文新聞(new)-exchange,18924,CF_300x250_內容頁_右側看版_1_台灣英文新聞(new)-exchange,,知名媒體,,12,6,6,100.00%,0,0.00%,6,100.00%,0.05
20260127,06,第一網站股份有限公司,2783,漫畫櫃manhuagui,20685,MW_300X250_manhuagui,antifroud,,,"2,240","1,084","1,084",100.00%,502,46.31%,582,53.69%,13.31
20260127,06,德榕企業有限公司,3578,TW Bodhi_mobile,20708,MW_蓋板_TW Bodhi,,,,50,18,18,100.00%,0,0.00%,18,100.00%,0.00
20260127,06,第一網站股份有限公司,2768,czbooks,21412,(子)CF_970x250_banner_czbooks(限時段)-PB,,,子聯播網,954,475,475,100.00%,178,37.47%,297,62.53%,6.20
20260127,06,第一網站股份有限公司,3440,fsa_passback_first,21699,CF_336x280_fsa_passback_first,,,,170,85,85,100.00%,38,44.71%,47,55.29%,2.72
20260127,06,富盈數據股份有限公司,3653,TVBS-女人我最大_HB,21761,MW_文章四_336x280_TVBS-女人我最大_HB,,知名媒體,,108,54,54,100.00%,38,70.37%,16,29.63%,4.93
20260127,06,富盈數據股份有限公司,3653,TVBS-女人我最大_HB,21762,MW_文章置底_320x100_TVBS-女人我最大_HB,,知名媒體,,30,15,15,100.00%,14,93.33%,1,6.67%,45.27
20260127,06,富盈數據股份有限公司,3653,TVBS-女人我最大_HB,21763,MW_文中創意320x480_TVBS-女人我最大_HB,,知名媒體,,86,42,42,100.00%,28,66.67%,14,33.33%,23.16
20260127,06,富盈數據股份有限公司,3654,TVBS-健康2.0_HB,21765,MW_文章三_336x280_TVBS-健康2.0_HB,,知名媒體,,112,56,56,100.00%,34,60.71%,22,39.29%,2.62
20260127,06,富盈數據股份有限公司,3654,TVBS-健康2.0_HB,21767,MW_文章置底_320x100_TVBS-健康2.0_HB,,知名媒體,,6,3,3,100.00%,0,0.00%,3,100.00%,0.00
20260127,06,富盈數據股份有限公司,3654,TVBS-健康2.0_HB,21768,MW_文中創意320x480_TVBS-健康2.0_HB,,知名媒體,,"1,029",489,489,100.00%,344,70.35%,145,29.65%,24.42
20260127,06,富盈數據股份有限公司,3655,TVBS-食尚玩家_HB,21770,MW_文章三_336x280_TVBS-食尚玩家_HB,,知名媒體,,6,2,2,100.00%,0,0.00%,2,100.00%,0.00
20260127,06,富盈數據股份有限公司,3654,TVBS-健康2.0_HB,21812,MW_文章一_336x280_TVBS-健康2.0_HB,,知名媒體,,417,206,206,100.00%,152,73.79%,54,26.21%,4.17
20260127,06,儂儂雜誌社股份有限公司(bella儂儂),2135,Bella儂儂_2024,21876,MW-300x250_文章標題上方1_Bella儂儂,,知名媒體,,50,25,25,100.00%,19,76.00%,6,24.00%,5.89
20260127,06,富盈數據股份有限公司,3680,TVBS-新聞網_HB,21899,MW_文章一_336x280_TVBS-新聞網_HB,,知名媒體,,"3,712","1,838","1,838",100.00%,"1,403",76.33%,435,23.67%,8.60
20260127,06,富盈數據股份有限公司,3680,TVBS-新聞網_HB,21902,MW_文章置底_320x100_TVBS-新聞網_HB,,知名媒體,,"4,847","2,401","2,401",100.00%,510,21.24%,"1,891",78.76%,9.76
20260127,06,富盈數據股份有限公司,3685,玩桌遊_mobile,21924,MW_置底創意(非展開)_玩桌遊-mobile,,,,31,15,15,100.00%,10,66.67%,5,33.33%,27.66
20260127,06,富盈數據股份有限公司,2615,熱血台中,21986,CF_336x280_全網_熱血台中,,,,50,25,25,100.00%,17,68.00%,8,32.00%,2.30
20260127,06,富盈數據股份有限公司,2615,熱血台中,21987,CF_336x280_全網_熱血台中,,,,112,54,54,100.00%,43,79.63%,11,20.37%,3.34
20260127,06,富盈數據股份有限公司,3703,繁體小說,22022,MW_置底創意(非展開)_繁體小說-mobile,,,,6,3,3,100.00%,3,100.00%,0,0.00%,45.75
20260127,06,富盈數據股份有限公司,3704,天天要聞,22030,CF_300 x 250 banner_天天要聞_cpc2,,,,"1,298",640,640,100.00%,492,76.88%,148,23.12%,9.74
20260127,06,富盈數據股份有限公司,3703,繁體小說,22031,CF_300 x 250 banner_繁體小說_cpc2,,,,78,39,39,100.00%,34,87.18%,5,12.82%,10.42
20260127,06,闇碼科技股份有限公司,3048,縮短網址產生器-reurl,22213,MW_蓋版_縮短網址產生器-reurl-2025.05(特殊供量),,知名媒體,,35,4,4,100.00%,2,50.00%,2,50.00%,2.60
20260127,06,欣發現股份有限公司,3363,大人物-mobile,22222,MW_蓋板_大人物,,知名媒體,,102,49,49,100.00%,18,36.73%,31,63.27%,3.02
20260127,06,朱光宁,3741,石頭小說3,22396,MW_置底_石頭小說3,,,,30,15,15,100.00%,13,86.67%,2,13.33%,13.56
20260127,06,朱光宁,3741,石頭小說3,22398,CF_336 x 280 banner_石頭小說3_cpc1.67,,,,"1,450",734,734,100.00%,505,68.80%,229,31.20%,4.83
20260127,06,朱光宁,3741,石頭小說3,22399,CF_320 x 480 橫幅_石頭小說3,,,,18,9,9,100.00%,5,55.56%,4,44.44%,3.42
20260127,06,艾得基客行銷顧問股份有限公司,2825,科技紫薇,22403,MW_蓋版_科技紫微,,,,12,6,6,100.00%,0,0.00%,6,100.00%,0.00
20260127,06,闇碼科技股份有限公司,3068,限時圖片-imgus,22406,MW_置底_imgus,antifroud,,,150,74,74,100.00%,51,68.92%,23,31.08%,3.78
20260127,06,第一網站股份有限公司,2783,漫畫櫃manhuagui,22443,MW_置底_manhuagui,antifroud,,,"4,774","2,340","2,340",100.00%,"1,676",71.62%,664,28.38%,10.21
20260127,06,艾得基客行銷顧問股份有限公司,3752,ＭoneyDJ,22515,MW_300x250 BANNER_MoneyDJ,antifroud,知名媒體,,66,33,33,100.00%,15,45.45%,18,54.55%,1.45
20260127,06,李承翰-webptt,718,Web批踢踢(RWD),2284,MW-蓋板_文中_Web批踢踢,antifroud,,,12,4,4,100.00%,3,75.00%,1,25.00%,4.36
20260127,06,麥智維,999,動漫戲說,3543,CF-728*90-內文上方-動漫戲說,antifroud,,,124,52,52,100.00%,44,84.62%,8,15.38%,39.97
20260127,06,肖偉彬,1287,紅櫻桃小說書庫,4678,CF-內文上方-300*250-紅櫻桃小說書庫,,,,6,3,3,100.00%,3,100.00%,0,0.00%,10.43
20260127,06,肖偉彬,1287,紅櫻桃小說書庫,4717,MW_文中創意300x250_紅櫻桃小說書庫,,,,12,4,4,100.00%,2,50.00%,2,50.00%,1.89
20260127,06,技達創意資訊有限公司,1299,泰好網,4734,MW-320*100-首頁、內文上方-泰好網,,,,18,0,0,0.00%,0,0.00%,0,0.00%,0.00
20260127,06,陈晋福,1367,電視超人,4997,CF-300X250-電視超人,,,,6,3,3,100.00%,3,100.00%,0,0.00%,6.83
20260127,06,麥智維,999,動漫戲說,6069,CF-300*250-首頁-動漫戲說,,,,8,4,4,100.00%,3,75.00%,1,25.00%,2.91
20260127,06,巧克科技新媒體股份有限公司,2127,LINE TV_Banner-exchange,8576,CF_336x280_戲劇-右側好康資訊下方_LINE TV-exchange,,知名媒體,,24,11,11,100.00%,0,0.00%,11,100.00%,0.00
20260127,06,巧克科技新媒體股份有限公司,2127,LINE TV_Banner-exchange,8577,CF_336x280_戲劇-右側好康資訊上方_LINE TV-exchange,,知名媒體,,48,22,22,100.00%,1,4.55%,21,95.45%,0.12
20260127,06,冰楓科技有限公司,1711,冰楓短網址,9308,ＭＷ-300X250-跳轉頁下方-冰楓短網址,,,,6,2,2,100.00%,0,0.00%,2,100.00%,0.25
20260127,07,英屬維京群島商浩美數位有限公司台灣分公司,2315,Teepr亮新聞-exchange,10012,CF_336x280Banner_Teepr亮新聞-exchange,,知名媒體,,12,6,6,100.00%,0,0.00%,6,100.00%,0.10
20260127,07,三立電視股份有限公司,269,三立新聞網_Mobile,11013,MW-置底創意廣告_三立新聞網,,知名媒體,,"6,131","3,035","3,017",99.41%,"2,690",89.16%,327,10.84%,47.43
20260127,07,昱得資訊工作室,2528,數位書香,11081,CF_160x600_首頁右側_數位書香,antifroud,,,365,153,153,100.00%,57,37.25%,96,62.75%,2.62
20260127,07,第一網站股份有限公司,2518,麻辣家族討論區(twbts),11082,CF-728X90-twbts,antifroud,,,"1,916",702,702,100.00%,485,69.09%,217,30.91%,5.09
20260127,07,第一網站股份有限公司,2601,Meme梗圖倉庫,11443,CF-336X280-meme,,,,54,21,21,100.00%,6,28.57%,15,71.43%,0.65
20260127,07,艾得基客行銷顧問股份有限公司,2578,鉅亨網,12070,MW_320x480_文中創意_鉅亨網,,知名媒體,,"14,777","7,309","7,309",100.00%,"5,806",79.44%,"1,503",20.56%,16.59
20260127,07,時報資訊股份有限公司,2770,中時電子報_HB,12559,CF_300x250_右側互動看版_中時電子報_HB,,知名媒體,,793,364,364,100.00%,169,46.43%,195,53.57%,7.26
20260127,07,時報資訊股份有限公司,2770,中時電子報_HB,12560,CF_336x280_文中看板_中時電子報_HB,,知名媒體,,696,322,322,100.00%,248,77.02%,74,22.98%,23.17
20260127,07,時報資訊股份有限公司,2770,中時電子報_HB,12561,MW_300x250_內頁TOP Banner_中時電子報_HB,antifroud,知名媒體,,"3,803","1,846","1,846",100.00%,360,19.50%,"1,486",80.50%,1.65
20260127,07,第一網站股份有限公司,2768,czbooks,12570,CF_728x90_banner_czbooks,,,,"1,263",624,624,100.00%,473,75.80%,151,24.20%,3.83
20260127,07,第一網站股份有限公司,2768,czbooks,12571,CF-300x600_Banner_czbooks,,,,104,52,52,100.00%,38,73.08%,14,26.92%,87.75
20260127,07,鳳梨傳媒股份有限公司,2190,民視新聞網-Exchange,12579,CF_300x250_右側第一塊_民視新聞網-Exchange(RWD)(MCM),,知名媒體,,"1,198",595,595,100.00%,25,4.20%,570,95.80%,1.51
20260127,07,鳳梨傳媒股份有限公司,2190,民視新聞網-Exchange,12580,CF_300x250_內文文中左側_民視新聞網-Exchange(RWD)(MCM),,知名媒體,,"1,163",569,569,100.00%,31,5.45%,538,94.55%,0.93
20260127,07,第一網站股份有限公司,2783,漫畫櫃manhuagui,12676,CF_728X90_manhuagui,antifroud,,,"10,619","5,208","5,208",100.00%,"2,011",38.61%,"3,197",61.39%,12.07
20260127,07,艾得基客行銷顧問股份有限公司,2635,工商時報,12761,MW_320x480_文中創意_工商時報new,,知名媒體,,"9,129","4,502","4,502",100.00%,"3,430",76.19%,"1,072",23.81%,18.14
20260127,07,第一網站股份有限公司,2820,星座好朋友(horofriend88),12966,MW_320x100_horofriend88,antifroud,,,134,67,67,100.00%,66,98.51%,1,1.49%,22.51
20260127,07,第一網站股份有限公司,2836,vivi01,13032,MW_置底創意_vivi01 ViVi視頻,,,,15,7,7,100.00%,6,85.71%,1,14.29%,9.88
20260127,07,第一網站股份有限公司,2838,mycard,13041,MW_320x480_加倍mycard,,,,173,0,0,0.00%,0,0.00%,0,0.00%,0.00
20260127,07,曾憲敏,202,85小說網,13445,MW_336X280_全量1_85小說網,,,,218,109,109,100.00%,59,54.13%,50,45.87%,6.14
20260127,07,曾憲敏,202,85小說網,13446,MW_336X280_全量2_85小說網,,,,"1,036",515,515,100.00%,307,59.61%,208,40.39%,6.49
20260127,07,第一網站股份有限公司,2910,clickme,13549,CF_300x250_banner_clickme(一般),,,,263,136,136,100.00%,13,9.56%,123,90.44%,0.69
20260127,07,第一網站股份有限公司,2768,czbooks,14036,MW_320x480_CZBOOKS,antifroud,,,127,63,63,100.00%,16,25.40%,47,74.60%,2.64
20260127,07,陳人鳳,480,飛格寵物家族_PC,1407,CF-728X90_上方通欄_飛格寵物家族,,,,32,9,9,100.00%,6,66.67%,3,33.33%,33.12
20260127,07,陳人鳳,480,飛格寵物家族_PC,1408,CF-300X250_內文_飛格寵物家族,,,,88,14,14,100.00%,13,92.86%,1,7.14%,17.44
20260127,07,飛凡傳播股份有限公司,1921,非凡新聞台-exchange,14188,MW_300x250_內文上方_非凡新聞-exchange,antifroud,知名媒體,,33,0,0,0.00%,0,0.00%,0,0.00%,0.00
20260127,07,闇碼科技股份有限公司,3048,縮短網址產生器-reurl,14210,MW_文中創意300x250_縮短網址產生器-reurl,,知名媒體,,"1,012",26,26,100.00%,13,50.00%,13,50.00%,5.76
20260127,07,巨思文化股份有限公司,3052,經理人_HB,14238,MW_文章結束第一塊_300x250_經理人-HB,,知名媒體,,54,27,27,100.00%,4,14.81%,23,85.19%,4.57
20260127,07,巨思文化股份有限公司,3052,經理人_HB,14241,MW_300x250_內文下方_經理人-HB,,知名媒體,,40,20,20,100.00%,3,15.00%,17,85.00%,0.19
20260127,07,巨思文化股份有限公司,3053,數位時代_HB,14246,MW_300x250_文章結束第一塊_數位時代-HB,,知名媒體,,12,6,6,100.00%,0,0.00%,6,100.00%,0.00
20260127,07,富盈數據股份有限公司,3059,塔科女子,14258,CF_336x280_全網_塔科女子,,知名媒體,,30,16,16,100.00%,12,75.00%,4,25.00%,4.33
20260127,07,CBROOT LTD,3003,包子漫畫-exchange,14291,MW_300x250_蓋板(PB)_包子漫畫,,,,130,60,60,100.00%,29,48.33%,31,51.67%,21.78
20260127,07,朱光宁,3149,稷下書院-exchange,14748,MW_320x100_置底(PB)_稷下書院,,,,"19,974","9,873","9,873",100.00%,317,3.21%,"9,556",96.79%,0.12
20260127,07,巨思文化股份有限公司,3053,數位時代_HB,14764,MW_置底創意_(非展開)_數位時代_HB,,知名媒體,,110,55,55,100.00%,54,98.18%,1,1.82%,28.56
20260127,07,中天電視股份有限公司,3283,中天新聞網-mobile,14918,MW_置底創意(非展開)_中天新聞網-mobile,,知名媒體,,509,253,253,100.00%,166,65.61%,87,34.39%,23.26
20260127,07,曾憲敏,3327,85小說網_創意,15227,MW-300X250_85小說網_隨身影音PB,,,,20,10,10,100.00%,7,70.00%,3,30.00%,4.08
20260127,07,曾憲敏,3327,85小說網_創意,15228,MW-創意-85小說網,,,,167,83,83,100.00%,72,86.75%,11,13.25%,61.80
20260127,07,千晶文化事業股份有限公司,3336,Beauty 美人圈,15252,MW_文中創意320x480_Beauty 美人圈,,知名媒體,,30,15,15,100.00%,13,86.67%,2,13.33%,34.27
20260127,07,千晶文化事業股份有限公司,3336,Beauty 美人圈,15254,MW_置底創意(非展開)_ Beauty 美人圈,,知名媒體,,"2,929","1,453","1,453",100.00%,"1,376",94.70%,77,5.30%,41.12
20260127,07,中天電視股份有限公司,3282,中天新聞網-exchange,15859,CF_336x280_內頁_PC右側互動看板B-中天新聞網-exchange,,知名媒體,,94,40,40,100.00%,16,40.00%,24,60.00%,6.09
20260127,07,CBROOT LTD,3352,西瓜卡通-exchange,15970,CF_160x600_影音內容_西瓜卡通-exchange,,,,152,55,55,100.00%,4,7.27%,51,92.73%,4.52
20260127,07,朱光宁,3360,提莫書屋-exchange,16957,MW_336x280banner_提莫書屋_exchange,,,,"11,067","5,476","5,476",100.00%,"4,198",76.66%,"1,278",23.34%,6.91
20260127,07,朱光宁,3361,提莫書屋-mobile,16958,MW_置底創意_提莫書屋-mobile,,,,6,2,2,100.00%,2,100.00%,0,0.00%,2.77
20260127,07,朱光宁,3361,提莫書屋-mobile,16959,MW_320x480_文中創意_提莫書屋-mobile,,,,64,32,32,100.00%,23,71.88%,9,28.12%,3.12
20260127,07,欣發現股份有限公司,3365,Hami任務牆-mobile,16969,MW_置底創意_Hami任務牆,,知名媒體,,981,473,473,100.00%,340,71.88%,133,28.12%,5.83
20260127,07,欣發現股份有限公司,3365,Hami任務牆-mobile,16971,MW_文中創意300x250_Hami任務牆,,知名媒體,,26,13,13,100.00%,2,15.38%,11,84.62%,0.34
20260127,07,欣發現股份有限公司,3364,女子學-mobile,16972,MW_置底創意_女子學,antifroud,,,"1,092",512,512,100.00%,2,0.39%,510,99.61%,0.03
20260127,07,欣發現股份有限公司,3363,大人物-mobile,16973,MW_置底創意_大人物,,知名媒體,,68,34,34,100.00%,21,61.76%,13,38.24%,4.90
20260127,07,欣發現股份有限公司,3362,妞新聞-mobile,16974,MW_置底創意_妞新聞,,知名媒體,,86,42,42,100.00%,22,52.38%,20,47.62%,4.19
20260127,07,欣發現股份有限公司,3362,妞新聞-mobile,16981,MW_文中創意300x250_妞新聞,,知名媒體,,18,9,9,100.00%,0,0.00%,9,100.00%,0.00
20260127,07,第一網站股份有限公司,2783,漫畫櫃manhuagui,17027,MW_320x480_蓋版_漫畫櫃manhuagui,,,,161,80,80,100.00%,30,37.50%,50,62.50%,1.01
20260127,07,詠勝科技有限公司,3385,Mobile01_HB,17175,CF_970x90_橫幅Banner_Mobile01_HB,,知名媒體,,100,44,44,100.00%,16,36.36%,28,63.64%,4.77
20260127,07,詠勝科技有限公司,3385,Mobile01_HB,17179,CF_300x250_熱門大看板_Mobile01_HB,,知名媒體,,6,2,2,100.00%,1,50.00%,1,50.00%,0.60
20260127,07,詠勝科技有限公司,3385,Mobile01_HB,17180,CF_300x250_置底看板左_Mobile01_HB,,知名媒體,,18,9,9,100.00%,5,55.56%,4,44.44%,1.80
20260127,07,詠勝科技有限公司,3385,Mobile01_HB,17181,CF_300x250_置底看板中_Mobile01_HB,,知名媒體,,18,9,9,100.00%,4,44.44%,5,55.56%,2.61
20260127,07,詠勝科技有限公司,3385,Mobile01_HB,17182,CF_300x250_置底看板右_Mobile01_HB,,知名媒體,,24,12,12,100.00%,6,50.00%,6,50.00%,2.60
20260127,07,詠勝科技有限公司,3385,Mobile01_HB,17183,CF_300x600_大摩天_Mobile01_HB,,知名媒體,,32,14,14,100.00%,5,35.71%,9,64.29%,12.33
20260127,07,詠勝科技有限公司,3385,Mobile01_HB,17195,CF_300x600_特殊大摩天_Mobile01_HB,,知名媒體,,10,3,3,100.00%,0,0.00%,3,100.00%,0.00
20260127,07,詠勝科技有限公司,3385,Mobile01_HB,17204,MW_300x250_文中Banner(interscroller)_Mobile01_HB,,知名媒體,,20,10,10,100.00%,8,80.00%,2,20.00%,8.20
20260127,07,朱光宁,3268,稷下書院-mobile,17207,MW_320x480_蓋版_稷下書院-mobile,,,,"3,654","1,558","1,558",100.00%,449,28.82%,"1,109",71.18%,2.18
20260127,07,李立娟,3395,vivi0視頻-exchange,17293,CF_336x280_Banner_vivi01視頻-exchange,antifroud,,,"44,863","22,030","22,030",100.00%,"3,500",15.89%,"18,530",84.11%,0.41
20260127,07,李立娟,3395,vivi0視頻-exchange,17294,MW_336x280_Banner_vivi01視頻-exchange,antifroud,,,"51,620","25,324","25,323",100.00%,"10,162",40.13%,"15,161",59.87%,1.64
20260127,07,李立娟,3395,vivi0視頻-exchange,17300,MW_320x100_置底(PB)_vivi01視頻-exchange,antifroud,,,"80,344","39,511","39,511",100.00%,"27,195",68.83%,"12,316",31.17%,17.00
20260127,07,李立娟,3396,趣聞圖說-Mobile,17923,MW_置底創意(展開)_趣聞圖說-Mobile,,,,6,3,3,100.00%,3,100.00%,0,0.00%,5.00
20260127,07,第一網站股份有限公司,2768,czbooks,17927,MW_置底創意_czbook,,,,"9,222","4,565","4,565",100.00%,"2,676",58.62%,"1,889",41.38%,16.78
20260127,07,中天電視股份有限公司,3283,中天新聞網-mobile,17937,MW_置底創意(展開)_中天新聞網-mobile,,知名媒體,,"13,363","6,562","6,562",100.00%,"3,308",50.41%,"3,254",49.59%,8.48
20260127,07,時報資訊股份有限公司_工商時報,3427,工商時報-exchange,18003,CF_300x250_互動看板2_工商時報-exchange,,知名媒體,,6,3,3,100.00%,2,66.67%,1,33.33%,2.84
20260127,07,時報資訊股份有限公司_工商時報,3427,工商時報-exchange,18007,CF_336x280_文末右側看板_工商時報-exchange,,知名媒體,,6,3,3,100.00%,0,0.00%,3,100.00%,0.00
20260127,07,時報資訊股份有限公司_工商時報,3427,工商時報-exchange,18008,CF_336x280_文末左側看板_工商時報-exchange,,知名媒體,,6,3,3,100.00%,0,0.00%,3,100.00%,0.00
20260127,07,時報資訊股份有限公司_工商時報,3427,工商時報-exchange,18014,MW_300x250_文末Banner1_工商時報-exchange,,知名媒體,,51,25,25,100.00%,3,12.00%,22,88.00%,0.18
20260127,07,時報資訊股份有限公司_工商時報,3427,工商時報-exchange,18015,MW_300x250_文末Banner2_工商時報-exchange,,知名媒體,,384,190,190,100.00%,6,3.16%,184,96.84%,0.23
20260127,07,第一網站股份有限公司,3440,fsa_passback_first,18201,CF_336x280_fsa_passback_first,,,,475,224,224,100.00%,42,18.75%,182,81.25%,0.63
20260127,07,第一網站股份有限公司,3440,fsa_passback_first,18202,CF_300x250_fsa_passback_first,,,,446,212,212,100.00%,115,54.25%,97,45.75%,31.22
20260127,07,莊博凱,1676,夢遊電玩-exchange,18264,MW-336x280_內文上方_夢遊電玩_exchange,,,,6,2,2,100.00%,0,0.00%,2,100.00%,0.00
20260127,07,莊博凱,3455,夢遊電玩,18269,300x250 Banner,,,,6,2,2,100.00%,0,0.00%,2,100.00%,0.41
20260127,07,朱光宁,3268,稷下書院-mobile,18297,MW_置底創意(展開)_稷下書院-mobile,,,,220,110,110,100.00%,70,63.64%,40,36.36%,15.32
20260127,07,冰楓科技有限公司,3485,冰楓論壇-exchange,18487,CF_970x90_內文上方第一塊_冰楓論壇-exchange,,,,289,129,129,100.00%,28,21.71%,101,78.29%,3.62
20260127,07,冰楓科技有限公司,3485,冰楓論壇-exchange,18488,MW_320x100_內文上方第一塊_ 冰楓論壇-exchange,antifroud,,,51,19,19,100.00%,13,68.42%,6,31.58%,13.73
20260127,07,冰楓科技有限公司,3485,冰楓論壇-exchange,18492,MW_300x250_Banner_ 冰楓論壇-exchange,,,,142,50,50,100.00%,20,40.00%,30,60.00%,2.40
20260127,07,CBROOT LTD,3492,包子漫畫(特開流量)-exchange,18557,CF_300x600_指定流量_包子漫畫(特開流量PB)-exchange,,,,72,30,30,100.00%,19,63.33%,11,36.67%,37.20
20260127,07,CBROOT LTD,3510,包子漫畫_twmanga-exchange,18737,CF_970x90_Banner_ 包子漫畫_twmanga-exchange,,,,65,27,27,100.00%,5,18.52%,22,81.48%,0.46
20260127,07,台灣英文新聞股份有限公司,3537,台灣英文新聞(new)-exchange,18924,CF_300x250_內容頁_右側看版_1_台灣英文新聞(new)-exchange,,知名媒體,,18,6,6,100.00%,0,0.00%,6,100.00%,0.03
20260127,07,艾得基客行銷顧問股份有限公司,3552,玩具人,19044,MW_320x480_文中創意_玩具人,,知名媒體,,36,18,18,100.00%,11,61.11%,7,38.89%,20.84
20260127,07,第一網站股份有限公司,2783,漫畫櫃manhuagui,20685,MW_300X250_manhuagui,antifroud,,,"2,484","1,218","1,218",100.00%,515,42.28%,703,57.72%,10.66
20260127,07,德榕企業有限公司,3578,TW Bodhi_mobile,20707,MW_置底創意_TW Bodhi,,,,34,17,17,100.00%,0,0.00%,17,100.00%,0.00
20260127,07,德榕企業有限公司,3578,TW Bodhi_mobile,20708,MW_蓋板_TW Bodhi,,,,178,89,87,97.75%,0,0.00%,87,100.00%,0.00
20260127,07,德榕企業有限公司,3581,忘憂書屋,20727,CF_336x280文章頁(RWD)_忘憂書屋,,,,20,10,10,100.00%,0,0.00%,10,100.00%,0.00
20260127,07,德榕企業有限公司,3582,忘憂書屋_mobile,20729,MW_蓋板_忘憂書屋,,,,6,3,3,100.00%,0,0.00%,3,100.00%,0.00
20260127,07,德榕企業有限公司,3582,忘憂書屋_mobile,20730,MW_置底創意_忘憂書屋,,,,18,9,8,88.89%,0,0.00%,8,100.00%,0.00
20260127,07,第一網站股份有限公司,2916,KiKiNote,20731,CF_300x250_banner_kikinote (PB),,知名媒體,,26,11,11,100.00%,4,36.36%,7,63.64%,0.85
20260127,07,艾得基客行銷顧問股份有限公司,3609,商妮吃喝遊樂,21319,MW_320x480_文中創意_商妮吃喝遊樂,,,,12,6,6,100.00%,5,83.33%,1,16.67%,11.21
20260127,07,第一網站股份有限公司,2768,czbooks,21412,(子)CF_970x250_banner_czbooks(限時段)-PB,,,子聯播網,"1,330",659,659,100.00%,235,35.66%,424,64.34%,6.73
20260127,07,第一網站股份有限公司,3440,fsa_passback_first,21699,CF_336x280_fsa_passback_first,,,,444,216,216,100.00%,38,17.59%,178,82.41%,0.54
20260127,07,富盈數據股份有限公司,3653,TVBS-女人我最大_HB,21760,MW_文章三_336x280_TVBS-女人我最大_HB,,知名媒體,,12,6,6,100.00%,4,66.67%,2,33.33%,2.02
20260127,07,富盈數據股份有限公司,3653,TVBS-女人我最大_HB,21761,MW_文章四_336x280_TVBS-女人我最大_HB,,知名媒體,,400,199,199,100.00%,126,63.32%,73,36.68%,4.54
20260127,07,富盈數據股份有限公司,3653,TVBS-女人我最大_HB,21762,MW_文章置底_320x100_TVBS-女人我最大_HB,,知名媒體,,114,57,57,100.00%,53,92.98%,4,7.02%,50.33
20260127,07,富盈數據股份有限公司,3653,TVBS-女人我最大_HB,21763,MW_文中創意320x480_TVBS-女人我最大_HB,,知名媒體,,389,188,188,100.00%,139,73.94%,49,26.06%,25.45
20260127,07,富盈數據股份有限公司,3654,TVBS-健康2.0_HB,21765,MW_文章三_336x280_TVBS-健康2.0_HB,,知名媒體,,210,105,105,100.00%,73,69.52%,32,30.48%,2.61
20260127,07,富盈數據股份有限公司,3654,TVBS-健康2.0_HB,21767,MW_文章置底_320x100_TVBS-健康2.0_HB,,知名媒體,,6,3,3,100.00%,3,100.00%,0,0.00%,81.47
20260127,07,富盈數據股份有限公司,3654,TVBS-健康2.0_HB,21768,MW_文中創意320x480_TVBS-健康2.0_HB,,知名媒體,,"4,593","2,139","2,139",100.00%,"1,559",72.88%,580,27.12%,28.99
20260127,07,富盈數據股份有限公司,3655,TVBS-食尚玩家_HB,21770,MW_文章三_336x280_TVBS-食尚玩家_HB,,知名媒體,,39,18,18,100.00%,8,44.44%,10,55.56%,2.79
20260127,07,富盈數據股份有限公司,3655,TVBS-食尚玩家_HB,21773,MW_文中創意320x480_TVBS-食尚玩家_HB,,知名媒體,,144,72,72,100.00%,60,83.33%,12,16.67%,23.22
20260127,07,富盈數據股份有限公司,3653,TVBS-女人我最大_HB,21803,MW_文章一_336x280_TVBS-女人我最大_HB,,知名媒體,,6,3,3,100.00%,3,100.00%,0,0.00%,30.33
20260127,07,富盈數據股份有限公司,3654,TVBS-健康2.0_HB,21812,MW_文章一_336x280_TVBS-健康2.0_HB,,知名媒體,,"1,002",495,495,100.00%,359,72.53%,136,27.47%,4.73
20260127,07,儂儂雜誌社股份有限公司(bella儂儂),2135,Bella儂儂_2024,21876,MW-300x250_文章標題上方1_Bella儂儂,,知名媒體,,112,56,56,100.00%,35,62.50%,21,37.50%,4.28
20260127,07,富盈數據股份有限公司,3680,TVBS-新聞網_HB,21899,MW_文章一_336x280_TVBS-新聞網_HB,,知名媒體,,"5,280","2,609","2,609",100.00%,"2,019",77.39%,590,22.61%,7.51
20260127,07,富盈數據股份有限公司,3680,TVBS-新聞網_HB,21900,MW_文章三_336x280_TVBS-新聞網_HB,,知名媒體,,136,68,68,100.00%,28,41.18%,40,58.82%,4.79
20260127,07,富盈數據股份有限公司,3680,TVBS-新聞網_HB,21902,MW_文章置底_320x100_TVBS-新聞網_HB,,知名媒體,,"6,362","3,141","3,141",100.00%,694,22.09%,"2,447",77.91%,8.52
20260127,07,富盈數據股份有限公司,3684,稅美人_mobile,21923,MW_置底創意(非展開)_稅美人-mobile,,,,6,3,3,100.00%,3,100.00%,0,0.00%,21.08
20260127,07,富盈數據股份有限公司,3685,玩桌遊_mobile,21924,MW_置底創意(非展開)_玩桌遊-mobile,,,,42,21,21,100.00%,13,61.90%,8,38.10%,4.34
20260127,07,富盈數據股份有限公司,2615,熱血台中,21986,CF_336x280_全網_熱血台中,,,,76,35,35,100.00%,22,62.86%,13,37.14%,2.18
20260127,07,富盈數據股份有限公司,2615,熱血台中,21987,CF_336x280_全網_熱血台中,,,,152,72,72,100.00%,41,56.94%,31,43.06%,1.98
20260127,07,富盈數據股份有限公司,3704,天天要聞,22030,CF_300 x 250 banner_天天要聞_cpc2,,,,"1,364",676,676,100.00%,490,72.49%,186,27.51%,8.42
20260127,07,富盈數據股份有限公司,3703,繁體小說,22031,CF_300 x 250 banner_繁體小說_cpc2,,,,56,28,28,100.00%,19,67.86%,9,32.14%,9.30
20260127,07,英屬蓋曼群島商家庭傳媒股份有限公司城邦分公司,701,T客邦_Mobile,2213,MW_置底創意(非展開)_T客邦,,知名媒體,,6,3,3,100.00%,3,100.00%,0,0.00%,20.00
20260127,07,富盈數據股份有限公司,3730,Teepr 亮新聞 HB,22145,MW_336x280_文中創意_Teepr亮新聞 HB,,,,6,3,3,100.00%,1,33.33%,2,66.67%,5.00
20260127,07,闇碼科技股份有限公司,3048,縮短網址產生器-reurl,22213,MW_蓋版_縮短網址產生器-reurl-2025.05(特殊供量),,知名媒體,,"1,021",27,27,100.00%,2,7.41%,25,92.59%,0.11
20260127,07,艾得基客行銷顧問股份有限公司,2689,Basketball Top5,22219,MW_置底(展開)_Basketball TOP5,,,,588,294,294,100.00%,164,55.78%,130,44.22%,8.73
20260127,07,艾得基客行銷顧問股份有限公司,2084,經濟日報,22220,MW_置底(展開)_經濟日報,,知名媒體,,"1,145",569,569,100.00%,376,66.08%,193,33.92%,12.53
20260127,07,欣發現股份有限公司,3363,大人物-mobile,22222,MW_蓋板_大人物,,知名媒體,,90,40,40,100.00%,14,35.00%,26,65.00%,3.21
20260127,07,朱光宁,3741,石頭小說3,22396,MW_置底_石頭小說3,,,,24,12,12,100.00%,10,83.33%,2,16.67%,16.10
20260127,07,朱光宁,3741,石頭小說3,22398,CF_336 x 280 banner_石頭小說3_cpc1.67,,,,"1,625",826,826,100.00%,575,69.61%,251,30.39%,5.21
20260127,07,朱光宁,3741,石頭小說3,22399,CF_320 x 480 橫幅_石頭小說3,,,,44,22,22,100.00%,8,36.36%,14,63.64%,1.22
20260127,07,艾得基客行銷顧問股份有限公司,2825,科技紫薇,22403,MW_蓋版_科技紫微,,,,18,9,9,100.00%,0,0.00%,9,100.00%,0.00
20260127,07,闇碼科技股份有限公司,3068,限時圖片-imgus,22406,MW_置底_imgus,antifroud,,,256,125,125,100.00%,91,72.80%,34,27.20%,3.01
20260127,07,第一網站股份有限公司,2783,漫畫櫃manhuagui,22443,MW_置底_manhuagui,antifroud,,,"4,425","2,168","2,168",100.00%,"1,486",68.54%,682,31.46%,8.62
20260127,07,艾得基客行銷顧問股份有限公司,2689,Basketball Top5,22498,MW_300x250 Banner_Basketball TOP5_CPM5,,,子聯播網,"1,359",677,677,100.00%,343,50.66%,334,49.34%,4.11
20260127,07,艾得基客行銷顧問股份有限公司,2578,鉅亨網,22507,MW_300x250_鉅亨網_直播用BN-1,,知名媒體,子聯播網,534,259,259,100.00%,60,23.17%,199,76.83%,3.46
20260127,07,艾得基客行銷顧問股份有限公司,3752,ＭoneyDJ,22514,MW_文中創意320x480_MoneyDJ,antifroud,知名媒體,,66,33,33,100.00%,24,72.73%,9,27.27%,13.11
20260127,07,艾得基客行銷顧問股份有限公司,2084,經濟日報,22517,MW_置底創意(非展開)_經濟日報,,知名媒體,,671,330,330,100.00%,299,90.61%,31,9.39%,29.59
20260127,07,李承翰-webptt,718,Web批踢踢(RWD),2284,MW-蓋板_文中_Web批踢踢,antifroud,,,30,8,8,100.00%,3,37.50%,5,62.50%,2.36
20260127,07,麥智維,999,動漫戲說,3543,CF-728*90-內文上方-動漫戲說,antifroud,,,69,30,30,100.00%,27,90.00%,3,10.00%,99.32
20260127,07,肖偉彬,1287,紅櫻桃小說書庫,4678,CF-內文上方-300*250-紅櫻桃小說書庫,,,,30,15,15,100.00%,8,53.33%,7,46.67%,4.71
20260127,07,肖偉彬,1287,紅櫻桃小說書庫,4717,MW_文中創意300x250_紅櫻桃小說書庫,,,,24,9,9,100.00%,7,77.78%,2,22.22%,13.21
20260127,07,肖偉彬,1347,雲台書屋,4922,CF-內文中間-728*90-雲台書屋,antifroud,,,6,2,2,100.00%,1,50.00%,1,50.00%,0.77
20260127,07,陈晋福,1367,電視超人,4997,CF-300X250-電視超人,,,,8,3,3,100.00%,0,0.00%,3,100.00%,0.00
20260127,07,精鏡傳媒股份有限公司,1060,鏡週刊,8250,MW_置底創意(非展開)_鏡週刊,,知名媒體,,6,3,3,100.00%,3,100.00%,0,0.00%,50.33
20260127,07,巧克科技新媒體股份有限公司,2127,LINE TV_Banner-exchange,8576,CF_336x280_戲劇-右側好康資訊下方_LINE TV-exchange,,知名媒體,,18,5,5,100.00%,0,0.00%,5,100.00%,0.00
20260127,07,巧克科技新媒體股份有限公司,2127,LINE TV_Banner-exchange,8577,CF_336x280_戲劇-右側好康資訊上方_LINE TV-exchange,,知名媒體,,50,22,22,100.00%,3,13.64%,19,86.36%,0.34
20260127,07,鳳梨傳媒股份有限公司,2190,民視新聞網-Exchange,8862,CF_970X90_分類新聞內頁上方_民視新聞(MCM),,知名媒體,,6,0,0,0.00%,0,0.00%,0,0.00%,0.00
20260127,08,英屬維京群島商浩美數位有限公司台灣分公司,2315,Teepr亮新聞-exchange,10012,CF_336x280Banner_Teepr亮新聞-exchange,,知名媒體,,54,23,23,100.00%,1,4.35%,22,95.65%,0.18
20260127,08,昱得資訊工作室,2528,數位書香,11080,CF_728x90_首頁上方_數位書香,antifroud,,,18,5,5,100.00%,4,80.00%,1,20.00%,5.38
20260127,08,昱得資訊工作室,2528,數位書香,11081,CF_160x600_首頁右側_數位書香,antifroud,,,324,135,135,100.00%,53,39.26%,82,60.74%,2.93
20260127,08,第一網站股份有限公司,2518,麻辣家族討論區(twbts),11082,CF-728X90-twbts,antifroud,,,"1,338",489,489,100.00%,335,68.51%,154,31.49%,4.68
20260127,08,第一網站股份有限公司,2601,Meme梗圖倉庫,11443,CF-336X280-meme,,,,108,51,51,100.00%,11,21.57%,40,78.43%,0.41
20260127,08,艾得基客行銷顧問股份有限公司,2578,鉅亨網,12070,MW_320x480_文中創意_鉅亨網,,知名媒體,,"17,606","8,701","8,701",100.00%,"6,946",79.83%,"1,755",20.17%,17.08
20260127,08,時報資訊股份有限公司,2770,中時電子報_HB,12559,CF_300x250_右側互動看版_中時電子報_HB,,知名媒體,,"1,820",872,872,100.00%,391,44.84%,481,55.16%,8.58
20260127,08,時報資訊股份有限公司,2770,中時電子報_HB,12560,CF_336x280_文中看板_中時電子報_HB,,知名媒體,,"1,697",816,816,100.00%,663,81.25%,153,18.75%,25.99
20260127,08,時報資訊股份有限公司,2770,中時電子報_HB,12561,MW_300x250_內頁TOP Banner_中時電子報_HB,antifroud,知名媒體,,"2,570","1,257","1,257",100.00%,242,19.25%,"1,015",80.75%,1.31
20260127,08,第一網站股份有限公司,2768,czbooks,12570,CF_728x90_banner_czbooks,,,,"1,223",601,601,100.00%,460,76.54%,141,23.46%,4.93
20260127,08,第一網站股份有限公司,2768,czbooks,12571,CF-300x600_Banner_czbooks,,,,238,118,118,100.00%,80,67.80%,38,32.20%,112.89
20260127,08,鳳梨傳媒股份有限公司,2190,民視新聞網-Exchange,12579,CF_300x250_右側第一塊_民視新聞網-Exchange(RWD)(MCM),,知名媒體,,"1,400",690,690,100.00%,43,6.23%,647,93.77%,1.87
20260127,08,鳳梨傳媒股份有限公司,2190,民視新聞網-Exchange,12580,CF_300x250_內文文中左側_民視新聞網-Exchange(RWD)(MCM),,知名媒體,,"1,198",586,586,100.00%,41,7.00%,545,93.00%,1.46
20260127,08,第一網站股份有限公司,2783,漫畫櫃manhuagui,12676,CF_728X90_manhuagui,antifroud,,,"16,108","7,861","7,861",100.00%,"3,247",41.31%,"4,614",58.69%,10.25
20260127,08,艾得基客行銷顧問股份有限公司,2635,工商時報,12761,MW_320x480_文中創意_工商時報new,,知名媒體,,"1,965",972,972,100.00%,739,76.03%,233,23.97%,18.58
20260127,08,第一網站股份有限公司,2801,damanwoo,12868,CF-300x250_Banner_damanwoo_大人物,,,,26,12,12,100.00%,4,33.33%,8,66.67%,9.43
20260127,08,第一網站股份有限公司,2820,星座好朋友(horofriend88),12966,MW_320x100_horofriend88,antifroud,,,150,72,72,100.00%,68,94.44%,4,5.56%,26.86
20260127,08,第一網站股份有限公司,2838,mycard,13041,MW_320x480_加倍mycard,,,,93,0,0,0.00%,0,0.00%,0,0.00%,0.00
20260127,08,大霹靂國際整合行銷股份有限公司,2883,霹靂網-Mobile,13392,MW_置底創意_霹靂網-Mobile,,知名媒體,,6,3,3,100.00%,2,66.67%,1,33.33%,5.41
20260127,08,曾憲敏,202,85小說網,13445,MW_336X280_全量1_85小說網,,,,261,130,130,100.00%,81,62.31%,49,37.69%,5.96
20260127,08,曾憲敏,202,85小說網,13446,MW_336X280_全量2_85小說網,,,,"1,616",805,805,100.00%,480,59.63%,325,40.37%,7.23
20260127,08,第一網站股份有限公司,2910,clickme,13549,CF_300x250_banner_clickme(一般),,,,495,252,252,100.00%,25,9.92%,227,90.08%,0.81
20260127,08,闇碼科技股份有限公司,2992,縮短網址產生器-reurl-exchange,13848,CF_300x250_轉址失敗_最右邊_reurl,,知名媒體,,6,2,2,100.00%,1,50.00%,1,50.00%,2.30
20260127,08,闇碼科技股份有限公司,2992,縮短網址產生器-reurl-exchange,13856,CF_300x250_轉址失敗頁第二塊_reurl,,知名媒體,,6,2,2,100.00%,1,50.00%,1,50.00%,2.30
20260127,08,第一網站股份有限公司,2768,czbooks,14036,MW_320x480_CZBOOKS,antifroud,,,157,76,76,100.00%,23,30.26%,53,69.74%,1.41
20260127,08,陳人鳳,480,飛格寵物家族_PC,1407,CF-728X90_上方通欄_飛格寵物家族,,,,18,8,8,100.00%,8,100.00%,0,0.00%,3.50
20260127,08,陳人鳳,480,飛格寵物家族_PC,1408,CF-300X250_內文_飛格寵物家族,,,,50,2,2,100.00%,2,100.00%,0,0.00%,45.50
20260127,08,飛凡傳播股份有限公司,1921,非凡新聞台-exchange,14188,MW_300x250_內文上方_非凡新聞-exchange,antifroud,知名媒體,,6,3,3,100.00%,3,100.00%,0,0.00%,134.80
20260127,08,闇碼科技股份有限公司,3048,縮短網址產生器-reurl,14210,MW_文中創意300x250_縮短網址產生器-reurl,,知名媒體,,106,27,27,100.00%,16,59.26%,11,40.74%,3.76
20260127,08,巨思文化股份有限公司,3052,經理人_HB,14238,MW_文章結束第一塊_300x250_經理人-HB,,知名媒體,,87,43,43,100.00%,2,4.65%,41,95.35%,0.14
20260127,08,巨思文化股份有限公司,3052,經理人_HB,14241,MW_300x250_內文下方_經理人-HB,,知名媒體,,87,43,43,100.00%,2,4.65%,41,95.35%,0.05
20260127,08,巨思文化股份有限公司,3053,數位時代_HB,14244,MW_300x250_文中第四塊_數位時代-HB,,知名媒體,,14,7,7,100.00%,2,28.57%,5,71.43%,0.73
20260127,08,巨思文化股份有限公司,3053,數位時代_HB,14246,MW_300x250_文章結束第一塊_數位時代-HB,,知名媒體,,44,22,22,100.00%,1,4.55%,21,95.45%,0.09
20260127,08,富盈數據股份有限公司,3059,塔科女子,14258,CF_336x280_全網_塔科女子,,知名媒體,,25,11,11,100.00%,10,90.91%,1,9.09%,5.96
20260127,08,CBROOT LTD,3003,包子漫畫-exchange,14291,MW_300x250_蓋板(PB)_包子漫畫,,,,209,104,104,100.00%,75,72.12%,29,27.88%,12.25
20260127,08,朱光宁,3149,稷下書院-exchange,14748,MW_320x100_置底(PB)_稷下書院,,,,"26,143","12,882","12,882",100.00%,373,2.90%,"12,509",97.10%,0.10
20260127,08,巨思文化股份有限公司,3053,數位時代_HB,14764,MW_置底創意_(非展開)_數位時代_HB,,知名媒體,,445,222,222,100.00%,210,94.59%,12,5.41%,27.30
20260127,08,中天電視股份有限公司,3282,中天新聞網-exchange,14980,CF_970x250_內頁_PC置頂橫幅-中天新聞網-exchange,,知名媒體,,12,4,4,100.00%,1,25.00%,3,75.00%,0.47
20260127,08,曾憲敏,3327,85小說網_創意,15227,MW-300X250_85小說網_隨身影音PB,,,,36,18,18,100.00%,13,72.22%,5,27.78%,12.37
20260127,08,曾憲敏,3327,85小說網_創意,15228,MW-創意-85小說網,,,,287,143,143,100.00%,135,94.41%,8,5.59%,74.75
20260127,08,千晶文化事業股份有限公司,3336,Beauty 美人圈,15254,MW_置底創意(非展開)_ Beauty 美人圈,,知名媒體,,"3,272","1,633","1,633",100.00%,"1,508",92.35%,125,7.65%,42.18
20260127,08,中天電視股份有限公司,3282,中天新聞網-exchange,15859,CF_336x280_內頁_PC右側互動看板B-中天新聞網-exchange,,知名媒體,,152,65,65,100.00%,20,30.77%,45,69.23%,2.56
20260127,08,CBROOT LTD,3352,西瓜卡通-exchange,15970,CF_160x600_影音內容_西瓜卡通-exchange,,,,104,38,38,100.00%,1,2.63%,37,97.37%,0.86
20260127,08,時報資訊股份有限公司,2817,旺得富,16910,CF_300x250_Billboard_1s_旺得富,,知名媒體,,6,3,3,100.00%,1,33.33%,2,66.67%,6.85
20260127,08,朱光宁,3360,提莫書屋-exchange,16957,MW_336x280banner_提莫書屋_exchange,,,,"12,934","6,412","6,412",100.00%,"4,697",73.25%,"1,715",26.75%,6.62
20260127,08,朱光宁,3361,提莫書屋-mobile,16958,MW_置底創意_提莫書屋-mobile,,,,18,9,9,100.00%,8,88.89%,1,11.11%,33.08
20260127,08,朱光宁,3361,提莫書屋-mobile,16959,MW_320x480_文中創意_提莫書屋-mobile,,,,18,9,9,100.00%,8,88.89%,1,11.11%,6.64
20260127,08,巧克科技新媒體股份有限公司,1494,LINE TV,16964,CF_336x280_影音暫停頁_LINE TV,,知名媒體,,12,1,1,100.00%,1,100.00%,0,0.00%,"1,321.94"
20260127,08,欣發現股份有限公司,3365,Hami任務牆-mobile,16969,MW_置底創意_Hami任務牆,,知名媒體,,875,413,413,100.00%,294,71.19%,119,28.81%,6.51
20260127,08,欣發現股份有限公司,3364,女子學-mobile,16972,MW_置底創意_女子學,antifroud,,,"2,406","1,082","1,082",100.00%,12,1.11%,"1,070",98.89%,0.03
20260127,08,欣發現股份有限公司,3363,大人物-mobile,16973,MW_置底創意_大人物,,知名媒體,,477,230,230,100.00%,180,78.26%,50,21.74%,9.42
20260127,08,欣發現股份有限公司,3362,妞新聞-mobile,16974,MW_置底創意_妞新聞,,知名媒體,,73,34,34,100.00%,20,58.82%,14,41.18%,8.30
20260127,08,第一網站股份有限公司,2783,漫畫櫃manhuagui,17027,MW_320x480_蓋版_漫畫櫃manhuagui,,,,360,177,177,100.00%,60,33.90%,117,66.10%,0.98
20260127,08,艾得基客行銷顧問股份有限公司,3373,良醫健康網,17092,MW_置底創意_良醫健康網,,知名媒體,,134,67,67,100.00%,57,85.07%,10,14.93%,50.95
20260127,08,詠勝科技有限公司,3385,Mobile01_HB,17175,CF_970x90_橫幅Banner_Mobile01_HB,,知名媒體,,886,389,389,100.00%,138,35.48%,251,64.52%,2.47
20260127,08,詠勝科技有限公司,3385,Mobile01_HB,17176,CF_728x90_內頁橫幅Banner_7F_Mobile01_HB,,知名媒體,,24,12,12,100.00%,11,91.67%,1,8.33%,12.75
20260127,08,詠勝科技有限公司,3385,Mobile01_HB,17178,CF_300x250_頻道頁_大看板_Mobile01_HB,,知名媒體,,50,25,25,100.00%,20,80.00%,5,20.00%,18.25
20260127,08,詠勝科技有限公司,3385,Mobile01_HB,17179,CF_300x250_熱門大看板_Mobile01_HB,,知名媒體,,6,3,3,100.00%,2,66.67%,1,33.33%,4.73
20260127,08,詠勝科技有限公司,3385,Mobile01_HB,17180,CF_300x250_置底看板左_Mobile01_HB,,知名媒體,,318,157,157,100.00%,60,38.22%,97,61.78%,1.42
20260127,08,詠勝科技有限公司,3385,Mobile01_HB,17181,CF_300x250_置底看板中_Mobile01_HB,,知名媒體,,368,182,182,100.00%,71,39.01%,111,60.99%,1.57
20260127,08,詠勝科技有限公司,3385,Mobile01_HB,17182,CF_300x250_置底看板右_Mobile01_HB,,知名媒體,,315,155,155,100.00%,58,37.42%,97,62.58%,1.34
20260127,08,詠勝科技有限公司,3385,Mobile01_HB,17183,CF_300x600_大摩天_Mobile01_HB,,知名媒體,,627,307,307,100.00%,143,46.58%,164,53.42%,15.25
20260127,08,詠勝科技有限公司,3385,Mobile01_HB,17204,MW_300x250_文中Banner(interscroller)_Mobile01_HB,,知名媒體,,36,17,17,100.00%,17,100.00%,0,0.00%,5.73
20260127,08,朱光宁,3268,稷下書院-mobile,17207,MW_320x480_蓋版_稷下書院-mobile,,,,"4,781","1,995","1,995",100.00%,703,35.24%,"1,292",64.76%,2.13
20260127,08,中華電視股份有限公司,3389,華視-mobile,17230,MW_置底創意(非展開)_華視-mobile,,知名媒體,,12,6,6,100.00%,5,83.33%,1,16.67%,6.40
20260127,08,中華電視股份有限公司,3389,華視-mobile,17232,MW_文中創意320x480_華視-mobile,,知名媒體,,12,6,6,100.00%,4,66.67%,2,33.33%,8.04
20260127,08,李立娟,3395,vivi0視頻-exchange,17293,CF_336x280_Banner_vivi01視頻-exchange,antifroud,,,"46,665","22,918","22,917",100.00%,"3,616",15.78%,"19,301",84.22%,0.38
20260127,08,李立娟,3395,vivi0視頻-exchange,17294,MW_336x280_Banner_vivi01視頻-exchange,antifroud,,,"54,924","26,977","26,976",100.00%,"10,479",38.85%,"16,497",61.15%,1.62
20260127,08,李立娟,3395,vivi0視頻-exchange,17300,MW_320x100_置底(PB)_vivi01視頻-exchange,antifroud,,,"84,710","41,642","41,640",100.00%,"28,457",68.34%,"13,183",31.66%,16.54
20260127,08,李立娟,3397,趣聞圖說-exchange,17309,MW_336x280_文中Banner_趣聞圖說-exchange,,,,18,9,9,100.00%,9,100.00%,0,0.00%,6.10
20260127,08,曾憲敏,601,85小說網_PC,1773,CF-300x250_85小說網_內文1,,,,22,11,11,100.00%,6,54.55%,5,45.45%,15.50
20260127,08,李立娟,3396,趣聞圖說-Mobile,17923,MW_置底創意(展開)_趣聞圖說-Mobile,,,,80,40,40,100.00%,25,62.50%,15,37.50%,8.31
20260127,08,第一網站股份有限公司,2768,czbooks,17927,MW_置底創意_czbook,,,,"10,502","5,210","5,210",100.00%,"3,739",71.77%,"1,471",28.23%,21.65
20260127,08,時報資訊股份有限公司_工商時報,3427,工商時報-exchange,18003,CF_300x250_互動看板2_工商時報-exchange,,知名媒體,,14,6,6,100.00%,2,33.33%,4,66.67%,15.70
20260127,08,時報資訊股份有限公司_工商時報,3427,工商時報-exchange,18007,CF_336x280_文末右側看板_工商時報-exchange,,知名媒體,,44,17,17,100.00%,4,23.53%,13,76.47%,0.53
20260127,08,時報資訊股份有限公司_工商時報,3427,工商時報-exchange,18008,CF_336x280_文末左側看板_工商時報-exchange,,知名媒體,,36,15,15,100.00%,1,6.67%,14,93.33%,0.11
20260127,08,時報資訊股份有限公司_工商時報,3427,工商時報-exchange,18014,MW_300x250_文末Banner1_工商時報-exchange,,知名媒體,,204,100,100,100.00%,9,9.00%,91,91.00%,1.07
20260127,08,時報資訊股份有限公司_工商時報,3427,工商時報-exchange,18015,MW_300x250_文末Banner2_工商時報-exchange,,知名媒體,,727,359,359,100.00%,5,1.39%,354,98.61%,0.17
20260127,08,第一網站股份有限公司,3440,fsa_passback_first,18201,CF_336x280_fsa_passback_first,,,,381,186,186,100.00%,30,16.13%,156,83.87%,0.62
20260127,08,第一網站股份有限公司,3440,fsa_passback_first,18202,CF_300x250_fsa_passback_first,,,,"1,160",547,547,100.00%,307,56.12%,240,43.88%,31.75
20260127,08,朱光宁,3268,稷下書院-mobile,18297,MW_置底創意(展開)_稷下書院-mobile,,,,236,118,118,100.00%,73,61.86%,45,38.14%,13.09
20260127,08,冰楓科技有限公司,3485,冰楓論壇-exchange,18487,CF_970x90_內文上方第一塊_冰楓論壇-exchange,,,,944,413,413,100.00%,99,23.97%,314,76.03%,3.49
20260127,08,冰楓科技有限公司,3485,冰楓論壇-exchange,18488,MW_320x100_內文上方第一塊_ 冰楓論壇-exchange,antifroud,,,72,28,28,100.00%,20,71.43%,8,28.57%,11.16
20260127,08,冰楓科技有限公司,3485,冰楓論壇-exchange,18492,MW_300x250_Banner_ 冰楓論壇-exchange,,,,358,147,147,100.00%,66,44.90%,81,55.10%,2.57
20260127,08,CBROOT LTD,3492,包子漫畫(特開流量)-exchange,18557,CF_300x600_指定流量_包子漫畫(特開流量PB)-exchange,,,,98,42,42,100.00%,16,38.10%,26,61.90%,24.83
20260127,08,CBROOT LTD,3510,包子漫畫_twmanga-exchange,18737,CF_970x90_Banner_ 包子漫畫_twmanga-exchange,,,,81,40,40,100.00%,15,37.50%,25,62.50%,2.55
20260127,08,舒禾驊,3535,荷花動漫筆記,18887,CF_336x280_文章頁文中_荷花動漫筆記,,,,8,4,4,100.00%,3,75.00%,1,25.00%,4.77
20260127,08,台灣英文新聞股份有限公司,3537,台灣英文新聞(new)-exchange,18924,CF_300x250_內容頁_右側看版_1_台灣英文新聞(new)-exchange,,知名媒體,,12,6,6,100.00%,1,16.67%,5,83.33%,0.56
20260127,08,艾得基客行銷顧問股份有限公司,3552,玩具人,19044,MW_320x480_文中創意_玩具人,,知名媒體,,18,9,9,100.00%,3,33.33%,6,66.67%,4.13
20260127,08,第一網站股份有限公司,2783,漫畫櫃manhuagui,20685,MW_300X250_manhuagui,antifroud,,,"2,875","1,408","1,408",100.00%,620,44.03%,788,55.97%,11.34
20260127,08,德榕企業有限公司,3578,TW Bodhi_mobile,20707,MW_置底創意_TW Bodhi,,,,38,19,19,100.00%,0,0.00%,19,100.00%,0.00
20260127,08,德榕企業有限公司,3578,TW Bodhi_mobile,20708,MW_蓋板_TW Bodhi,,,,240,119,118,99.16%,0,0.00%,118,100.00%,0.00
20260127,08,德榕企業有限公司,3578,TW Bodhi_mobile,20719,MW_文中創意300x250_TW Bodhi,,,,6,3,3,100.00%,0,0.00%,3,100.00%,0.00
20260127,08,德榕企業有限公司,3581,忘憂書屋,20727,CF_336x280文章頁(RWD)_忘憂書屋,,,,36,18,18,100.00%,0,0.00%,18,100.00%,0.00
20260127,08,德榕企業有限公司,3582,忘憂書屋_mobile,20728,MW_文中創意300x250_忘憂書屋,,,,174,66,66,100.00%,0,0.00%,66,100.00%,0.00
20260127,08,德榕企業有限公司,3582,忘憂書屋_mobile,20729,MW_蓋板_忘憂書屋,,,,42,21,21,100.00%,0,0.00%,21,100.00%,0.00
20260127,08,德榕企業有限公司,3582,忘憂書屋_mobile,20730,MW_置底創意_忘憂書屋,,,,38,19,19,100.00%,0,0.00%,19,100.00%,0.00
20260127,08,第一網站股份有限公司,2916,KiKiNote,20731,CF_300x250_banner_kikinote (PB),,知名媒體,,28,10,10,100.00%,2,20.00%,8,80.00%,0.20
20260127,08,艾得基客行銷顧問股份有限公司,3490,太報,21317,MW_蓋版_太報,,知名媒體,,12,6,6,100.00%,3,50.00%,3,50.00%,18.45
20260127,08,艾得基客行銷顧問股份有限公司,3609,商妮吃喝遊樂,21319,MW_320x480_文中創意_商妮吃喝遊樂,,,,6,3,3,100.00%,3,100.00%,0,0.00%,3.67
20260127,08,第一網站股份有限公司,2768,czbooks,21412,(子)CF_970x250_banner_czbooks(限時段)-PB,,,子聯播網,"1,283",634,634,100.00%,223,35.17%,411,64.83%,10.51
20260127,08,第一網站股份有限公司,3440,fsa_passback_first,21699,CF_336x280_fsa_passback_first,,,,864,425,425,100.00%,50,11.76%,375,88.24%,0.48
20260127,08,富盈數據股份有限公司,3653,TVBS-女人我最大_HB,21760,MW_文章三_336x280_TVBS-女人我最大_HB,,知名媒體,,12,6,6,100.00%,4,66.67%,2,33.33%,22.83
20260127,08,富盈數據股份有限公司,3653,TVBS-女人我最大_HB,21761,MW_文章四_336x280_TVBS-女人我最大_HB,,知名媒體,,901,450,450,100.00%,278,61.78%,172,38.22%,3.46
20260127,08,富盈數據股份有限公司,3653,TVBS-女人我最大_HB,21762,MW_文章置底_320x100_TVBS-女人我最大_HB,,知名媒體,,174,87,87,100.00%,83,95.40%,4,4.60%,41.59
20260127,08,富盈數據股份有限公司,3653,TVBS-女人我最大_HB,21763,MW_文中創意320x480_TVBS-女人我最大_HB,,知名媒體,,813,395,395,100.00%,294,74.43%,101,25.57%,22.09
20260127,08,富盈數據股份有限公司,3654,TVBS-健康2.0_HB,21765,MW_文章三_336x280_TVBS-健康2.0_HB,,知名媒體,,258,129,129,100.00%,83,64.34%,46,35.66%,2.91
20260127,08,富盈數據股份有限公司,3654,TVBS-健康2.0_HB,21767,MW_文章置底_320x100_TVBS-健康2.0_HB,,知名媒體,,12,6,6,100.00%,6,100.00%,0,0.00%,38.50
20260127,08,富盈數據股份有限公司,3654,TVBS-健康2.0_HB,21768,MW_文中創意320x480_TVBS-健康2.0_HB,,知名媒體,,"4,913","2,294","2,294",100.00%,"1,664",72.54%,630,27.46%,27.90
20260127,08,富盈數據股份有限公司,3655,TVBS-食尚玩家_HB,21770,MW_文章三_336x280_TVBS-食尚玩家_HB,,知名媒體,,363,176,176,100.00%,113,64.20%,63,35.80%,3.13
20260127,08,富盈數據股份有限公司,3655,TVBS-食尚玩家_HB,21771,MW_文章四_336x280_TVBS-食尚玩家_HB,,知名媒體,,18,8,8,100.00%,5,62.50%,3,37.50%,2.43
20260127,08,富盈數據股份有限公司,3655,TVBS-食尚玩家_HB,21773,MW_文中創意320x480_TVBS-食尚玩家_HB,,知名媒體,,117,58,58,100.00%,38,65.52%,20,34.48%,16.57
20260127,08,富盈數據股份有限公司,3654,TVBS-健康2.0_HB,21812,MW_文章一_336x280_TVBS-健康2.0_HB,,知名媒體,,"1,079",533,533,100.00%,375,70.36%,158,29.64%,3.56
20260127,08,儂儂雜誌社股份有限公司(bella儂儂),2135,Bella儂儂_2024,21876,MW-300x250_文章標題上方1_Bella儂儂,,知名媒體,,112,46,46,100.00%,24,52.17%,22,47.83%,4.07
20260127,08,富盈數據股份有限公司,3680,TVBS-新聞網_HB,21899,MW_文章一_336x280_TVBS-新聞網_HB,,知名媒體,,"5,830","2,893","2,893",100.00%,"2,243",77.53%,650,22.47%,7.99
20260127,08,富盈數據股份有限公司,3680,TVBS-新聞網_HB,21900,MW_文章三_336x280_TVBS-新聞網_HB,,知名媒體,,805,402,402,100.00%,253,62.94%,149,37.06%,5.32
20260127,08,富盈數據股份有限公司,3680,TVBS-新聞網_HB,21902,MW_文章置底_320x100_TVBS-新聞網_HB,,知名媒體,,"5,630","2,795","2,795",100.00%,713,25.51%,"2,082",74.49%,10.93
20260127,08,聯合線上股份有限公司,3679,噓新聞,21903,PC_300x250_首頁及內文頁_噓新聞,,知名媒體,,12,6,6,100.00%,1,16.67%,5,83.33%,0.17
20260127,08,富盈數據股份有限公司,3683,書中字有黃金屋_mobile,21922,MW_置底創意(非展開)_書中字有黃金屋-mobile,,,,12,6,6,100.00%,2,33.33%,4,66.67%,15.16
20260127,08,富盈數據股份有限公司,3684,稅美人_mobile,21923,MW_置底創意(非展開)_稅美人-mobile,,,,6,3,3,100.00%,3,100.00%,0,0.00%,19.05
20260127,08,富盈數據股份有限公司,3685,玩桌遊_mobile,21924,MW_置底創意(非展開)_玩桌遊-mobile,,,,30,15,15,100.00%,12,80.00%,3,20.00%,26.98
20260127,08,富盈數據股份有限公司,2615,熱血台中,21986,CF_336x280_全網_熱血台中,,,,174,87,87,100.00%,56,64.37%,31,35.63%,3.44
20260127,08,富盈數據股份有限公司,2615,熱血台中,21987,CF_336x280_全網_熱血台中,,,,174,86,86,100.00%,61,70.93%,25,29.07%,4.21
20260127,08,富盈數據股份有限公司,3703,繁體小說,22022,MW_置底創意(非展開)_繁體小說-mobile,,,,6,3,3,100.00%,2,66.67%,1,33.33%,31.67
20260127,08,富盈數據股份有限公司,3704,天天要聞,22030,CF_300 x 250 banner_天天要聞_cpc2,,,,"1,511",746,746,100.00%,565,75.74%,181,24.26%,9.70
20260127,08,富盈數據股份有限公司,3703,繁體小說,22031,CF_300 x 250 banner_繁體小說_cpc2,,,,239,121,121,100.00%,90,74.38%,31,25.62%,7.58
20260127,08,冠妍動力科技有限公司,484,小老婆汽機車資訊網,22058,MW_文中創意320x480_小老婆汽機車資訊網-測試,,知名媒體,,6,3,3,100.00%,1,33.33%,2,66.67%,30.06
20260127,08,艾得基客行銷顧問股份有限公司,3719,遠見雜誌,22105,MW_蓋板_遠見_遠見雜誌,,知名媒體,,94,47,47,100.00%,14,29.79%,33,70.21%,1.89
20260127,08,富盈數據股份有限公司,3680,TVBS-新聞網_HB,22131,CF_文中300x250_TVBS-新聞網_HB_1,,知名媒體,,12,5,5,100.00%,3,60.00%,2,40.00%,2.42
20260127,08,富盈數據股份有限公司,3680,TVBS-新聞網_HB,22132,CF_文中300x250_TVBS-新聞網_HB_2,,知名媒體,,18,9,9,100.00%,5,55.56%,4,44.44%,1.30
20260127,08,富盈數據股份有限公司,3680,TVBS-新聞網_HB,22133,CF_文中300x250_TVBS-新聞網_HB_3,,知名媒體,,45,20,20,100.00%,17,85.00%,3,15.00%,19.62
20260127,08,闇碼科技股份有限公司,3048,縮短網址產生器-reurl,22213,MW_蓋版_縮短網址產生器-reurl-2025.05(特殊供量),,知名媒體,,79,16,16,100.00%,4,25.00%,12,75.00%,1.41
20260127,08,艾得基客行銷顧問股份有限公司,2689,Basketball Top5,22219,MW_置底(展開)_Basketball TOP5,,,,388,193,193,100.00%,126,65.28%,67,34.72%,10.81
20260127,08,艾得基客行銷顧問股份有限公司,2084,經濟日報,22220,MW_置底(展開)_經濟日報,,知名媒體,,"1,188",590,590,100.00%,532,90.17%,58,9.83%,21.00
20260127,08,欣發現股份有限公司,3362,妞新聞-mobile,22221,MW_蓋板_妞新聞,,知名媒體,,6,3,3,100.00%,3,100.00%,0,0.00%,14.94
20260127,08,欣發現股份有限公司,3363,大人物-mobile,22222,MW_蓋板_大人物,,知名媒體,,450,196,196,100.00%,68,34.69%,128,65.31%,3.85
20260127,08,朱光宁,3741,石頭小說3,22396,MW_置底_石頭小說3,,,,74,37,37,100.00%,34,91.89%,3,8.11%,21.24
20260127,08,朱光宁,3741,石頭小說3,22398,CF_336 x 280 banner_石頭小說3_cpc1.67,,,,"1,527",760,760,100.00%,491,64.61%,269,35.39%,6.08
20260127,08,朱光宁,3741,石頭小說3,22399,CF_320 x 480 橫幅_石頭小說3,,,,66,33,33,100.00%,18,54.55%,15,45.45%,2.22
20260127,08,闇碼科技股份有限公司,3068,限時圖片-imgus,22406,MW_置底_imgus,antifroud,,,137,68,68,100.00%,43,63.24%,25,36.76%,2.45
20260127,08,第一網站股份有限公司,2783,漫畫櫃manhuagui,22443,MW_置底_manhuagui,antifroud,,,"8,516","4,131","4,131",100.00%,"3,173",76.81%,958,23.19%,10.95
20260127,08,艾得基客行銷顧問股份有限公司,3490,太報,22495,MW_300x250 BANNER_太報_CPM5,,知名媒體,子聯播網,12,6,6,100.00%,2,33.33%,4,66.67%,7.50
20260127,08,艾得基客行銷顧問股份有限公司,2689,Basketball Top5,22498,MW_300x250 Banner_Basketball TOP5_CPM5,,,子聯播網,854,424,424,100.00%,202,47.64%,222,52.36%,5.87
20260127,08,艾得基客行銷顧問股份有限公司,2578,鉅亨網,22507,MW_300x250_鉅亨網_直播用BN-1,,知名媒體,子聯播網,"1,222",569,568,99.82%,137,24.12%,431,75.88%,5.33
20260127,08,艾得基客行銷顧問股份有限公司,3752,ＭoneyDJ,22514,MW_文中創意320x480_MoneyDJ,antifroud,知名媒體,,60,30,30,100.00%,23,76.67%,7,23.33%,18.41
20260127,08,艾得基客行銷顧問股份有限公司,2084,經濟日報,22517,MW_置底創意(非展開)_經濟日報,,知名媒體,,"5,216","2,575","2,575",100.00%,"2,305",89.51%,270,10.49%,25.24
20260127,08,艾得基客行銷顧問股份有限公司,3373,良醫健康網,22732,MW_300x250_良醫健康網,,知名媒體,,12,6,6,100.00%,0,0.00%,6,100.00%,0.00
20260127,08,李承翰-webptt,718,Web批踢踢(RWD),2284,MW-蓋板_文中_Web批踢踢,antifroud,,,12,4,4,100.00%,2,50.00%,2,50.00%,4.30
20260127,08,麥智維,999,動漫戲說,3543,CF-728*90-內文上方-動漫戲說,antifroud,,,357,140,140,100.00%,108,77.14%,32,22.86%,48.22
20260127,08,肖偉彬,1287,紅櫻桃小說書庫,4678,CF-內文上方-300*250-紅櫻桃小說書庫,,,,20,10,10,100.00%,7,70.00%,3,30.00%,5.44
20260127,08,肖偉彬,1287,紅櫻桃小說書庫,4717,MW_文中創意300x250_紅櫻桃小說書庫,,,,26,9,9,100.00%,3,33.33%,6,66.67%,3.08
20260127,08,技達創意資訊有限公司,1299,泰好網,4733,CF-300*250-內文下方-泰好網,,,,6,2,2,100.00%,0,0.00%,2,100.00%,0.00
20260127,08,技達創意資訊有限公司,1299,泰好網,4734,MW-320*100-首頁、內文上方-泰好網,,,,12,4,4,100.00%,2,50.00%,2,50.00%,5.00
20260127,08,陈晋福,1367,電視超人,4997,CF-300X250-電視超人,,,,12,6,6,100.00%,6,100.00%,0,0.00%,60.16
20260127,08,麥智維,999,動漫戲說,6069,CF-300*250-首頁-動漫戲說,,,,61,22,22,100.00%,12,54.55%,10,45.45%,2.34
20260127,08,精鏡傳媒股份有限公司,1060,鏡週刊,8250,MW_置底創意(非展開)_鏡週刊,,知名媒體,,42,21,21,100.00%,21,100.00%,0,0.00%,37.35
20260127,08,布林遊國際有限公司,1692,Bring You,8393,CF-300X250-上方通欄右側_BringYou,,知名媒體,,6,3,3,100.00%,0,0.00%,3,100.00%,0.05
20260127,08,巧克科技新媒體股份有限公司,2127,LINE TV_Banner-exchange,8576,CF_336x280_戲劇-右側好康資訊下方_LINE TV-exchange,,知名媒體,,74,37,37,100.00%,0,0.00%,37,100.00%,0.00
20260127,08,巧克科技新媒體股份有限公司,2127,LINE TV_Banner-exchange,8577,CF_336x280_戲劇-右側好康資訊上方_LINE TV-exchange,,知名媒體,,162,80,80,100.00%,5,6.25%,75,93.75%,0.18
20260127,09,英屬維京群島商浩美數位有限公司台灣分公司,2315,Teepr亮新聞-exchange,10012,CF_336x280Banner_Teepr亮新聞-exchange,,知名媒體,,142,67,67,100.00%,2,2.99%,65,97.01%,0.22
20260127,09,昱得資訊工作室,2528,數位書香,11080,CF_728x90_首頁上方_數位書香,antifroud,,,12,6,6,100.00%,4,66.67%,2,33.33%,6.92
20260127,09,昱得資訊工作室,2528,數位書香,11081,CF_160x600_首頁右側_數位書香,antifroud,,,245,107,107,100.00%,37,34.58%,70,65.42%,2.33
20260127,09,第一網站股份有限公司,2518,麻辣家族討論區(twbts),11082,CF-728X90-twbts,antifroud,,,"1,237",478,478,100.00%,324,67.78%,154,32.22%,4.76
20260127,09,第一網站股份有限公司,2492,ttshow,11273,MW-300X250-ttshow,,知名媒體,,12,6,6,100.00%,2,33.33%,4,66.67%,0.57
20260127,09,第一網站股份有限公司,2601,Meme梗圖倉庫,11443,CF-336X280-meme,,,,493,229,229,100.00%,47,20.52%,182,79.48%,1.40
20260127,09,艾得基客行銷顧問股份有限公司,2578,鉅亨網,12070,MW_320x480_文中創意_鉅亨網,,知名媒體,,"11,220","5,495","5,495",100.00%,"4,318",78.58%,"1,177",21.42%,16.30
20260127,09,時報資訊股份有限公司,2770,中時電子報_HB,12559,CF_300x250_右側互動看版_中時電子報_HB,,知名媒體,,"2,281","1,101","1,101",100.00%,450,40.87%,651,59.13%,6.39
20260127,09,時報資訊股份有限公司,2770,中時電子報_HB,12560,CF_336x280_文中看板_中時電子報_HB,,知名媒體,,"2,158","1,039","1,039",100.00%,785,75.55%,254,24.45%,25.03
20260127,09,時報資訊股份有限公司,2770,中時電子報_HB,12561,MW_300x250_內頁TOP Banner_中時電子報_HB,antifroud,知名媒體,,"2,222","1,078","1,078",100.00%,184,17.07%,894,82.93%,1.19
20260127,09,第一網站股份有限公司,2768,czbooks,12570,CF_728x90_banner_czbooks,,,,"2,096","1,029","1,029",100.00%,781,75.90%,248,24.10%,5.48
20260127,09,第一網站股份有限公司,2768,czbooks,12571,CF-300x600_Banner_czbooks,,,,"1,199",594,594,100.00%,402,67.68%,192,32.32%,103.79
20260127,09,鳳梨傳媒股份有限公司,2190,民視新聞網-Exchange,12579,CF_300x250_右側第一塊_民視新聞網-Exchange(RWD)(MCM),,知名媒體,,"1,244",614,614,100.00%,50,8.14%,564,91.86%,2.54
20260127,09,鳳梨傳媒股份有限公司,2190,民視新聞網-Exchange,12580,CF_300x250_內文文中左側_民視新聞網-Exchange(RWD)(MCM),,知名媒體,,"1,065",519,519,100.00%,47,9.06%,472,90.94%,2.11
20260127,09,第一網站股份有限公司,2783,漫畫櫃manhuagui,12676,CF_728X90_manhuagui,antifroud,,,"22,654","11,066","11,066",100.00%,"4,788",43.27%,"6,278",56.73%,8.99
20260127,09,艾得基客行銷顧問股份有限公司,2635,工商時報,12761,MW_320x480_文中創意_工商時報new,,知名媒體,,106,53,53,100.00%,42,79.25%,11,20.75%,19.36
20260127,09,第一網站股份有限公司,2801,damanwoo,12868,CF-300x250_Banner_damanwoo_大人物,,,,57,26,26,100.00%,7,26.92%,19,73.08%,3.73
20260127,09,第一網站股份有限公司,2820,星座好朋友(horofriend88),12966,MW_320x100_horofriend88,antifroud,,,74,37,37,100.00%,35,94.59%,2,5.41%,24.62
20260127,09,第一網站股份有限公司,2836,vivi01,13032,MW_置底創意_vivi01 ViVi視頻,,,,12,6,6,100.00%,6,100.00%,0,0.00%,35.53
20260127,09,第一網站股份有限公司,2838,mycard,13041,MW_320x480_加倍mycard,,,,602,0,0,0.00%,0,0.00%,0,0.00%,0.00
20260127,09,和運租車股份有限公司,2878,abc好車網,13368,CF_970x90_物件頁下方_abc好車網,,知名媒體,,6,3,3,100.00%,0,0.00%,3,100.00%,0.00
20260127,09,曾憲敏,202,85小說網,13445,MW_336X280_全量1_85小說網,,,,190,95,95,100.00%,56,58.95%,39,41.05%,6.80
20260127,09,曾憲敏,202,85小說網,13446,MW_336X280_全量2_85小說網,,,,"1,624",810,810,100.00%,488,60.25%,322,39.75%,7.36
20260127,09,第一網站股份有限公司,2910,clickme,13549,CF_300x250_banner_clickme(一般),,,,661,347,347,100.00%,37,10.66%,310,89.34%,0.33
20260127,09,闇碼科技股份有限公司,2992,縮短網址產生器-reurl-exchange,13847,CF_970x90_轉址失敗_下方第一排 _reurl,,知名媒體,,6,3,3,100.00%,3,100.00%,0,0.00%,5.41
20260127,09,闇碼科技股份有限公司,2992,縮短網址產生器-reurl-exchange,13848,CF_300x250_轉址失敗_最右邊_reurl,,知名媒體,,24,12,12,100.00%,7,58.33%,5,41.67%,3.50
20260127,09,闇碼科技股份有限公司,2992,縮短網址產生器-reurl-exchange,13856,CF_300x250_轉址失敗頁第二塊_reurl,,知名媒體,,18,9,9,100.00%,7,77.78%,2,22.22%,4.87
20260127,09,闇碼科技股份有限公司,2992,縮短網址產生器-reurl-exchange,13861,CF_300x250_網址下方右側(PB)_reurl,,知名媒體,,6,3,3,100.00%,3,100.00%,0,0.00%,40.33
20260127,09,第一網站股份有限公司,2768,czbooks,14036,MW_320x480_CZBOOKS,antifroud,,,100,50,50,100.00%,12,24.00%,38,76.00%,0.99
20260127,09,陳人鳳,480,飛格寵物家族_PC,1407,CF-728X90_上方通欄_飛格寵物家族,,,,24,5,5,100.00%,3,60.00%,2,40.00%,6.31
20260127,09,陳人鳳,480,飛格寵物家族_PC,1408,CF-300X250_內文_飛格寵物家族,,,,157,5,5,100.00%,5,100.00%,0,0.00%,38.87
20260127,09,飛凡傳播股份有限公司,1921,非凡新聞台-exchange,14188,MW_300x250_內文上方_非凡新聞-exchange,antifroud,知名媒體,,94,10,10,100.00%,6,60.00%,4,40.00%,26.62
20260127,09,飛凡傳播股份有限公司,1921,非凡新聞台-exchange,14189,CF_300x600_右側下方_非凡新聞-exchange,antifroud,知名媒體,,12,0,0,0.00%,0,0.00%,0,0.00%,0.00
20260127,09,闇碼科技股份有限公司,3048,縮短網址產生器-reurl,14210,MW_文中創意300x250_縮短網址產生器-reurl,,知名媒體,,"1,138",100,99,99.00%,64,64.65%,35,35.35%,5.08
20260127,09,巨思文化股份有限公司,3052,經理人_HB,14238,MW_文章結束第一塊_300x250_經理人-HB,,知名媒體,,68,34,34,100.00%,3,8.82%,31,91.18%,0.32
20260127,09,巨思文化股份有限公司,3052,經理人_HB,14239,CF_300x250_內文下方右側_經理人-HB,,知名媒體,,48,24,24,100.00%,4,16.67%,20,83.33%,1.09
20260127,09,巨思文化股份有限公司,3052,經理人_HB,14240,CF_300x250_內文下方左側_經理人-HB,,知名媒體,,54,27,27,100.00%,3,11.11%,24,88.89%,0.80
20260127,09,巨思文化股份有限公司,3052,經理人_HB,14241,MW_300x250_內文下方_經理人-HB,,知名媒體,,70,35,35,100.00%,3,8.57%,32,91.43%,1.34
20260127,09,巨思文化股份有限公司,3053,數位時代_HB,14242,CF_300x250_內文下方左側_數位時代-HB,,知名媒體,,118,60,60,100.00%,4,6.67%,56,93.33%,0.18
20260127,09,巨思文化股份有限公司,3053,數位時代_HB,14243,CF_300x250_內文下方右側_數位時代-HB,,知名媒體,,130,65,65,100.00%,5,7.69%,60,92.31%,0.24
20260127,09,巨思文化股份有限公司,3053,數位時代_HB,14246,MW_300x250_文章結束第一塊_數位時代-HB,,知名媒體,,24,12,12,100.00%,0,0.00%,12,100.00%,0.02
20260127,09,富盈數據股份有限公司,3059,塔科女子,14258,CF_336x280_全網_塔科女子,,知名媒體,,104,53,53,100.00%,29,54.72%,24,45.28%,6.84
20260127,09,CBROOT LTD,3003,包子漫畫-exchange,14291,MW_300x250_蓋板(PB)_包子漫畫,,,,254,124,124,100.00%,75,60.48%,49,39.52%,10.78
20260127,09,朱光宁,3268,稷下書院-mobile,14737,MW_置底創意(非展開)_稷下書院-mobile,,,,12,6,6,100.00%,6,100.00%,0,0.00%,6.10
20260127,09,朱光宁,3149,稷下書院-exchange,14748,MW_320x100_置底(PB)_稷下書院,,,,"20,918","10,296","10,296",100.00%,291,2.83%,"10,005",97.17%,0.09
20260127,09,巨思文化股份有限公司,3053,數位時代_HB,14764,MW_置底創意_(非展開)_數位時代_HB,,知名媒體,,182,90,90,100.00%,83,92.22%,7,7.78%,23.26
20260127,09,中天電視股份有限公司,3282,中天新聞網-exchange,14980,CF_970x250_內頁_PC置頂橫幅-中天新聞網-exchange,,知名媒體,,24,10,10,100.00%,3,30.00%,7,70.00%,1.45
20260127,09,黃俊德,3298,Disp BBS_2023_Exchange,15013,CF_300x250_Disp BBS_2023_Exchange,,知名媒體,,6,0,0,0.00%,0,0.00%,0,0.00%,0.00
20260127,09,今健康新媒體有限公司,3326,今健康-Mobile,15217,MW_置底創意(非展開)-今健康-Mobile,,知名媒體,,6,0,0,0.00%,0,0.00%,0,0.00%,0.00
20260127,09,曾憲敏,3327,85小說網_創意,15227,MW-300X250_85小說網_隨身影音PB,,,,12,6,6,100.00%,5,83.33%,1,16.67%,8.21
20260127,09,曾憲敏,3327,85小說網_創意,15228,MW-創意-85小說網,,,,330,165,165,100.00%,153,92.73%,12,7.27%,64.90
20260127,09,千晶文化事業股份有限公司,3336,Beauty 美人圈,15254,MW_置底創意(非展開)_ Beauty 美人圈,,知名媒體,,"2,374","1,179","1,179",100.00%,"1,091",92.54%,88,7.46%,39.30
20260127,09,中天電視股份有限公司,3282,中天新聞網-exchange,15859,CF_336x280_內頁_PC右側互動看板B-中天新聞網-exchange,,知名媒體,,134,52,52,100.00%,23,44.23%,29,55.77%,3.41
20260127,09,CBROOT LTD,3352,西瓜卡通-exchange,15969,CF_728x90_影音內容_西瓜卡通-exchange,,,,6,3,3,100.00%,0,0.00%,3,100.00%,0.00
20260127,09,CBROOT LTD,3352,西瓜卡通-exchange,15970,CF_160x600_影音內容_西瓜卡通-exchange,,,,152,58,58,100.00%,13,22.41%,45,77.59%,7.50
20260127,09,時報資訊股份有限公司,2817,旺得富,16908,CF_970x250_MiddleBanner_旺得富,,知名媒體,,25,12,12,100.00%,1,8.33%,11,91.67%,0.11
20260127,09,時報資訊股份有限公司,2817,旺得富,16910,CF_300x250_Billboard_1s_旺得富,,知名媒體,,30,15,15,100.00%,4,26.67%,11,73.33%,4.62
20260127,09,時報資訊股份有限公司,2817,旺得富,16911,CF_300x250_Billboard_2nd_旺得富,,知名媒體,,12,6,6,100.00%,3,50.00%,3,50.00%,2.96
20260127,09,朱光宁,3360,提莫書屋-exchange,16957,MW_336x280banner_提莫書屋_exchange,,,,"13,172","6,521","6,521",100.00%,"4,957",76.02%,"1,564",23.98%,6.32
20260127,09,朱光宁,3361,提莫書屋-mobile,16958,MW_置底創意_提莫書屋-mobile,,,,30,15,15,100.00%,12,80.00%,3,20.00%,22.18
20260127,09,朱光宁,3361,提莫書屋-mobile,16959,MW_320x480_文中創意_提莫書屋-mobile,,,,48,24,24,100.00%,20,83.33%,4,16.67%,13.40
20260127,09,欣發現股份有限公司,3365,Hami任務牆-mobile,16969,MW_置底創意_Hami任務牆,,知名媒體,,823,373,373,100.00%,249,66.76%,124,33.24%,6.64
20260127,09,欣發現股份有限公司,3364,女子學-mobile,16972,MW_置底創意_女子學,antifroud,,,"2,145","1,036","1,036",100.00%,3,0.29%,"1,033",99.71%,0.09
20260127,09,欣發現股份有限公司,3363,大人物-mobile,16973,MW_置底創意_大人物,,知名媒體,,180,86,86,100.00%,51,59.30%,35,40.70%,8.33
20260127,09,欣發現股份有限公司,3362,妞新聞-mobile,16974,MW_置底創意_妞新聞,,知名媒體,,18,8,8,100.00%,3,37.50%,5,62.50%,2.75
20260127,09,第一網站股份有限公司,2783,漫畫櫃manhuagui,17027,MW_320x480_蓋版_漫畫櫃manhuagui,,,,503,246,246,100.00%,89,36.18%,157,63.82%,2.12
20260127,09,艾得基客行銷顧問股份有限公司,3373,良醫健康網,17092,MW_置底創意_良醫健康網,,知名媒體,,36,18,18,100.00%,16,88.89%,2,11.11%,19.50
20260127,09,詠勝科技有限公司,3385,Mobile01_HB,17173,CF_970x250_超級橫幅_Mobile01_HB,,知名媒體,,6,3,3,100.00%,3,100.00%,0,0.00%,5.89
20260127,09,詠勝科技有限公司,3385,Mobile01_HB,17174,CF_970x250_超級橫幅_置底_Mobile01_HB,,知名媒體,,24,12,12,100.00%,0,0.00%,12,100.00%,0.00
20260127,09,詠勝科技有限公司,3385,Mobile01_HB,17175,CF_970x90_橫幅Banner_Mobile01_HB,,知名媒體,,"1,932",882,882,100.00%,277,31.41%,605,68.59%,3.67
20260127,09,詠勝科技有限公司,3385,Mobile01_HB,17176,CF_728x90_內頁橫幅Banner_7F_Mobile01_HB,,知名媒體,,142,68,68,100.00%,51,75.00%,17,25.00%,5.18
20260127,09,詠勝科技有限公司,3385,Mobile01_HB,17178,CF_300x250_頻道頁_大看板_Mobile01_HB,,知名媒體,,117,56,56,100.00%,29,51.79%,27,48.21%,4.95
20260127,09,詠勝科技有限公司,3385,Mobile01_HB,17179,CF_300x250_熱門大看板_Mobile01_HB,,知名媒體,,"2,273","1,039","1,039",100.00%,551,53.03%,488,46.97%,7.31
20260127,09,詠勝科技有限公司,3385,Mobile01_HB,17180,CF_300x250_置底看板左_Mobile01_HB,,知名媒體,,800,391,391,100.00%,147,37.60%,244,62.40%,1.63
20260127,09,詠勝科技有限公司,3385,Mobile01_HB,17181,CF_300x250_置底看板中_Mobile01_HB,,知名媒體,,786,384,384,100.00%,144,37.50%,240,62.50%,1.66
20260127,09,詠勝科技有限公司,3385,Mobile01_HB,17182,CF_300x250_置底看板右_Mobile01_HB,,知名媒體,,16,5,5,100.00%,1,20.00%,4,80.00%,0.28
20260127,09,詠勝科技有限公司,3385,Mobile01_HB,17183,CF_300x600_大摩天_Mobile01_HB,,知名媒體,,"1,259",605,605,100.00%,283,46.78%,322,53.22%,14.65
20260127,09,詠勝科技有限公司,3385,Mobile01_HB,17184,CF_970x90_特殊banner_Mobile01_HB,,知名媒體,,8,2,2,100.00%,1,50.00%,1,50.00%,0.91
20260127,09,詠勝科技有限公司,3385,Mobile01_HB,17185,CF_300x250_特殊看板右上_Mobile01_HB,,知名媒體,,8,2,2,100.00%,1,50.00%,1,50.00%,1.36
20260127,09,詠勝科技有限公司,3385,Mobile01_HB,17192,CF_300x250_特殊置底看板左_Mobile01_HB,,知名媒體,,10,2,2,100.00%,1,50.00%,1,50.00%,4.20
20260127,09,詠勝科技有限公司,3385,Mobile01_HB,17193,CF_300x250_特殊置底看板中_Mobile01_HB,,知名媒體,,10,2,2,100.00%,1,50.00%,1,50.00%,4.00
20260127,09,詠勝科技有限公司,3385,Mobile01_HB,17195,CF_300x600_特殊大摩天_Mobile01_HB,,知名媒體,,10,2,2,100.00%,1,50.00%,1,50.00%,28.42
20260127,09,詠勝科技有限公司,3385,Mobile01_HB,17196,CF_160x600_門神_right_Mobile01_HB,,知名媒體,,208,102,102,100.00%,53,51.96%,49,48.04%,6.53
20260127,09,詠勝科技有限公司,3385,Mobile01_HB,17197,CF_160x600_門神_left_Mobile01_HB,,知名媒體,,208,102,102,100.00%,56,54.90%,46,45.10%,7.59
20260127,09,朱光宁,3268,稷下書院-mobile,17207,MW_320x480_蓋版_稷下書院-mobile,,,,"3,955","1,643","1,643",100.00%,486,29.58%,"1,157",70.42%,2.40
20260127,09,李立娟,3395,vivi0視頻-exchange,17293,CF_336x280_Banner_vivi01視頻-exchange,antifroud,,,"38,334","18,814","18,814",100.00%,"2,915",15.49%,"15,899",84.51%,0.43
20260127,09,李立娟,3395,vivi0視頻-exchange,17294,MW_336x280_Banner_vivi01視頻-exchange,antifroud,,,"46,529","22,821","22,821",100.00%,"8,867",38.85%,"13,954",61.15%,1.59
20260127,09,李立娟,3395,vivi0視頻-exchange,17300,MW_320x100_置底(PB)_vivi01視頻-exchange,antifroud,,,"70,998","34,889","34,889",100.00%,"23,602",67.65%,"11,287",32.35%,16.40
20260127,09,李立娟,3397,趣聞圖說-exchange,17309,MW_336x280_文中Banner_趣聞圖說-exchange,,,,12,6,6,100.00%,5,83.33%,1,16.67%,3.83
20260127,09,李立娟,3396,趣聞圖說-Mobile,17923,MW_置底創意(展開)_趣聞圖說-Mobile,,,,40,19,19,100.00%,13,68.42%,6,31.58%,6.41
20260127,09,第一網站股份有限公司,2768,czbooks,17927,MW_置底創意_czbook,,,,"12,262","6,063","6,063",100.00%,"4,743",78.23%,"1,320",21.77%,20.43
20260127,09,時報資訊股份有限公司_工商時報,3427,工商時報-exchange,18003,CF_300x250_互動看板2_工商時報-exchange,,知名媒體,,12,6,6,100.00%,4,66.67%,2,33.33%,8.33
20260127,09,時報資訊股份有限公司_工商時報,3427,工商時報-exchange,18007,CF_336x280_文末右側看板_工商時報-exchange,,知名媒體,,94,42,42,100.00%,1,2.38%,41,97.62%,0.04
20260127,09,時報資訊股份有限公司_工商時報,3427,工商時報-exchange,18008,CF_336x280_文末左側看板_工商時報-exchange,,知名媒體,,64,30,30,100.00%,1,3.33%,29,96.67%,0.05
20260127,09,時報資訊股份有限公司_工商時報,3427,工商時報-exchange,18014,MW_300x250_文末Banner1_工商時報-exchange,,知名媒體,,40,20,20,100.00%,2,10.00%,18,90.00%,0.30
20260127,09,時報資訊股份有限公司_工商時報,3427,工商時報-exchange,18015,MW_300x250_文末Banner2_工商時報-exchange,,知名媒體,,172,86,86,100.00%,2,2.33%,84,97.67%,0.07
20260127,09,第一網站股份有限公司,3440,fsa_passback_first,18201,CF_336x280_fsa_passback_first,,,,"1,670",753,753,100.00%,133,17.66%,620,82.34%,0.45
20260127,09,第一網站股份有限公司,3440,fsa_passback_first,18202,CF_300x250_fsa_passback_first,,,,"2,222","1,045","1,045",100.00%,509,48.71%,536,51.29%,32.02
20260127,09,朱光宁,3268,稷下書院-mobile,18297,MW_置底創意(展開)_稷下書院-mobile,,,,292,146,146,100.00%,88,60.27%,58,39.73%,17.70
20260127,09,冰楓科技有限公司,3485,冰楓論壇-exchange,18487,CF_970x90_內文上方第一塊_冰楓論壇-exchange,,,,957,418,418,100.00%,96,22.97%,322,77.03%,2.75
20260127,09,冰楓科技有限公司,3485,冰楓論壇-exchange,18488,MW_320x100_內文上方第一塊_ 冰楓論壇-exchange,antifroud,,,84,30,30,100.00%,24,80.00%,6,20.00%,24.93
20260127,09,冰楓科技有限公司,3485,冰楓論壇-exchange,18492,MW_300x250_Banner_ 冰楓論壇-exchange,,,,342,139,139,100.00%,56,40.29%,83,59.71%,2.39
20260127,09,闇碼科技股份有限公司,3048,縮短網址產生器-reurl,18535,MW_蓋版_縮短網址產生器-reurl,,知名媒體,,19,9,9,100.00%,4,44.44%,5,55.56%,1.43
20260127,09,CBROOT LTD,3492,包子漫畫(特開流量)-exchange,18557,CF_300x600_指定流量_包子漫畫(特開流量PB)-exchange,,,,171,77,77,100.00%,42,54.55%,35,45.45%,35.34
20260127,09,CBROOT LTD,3510,包子漫畫_twmanga-exchange,18737,CF_970x90_Banner_ 包子漫畫_twmanga-exchange,,,,314,148,148,100.00%,29,19.59%,119,80.41%,1.29
20260127,09,闇碼科技股份有限公司,2992,縮短網址產生器-reurl-exchange,18876,CF_首頁連結bar下方_縮短網址產生器-reurl-exchange,,知名媒體,,6,3,3,100.00%,2,66.67%,1,33.33%,6.09
20260127,09,闇碼科技股份有限公司,2992,縮短網址產生器-reurl-exchange,18877,MW_首頁連結bar下方_縮短網址產生器-reurl-exchange,,知名媒體,,6,3,3,100.00%,3,100.00%,0,0.00%,6.98
20260127,09,台灣英文新聞股份有限公司,3537,台灣英文新聞(new)-exchange,18924,CF_300x250_內容頁_右側看版_1_台灣英文新聞(new)-exchange,,知名媒體,,48,5,5,100.00%,2,40.00%,3,60.00%,6.41
20260127,09,艾得基客行銷顧問股份有限公司,3490,太報,19043,MW_置底創意(展開)_太報,,知名媒體,,6,3,3,100.00%,2,66.67%,1,33.33%,64.83
20260127,09,艾得基客行銷顧問股份有限公司,3552,玩具人,19044,MW_320x480_文中創意_玩具人,,知名媒體,,18,9,9,100.00%,5,55.56%,4,44.44%,10.75
20260127,09,先驅媒體社會企業股份有限公司,3554,新頭殼(R18),19047,(子)CF_300x250Banner_newtalk.tw_content_300250_1_新頭殼(R18),,知名媒體,子聯播網,12,5,5,100.00%,1,20.00%,4,80.00%,1.00
20260127,09,第一網站股份有限公司,2783,漫畫櫃manhuagui,20685,MW_300X250_manhuagui,antifroud,,,"4,456","2,167","2,167",100.00%,910,41.99%,"1,257",58.01%,9.60
20260127,09,德榕企業有限公司,3578,TW Bodhi_mobile,20707,MW_置底創意_TW Bodhi,,,,30,15,15,100.00%,0,0.00%,15,100.00%,0.00
20260127,09,德榕企業有限公司,3578,TW Bodhi_mobile,20708,MW_蓋板_TW Bodhi,,,,186,93,93,100.00%,0,0.00%,93,100.00%,0.00
20260127,09,德榕企業有限公司,3581,忘憂書屋,20727,CF_336x280文章頁(RWD)_忘憂書屋,,,,46,23,23,100.00%,0,0.00%,23,100.00%,0.00
20260127,09,德榕企業有限公司,3582,忘憂書屋_mobile,20728,MW_文中創意300x250_忘憂書屋,,,,102,42,42,100.00%,0,0.00%,42,100.00%,0.00
20260127,09,德榕企業有限公司,3582,忘憂書屋_mobile,20730,MW_置底創意_忘憂書屋,,,,30,15,15,100.00%,0,0.00%,15,100.00%,0.00
20260127,09,第一網站股份有限公司,2916,KiKiNote,20731,CF_300x250_banner_kikinote (PB),,知名媒體,,46,16,16,100.00%,6,37.50%,10,62.50%,1.29
20260127,09,艾得基客行銷顧問股份有限公司,3490,太報,21317,MW_蓋版_太報,,知名媒體,,18,9,9,100.00%,6,66.67%,3,33.33%,6.93
20260127,09,第一網站股份有限公司,2768,czbooks,21412,(子)CF_970x250_banner_czbooks(限時段)-PB,,,子聯播網,"2,011",992,992,100.00%,378,38.10%,614,61.90%,6.52
20260127,09,第一網站股份有限公司,3440,fsa_passback_first,21699,CF_336x280_fsa_passback_first,,,,"1,163",559,559,100.00%,116,20.75%,443,79.25%,0.64
20260127,09,富盈數據股份有限公司,3653,TVBS-女人我最大_HB,21760,MW_文章三_336x280_TVBS-女人我最大_HB,,知名媒體,,48,24,24,100.00%,13,54.17%,11,45.83%,4.75
20260127,09,富盈數據股份有限公司,3653,TVBS-女人我最大_HB,21761,MW_文章四_336x280_TVBS-女人我最大_HB,,知名媒體,,690,344,344,100.00%,230,66.86%,114,33.14%,3.84
20260127,09,富盈數據股份有限公司,3653,TVBS-女人我最大_HB,21762,MW_文章置底_320x100_TVBS-女人我最大_HB,,知名媒體,,200,100,100,100.00%,94,94.00%,6,6.00%,31.70
20260127,09,富盈數據股份有限公司,3653,TVBS-女人我最大_HB,21763,MW_文中創意320x480_TVBS-女人我最大_HB,,知名媒體,,644,314,314,100.00%,244,77.71%,70,22.29%,23.29
20260127,09,富盈數據股份有限公司,3654,TVBS-健康2.0_HB,21764,CF_文章右側300x600_TVBS-健康2.0_HB,,知名媒體,,20,10,10,100.00%,7,70.00%,3,30.00%,21.20
20260127,09,富盈數據股份有限公司,3654,TVBS-健康2.0_HB,21765,MW_文章三_336x280_TVBS-健康2.0_HB,,知名媒體,,147,71,71,100.00%,42,59.15%,29,40.85%,3.12
20260127,09,富盈數據股份有限公司,3654,TVBS-健康2.0_HB,21767,MW_文章置底_320x100_TVBS-健康2.0_HB,,知名媒體,,6,3,3,100.00%,1,33.33%,2,66.67%,10.00
20260127,09,富盈數據股份有限公司,3654,TVBS-健康2.0_HB,21768,MW_文中創意320x480_TVBS-健康2.0_HB,,知名媒體,,"3,410","1,589","1,589",100.00%,"1,145",72.06%,444,27.94%,27.40
20260127,09,富盈數據股份有限公司,3655,TVBS-食尚玩家_HB,21770,MW_文章三_336x280_TVBS-食尚玩家_HB,,知名媒體,,"1,158",574,574,100.00%,318,55.40%,256,44.60%,2.30
20260127,09,富盈數據股份有限公司,3655,TVBS-食尚玩家_HB,21771,MW_文章四_336x280_TVBS-食尚玩家_HB,,知名媒體,,18,9,9,100.00%,6,66.67%,3,33.33%,11.98
20260127,09,富盈數據股份有限公司,3655,TVBS-食尚玩家_HB,21773,MW_文中創意320x480_TVBS-食尚玩家_HB,,知名媒體,,63,30,30,100.00%,18,60.00%,12,40.00%,16.41
20260127,09,富盈數據股份有限公司,3654,TVBS-健康2.0_HB,21812,MW_文章一_336x280_TVBS-健康2.0_HB,,知名媒體,,794,394,394,100.00%,277,70.30%,117,29.70%,4.23
20260127,09,先驅媒體社會企業股份有限公司,3554,新頭殼(R18),21830,(子)CF_300x250Banner_newtalk.tw_all_300250_1_新頭殼(R18),antifroud,知名媒體,子聯播網,6,3,3,100.00%,3,100.00%,0,0.00%,14.72
20260127,09,儂儂雜誌社股份有限公司(bella儂儂),2135,Bella儂儂_2024,21876,MW-300x250_文章標題上方1_Bella儂儂,,知名媒體,,198,99,99,100.00%,53,53.54%,46,46.46%,4.34
20260127,09,富盈數據股份有限公司,3680,TVBS-新聞網_HB,21898,CF_文章右側300x600_TVBS-新聞網_HB,,知名媒體,,8,4,4,100.00%,1,25.00%,3,75.00%,0.97
20260127,09,富盈數據股份有限公司,3680,TVBS-新聞網_HB,21899,MW_文章一_336x280_TVBS-新聞網_HB,,知名媒體,,"4,360","2,156","2,156",100.00%,"1,609",74.63%,547,25.37%,7.08
20260127,09,富盈數據股份有限公司,3680,TVBS-新聞網_HB,21900,MW_文章三_336x280_TVBS-新聞網_HB,,知名媒體,,467,233,233,100.00%,140,60.09%,93,39.91%,3.95
20260127,09,富盈數據股份有限公司,3680,TVBS-新聞網_HB,21901,MW_文章四_336x280_TVBS-新聞網_HB,,知名媒體,,6,3,3,100.00%,1,33.33%,2,66.67%,0.33
20260127,09,富盈數據股份有限公司,3680,TVBS-新聞網_HB,21902,MW_文章置底_320x100_TVBS-新聞網_HB,,知名媒體,,"3,324","1,636","1,636",100.00%,500,30.56%,"1,136",69.44%,12.69
20260127,09,聯合線上股份有限公司,3679,噓新聞,21903,PC_300x250_首頁及內文頁_噓新聞,,知名媒體,,12,6,6,100.00%,1,16.67%,5,83.33%,15.00
20260127,09,富盈數據股份有限公司,3685,玩桌遊_mobile,21924,MW_置底創意(非展開)_玩桌遊-mobile,,,,56,28,28,100.00%,22,78.57%,6,21.43%,16.16
20260127,09,富盈數據股份有限公司,2615,熱血台中,21986,CF_336x280_全網_熱血台中,,,,64,32,32,100.00%,19,59.38%,13,40.62%,1.51
20260127,09,富盈數據股份有限公司,2615,熱血台中,21987,CF_336x280_全網_熱血台中,,,,114,55,55,100.00%,35,63.64%,20,36.36%,2.08
20260127,09,富盈數據股份有限公司,3704,天天要聞,22030,CF_300 x 250 banner_天天要聞_cpc2,,,,"1,300",633,633,100.00%,492,77.73%,141,22.27%,9.50
20260127,09,富盈數據股份有限公司,3703,繁體小說,22031,CF_300 x 250 banner_繁體小說_cpc2,,,,290,142,142,100.00%,103,72.54%,39,27.46%,7.76
20260127,09,冠妍動力科技有限公司,484,小老婆汽機車資訊網,22058,MW_文中創意320x480_小老婆汽機車資訊網-測試,,知名媒體,,6,3,3,100.00%,1,33.33%,2,66.67%,5.52
20260127,09,富盈數據股份有限公司,3680,TVBS-新聞網_HB,22131,CF_文中300x250_TVBS-新聞網_HB_1,,知名媒體,,6,3,3,100.00%,3,100.00%,0,0.00%,2.33
20260127,09,富盈數據股份有限公司,3680,TVBS-新聞網_HB,22132,CF_文中300x250_TVBS-新聞網_HB_2,,知名媒體,,68,34,34,100.00%,27,79.41%,7,20.59%,17.77
20260127,09,富盈數據股份有限公司,3680,TVBS-新聞網_HB,22133,CF_文中300x250_TVBS-新聞網_HB_3,,知名媒體,,118,58,58,100.00%,43,74.14%,15,25.86%,12.76
20260127,09,富盈數據股份有限公司,3730,Teepr 亮新聞 HB,22145,MW_336x280_文中創意_Teepr亮新聞 HB,,,,6,3,3,100.00%,1,33.33%,2,66.67%,1.67
20260127,09,冰楓科技有限公司,3485,冰楓論壇-exchange,22160,CF_300x250_Banner2_ 冰楓論壇-exchange,,,,6,3,3,100.00%,1,33.33%,2,66.67%,1.06
20260127,09,闇碼科技股份有限公司,3048,縮短網址產生器-reurl,22213,MW_蓋版_縮短網址產生器-reurl-2025.05(特殊供量),,知名媒體,,"1,060",71,70,98.59%,23,32.86%,47,67.14%,1.02
20260127,09,艾得基客行銷顧問股份有限公司,2689,Basketball Top5,22219,MW_置底(展開)_Basketball TOP5,,,,432,215,215,100.00%,132,61.40%,83,38.60%,12.66
20260127,09,欣發現股份有限公司,3363,大人物-mobile,22222,MW_蓋板_大人物,,知名媒體,,409,185,185,100.00%,51,27.57%,134,72.43%,4.13
20260127,09,艾得基客行銷顧問股份有限公司,3738,痞客邦,22223,MW_中繼頁_置底創意(展開)-痞客邦_Mobile,,知名媒體,,6,3,3,100.00%,2,66.67%,1,33.33%,5.90
20260127,09,朱光宁,3741,石頭小說3,22396,MW_置底_石頭小說3,,,,98,49,49,100.00%,46,93.88%,3,6.12%,34.14
20260127,09,朱光宁,3741,石頭小說3,22398,CF_336 x 280 banner_石頭小說3_cpc1.67,,,,"1,460",737,737,100.00%,497,67.44%,240,32.56%,5.96
20260127,09,朱光宁,3741,石頭小說3,22399,CF_320 x 480 橫幅_石頭小說3,,,,18,9,9,100.00%,2,22.22%,7,77.78%,0.67
20260127,09,闇碼科技股份有限公司,3068,限時圖片-imgus,22406,MW_置底_imgus,antifroud,,,32,15,15,100.00%,10,66.67%,5,33.33%,4.46
20260127,09,第一網站股份有限公司,2783,漫畫櫃manhuagui,22443,MW_置底_manhuagui,antifroud,,,"17,145","8,255","8,255",100.00%,"6,690",81.04%,"1,565",18.96%,10.74
20260127,09,艾得基客行銷顧問股份有限公司,3490,太報,22495,MW_300x250 BANNER_太報_CPM5,,知名媒體,子聯播網,12,6,6,100.00%,2,33.33%,4,66.67%,5.83
20260127,09,艾得基客行銷顧問股份有限公司,2689,Basketball Top5,22498,MW_300x250 Banner_Basketball TOP5_CPM5,,,子聯播網,"1,059",528,528,100.00%,209,39.58%,319,60.42%,2.90
20260127,09,艾得基客行銷顧問股份有限公司,2578,鉅亨網,22507,MW_300x250_鉅亨網_直播用BN-1,,知名媒體,子聯播網,849,400,400,100.00%,118,29.50%,282,70.50%,6.28
20260127,09,艾得基客行銷顧問股份有限公司,3752,ＭoneyDJ,22514,MW_文中創意320x480_MoneyDJ,antifroud,知名媒體,,82,40,40,100.00%,26,65.00%,14,35.00%,12.78
20260127,09,艾得基客行銷顧問股份有限公司,2084,經濟日報,22517,MW_置底創意(非展開)_經濟日報,,知名媒體,,6,3,3,100.00%,3,100.00%,0,0.00%,2.33
20260127,09,李承翰-webptt,718,Web批踢踢(RWD),2284,MW-蓋板_文中_Web批踢踢,antifroud,,,25,8,8,100.00%,7,87.50%,1,12.50%,4.99
20260127,09,麥智維,999,動漫戲說,3543,CF-728*90-內文上方-動漫戲說,antifroud,,,453,198,198,100.00%,101,51.01%,97,48.99%,23.49
20260127,09,肖偉彬,1287,紅櫻桃小說書庫,4678,CF-內文上方-300*250-紅櫻桃小說書庫,,,,20,10,10,100.00%,5,50.00%,5,50.00%,4.10
20260127,09,肖偉彬,1287,紅櫻桃小說書庫,4717,MW_文中創意300x250_紅櫻桃小說書庫,,,,6,2,2,100.00%,1,50.00%,1,50.00%,13.96
20260127,09,技達創意資訊有限公司,1299,泰好網,4733,CF-300*250-內文下方-泰好網,,,,6,2,2,100.00%,0,0.00%,2,100.00%,0.00
20260127,09,陈晋福,1367,電視超人,4997,CF-300X250-電視超人,,,,6,3,3,100.00%,0,0.00%,3,100.00%,0.04
20260127,09,台灣時報社股份有限公司,1665,台灣時報電子報,6263,CF-300X600-右側通欄-台灣時報電子報,,,,6,2,2,100.00%,0,0.00%,2,100.00%,0.00
20260127,09,精鏡傳媒股份有限公司,1060,鏡週刊,8246,MW_文中創意320x480_鏡週刊,,知名媒體,,6,3,3,100.00%,3,100.00%,0,0.00%,20.98
20260127,09,精鏡傳媒股份有限公司,1060,鏡週刊,8250,MW_置底創意(非展開)_鏡週刊,,知名媒體,,6,3,3,100.00%,3,100.00%,0,0.00%,77.50
20260127,09,巧克科技新媒體股份有限公司,2127,LINE TV_Banner-exchange,8576,CF_336x280_戲劇-右側好康資訊下方_LINE TV-exchange,,知名媒體,,45,22,22,100.00%,0,0.00%,22,100.00%,0.00
20260127,09,巧克科技新媒體股份有限公司,2127,LINE TV_Banner-exchange,8577,CF_336x280_戲劇-右側好康資訊上方_LINE TV-exchange,,知名媒體,,90,42,42,100.00%,2,4.76%,40,95.24%,4.53
20260127,09,鳳梨傳媒股份有限公司,2190,民視新聞網-Exchange,8862,CF_970X90_分類新聞內頁上方_民視新聞(MCM),,知名媒體,,12,5,5,100.00%,2,40.00%,3,60.00%,18.20
20260127,09,時報資訊股份有限公司,2335,中時電子報_2019,9887,MW-置底創意(非展開)中時電子報_2019,,知名媒體,,"3,320","1,632","1,632",100.00%,"1,405",86.09%,227,13.91%,35.62
20260127,10,英屬維京群島商浩美數位有限公司台灣分公司,2315,Teepr亮新聞-exchange,10012,CF_336x280Banner_Teepr亮新聞-exchange,,知名媒體,,758,364,364,100.00%,10,2.75%,354,97.25%,0.16
20260127,10,第一網站股份有限公司,2235,線上英漢字典(cdict),10549,CF_300x250_cdict,,,,6,3,3,100.00%,2,66.67%,1,33.33%,2.49
20260127,10,昱得資訊工作室,2528,數位書香,11080,CF_728x90_首頁上方_數位書香,antifroud,,,8,0,0,0.00%,0,0.00%,0,0.00%,0.00
20260127,10,昱得資訊工作室,2528,數位書香,11081,CF_160x600_首頁右側_數位書香,antifroud,,,111,42,42,100.00%,13,30.95%,29,69.05%,2.21
20260127,10,第一網站股份有限公司,2518,麻辣家族討論區(twbts),11082,CF-728X90-twbts,antifroud,,,"1,344",514,514,100.00%,341,66.34%,173,33.66%,4.94
20260127,10,第一網站股份有限公司,2540,risu短網址,11260,MW-300X250-MB_page_left-risu,,知名媒體,,"1,667",808,808,100.00%,536,66.34%,272,33.66%,8.82
20260127,10,第一網站股份有限公司,2492,ttshow,11273,MW-300X250-ttshow,,知名媒體,,18,9,9,100.00%,3,33.33%,6,66.67%,0.71
20260127,10,第一網站股份有限公司,2601,Meme梗圖倉庫,11443,CF-336X280-meme,,,,"1,337",596,596,100.00%,75,12.58%,521,87.42%,0.67
20260127,10,第一網站股份有限公司,2540,risu短網址,11978,MW_變形蓋版_risu短網址,,知名媒體,,18,9,9,100.00%,8,88.89%,1,11.11%,12.60
20260127,10,第一網站股份有限公司,2540,risu短網址,11979,MW_置底創意_risu短網址(IOS),,知名媒體,,12,6,6,100.00%,6,100.00%,0,0.00%,19.34
20260127,10,艾得基客行銷顧問股份有限公司,2578,鉅亨網,12070,MW_320x480_文中創意_鉅亨網,,知名媒體,,"9,426","4,624","4,624",100.00%,"3,653",79.00%,971,21.00%,16.86
20260127,10,時報資訊股份有限公司,2770,中時電子報_HB,12559,CF_300x250_右側互動看版_中時電子報_HB,,知名媒體,,"1,862",890,890,100.00%,361,40.56%,529,59.44%,5.32
20260127,10,時報資訊股份有限公司,2770,中時電子報_HB,12560,CF_336x280_文中看板_中時電子報_HB,,知名媒體,,"1,796",856,856,100.00%,691,80.72%,165,19.28%,27.91
20260127,10,時報資訊股份有限公司,2770,中時電子報_HB,12561,MW_300x250_內頁TOP Banner_中時電子報_HB,antifroud,知名媒體,,"8,485","4,162","4,162",100.00%,758,18.21%,"3,404",81.79%,1.18
20260127,10,第一網站股份有限公司,2768,czbooks,12570,CF_728x90_banner_czbooks,,,,"3,070","1,513","1,513",100.00%,"1,172",77.46%,341,22.54%,5.64
20260127,10,第一網站股份有限公司,2768,czbooks,12571,CF-300x600_Banner_czbooks,,,,"1,289",640,640,100.00%,435,67.97%,205,32.03%,106.77
20260127,10,鳳梨傳媒股份有限公司,2190,民視新聞網-Exchange,12579,CF_300x250_右側第一塊_民視新聞網-Exchange(RWD)(MCM),,知名媒體,,893,438,438,100.00%,34,7.76%,404,92.24%,1.29
20260127,10,鳳梨傳媒股份有限公司,2190,民視新聞網-Exchange,12580,CF_300x250_內文文中左側_民視新聞網-Exchange(RWD)(MCM),,知名媒體,,970,458,458,100.00%,35,7.64%,423,92.36%,0.71
20260127,10,第一網站股份有限公司,2783,漫畫櫃manhuagui,12676,CF_728X90_manhuagui,antifroud,,,"35,759","17,466","17,464",99.99%,"7,030",40.25%,"10,434",59.75%,6.90
20260127,10,艾得基客行銷顧問股份有限公司,2635,工商時報,12761,MW_320x480_文中創意_工商時報new,,知名媒體,,66,33,33,100.00%,23,69.70%,10,30.30%,13.42
20260127,10,第一網站股份有限公司,2801,damanwoo,12868,CF-300x250_Banner_damanwoo_大人物,,,,178,75,75,100.00%,7,9.33%,68,90.67%,1.34
20260127,10,第一網站股份有限公司,2820,星座好朋友(horofriend88),12966,MW_320x100_horofriend88,antifroud,,,18,9,9,100.00%,9,100.00%,0,0.00%,33.88
20260127,10,第一網站股份有限公司,2836,vivi01,13032,MW_置底創意_vivi01 ViVi視頻,,,,6,3,3,100.00%,2,66.67%,1,33.33%,6.67
20260127,10,第一網站股份有限公司,2838,mycard,13041,MW_320x480_加倍mycard,,,,58,0,0,0.00%,0,0.00%,0,0.00%,0.00
20260127,10,第一網站股份有限公司,2862,Manhuaren,13254,MW_320x100_banner_manhuaren,,,,6,3,3,100.00%,3,100.00%,0,0.00%,1.94
20260127,10,和運租車股份有限公司,2878,abc好車網,13368,CF_970x90_物件頁下方_abc好車網,,知名媒體,,6,3,3,100.00%,0,0.00%,3,100.00%,0.16
20260127,10,曾憲敏,202,85小說網,13445,MW_336X280_全量1_85小說網,,,,259,129,129,100.00%,74,57.36%,55,42.64%,4.98
20260127,10,曾憲敏,202,85小說網,13446,MW_336X280_全量2_85小說網,,,,"1,897",946,946,100.00%,544,57.51%,402,42.49%,5.74
20260127,10,第一網站股份有限公司,2768,czbooks,13481,MW_300x250_banner_czbooks,antifroud,,子聯播網,"40,980","20,221","20,221",100.00%,"7,852",38.83%,"12,369",61.17%,2.77
20260127,10,第一網站股份有限公司,2768,czbooks,13482,(子)CF_300x600_banner_czbooks(限時段),,,子聯播網,132,66,66,100.00%,52,78.79%,14,21.21%,123.51
20260127,10,第一網站股份有限公司,2768,czbooks,13483,(子)CF_970x250_banner_czbooks(限時段),,,子聯播網,192,95,95,100.00%,48,50.53%,47,49.47%,4.00
20260127,10,第一網站股份有限公司,2910,clickme,13548,(子)CF_300x250_banner_clickme(一般),,,子聯播網,325,132,132,100.00%,42,31.82%,90,68.18%,4.88
20260127,10,第一網站股份有限公司,2910,clickme,13549,CF_300x250_banner_clickme(一般),,,,693,356,356,100.00%,46,12.92%,310,87.08%,0.86
20260127,10,第一網站股份有限公司,2916,KiKiNote,13576,(子)CF_300x250_banner_kikinote,,知名媒體,子聯播網,"1,010",448,448,100.00%,64,14.29%,384,85.71%,1.56
20260127,10,闇碼科技股份有限公司,2992,縮短網址產生器-reurl-exchange,13848,CF_300x250_轉址失敗_最右邊_reurl,,知名媒體,,26,3,3,100.00%,1,33.33%,2,66.67%,0.44
20260127,10,闇碼科技股份有限公司,2992,縮短網址產生器-reurl-exchange,13856,CF_300x250_轉址失敗頁第二塊_reurl,,知名媒體,,16,0,0,0.00%,0,0.00%,0,0.00%,0.00
20260127,10,闇碼科技股份有限公司,2992,縮短網址產生器-reurl-exchange,13861,CF_300x250_網址下方右側(PB)_reurl,,知名媒體,,8,4,4,100.00%,2,50.00%,2,50.00%,1.50
20260127,10,第一網站股份有限公司,2768,czbooks,13903,(子)CF_300x250_banner_czbooks(直播),antifroud,,子聯播網,"5,376","2,347","2,347",100.00%,695,29.61%,"1,652",70.39%,1.08
20260127,10,第一網站股份有限公司,2768,czbooks,14036,MW_320x480_CZBOOKS,antifroud,,,130,63,63,100.00%,7,11.11%,56,88.89%,0.43
20260127,10,陳人鳳,480,飛格寵物家族_PC,1407,CF-728X90_上方通欄_飛格寵物家族,,,,19,8,8,100.00%,7,87.50%,1,12.50%,6.33
20260127,10,陳人鳳,480,飛格寵物家族_PC,1408,CF-300X250_內文_飛格寵物家族,,,,62,2,2,100.00%,2,100.00%,0,0.00%,1.22
20260127,10,飛凡傳播股份有限公司,1921,非凡新聞台-exchange,14188,MW_300x250_內文上方_非凡新聞-exchange,antifroud,知名媒體,,18,0,0,0.00%,0,0.00%,0,0.00%,0.00
20260127,10,闇碼科技股份有限公司,3048,縮短網址產生器-reurl,14210,MW_文中創意300x250_縮短網址產生器-reurl,,知名媒體,,379,83,83,100.00%,58,69.88%,25,30.12%,5.08
20260127,10,巨思文化股份有限公司,3052,經理人_HB,14238,MW_文章結束第一塊_300x250_經理人-HB,,知名媒體,,18,9,9,100.00%,1,11.11%,8,88.89%,0.56
20260127,10,巨思文化股份有限公司,3052,經理人_HB,14241,MW_300x250_內文下方_經理人-HB,,知名媒體,,18,9,9,100.00%,0,0.00%,9,100.00%,0.00
20260127,10,巨思文化股份有限公司,3053,數位時代_HB,14242,CF_300x250_內文下方左側_數位時代-HB,,知名媒體,,32,16,16,100.00%,1,6.25%,15,93.75%,0.06
20260127,10,巨思文化股份有限公司,3053,數位時代_HB,14243,CF_300x250_內文下方右側_數位時代-HB,,知名媒體,,32,16,16,100.00%,1,6.25%,15,93.75%,0.06
20260127,10,巨思文化股份有限公司,3053,數位時代_HB,14244,MW_300x250_文中第四塊_數位時代-HB,,知名媒體,,6,3,3,100.00%,1,33.33%,2,66.67%,1.67
20260127,10,巨思文化股份有限公司,3053,數位時代_HB,14246,MW_300x250_文章結束第一塊_數位時代-HB,,知名媒體,,14,7,7,100.00%,0,0.00%,7,100.00%,0.00
20260127,10,富盈數據股份有限公司,3059,塔科女子,14258,CF_336x280_全網_塔科女子,,知名媒體,,131,67,67,100.00%,42,62.69%,25,37.31%,5.31
20260127,10,CBROOT LTD,3003,包子漫畫-exchange,14291,MW_300x250_蓋板(PB)_包子漫畫,,,,297,147,147,100.00%,71,48.30%,76,51.70%,9.07
20260127,10,朱光宁,3152,石頭小說-exchange,14472,MW_336x280_Banner_石頭小說,,,,"2,865","1,373","1,373",100.00%,954,69.48%,419,30.52%,6.38
20260127,10,朱光宁,3149,稷下書院-exchange,14748,MW_320x100_置底(PB)_稷下書院,,,,"21,100","10,403","10,403",100.00%,297,2.85%,"10,106",97.15%,0.10
20260127,10,巨思文化股份有限公司,3053,數位時代_HB,14764,MW_置底創意_(非展開)_數位時代_HB,,知名媒體,,254,126,126,100.00%,116,92.06%,10,7.94%,18.80
20260127,10,中天電視股份有限公司,3282,中天新聞網-exchange,14980,CF_970x250_內頁_PC置頂橫幅-中天新聞網-exchange,,知名媒體,,24,10,10,100.00%,2,20.00%,8,80.00%,1.17
20260127,10,曾憲敏,3327,85小說網_創意,15227,MW-300X250_85小說網_隨身影音PB,,,,12,6,6,100.00%,4,66.67%,2,33.33%,2.71
20260127,10,曾憲敏,3327,85小說網_創意,15228,MW-創意-85小說網,,,,387,192,192,100.00%,180,93.75%,12,6.25%,71.47
20260127,10,和運租車股份有限公司,2878,abc好車網,15249,CF_300x250_搜尋頁右側_abc好車網,,知名媒體,,6,3,3,100.00%,0,0.00%,3,100.00%,0.05
20260127,10,千晶文化事業股份有限公司,3336,Beauty 美人圈,15254,MW_置底創意(非展開)_ Beauty 美人圈,,知名媒體,,"1,117",557,557,100.00%,511,91.74%,46,8.26%,43.16
20260127,10,中天電視股份有限公司,3282,中天新聞網-exchange,15859,CF_336x280_內頁_PC右側互動看板B-中天新聞網-exchange,,知名媒體,,286,131,131,100.00%,53,40.46%,78,59.54%,3.92
20260127,10,CBROOT LTD,3352,西瓜卡通-exchange,15970,CF_160x600_影音內容_西瓜卡通-exchange,,,,114,50,50,100.00%,33,66.00%,17,34.00%,22.01
20260127,10,時報資訊股份有限公司,2817,旺得富,16908,CF_970x250_MiddleBanner_旺得富,,知名媒體,,6,3,3,100.00%,0,0.00%,3,100.00%,0.05
20260127,10,時報資訊股份有限公司,2817,旺得富,16911,CF_300x250_Billboard_2nd_旺得富,,知名媒體,,20,10,10,100.00%,3,30.00%,7,70.00%,1.68
20260127,10,朱光宁,3360,提莫書屋-exchange,16957,MW_336x280banner_提莫書屋_exchange,,,,"14,258","7,066","7,066",100.00%,"5,184",73.37%,"1,882",26.63%,5.92
20260127,10,朱光宁,3361,提莫書屋-mobile,16958,MW_置底創意_提莫書屋-mobile,,,,24,12,12,100.00%,12,100.00%,0,0.00%,28.07
20260127,10,朱光宁,3361,提莫書屋-mobile,16959,MW_320x480_文中創意_提莫書屋-mobile,,,,36,18,18,100.00%,14,77.78%,4,22.22%,2.27
20260127,10,欣發現股份有限公司,3365,Hami任務牆-mobile,16969,MW_置底創意_Hami任務牆,,知名媒體,,366,173,173,100.00%,115,66.47%,58,33.53%,7.62
20260127,10,欣發現股份有限公司,3364,女子學-mobile,16972,MW_置底創意_女子學,antifroud,,,589,273,273,100.00%,1,0.37%,272,99.63%,0.01
20260127,10,欣發現股份有限公司,3363,大人物-mobile,16973,MW_置底創意_大人物,,知名媒體,,174,83,83,100.00%,59,71.08%,24,28.92%,7.60
20260127,10,欣發現股份有限公司,3362,妞新聞-mobile,16974,MW_置底創意_妞新聞,,知名媒體,,6,3,3,100.00%,3,100.00%,0,0.00%,18.94
20260127,10,第一網站股份有限公司,2783,漫畫櫃manhuagui,17027,MW_320x480_蓋版_漫畫櫃manhuagui,,,,548,270,270,100.00%,48,17.78%,222,82.22%,1.63
20260127,10,艾得基客行銷顧問股份有限公司,3373,良醫健康網,17092,MW_置底創意_良醫健康網,,知名媒體,,140,70,70,100.00%,61,87.14%,9,12.86%,34.08
20260127,10,詠勝科技有限公司,3385,Mobile01_HB,17175,CF_970x90_橫幅Banner_Mobile01_HB,,知名媒體,,"1,516",703,703,100.00%,224,31.86%,479,68.14%,4.40
20260127,10,詠勝科技有限公司,3385,Mobile01_HB,17176,CF_728x90_內頁橫幅Banner_7F_Mobile01_HB,,知名媒體,,48,24,24,100.00%,13,54.17%,11,45.83%,5.94
20260127,10,詠勝科技有限公司,3385,Mobile01_HB,17178,CF_300x250_頻道頁_大看板_Mobile01_HB,,知名媒體,,51,24,24,100.00%,9,37.50%,15,62.50%,2.57
20260127,10,詠勝科技有限公司,3385,Mobile01_HB,17179,CF_300x250_熱門大看板_Mobile01_HB,,知名媒體,,"1,829",849,849,100.00%,450,53.00%,399,47.00%,7.53
20260127,10,詠勝科技有限公司,3385,Mobile01_HB,17180,CF_300x250_置底看板左_Mobile01_HB,,知名媒體,,697,341,341,100.00%,135,39.59%,206,60.41%,2.16
20260127,10,詠勝科技有限公司,3385,Mobile01_HB,17181,CF_300x250_置底看板中_Mobile01_HB,,知名媒體,,698,342,342,100.00%,132,38.60%,210,61.40%,2.07
20260127,10,詠勝科技有限公司,3385,Mobile01_HB,17182,CF_300x250_置底看板右_Mobile01_HB,,知名媒體,,6,2,2,100.00%,1,50.00%,1,50.00%,0.50
20260127,10,詠勝科技有限公司,3385,Mobile01_HB,17183,CF_300x600_大摩天_Mobile01_HB,,知名媒體,,886,431,431,100.00%,216,50.12%,215,49.88%,15.47
20260127,10,詠勝科技有限公司,3385,Mobile01_HB,17195,CF_300x600_特殊大摩天_Mobile01_HB,,知名媒體,,12,6,6,100.00%,1,16.67%,5,83.33%,0.34
20260127,10,詠勝科技有限公司,3385,Mobile01_HB,17196,CF_160x600_門神_right_Mobile01_HB,,知名媒體,,299,147,147,100.00%,71,48.30%,76,51.70%,5.40
20260127,10,詠勝科技有限公司,3385,Mobile01_HB,17197,CF_160x600_門神_left_Mobile01_HB,,知名媒體,,293,144,144,100.00%,75,52.08%,69,47.92%,5.30
20260127,10,朱光宁,3268,稷下書院-mobile,17207,MW_320x480_蓋版_稷下書院-mobile,,,,"2,692","1,128","1,128",100.00%,274,24.29%,854,75.71%,1.64
20260127,10,李立娟,3395,vivi0視頻-exchange,17293,CF_336x280_Banner_vivi01視頻-exchange,antifroud,,,"38,106","18,699","18,698",99.99%,"3,031",16.21%,"15,667",83.79%,0.45
20260127,10,李立娟,3395,vivi0視頻-exchange,17294,MW_336x280_Banner_vivi01視頻-exchange,antifroud,,,"43,421","21,309","21,309",100.00%,"8,309",38.99%,"13,000",61.01%,1.71
20260127,10,李立娟,3395,vivi0視頻-exchange,17300,MW_320x100_置底(PB)_vivi01視頻-exchange,antifroud,,,"65,579","32,217","32,217",100.00%,"21,524",66.81%,"10,693",33.19%,15.60
20260127,10,李立娟,3397,趣聞圖說-exchange,17309,MW_336x280_文中Banner_趣聞圖說-exchange,,,,12,6,6,100.00%,6,100.00%,0,0.00%,14.98
20260127,10,曾憲敏,601,85小說網_PC,1773,CF-300x250_85小說網_內文1,,,,30,15,15,100.00%,13,86.67%,2,13.33%,19.37
20260127,10,李立娟,3396,趣聞圖說-Mobile,17923,MW_置底創意(展開)_趣聞圖說-Mobile,,,,12,6,6,100.00%,5,83.33%,1,16.67%,10.51
20260127,10,第一網站股份有限公司,2768,czbooks,17927,MW_置底創意_czbook,,,,"9,343","4,622","4,622",100.00%,"3,140",67.94%,"1,482",32.06%,20.94
20260127,10,時報資訊股份有限公司_工商時報,3427,工商時報-exchange,18003,CF_300x250_互動看板2_工商時報-exchange,,知名媒體,,55,27,27,100.00%,12,44.44%,15,55.56%,10.39
20260127,10,時報資訊股份有限公司_工商時報,3427,工商時報-exchange,18007,CF_336x280_文末右側看板_工商時報-exchange,,知名媒體,,68,32,32,100.00%,3,9.38%,29,90.62%,0.34
20260127,10,時報資訊股份有限公司_工商時報,3427,工商時報-exchange,18008,CF_336x280_文末左側看板_工商時報-exchange,,知名媒體,,50,25,25,100.00%,2,8.00%,23,92.00%,0.40
20260127,10,時報資訊股份有限公司_工商時報,3427,工商時報-exchange,18014,MW_300x250_文末Banner1_工商時報-exchange,,知名媒體,,132,66,66,100.00%,6,9.09%,60,90.91%,0.18
20260127,10,時報資訊股份有限公司_工商時報,3427,工商時報-exchange,18015,MW_300x250_文末Banner2_工商時報-exchange,,知名媒體,,244,120,120,100.00%,0,0.00%,120,100.00%,0.00
20260127,10,第一網站股份有限公司,3440,fsa_passback_first,18201,CF_336x280_fsa_passback_first,,,,"1,810",833,833,100.00%,158,18.97%,675,81.03%,0.77
20260127,10,第一網站股份有限公司,3440,fsa_passback_first,18202,CF_300x250_fsa_passback_first,,,,"2,973","1,406","1,406",100.00%,750,53.34%,656,46.66%,31.27
20260127,10,第一網站股份有限公司,3440,fsa_passback_first,18266,(子)CF_970x250_cfbanner_blog,,,子聯播網,923,355,355,100.00%,37,10.42%,318,89.58%,0.36
20260127,10,朱光宁,3268,稷下書院-mobile,18297,MW_置底創意(展開)_稷下書院-mobile,,,,256,128,128,100.00%,84,65.62%,44,34.38%,22.02
20260127,10,冰楓科技有限公司,3485,冰楓論壇-exchange,18487,CF_970x90_內文上方第一塊_冰楓論壇-exchange,,,,867,378,378,100.00%,72,19.05%,306,80.95%,2.41
20260127,10,冰楓科技有限公司,3485,冰楓論壇-exchange,18488,MW_320x100_內文上方第一塊_ 冰楓論壇-exchange,antifroud,,,73,31,31,100.00%,21,67.74%,10,32.26%,6.61
20260127,10,冰楓科技有限公司,3485,冰楓論壇-exchange,18492,MW_300x250_Banner_ 冰楓論壇-exchange,,,,360,158,158,100.00%,88,55.70%,70,44.30%,6.96
20260127,10,闇碼科技股份有限公司,3048,縮短網址產生器-reurl,18535,MW_蓋版_縮短網址產生器-reurl,,知名媒體,,12,6,6,100.00%,5,83.33%,1,16.67%,5.80
20260127,10,CBROOT LTD,3492,包子漫畫(特開流量)-exchange,18544,(子)CF_300x600_指定流量_包子漫畫(特開流量)-exchange,,,子聯播網,12,4,4,100.00%,0,0.00%,4,100.00%,0.01
20260127,10,CBROOT LTD,3492,包子漫畫(特開流量)-exchange,18557,CF_300x600_指定流量_包子漫畫(特開流量PB)-exchange,,,,169,73,73,100.00%,29,39.73%,44,60.27%,28.26
20260127,10,CBROOT LTD,3510,包子漫畫_twmanga-exchange,18732,MW_336x280_Banner_包子漫畫_twmanga,,,子聯播網,"15,604","7,837","7,837",100.00%,"2,192",27.97%,"5,645",72.03%,0.71
20260127,10,CBROOT LTD,3510,包子漫畫_twmanga-exchange,18737,CF_970x90_Banner_ 包子漫畫_twmanga-exchange,,,,328,154,154,100.00%,38,24.68%,116,75.32%,1.55
20260127,10,闇碼科技股份有限公司,2992,縮短網址產生器-reurl-exchange,18876,CF_首頁連結bar下方_縮短網址產生器-reurl-exchange,,知名媒體,,6,3,3,100.00%,1,33.33%,2,66.67%,0.37
20260127,10,闇碼科技股份有限公司,2992,縮短網址產生器-reurl-exchange,18877,MW_首頁連結bar下方_縮短網址產生器-reurl-exchange,,知名媒體,,6,3,3,100.00%,1,33.33%,2,66.67%,0.39
20260127,10,舒禾驊,3535,荷花動漫筆記,18887,CF_336x280_文章頁文中_荷花動漫筆記,,,,22,8,8,100.00%,0,0.00%,8,100.00%,0.00
20260127,10,台灣英文新聞股份有限公司,3537,台灣英文新聞(new)-exchange,18924,CF_300x250_內容頁_右側看版_1_台灣英文新聞(new)-exchange,,知名媒體,,67,24,24,100.00%,0,0.00%,24,100.00%,0.06
20260127,10,艾得基客行銷顧問股份有限公司,3373,良醫健康網,19011,MW_320x480_文中創意_良醫健康網,,知名媒體,,6,3,3,100.00%,1,33.33%,2,66.67%,2.77
20260127,10,聯合線上股份有限公司,3549,UDN元氣網,19018,CF_首頁文章推薦第三格300x250_UDN元氣網,,知名媒體,,18,9,9,100.00%,2,22.22%,7,77.78%,0.30
20260127,10,艾得基客行銷顧問股份有限公司,3490,太報,19043,MW_置底創意(展開)_太報,,知名媒體,,32,16,16,100.00%,11,68.75%,5,31.25%,17.98
20260127,10,艾得基客行銷顧問股份有限公司,3552,玩具人,19044,MW_320x480_文中創意_玩具人,,知名媒體,,18,9,9,100.00%,6,66.67%,3,33.33%,17.44
20260127,10,先驅媒體社會企業股份有限公司,3554,新頭殼(R18),19047,(子)CF_300x250Banner_newtalk.tw_content_300250_1_新頭殼(R18),,知名媒體,子聯播網,6,3,3,100.00%,2,66.67%,1,33.33%,3.33
20260127,10,第一網站股份有限公司,2783,漫畫櫃manhuagui,20685,MW_300X250_manhuagui,antifroud,,,"5,570","2,727","2,727",100.00%,"1,106",40.56%,"1,621",59.44%,8.27
20260127,10,德榕企業有限公司,3578,TW Bodhi_mobile,20707,MW_置底創意_TW Bodhi,,,,32,16,15,93.75%,0,0.00%,15,100.00%,0.00
20260127,10,德榕企業有限公司,3578,TW Bodhi_mobile,20708,MW_蓋板_TW Bodhi,,,,200,98,97,98.98%,0,0.00%,97,100.00%,0.00
20260127,10,德榕企業有限公司,3578,TW Bodhi_mobile,20719,MW_文中創意300x250_TW Bodhi,,,,6,3,3,100.00%,0,0.00%,3,100.00%,0.00
20260127,10,德榕企業有限公司,3581,忘憂書屋,20727,CF_336x280文章頁(RWD)_忘憂書屋,,,,84,42,42,100.00%,0,0.00%,42,100.00%,0.00
20260127,10,德榕企業有限公司,3582,忘憂書屋_mobile,20728,MW_文中創意300x250_忘憂書屋,,,,67,30,28,93.33%,0,0.00%,28,100.00%,0.00
20260127,10,德榕企業有限公司,3582,忘憂書屋_mobile,20729,MW_蓋板_忘憂書屋,,,,24,12,12,100.00%,0,0.00%,12,100.00%,0.00
20260127,10,德榕企業有限公司,3582,忘憂書屋_mobile,20730,MW_置底創意_忘憂書屋,,,,18,9,9,100.00%,0,0.00%,9,100.00%,0.00
20260127,10,第一網站股份有限公司,2916,KiKiNote,20731,CF_300x250_banner_kikinote (PB),,知名媒體,,213,90,90,100.00%,26,28.89%,64,71.11%,2.62
20260127,10,第一網站股份有限公司,2910,clickme,20735,(子)CF_300x250_banner_clickme(成人),,,子聯播網,"2,546","1,105","1,105",100.00%,303,27.42%,802,72.58%,1.82
20260127,10,艾得基客行銷顧問股份有限公司,3490,太報,21317,MW_蓋版_太報,,知名媒體,,68,34,34,100.00%,24,70.59%,10,29.41%,5.55
20260127,10,第一網站股份有限公司,2768,czbooks,21412,(子)CF_970x250_banner_czbooks(限時段)-PB,,,子聯播網,"2,013",995,995,100.00%,332,33.37%,663,66.63%,4.91
20260127,10,第一網站股份有限公司,3440,fsa_passback_first,21699,CF_336x280_fsa_passback_first,,,,"2,513","1,197","1,197",100.00%,183,15.29%,"1,014",84.71%,0.77
20260127,10,富盈數據股份有限公司,3653,TVBS-女人我最大_HB,21760,MW_文章三_336x280_TVBS-女人我最大_HB,,知名媒體,,43,21,21,100.00%,16,76.19%,5,23.81%,26.00
20260127,10,富盈數據股份有限公司,3653,TVBS-女人我最大_HB,21761,MW_文章四_336x280_TVBS-女人我最大_HB,,知名媒體,,472,234,234,100.00%,141,60.26%,93,39.74%,4.25
20260127,10,富盈數據股份有限公司,3653,TVBS-女人我最大_HB,21762,MW_文章置底_320x100_TVBS-女人我最大_HB,,知名媒體,,179,89,89,100.00%,80,89.89%,9,10.11%,35.15
20260127,10,富盈數據股份有限公司,3653,TVBS-女人我最大_HB,21763,MW_文中創意320x480_TVBS-女人我最大_HB,,知名媒體,,611,300,300,100.00%,225,75.00%,75,25.00%,23.88
20260127,10,富盈數據股份有限公司,3654,TVBS-健康2.0_HB,21764,CF_文章右側300x600_TVBS-健康2.0_HB,,知名媒體,,12,6,6,100.00%,5,83.33%,1,16.67%,23.09
20260127,10,富盈數據股份有限公司,3654,TVBS-健康2.0_HB,21765,MW_文章三_336x280_TVBS-健康2.0_HB,,知名媒體,,169,84,84,100.00%,57,67.86%,27,32.14%,4.05
20260127,10,富盈數據股份有限公司,3654,TVBS-健康2.0_HB,21767,MW_文章置底_320x100_TVBS-健康2.0_HB,,知名媒體,,121,60,60,100.00%,46,76.67%,14,23.33%,33.77
20260127,10,富盈數據股份有限公司,3654,TVBS-健康2.0_HB,21768,MW_文中創意320x480_TVBS-健康2.0_HB,,知名媒體,,"3,671","1,699","1,699",100.00%,"1,143",67.27%,556,32.73%,24.38
20260127,10,富盈數據股份有限公司,3655,TVBS-食尚玩家_HB,21770,MW_文章三_336x280_TVBS-食尚玩家_HB,,知名媒體,,"1,051",514,514,100.00%,256,49.81%,258,50.19%,2.18
20260127,10,富盈數據股份有限公司,3655,TVBS-食尚玩家_HB,21771,MW_文章四_336x280_TVBS-食尚玩家_HB,,知名媒體,,48,21,21,100.00%,10,47.62%,11,52.38%,1.14
20260127,10,富盈數據股份有限公司,3655,TVBS-食尚玩家_HB,21773,MW_文中創意320x480_TVBS-食尚玩家_HB,,知名媒體,,62,31,31,100.00%,23,74.19%,8,25.81%,20.38
20260127,10,寶利拾股份有限公司,3652,愛料理_HB,21781,MW_置底創意(非展開)_愛料理_HB,,知名媒體,,6,3,3,100.00%,3,100.00%,0,0.00%,9.57
20260127,10,富盈數據股份有限公司,3654,TVBS-健康2.0_HB,21812,MW_文章一_336x280_TVBS-健康2.0_HB,,知名媒體,,675,333,333,100.00%,226,67.87%,107,32.13%,4.02
20260127,10,儂儂雜誌社股份有限公司(bella儂儂),2135,Bella儂儂_2024,21876,MW-300x250_文章標題上方1_Bella儂儂,,知名媒體,,136,68,68,100.00%,44,64.71%,24,35.29%,5.08
20260127,10,富盈數據股份有限公司,3680,TVBS-新聞網_HB,21898,CF_文章右側300x600_TVBS-新聞網_HB,,知名媒體,,50,25,25,100.00%,10,40.00%,15,60.00%,6.48
20260127,10,富盈數據股份有限公司,3680,TVBS-新聞網_HB,21899,MW_文章一_336x280_TVBS-新聞網_HB,,知名媒體,,"5,468","2,708","2,708",100.00%,"2,033",75.07%,675,24.93%,6.38
20260127,10,富盈數據股份有限公司,3680,TVBS-新聞網_HB,21900,MW_文章三_336x280_TVBS-新聞網_HB,,知名媒體,,309,154,154,100.00%,100,64.94%,54,35.06%,5.95
20260127,10,富盈數據股份有限公司,3680,TVBS-新聞網_HB,21902,MW_文章置底_320x100_TVBS-新聞網_HB,,知名媒體,,"5,911","2,929","2,929",100.00%,889,30.35%,"2,040",69.65%,11.25
20260127,10,富盈數據股份有限公司,3685,玩桌遊_mobile,21924,MW_置底創意(非展開)_玩桌遊-mobile,,,,72,36,36,100.00%,25,69.44%,11,30.56%,11.68
20260127,10,富盈數據股份有限公司,2615,熱血台中,21986,CF_336x280_全網_熱血台中,,,,68,34,34,100.00%,21,61.76%,13,38.24%,1.81
20260127,10,富盈數據股份有限公司,2615,熱血台中,21987,CF_336x280_全網_熱血台中,,,,70,34,34,100.00%,22,64.71%,12,35.29%,1.30
20260127,10,富盈數據股份有限公司,3703,繁體小說,22022,MW_置底創意(非展開)_繁體小說-mobile,,,,6,3,3,100.00%,3,100.00%,0,0.00%,31.67
20260127,10,富盈數據股份有限公司,3704,天天要聞,22030,CF_300 x 250 banner_天天要聞_cpc2,,,,"2,157","1,069","1,069",100.00%,809,75.68%,260,24.32%,8.46
20260127,10,富盈數據股份有限公司,3703,繁體小說,22031,CF_300 x 250 banner_繁體小說_cpc2,,,,363,182,182,100.00%,127,69.78%,55,30.22%,8.96
20260127,10,朱光宁,3708,石頭小說,22045,CF_336 x 280 banner_石頭小說_cpc1.67,antifroud,,,654,321,321,100.00%,238,74.14%,83,25.86%,6.20
20260127,10,冠妍動力科技有限公司,484,小老婆汽機車資訊網,22058,MW_文中創意320x480_小老婆汽機車資訊網-測試,,知名媒體,,6,3,3,100.00%,2,66.67%,1,33.33%,10.33
20260127,10,朱光宁,3718,稷下書院2,22093,CF_336 x 280 banner_稷下書院2_cpc1.67,antifroud,,,"1,291",625,625,100.00%,382,61.12%,243,38.88%,4.70
20260127,10,艾得基客行銷顧問股份有限公司,3719,遠見雜誌,22106,MW_蓋板_遠見_ESG遠見,,知名媒體,,26,13,13,100.00%,7,53.85%,6,46.15%,1.16
20260127,10,富盈數據股份有限公司,3680,TVBS-新聞網_HB,22131,CF_文中300x250_TVBS-新聞網_HB_1,,知名媒體,,12,6,6,100.00%,5,83.33%,1,16.67%,3.54
20260127,10,富盈數據股份有限公司,3680,TVBS-新聞網_HB,22132,CF_文中300x250_TVBS-新聞網_HB_2,,知名媒體,,152,74,74,100.00%,57,77.03%,17,22.97%,16.40
20260127,10,富盈數據股份有限公司,3680,TVBS-新聞網_HB,22133,CF_文中300x250_TVBS-新聞網_HB_3,,知名媒體,,320,152,152,100.00%,110,72.37%,42,27.63%,12.61
20260127,10,富盈數據股份有限公司,3730,Teepr 亮新聞 HB,22145,MW_336x280_文中創意_Teepr亮新聞 HB,,,,18,9,9,100.00%,8,88.89%,1,11.11%,8.91
20260127,10,冰楓科技有限公司,3485,冰楓論壇-exchange,22160,CF_300x250_Banner2_ 冰楓論壇-exchange,,,,6,3,3,100.00%,3,100.00%,0,0.00%,5.05
20260127,10,闇碼科技股份有限公司,3048,縮短網址產生器-reurl,22213,MW_蓋版_縮短網址產生器-reurl-2025.05(特殊供量),,知名媒體,,334,63,61,96.83%,17,27.87%,44,72.13%,1.02
20260127,10,艾得基客行銷顧問股份有限公司,3724,上報,22217,MW_置底創意(非展開)_上報,,知名媒體,,200,100,100,100.00%,96,96.00%,4,4.00%,40.89
20260127,10,艾得基客行銷顧問股份有限公司,3724,上報,22218,MW_置底(展開)_上報,,知名媒體,,70,35,35,100.00%,29,82.86%,6,17.14%,65.70
20260127,10,艾得基客行銷顧問股份有限公司,2689,Basketball Top5,22219,MW_置底(展開)_Basketball TOP5,,,,420,208,208,100.00%,142,68.27%,66,31.73%,9.55
20260127,10,欣發現股份有限公司,3363,大人物-mobile,22222,MW_蓋板_大人物,,知名媒體,,206,96,96,100.00%,26,27.08%,70,72.92%,5.37
20260127,10,朱光宁,3741,石頭小說3,22396,MW_置底_石頭小說3,,,,132,66,66,100.00%,61,92.42%,5,7.58%,23.18
20260127,10,朱光宁,3741,石頭小說3,22398,CF_336 x 280 banner_石頭小說3_cpc1.67,,,,"4,620","2,312","2,312",100.00%,"1,545",66.83%,767,33.17%,5.28
20260127,10,朱光宁,3741,石頭小說3,22399,CF_320 x 480 橫幅_石頭小說3,,,,24,12,12,100.00%,3,25.00%,9,75.00%,1.76
20260127,10,闇碼科技股份有限公司,3068,限時圖片-imgus,22406,MW_置底_imgus,antifroud,,,43,21,21,100.00%,11,52.38%,10,47.62%,3.03
20260127,10,第一網站股份有限公司,2783,漫畫櫃manhuagui,22443,MW_置底_manhuagui,antifroud,,,"7,763","3,742","3,742",100.00%,"2,841",75.92%,901,24.08%,11.58
20260127,10,艾得基客行銷顧問股份有限公司,3490,太報,22495,MW_300x250 BANNER_太報_CPM5,,知名媒體,子聯播網,18,9,9,100.00%,5,55.56%,4,44.44%,11.11
20260127,10,艾得基客行銷顧問股份有限公司,2689,Basketball Top5,22498,MW_300x250 Banner_Basketball TOP5_CPM5,,,子聯播網,812,403,403,100.00%,179,44.42%,224,55.58%,3.76
20260127,10,艾得基客行銷顧問股份有限公司,2578,鉅亨網,22507,MW_300x250_鉅亨網_直播用BN-1,,知名媒體,子聯播網,738,353,353,100.00%,98,27.76%,255,72.24%,8.44
20260127,10,艾得基客行銷顧問股份有限公司,3752,ＭoneyDJ,22514,MW_文中創意320x480_MoneyDJ,antifroud,知名媒體,,26,13,13,100.00%,8,61.54%,5,38.46%,9.86
20260127,10,艾得基客行銷顧問股份有限公司,3752,ＭoneyDJ,22515,MW_300x250 BANNER_MoneyDJ,antifroud,知名媒體,,20,10,10,100.00%,2,20.00%,8,80.00%,0.34
20260127,10,艾得基客行銷顧問股份有限公司,3373,良醫健康網,22732,MW_300x250_良醫健康網,,知名媒體,,6,3,3,100.00%,0,0.00%,3,100.00%,0.00
20260127,10,李承翰-webptt,718,Web批踢踢(RWD),2284,MW-蓋板_文中_Web批踢踢,antifroud,,,20,9,9,100.00%,3,33.33%,6,66.67%,0.86
20260127,10,英屬蓋曼群島商家庭傳媒股份有限公司城邦分公司,701,T客邦_Mobile,2647,MW_置底創意(展開)_T客邦,,知名媒體,,6,3,3,100.00%,3,100.00%,0,0.00%,37.69
20260127,10,麥智維,999,動漫戲說,3543,CF-728*90-內文上方-動漫戲說,antifroud,,,198,82,82,100.00%,61,74.39%,21,25.61%,48.55
20260127,10,肖偉彬,1287,紅櫻桃小說書庫,4678,CF-內文上方-300*250-紅櫻桃小說書庫,,,,36,18,18,100.00%,10,55.56%,8,44.44%,2.71
20260127,10,肖偉彬,1287,紅櫻桃小說書庫,4717,MW_文中創意300x250_紅櫻桃小說書庫,,,,24,10,10,100.00%,2,20.00%,8,80.00%,1.00
20260127,10,技達創意資訊有限公司,1299,泰好網,4733,CF-300*250-內文下方-泰好網,,,,24,8,8,100.00%,2,25.00%,6,75.00%,0.31
20260127,10,技達創意資訊有限公司,1299,泰好網,4734,MW-320*100-首頁、內文上方-泰好網,,,,6,2,2,100.00%,0,0.00%,2,100.00%,0.00
20260127,10,肖偉彬,1347,雲台書屋,4923,CF-上方通欄-300*250-雲台書屋,,,,18,9,9,100.00%,8,88.89%,1,11.11%,12.63
20260127,10,陈晋福,1367,電視超人,4997,CF-300X250-電視超人,,,,52,23,23,100.00%,12,52.17%,11,47.83%,2.44
20260127,10,麥智維,999,動漫戲說,6069,CF-300*250-首頁-動漫戲說,,,,53,24,24,100.00%,10,41.67%,14,58.33%,2.26
20260127,10,莊博凱,1676,夢遊電玩-exchange,6310,CF-160*600-網頁右側-夢遊電玩-exchange,,,,18,6,6,100.00%,5,83.33%,1,16.67%,92.29
20260127,10,精鏡傳媒股份有限公司,1060,鏡週刊,8250,MW_置底創意(非展開)_鏡週刊,,知名媒體,,12,6,6,100.00%,6,100.00%,0,0.00%,86.73
20260127,10,臺灣電視事業股份有限公司,52,台視,8313,PC-300x250_內文第一塊_台視財經,,知名媒體,,19,3,3,100.00%,1,33.33%,2,66.67%,10.00
20260127,10,布林遊國際有限公司,1692,Bring You,8393,CF-300X250-上方通欄右側_BringYou,,知名媒體,,6,3,3,100.00%,3,100.00%,0,0.00%,33.33
20260127,10,巧克科技新媒體股份有限公司,2127,LINE TV_Banner-exchange,8576,CF_336x280_戲劇-右側好康資訊下方_LINE TV-exchange,,知名媒體,,24,12,12,100.00%,0,0.00%,12,100.00%,0.10
20260127,10,巧克科技新媒體股份有限公司,2127,LINE TV_Banner-exchange,8577,CF_336x280_戲劇-右側好康資訊上方_LINE TV-exchange,,知名媒體,,76,38,38,100.00%,5,13.16%,33,86.84%,0.38
20260127,10,鳳梨傳媒股份有限公司,2190,民視新聞網-Exchange,8862,CF_970X90_分類新聞內頁上方_民視新聞(MCM),,知名媒體,,12,6,6,100.00%,1,16.67%,5,83.33%,0.48
20260127,10,冰楓科技有限公司,1711,冰楓短網址,9308,ＭＷ-300X250-跳轉頁下方-冰楓短網址,,,,6,2,2,100.00%,1,50.00%,1,50.00%,3.34
20260127,10,蔡瑞文,300,樂透彩幸運發財網,9470,MW-置底-樂透幸運發財網,antifroud,知名媒體,,10,5,5,100.00%,0,0.00%,5,100.00%,0.00
20260127,10,英屬維京群島商浩美數位有限公司台灣分公司,2275,TEEPR亮新聞-mobile,9804,MW_蓋版_TEEPR亮新聞-mobile,,,,6,3,3,100.00%,0,0.00%,3,100.00%,0.00
20260127,10,時報資訊股份有限公司,2335,中時電子報_2019,9887,MW-置底創意(非展開)中時電子報_2019,,知名媒體,,656,324,324,100.00%,275,84.88%,49,15.12%,30.52
20260127,11,英屬維京群島商浩美數位有限公司台灣分公司,2315,Teepr亮新聞-exchange,10012,CF_336x280Banner_Teepr亮新聞-exchange,,知名媒體,,571,258,258,100.00%,16,6.20%,242,93.80%,0.37
20260127,11,昱得資訊工作室,2528,數位書香,11080,CF_728x90_首頁上方_數位書香,antifroud,,,6,3,3,100.00%,1,33.33%,2,66.67%,3.25
20260127,11,昱得資訊工作室,2528,數位書香,11081,CF_160x600_首頁右側_數位書香,antifroud,,,170,71,71,100.00%,27,38.03%,44,61.97%,2.76
20260127,11,第一網站股份有限公司,2518,麻辣家族討論區(twbts),11082,CF-728X90-twbts,antifroud,,,"1,311",509,509,100.00%,328,64.44%,181,35.56%,4.23
20260127,11,第一網站股份有限公司,2540,risu短網址,11260,MW-300X250-MB_page_left-risu,,知名媒體,,"6,039","2,882","2,882",100.00%,"1,931",67.00%,951,33.00%,8.55
20260127,11,第一網站股份有限公司,2492,ttshow,11273,MW-300X250-ttshow,,知名媒體,,12,5,5,100.00%,2,40.00%,3,60.00%,0.40
20260127,11,第一網站股份有限公司,2601,Meme梗圖倉庫,11443,CF-336X280-meme,,,,"2,184",960,960,100.00%,93,9.69%,867,90.31%,1.17
20260127,11,第一網站股份有限公司,2540,risu短網址,11978,MW_變形蓋版_risu短網址,,知名媒體,,80,40,40,100.00%,35,87.50%,5,12.50%,13.50
20260127,11,第一網站股份有限公司,2540,risu短網址,11979,MW_置底創意_risu短網址(IOS),,知名媒體,,24,12,12,100.00%,12,100.00%,0,0.00%,17.91
20260127,11,第一網站股份有限公司,2540,risu短網址,12009,MW_置底創意_risu短網址(Android),,知名媒體,,12,6,6,100.00%,6,100.00%,0,0.00%,15.00
20260127,11,艾得基客行銷顧問股份有限公司,2578,鉅亨網,12070,MW_320x480_文中創意_鉅亨網,,知名媒體,,"10,080","4,939","4,939",100.00%,"3,827",77.49%,"1,112",22.51%,13.37
20260127,11,葉志斌,2745,繁中寶可夢卡表生成器-奶爸工作室-exchange,12210,CF_728x90__文末__繁中寶可夢卡表生成器,,,,12,6,6,100.00%,4,66.67%,2,33.33%,15.95
20260127,11,第一網站股份有限公司,2540,risu短網址,12496,CF_300x250_popup(直播) _risu短網址,antifroud,知名媒體,,88,30,30,100.00%,20,66.67%,10,33.33%,2.12
20260127,11,時報資訊股份有限公司,2770,中時電子報_HB,12559,CF_300x250_右側互動看版_中時電子報_HB,,知名媒體,,"1,454",688,688,100.00%,271,39.39%,417,60.61%,6.60
20260127,11,時報資訊股份有限公司,2770,中時電子報_HB,12560,CF_336x280_文中看板_中時電子報_HB,,知名媒體,,"1,417",671,671,100.00%,493,73.47%,178,26.53%,26.36
20260127,11,時報資訊股份有限公司,2770,中時電子報_HB,12561,MW_300x250_內頁TOP Banner_中時電子報_HB,antifroud,知名媒體,,"17,446","8,585","8,584",99.99%,"1,621",18.88%,"6,963",81.12%,1.38
20260127,11,第一網站股份有限公司,2768,czbooks,12570,CF_728x90_banner_czbooks,,,,"5,224","2,571","2,570",99.96%,"1,956",76.11%,614,23.89%,4.44
20260127,11,第一網站股份有限公司,2768,czbooks,12571,CF-300x600_Banner_czbooks,,,,240,119,119,100.00%,77,64.71%,42,35.29%,86.36
20260127,11,鳳梨傳媒股份有限公司,2190,民視新聞網-Exchange,12579,CF_300x250_右側第一塊_民視新聞網-Exchange(RWD)(MCM),,知名媒體,,"1,287",627,627,100.00%,48,7.66%,579,92.34%,1.41
20260127,11,鳳梨傳媒股份有限公司,2190,民視新聞網-Exchange,12580,CF_300x250_內文文中左側_民視新聞網-Exchange(RWD)(MCM),,知名媒體,,"1,552",753,753,100.00%,44,5.84%,709,94.16%,0.47
20260127,11,第一網站股份有限公司,2783,漫畫櫃manhuagui,12676,CF_728X90_manhuagui,antifroud,,,"50,511","24,827","24,827",100.00%,"9,428",37.97%,"15,399",62.03%,5.34
20260127,11,艾得基客行銷顧問股份有限公司,2635,工商時報,12761,MW_320x480_文中創意_工商時報new,,知名媒體,,48,24,24,100.00%,19,79.17%,5,20.83%,17.48
20260127,11,第一網站股份有限公司,2801,damanwoo,12868,CF-300x250_Banner_damanwoo_大人物,,,,86,32,32,100.00%,2,6.25%,30,93.75%,0.26
20260127,11,第一網站股份有限公司,2820,星座好朋友(horofriend88),12966,MW_320x100_horofriend88,antifroud,,,62,31,31,100.00%,29,93.55%,2,6.45%,33.62
20260127,11,時報資訊股份有限公司,2335,中時電子報_2019,12974,MW-置底創意(展開)-中時電子報_2019,antifroud,知名媒體,,211,105,105,100.00%,30,28.57%,75,71.43%,3.11
20260127,11,第一網站股份有限公司,2838,mycard,13041,MW_320x480_加倍mycard,,,,12,0,0,0.00%,0,0.00%,0,0.00%,0.00
20260127,11,和運租車股份有限公司,2878,abc好車網,13368,CF_970x90_物件頁下方_abc好車網,,知名媒體,,6,3,3,100.00%,0,0.00%,3,100.00%,0.06
20260127,11,曾憲敏,202,85小說網,13445,MW_336X280_全量1_85小說網,,,,292,146,146,100.00%,65,44.52%,81,55.48%,6.08
20260127,11,曾憲敏,202,85小說網,13446,MW_336X280_全量2_85小說網,,,,"2,561","1,276","1,276",100.00%,651,51.02%,625,48.98%,8.34
20260127,11,第一網站股份有限公司,2768,czbooks,13481,MW_300x250_banner_czbooks,antifroud,,子聯播網,"111,507","55,062","55,062",100.00%,"21,294",38.67%,"33,768",61.33%,2.75
20260127,11,第一網站股份有限公司,2768,czbooks,13482,(子)CF_300x600_banner_czbooks(限時段),,,子聯播網,437,218,218,100.00%,150,68.81%,68,31.19%,111.58
20260127,11,第一網站股份有限公司,2768,czbooks,13483,(子)CF_970x250_banner_czbooks(限時段),,,子聯播網,565,283,283,100.00%,127,44.88%,156,55.12%,5.35
20260127,11,第一網站股份有限公司,2910,clickme,13548,(子)CF_300x250_banner_clickme(一般),,,子聯播網,"1,020",424,424,100.00%,121,28.54%,303,71.46%,5.75
20260127,11,第一網站股份有限公司,2910,clickme,13549,CF_300x250_banner_clickme(一般),,,,622,334,334,100.00%,39,11.68%,295,88.32%,0.68
20260127,11,第一網站股份有限公司,2916,KiKiNote,13576,(子)CF_300x250_banner_kikinote,,知名媒體,子聯播網,"2,453","1,126","1,126",100.00%,129,11.46%,997,88.54%,2.83
20260127,11,闇碼科技股份有限公司,2992,縮短網址產生器-reurl-exchange,13848,CF_300x250_轉址失敗_最右邊_reurl,,知名媒體,,18,5,5,100.00%,2,40.00%,3,60.00%,2.87
20260127,11,闇碼科技股份有限公司,2992,縮短網址產生器-reurl-exchange,13856,CF_300x250_轉址失敗頁第二塊_reurl,,知名媒體,,24,5,5,100.00%,2,40.00%,3,60.00%,2.94
20260127,11,闇碼科技股份有限公司,2992,縮短網址產生器-reurl-exchange,13860,CF_300x250_網址下方右側_reurl,,知名媒體,,6,3,3,100.00%,1,33.33%,2,66.67%,5.00
20260127,11,闇碼科技股份有限公司,2992,縮短網址產生器-reurl-exchange,13861,CF_300x250_網址下方右側(PB)_reurl,,知名媒體,,6,3,3,100.00%,2,66.67%,1,33.33%,10.33
20260127,11,第一網站股份有限公司,2768,czbooks,13903,(子)CF_300x250_banner_czbooks(直播),antifroud,,子聯播網,"14,873","6,508","6,503",99.92%,"1,695",26.06%,"4,808",73.94%,0.91
20260127,11,第一網站股份有限公司,2768,czbooks,14036,MW_320x480_CZBOOKS,antifroud,,,124,59,59,100.00%,8,13.56%,51,86.44%,1.34
20260127,11,陳人鳳,480,飛格寵物家族_PC,1407,CF-728X90_上方通欄_飛格寵物家族,,,,24,6,6,100.00%,3,50.00%,3,50.00%,1.83
20260127,11,陳人鳳,480,飛格寵物家族_PC,1408,CF-300X250_內文_飛格寵物家族,,,,88,3,3,100.00%,3,100.00%,0,0.00%,2.09
20260127,11,飛凡傳播股份有限公司,1921,非凡新聞台-exchange,14188,MW_300x250_內文上方_非凡新聞-exchange,antifroud,知名媒體,,6,3,3,100.00%,2,66.67%,1,33.33%,31.91
20260127,11,闇碼科技股份有限公司,3048,縮短網址產生器-reurl,14210,MW_文中創意300x250_縮短網址產生器-reurl,,知名媒體,,270,56,56,100.00%,33,58.93%,23,41.07%,2.30
20260127,11,巨思文化股份有限公司,3052,經理人_HB,14238,MW_文章結束第一塊_300x250_經理人-HB,,知名媒體,,20,10,10,100.00%,2,20.00%,8,80.00%,6.10
20260127,11,巨思文化股份有限公司,3052,經理人_HB,14241,MW_300x250_內文下方_經理人-HB,,知名媒體,,14,7,7,100.00%,1,14.29%,6,85.71%,8.57
20260127,11,巨思文化股份有限公司,3053,數位時代_HB,14246,MW_300x250_文章結束第一塊_數位時代-HB,,知名媒體,,14,7,7,100.00%,0,0.00%,7,100.00%,0.00
20260127,11,富盈數據股份有限公司,3059,塔科女子,14258,CF_336x280_全網_塔科女子,,知名媒體,,154,85,85,100.00%,42,49.41%,43,50.59%,3.53
20260127,11,CBROOT LTD,3003,包子漫畫-exchange,14291,MW_300x250_蓋板(PB)_包子漫畫,,,,338,166,166,100.00%,98,59.04%,68,40.96%,12.58
20260127,11,朱光宁,3152,石頭小說-exchange,14472,MW_336x280_Banner_石頭小說,,,,"6,326","3,054","3,054",100.00%,"2,136",69.94%,918,30.06%,7.35
20260127,11,朱光宁,3268,稷下書院-mobile,14737,MW_置底創意(非展開)_稷下書院-mobile,,,,18,9,9,100.00%,6,66.67%,3,33.33%,12.70
20260127,11,朱光宁,3149,稷下書院-exchange,14748,MW_320x100_置底(PB)_稷下書院,,,,"21,367","10,556","10,555",99.99%,263,2.49%,"10,292",97.51%,0.08
20260127,11,巨思文化股份有限公司,3053,數位時代_HB,14764,MW_置底創意_(非展開)_數位時代_HB,,知名媒體,,172,85,85,100.00%,72,84.71%,13,15.29%,19.74
20260127,11,中天電視股份有限公司,3282,中天新聞網-exchange,14980,CF_970x250_內頁_PC置頂橫幅-中天新聞網-exchange,,知名媒體,,122,40,40,100.00%,8,20.00%,32,80.00%,2.69
20260127,11,曾憲敏,3327,85小說網_創意,15227,MW-300X250_85小說網_隨身影音PB,,,,18,9,9,100.00%,5,55.56%,4,44.44%,7.91
20260127,11,曾憲敏,3327,85小說網_創意,15228,MW-創意-85小說網,,,,190,95,95,100.00%,77,81.05%,18,18.95%,50.61
20260127,11,千晶文化事業股份有限公司,3336,Beauty 美人圈,15254,MW_置底創意(非展開)_ Beauty 美人圈,,知名媒體,,"1,375",683,683,100.00%,617,90.34%,66,9.66%,32.26
20260127,11,中天電視股份有限公司,3282,中天新聞網-exchange,15859,CF_336x280_內頁_PC右側互動看板B-中天新聞網-exchange,,知名媒體,,594,245,245,100.00%,123,50.20%,122,49.80%,7.41
20260127,11,布林遊國際有限公司,2620,Bring You-exchange,15951,CF_300x600_右側通欄_BringYou-exchange,,知名媒體,,6,3,3,100.00%,1,33.33%,2,66.67%,3.39
20260127,11,CBROOT LTD,3352,西瓜卡通-exchange,15969,CF_728x90_影音內容_西瓜卡通-exchange,,,,6,3,3,100.00%,0,0.00%,3,100.00%,0.00
20260127,11,CBROOT LTD,3352,西瓜卡通-exchange,15970,CF_160x600_影音內容_西瓜卡通-exchange,,,,26,13,13,100.00%,2,15.38%,11,84.62%,5.21
20260127,11,時報資訊股份有限公司,2817,旺得富,16908,CF_970x250_MiddleBanner_旺得富,,知名媒體,,6,3,3,100.00%,0,0.00%,3,100.00%,0.00
20260127,11,時報資訊股份有限公司,2817,旺得富,16911,CF_300x250_Billboard_2nd_旺得富,,知名媒體,,18,9,9,100.00%,2,22.22%,7,77.78%,1.78
20260127,11,葉志斌,2745,繁中寶可夢卡表生成器-奶爸工作室-exchange,16950,CF_160x600_Banner_繁中寶可夢卡表生成器-奶爸工作室-exchange,,,,12,6,6,100.00%,3,50.00%,3,50.00%,30.48
20260127,11,朱光宁,3360,提莫書屋-exchange,16957,MW_336x280banner_提莫書屋_exchange,,,,"17,051","8,471","8,471",100.00%,"6,079",71.76%,"2,392",28.24%,5.65
20260127,11,朱光宁,3361,提莫書屋-mobile,16958,MW_置底創意_提莫書屋-mobile,,,,66,33,33,100.00%,32,96.97%,1,3.03%,13.73
20260127,11,朱光宁,3361,提莫書屋-mobile,16959,MW_320x480_文中創意_提莫書屋-mobile,,,,62,31,31,100.00%,25,80.65%,6,19.35%,4.92
20260127,11,欣發現股份有限公司,3365,Hami任務牆-mobile,16969,MW_置底創意_Hami任務牆,,知名媒體,,121,59,59,100.00%,36,61.02%,23,38.98%,3.29
20260127,11,欣發現股份有限公司,3364,女子學-mobile,16972,MW_置底創意_女子學,antifroud,,,276,118,118,100.00%,0,0.00%,118,100.00%,0.00
20260127,11,欣發現股份有限公司,3363,大人物-mobile,16973,MW_置底創意_大人物,,知名媒體,,26,12,12,100.00%,6,50.00%,6,50.00%,13.46
20260127,11,欣發現股份有限公司,3362,妞新聞-mobile,16974,MW_置底創意_妞新聞,,知名媒體,,6,3,3,100.00%,2,66.67%,1,33.33%,2.00
20260127,11,朱光宁,3149,稷下書院-exchange,17003,(子)CF_336x280_Banner(指定流量)_稷下書院-exchange,,,子聯播網,6,3,3,100.00%,0,0.00%,3,100.00%,0.00
20260127,11,第一網站股份有限公司,2783,漫畫櫃manhuagui,17027,MW_320x480_蓋版_漫畫櫃manhuagui,,,,846,418,418,100.00%,35,8.37%,383,91.63%,0.53
20260127,11,艾得基客行銷顧問股份有限公司,3373,良醫健康網,17092,MW_置底創意_良醫健康網,,知名媒體,,129,64,64,100.00%,57,89.06%,7,10.94%,28.01
20260127,11,詠勝科技有限公司,3385,Mobile01_HB,17174,CF_970x250_超級橫幅_置底_Mobile01_HB,,知名媒體,,6,3,3,100.00%,1,33.33%,2,66.67%,0.59
20260127,11,詠勝科技有限公司,3385,Mobile01_HB,17175,CF_970x90_橫幅Banner_Mobile01_HB,,知名媒體,,"1,863",860,860,100.00%,273,31.74%,587,68.26%,2.49
20260127,11,詠勝科技有限公司,3385,Mobile01_HB,17176,CF_728x90_內頁橫幅Banner_7F_Mobile01_HB,,知名媒體,,158,78,78,100.00%,62,79.49%,16,20.51%,5.51
20260127,11,詠勝科技有限公司,3385,Mobile01_HB,17178,CF_300x250_頻道頁_大看板_Mobile01_HB,,知名媒體,,12,6,6,100.00%,2,33.33%,4,66.67%,5.17
20260127,11,詠勝科技有限公司,3385,Mobile01_HB,17179,CF_300x250_熱門大看板_Mobile01_HB,,知名媒體,,668,309,309,100.00%,157,50.81%,152,49.19%,7.23
20260127,11,詠勝科技有限公司,3385,Mobile01_HB,17180,CF_300x250_置底看板左_Mobile01_HB,,知名媒體,,325,159,159,100.00%,50,31.45%,109,68.55%,1.73
20260127,11,詠勝科技有限公司,3385,Mobile01_HB,17181,CF_300x250_置底看板中_Mobile01_HB,,知名媒體,,312,154,154,100.00%,54,35.06%,100,64.94%,1.84
20260127,11,詠勝科技有限公司,3385,Mobile01_HB,17182,CF_300x250_置底看板右_Mobile01_HB,,知名媒體,,6,3,3,100.00%,0,0.00%,3,100.00%,0.00
20260127,11,詠勝科技有限公司,3385,Mobile01_HB,17183,CF_300x600_大摩天_Mobile01_HB,,知名媒體,,245,121,121,100.00%,65,53.72%,56,46.28%,10.12
20260127,11,朱光宁,3268,稷下書院-mobile,17207,MW_320x480_蓋版_稷下書院-mobile,,,,"1,877",769,769,100.00%,377,49.02%,392,50.98%,4.92
20260127,11,李立娟,3395,vivi0視頻-exchange,17293,CF_336x280_Banner_vivi01視頻-exchange,antifroud,,,"47,493","23,315","23,314",100.00%,"3,503",15.03%,"19,811",84.97%,0.35
20260127,11,李立娟,3395,vivi0視頻-exchange,17294,MW_336x280_Banner_vivi01視頻-exchange,antifroud,,,"45,301","22,213","22,213",100.00%,"8,314",37.43%,"13,899",62.57%,1.55
20260127,11,李立娟,3395,vivi0視頻-exchange,17299,MW_300x250_蓋板(PB)-vivi01視頻-exchange,,,,14,7,7,100.00%,0,0.00%,7,100.00%,0.00
20260127,11,李立娟,3395,vivi0視頻-exchange,17300,MW_320x100_置底(PB)_vivi01視頻-exchange,antifroud,,,"69,399","34,051","34,051",100.00%,"22,796",66.95%,"11,255",33.05%,15.07
20260127,11,李立娟,3397,趣聞圖說-exchange,17309,MW_336x280_文中Banner_趣聞圖說-exchange,,,,26,11,11,100.00%,6,54.55%,5,45.45%,3.24
20260127,11,曾憲敏,601,85小說網_PC,1773,CF-300x250_85小說網_內文1,,,,254,127,127,100.00%,106,83.46%,21,16.54%,16.07
20260127,11,李立娟,3396,趣聞圖說-Mobile,17923,MW_置底創意(展開)_趣聞圖說-Mobile,,,,64,32,32,100.00%,25,78.12%,7,21.88%,7.20
20260127,11,第一網站股份有限公司,2768,czbooks,17927,MW_置底創意_czbook,,,,"6,991","3,461","3,461",100.00%,"2,054",59.35%,"1,407",40.65%,18.29
20260127,11,時報資訊股份有限公司_工商時報,3427,工商時報-exchange,18003,CF_300x250_互動看板2_工商時報-exchange,,知名媒體,,18,9,9,100.00%,4,44.44%,5,55.56%,2.39
20260127,11,時報資訊股份有限公司_工商時報,3427,工商時報-exchange,18007,CF_336x280_文末右側看板_工商時報-exchange,,知名媒體,,80,38,38,100.00%,8,21.05%,30,78.95%,2.70
20260127,11,時報資訊股份有限公司_工商時報,3427,工商時報-exchange,18008,CF_336x280_文末左側看板_工商時報-exchange,,知名媒體,,32,15,15,100.00%,4,26.67%,11,73.33%,6.48
20260127,11,時報資訊股份有限公司_工商時報,3427,工商時報-exchange,18014,MW_300x250_文末Banner1_工商時報-exchange,,知名媒體,,94,46,46,100.00%,3,6.52%,43,93.48%,0.17
20260127,11,時報資訊股份有限公司_工商時報,3427,工商時報-exchange,18015,MW_300x250_文末Banner2_工商時報-exchange,,知名媒體,,230,114,114,100.00%,0,0.00%,114,100.00%,0.00
20260127,11,第一網站股份有限公司,3440,fsa_passback_first,18201,CF_336x280_fsa_passback_first,,,,"2,405","1,105","1,105",100.00%,263,23.80%,842,76.20%,0.90
20260127,11,第一網站股份有限公司,3440,fsa_passback_first,18202,CF_300x250_fsa_passback_first,,,,"3,978","1,843","1,843",100.00%,"1,070",58.06%,773,41.94%,35.12
20260127,11,第一網站股份有限公司,3440,fsa_passback_first,18266,(子)CF_970x250_cfbanner_blog,,,子聯播網,"2,919","1,198","1,198",100.00%,214,17.86%,984,82.14%,1.39
20260127,11,莊博凱,3455,夢遊電玩,18269,300x250 Banner,,,,12,4,4,100.00%,3,75.00%,1,25.00%,0.89
20260127,11,朱光宁,3268,稷下書院-mobile,18297,MW_置底創意(展開)_稷下書院-mobile,,,,166,83,83,100.00%,50,60.24%,33,39.76%,14.89
20260127,11,冰楓科技有限公司,3485,冰楓論壇-exchange,18487,CF_970x90_內文上方第一塊_冰楓論壇-exchange,,,,742,346,346,100.00%,67,19.36%,279,80.64%,2.26
20260127,11,冰楓科技有限公司,3485,冰楓論壇-exchange,18488,MW_320x100_內文上方第一塊_ 冰楓論壇-exchange,antifroud,,,80,28,28,100.00%,18,64.29%,10,35.71%,8.22
20260127,11,冰楓科技有限公司,3485,冰楓論壇-exchange,18492,MW_300x250_Banner_ 冰楓論壇-exchange,,,,399,184,184,100.00%,102,55.43%,82,44.57%,2.94
20260127,11,闇碼科技股份有限公司,3048,縮短網址產生器-reurl,18535,MW_蓋版_縮短網址產生器-reurl,,知名媒體,,18,9,9,100.00%,4,44.44%,5,55.56%,0.78
20260127,11,CBROOT LTD,3492,包子漫畫(特開流量)-exchange,18544,(子)CF_300x600_指定流量_包子漫畫(特開流量)-exchange,,,子聯播網,248,87,87,100.00%,12,13.79%,75,86.21%,11.49
20260127,11,CBROOT LTD,3492,包子漫畫(特開流量)-exchange,18557,CF_300x600_指定流量_包子漫畫(特開流量PB)-exchange,,,,126,59,59,100.00%,39,66.10%,20,33.90%,46.03
20260127,11,CBROOT LTD,3510,包子漫畫_twmanga-exchange,18732,MW_336x280_Banner_包子漫畫_twmanga,,,子聯播網,"46,995","23,384","23,384",100.00%,"6,545",27.99%,"16,839",72.01%,0.68
20260127,11,CBROOT LTD,3510,包子漫畫_twmanga-exchange,18737,CF_970x90_Banner_ 包子漫畫_twmanga-exchange,,,,319,151,151,100.00%,34,22.52%,117,77.48%,0.71
20260127,11,闇碼科技股份有限公司,2992,縮短網址產生器-reurl-exchange,18876,CF_首頁連結bar下方_縮短網址產生器-reurl-exchange,,知名媒體,,6,3,3,100.00%,3,100.00%,0,0.00%,5.43
20260127,11,舒禾驊,3535,荷花動漫筆記,18887,CF_336x280_文章頁文中_荷花動漫筆記,,,,6,3,3,100.00%,3,100.00%,0,0.00%,2.58
20260127,11,台灣英文新聞股份有限公司,3537,台灣英文新聞(new)-exchange,18914,MW_320x100_內文頁_置頂橫幅_台灣英文新聞(new)-exchange,,知名媒體,,6,3,3,100.00%,0,0.00%,3,100.00%,0.00
20260127,11,台灣英文新聞股份有限公司,3537,台灣英文新聞(new)-exchange,18924,CF_300x250_內容頁_右側看版_1_台灣英文新聞(new)-exchange,,知名媒體,,74,29,29,100.00%,3,10.34%,26,89.66%,4.56
20260127,11,台灣英文新聞股份有限公司,3537,台灣英文新聞(new)-exchange,18925,CF_300x600_內容頁_右側看版_2_台灣英文新聞(new)-exchange,,知名媒體,,18,9,9,100.00%,2,22.22%,7,77.78%,7.19
20260127,11,聯合線上股份有限公司,3549,UDN元氣網,19018,CF_首頁文章推薦第三格300x250_UDN元氣網,,知名媒體,,46,23,23,100.00%,5,21.74%,18,78.26%,4.30
20260127,11,艾得基客行銷顧問股份有限公司,3490,太報,19043,MW_置底創意(展開)_太報,,知名媒體,,32,16,16,100.00%,15,93.75%,1,6.25%,20.51
20260127,11,艾得基客行銷顧問股份有限公司,3552,玩具人,19044,MW_320x480_文中創意_玩具人,,知名媒體,,44,22,22,100.00%,12,54.55%,10,45.45%,14.42
20260127,11,先驅媒體社會企業股份有限公司,3554,新頭殼(R18),19047,(子)CF_300x250Banner_newtalk.tw_content_300250_1_新頭殼(R18),,知名媒體,子聯播網,12,6,6,100.00%,2,33.33%,4,66.67%,0.53
20260127,11,先驅媒體社會企業股份有限公司,3554,新頭殼(R18),19048,CF_970x250Banner_新頭殼(R18),antifroud,知名媒體,,6,2,2,100.00%,1,50.00%,1,50.00%,7.50
20260127,11,劉佳鑫,2886,哇哇3C日誌-mobile,20614,MW_文中創意320x480_哇哇3C日誌-mobile,,知名媒體,,8,4,4,100.00%,4,100.00%,0,0.00%,5.54
20260127,11,第一網站股份有限公司,2783,漫畫櫃manhuagui,20685,MW_300X250_manhuagui,antifroud,,,"7,031","3,448","3,448",100.00%,"1,415",41.04%,"2,033",58.96%,9.01
20260127,11,德榕企業有限公司,3578,TW Bodhi_mobile,20708,MW_蓋板_TW Bodhi,,,,200,97,96,98.97%,0,0.00%,96,100.00%,0.00
20260127,11,德榕企業有限公司,3581,忘憂書屋,20727,CF_336x280文章頁(RWD)_忘憂書屋,,,,125,61,60,98.36%,0,0.00%,60,100.00%,0.00
20260127,11,德榕企業有限公司,3582,忘憂書屋_mobile,20728,MW_文中創意300x250_忘憂書屋,,,,59,25,25,100.00%,0,0.00%,25,100.00%,0.00
20260127,11,德榕企業有限公司,3582,忘憂書屋_mobile,20729,MW_蓋板_忘憂書屋,,,,24,12,12,100.00%,0,0.00%,12,100.00%,0.00
20260127,11,德榕企業有限公司,3582,忘憂書屋_mobile,20730,MW_置底創意_忘憂書屋,,,,18,9,9,100.00%,0,0.00%,9,100.00%,0.00
20260127,11,第一網站股份有限公司,2910,clickme,20735,(子)CF_300x250_banner_clickme(成人),,,子聯播網,"9,014","3,946","3,946",100.00%,"1,194",30.26%,"2,752",69.74%,2.09
20260127,11,艾得基客行銷顧問股份有限公司,3490,太報,21317,MW_蓋版_太報,,知名媒體,,87,43,43,100.00%,26,60.47%,17,39.53%,6.69
20260127,11,第一網站股份有限公司,2768,czbooks,21412,(子)CF_970x250_banner_czbooks(限時段)-PB,,,子聯播網,"2,694","1,332","1,332",100.00%,426,31.98%,906,68.02%,4.11
20260127,11,第一網站股份有限公司,3440,fsa_passback_first,21699,CF_336x280_fsa_passback_first,,,,"2,374","1,033","1,033",100.00%,164,15.88%,869,84.12%,0.62
20260127,11,朱光宁,3269,石頭小說-mobile,21741,MW_320x480_蓋版_石頭小說-mobile,antifroud,,,6,2,2,100.00%,1,50.00%,1,50.00%,6.68
20260127,11,富盈數據股份有限公司,3653,TVBS-女人我最大_HB,21760,MW_文章三_336x280_TVBS-女人我最大_HB,,知名媒體,,54,27,27,100.00%,18,66.67%,9,33.33%,5.20
20260127,11,富盈數據股份有限公司,3653,TVBS-女人我最大_HB,21761,MW_文章四_336x280_TVBS-女人我最大_HB,,知名媒體,,822,410,410,100.00%,282,68.78%,128,31.22%,3.44
20260127,11,富盈數據股份有限公司,3653,TVBS-女人我最大_HB,21762,MW_文章置底_320x100_TVBS-女人我最大_HB,,知名媒體,,142,70,70,100.00%,69,98.57%,1,1.43%,35.83
20260127,11,富盈數據股份有限公司,3653,TVBS-女人我最大_HB,21763,MW_文中創意320x480_TVBS-女人我最大_HB,,知名媒體,,842,410,410,100.00%,322,78.54%,88,21.46%,26.91
20260127,11,富盈數據股份有限公司,3654,TVBS-健康2.0_HB,21765,MW_文章三_336x280_TVBS-健康2.0_HB,,知名媒體,,32,15,15,100.00%,10,66.67%,5,33.33%,4.07
20260127,11,富盈數據股份有限公司,3654,TVBS-健康2.0_HB,21767,MW_文章置底_320x100_TVBS-健康2.0_HB,,知名媒體,,72,36,36,100.00%,29,80.56%,7,19.44%,31.89
20260127,11,富盈數據股份有限公司,3654,TVBS-健康2.0_HB,21768,MW_文中創意320x480_TVBS-健康2.0_HB,,知名媒體,,"4,077","1,943","1,943",100.00%,"1,361",70.05%,582,29.95%,24.23
20260127,11,富盈數據股份有限公司,3655,TVBS-食尚玩家_HB,21770,MW_文章三_336x280_TVBS-食尚玩家_HB,,知名媒體,,"1,443",705,705,100.00%,378,53.62%,327,46.38%,4.09
20260127,11,富盈數據股份有限公司,3655,TVBS-食尚玩家_HB,21771,MW_文章四_336x280_TVBS-食尚玩家_HB,,知名媒體,,44,21,21,100.00%,13,61.90%,8,38.10%,3.59
20260127,11,富盈數據股份有限公司,3655,TVBS-食尚玩家_HB,21773,MW_文中創意320x480_TVBS-食尚玩家_HB,,知名媒體,,54,27,27,100.00%,19,70.37%,8,29.63%,13.47
20260127,11,寶利拾股份有限公司,3652,愛料理_HB,21781,MW_置底創意(非展開)_愛料理_HB,,知名媒體,,12,6,6,100.00%,5,83.33%,1,16.67%,23.65
20260127,11,富盈數據股份有限公司,3654,TVBS-健康2.0_HB,21812,MW_文章一_336x280_TVBS-健康2.0_HB,,知名媒體,,152,75,75,100.00%,50,66.67%,25,33.33%,5.40
20260127,11,先驅媒體社會企業股份有限公司,3554,新頭殼(R18),21839,ＭＷ_336x280Banner_newtalk.tw_mobile_all_336280_2_新頭殼(R18),antifroud,知名媒體,,6,3,3,100.00%,1,33.33%,2,66.67%,10.23
20260127,11,儂儂雜誌社股份有限公司(bella儂儂),2135,Bella儂儂_2024,21876,MW-300x250_文章標題上方1_Bella儂儂,,知名媒體,,133,65,65,100.00%,41,63.08%,24,36.92%,2.51
20260127,11,富盈數據股份有限公司,3680,TVBS-新聞網_HB,21898,CF_文章右側300x600_TVBS-新聞網_HB,,知名媒體,,44,21,21,100.00%,7,33.33%,14,66.67%,7.33
20260127,11,富盈數據股份有限公司,3680,TVBS-新聞網_HB,21899,MW_文章一_336x280_TVBS-新聞網_HB,,知名媒體,,"4,333","2,142","2,142",100.00%,"1,499",69.98%,643,30.02%,4.96
20260127,11,富盈數據股份有限公司,3680,TVBS-新聞網_HB,21900,MW_文章三_336x280_TVBS-新聞網_HB,,知名媒體,,460,228,228,100.00%,129,56.58%,99,43.42%,2.59
20260127,11,富盈數據股份有限公司,3680,TVBS-新聞網_HB,21902,MW_文章置底_320x100_TVBS-新聞網_HB,,知名媒體,,"5,984","2,954","2,954",100.00%,958,32.43%,"1,996",67.57%,9.12
20260127,11,富盈數據股份有限公司,3685,玩桌遊_mobile,21924,MW_置底創意(非展開)_玩桌遊-mobile,,,,125,62,62,100.00%,42,67.74%,20,32.26%,19.77
20260127,11,富盈數據股份有限公司,2615,熱血台中,21986,CF_336x280_全網_熱血台中,,,,34,17,17,100.00%,11,64.71%,6,35.29%,2.39
20260127,11,富盈數據股份有限公司,2615,熱血台中,21987,CF_336x280_全網_熱血台中,,,,26,13,13,100.00%,8,61.54%,5,38.46%,2.91
20260127,11,富盈數據股份有限公司,3703,繁體小說,22022,MW_置底創意(非展開)_繁體小說-mobile,,,,6,3,3,100.00%,2,66.67%,1,33.33%,11.67
20260127,11,富盈數據股份有限公司,3704,天天要聞,22030,CF_300 x 250 banner_天天要聞_cpc2,,,,"4,104","2,038","2,038",100.00%,"1,568",76.94%,470,23.06%,8.33
20260127,11,富盈數據股份有限公司,3703,繁體小說,22031,CF_300 x 250 banner_繁體小說_cpc2,,,,593,292,292,100.00%,207,70.89%,85,29.11%,8.35
20260127,11,朱光宁,3708,石頭小說,22045,CF_336 x 280 banner_石頭小說_cpc1.67,antifroud,,,"2,197","1,072","1,072",100.00%,709,66.14%,363,33.86%,5.85
20260127,11,冠妍動力科技有限公司,484,小老婆汽機車資訊網,22058,MW_文中創意320x480_小老婆汽機車資訊網-測試,,知名媒體,,12,6,6,100.00%,3,50.00%,3,50.00%,25.57
20260127,11,朱光宁,3718,稷下書院2,22093,CF_336 x 280 banner_稷下書院2_cpc1.67,antifroud,,,"3,763","1,819","1,819",100.00%,"1,113",61.19%,706,38.81%,5.05
20260127,11,富盈數據股份有限公司,3680,TVBS-新聞網_HB,22131,CF_文中300x250_TVBS-新聞網_HB_1,,知名媒體,,12,6,6,100.00%,4,66.67%,2,33.33%,64.86
20260127,11,富盈數據股份有限公司,3680,TVBS-新聞網_HB,22132,CF_文中300x250_TVBS-新聞網_HB_2,,知名媒體,,56,28,28,100.00%,21,75.00%,7,25.00%,26.64
20260127,11,富盈數據股份有限公司,3680,TVBS-新聞網_HB,22133,CF_文中300x250_TVBS-新聞網_HB_3,,知名媒體,,277,135,135,100.00%,102,75.56%,33,24.44%,9.97
20260127,11,富盈數據股份有限公司,3730,Teepr 亮新聞 HB,22145,MW_336x280_文中創意_Teepr亮新聞 HB,,,,6,3,3,100.00%,0,0.00%,3,100.00%,0.00
20260127,11,闇碼科技股份有限公司,3048,縮短網址產生器-reurl,22213,MW_蓋版_縮短網址產生器-reurl-2025.05(特殊供量),,知名媒體,,246,51,50,98.04%,10,20.00%,40,80.00%,0.90
20260127,11,艾得基客行銷顧問股份有限公司,3724,上報,22217,MW_置底創意(非展開)_上報,,知名媒體,,"1,021",508,508,100.00%,478,94.09%,30,5.91%,62.62
20260127,11,艾得基客行銷顧問股份有限公司,3724,上報,22218,MW_置底(展開)_上報,,知名媒體,,431,214,214,100.00%,171,79.91%,43,20.09%,46.19
20260127,11,艾得基客行銷顧問股份有限公司,2689,Basketball Top5,22219,MW_置底(展開)_Basketball TOP5,,,,790,394,394,100.00%,319,80.96%,75,19.04%,6.44
20260127,11,欣發現股份有限公司,3363,大人物-mobile,22222,MW_蓋板_大人物,,知名媒體,,82,39,39,100.00%,14,35.90%,25,64.10%,8.32
20260127,11,朱光宁,3741,石頭小說3,22396,MW_置底_石頭小說3,,,,536,267,267,100.00%,246,92.13%,21,7.87%,24.96
20260127,11,朱光宁,3741,石頭小說3,22398,CF_336 x 280 banner_石頭小說3_cpc1.67,,,,"11,204","5,606","5,606",100.00%,"3,781",67.45%,"1,825",32.55%,5.28
20260127,11,朱光宁,3741,石頭小說3,22399,CF_320 x 480 橫幅_石頭小說3,,,,62,31,31,100.00%,23,74.19%,8,25.81%,4.53
20260127,11,艾得基客行銷顧問股份有限公司,3724,上報,22405,MW_蓋版_上報,,知名媒體,,134,64,64,100.00%,33,51.56%,31,48.44%,6.05
20260127,11,闇碼科技股份有限公司,3068,限時圖片-imgus,22406,MW_置底_imgus,antifroud,,,162,81,81,100.00%,63,77.78%,18,22.22%,5.84
20260127,11,第一網站股份有限公司,2783,漫畫櫃manhuagui,22443,MW_置底_manhuagui,antifroud,,,"8,044","3,897","3,897",100.00%,"2,987",76.65%,910,23.35%,10.02
20260127,11,艾得基客行銷顧問股份有限公司,3490,太報,22495,MW_300x250 BANNER_太報_CPM5,,知名媒體,子聯播網,24,12,12,100.00%,5,41.67%,7,58.33%,6.61
20260127,11,艾得基客行銷顧問股份有限公司,2689,Basketball Top5,22498,MW_300x250 Banner_Basketball TOP5_CPM5,,,子聯播網,795,395,395,100.00%,163,41.27%,232,58.73%,2.99
20260127,11,艾得基客行銷顧問股份有限公司,2578,鉅亨網,22507,MW_300x250_鉅亨網_直播用BN-1,,知名媒體,子聯播網,829,399,399,100.00%,115,28.82%,284,71.18%,10.14
20260127,11,艾得基客行銷顧問股份有限公司,3752,ＭoneyDJ,22514,MW_文中創意320x480_MoneyDJ,antifroud,知名媒體,,44,22,22,100.00%,12,54.55%,10,45.45%,9.65
20260127,11,艾得基客行銷顧問股份有限公司,3752,ＭoneyDJ,22515,MW_300x250 BANNER_MoneyDJ,antifroud,知名媒體,,6,3,3,100.00%,1,33.33%,2,66.67%,1.35
20260127,11,艾得基客行銷顧問股份有限公司,3373,良醫健康網,22732,MW_300x250_良醫健康網,,知名媒體,,6,3,3,100.00%,0,0.00%,3,100.00%,0.00
20260127,11,李承翰-webptt,718,Web批踢踢(RWD),2284,MW-蓋板_文中_Web批踢踢,antifroud,,,38,13,13,100.00%,6,46.15%,7,53.85%,1.78
20260127,11,麥智維,999,動漫戲說,3543,CF-728*90-內文上方-動漫戲說,antifroud,,,229,100,100,100.00%,44,44.00%,56,56.00%,46.85
20260127,11,肖偉彬,1287,紅櫻桃小說書庫,4678,CF-內文上方-300*250-紅櫻桃小說書庫,,,,22,11,11,100.00%,9,81.82%,2,18.18%,9.91
20260127,11,肖偉彬,1287,紅櫻桃小說書庫,4717,MW_文中創意300x250_紅櫻桃小說書庫,,,,26,9,9,100.00%,5,55.56%,4,44.44%,6.84
20260127,11,技達創意資訊有限公司,1299,泰好網,4733,CF-300*250-內文下方-泰好網,,,,6,2,2,100.00%,0,0.00%,2,100.00%,0.00
20260127,11,陈晋福,1367,電視超人,4997,CF-300X250-電視超人,,,,12,6,6,100.00%,4,66.67%,2,33.33%,3.67
20260127,11,麥智維,999,動漫戲說,6069,CF-300*250-首頁-動漫戲說,,,,99,40,40,100.00%,19,47.50%,21,52.50%,3.84
20260127,11,莊博凱,1676,夢遊電玩-exchange,6310,CF-160*600-網頁右側-夢遊電玩-exchange,,,,12,4,4,100.00%,4,100.00%,0,0.00%,35.00
20260127,11,臺灣電視事業股份有限公司,52,台視,8313,PC-300x250_內文第一塊_台視財經,,知名媒體,,8,4,4,100.00%,0,0.00%,4,100.00%,0.00
20260127,11,巧克科技新媒體股份有限公司,2127,LINE TV_Banner-exchange,8576,CF_336x280_戲劇-右側好康資訊下方_LINE TV-exchange,,知名媒體,,24,11,11,100.00%,0,0.00%,11,100.00%,0.00
20260127,11,巧克科技新媒體股份有限公司,2127,LINE TV_Banner-exchange,8577,CF_336x280_戲劇-右側好康資訊上方_LINE TV-exchange,,知名媒體,,84,41,41,100.00%,7,17.07%,34,82.93%,0.44
20260127,11,鳳梨傳媒股份有限公司,2191,四季線上影視-Exchange,8860,CF_300X250_文章右側_今日最新上方_四季線上,antifroud,知名媒體,,22,0,0,0.00%,0,0.00%,0,0.00%,0.00
20260127,11,冰楓科技有限公司,2289,BFFile,9576,CF-300X600-下載頁上方-BFFile,,,,6,2,2,100.00%,2,100.00%,0,0.00%,4.27
20260127,11,時報資訊股份有限公司,2335,中時電子報_2019,9887,MW-置底創意(非展開)中時電子報_2019,,知名媒體,,933,461,461,100.00%,369,80.04%,92,19.96%,30.91
20260127,12,英屬維京群島商浩美數位有限公司台灣分公司,2315,Teepr亮新聞-exchange,10012,CF_336x280Banner_Teepr亮新聞-exchange,,知名媒體,,"2,375","1,162","1,162",100.00%,41,3.53%,"1,121",96.47%,0.20
20260127,12,昱得資訊工作室,2528,數位書香,11081,CF_160x600_首頁右側_數位書香,antifroud,,,355,151,151,100.00%,55,36.42%,96,63.58%,2.54
20260127,12,第一網站股份有限公司,2518,麻辣家族討論區(twbts),11082,CF-728X90-twbts,antifroud,,,"1,589",610,610,100.00%,395,64.75%,215,35.25%,4.42
20260127,12,第一網站股份有限公司,2540,risu短網址,11260,MW-300X250-MB_page_left-risu,,知名媒體,,502,231,231,100.00%,170,73.59%,61,26.41%,10.37
20260127,12,第一網站股份有限公司,2492,ttshow,11273,MW-300X250-ttshow,,知名媒體,,12,5,5,100.00%,0,0.00%,5,100.00%,0.14
20260127,12,第一網站股份有限公司,2601,Meme梗圖倉庫,11443,CF-336X280-meme,,,,949,428,428,100.00%,67,15.65%,361,84.35%,1.54
20260127,12,艾得基客行銷顧問股份有限公司,2578,鉅亨網,12070,MW_320x480_文中創意_鉅亨網,,知名媒體,,"15,103","7,408","7,408",100.00%,"5,598",75.57%,"1,810",24.43%,14.63
20260127,12,第一網站股份有限公司,2540,risu短網址,12496,CF_300x250_popup(直播) _risu短網址,antifroud,知名媒體,,12,4,4,100.00%,2,50.00%,2,50.00%,0.50
20260127,12,時報資訊股份有限公司,2770,中時電子報_HB,12559,CF_300x250_右側互動看版_中時電子報_HB,,知名媒體,,696,329,329,100.00%,126,38.30%,203,61.70%,5.25
20260127,12,時報資訊股份有限公司,2770,中時電子報_HB,12560,CF_336x280_文中看板_中時電子報_HB,,知名媒體,,681,324,324,100.00%,246,75.93%,78,24.07%,31.30
20260127,12,時報資訊股份有限公司,2770,中時電子報_HB,12561,MW_300x250_內頁TOP Banner_中時電子報_HB,antifroud,知名媒體,,"1,228",577,577,100.00%,91,15.77%,486,84.23%,1.95
20260127,12,第一網站股份有限公司,2768,czbooks,12570,CF_728x90_banner_czbooks,,,,"51,662","25,391","25,390",100.00%,"18,813",74.10%,"6,577",25.90%,4.66
20260127,12,鳳梨傳媒股份有限公司,2190,民視新聞網-Exchange,12579,CF_300x250_右側第一塊_民視新聞網-Exchange(RWD)(MCM),,知名媒體,,"7,011","3,434","3,434",100.00%,176,5.13%,"3,258",94.87%,0.83
20260127,12,鳳梨傳媒股份有限公司,2190,民視新聞網-Exchange,12580,CF_300x250_內文文中左側_民視新聞網-Exchange(RWD)(MCM),,知名媒體,,"7,765","3,800","3,800",100.00%,264,6.95%,"3,536",93.05%,0.47
20260127,12,第一網站股份有限公司,2783,漫畫櫃manhuagui,12676,CF_728X90_manhuagui,antifroud,,,"57,132","28,030","28,028",99.99%,"10,028",35.78%,"18,000",64.22%,6.06
20260127,12,艾得基客行銷顧問股份有限公司,2635,工商時報,12761,MW_320x480_文中創意_工商時報new,,知名媒體,,52,26,26,100.00%,23,88.46%,3,11.54%,13.35
20260127,12,第一網站股份有限公司,2801,damanwoo,12868,CF-300x250_Banner_damanwoo_大人物,,,,54,21,21,100.00%,0,0.00%,21,100.00%,0.03
20260127,12,第一網站股份有限公司,2820,星座好朋友(horofriend88),12966,MW_320x100_horofriend88,antifroud,,,44,22,22,100.00%,19,86.36%,3,13.64%,22.93
20260127,12,時報資訊股份有限公司,2335,中時電子報_2019,12974,MW-置底創意(展開)-中時電子報_2019,antifroud,知名媒體,,216,107,107,100.00%,27,25.23%,80,74.77%,1.25
20260127,12,第一網站股份有限公司,2836,vivi01,13032,MW_置底創意_vivi01 ViVi視頻,,,,6,3,3,100.00%,2,66.67%,1,33.33%,0.67
20260127,12,第一網站股份有限公司,2838,mycard,13041,MW_320x480_加倍mycard,,,,215,0,0,0.00%,0,0.00%,0,0.00%,0.00
20260127,12,東森電視事業股份有限公司,2014,東森新聞網,13162,MW_置底創意(展開)_東森新聞網,antifroud,知名媒體,,307,152,152,100.00%,64,42.11%,88,57.89%,5.84
20260127,12,東森電視事業股份有限公司,2014,東森新聞網,13163,MW_文中創意320x480_東森新聞網,,知名媒體,,"4,088","2,000","2,000",100.00%,"1,640",82.00%,360,18.00%,23.82
20260127,12,第一網站股份有限公司,2862,Manhuaren,13254,MW_320x100_banner_manhuaren,,,,20,10,10,100.00%,8,80.00%,2,20.00%,4.34
20260127,12,和運租車股份有限公司,2878,abc好車網,13368,CF_970x90_物件頁下方_abc好車網,,知名媒體,,6,3,3,100.00%,1,33.33%,2,66.67%,6.57
20260127,12,譚謹恩,2885,Mr. & Mrs. Diary-exchange,13406,MW_300x250_內文文中-Mr. & Mrs. Diary-exchange,,,,6,3,3,100.00%,3,100.00%,0,0.00%,10.56
20260127,12,曾憲敏,202,85小說網,13445,MW_336X280_全量1_85小說網,,,,623,310,310,100.00%,155,50.00%,155,50.00%,5.62
20260127,12,曾憲敏,202,85小說網,13446,MW_336X280_全量2_85小說網,,,,"5,039","2,499","2,499",100.00%,"1,353",54.14%,"1,146",45.86%,6.44
20260127,12,曾憲敏,601,85小說網_PC,13450,(子)CF_336x280_全量2_85小說網,,,子聯播網,148,74,74,100.00%,59,79.73%,15,20.27%,12.55
20260127,12,第一網站股份有限公司,2768,czbooks,13481,MW_300x250_banner_czbooks,antifroud,,子聯播網,"4,887","2,419","2,419",100.00%,952,39.36%,"1,467",60.64%,3.26
20260127,12,第一網站股份有限公司,2768,czbooks,13482,(子)CF_300x600_banner_czbooks(限時段),,,子聯播網,641,320,320,100.00%,252,78.75%,68,21.25%,131.39
20260127,12,第一網站股份有限公司,2768,czbooks,13483,(子)CF_970x250_banner_czbooks(限時段),,,子聯播網,"1,103",551,551,100.00%,259,47.01%,292,52.99%,8.88
20260127,12,第一網站股份有限公司,2910,clickme,13548,(子)CF_300x250_banner_clickme(一般),,,子聯播網,664,299,299,100.00%,100,33.44%,199,66.56%,3.44
20260127,12,第一網站股份有限公司,2910,clickme,13549,CF_300x250_banner_clickme(一般),,,,806,441,441,100.00%,59,13.38%,382,86.62%,0.91
20260127,12,第一網站股份有限公司,2916,KiKiNote,13576,(子)CF_300x250_banner_kikinote,,知名媒體,子聯播網,"2,152",978,978,100.00%,135,13.80%,843,86.20%,1.28
20260127,12,闇碼科技股份有限公司,2992,縮短網址產生器-reurl-exchange,13848,CF_300x250_轉址失敗_最右邊_reurl,,知名媒體,,216,10,9,90.00%,2,22.22%,7,77.78%,1.38
20260127,12,闇碼科技股份有限公司,2992,縮短網址產生器-reurl-exchange,13856,CF_300x250_轉址失敗頁第二塊_reurl,,知名媒體,,223,10,10,100.00%,2,20.00%,8,80.00%,1.25
20260127,12,第一網站股份有限公司,2768,czbooks,13903,(子)CF_300x250_banner_czbooks(直播),antifroud,,子聯播網,"18,699","8,113","8,112",99.99%,"2,291",28.24%,"5,821",71.76%,1.27
20260127,12,第一網站股份有限公司,2768,czbooks,14036,MW_320x480_CZBOOKS,antifroud,,,72,36,36,100.00%,9,25.00%,27,75.00%,1.44
20260127,12,陳人鳳,480,飛格寵物家族_PC,1407,CF-728X90_上方通欄_飛格寵物家族,,,,30,7,7,100.00%,6,85.71%,1,14.29%,24.14
20260127,12,陳人鳳,480,飛格寵物家族_PC,1408,CF-300X250_內文_飛格寵物家族,,,,145,7,7,100.00%,7,100.00%,0,0.00%,39.63
20260127,12,東森電視事業股份有限公司,2014,東森新聞網,14097,MW_蓋版_東森新聞網,,知名媒體,,"1,914",944,944,100.00%,20,2.12%,924,97.88%,2.08
20260127,12,飛凡傳播股份有限公司,1921,非凡新聞台-exchange,14188,MW_300x250_內文上方_非凡新聞-exchange,antifroud,知名媒體,,12,3,3,100.00%,3,100.00%,0,0.00%,62.45
20260127,12,闇碼科技股份有限公司,3048,縮短網址產生器-reurl,14210,MW_文中創意300x250_縮短網址產生器-reurl,,知名媒體,,620,81,79,97.53%,38,48.10%,41,51.90%,2.77
20260127,12,巨思文化股份有限公司,3052,經理人_HB,14240,CF_300x250_內文下方左側_經理人-HB,,知名媒體,,6,3,3,100.00%,1,33.33%,2,66.67%,0.68
20260127,12,巨思文化股份有限公司,3053,數位時代_HB,14242,CF_300x250_內文下方左側_數位時代-HB,,知名媒體,,6,3,3,100.00%,0,0.00%,3,100.00%,0.00
20260127,12,巨思文化股份有限公司,3053,數位時代_HB,14246,MW_300x250_文章結束第一塊_數位時代-HB,,知名媒體,,6,3,3,100.00%,0,0.00%,3,100.00%,0.00
20260127,12,富盈數據股份有限公司,3059,塔科女子,14258,CF_336x280_全網_塔科女子,,知名媒體,,16,8,8,100.00%,4,50.00%,4,50.00%,2.75
20260127,12,CBROOT LTD,3003,包子漫畫-exchange,14291,MW_300x250_蓋板(PB)_包子漫畫,,,,617,307,307,100.00%,167,54.40%,140,45.60%,10.00
20260127,12,朱光宁,3152,石頭小說-exchange,14472,MW_336x280_Banner_石頭小說,,,,"8,010","3,908","3,908",100.00%,"2,891",73.98%,"1,017",26.02%,8.16
20260127,12,朱光宁,3149,稷下書院-exchange,14748,MW_320x100_置底(PB)_稷下書院,,,,"28,156","13,850","13,850",100.00%,387,2.79%,"13,463",97.21%,0.09
20260127,12,巨思文化股份有限公司,3053,數位時代_HB,14764,MW_置底創意_(非展開)_數位時代_HB,,知名媒體,,405,201,201,100.00%,185,92.04%,16,7.96%,24.83
20260127,12,中天電視股份有限公司,3282,中天新聞網-exchange,14980,CF_970x250_內頁_PC置頂橫幅-中天新聞網-exchange,,知名媒體,,110,43,43,100.00%,13,30.23%,30,69.77%,2.32
20260127,12,曾憲敏,3327,85小說網_創意,15227,MW-300X250_85小說網_隨身影音PB,,,,18,9,9,100.00%,3,33.33%,6,66.67%,5.35
20260127,12,曾憲敏,3327,85小說網_創意,15228,MW-創意-85小說網,,,,6,3,3,100.00%,1,33.33%,2,66.67%,45.58
20260127,12,千晶文化事業股份有限公司,3336,Beauty 美人圈,15254,MW_置底創意(非展開)_ Beauty 美人圈,,知名媒體,,"2,277","1,127","1,127",100.00%,"1,036",91.93%,91,8.07%,37.02
20260127,12,中天電視股份有限公司,3282,中天新聞網-exchange,15859,CF_336x280_內頁_PC右側互動看板B-中天新聞網-exchange,,知名媒體,,769,331,331,100.00%,148,44.71%,183,55.29%,11.13
20260127,12,CBROOT LTD,3352,西瓜卡通-exchange,15970,CF_160x600_影音內容_西瓜卡通-exchange,,,,6,3,3,100.00%,0,0.00%,3,100.00%,0.00
20260127,12,朱光宁,3360,提莫書屋-exchange,16957,MW_336x280banner_提莫書屋_exchange,,,,"21,234","10,511","10,511",100.00%,"8,111",77.17%,"2,400",22.83%,6.53
20260127,12,朱光宁,3361,提莫書屋-mobile,16958,MW_置底創意_提莫書屋-mobile,,,,6,3,3,100.00%,3,100.00%,0,0.00%,20.67
20260127,12,朱光宁,3361,提莫書屋-mobile,16959,MW_320x480_文中創意_提莫書屋-mobile,,,,120,60,60,100.00%,44,73.33%,16,26.67%,3.46
20260127,12,欣發現股份有限公司,3365,Hami任務牆-mobile,16969,MW_置底創意_Hami任務牆,,知名媒體,,103,51,51,100.00%,27,52.94%,24,47.06%,5.69
20260127,12,欣發現股份有限公司,3364,女子學-mobile,16972,MW_置底創意_女子學,antifroud,,,83,41,41,100.00%,0,0.00%,41,100.00%,0.08
20260127,12,欣發現股份有限公司,3363,大人物-mobile,16973,MW_置底創意_大人物,,知名媒體,,104,50,50,100.00%,25,50.00%,25,50.00%,4.00
20260127,12,欣發現股份有限公司,3362,妞新聞-mobile,16974,MW_置底創意_妞新聞,,知名媒體,,6,3,3,100.00%,2,66.67%,1,33.33%,5.46
20260127,12,朱光宁,3149,稷下書院-exchange,17003,(子)CF_336x280_Banner(指定流量)_稷下書院-exchange,,,子聯播網,18,6,6,100.00%,0,0.00%,6,100.00%,0.00
20260127,12,第一網站股份有限公司,2783,漫畫櫃manhuagui,17027,MW_320x480_蓋版_漫畫櫃manhuagui,,,,114,57,57,100.00%,6,10.53%,51,89.47%,0.78
20260127,12,艾得基客行銷顧問股份有限公司,3373,良醫健康網,17092,MW_置底創意_良醫健康網,,知名媒體,,92,46,46,100.00%,40,86.96%,6,13.04%,28.18
20260127,12,詠勝科技有限公司,3385,Mobile01_HB,17178,CF_300x250_頻道頁_大看板_Mobile01_HB,,知名媒體,,6,3,3,100.00%,0,0.00%,3,100.00%,0.31
20260127,12,詠勝科技有限公司,3385,Mobile01_HB,17179,CF_300x250_熱門大看板_Mobile01_HB,,知名媒體,,276,129,129,100.00%,61,47.29%,68,52.71%,5.99
20260127,12,詠勝科技有限公司,3385,Mobile01_HB,17180,CF_300x250_置底看板左_Mobile01_HB,,知名媒體,,8,4,4,100.00%,1,25.00%,3,75.00%,0.46
20260127,12,詠勝科技有限公司,3385,Mobile01_HB,17181,CF_300x250_置底看板中_Mobile01_HB,,知名媒體,,30,15,15,100.00%,3,20.00%,12,80.00%,0.47
20260127,12,詠勝科技有限公司,3385,Mobile01_HB,17182,CF_300x250_置底看板右_Mobile01_HB,,知名媒體,,33,16,16,100.00%,4,25.00%,12,75.00%,0.79
20260127,12,詠勝科技有限公司,3385,Mobile01_HB,17183,CF_300x600_大摩天_Mobile01_HB,,知名媒體,,36,15,15,100.00%,5,33.33%,10,66.67%,1.95
20260127,12,朱光宁,3268,稷下書院-mobile,17207,MW_320x480_蓋版_稷下書院-mobile,,,,"1,079",462,462,100.00%,250,54.11%,212,45.89%,5.19
20260127,12,中華電視股份有限公司,3389,華視-mobile,17230,MW_置底創意(非展開)_華視-mobile,,知名媒體,,161,78,78,100.00%,72,92.31%,6,7.69%,23.16
20260127,12,中華電視股份有限公司,3389,華視-mobile,17232,MW_文中創意320x480_華視-mobile,,知名媒體,,46,23,23,100.00%,18,78.26%,5,21.74%,22.46
20260127,12,李立娟,3395,vivi0視頻-exchange,17293,CF_336x280_Banner_vivi01視頻-exchange,antifroud,,,"45,175","22,117","22,117",100.00%,"3,344",15.12%,"18,773",84.88%,0.47
20260127,12,李立娟,3395,vivi0視頻-exchange,17294,MW_336x280_Banner_vivi01視頻-exchange,antifroud,,,"53,780","26,329","26,327",99.99%,"9,525",36.18%,"16,802",63.82%,1.52
20260127,12,李立娟,3395,vivi0視頻-exchange,17299,MW_300x250_蓋板(PB)-vivi01視頻-exchange,,,,6,3,3,100.00%,0,0.00%,3,100.00%,0.00
20260127,12,李立娟,3395,vivi0視頻-exchange,17300,MW_320x100_置底(PB)_vivi01視頻-exchange,antifroud,,,"84,839","41,562","41,561",100.00%,"27,540",66.26%,"14,021",33.74%,14.49
20260127,12,李立娟,3397,趣聞圖說-exchange,17309,MW_336x280_文中Banner_趣聞圖說-exchange,,,,24,12,12,100.00%,9,75.00%,3,25.00%,9.52
20260127,12,曾憲敏,601,85小說網_PC,1773,CF-300x250_85小說網_內文1,,,,254,126,126,100.00%,110,87.30%,16,12.70%,15.33
20260127,12,李立娟,3396,趣聞圖說-Mobile,17923,MW_置底創意(展開)_趣聞圖說-Mobile,,,,42,21,21,100.00%,10,47.62%,11,52.38%,4.10
20260127,12,第一網站股份有限公司,2768,czbooks,17927,MW_置底創意_czbook,,,,"10,837","5,361","5,361",100.00%,"2,590",48.31%,"2,771",51.69%,8.82
20260127,12,時報資訊股份有限公司_工商時報,3427,工商時報-exchange,18003,CF_300x250_互動看板2_工商時報-exchange,,知名媒體,,6,2,2,100.00%,0,0.00%,2,100.00%,0.00
20260127,12,時報資訊股份有限公司_工商時報,3427,工商時報-exchange,18007,CF_336x280_文末右側看板_工商時報-exchange,,知名媒體,,12,6,6,100.00%,0,0.00%,6,100.00%,0.00
20260127,12,時報資訊股份有限公司_工商時報,3427,工商時報-exchange,18014,MW_300x250_文末Banner1_工商時報-exchange,,知名媒體,,32,16,16,100.00%,1,6.25%,15,93.75%,0.31
20260127,12,時報資訊股份有限公司_工商時報,3427,工商時報-exchange,18015,MW_300x250_文末Banner2_工商時報-exchange,,知名媒體,,112,56,56,100.00%,1,1.79%,55,98.21%,0.02
20260127,12,第一網站股份有限公司,3440,fsa_passback_first,18201,CF_336x280_fsa_passback_first,,,,"1,936",911,911,100.00%,187,20.53%,724,79.47%,0.55
20260127,12,第一網站股份有限公司,3440,fsa_passback_first,18202,CF_300x250_fsa_passback_first,,,,"4,494","2,134","2,134",100.00%,"1,292",60.54%,842,39.46%,41.23
20260127,12,第一網站股份有限公司,3440,fsa_passback_first,18266,(子)CF_970x250_cfbanner_blog,,,子聯播網,"4,665","2,055","2,055",100.00%,441,21.46%,"1,614",78.54%,1.19
20260127,12,莊博凱,3455,夢遊電玩,18269,300x250 Banner,,,,6,0,0,0.00%,0,0.00%,0,0.00%,0.00
20260127,12,朱光宁,3268,稷下書院-mobile,18297,MW_置底創意(展開)_稷下書院-mobile,,,,378,189,189,100.00%,91,48.15%,98,51.85%,6.17
20260127,12,冰楓科技有限公司,3485,冰楓論壇-exchange,18487,CF_970x90_內文上方第一塊_冰楓論壇-exchange,,,,731,309,309,100.00%,63,20.39%,246,79.61%,2.85
20260127,12,冰楓科技有限公司,3485,冰楓論壇-exchange,18488,MW_320x100_內文上方第一塊_ 冰楓論壇-exchange,antifroud,,,32,12,12,100.00%,9,75.00%,3,25.00%,13.67
20260127,12,冰楓科技有限公司,3485,冰楓論壇-exchange,18492,MW_300x250_Banner_ 冰楓論壇-exchange,,,,375,156,156,100.00%,78,50.00%,78,50.00%,2.67
20260127,12,CBROOT LTD,3492,包子漫畫(特開流量)-exchange,18544,(子)CF_300x600_指定流量_包子漫畫(特開流量)-exchange,,,子聯播網,322,126,126,100.00%,37,29.37%,89,70.63%,17.45
20260127,12,CBROOT LTD,3510,包子漫畫_twmanga-exchange,18732,MW_336x280_Banner_包子漫畫_twmanga,,,子聯播網,"1,918",958,958,100.00%,284,29.65%,674,70.35%,0.76
20260127,12,CBROOT LTD,3510,包子漫畫_twmanga-exchange,18735,CF_336x280_Banner_包子漫畫_twmanga-exchange,,,,20,8,8,100.00%,3,37.50%,5,62.50%,1.53
20260127,12,CBROOT LTD,3510,包子漫畫_twmanga-exchange,18737,CF_970x90_Banner_ 包子漫畫_twmanga-exchange,,,,12,6,6,100.00%,1,16.67%,5,83.33%,1.09
20260127,12,舒禾驊,3535,荷花動漫筆記,18887,CF_336x280_文章頁文中_荷花動漫筆記,,,,31,16,16,100.00%,7,43.75%,9,56.25%,6.53
20260127,12,台灣英文新聞股份有限公司,3537,台灣英文新聞(new)-exchange,18924,CF_300x250_內容頁_右側看版_1_台灣英文新聞(new)-exchange,,知名媒體,,36,15,15,100.00%,2,13.33%,13,86.67%,1.14
20260127,12,聯合線上股份有限公司,3549,UDN元氣網,19018,CF_首頁文章推薦第三格300x250_UDN元氣網,,知名媒體,,25,13,13,100.00%,5,38.46%,8,61.54%,4.06
20260127,12,艾得基客行銷顧問股份有限公司,3490,太報,19043,MW_置底創意(展開)_太報,,知名媒體,,443,220,220,100.00%,148,67.27%,72,32.73%,16.86
20260127,12,艾得基客行銷顧問股份有限公司,3552,玩具人,19044,MW_320x480_文中創意_玩具人,,知名媒體,,74,35,35,100.00%,23,65.71%,12,34.29%,13.97
20260127,12,第一網站股份有限公司,2783,漫畫櫃manhuagui,20685,MW_300X250_manhuagui,antifroud,,,"7,030","3,441","3,441",100.00%,"1,436",41.73%,"2,005",58.27%,9.49
20260127,12,德榕企業有限公司,3577,TW Bodhi,20705,(子)CF_336x280_文章頁(RWD)_TW Bodhi,antifroud,,子聯播網,6,3,3,100.00%,0,0.00%,3,100.00%,0.00
20260127,12,德榕企業有限公司,3578,TW Bodhi_mobile,20707,MW_置底創意_TW Bodhi,,,,30,14,14,100.00%,0,0.00%,14,100.00%,0.00
20260127,12,德榕企業有限公司,3578,TW Bodhi_mobile,20708,MW_蓋板_TW Bodhi,,,,308,149,149,100.00%,0,0.00%,149,100.00%,0.00
20260127,12,德榕企業有限公司,3581,忘憂書屋,20727,CF_336x280文章頁(RWD)_忘憂書屋,,,,94,46,46,100.00%,0,0.00%,46,100.00%,0.00
20260127,12,德榕企業有限公司,3582,忘憂書屋_mobile,20728,MW_文中創意300x250_忘憂書屋,,,,58,26,26,100.00%,0,0.00%,26,100.00%,0.00
20260127,12,德榕企業有限公司,3582,忘憂書屋_mobile,20729,MW_蓋板_忘憂書屋,,,,18,9,9,100.00%,0,0.00%,9,100.00%,0.00
20260127,12,德榕企業有限公司,3582,忘憂書屋_mobile,20730,MW_置底創意_忘憂書屋,,,,6,3,3,100.00%,0,0.00%,3,100.00%,0.00
20260127,12,第一網站股份有限公司,2910,clickme,20735,(子)CF_300x250_banner_clickme(成人),,,子聯播網,"8,355","3,908","3,908",100.00%,"1,046",26.77%,"2,862",73.23%,1.65
20260127,12,第一網站股份有限公司,3440,fsa_passback_first,21699,CF_336x280_fsa_passback_first,,,,"1,419",670,670,100.00%,65,9.70%,605,90.30%,0.73
20260127,12,朱光宁,3269,石頭小說-mobile,21741,MW_320x480_蓋版_石頭小說-mobile,antifroud,,,12,6,6,100.00%,1,16.67%,5,83.33%,0.54
20260127,12,富盈數據股份有限公司,3653,TVBS-女人我最大_HB,21760,MW_文章三_336x280_TVBS-女人我最大_HB,,知名媒體,,166,83,83,100.00%,61,73.49%,22,26.51%,8.17
20260127,12,富盈數據股份有限公司,3653,TVBS-女人我最大_HB,21761,MW_文章四_336x280_TVBS-女人我最大_HB,,知名媒體,,"2,109","1,052","1,052",100.00%,748,71.10%,304,28.90%,3.77
20260127,12,富盈數據股份有限公司,3653,TVBS-女人我最大_HB,21763,MW_文中創意320x480_TVBS-女人我最大_HB,,知名媒體,,"1,469",721,721,100.00%,577,80.03%,144,19.97%,27.30
20260127,12,富盈數據股份有限公司,3654,TVBS-健康2.0_HB,21765,MW_文章三_336x280_TVBS-健康2.0_HB,,知名媒體,,12,6,6,100.00%,4,66.67%,2,33.33%,1.40
20260127,12,富盈數據股份有限公司,3654,TVBS-健康2.0_HB,21768,MW_文中創意320x480_TVBS-健康2.0_HB,,知名媒體,,"13,173","6,170","6,170",100.00%,"4,305",69.77%,"1,865",30.23%,24.36
20260127,12,富盈數據股份有限公司,3655,TVBS-食尚玩家_HB,21770,MW_文章三_336x280_TVBS-食尚玩家_HB,,知名媒體,,"2,517","1,228","1,228",100.00%,724,58.96%,504,41.04%,3.85
20260127,12,富盈數據股份有限公司,3655,TVBS-食尚玩家_HB,21771,MW_文章四_336x280_TVBS-食尚玩家_HB,,知名媒體,,146,73,73,100.00%,40,54.79%,33,45.21%,2.00
20260127,12,富盈數據股份有限公司,3655,TVBS-食尚玩家_HB,21773,MW_文中創意320x480_TVBS-食尚玩家_HB,,知名媒體,,"2,125","1,026","1,024",99.81%,786,76.76%,238,23.24%,20.94
20260127,12,寶利拾股份有限公司,3652,愛料理_HB,21781,MW_置底創意(非展開)_愛料理_HB,,知名媒體,,6,3,3,100.00%,3,100.00%,0,0.00%,6.28
20260127,12,富盈數據股份有限公司,3654,TVBS-健康2.0_HB,21812,MW_文章一_336x280_TVBS-健康2.0_HB,,知名媒體,,50,25,25,100.00%,17,68.00%,8,32.00%,3.98
20260127,12,先驅媒體社會企業股份有限公司,3554,新頭殼(R18),21839,ＭＷ_336x280Banner_newtalk.tw_mobile_all_336280_2_新頭殼(R18),antifroud,知名媒體,,8,4,4,100.00%,2,50.00%,2,50.00%,23.75
20260127,12,儂儂雜誌社股份有限公司(bella儂儂),2135,Bella儂儂_2024,21876,MW-300x250_文章標題上方1_Bella儂儂,,知名媒體,,342,170,170,100.00%,96,56.47%,74,43.53%,4.36
20260127,12,富盈數據股份有限公司,3680,TVBS-新聞網_HB,21899,MW_文章一_336x280_TVBS-新聞網_HB,,知名媒體,,"3,352","1,666","1,666",100.00%,"1,178",70.71%,488,29.29%,5.92
20260127,12,富盈數據股份有限公司,3680,TVBS-新聞網_HB,21900,MW_文章三_336x280_TVBS-新聞網_HB,,知名媒體,,"1,078",539,539,100.00%,271,50.28%,268,49.72%,2.41
20260127,12,富盈數據股份有限公司,3680,TVBS-新聞網_HB,21902,MW_文章置底_320x100_TVBS-新聞網_HB,,知名媒體,,"2,876","1,426","1,426",100.00%,469,32.89%,957,67.11%,11.76
20260127,12,富盈數據股份有限公司,3684,稅美人_mobile,21923,MW_置底創意(非展開)_稅美人-mobile,,,,6,3,3,100.00%,2,66.67%,1,33.33%,5.89
20260127,12,富盈數據股份有限公司,3685,玩桌遊_mobile,21924,MW_置底創意(非展開)_玩桌遊-mobile,,,,524,262,262,100.00%,201,76.72%,61,23.28%,14.60
20260127,12,富盈數據股份有限公司,2615,熱血台中,21986,CF_336x280_全網_熱血台中,,,,6,3,3,100.00%,1,33.33%,2,66.67%,0.33
20260127,12,富盈數據股份有限公司,2615,熱血台中,21987,CF_336x280_全網_熱血台中,,,,50,25,25,100.00%,5,20.00%,20,80.00%,0.96
20260127,12,富盈數據股份有限公司,3704,天天要聞,22030,CF_300 x 250 banner_天天要聞_cpc2,,,,922,448,448,100.00%,335,74.78%,113,25.22%,8.61
20260127,12,富盈數據股份有限公司,3703,繁體小說,22031,CF_300 x 250 banner_繁體小說_cpc2,,,,54,27,27,100.00%,19,70.37%,8,29.63%,14.80
20260127,12,朱光宁,3708,石頭小說,22045,CF_336 x 280 banner_石頭小說_cpc1.67,antifroud,,,"51,510","25,316","25,316",100.00%,"16,457",65.01%,"8,859",34.99%,6.12
20260127,12,冠妍動力科技有限公司,484,小老婆汽機車資訊網,22058,MW_文中創意320x480_小老婆汽機車資訊網-測試,,知名媒體,,12,6,6,100.00%,4,66.67%,2,33.33%,18.71
20260127,12,朱光宁,3718,稷下書院2,22093,CF_336 x 280 banner_稷下書院2_cpc1.67,antifroud,,,"54,959","26,282","26,282",100.00%,"16,623",63.25%,"9,659",36.75%,5.86
20260127,12,富盈數據股份有限公司,3680,TVBS-新聞網_HB,22131,CF_文中300x250_TVBS-新聞網_HB_1,,知名媒體,,6,3,3,100.00%,3,100.00%,0,0.00%,1.47
20260127,12,富盈數據股份有限公司,3680,TVBS-新聞網_HB,22132,CF_文中300x250_TVBS-新聞網_HB_2,,知名媒體,,42,20,20,100.00%,15,75.00%,5,25.00%,11.94
20260127,12,富盈數據股份有限公司,3680,TVBS-新聞網_HB,22133,CF_文中300x250_TVBS-新聞網_HB_3,,知名媒體,,129,60,60,100.00%,44,73.33%,16,26.67%,14.66
20260127,12,闇碼科技股份有限公司,3048,縮短網址產生器-reurl,22213,MW_蓋版_縮短網址產生器-reurl-2025.05(特殊供量),,知名媒體,,631,69,67,97.10%,21,31.34%,46,68.66%,0.99
20260127,12,艾得基客行銷顧問股份有限公司,3724,上報,22217,MW_置底創意(非展開)_上報,,知名媒體,,"1,353",669,669,100.00%,633,94.62%,36,5.38%,57.98
20260127,12,艾得基客行銷顧問股份有限公司,3724,上報,22218,MW_置底(展開)_上報,,知名媒體,,"2,296","1,127","1,127",100.00%,808,71.69%,319,28.31%,41.01
20260127,12,艾得基客行銷顧問股份有限公司,2689,Basketball Top5,22219,MW_置底(展開)_Basketball TOP5,,,,395,196,196,100.00%,93,47.45%,103,52.55%,5.60
20260127,12,欣發現股份有限公司,3363,大人物-mobile,22222,MW_蓋板_大人物,,知名媒體,,73,29,29,100.00%,10,34.48%,19,65.52%,3.17
20260127,12,朱光宁,3741,石頭小說3,22396,MW_置底_石頭小說3,,,,42,21,21,100.00%,18,85.71%,3,14.29%,24.26
20260127,12,朱光宁,3741,石頭小說3,22398,CF_336 x 280 banner_石頭小說3_cpc1.67,,,,"11,422","5,585","5,585",100.00%,"3,960",70.90%,"1,625",29.10%,8.20
20260127,12,朱光宁,3741,石頭小說3,22399,CF_320 x 480 橫幅_石頭小說3,,,,18,9,9,100.00%,1,11.11%,8,88.89%,1.67
20260127,12,艾得基客行銷顧問股份有限公司,3724,上報,22405,MW_蓋版_上報,,知名媒體,,24,12,12,100.00%,7,58.33%,5,41.67%,1.39
20260127,12,闇碼科技股份有限公司,3068,限時圖片-imgus,22406,MW_置底_imgus,antifroud,,,86,41,41,100.00%,30,73.17%,11,26.83%,3.16
20260127,12,第一網站股份有限公司,2783,漫畫櫃manhuagui,22443,MW_置底_manhuagui,antifroud,,,"4,930","2,384","2,384",100.00%,"1,723",72.27%,661,27.73%,11.16
20260127,12,艾得基客行銷顧問股份有限公司,3490,太報,22495,MW_300x250 BANNER_太報_CPM5,,知名媒體,子聯播網,54,27,27,100.00%,14,51.85%,13,48.15%,2.70
20260127,12,艾得基客行銷顧問股份有限公司,2689,Basketball Top5,22498,MW_300x250 Banner_Basketball TOP5_CPM5,,,子聯播網,"1,075",535,535,100.00%,248,46.36%,287,53.64%,4.11
20260127,12,艾得基客行銷顧問股份有限公司,2578,鉅亨網,22507,MW_300x250_鉅亨網_直播用BN-1,,知名媒體,子聯播網,"1,269",603,603,100.00%,152,25.21%,451,74.79%,5.92
20260127,12,艾得基客行銷顧問股份有限公司,3752,ＭoneyDJ,22514,MW_文中創意320x480_MoneyDJ,antifroud,知名媒體,,92,46,46,100.00%,37,80.43%,9,19.57%,14.85
20260127,12,艾得基客行銷顧問股份有限公司,3752,ＭoneyDJ,22515,MW_300x250 BANNER_MoneyDJ,antifroud,知名媒體,,6,3,3,100.00%,0,0.00%,3,100.00%,0.00
20260127,12,李承翰-webptt,718,Web批踢踢(RWD),2284,MW-蓋板_文中_Web批踢踢,antifroud,,,18,6,6,100.00%,4,66.67%,2,33.33%,7.68
20260127,12,麥智維,999,動漫戲說,3543,CF-728*90-內文上方-動漫戲說,antifroud,,,252,116,116,100.00%,88,75.86%,28,24.14%,60.62
20260127,12,肖偉彬,1287,紅櫻桃小說書庫,4678,CF-內文上方-300*250-紅櫻桃小說書庫,,,,98,49,49,100.00%,38,77.55%,11,22.45%,6.73
20260127,12,肖偉彬,1286,龍騰世紀書庫,4716,CF-內文中間-300*250-龍騰世紀書庫,,,,6,3,3,100.00%,3,100.00%,0,0.00%,60.47
20260127,12,肖偉彬,1287,紅櫻桃小說書庫,4717,MW_文中創意300x250_紅櫻桃小說書庫,,,,6,2,2,100.00%,1,50.00%,1,50.00%,15.00
20260127,12,技達創意資訊有限公司,1299,泰好網,4733,CF-300*250-內文下方-泰好網,,,,6,2,2,100.00%,0,0.00%,2,100.00%,0.00
20260127,12,技達創意資訊有限公司,1299,泰好網,4734,MW-320*100-首頁、內文上方-泰好網,,,,12,4,4,100.00%,3,75.00%,1,25.00%,4.48
20260127,12,肖偉彬,1347,雲台書屋,4923,CF-上方通欄-300*250-雲台書屋,,,,6,3,3,100.00%,3,100.00%,0,0.00%,4.83
20260127,12,陈晋福,1367,電視超人,4997,CF-300X250-電視超人,,,,45,21,21,100.00%,8,38.10%,13,61.90%,2.36
20260127,12,麥智維,999,動漫戲說,6069,CF-300*250-首頁-動漫戲說,,,,90,36,36,100.00%,16,44.44%,20,55.56%,3.98
20260127,12,吳慧玲,2082,宅女懶懶子,8074,CF-內文中間_x0008_-300x250-宅女懶懶子,,,,7,3,3,100.00%,0,0.00%,3,100.00%,0.00
20260127,12,精鏡傳媒股份有限公司,1060,鏡週刊,8250,MW_置底創意(非展開)_鏡週刊,,知名媒體,,90,45,45,100.00%,41,91.11%,4,8.89%,40.79
20260127,12,臺灣電視事業股份有限公司,52,台視,8313,PC-300x250_內文第一塊_台視財經,,知名媒體,,25,12,12,100.00%,1,8.33%,11,91.67%,1.25
20260127,12,巧克科技新媒體股份有限公司,2127,LINE TV_Banner-exchange,8576,CF_336x280_戲劇-右側好康資訊下方_LINE TV-exchange,,知名媒體,,194,98,98,100.00%,2,2.04%,96,97.96%,0.03
20260127,12,巧克科技新媒體股份有限公司,2127,LINE TV_Banner-exchange,8577,CF_336x280_戲劇-右側好康資訊上方_LINE TV-exchange,,知名媒體,,296,146,146,100.00%,9,6.16%,137,93.84%,0.13
20260127,12,鳳梨傳媒股份有限公司,2190,民視新聞網-Exchange,8862,CF_970X90_分類新聞內頁上方_民視新聞(MCM),,知名媒體,,6,3,3,100.00%,1,33.33%,2,66.67%,0.33
20260127,12,見聞科技有限公司,2251,就是節目表,9233,MW-300x250-節目表文中-就是節目表,,,,19,13,13,100.00%,4,30.77%,9,69.23%,0.80
20260127,12,冰楓科技有限公司,1711,冰楓短網址,9307,CF-300X250-跳轉頁下方-冰楓短網址,,,,6,2,2,100.00%,2,100.00%,0,0.00%,2.40
20260127,13,英屬維京群島商浩美數位有限公司台灣分公司,2315,Teepr亮新聞-exchange,10012,CF_336x280Banner_Teepr亮新聞-exchange,,知名媒體,,"1,264",613,613,100.00%,31,5.06%,582,94.94%,0.22
20260127,13,昱得資訊工作室,2528,數位書香,11080,CF_728x90_首頁上方_數位書香,antifroud,,,14,7,7,100.00%,4,57.14%,3,42.86%,2.90
20260127,13,昱得資訊工作室,2528,數位書香,11081,CF_160x600_首頁右側_數位書香,antifroud,,,427,193,193,100.00%,77,39.90%,116,60.10%,2.68
20260127,13,第一網站股份有限公司,2518,麻辣家族討論區(twbts),11082,CF-728X90-twbts,antifroud,,,854,318,318,100.00%,211,66.35%,107,33.65%,4.46
20260127,13,第一網站股份有限公司,2601,Meme梗圖倉庫,11443,CF-336X280-meme,,,,943,419,419,100.00%,41,9.79%,378,90.21%,0.77
20260127,13,艾得基客行銷顧問股份有限公司,2578,鉅亨網,12070,MW_320x480_文中創意_鉅亨網,,知名媒體,,"12,077","5,935","5,935",100.00%,"4,547",76.61%,"1,388",23.39%,14.88
20260127,13,冰楓科技有限公司,1710,冰楓論壇,12511,MW_300x250_Banner_冰楓論壇-exchange,,,,12,6,6,100.00%,6,100.00%,0,0.00%,29.95
20260127,13,時報資訊股份有限公司,2770,中時電子報_HB,12559,CF_300x250_右側互動看版_中時電子報_HB,,知名媒體,,529,252,252,100.00%,104,41.27%,148,58.73%,4.09
20260127,13,時報資訊股份有限公司,2770,中時電子報_HB,12560,CF_336x280_文中看板_中時電子報_HB,,知名媒體,,492,234,234,100.00%,188,80.34%,46,19.66%,27.31
20260127,13,時報資訊股份有限公司,2770,中時電子報_HB,12561,MW_300x250_內頁TOP Banner_中時電子報_HB,antifroud,知名媒體,,981,470,470,100.00%,86,18.30%,384,81.70%,1.71
20260127,13,第一網站股份有限公司,2768,czbooks,12570,CF_728x90_banner_czbooks,,,,"61,957","30,504","30,503",100.00%,"22,406",73.46%,"8,097",26.54%,4.53
20260127,13,鳳梨傳媒股份有限公司,2190,民視新聞網-Exchange,12579,CF_300x250_右側第一塊_民視新聞網-Exchange(RWD)(MCM),,知名媒體,,"3,702","1,813","1,813",100.00%,108,5.96%,"1,705",94.04%,0.85
20260127,13,鳳梨傳媒股份有限公司,2190,民視新聞網-Exchange,12580,CF_300x250_內文文中左側_民視新聞網-Exchange(RWD)(MCM),,知名媒體,,"3,973","1,928","1,928",100.00%,140,7.26%,"1,788",92.74%,0.65
20260127,13,第一網站股份有限公司,2783,漫畫櫃manhuagui,12676,CF_728X90_manhuagui,antifroud,,,"33,274","16,332","16,332",100.00%,"6,281",38.46%,"10,051",61.54%,4.13
20260127,13,艾得基客行銷顧問股份有限公司,2635,工商時報,12761,MW_320x480_文中創意_工商時報new,,知名媒體,,22,11,11,100.00%,9,81.82%,2,18.18%,12.72
20260127,13,第一網站股份有限公司,2801,damanwoo,12868,CF-300x250_Banner_damanwoo_大人物,,,,30,11,11,100.00%,0,0.00%,11,100.00%,0.00
20260127,13,第一網站股份有限公司,2820,星座好朋友(horofriend88),12966,MW_320x100_horofriend88,antifroud,,,30,15,15,100.00%,13,86.67%,2,13.33%,18.45
20260127,13,時報資訊股份有限公司,2335,中時電子報_2019,12974,MW-置底創意(展開)-中時電子報_2019,antifroud,知名媒體,,54,27,27,100.00%,12,44.44%,15,55.56%,3.40
20260127,13,第一網站股份有限公司,2836,vivi01,13032,MW_置底創意_vivi01 ViVi視頻,,,,18,9,9,100.00%,6,66.67%,3,33.33%,10.29
20260127,13,第一網站股份有限公司,2838,mycard,13041,MW_320x480_加倍mycard,,,,35,0,0,0.00%,0,0.00%,0,0.00%,0.00
20260127,13,第一網站股份有限公司,2862,Manhuaren,13254,MW_320x100_banner_manhuaren,,,,6,3,3,100.00%,2,66.67%,1,33.33%,1.18
20260127,13,曾憲敏,202,85小說網,13445,MW_336X280_全量1_85小說網,,,,420,210,210,100.00%,105,50.00%,105,50.00%,4.42
20260127,13,曾憲敏,202,85小說網,13446,MW_336X280_全量2_85小說網,,,,"3,420","1,704","1,704",100.00%,895,52.52%,809,47.48%,5.61
20260127,13,曾憲敏,601,85小說網_PC,13450,(子)CF_336x280_全量2_85小說網,,,子聯播網,216,108,108,100.00%,77,71.30%,31,28.70%,14.30
20260127,13,第一網站股份有限公司,2768,czbooks,13482,(子)CF_300x600_banner_czbooks(限時段),,,子聯播網,30,15,15,100.00%,13,86.67%,2,13.33%,150.38
20260127,13,第一網站股份有限公司,2768,czbooks,13483,(子)CF_970x250_banner_czbooks(限時段),,,子聯播網,32,16,16,100.00%,8,50.00%,8,50.00%,3.61
20260127,13,第一網站股份有限公司,2910,clickme,13548,(子)CF_300x250_banner_clickme(一般),,,子聯播網,181,76,76,100.00%,35,46.05%,41,53.95%,6.59
20260127,13,第一網站股份有限公司,2910,clickme,13549,CF_300x250_banner_clickme(一般),,,,752,390,390,100.00%,36,9.23%,354,90.77%,0.37
20260127,13,第一網站股份有限公司,2916,KiKiNote,13576,(子)CF_300x250_banner_kikinote,,知名媒體,子聯播網,"1,240",554,554,100.00%,73,13.18%,481,86.82%,1.59
20260127,13,闇碼科技股份有限公司,2992,縮短網址產生器-reurl-exchange,13848,CF_300x250_轉址失敗_最右邊_reurl,,知名媒體,,6,2,2,100.00%,1,50.00%,1,50.00%,3.39
20260127,13,闇碼科技股份有限公司,2992,縮短網址產生器-reurl-exchange,13861,CF_300x250_網址下方右側(PB)_reurl,,知名媒體,,12,6,6,100.00%,0,0.00%,6,100.00%,0.01
20260127,13,第一網站股份有限公司,2768,czbooks,13903,(子)CF_300x250_banner_czbooks(直播),antifroud,,子聯播網,782,346,346,100.00%,96,27.75%,250,72.25%,0.91
20260127,13,第一網站股份有限公司,2768,czbooks,14036,MW_320x480_CZBOOKS,antifroud,,,102,49,49,100.00%,18,36.73%,31,63.27%,23.64
20260127,13,陳人鳳,480,飛格寵物家族_PC,1407,CF-728X90_上方通欄_飛格寵物家族,,,,12,2,2,100.00%,2,100.00%,0,0.00%,15.00
20260127,13,陳人鳳,480,飛格寵物家族_PC,1408,CF-300X250_內文_飛格寵物家族,,,,28,5,5,100.00%,3,60.00%,2,40.00%,17.05
20260127,13,飛凡傳播股份有限公司,1921,非凡新聞台-exchange,14188,MW_300x250_內文上方_非凡新聞-exchange,antifroud,知名媒體,,6,3,3,100.00%,0,0.00%,3,100.00%,0.00
20260127,13,闇碼科技股份有限公司,3048,縮短網址產生器-reurl,14210,MW_文中創意300x250_縮短網址產生器-reurl,,知名媒體,,266,83,83,100.00%,57,68.67%,26,31.33%,4.81
20260127,13,巨思文化股份有限公司,3053,數位時代_HB,14246,MW_300x250_文章結束第一塊_數位時代-HB,,知名媒體,,6,3,3,100.00%,0,0.00%,3,100.00%,0.00
20260127,13,鳳梨傳媒股份有限公司,2896,四季線上影視-Mobile,14247,MW_文中創意320x480_四季線上影視-Mobile,,知名媒體,,6,3,3,100.00%,1,33.33%,2,66.67%,3.12
20260127,13,富盈數據股份有限公司,3059,塔科女子,14258,CF_336x280_全網_塔科女子,,知名媒體,,19,10,10,100.00%,9,90.00%,1,10.00%,18.70
20260127,13,CBROOT LTD,3003,包子漫畫-exchange,14291,MW_300x250_蓋板(PB)_包子漫畫,,,,266,130,130,100.00%,82,63.08%,48,36.92%,8.81
20260127,13,朱光宁,3152,石頭小說-exchange,14472,MW_336x280_Banner_石頭小說,,,,295,148,148,100.00%,112,75.68%,36,24.32%,6.91
20260127,13,朱光宁,3149,稷下書院-exchange,14748,MW_320x100_置底(PB)_稷下書院,,,,"29,581","14,590","14,590",100.00%,374,2.56%,"14,216",97.44%,0.09
20260127,13,巨思文化股份有限公司,3053,數位時代_HB,14764,MW_置底創意_(非展開)_數位時代_HB,,知名媒體,,467,233,233,100.00%,212,90.99%,21,9.01%,24.57
20260127,13,中天電視股份有限公司,3282,中天新聞網-exchange,14980,CF_970x250_內頁_PC置頂橫幅-中天新聞網-exchange,,知名媒體,,150,55,55,100.00%,14,25.45%,41,74.55%,1.21
20260127,13,曾憲敏,3327,85小說網_創意,15227,MW-300X250_85小說網_隨身影音PB,,,,50,25,25,100.00%,11,44.00%,14,56.00%,2.70
20260127,13,曾憲敏,3327,85小說網_創意,15228,MW-創意-85小說網,,,,76,38,38,100.00%,23,60.53%,15,39.47%,66.38
20260127,13,千晶文化事業股份有限公司,3336,Beauty 美人圈,15254,MW_置底創意(非展開)_ Beauty 美人圈,,知名媒體,,"1,291",641,641,100.00%,586,91.42%,55,8.58%,34.29
20260127,13,中天電視股份有限公司,3282,中天新聞網-exchange,15859,CF_336x280_內頁_PC右側互動看板B-中天新聞網-exchange,,知名媒體,,984,426,426,100.00%,187,43.90%,239,56.10%,9.13
20260127,13,CBROOT LTD,3352,西瓜卡通-exchange,15970,CF_160x600_影音內容_西瓜卡通-exchange,,,,6,3,3,100.00%,1,33.33%,2,66.67%,11.26
20260127,13,時報資訊股份有限公司,2817,旺得富,16911,CF_300x250_Billboard_2nd_旺得富,,知名媒體,,6,3,3,100.00%,1,33.33%,2,66.67%,2.51
20260127,13,朱光宁,3360,提莫書屋-exchange,16957,MW_336x280banner_提莫書屋_exchange,,,,"17,579","8,718","8,718",100.00%,"6,591",75.60%,"2,127",24.40%,5.95
20260127,13,朱光宁,3361,提莫書屋-mobile,16959,MW_320x480_文中創意_提莫書屋-mobile,,,,68,34,34,100.00%,31,91.18%,3,8.82%,7.48
20260127,13,欣發現股份有限公司,3365,Hami任務牆-mobile,16969,MW_置底創意_Hami任務牆,,知名媒體,,44,21,21,100.00%,7,33.33%,14,66.67%,3.99
20260127,13,欣發現股份有限公司,3364,女子學-mobile,16972,MW_置底創意_女子學,antifroud,,,108,53,53,100.00%,0,0.00%,53,100.00%,0.00
20260127,13,欣發現股份有限公司,3363,大人物-mobile,16973,MW_置底創意_大人物,,知名媒體,,37,18,18,100.00%,10,55.56%,8,44.44%,4.77
20260127,13,第一網站股份有限公司,2783,漫畫櫃manhuagui,17027,MW_320x480_蓋版_漫畫櫃manhuagui,,,,134,66,66,100.00%,6,9.09%,60,90.91%,1.91
20260127,13,艾得基客行銷顧問股份有限公司,3373,良醫健康網,17092,MW_置底創意_良醫健康網,,知名媒體,,36,18,18,100.00%,15,83.33%,3,16.67%,23.46
20260127,13,詠勝科技有限公司,3385,Mobile01_HB,17179,CF_300x250_熱門大看板_Mobile01_HB,,知名媒體,,281,136,136,100.00%,66,48.53%,70,51.47%,9.03
20260127,13,詠勝科技有限公司,3385,Mobile01_HB,17180,CF_300x250_置底看板左_Mobile01_HB,,知名媒體,,60,29,29,100.00%,12,41.38%,17,58.62%,1.81
20260127,13,詠勝科技有限公司,3385,Mobile01_HB,17181,CF_300x250_置底看板中_Mobile01_HB,,知名媒體,,102,51,51,100.00%,18,35.29%,33,64.71%,1.31
20260127,13,詠勝科技有限公司,3385,Mobile01_HB,17182,CF_300x250_置底看板右_Mobile01_HB,,知名媒體,,12,6,6,100.00%,2,33.33%,4,66.67%,1.78
20260127,13,朱光宁,3268,稷下書院-mobile,17207,MW_320x480_蓋版_稷下書院-mobile,,,,"1,065",471,471,100.00%,245,52.02%,226,47.98%,3.42
20260127,13,中華電視股份有限公司,3389,華視-mobile,17230,MW_置底創意(非展開)_華視-mobile,,知名媒體,,24,12,12,100.00%,11,91.67%,1,8.33%,21.25
20260127,13,李立娟,3395,vivi0視頻-exchange,17293,CF_336x280_Banner_vivi01視頻-exchange,antifroud,,,"42,874","21,042","21,042",100.00%,"3,223",15.32%,"17,819",84.68%,0.37
20260127,13,李立娟,3395,vivi0視頻-exchange,17294,MW_336x280_Banner_vivi01視頻-exchange,antifroud,,,"44,701","21,890","21,890",100.00%,"8,131",37.14%,"13,759",62.86%,1.53
20260127,13,李立娟,3395,vivi0視頻-exchange,17299,MW_300x250_蓋板(PB)-vivi01視頻-exchange,,,,12,6,6,100.00%,0,0.00%,6,100.00%,0.00
20260127,13,李立娟,3395,vivi0視頻-exchange,17300,MW_320x100_置底(PB)_vivi01視頻-exchange,antifroud,,,"69,426","34,016","34,016",100.00%,"22,298",65.55%,"11,718",34.45%,14.62
20260127,13,李立娟,3397,趣聞圖說-exchange,17309,MW_336x280_文中Banner_趣聞圖說-exchange,,,,6,1,1,100.00%,1,100.00%,0,0.00%,2.43
20260127,13,曾憲敏,601,85小說網_PC,1773,CF-300x250_85小說網_內文1,,,,305,152,152,100.00%,126,82.89%,26,17.11%,13.62
20260127,13,李立娟,3396,趣聞圖說-Mobile,17923,MW_置底創意(展開)_趣聞圖說-Mobile,,,,86,43,43,100.00%,27,62.79%,16,37.21%,7.01
20260127,13,第一網站股份有限公司,2768,czbooks,17927,MW_置底創意_czbook,,,,"5,493","2,718","2,718",100.00%,"1,435",52.80%,"1,283",47.20%,7.92
20260127,13,時報資訊股份有限公司_工商時報,3427,工商時報-exchange,18003,CF_300x250_互動看板2_工商時報-exchange,,知名媒體,,8,3,3,100.00%,1,33.33%,2,66.67%,1.67
20260127,13,時報資訊股份有限公司_工商時報,3427,工商時報-exchange,18014,MW_300x250_文末Banner1_工商時報-exchange,,知名媒體,,58,29,29,100.00%,3,10.34%,26,89.66%,0.10
20260127,13,時報資訊股份有限公司_工商時報,3427,工商時報-exchange,18015,MW_300x250_文末Banner2_工商時報-exchange,,知名媒體,,161,80,80,100.00%,2,2.50%,78,97.50%,0.38
20260127,13,第一網站股份有限公司,3440,fsa_passback_first,18201,CF_336x280_fsa_passback_first,,,,976,452,452,100.00%,80,17.70%,372,82.30%,0.75
20260127,13,第一網站股份有限公司,3440,fsa_passback_first,18202,CF_300x250_fsa_passback_first,,,,"4,699","2,253","2,253",100.00%,"1,379",61.21%,874,38.79%,40.75
20260127,13,第一網站股份有限公司,3440,fsa_passback_first,18266,(子)CF_970x250_cfbanner_blog,,,子聯播網,284,127,127,100.00%,19,14.96%,108,85.04%,0.47
20260127,13,莊博凱,3455,夢遊電玩,18269,300x250 Banner,,,,18,8,8,100.00%,6,75.00%,2,25.00%,3.75
20260127,13,朱光宁,3268,稷下書院-mobile,18297,MW_置底創意(展開)_稷下書院-mobile,,,,138,69,69,100.00%,41,59.42%,28,40.58%,8.19
20260127,13,冰楓科技有限公司,3485,冰楓論壇-exchange,18487,CF_970x90_內文上方第一塊_冰楓論壇-exchange,,,,985,445,445,100.00%,106,23.82%,339,76.18%,2.81
20260127,13,冰楓科技有限公司,3485,冰楓論壇-exchange,18488,MW_320x100_內文上方第一塊_ 冰楓論壇-exchange,antifroud,,,97,34,34,100.00%,26,76.47%,8,23.53%,10.04
20260127,13,冰楓科技有限公司,3485,冰楓論壇-exchange,18492,MW_300x250_Banner_ 冰楓論壇-exchange,,,,462,185,185,100.00%,95,51.35%,90,48.65%,8.27
20260127,13,闇碼科技股份有限公司,3048,縮短網址產生器-reurl,18535,MW_蓋版_縮短網址產生器-reurl,,知名媒體,,18,9,9,100.00%,4,44.44%,5,55.56%,2.03
20260127,13,CBROOT LTD,3492,包子漫畫(特開流量)-exchange,18544,(子)CF_300x600_指定流量_包子漫畫(特開流量)-exchange,,,子聯播網,12,5,5,100.00%,3,60.00%,2,40.00%,102.25
20260127,13,CBROOT LTD,3510,包子漫畫_twmanga-exchange,18737,CF_970x90_Banner_ 包子漫畫_twmanga-exchange,,,,46,23,23,100.00%,7,30.43%,16,69.57%,0.72
20260127,13,闇碼科技股份有限公司,2992,縮短網址產生器-reurl-exchange,18877,MW_首頁連結bar下方_縮短網址產生器-reurl-exchange,,知名媒體,,6,3,3,100.00%,3,100.00%,0,0.00%,2.44
20260127,13,舒禾驊,3535,荷花動漫筆記,18887,CF_336x280_文章頁文中_荷花動漫筆記,,,,6,3,3,100.00%,2,66.67%,1,33.33%,2.00
20260127,13,台灣英文新聞股份有限公司,3537,台灣英文新聞(new)-exchange,18924,CF_300x250_內容頁_右側看版_1_台灣英文新聞(new)-exchange,,知名媒體,,32,8,8,100.00%,2,25.00%,6,75.00%,8.83
20260127,13,台灣英文新聞股份有限公司,3537,台灣英文新聞(new)-exchange,18925,CF_300x600_內容頁_右側看版_2_台灣英文新聞(new)-exchange,,知名媒體,,6,3,3,100.00%,0,0.00%,3,100.00%,0.00
20260127,13,聯合線上股份有限公司,3549,UDN元氣網,19018,CF_首頁文章推薦第三格300x250_UDN元氣網,,知名媒體,,6,3,3,100.00%,1,33.33%,2,66.67%,30.00
20260127,13,艾得基客行銷顧問股份有限公司,3490,太報,19043,MW_置底創意(展開)_太報,,知名媒體,,273,135,135,100.00%,98,72.59%,37,27.41%,18.75
20260127,13,艾得基客行銷顧問股份有限公司,3552,玩具人,19044,MW_320x480_文中創意_玩具人,,知名媒體,,53,26,26,100.00%,16,61.54%,10,38.46%,8.19
20260127,13,先驅媒體社會企業股份有限公司,3554,新頭殼(R18),19047,(子)CF_300x250Banner_newtalk.tw_content_300250_1_新頭殼(R18),,知名媒體,子聯播網,6,3,3,100.00%,1,33.33%,2,66.67%,2.49
20260127,13,第一網站股份有限公司,2783,漫畫櫃manhuagui,20685,MW_300X250_manhuagui,antifroud,,,"6,183","3,020","3,020",100.00%,"1,249",41.36%,"1,771",58.64%,9.11
20260127,13,德榕企業有限公司,3577,TW Bodhi,20705,(子)CF_336x280_文章頁(RWD)_TW Bodhi,antifroud,,子聯播網,12,5,5,100.00%,0,0.00%,5,100.00%,0.00
20260127,13,德榕企業有限公司,3578,TW Bodhi_mobile,20707,MW_置底創意_TW Bodhi,,,,18,9,9,100.00%,0,0.00%,9,100.00%,0.00
20260127,13,德榕企業有限公司,3578,TW Bodhi_mobile,20708,MW_蓋板_TW Bodhi,,,,232,116,116,100.00%,0,0.00%,116,100.00%,0.00
20260127,13,德榕企業有限公司,3578,TW Bodhi_mobile,20719,MW_文中創意300x250_TW Bodhi,,,,6,3,3,100.00%,0,0.00%,3,100.00%,0.00
20260127,13,德榕企業有限公司,3581,忘憂書屋,20727,CF_336x280文章頁(RWD)_忘憂書屋,,,,54,26,26,100.00%,0,0.00%,26,100.00%,0.00
20260127,13,德榕企業有限公司,3582,忘憂書屋_mobile,20728,MW_文中創意300x250_忘憂書屋,,,,62,29,29,100.00%,0,0.00%,29,100.00%,0.00
20260127,13,德榕企業有限公司,3582,忘憂書屋_mobile,20729,MW_蓋板_忘憂書屋,,,,12,6,6,100.00%,0,0.00%,6,100.00%,0.00
20260127,13,德榕企業有限公司,3582,忘憂書屋_mobile,20730,MW_置底創意_忘憂書屋,,,,32,16,16,100.00%,0,0.00%,16,100.00%,0.00
20260127,13,第一網站股份有限公司,2916,KiKiNote,20731,CF_300x250_banner_kikinote (PB),,知名媒體,,26,11,11,100.00%,3,27.27%,8,72.73%,2.15
20260127,13,第一網站股份有限公司,2910,clickme,20735,(子)CF_300x250_banner_clickme(成人),,,子聯播網,"5,691","2,591","2,591",100.00%,644,24.86%,"1,947",75.14%,1.85
20260127,13,第一網站股份有限公司,3440,fsa_passback_first,21699,CF_336x280_fsa_passback_first,,,,"1,639",801,801,100.00%,114,14.23%,687,85.77%,0.67
20260127,13,富盈數據股份有限公司,3653,TVBS-女人我最大_HB,21760,MW_文章三_336x280_TVBS-女人我最大_HB,,知名媒體,,92,46,46,100.00%,26,56.52%,20,43.48%,5.81
20260127,13,富盈數據股份有限公司,3653,TVBS-女人我最大_HB,21761,MW_文章四_336x280_TVBS-女人我最大_HB,,知名媒體,,"1,007",502,502,100.00%,350,69.72%,152,30.28%,5.38
20260127,13,富盈數據股份有限公司,3653,TVBS-女人我最大_HB,21763,MW_文中創意320x480_TVBS-女人我最大_HB,,知名媒體,,569,275,275,100.00%,217,78.91%,58,21.09%,26.65
20260127,13,富盈數據股份有限公司,3654,TVBS-健康2.0_HB,21765,MW_文章三_336x280_TVBS-健康2.0_HB,,知名媒體,,68,33,33,100.00%,14,42.42%,19,57.58%,4.46
20260127,13,富盈數據股份有限公司,3654,TVBS-健康2.0_HB,21768,MW_文中創意320x480_TVBS-健康2.0_HB,,知名媒體,,"7,762","3,660","3,660",100.00%,"2,554",69.78%,"1,106",30.22%,24.30
20260127,13,富盈數據股份有限公司,3655,TVBS-食尚玩家_HB,21770,MW_文章三_336x280_TVBS-食尚玩家_HB,,知名媒體,,44,21,21,100.00%,15,71.43%,6,28.57%,4.38
20260127,13,富盈數據股份有限公司,3655,TVBS-食尚玩家_HB,21773,MW_文中創意320x480_TVBS-食尚玩家_HB,,知名媒體,,520,255,255,100.00%,190,74.51%,65,25.49%,22.78
20260127,13,富盈數據股份有限公司,3654,TVBS-健康2.0_HB,21812,MW_文章一_336x280_TVBS-健康2.0_HB,,知名媒體,,123,61,61,100.00%,45,73.77%,16,26.23%,7.25
20260127,13,儂儂雜誌社股份有限公司(bella儂儂),2135,Bella儂儂_2024,21876,MW-300x250_文章標題上方1_Bella儂儂,,知名媒體,,162,81,81,100.00%,38,46.91%,43,53.09%,2.38
20260127,13,富盈數據股份有限公司,3680,TVBS-新聞網_HB,21898,CF_文章右側300x600_TVBS-新聞網_HB,,知名媒體,,26,13,13,100.00%,3,23.08%,10,76.92%,3.79
20260127,13,富盈數據股份有限公司,3680,TVBS-新聞網_HB,21899,MW_文章一_336x280_TVBS-新聞網_HB,,知名媒體,,"4,259","2,107","2,107",100.00%,"1,455",69.06%,652,30.94%,5.91
20260127,13,富盈數據股份有限公司,3680,TVBS-新聞網_HB,21900,MW_文章三_336x280_TVBS-新聞網_HB,,知名媒體,,721,359,359,100.00%,215,59.89%,144,40.11%,3.64
20260127,13,富盈數據股份有限公司,3680,TVBS-新聞網_HB,21902,MW_文章置底_320x100_TVBS-新聞網_HB,,知名媒體,,"3,442","1,697","1,697",100.00%,548,32.29%,"1,149",67.71%,10.89
20260127,13,富盈數據股份有限公司,3684,稅美人_mobile,21923,MW_置底創意(非展開)_稅美人-mobile,,,,66,33,33,100.00%,30,90.91%,3,9.09%,16.42
20260127,13,富盈數據股份有限公司,3685,玩桌遊_mobile,21924,MW_置底創意(非展開)_玩桌遊-mobile,,,,140,70,70,100.00%,57,81.43%,13,18.57%,15.93
20260127,13,富盈數據股份有限公司,2615,熱血台中,21986,CF_336x280_全網_熱血台中,,,,18,9,9,100.00%,6,66.67%,3,33.33%,1.11
20260127,13,富盈數據股份有限公司,2615,熱血台中,21987,CF_336x280_全網_熱血台中,,,,36,18,18,100.00%,6,33.33%,12,66.67%,2.65
20260127,13,富盈數據股份有限公司,3704,天天要聞,22030,CF_300 x 250 banner_天天要聞_cpc2,,,,842,415,415,100.00%,306,73.73%,109,26.27%,9.53
20260127,13,富盈數據股份有限公司,3703,繁體小說,22031,CF_300 x 250 banner_繁體小說_cpc2,,,,58,29,29,100.00%,23,79.31%,6,20.69%,6.63
20260127,13,朱光宁,3708,石頭小說,22045,CF_336 x 280 banner_石頭小說_cpc1.67,antifroud,,,"66,070","32,498","32,498",100.00%,"20,474",63.00%,"12,024",37.00%,5.41
20260127,13,冠妍動力科技有限公司,484,小老婆汽機車資訊網,22058,MW_文中創意320x480_小老婆汽機車資訊網-測試,,知名媒體,,6,3,3,100.00%,0,0.00%,3,100.00%,0.36
20260127,13,朱光宁,3718,稷下書院2,22093,CF_336 x 280 banner_稷下書院2_cpc1.67,antifroud,,,"68,467","32,230","32,230",100.00%,"19,362",60.07%,"12,868",39.93%,5.12
20260127,13,富盈數據股份有限公司,3680,TVBS-新聞網_HB,22131,CF_文中300x250_TVBS-新聞網_HB_1,,知名媒體,,6,3,3,100.00%,3,100.00%,0,0.00%,35.94
20260127,13,富盈數據股份有限公司,3680,TVBS-新聞網_HB,22132,CF_文中300x250_TVBS-新聞網_HB_2,,知名媒體,,30,14,14,100.00%,12,85.71%,2,14.29%,31.59
20260127,13,富盈數據股份有限公司,3680,TVBS-新聞網_HB,22133,CF_文中300x250_TVBS-新聞網_HB_3,,知名媒體,,132,63,63,100.00%,47,74.60%,16,25.40%,13.82
20260127,13,格上汽車租賃股份有限公司,1975,行遍天下,22135,MW_置底創意(非展開)_行遍天下-mobile,,知名媒體,,6,0,0,0.00%,0,0.00%,0,0.00%,0.00
20260127,13,富盈數據股份有限公司,3730,Teepr 亮新聞 HB,22145,MW_336x280_文中創意_Teepr亮新聞 HB,,,,6,3,3,100.00%,0,0.00%,3,100.00%,0.00
20260127,13,冰楓科技有限公司,3485,冰楓論壇-exchange,22160,CF_300x250_Banner2_ 冰楓論壇-exchange,,,,24,12,12,100.00%,10,83.33%,2,16.67%,16.73
20260127,13,闇碼科技股份有限公司,3048,縮短網址產生器-reurl,22213,MW_蓋版_縮短網址產生器-reurl-2025.05(特殊供量),,知名媒體,,247,75,75,100.00%,26,34.67%,49,65.33%,1.22
20260127,13,艾得基客行銷顧問股份有限公司,3724,上報,22217,MW_置底創意(非展開)_上報,,知名媒體,,"2,687","1,328","1,328",100.00%,"1,254",94.43%,74,5.57%,63.03
20260127,13,艾得基客行銷顧問股份有限公司,3724,上報,22218,MW_置底(展開)_上報,,知名媒體,,"1,019",507,507,100.00%,401,79.09%,106,20.91%,41.77
20260127,13,艾得基客行銷顧問股份有限公司,2689,Basketball Top5,22219,MW_置底(展開)_Basketball TOP5,,,,196,98,98,100.00%,51,52.04%,47,47.96%,7.52
20260127,13,欣發現股份有限公司,3363,大人物-mobile,22222,MW_蓋板_大人物,,知名媒體,,49,21,21,100.00%,0,0.00%,21,100.00%,0.05
20260127,13,艾得基客行銷顧問股份有限公司,3738,痞客邦,22226,MW_文章頁-置底-痞客邦,,知名媒體,,6,3,3,100.00%,0,0.00%,3,100.00%,0.08
20260127,13,朱光宁,3741,石頭小說3,22396,MW_置底_石頭小說3,,,,30,15,15,100.00%,11,73.33%,4,26.67%,22.79
20260127,13,朱光宁,3741,石頭小說3,22398,CF_336 x 280 banner_石頭小說3_cpc1.67,,,,"12,288","5,989","5,989",100.00%,"4,264",71.20%,"1,725",28.80%,9.08
20260127,13,朱光宁,3741,石頭小說3,22399,CF_320 x 480 橫幅_石頭小說3,,,,20,10,10,100.00%,3,30.00%,7,70.00%,3.23
20260127,13,艾得基客行銷顧問股份有限公司,3724,上報,22405,MW_蓋版_上報,,知名媒體,,301,146,146,100.00%,55,37.67%,91,62.33%,8.60
20260127,13,闇碼科技股份有限公司,3068,限時圖片-imgus,22406,MW_置底_imgus,antifroud,,,69,34,34,100.00%,26,76.47%,8,23.53%,5.26
20260127,13,第一網站股份有限公司,2783,漫畫櫃manhuagui,22443,MW_置底_manhuagui,antifroud,,,"4,687","2,279","2,279",100.00%,"1,719",75.43%,560,24.57%,13.01
20260127,13,艾得基客行銷顧問股份有限公司,3490,太報,22495,MW_300x250 BANNER_太報_CPM5,,知名媒體,子聯播網,12,6,6,100.00%,3,50.00%,3,50.00%,5.83
20260127,13,艾得基客行銷顧問股份有限公司,2689,Basketball Top5,22498,MW_300x250 Banner_Basketball TOP5_CPM5,,,子聯播網,375,186,186,100.00%,95,51.08%,91,48.92%,4.26
20260127,13,艾得基客行銷顧問股份有限公司,2578,鉅亨網,22507,MW_300x250_鉅亨網_直播用BN-1,,知名媒體,子聯播網,805,386,386,100.00%,96,24.87%,290,75.13%,5.65
20260127,13,艾得基客行銷顧問股份有限公司,3752,ＭoneyDJ,22514,MW_文中創意320x480_MoneyDJ,antifroud,知名媒體,,96,48,48,100.00%,32,66.67%,16,33.33%,12.01
20260127,13,艾得基客行銷顧問股份有限公司,3752,ＭoneyDJ,22515,MW_300x250 BANNER_MoneyDJ,antifroud,知名媒體,,6,3,3,100.00%,2,66.67%,1,33.33%,0.70
20260127,13,李承翰-webptt,718,Web批踢踢(RWD),2284,MW-蓋板_文中_Web批踢踢,antifroud,,,26,9,9,100.00%,6,66.67%,3,33.33%,2.43
20260127,13,麥智維,999,動漫戲說,3543,CF-728*90-內文上方-動漫戲說,antifroud,,,136,58,58,100.00%,45,77.59%,13,22.41%,55.74
20260127,13,蔡建磊,1269,跑跑資訊站,4622,CF-300X250-內文右側-跑跑資訊站,,,,6,2,2,100.00%,0,0.00%,2,100.00%,0.00
20260127,13,肖偉彬,1287,紅櫻桃小說書庫,4678,CF-內文上方-300*250-紅櫻桃小說書庫,,,,20,10,10,100.00%,8,80.00%,2,20.00%,11.43
20260127,13,肖偉彬,1287,紅櫻桃小說書庫,4717,MW_文中創意300x250_紅櫻桃小說書庫,,,,6,2,2,100.00%,1,50.00%,1,50.00%,13.10
20260127,13,技達創意資訊有限公司,1299,泰好網,4734,MW-320*100-首頁、內文上方-泰好網,,,,6,2,2,100.00%,0,0.00%,2,100.00%,0.00
20260127,13,侯皓及,1346,3C老實說 · 氣象部落客勞倫斯,4920,MW-300x250-內文中間-3C老實說.氣象部落客勞倫斯,,,,6,0,0,0.00%,0,0.00%,0,0.00%,0.00
20260127,13,陈晋福,1367,電視超人,4997,CF-300X250-電視超人,,,,18,9,9,100.00%,7,77.78%,2,22.22%,3.00
20260127,13,麥智維,999,動漫戲說,6069,CF-300*250-首頁-動漫戲說,,,,30,11,11,100.00%,4,36.36%,7,63.64%,0.59
20260127,13,莊博凱,1676,夢遊電玩-exchange,6310,CF-160*600-網頁右側-夢遊電玩-exchange,,,,12,4,4,100.00%,2,50.00%,2,50.00%,3.73
20260127,13,精鏡傳媒股份有限公司,1060,鏡週刊,8249,MW_置底創意(展開)_鏡週刊,,知名媒體,,6,3,3,100.00%,2,66.67%,1,33.33%,2.00
20260127,13,精鏡傳媒股份有限公司,1060,鏡週刊,8250,MW_置底創意(非展開)_鏡週刊,,知名媒體,,"1,296",644,644,100.00%,618,95.96%,26,4.04%,40.24
20260127,13,臺灣電視事業股份有限公司,52,台視,8313,PC-300x250_內文第一塊_台視財經,,知名媒體,,40,20,20,100.00%,2,10.00%,18,90.00%,0.11
20260127,13,布林遊國際有限公司,1692,Bring You,8393,CF-300X250-上方通欄右側_BringYou,,知名媒體,,6,3,3,100.00%,1,33.33%,2,66.67%,30.03
20260127,13,巧克科技新媒體股份有限公司,2127,LINE TV_Banner-exchange,8576,CF_336x280_戲劇-右側好康資訊下方_LINE TV-exchange,,知名媒體,,66,33,33,100.00%,3,9.09%,30,90.91%,0.30
20260127,13,巧克科技新媒體股份有限公司,2127,LINE TV_Banner-exchange,8577,CF_336x280_戲劇-右側好康資訊上方_LINE TV-exchange,,知名媒體,,89,44,44,100.00%,3,6.82%,41,93.18%,0.17
20260127,13,鳳梨傳媒股份有限公司,2190,民視新聞網-Exchange,8862,CF_970X90_分類新聞內頁上方_民視新聞(MCM),,知名媒體,,12,5,5,100.00%,1,20.00%,4,80.00%,0.20
20260127,13,見聞科技有限公司,2251,就是節目表,9233,MW-300x250-節目表文中-就是節目表,,,,12,5,5,100.00%,4,80.00%,1,20.00%,7.40
20260127,13,冰楓科技有限公司,2289,BFFile,9576,CF-300X600-下載頁上方-BFFile,,,,6,2,2,100.00%,1,50.00%,1,50.00%,7.95
20260127,14,英屬維京群島商浩美數位有限公司台灣分公司,2315,Teepr亮新聞-exchange,10012,CF_336x280Banner_Teepr亮新聞-exchange,,知名媒體,,825,395,395,100.00%,27,6.84%,368,93.16%,0.25
20260127,14,第一網站股份有限公司,2300,keketravel,10594,(子)CF_336x280_keketravel,,,子聯播網,8,3,3,100.00%,1,33.33%,2,66.67%,0.43
20260127,14,昱得資訊工作室,2528,數位書香,11080,CF_728x90_首頁上方_數位書香,antifroud,,,134,62,62,100.00%,48,77.42%,14,22.58%,5.28
20260127,14,昱得資訊工作室,2528,數位書香,11081,CF_160x600_首頁右側_數位書香,antifroud,,,"1,082",472,472,100.00%,212,44.92%,260,55.08%,3.38
20260127,14,第一網站股份有限公司,2518,麻辣家族討論區(twbts),11082,CF-728X90-twbts,antifroud,,,"1,174",470,470,100.00%,345,73.40%,125,26.60%,5.66
20260127,14,第一網站股份有限公司,2540,risu短網址,11260,MW-300X250-MB_page_left-risu,,知名媒體,,18,7,7,100.00%,6,85.71%,1,14.29%,5.90
20260127,14,第一網站股份有限公司,2492,ttshow,11273,MW-300X250-ttshow,,知名媒體,,18,9,9,100.00%,5,55.56%,4,44.44%,5.00
20260127,14,第一網站股份有限公司,2601,Meme梗圖倉庫,11443,CF-336X280-meme,,,,"1,404",599,599,100.00%,46,7.68%,553,92.32%,0.92
20260127,14,艾得基客行銷顧問股份有限公司,2578,鉅亨網,12070,MW_320x480_文中創意_鉅亨網,,知名媒體,,"9,808","4,848","4,848",100.00%,"3,772",77.81%,"1,076",22.19%,14.95
20260127,14,葉志斌,2745,繁中寶可夢卡表生成器-奶爸工作室-exchange,12210,CF_728x90__文末__繁中寶可夢卡表生成器,,,,12,6,6,100.00%,2,33.33%,4,66.67%,1.26
20260127,14,第一網站股份有限公司,2540,risu短網址,12496,CF_300x250_popup(直播) _risu短網址,antifroud,知名媒體,,6,2,2,100.00%,2,100.00%,0,0.00%,1.89
20260127,14,時報資訊股份有限公司,2770,中時電子報_HB,12559,CF_300x250_右側互動看版_中時電子報_HB,,知名媒體,,634,301,301,100.00%,116,38.54%,185,61.46%,6.97
20260127,14,時報資訊股份有限公司,2770,中時電子報_HB,12560,CF_336x280_文中看板_中時電子報_HB,,知名媒體,,609,290,290,100.00%,205,70.69%,85,29.31%,23.87
20260127,14,時報資訊股份有限公司,2770,中時電子報_HB,12561,MW_300x250_內頁TOP Banner_中時電子報_HB,antifroud,知名媒體,,"1,031",458,458,100.00%,82,17.90%,376,82.10%,1.32
20260127,14,第一網站股份有限公司,2768,czbooks,12570,CF_728x90_banner_czbooks,,,,"46,407","22,852","22,852",100.00%,"16,829",73.64%,"6,023",26.36%,4.32
20260127,14,鳳梨傳媒股份有限公司,2190,民視新聞網-Exchange,12579,CF_300x250_右側第一塊_民視新聞網-Exchange(RWD)(MCM),,知名媒體,,"2,309","1,125","1,125",100.00%,84,7.47%,"1,041",92.53%,1.59
20260127,14,鳳梨傳媒股份有限公司,2190,民視新聞網-Exchange,12580,CF_300x250_內文文中左側_民視新聞網-Exchange(RWD)(MCM),,知名媒體,,"2,131","1,035","1,035",100.00%,95,9.18%,940,90.82%,1.28
20260127,14,第一網站股份有限公司,2783,漫畫櫃manhuagui,12676,CF_728X90_manhuagui,antifroud,,,"40,420","19,852","19,852",100.00%,"7,576",38.16%,"12,276",61.84%,3.99
20260127,14,艾得基客行銷顧問股份有限公司,2635,工商時報,12761,MW_320x480_文中創意_工商時報new,,知名媒體,,18,9,9,100.00%,8,88.89%,1,11.11%,5.33
20260127,14,金隼行銷股份有限公司,2786,91譜,12792,MW_置底創意_91譜,,知名媒體,,6,3,3,100.00%,3,100.00%,0,0.00%,13.33
20260127,14,第一網站股份有限公司,2801,damanwoo,12868,CF-300x250_Banner_damanwoo_大人物,,,,32,13,13,100.00%,3,23.08%,10,76.92%,8.31
20260127,14,第一網站股份有限公司,2820,星座好朋友(horofriend88),12966,MW_320x100_horofriend88,antifroud,,,596,295,295,100.00%,274,92.88%,21,7.12%,27.61
20260127,14,時報資訊股份有限公司,2335,中時電子報_2019,12974,MW-置底創意(展開)-中時電子報_2019,antifroud,知名媒體,,6,3,3,100.00%,2,66.67%,1,33.33%,6.04
20260127,14,第一網站股份有限公司,2836,vivi01,13032,MW_置底創意_vivi01 ViVi視頻,,,,30,15,15,100.00%,13,86.67%,2,13.33%,16.44
20260127,14,第一網站股份有限公司,2838,mycard,13041,MW_320x480_加倍mycard,,,,19,0,0,0.00%,0,0.00%,0,0.00%,0.00
20260127,14,和運租車股份有限公司,2878,abc好車網,13368,CF_970x90_物件頁下方_abc好車網,,知名媒體,,12,6,6,100.00%,0,0.00%,6,100.00%,0.09
20260127,14,曾憲敏,202,85小說網,13445,MW_336X280_全量1_85小說網,,,,336,168,168,100.00%,87,51.79%,81,48.21%,4.09
20260127,14,曾憲敏,202,85小說網,13446,MW_336X280_全量2_85小說網,,,,"2,680","1,334","1,334",100.00%,730,54.72%,604,45.28%,6.07
20260127,14,曾憲敏,601,85小說網_PC,13450,(子)CF_336x280_全量2_85小說網,,,子聯播網,189,93,93,100.00%,65,69.89%,28,30.11%,16.15
20260127,14,第一網站股份有限公司,2768,czbooks,13482,(子)CF_300x600_banner_czbooks(限時段),,,子聯播網,95,47,47,100.00%,36,76.60%,11,23.40%,75.24
20260127,14,第一網站股份有限公司,2768,czbooks,13483,(子)CF_970x250_banner_czbooks(限時段),,,子聯播網,115,57,57,100.00%,23,40.35%,34,59.65%,8.02
20260127,14,第一網站股份有限公司,2910,clickme,13548,(子)CF_300x250_banner_clickme(一般),,,子聯播網,718,335,335,100.00%,117,34.93%,218,65.07%,3.49
20260127,14,第一網站股份有限公司,2910,clickme,13549,CF_300x250_banner_clickme(一般),,,,890,457,457,100.00%,99,21.66%,358,78.34%,2.40
20260127,14,第一網站股份有限公司,2916,KiKiNote,13576,(子)CF_300x250_banner_kikinote,,知名媒體,子聯播網,"2,057",914,914,100.00%,117,12.80%,797,87.20%,0.86
20260127,14,闇碼科技股份有限公司,2992,縮短網址產生器-reurl-exchange,13848,CF_300x250_轉址失敗_最右邊_reurl,,知名媒體,,46,6,6,100.00%,4,66.67%,2,33.33%,5.02
20260127,14,闇碼科技股份有限公司,2992,縮短網址產生器-reurl-exchange,13856,CF_300x250_轉址失敗頁第二塊_reurl,,知名媒體,,40,6,6,100.00%,4,66.67%,2,33.33%,5.03
20260127,14,第一網站股份有限公司,2768,czbooks,13903,(子)CF_300x250_banner_czbooks(直播),antifroud,,子聯播網,"1,676",722,722,100.00%,197,27.29%,525,72.71%,0.92
20260127,14,第一網站股份有限公司,2768,czbooks,14036,MW_320x480_CZBOOKS,antifroud,,,59,29,29,100.00%,9,31.03%,20,68.97%,3.81
20260127,14,陳人鳳,480,飛格寵物家族_PC,1407,CF-728X90_上方通欄_飛格寵物家族,,,,102,34,34,100.00%,25,73.53%,9,26.47%,10.85
20260127,14,陳人鳳,480,飛格寵物家族_PC,1408,CF-300X250_內文_飛格寵物家族,,,,70,9,9,100.00%,5,55.56%,4,44.44%,12.67
20260127,14,飛凡傳播股份有限公司,1921,非凡新聞台-exchange,14188,MW_300x250_內文上方_非凡新聞-exchange,antifroud,知名媒體,,7,0,0,0.00%,0,0.00%,0,0.00%,0.00
20260127,14,闇碼科技股份有限公司,3048,縮短網址產生器-reurl,14209,MW_置底創意_縮短網址產生器-reurl,,知名媒體,,6,3,3,100.00%,0,0.00%,3,100.00%,0.00
20260127,14,闇碼科技股份有限公司,3048,縮短網址產生器-reurl,14210,MW_文中創意300x250_縮短網址產生器-reurl,,知名媒體,,786,52,52,100.00%,31,59.62%,21,40.38%,5.91
20260127,14,巨思文化股份有限公司,3053,數位時代_HB,14242,CF_300x250_內文下方左側_數位時代-HB,,知名媒體,,9,3,3,100.00%,1,33.33%,2,66.67%,1.65
20260127,14,巨思文化股份有限公司,3053,數位時代_HB,14243,CF_300x250_內文下方右側_數位時代-HB,,知名媒體,,7,2,2,100.00%,1,50.00%,1,50.00%,2.47
20260127,14,巨思文化股份有限公司,3053,數位時代_HB,14246,MW_300x250_文章結束第一塊_數位時代-HB,,知名媒體,,6,3,3,100.00%,0,0.00%,3,100.00%,0.00
20260127,14,富盈數據股份有限公司,3059,塔科女子,14258,CF_336x280_全網_塔科女子,,知名媒體,,24,11,11,100.00%,8,72.73%,3,27.27%,4.94
20260127,14,CBROOT LTD,3003,包子漫畫-exchange,14291,MW_300x250_蓋板(PB)_包子漫畫,,,,451,211,211,100.00%,127,60.19%,84,39.81%,10.94
20260127,14,朱光宁,3152,石頭小說-exchange,14472,MW_336x280_Banner_石頭小說,,,,"1,753",864,864,100.00%,615,71.18%,249,28.82%,7.31
20260127,14,朱光宁,3149,稷下書院-exchange,14748,MW_320x100_置底(PB)_稷下書院,,,,"24,530","12,085","12,085",100.00%,389,3.22%,"11,696",96.78%,0.12
20260127,14,巨思文化股份有限公司,3053,數位時代_HB,14764,MW_置底創意_(非展開)_數位時代_HB,,知名媒體,,218,106,106,100.00%,94,88.68%,12,11.32%,21.85
20260127,14,中天電視股份有限公司,3282,中天新聞網-exchange,14980,CF_970x250_內頁_PC置頂橫幅-中天新聞網-exchange,,知名媒體,,126,40,40,100.00%,11,27.50%,29,72.50%,1.12
20260127,14,曾憲敏,3327,85小說網_創意,15227,MW-300X250_85小說網_隨身影音PB,,,,18,9,9,100.00%,7,77.78%,2,22.22%,6.70
20260127,14,曾憲敏,3327,85小說網_創意,15228,MW-創意-85小說網,,,,90,45,45,100.00%,33,73.33%,12,26.67%,32.46
20260127,14,中天電視股份有限公司,3282,中天新聞網-exchange,15859,CF_336x280_內頁_PC右側互動看板B-中天新聞網-exchange,,知名媒體,,602,253,253,100.00%,88,34.78%,165,65.22%,5.44
20260127,14,布林遊國際有限公司,2620,Bring You-exchange,15951,CF_300x600_右側通欄_BringYou-exchange,,知名媒體,,12,6,6,100.00%,5,83.33%,1,16.67%,41.34
20260127,14,CBROOT LTD,3352,西瓜卡通-exchange,15970,CF_160x600_影音內容_西瓜卡通-exchange,,,,6,3,3,100.00%,2,66.67%,1,33.33%,22.24
20260127,14,葉志斌,2745,繁中寶可夢卡表生成器-奶爸工作室-exchange,16950,CF_160x600_Banner_繁中寶可夢卡表生成器-奶爸工作室-exchange,,,,6,3,3,100.00%,1,33.33%,2,66.67%,2.08
20260127,14,朱光宁,3360,提莫書屋-exchange,16957,MW_336x280banner_提莫書屋_exchange,,,,"17,342","8,572","8,572",100.00%,"6,330",73.85%,"2,242",26.15%,6.06
20260127,14,朱光宁,3361,提莫書屋-mobile,16959,MW_320x480_文中創意_提莫書屋-mobile,,,,32,16,16,100.00%,13,81.25%,3,18.75%,10.06
20260127,14,欣發現股份有限公司,3365,Hami任務牆-mobile,16969,MW_置底創意_Hami任務牆,,知名媒體,,18,9,9,100.00%,5,55.56%,4,44.44%,5.30
20260127,14,欣發現股份有限公司,3364,女子學-mobile,16972,MW_置底創意_女子學,antifroud,,,152,72,72,100.00%,0,0.00%,72,100.00%,0.08
20260127,14,欣發現股份有限公司,3363,大人物-mobile,16973,MW_置底創意_大人物,,知名媒體,,6,2,2,100.00%,2,100.00%,0,0.00%,3.22
20260127,14,第一網站股份有限公司,2783,漫畫櫃manhuagui,17027,MW_320x480_蓋版_漫畫櫃manhuagui,,,,107,53,53,100.00%,8,15.09%,45,84.91%,1.68
20260127,14,艾得基客行銷顧問股份有限公司,3373,良醫健康網,17092,MW_置底創意_良醫健康網,,知名媒體,,56,28,28,100.00%,25,89.29%,3,10.71%,25.75
20260127,14,詠勝科技有限公司,3385,Mobile01_HB,17179,CF_300x250_熱門大看板_Mobile01_HB,,知名媒體,,180,88,88,100.00%,41,46.59%,47,53.41%,3.62
20260127,14,詠勝科技有限公司,3385,Mobile01_HB,17180,CF_300x250_置底看板左_Mobile01_HB,,知名媒體,,37,18,18,100.00%,10,55.56%,8,44.44%,3.69
20260127,14,詠勝科技有限公司,3385,Mobile01_HB,17181,CF_300x250_置底看板中_Mobile01_HB,,知名媒體,,45,22,22,100.00%,5,22.73%,17,77.27%,2.64
20260127,14,詠勝科技有限公司,3385,Mobile01_HB,17182,CF_300x250_置底看板右_Mobile01_HB,,知名媒體,,16,8,8,100.00%,5,62.50%,3,37.50%,6.32
20260127,14,朱光宁,3268,稷下書院-mobile,17207,MW_320x480_蓋版_稷下書院-mobile,,,,693,298,298,100.00%,152,51.01%,146,48.99%,2.91
20260127,14,李立娟,3395,vivi0視頻-exchange,17293,CF_336x280_Banner_vivi01視頻-exchange,antifroud,,,"45,435","22,231","22,231",100.00%,"3,316",14.92%,"18,915",85.08%,0.37
20260127,14,李立娟,3395,vivi0視頻-exchange,17294,MW_336x280_Banner_vivi01視頻-exchange,antifroud,,,"45,634","22,292","22,292",100.00%,"8,652",38.81%,"13,640",61.19%,1.52
20260127,14,李立娟,3395,vivi0視頻-exchange,17299,MW_300x250_蓋板(PB)-vivi01視頻-exchange,,,,12,6,6,100.00%,0,0.00%,6,100.00%,0.00
20260127,14,李立娟,3395,vivi0視頻-exchange,17300,MW_320x100_置底(PB)_vivi01視頻-exchange,antifroud,,,"75,219","36,837","36,837",100.00%,"23,398",63.52%,"13,439",36.48%,14.33
20260127,14,李立娟,3397,趣聞圖說-exchange,17309,MW_336x280_文中Banner_趣聞圖說-exchange,,,,350,95,95,100.00%,32,33.68%,63,66.32%,2.08
20260127,14,曾憲敏,601,85小說網_PC,1773,CF-300x250_85小說網_內文1,,,,268,133,133,100.00%,117,87.97%,16,12.03%,21.97
20260127,14,李立娟,3396,趣聞圖說-Mobile,17923,MW_置底創意(展開)_趣聞圖說-Mobile,,,,36,18,18,100.00%,18,100.00%,0,0.00%,17.11
20260127,14,第一網站股份有限公司,2768,czbooks,17927,MW_置底創意_czbook,,,,"4,538","2,251","2,251",100.00%,"2,072",92.05%,179,7.95%,12.76
20260127,14,時報資訊股份有限公司_工商時報,3427,工商時報-exchange,18007,CF_336x280_文末右側看板_工商時報-exchange,,知名媒體,,6,3,3,100.00%,0,0.00%,3,100.00%,0.00
20260127,14,時報資訊股份有限公司_工商時報,3427,工商時報-exchange,18014,MW_300x250_文末Banner1_工商時報-exchange,,知名媒體,,76,38,38,100.00%,9,23.68%,29,76.32%,1.13
20260127,14,時報資訊股份有限公司_工商時報,3427,工商時報-exchange,18015,MW_300x250_文末Banner2_工商時報-exchange,,知名媒體,,92,46,46,100.00%,0,0.00%,46,100.00%,0.00
20260127,14,第一網站股份有限公司,3440,fsa_passback_first,18201,CF_336x280_fsa_passback_first,,,,"1,411",645,645,100.00%,68,10.54%,577,89.46%,0.52
20260127,14,第一網站股份有限公司,3440,fsa_passback_first,18202,CF_300x250_fsa_passback_first,,,,"3,438","1,659","1,659",100.00%,"1,059",63.83%,600,36.17%,41.52
20260127,14,第一網站股份有限公司,3440,fsa_passback_first,18266,(子)CF_970x250_cfbanner_blog,,,子聯播網,462,196,196,100.00%,35,17.86%,161,82.14%,0.91
20260127,14,朱光宁,3268,稷下書院-mobile,18297,MW_置底創意(展開)_稷下書院-mobile,,,,144,72,72,100.00%,69,95.83%,3,4.17%,7.35
20260127,14,冰楓科技有限公司,3485,冰楓論壇-exchange,18487,CF_970x90_內文上方第一塊_冰楓論壇-exchange,,,,"1,020",469,469,100.00%,99,21.11%,370,78.89%,1.55
20260127,14,冰楓科技有限公司,3485,冰楓論壇-exchange,18488,MW_320x100_內文上方第一塊_ 冰楓論壇-exchange,antifroud,,,71,28,28,100.00%,15,53.57%,13,46.43%,12.31
20260127,14,冰楓科技有限公司,3485,冰楓論壇-exchange,18492,MW_300x250_Banner_ 冰楓論壇-exchange,,,,429,189,189,100.00%,101,53.44%,88,46.56%,3.84
20260127,14,闇碼科技股份有限公司,3048,縮短網址產生器-reurl,18535,MW_蓋版_縮短網址產生器-reurl,,知名媒體,,14,7,7,100.00%,6,85.71%,1,14.29%,4.49
20260127,14,CBROOT LTD,3510,包子漫畫_twmanga-exchange,18737,CF_970x90_Banner_ 包子漫畫_twmanga-exchange,,,,102,51,51,100.00%,10,19.61%,41,80.39%,4.02
20260127,14,台灣英文新聞股份有限公司,3537,台灣英文新聞(new)-exchange,18924,CF_300x250_內容頁_右側看版_1_台灣英文新聞(new)-exchange,,知名媒體,,42,18,18,100.00%,6,33.33%,12,66.67%,15.47
20260127,14,聯合線上股份有限公司,3549,UDN元氣網,19018,CF_首頁文章推薦第三格300x250_UDN元氣網,,知名媒體,,6,3,3,100.00%,1,33.33%,2,66.67%,0.33
20260127,14,艾得基客行銷顧問股份有限公司,3490,太報,19043,MW_置底創意(展開)_太報,,知名媒體,,249,124,124,100.00%,106,85.48%,18,14.52%,19.53
20260127,14,艾得基客行銷顧問股份有限公司,3552,玩具人,19044,MW_320x480_文中創意_玩具人,,知名媒體,,42,21,21,100.00%,16,76.19%,5,23.81%,12.72
20260127,14,第一網站股份有限公司,2783,漫畫櫃manhuagui,20685,MW_300X250_manhuagui,antifroud,,,"5,194","2,542","2,542",100.00%,"1,014",39.89%,"1,528",60.11%,9.25
20260127,14,德榕企業有限公司,3577,TW Bodhi,20705,(子)CF_336x280_文章頁(RWD)_TW Bodhi,antifroud,,子聯播網,12,6,6,100.00%,0,0.00%,6,100.00%,0.00
20260127,14,德榕企業有限公司,3578,TW Bodhi_mobile,20708,MW_蓋板_TW Bodhi,,,,243,119,119,100.00%,0,0.00%,119,100.00%,0.00
20260127,14,德榕企業有限公司,3581,忘憂書屋,20727,CF_336x280文章頁(RWD)_忘憂書屋,,,,134,67,67,100.00%,0,0.00%,67,100.00%,0.01
20260127,14,德榕企業有限公司,3582,忘憂書屋_mobile,20728,MW_文中創意300x250_忘憂書屋,,,,70,30,30,100.00%,0,0.00%,30,100.00%,0.00
20260127,14,德榕企業有限公司,3582,忘憂書屋_mobile,20729,MW_蓋板_忘憂書屋,,,,14,7,7,100.00%,0,0.00%,7,100.00%,0.00
20260127,14,第一網站股份有限公司,2916,KiKiNote,20731,CF_300x250_banner_kikinote (PB),,知名媒體,,20,9,9,100.00%,0,0.00%,9,100.00%,0.00
20260127,14,第一網站股份有限公司,2910,clickme,20735,(子)CF_300x250_banner_clickme(成人),,,子聯播網,"5,937","2,626","2,626",100.00%,771,29.36%,"1,855",70.64%,1.83
20260127,14,第一網站股份有限公司,3440,fsa_passback_first,21699,CF_336x280_fsa_passback_first,,,,"4,644","2,172","2,172",100.00%,326,15.01%,"1,846",84.99%,0.76
20260127,14,朱光宁,3269,石頭小說-mobile,21741,MW_320x480_蓋版_石頭小說-mobile,antifroud,,,6,3,3,100.00%,0,0.00%,3,100.00%,0.32
20260127,14,富盈數據股份有限公司,3653,TVBS-女人我最大_HB,21760,MW_文章三_336x280_TVBS-女人我最大_HB,,知名媒體,,6,3,3,100.00%,2,66.67%,1,33.33%,20.33
20260127,14,富盈數據股份有限公司,3653,TVBS-女人我最大_HB,21761,MW_文章四_336x280_TVBS-女人我最大_HB,,知名媒體,,556,277,277,100.00%,182,65.70%,95,34.30%,4.49
20260127,14,富盈數據股份有限公司,3653,TVBS-女人我最大_HB,21763,MW_文中創意320x480_TVBS-女人我最大_HB,,知名媒體,,295,143,143,100.00%,106,74.13%,37,25.87%,20.30
20260127,14,富盈數據股份有限公司,3654,TVBS-健康2.0_HB,21765,MW_文章三_336x280_TVBS-健康2.0_HB,,知名媒體,,7,4,4,100.00%,2,50.00%,2,50.00%,1.50
20260127,14,富盈數據股份有限公司,3654,TVBS-健康2.0_HB,21768,MW_文中創意320x480_TVBS-健康2.0_HB,,知名媒體,,"4,592","2,167","2,167",100.00%,"1,465",67.60%,702,32.40%,23.60
20260127,14,富盈數據股份有限公司,3655,TVBS-食尚玩家_HB,21773,MW_文中創意320x480_TVBS-食尚玩家_HB,,知名媒體,,210,101,101,100.00%,78,77.23%,23,22.77%,19.75
20260127,14,富盈數據股份有限公司,3654,TVBS-健康2.0_HB,21812,MW_文章一_336x280_TVBS-健康2.0_HB,,知名媒體,,65,32,32,100.00%,18,56.25%,14,43.75%,4.48
20260127,14,儂儂雜誌社股份有限公司(bella儂儂),2135,Bella儂儂_2024,21876,MW-300x250_文章標題上方1_Bella儂儂,,知名媒體,,98,49,49,100.00%,20,40.82%,29,59.18%,2.78
20260127,14,富盈數據股份有限公司,3680,TVBS-新聞網_HB,21898,CF_文章右側300x600_TVBS-新聞網_HB,,知名媒體,,12,6,6,100.00%,3,50.00%,3,50.00%,9.41
20260127,14,富盈數據股份有限公司,3680,TVBS-新聞網_HB,21899,MW_文章一_336x280_TVBS-新聞網_HB,,知名媒體,,"2,293","1,135","1,135",100.00%,818,72.07%,317,27.93%,6.93
20260127,14,富盈數據股份有限公司,3680,TVBS-新聞網_HB,21900,MW_文章三_336x280_TVBS-新聞網_HB,,知名媒體,,339,168,168,100.00%,84,50.00%,84,50.00%,3.07
20260127,14,富盈數據股份有限公司,3680,TVBS-新聞網_HB,21902,MW_文章置底_320x100_TVBS-新聞網_HB,,知名媒體,,"2,592","1,275","1,275",100.00%,468,36.71%,807,63.29%,14.34
20260127,14,富盈數據股份有限公司,3684,稅美人_mobile,21923,MW_置底創意(非展開)_稅美人-mobile,,,,427,212,212,100.00%,190,89.62%,22,10.38%,26.77
20260127,14,富盈數據股份有限公司,3685,玩桌遊_mobile,21924,MW_置底創意(非展開)_玩桌遊-mobile,,,,164,82,82,100.00%,75,91.46%,7,8.54%,8.15
20260127,14,富盈數據股份有限公司,2615,熱血台中,21986,CF_336x280_全網_熱血台中,,,,18,9,9,100.00%,8,88.89%,1,11.11%,3.41
20260127,14,富盈數據股份有限公司,2615,熱血台中,21987,CF_336x280_全網_熱血台中,,,,44,22,22,100.00%,14,63.64%,8,36.36%,1.45
20260127,14,富盈數據股份有限公司,3704,天天要聞,22030,CF_300 x 250 banner_天天要聞_cpc2,,,,731,361,361,100.00%,278,77.01%,83,22.99%,9.85
20260127,14,富盈數據股份有限公司,3703,繁體小說,22031,CF_300 x 250 banner_繁體小說_cpc2,,,,14,7,7,100.00%,7,100.00%,0,0.00%,10.53
20260127,14,朱光宁,3708,石頭小說,22045,CF_336 x 280 banner_石頭小說_cpc1.67,antifroud,,,"51,401","25,276","25,276",100.00%,"15,686",62.06%,"9,590",37.94%,4.89
20260127,14,冠妍動力科技有限公司,484,小老婆汽機車資訊網,22058,MW_文中創意320x480_小老婆汽機車資訊網-測試,,知名媒體,,6,3,3,100.00%,3,100.00%,0,0.00%,26.67
20260127,14,朱光宁,3718,稷下書院2,22093,CF_336 x 280 banner_稷下書院2_cpc1.67,antifroud,,,"48,740","23,733","23,730",99.99%,"14,595",61.50%,"9,135",38.50%,5.05
20260127,14,富盈數據股份有限公司,3680,TVBS-新聞網_HB,22131,CF_文中300x250_TVBS-新聞網_HB_1,,知名媒體,,26,13,13,100.00%,10,76.92%,3,23.08%,14.05
20260127,14,富盈數據股份有限公司,3680,TVBS-新聞網_HB,22132,CF_文中300x250_TVBS-新聞網_HB_2,,知名媒體,,42,21,21,100.00%,18,85.71%,3,14.29%,18.62
20260127,14,富盈數據股份有限公司,3680,TVBS-新聞網_HB,22133,CF_文中300x250_TVBS-新聞網_HB_3,,知名媒體,,126,61,61,100.00%,50,81.97%,11,18.03%,13.78
20260127,14,闇碼科技股份有限公司,3048,縮短網址產生器-reurl,22213,MW_蓋版_縮短網址產生器-reurl-2025.05(特殊供量),,知名媒體,,788,48,48,100.00%,23,47.92%,25,52.08%,1.49
20260127,14,艾得基客行銷顧問股份有限公司,3724,上報,22217,MW_置底創意(非展開)_上報,,知名媒體,,"1,968",974,974,100.00%,921,94.56%,53,5.44%,52.58
20260127,14,艾得基客行銷顧問股份有限公司,3724,上報,22218,MW_置底(展開)_上報,,知名媒體,,"1,089",532,532,100.00%,481,90.41%,51,9.59%,50.29
20260127,14,艾得基客行銷顧問股份有限公司,2689,Basketball Top5,22219,MW_置底(展開)_Basketball TOP5,,,,86,43,43,100.00%,40,93.02%,3,6.98%,6.48
20260127,14,欣發現股份有限公司,3363,大人物-mobile,22222,MW_蓋板_大人物,,知名媒體,,38,18,18,100.00%,4,22.22%,14,77.78%,3.37
20260127,14,艾得基客行銷顧問股份有限公司,3738,痞客邦,22226,MW_文章頁-置底-痞客邦,,知名媒體,,12,5,5,100.00%,1,20.00%,4,80.00%,10.64
20260127,14,朱光宁,3741,石頭小說3,22396,MW_置底_石頭小說3,,,,24,12,12,100.00%,8,66.67%,4,33.33%,22.91
20260127,14,朱光宁,3741,石頭小說3,22398,CF_336 x 280 banner_石頭小說3_cpc1.67,,,,"10,360","5,085","5,085",100.00%,"3,497",68.77%,"1,588",31.23%,8.47
20260127,14,朱光宁,3741,石頭小說3,22399,CF_320 x 480 橫幅_石頭小說3,,,,20,10,10,100.00%,1,10.00%,9,90.00%,3.00
20260127,14,艾得基客行銷顧問股份有限公司,3724,上報,22405,MW_蓋版_上報,,知名媒體,,219,105,105,100.00%,29,27.62%,76,72.38%,1.54
20260127,14,闇碼科技股份有限公司,3068,限時圖片-imgus,22406,MW_置底_imgus,antifroud,,,159,77,77,100.00%,55,71.43%,22,28.57%,2.83
20260127,14,第一網站股份有限公司,2783,漫畫櫃manhuagui,22443,MW_置底_manhuagui,antifroud,,,"4,257","2,073","2,073",100.00%,"1,521",73.37%,552,26.63%,12.06
20260127,14,艾得基客行銷顧問股份有限公司,3490,太報,22495,MW_300x250 BANNER_太報_CPM5,,知名媒體,子聯播網,6,3,3,100.00%,3,100.00%,0,0.00%,3.67
20260127,14,艾得基客行銷顧問股份有限公司,2689,Basketball Top5,22498,MW_300x250 Banner_Basketball TOP5_CPM5,,,子聯播網,290,144,144,100.00%,59,40.97%,85,59.03%,2.07
20260127,14,艾得基客行銷顧問股份有限公司,2578,鉅亨網,22507,MW_300x250_鉅亨網_直播用BN-1,,知名媒體,子聯播網,782,372,372,100.00%,101,27.15%,271,72.85%,6.05
20260127,14,艾得基客行銷顧問股份有限公司,3752,ＭoneyDJ,22514,MW_文中創意320x480_MoneyDJ,antifroud,知名媒體,,46,23,23,100.00%,20,86.96%,3,13.04%,12.52
20260127,14,李承翰-webptt,718,Web批踢踢(RWD),2284,MW-蓋板_文中_Web批踢踢,antifroud,,,50,18,18,100.00%,11,61.11%,7,38.89%,6.17
20260127,14,麥智維,999,動漫戲說,3543,CF-728*90-內文上方-動漫戲說,antifroud,,,153,69,69,100.00%,59,85.51%,10,14.49%,68.17
20260127,14,蔡建磊,1269,跑跑資訊站,4622,CF-300X250-內文右側-跑跑資訊站,,,,6,2,2,100.00%,1,50.00%,1,50.00%,0.68
20260127,14,肖偉彬,1287,紅櫻桃小說書庫,4678,CF-內文上方-300*250-紅櫻桃小說書庫,,,,40,20,20,100.00%,16,80.00%,4,20.00%,5.54
20260127,14,肖偉彬,1286,龍騰世紀書庫,4716,CF-內文中間-300*250-龍騰世紀書庫,,,,6,3,3,100.00%,3,100.00%,0,0.00%,25.00
20260127,14,肖偉彬,1287,紅櫻桃小說書庫,4717,MW_文中創意300x250_紅櫻桃小說書庫,,,,6,3,3,100.00%,1,33.33%,2,66.67%,20.00
20260127,14,技達創意資訊有限公司,1299,泰好網,4733,CF-300*250-內文下方-泰好網,,,,24,8,8,100.00%,6,75.00%,2,25.00%,1.21
20260127,14,技達創意資訊有限公司,1299,泰好網,4734,MW-320*100-首頁、內文上方-泰好網,,,,6,2,2,100.00%,2,100.00%,0,0.00%,5.00
20260127,14,陈晋福,1367,電視超人,4997,CF-300X250-電視超人,,,,6,3,3,100.00%,3,100.00%,0,0.00%,6.28
20260127,14,麥智維,999,動漫戲說,6069,CF-300*250-首頁-動漫戲說,,,,26,10,10,100.00%,6,60.00%,4,40.00%,2.14
20260127,14,莊博凱,1676,夢遊電玩-exchange,6310,CF-160*600-網頁右側-夢遊電玩-exchange,,,,36,13,13,100.00%,10,76.92%,3,23.08%,25.17
20260127,14,吳慧玲,2082,宅女懶懶子,8073,CF-右側通欄第二塊-300x600-宅女懶懶子,antifroud,,,6,2,2,100.00%,0,0.00%,2,100.00%,0.00
20260127,14,精鏡傳媒股份有限公司,1060,鏡週刊,8249,MW_置底創意(展開)_鏡週刊,,知名媒體,,6,3,3,100.00%,3,100.00%,0,0.00%,2.33
20260127,14,精鏡傳媒股份有限公司,1060,鏡週刊,8250,MW_置底創意(非展開)_鏡週刊,,知名媒體,,"1,018",508,508,100.00%,483,95.08%,25,4.92%,39.30
20260127,14,臺灣電視事業股份有限公司,52,台視,8313,PC-300x250_內文第一塊_台視財經,,知名媒體,,38,19,19,100.00%,0,0.00%,19,100.00%,0.00
20260127,14,布林遊國際有限公司,1692,Bring You,8393,CF-300X250-上方通欄右側_BringYou,,知名媒體,,32,16,16,100.00%,7,43.75%,9,56.25%,7.31
20260127,14,巧克科技新媒體股份有限公司,2127,LINE TV_Banner-exchange,8576,CF_336x280_戲劇-右側好康資訊下方_LINE TV-exchange,,知名媒體,,20,10,10,100.00%,1,10.00%,9,90.00%,0.10
20260127,14,巧克科技新媒體股份有限公司,2127,LINE TV_Banner-exchange,8577,CF_336x280_戲劇-右側好康資訊上方_LINE TV-exchange,,知名媒體,,64,32,32,100.00%,2,6.25%,30,93.75%,1.45
20260127,14,鳳梨傳媒股份有限公司,2190,民視新聞網-Exchange,8862,CF_970X90_分類新聞內頁上方_民視新聞(MCM),,知名媒體,,12,6,6,100.00%,0,0.00%,6,100.00%,0.00
20260127,15,英屬維京群島商浩美數位有限公司台灣分公司,2315,Teepr亮新聞-exchange,10012,CF_336x280Banner_Teepr亮新聞-exchange,,知名媒體,,"1,368",663,663,100.00%,27,4.07%,636,95.93%,0.22
20260127,15,昱得資訊工作室,2528,數位書香,11080,CF_728x90_首頁上方_數位書香,antifroud,,,36,18,18,100.00%,15,83.33%,3,16.67%,4.13
20260127,15,昱得資訊工作室,2528,數位書香,11081,CF_160x600_首頁右側_數位書香,antifroud,,,756,328,328,100.00%,129,39.33%,199,60.67%,2.73
20260127,15,第一網站股份有限公司,2518,麻辣家族討論區(twbts),11082,CF-728X90-twbts,antifroud,,,419,161,161,100.00%,107,66.46%,54,33.54%,5.37
20260127,15,第一網站股份有限公司,2540,risu短網址,11260,MW-300X250-MB_page_left-risu,,知名媒體,,56,23,23,100.00%,15,65.22%,8,34.78%,4.95
20260127,15,第一網站股份有限公司,2492,ttshow,11273,MW-300X250-ttshow,,知名媒體,,41,17,17,100.00%,8,47.06%,9,52.94%,6.02
20260127,15,第一網站股份有限公司,2601,Meme梗圖倉庫,11443,CF-336X280-meme,,,,"1,409",595,595,100.00%,45,7.56%,550,92.44%,0.51
20260127,15,艾得基客行銷顧問股份有限公司,2578,鉅亨網,12070,MW_320x480_文中創意_鉅亨網,,知名媒體,,"8,820","4,344","4,344",100.00%,"3,274",75.37%,"1,070",24.63%,14.80
20260127,15,葉志斌,2745,繁中寶可夢卡表生成器-奶爸工作室-exchange,12210,CF_728x90__文末__繁中寶可夢卡表生成器,,,,6,3,3,100.00%,2,66.67%,1,33.33%,387.61
20260127,15,第一網站股份有限公司,2540,risu短網址,12496,CF_300x250_popup(直播) _risu短網址,antifroud,知名媒體,,6,2,2,100.00%,2,100.00%,0,0.00%,1.20
20260127,15,時報資訊股份有限公司,2770,中時電子報_HB,12559,CF_300x250_右側互動看版_中時電子報_HB,,知名媒體,,545,253,253,100.00%,105,41.50%,148,58.50%,4.38
20260127,15,時報資訊股份有限公司,2770,中時電子報_HB,12560,CF_336x280_文中看板_中時電子報_HB,,知名媒體,,531,244,244,100.00%,193,79.10%,51,20.90%,23.42
20260127,15,時報資訊股份有限公司,2770,中時電子報_HB,12561,MW_300x250_內頁TOP Banner_中時電子報_HB,antifroud,知名媒體,,833,396,396,100.00%,58,14.65%,338,85.35%,1.04
20260127,15,第一網站股份有限公司,2768,czbooks,12570,CF_728x90_banner_czbooks,,,,"3,961","1,938","1,938",100.00%,"1,520",78.43%,418,21.57%,4.87
20260127,15,鳳梨傳媒股份有限公司,2190,民視新聞網-Exchange,12579,CF_300x250_右側第一塊_民視新聞網-Exchange(RWD)(MCM),,知名媒體,,"1,749",854,854,100.00%,62,7.26%,792,92.74%,1.71
20260127,15,鳳梨傳媒股份有限公司,2190,民視新聞網-Exchange,12580,CF_300x250_內文文中左側_民視新聞網-Exchange(RWD)(MCM),,知名媒體,,"1,777",862,862,100.00%,81,9.40%,781,90.60%,1.37
20260127,15,第一網站股份有限公司,2783,漫畫櫃manhuagui,12676,CF_728X90_manhuagui,antifroud,,,"57,139","28,067","28,067",100.00%,"10,212",36.38%,"17,855",63.62%,3.93
20260127,15,艾得基客行銷顧問股份有限公司,2635,工商時報,12761,MW_320x480_文中創意_工商時報new,,知名媒體,,36,18,18,100.00%,12,66.67%,6,33.33%,11.87
20260127,15,第一網站股份有限公司,2801,damanwoo,12868,CF-300x250_Banner_damanwoo_大人物,,,,64,29,29,100.00%,1,3.45%,28,96.55%,0.11
20260127,15,艾得基客行銷顧問股份有限公司,2266,嬰兒與母親,12869,MW_置底創意_嬰兒與母親,,知名媒體,,6,3,3,100.00%,0,0.00%,3,100.00%,0.21
20260127,15,第一網站股份有限公司,2820,星座好朋友(horofriend88),12966,MW_320x100_horofriend88,antifroud,,,128,64,64,100.00%,61,95.31%,3,4.69%,33.67
20260127,15,時報資訊股份有限公司,2335,中時電子報_2019,12974,MW-置底創意(展開)-中時電子報_2019,antifroud,知名媒體,,18,9,9,100.00%,6,66.67%,3,33.33%,3.45
20260127,15,第一網站股份有限公司,2836,vivi01,13032,MW_置底創意_vivi01 ViVi視頻,,,,72,36,36,100.00%,32,88.89%,4,11.11%,17.23
20260127,15,第一網站股份有限公司,2838,mycard,13041,MW_320x480_加倍mycard,,,,239,0,0,0.00%,0,0.00%,0,0.00%,0.00
20260127,15,東森電視事業股份有限公司,2014,東森新聞網,13162,MW_置底創意(展開)_東森新聞網,antifroud,知名媒體,,269,133,133,100.00%,125,93.98%,8,6.02%,5.32
20260127,15,和運租車股份有限公司,2878,abc好車網,13368,CF_970x90_物件頁下方_abc好車網,,知名媒體,,18,9,9,100.00%,3,33.33%,6,66.67%,3.41
20260127,15,曾憲敏,202,85小說網,13445,MW_336X280_全量1_85小說網,,,,366,183,183,100.00%,92,50.27%,91,49.73%,5.64
20260127,15,曾憲敏,202,85小說網,13446,MW_336X280_全量2_85小說網,,,,"2,503","1,247","1,247",100.00%,658,52.77%,589,47.23%,5.92
20260127,15,第一網站股份有限公司,2910,clickme,13548,(子)CF_300x250_banner_clickme(一般),,,子聯播網,"1,677",743,743,100.00%,259,34.86%,484,65.14%,3.22
20260127,15,第一網站股份有限公司,2910,clickme,13549,CF_300x250_banner_clickme(一般),,,,907,461,461,100.00%,38,8.24%,423,91.76%,0.36
20260127,15,第一網站股份有限公司,2916,KiKiNote,13576,(子)CF_300x250_banner_kikinote,,知名媒體,子聯播網,"2,659","1,209","1,209",100.00%,186,15.38%,"1,023",84.62%,1.23
20260127,15,闇碼科技股份有限公司,2992,縮短網址產生器-reurl-exchange,13848,CF_300x250_轉址失敗_最右邊_reurl,,知名媒體,,6,3,3,100.00%,2,66.67%,1,33.33%,1.65
20260127,15,闇碼科技股份有限公司,2992,縮短網址產生器-reurl-exchange,13856,CF_300x250_轉址失敗頁第二塊_reurl,,知名媒體,,12,6,6,100.00%,2,33.33%,4,66.67%,0.82
20260127,15,闇碼科技股份有限公司,2992,縮短網址產生器-reurl-exchange,13861,CF_300x250_網址下方右側(PB)_reurl,,知名媒體,,6,3,3,100.00%,0,0.00%,3,100.00%,0.00
20260127,15,第一網站股份有限公司,2768,czbooks,14036,MW_320x480_CZBOOKS,antifroud,,,34,17,17,100.00%,4,23.53%,13,76.47%,1.02
20260127,15,陳人鳳,480,飛格寵物家族_PC,1407,CF-728X90_上方通欄_飛格寵物家族,,,,12,6,6,100.00%,5,83.33%,1,16.67%,13.73
20260127,15,陳人鳳,480,飛格寵物家族_PC,1408,CF-300X250_內文_飛格寵物家族,,,,78,21,21,100.00%,12,57.14%,9,42.86%,2.75
20260127,15,東森電視事業股份有限公司,2014,東森新聞網,14097,MW_蓋版_東森新聞網,,知名媒體,,"1,886",932,932,100.00%,8,0.86%,924,99.14%,0.13
20260127,15,闇碼科技股份有限公司,3048,縮短網址產生器-reurl,14210,MW_文中創意300x250_縮短網址產生器-reurl,,知名媒體,,204,75,75,100.00%,46,61.33%,29,38.67%,3.79
20260127,15,巨思文化股份有限公司,3052,經理人_HB,14238,MW_文章結束第一塊_300x250_經理人-HB,,知名媒體,,6,3,3,100.00%,0,0.00%,3,100.00%,0.00
20260127,15,巨思文化股份有限公司,3052,經理人_HB,14239,CF_300x250_內文下方右側_經理人-HB,,知名媒體,,6,2,2,100.00%,0,0.00%,2,100.00%,0.00
20260127,15,巨思文化股份有限公司,3052,經理人_HB,14240,CF_300x250_內文下方左側_經理人-HB,,知名媒體,,6,2,2,100.00%,0,0.00%,2,100.00%,0.00
20260127,15,巨思文化股份有限公司,3052,經理人_HB,14241,MW_300x250_內文下方_經理人-HB,,知名媒體,,6,3,3,100.00%,0,0.00%,3,100.00%,0.00
20260127,15,富盈數據股份有限公司,3059,塔科女子,14258,CF_336x280_全網_塔科女子,,知名媒體,,20,10,10,100.00%,9,90.00%,1,10.00%,21.42
20260127,15,CBROOT LTD,3003,包子漫畫-exchange,14291,MW_300x250_蓋板(PB)_包子漫畫,,,,327,159,159,100.00%,77,48.43%,82,51.57%,8.63
20260127,15,朱光宁,3152,石頭小說-exchange,14472,MW_336x280_Banner_石頭小說,,,,"7,458","3,687","3,687",100.00%,"2,765",74.99%,922,25.01%,7.08
20260127,15,朱光宁,3149,稷下書院-exchange,14748,MW_320x100_置底(PB)_稷下書院,,,,"22,870","11,262","11,262",100.00%,334,2.97%,"10,928",97.03%,0.10
20260127,15,巨思文化股份有限公司,3053,數位時代_HB,14764,MW_置底創意_(非展開)_數位時代_HB,,知名媒體,,204,102,102,100.00%,96,94.12%,6,5.88%,22.74
20260127,15,中天電視股份有限公司,3282,中天新聞網-exchange,14980,CF_970x250_內頁_PC置頂橫幅-中天新聞網-exchange,,知名媒體,,106,47,47,100.00%,8,17.02%,39,82.98%,1.15
20260127,15,曾憲敏,3327,85小說網_創意,15227,MW-300X250_85小說網_隨身影音PB,,,,6,3,3,100.00%,2,66.67%,1,33.33%,12.44
20260127,15,曾憲敏,3327,85小說網_創意,15228,MW-創意-85小說網,,,,12,6,6,100.00%,3,50.00%,3,50.00%,25.16
20260127,15,中天電視股份有限公司,3282,中天新聞網-exchange,15859,CF_336x280_內頁_PC右側互動看板B-中天新聞網-exchange,,知名媒體,,925,437,437,100.00%,188,43.02%,249,56.98%,6.63
20260127,15,布林遊國際有限公司,2620,Bring You-exchange,15951,CF_300x600_右側通欄_BringYou-exchange,,知名媒體,,6,3,3,100.00%,2,66.67%,1,33.33%,20.33
20260127,15,CBROOT LTD,3352,西瓜卡通-exchange,15970,CF_160x600_影音內容_西瓜卡通-exchange,,,,6,3,3,100.00%,2,66.67%,1,33.33%,22.62
20260127,15,朱光宁,3360,提莫書屋-exchange,16957,MW_336x280banner_提莫書屋_exchange,,,,"15,810","7,815","7,815",100.00%,"5,814",74.40%,"2,001",25.60%,5.79
20260127,15,朱光宁,3361,提莫書屋-mobile,16959,MW_320x480_文中創意_提莫書屋-mobile,,,,56,28,28,100.00%,22,78.57%,6,21.43%,5.86
20260127,15,欣發現股份有限公司,3365,Hami任務牆-mobile,16969,MW_置底創意_Hami任務牆,,知名媒體,,14,7,7,100.00%,6,85.71%,1,14.29%,6.93
20260127,15,欣發現股份有限公司,3364,女子學-mobile,16972,MW_置底創意_女子學,antifroud,,,98,49,49,100.00%,0,0.00%,49,100.00%,0.04
20260127,15,欣發現股份有限公司,3363,大人物-mobile,16973,MW_置底創意_大人物,,知名媒體,,6,3,3,100.00%,3,100.00%,0,0.00%,2.84
20260127,15,第一網站股份有限公司,2783,漫畫櫃manhuagui,17027,MW_320x480_蓋版_漫畫櫃manhuagui,,,,54,27,27,100.00%,1,3.70%,26,96.30%,7.75
20260127,15,艾得基客行銷顧問股份有限公司,3373,良醫健康網,17092,MW_置底創意_良醫健康網,,知名媒體,,18,9,9,100.00%,9,100.00%,0,0.00%,37.85
20260127,15,詠勝科技有限公司,3385,Mobile01_HB,17179,CF_300x250_熱門大看板_Mobile01_HB,,知名媒體,,378,179,179,100.00%,84,46.93%,95,53.07%,4.82
20260127,15,詠勝科技有限公司,3385,Mobile01_HB,17180,CF_300x250_置底看板左_Mobile01_HB,,知名媒體,,91,45,45,100.00%,25,55.56%,20,44.44%,1.59
20260127,15,詠勝科技有限公司,3385,Mobile01_HB,17181,CF_300x250_置底看板中_Mobile01_HB,,知名媒體,,76,38,38,100.00%,21,55.26%,17,44.74%,1.53
20260127,15,詠勝科技有限公司,3385,Mobile01_HB,17182,CF_300x250_置底看板右_Mobile01_HB,,知名媒體,,18,9,9,100.00%,3,33.33%,6,66.67%,0.49
20260127,15,朱光宁,3268,稷下書院-mobile,17207,MW_320x480_蓋版_稷下書院-mobile,,,,"1,475",590,590,100.00%,261,44.24%,329,55.76%,2.96
20260127,15,中華電視股份有限公司,3389,華視-mobile,17230,MW_置底創意(非展開)_華視-mobile,,知名媒體,,6,3,3,100.00%,3,100.00%,0,0.00%,121.86
20260127,15,李立娟,3395,vivi0視頻-exchange,17293,CF_336x280_Banner_vivi01視頻-exchange,antifroud,,,"45,403","22,082","22,082",100.00%,"3,348",15.16%,"18,734",84.84%,0.39
20260127,15,李立娟,3395,vivi0視頻-exchange,17294,MW_336x280_Banner_vivi01視頻-exchange,antifroud,,,"43,526","21,187","21,187",100.00%,"8,416",39.72%,"12,771",60.28%,1.57
20260127,15,李立娟,3395,vivi0視頻-exchange,17299,MW_300x250_蓋板(PB)-vivi01視頻-exchange,,,,6,3,3,100.00%,2,66.67%,1,33.33%,1.77
20260127,15,李立娟,3395,vivi0視頻-exchange,17300,MW_320x100_置底(PB)_vivi01視頻-exchange,antifroud,,,"74,883","36,731","36,731",100.00%,"22,728",61.88%,"14,003",38.12%,13.63
20260127,15,李立娟,3397,趣聞圖說-exchange,17309,MW_336x280_文中Banner_趣聞圖說-exchange,,,,"1,367",270,270,100.00%,56,20.74%,214,79.26%,1.20
20260127,15,曾憲敏,601,85小說網_PC,1773,CF-300x250_85小說網_內文1,,,,400,200,200,100.00%,170,85.00%,30,15.00%,20.69
20260127,15,李立娟,3396,趣聞圖說-Mobile,17923,MW_置底創意(展開)_趣聞圖說-Mobile,,,,21,10,10,100.00%,9,90.00%,1,10.00%,3.79
20260127,15,第一網站股份有限公司,2768,czbooks,17927,MW_置底創意_czbook,,,,"4,748","2,361","2,361",100.00%,"2,152",91.15%,209,8.85%,10.84
20260127,15,時報資訊股份有限公司_工商時報,3427,工商時報-exchange,18003,CF_300x250_互動看板2_工商時報-exchange,,知名媒體,,6,3,3,100.00%,2,66.67%,1,33.33%,20.48
20260127,15,時報資訊股份有限公司_工商時報,3427,工商時報-exchange,18007,CF_336x280_文末右側看板_工商時報-exchange,,知名媒體,,13,6,6,100.00%,2,33.33%,4,66.67%,1.04
20260127,15,時報資訊股份有限公司_工商時報,3427,工商時報-exchange,18008,CF_336x280_文末左側看板_工商時報-exchange,,知名媒體,,14,6,6,100.00%,0,0.00%,6,100.00%,0.20
20260127,15,時報資訊股份有限公司_工商時報,3427,工商時報-exchange,18014,MW_300x250_文末Banner1_工商時報-exchange,,知名媒體,,85,42,42,100.00%,9,21.43%,33,78.57%,0.95
20260127,15,時報資訊股份有限公司_工商時報,3427,工商時報-exchange,18015,MW_300x250_文末Banner2_工商時報-exchange,,知名媒體,,125,61,61,100.00%,2,3.28%,59,96.72%,0.13
20260127,15,第一網站股份有限公司,3440,fsa_passback_first,18201,CF_336x280_fsa_passback_first,,,,"1,672",743,743,100.00%,107,14.40%,636,85.60%,0.39
20260127,15,第一網站股份有限公司,3440,fsa_passback_first,18202,CF_300x250_fsa_passback_first,,,,"4,414","2,124","2,124",100.00%,"1,450",68.27%,674,31.73%,44.02
20260127,15,莊博凱,3455,夢遊電玩,18269,300x250 Banner,,,,6,3,3,100.00%,0,0.00%,3,100.00%,0.13
20260127,15,朱光宁,3268,稷下書院-mobile,18297,MW_置底創意(展開)_稷下書院-mobile,,,,162,80,80,100.00%,76,95.00%,4,5.00%,5.36
20260127,15,冰楓科技有限公司,3485,冰楓論壇-exchange,18487,CF_970x90_內文上方第一塊_冰楓論壇-exchange,,,,880,409,409,100.00%,103,25.18%,306,74.82%,2.34
20260127,15,冰楓科技有限公司,3485,冰楓論壇-exchange,18488,MW_320x100_內文上方第一塊_ 冰楓論壇-exchange,antifroud,,,78,30,30,100.00%,20,66.67%,10,33.33%,25.59
20260127,15,冰楓科技有限公司,3485,冰楓論壇-exchange,18492,MW_300x250_Banner_ 冰楓論壇-exchange,,,,448,192,192,100.00%,107,55.73%,85,44.27%,3.91
20260127,15,CBROOT LTD,3510,包子漫畫_twmanga-exchange,18737,CF_970x90_Banner_ 包子漫畫_twmanga-exchange,,,,57,28,28,100.00%,3,10.71%,25,89.29%,0.38
20260127,15,舒禾驊,3535,荷花動漫筆記,18887,CF_336x280_文章頁文中_荷花動漫筆記,,,,6,3,3,100.00%,0,0.00%,3,100.00%,0.00
20260127,15,台灣英文新聞股份有限公司,3537,台灣英文新聞(new)-exchange,18924,CF_300x250_內容頁_右側看版_1_台灣英文新聞(new)-exchange,,知名媒體,,44,18,18,100.00%,4,22.22%,14,77.78%,7.71
20260127,15,聯合線上股份有限公司,3549,UDN元氣網,19018,CF_首頁文章推薦第三格300x250_UDN元氣網,,知名媒體,,6,3,3,100.00%,2,66.67%,1,33.33%,0.80
20260127,15,艾得基客行銷顧問股份有限公司,3490,太報,19043,MW_置底創意(展開)_太報,,知名媒體,,400,198,198,100.00%,177,89.39%,21,10.61%,26.96
20260127,15,艾得基客行銷顧問股份有限公司,3552,玩具人,19044,MW_320x480_文中創意_玩具人,,知名媒體,,54,27,27,100.00%,18,66.67%,9,33.33%,18.29
20260127,15,先驅媒體社會企業股份有限公司,3554,新頭殼(R18),19046,MW_320x100Banner_newtalk.tw_mobile_photo_320100_1_新頭殼(R18),,知名媒體,,6,3,3,100.00%,2,66.67%,1,33.33%,2.59
20260127,15,先驅媒體社會企業股份有限公司,3554,新頭殼(R18),19047,(子)CF_300x250Banner_newtalk.tw_content_300250_1_新頭殼(R18),,知名媒體,子聯播網,6,3,3,100.00%,2,66.67%,1,33.33%,1.36
20260127,15,第一網站股份有限公司,2783,漫畫櫃manhuagui,20685,MW_300X250_manhuagui,antifroud,,,"5,382","2,637","2,637",100.00%,"1,142",43.31%,"1,495",56.69%,10.71
20260127,15,德榕企業有限公司,3578,TW Bodhi_mobile,20708,MW_蓋板_TW Bodhi,,,,216,108,108,100.00%,0,0.00%,108,100.00%,0.00
20260127,15,德榕企業有限公司,3581,忘憂書屋,20727,CF_336x280文章頁(RWD)_忘憂書屋,,,,50,24,24,100.00%,0,0.00%,24,100.00%,0.00
20260127,15,德榕企業有限公司,3582,忘憂書屋_mobile,20728,MW_文中創意300x250_忘憂書屋,,,,42,19,19,100.00%,0,0.00%,19,100.00%,0.00
20260127,15,第一網站股份有限公司,2910,clickme,20735,(子)CF_300x250_banner_clickme(成人),,,子聯播網,"9,577","4,352","4,352",100.00%,"1,248",28.68%,"3,104",71.32%,2.08
20260127,15,第一網站股份有限公司,3440,fsa_passback_first,21699,CF_336x280_fsa_passback_first,,,,"5,297","2,489","2,489",100.00%,328,13.18%,"2,161",86.82%,0.59
20260127,15,朱光宁,3269,石頭小說-mobile,21741,MW_320x480_蓋版_石頭小說-mobile,antifroud,,,6,3,3,100.00%,0,0.00%,3,100.00%,0.27
20260127,15,富盈數據股份有限公司,3653,TVBS-女人我最大_HB,21760,MW_文章三_336x280_TVBS-女人我最大_HB,,知名媒體,,44,22,22,100.00%,14,63.64%,8,36.36%,6.89
20260127,15,富盈數據股份有限公司,3653,TVBS-女人我最大_HB,21761,MW_文章四_336x280_TVBS-女人我最大_HB,,知名媒體,,572,286,286,100.00%,162,56.64%,124,43.36%,3.53
20260127,15,富盈數據股份有限公司,3653,TVBS-女人我最大_HB,21763,MW_文中創意320x480_TVBS-女人我最大_HB,,知名媒體,,297,147,147,100.00%,121,82.31%,26,17.69%,23.61
20260127,15,富盈數據股份有限公司,3654,TVBS-健康2.0_HB,21768,MW_文中創意320x480_TVBS-健康2.0_HB,,知名媒體,,"4,617","2,189","2,189",100.00%,"1,515",69.21%,674,30.79%,23.51
20260127,15,富盈數據股份有限公司,3655,TVBS-食尚玩家_HB,21770,MW_文章三_336x280_TVBS-食尚玩家_HB,,知名媒體,,8,4,4,100.00%,3,75.00%,1,25.00%,1.75
20260127,15,富盈數據股份有限公司,3655,TVBS-食尚玩家_HB,21773,MW_文中創意320x480_TVBS-食尚玩家_HB,,知名媒體,,183,88,88,100.00%,62,70.45%,26,29.55%,20.49
20260127,15,富盈數據股份有限公司,3654,TVBS-健康2.0_HB,21812,MW_文章一_336x280_TVBS-健康2.0_HB,,知名媒體,,50,24,24,100.00%,17,70.83%,7,29.17%,3.61
20260127,15,先驅媒體社會企業股份有限公司,3554,新頭殼(R18),21839,ＭＷ_336x280Banner_newtalk.tw_mobile_all_336280_2_新頭殼(R18),antifroud,知名媒體,,18,9,9,100.00%,8,88.89%,1,11.11%,10.14
20260127,15,儂儂雜誌社股份有限公司(bella儂儂),2135,Bella儂儂_2024,21876,MW-300x250_文章標題上方1_Bella儂儂,,知名媒體,,242,121,121,100.00%,76,62.81%,45,37.19%,4.30
20260127,15,富盈數據股份有限公司,3680,TVBS-新聞網_HB,21898,CF_文章右側300x600_TVBS-新聞網_HB,,知名媒體,,18,9,9,100.00%,3,33.33%,6,66.67%,6.68
20260127,15,富盈數據股份有限公司,3680,TVBS-新聞網_HB,21899,MW_文章一_336x280_TVBS-新聞網_HB,,知名媒體,,"2,378","1,180","1,180",100.00%,856,72.54%,324,27.46%,7.42
20260127,15,富盈數據股份有限公司,3680,TVBS-新聞網_HB,21900,MW_文章三_336x280_TVBS-新聞網_HB,,知名媒體,,319,159,159,100.00%,94,59.12%,65,40.88%,3.03
20260127,15,富盈數據股份有限公司,3680,TVBS-新聞網_HB,21902,MW_文章置底_320x100_TVBS-新聞網_HB,,知名媒體,,"2,398","1,187","1,187",100.00%,491,41.36%,696,58.64%,17.25
20260127,15,富盈數據股份有限公司,3684,稅美人_mobile,21923,MW_置底創意(非展開)_稅美人-mobile,,,,447,223,223,100.00%,209,93.72%,14,6.28%,30.06
20260127,15,富盈數據股份有限公司,3685,玩桌遊_mobile,21924,MW_置底創意(非展開)_玩桌遊-mobile,,,,238,118,118,100.00%,106,89.83%,12,10.17%,13.70
20260127,15,富盈數據股份有限公司,2615,熱血台中,21986,CF_336x280_全網_熱血台中,,,,32,16,16,100.00%,9,56.25%,7,43.75%,1.00
20260127,15,富盈數據股份有限公司,2615,熱血台中,21987,CF_336x280_全網_熱血台中,,,,34,17,17,100.00%,8,47.06%,9,52.94%,1.05
20260127,15,富盈數據股份有限公司,3704,天天要聞,22030,CF_300 x 250 banner_天天要聞_cpc2,,,,759,370,370,100.00%,295,79.73%,75,20.27%,9.88
20260127,15,富盈數據股份有限公司,3703,繁體小說,22031,CF_300 x 250 banner_繁體小說_cpc2,,,,46,23,23,100.00%,19,82.61%,4,17.39%,11.55
20260127,15,朱光宁,3708,石頭小說,22045,CF_336 x 280 banner_石頭小說_cpc1.67,antifroud,,,"3,178","1,564","1,564",100.00%,"1,071",68.48%,493,31.52%,5.35
20260127,15,冠妍動力科技有限公司,484,小老婆汽機車資訊網,22058,MW_文中創意320x480_小老婆汽機車資訊網-測試,,知名媒體,,6,3,3,100.00%,3,100.00%,0,0.00%,31.67
20260127,15,朱光宁,3718,稷下書院2,22093,CF_336 x 280 banner_稷下書院2_cpc1.67,antifroud,,,"2,785","1,360","1,360",100.00%,866,63.68%,494,36.32%,5.54
20260127,15,富盈數據股份有限公司,3680,TVBS-新聞網_HB,22132,CF_文中300x250_TVBS-新聞網_HB_2,,知名媒體,,65,30,30,100.00%,24,80.00%,6,20.00%,13.29
20260127,15,富盈數據股份有限公司,3680,TVBS-新聞網_HB,22133,CF_文中300x250_TVBS-新聞網_HB_3,,知名媒體,,109,50,50,100.00%,40,80.00%,10,20.00%,13.17
20260127,15,富盈數據股份有限公司,3730,Teepr 亮新聞 HB,22145,MW_336x280_文中創意_Teepr亮新聞 HB,,,,14,7,7,100.00%,0,0.00%,7,100.00%,0.00
20260127,15,冰楓科技有限公司,3485,冰楓論壇-exchange,22160,CF_300x250_Banner2_ 冰楓論壇-exchange,,,,6,3,3,100.00%,3,100.00%,0,0.00%,1.44
20260127,15,闇碼科技股份有限公司,3048,縮短網址產生器-reurl,22213,MW_蓋版_縮短網址產生器-reurl-2025.05(特殊供量),,知名媒體,,135,53,53,100.00%,13,24.53%,40,75.47%,0.76
20260127,15,艾得基客行銷顧問股份有限公司,3724,上報,22217,MW_置底創意(非展開)_上報,,知名媒體,,530,260,260,100.00%,238,91.54%,22,8.46%,53.87
20260127,15,艾得基客行銷顧問股份有限公司,3724,上報,22218,MW_置底(展開)_上報,,知名媒體,,"1,135",565,565,100.00%,507,89.73%,58,10.27%,50.41
20260127,15,欣發現股份有限公司,3363,大人物-mobile,22222,MW_蓋板_大人物,,知名媒體,,8,2,2,100.00%,1,50.00%,1,50.00%,3.96
20260127,15,朱光宁,3741,石頭小說3,22396,MW_置底_石頭小說3,,,,20,10,10,100.00%,8,80.00%,2,20.00%,33.46
20260127,15,朱光宁,3741,石頭小說3,22398,CF_336 x 280 banner_石頭小說3_cpc1.67,,,,"1,554",746,746,100.00%,541,72.52%,205,27.48%,8.89
20260127,15,朱光宁,3741,石頭小說3,22399,CF_320 x 480 橫幅_石頭小說3,,,,36,18,18,100.00%,2,11.11%,16,88.89%,0.56
20260127,15,艾得基客行銷顧問股份有限公司,3724,上報,22405,MW_蓋版_上報,,知名媒體,,136,65,65,100.00%,36,55.38%,29,44.62%,2.69
20260127,15,闇碼科技股份有限公司,3068,限時圖片-imgus,22406,MW_置底_imgus,antifroud,,,167,81,81,100.00%,47,58.02%,34,41.98%,2.98
20260127,15,第一網站股份有限公司,2783,漫畫櫃manhuagui,22443,MW_置底_manhuagui,antifroud,,,"4,701","2,274","2,274",100.00%,"1,641",72.16%,633,27.84%,9.74
20260127,15,艾得基客行銷顧問股份有限公司,3490,太報,22495,MW_300x250 BANNER_太報_CPM5,,知名媒體,子聯播網,54,27,27,100.00%,17,62.96%,10,37.04%,4.27
20260127,15,艾得基客行銷顧問股份有限公司,2689,Basketball Top5,22498,MW_300x250 Banner_Basketball TOP5_CPM5,,,子聯播網,438,218,218,100.00%,89,40.83%,129,59.17%,1.97
20260127,15,艾得基客行銷顧問股份有限公司,2578,鉅亨網,22507,MW_300x250_鉅亨網_直播用BN-1,,知名媒體,子聯播網,"1,379",633,633,100.00%,163,25.75%,470,74.25%,5.29
20260127,15,艾得基客行銷顧問股份有限公司,3752,ＭoneyDJ,22514,MW_文中創意320x480_MoneyDJ,antifroud,知名媒體,,50,25,25,100.00%,22,88.00%,3,12.00%,22.27
20260127,15,艾得基客行銷顧問股份有限公司,3752,ＭoneyDJ,22515,MW_300x250 BANNER_MoneyDJ,antifroud,知名媒體,,6,3,3,100.00%,1,33.33%,2,66.67%,0.57
20260127,15,李承翰-webptt,718,Web批踢踢(RWD),2284,MW-蓋板_文中_Web批踢踢,antifroud,,,44,15,15,100.00%,7,46.67%,8,53.33%,2.66
20260127,15,麥智維,999,動漫戲說,3543,CF-728*90-內文上方-動漫戲說,antifroud,,,297,132,132,100.00%,107,81.06%,25,18.94%,40.79
20260127,15,蔡建磊,1269,跑跑資訊站,4622,CF-300X250-內文右側-跑跑資訊站,,,,6,2,2,100.00%,0,0.00%,2,100.00%,0.00
20260127,15,肖偉彬,1287,紅櫻桃小說書庫,4678,CF-內文上方-300*250-紅櫻桃小說書庫,,,,26,13,13,100.00%,8,61.54%,5,38.46%,7.84
20260127,15,技達創意資訊有限公司,1299,泰好網,4733,CF-300*250-內文下方-泰好網,,,,30,10,10,100.00%,6,60.00%,4,40.00%,1.20
20260127,15,技達創意資訊有限公司,1299,泰好網,4734,MW-320*100-首頁、內文上方-泰好網,,,,26,10,10,100.00%,2,20.00%,8,80.00%,0.33
20260127,15,陈晋福,1367,電視超人,4997,CF-300X250-電視超人,,,,18,9,9,100.00%,5,55.56%,4,44.44%,2.82
20260127,15,麥智維,999,動漫戲說,6069,CF-300*250-首頁-動漫戲說,,,,128,45,45,100.00%,15,33.33%,30,66.67%,1.01
20260127,15,莊博凱,1676,夢遊電玩-exchange,6310,CF-160*600-網頁右側-夢遊電玩-exchange,,,,20,8,8,100.00%,7,87.50%,1,12.50%,28.72
20260127,15,精鏡傳媒股份有限公司,1060,鏡週刊,8250,MW_置底創意(非展開)_鏡週刊,,知名媒體,,627,312,312,100.00%,293,93.91%,19,6.09%,41.67
20260127,15,臺灣電視事業股份有限公司,52,台視,8313,PC-300x250_內文第一塊_台視財經,,知名媒體,,18,9,9,100.00%,0,0.00%,9,100.00%,0.00
20260127,15,布林遊國際有限公司,1692,Bring You,8393,CF-300X250-上方通欄右側_BringYou,,知名媒體,,18,9,9,100.00%,6,66.67%,3,33.33%,10.57
20260127,15,巧克科技新媒體股份有限公司,2127,LINE TV_Banner-exchange,8576,CF_336x280_戲劇-右側好康資訊下方_LINE TV-exchange,,知名媒體,,24,12,12,100.00%,1,8.33%,11,91.67%,0.11
20260127,15,巧克科技新媒體股份有限公司,2127,LINE TV_Banner-exchange,8577,CF_336x280_戲劇-右側好康資訊上方_LINE TV-exchange,,知名媒體,,6,3,3,100.00%,0,0.00%,3,100.00%,0.00
20260127,15,鳳梨傳媒股份有限公司,2190,民視新聞網-Exchange,8862,CF_970X90_分類新聞內頁上方_民視新聞(MCM),,知名媒體,,12,6,6,100.00%,2,33.33%,4,66.67%,15.85
20260127,16,愛七桃有限公司,2152,寶可夢資訊站,10008,MW-320X100-進入道館功能框下方-寶可夢資訊站,,,,19,8,8,100.00%,7,87.50%,1,12.50%,26.30
20260127,16,英屬維京群島商浩美數位有限公司台灣分公司,2315,Teepr亮新聞-exchange,10012,CF_336x280Banner_Teepr亮新聞-exchange,,知名媒體,,"1,939",947,947,100.00%,43,4.54%,904,95.46%,0.23
20260127,16,昱得資訊工作室,2528,數位書香,11080,CF_728x90_首頁上方_數位書香,antifroud,,,40,20,20,100.00%,14,70.00%,6,30.00%,4.80
20260127,16,昱得資訊工作室,2528,數位書香,11081,CF_160x600_首頁右側_數位書香,antifroud,,,906,412,412,100.00%,175,42.48%,237,57.52%,2.93
20260127,16,第一網站股份有限公司,2518,麻辣家族討論區(twbts),11082,CF-728X90-twbts,antifroud,,,517,197,197,100.00%,123,62.44%,74,37.56%,4.22
20260127,16,第一網站股份有限公司,2540,risu短網址,11260,MW-300X250-MB_page_left-risu,,知名媒體,,6,3,3,100.00%,2,66.67%,1,33.33%,2.00
20260127,16,第一網站股份有限公司,2492,ttshow,11273,MW-300X250-ttshow,,知名媒體,,6,3,3,100.00%,0,0.00%,3,100.00%,0.00
20260127,16,第一網站股份有限公司,2601,Meme梗圖倉庫,11443,CF-336X280-meme,,,,"1,278",560,560,100.00%,50,8.93%,510,91.07%,0.52
20260127,16,艾得基客行銷顧問股份有限公司,2578,鉅亨網,12070,MW_320x480_文中創意_鉅亨網,,知名媒體,,"4,614","2,287","2,287",100.00%,"1,704",74.51%,583,25.49%,18.37
20260127,16,第一網站股份有限公司,2540,risu短網址,12496,CF_300x250_popup(直播) _risu短網址,antifroud,知名媒體,,14,6,6,100.00%,5,83.33%,1,16.67%,3.41
20260127,16,時報資訊股份有限公司,2770,中時電子報_HB,12559,CF_300x250_右側互動看版_中時電子報_HB,,知名媒體,,611,293,293,100.00%,99,33.79%,194,66.21%,5.29
20260127,16,時報資訊股份有限公司,2770,中時電子報_HB,12560,CF_336x280_文中看板_中時電子報_HB,,知名媒體,,621,291,291,100.00%,207,71.13%,84,28.87%,22.87
20260127,16,時報資訊股份有限公司,2770,中時電子報_HB,12561,MW_300x250_內頁TOP Banner_中時電子報_HB,antifroud,知名媒體,,881,417,417,100.00%,69,16.55%,348,83.45%,1.29
20260127,16,第一網站股份有限公司,2768,czbooks,12570,CF_728x90_banner_czbooks,,,,"2,261","1,108","1,108",100.00%,862,77.80%,246,22.20%,5.38
20260127,16,鳳梨傳媒股份有限公司,2190,民視新聞網-Exchange,12579,CF_300x250_右側第一塊_民視新聞網-Exchange(RWD)(MCM),,知名媒體,,"2,297","1,136","1,136",100.00%,89,7.83%,"1,047",92.17%,1.17
20260127,16,鳳梨傳媒股份有限公司,2190,民視新聞網-Exchange,12580,CF_300x250_內文文中左側_民視新聞網-Exchange(RWD)(MCM),,知名媒體,,"2,355","1,150","1,150",100.00%,95,8.26%,"1,055",91.74%,1.02
20260127,16,第一網站股份有限公司,2783,漫畫櫃manhuagui,12676,CF_728X90_manhuagui,antifroud,,,"7,790","3,866","3,866",100.00%,"1,512",39.11%,"2,354",60.89%,4.50
20260127,16,艾得基客行銷顧問股份有限公司,2635,工商時報,12761,MW_320x480_文中創意_工商時報new,,知名媒體,,12,6,6,100.00%,5,83.33%,1,16.67%,5.93
20260127,16,金隼行銷股份有限公司,2786,91譜,12792,MW_置底創意_91譜,,知名媒體,,18,9,9,100.00%,6,66.67%,3,33.33%,3.96
20260127,16,第一網站股份有限公司,2801,damanwoo,12868,CF-300x250_Banner_damanwoo_大人物,,,,36,14,14,100.00%,0,0.00%,14,100.00%,0.00
20260127,16,時報資訊股份有限公司,2335,中時電子報_2019,12974,MW-置底創意(展開)-中時電子報_2019,antifroud,知名媒體,,12,6,6,100.00%,6,100.00%,0,0.00%,19.34
20260127,16,第一網站股份有限公司,2836,vivi01,13032,MW_置底創意_vivi01 ViVi視頻,,,,43,21,21,100.00%,17,80.95%,4,19.05%,10.49
20260127,16,第一網站股份有限公司,2862,Manhuaren,13254,MW_320x100_banner_manhuaren,,,,6,3,3,100.00%,2,66.67%,1,33.33%,1.08
20260127,16,和運租車股份有限公司,2878,abc好車網,13368,CF_970x90_物件頁下方_abc好車網,,知名媒體,,24,12,12,100.00%,0,0.00%,12,100.00%,0.05
20260127,16,譚謹恩,2885,Mr. & Mrs. Diary-exchange,13405,CF_970x250_內文文中_Mr. & Mrs. Diary-exchange,,,,9,3,3,100.00%,0,0.00%,3,100.00%,0.00
20260127,16,曾憲敏,202,85小說網,13445,MW_336X280_全量1_85小說網,,,,418,208,208,100.00%,111,53.37%,97,46.63%,6.57
20260127,16,曾憲敏,202,85小說網,13446,MW_336X280_全量2_85小說網,,,,"3,094","1,538","1,538",100.00%,807,52.47%,731,47.53%,6.55
20260127,16,第一網站股份有限公司,2910,clickme,13548,(子)CF_300x250_banner_clickme(一般),,,子聯播網,52,22,22,100.00%,6,27.27%,16,72.73%,1.42
20260127,16,第一網站股份有限公司,2910,clickme,13549,CF_300x250_banner_clickme(一般),,,,277,144,144,100.00%,15,10.42%,129,89.58%,0.65
20260127,16,第一網站股份有限公司,2916,KiKiNote,13576,(子)CF_300x250_banner_kikinote,,知名媒體,子聯播網,119,53,53,100.00%,8,15.09%,45,84.91%,0.66
20260127,16,第一網站股份有限公司,2768,czbooks,13903,(子)CF_300x250_banner_czbooks(直播),antifroud,,子聯播網,"178,865","93,014","93,014",100.00%,"18,149",19.51%,"74,865",80.49%,0.93
20260127,16,第一網站股份有限公司,2768,czbooks,14036,MW_320x480_CZBOOKS,antifroud,,,59,29,29,100.00%,6,20.69%,23,79.31%,0.76
20260127,16,陳人鳳,480,飛格寵物家族_PC,1407,CF-728X90_上方通欄_飛格寵物家族,,,,38,9,9,100.00%,7,77.78%,2,22.22%,28.55
20260127,16,陳人鳳,480,飛格寵物家族_PC,1408,CF-300X250_內文_飛格寵物家族,,,,74,9,9,100.00%,6,66.67%,3,33.33%,11.42
20260127,16,闇碼科技股份有限公司,3048,縮短網址產生器-reurl,14210,MW_文中創意300x250_縮短網址產生器-reurl,,知名媒體,,130,44,44,100.00%,30,68.18%,14,31.82%,4.67
20260127,16,巨思文化股份有限公司,3052,經理人_HB,14238,MW_文章結束第一塊_300x250_經理人-HB,,知名媒體,,7,3,3,100.00%,0,0.00%,3,100.00%,0.00
20260127,16,巨思文化股份有限公司,3052,經理人_HB,14241,MW_300x250_內文下方_經理人-HB,,知名媒體,,7,3,3,100.00%,0,0.00%,3,100.00%,0.00
20260127,16,巨思文化股份有限公司,3053,數位時代_HB,14242,CF_300x250_內文下方左側_數位時代-HB,,知名媒體,,12,6,6,100.00%,0,0.00%,6,100.00%,0.00
20260127,16,巨思文化股份有限公司,3053,數位時代_HB,14243,CF_300x250_內文下方右側_數位時代-HB,,知名媒體,,6,3,3,100.00%,0,0.00%,3,100.00%,0.00
20260127,16,巨思文化股份有限公司,3053,數位時代_HB,14246,MW_300x250_文章結束第一塊_數位時代-HB,,知名媒體,,12,6,6,100.00%,0,0.00%,6,100.00%,0.00
20260127,16,富盈數據股份有限公司,3059,塔科女子,14258,CF_336x280_全網_塔科女子,,知名媒體,,6,3,3,100.00%,1,33.33%,2,66.67%,0.93
20260127,16,CBROOT LTD,3003,包子漫畫-exchange,14291,MW_300x250_蓋板(PB)_包子漫畫,,,,114,57,57,100.00%,27,47.37%,30,52.63%,5.03
20260127,16,朱光宁,3152,石頭小說-exchange,14472,MW_336x280_Banner_石頭小說,,,,316,156,156,100.00%,117,75.00%,39,25.00%,8.48
20260127,16,第一網站股份有限公司,3259,lookit,14698,MW_336x280_Banner_lookit,,,,6,3,3,100.00%,1,33.33%,2,66.67%,0.36
20260127,16,朱光宁,3149,稷下書院-exchange,14748,MW_320x100_置底(PB)_稷下書院,,,,"23,667","11,726","11,724",99.98%,345,2.94%,"11,379",97.06%,0.09
20260127,16,巨思文化股份有限公司,3053,數位時代_HB,14764,MW_置底創意_(非展開)_數位時代_HB,,知名媒體,,238,118,118,100.00%,112,94.92%,6,5.08%,25.55
20260127,16,中天電視股份有限公司,3282,中天新聞網-exchange,14980,CF_970x250_內頁_PC置頂橫幅-中天新聞網-exchange,,知名媒體,,172,68,68,100.00%,21,30.88%,47,69.12%,3.62
20260127,16,葉志斌,3319,繁中寶可夢卡表生成器-奶爸工作室-mobile,15197,MW_置底創意_繁中寶可夢卡表生成器-奶爸工作室,,,,6,3,3,100.00%,3,100.00%,0,0.00%,1.00
20260127,16,中天電視股份有限公司,3282,中天新聞網-exchange,15859,CF_336x280_內頁_PC右側互動看板B-中天新聞網-exchange,,知名媒體,,"1,018",440,440,100.00%,212,48.18%,228,51.82%,6.46
20260127,16,CBROOT LTD,3352,西瓜卡通-exchange,15970,CF_160x600_影音內容_西瓜卡通-exchange,,,,14,7,7,100.00%,3,42.86%,4,57.14%,14.09
20260127,16,朱光宁,3360,提莫書屋-exchange,16957,MW_336x280banner_提莫書屋_exchange,,,,"16,067","7,965","7,965",100.00%,"5,933",74.49%,"2,032",25.51%,5.96
20260127,16,朱光宁,3361,提莫書屋-mobile,16959,MW_320x480_文中創意_提莫書屋-mobile,,,,42,21,21,100.00%,15,71.43%,6,28.57%,5.69
20260127,16,欣發現股份有限公司,3364,女子學-mobile,16972,MW_置底創意_女子學,antifroud,,,140,68,68,100.00%,0,0.00%,68,100.00%,0.00
20260127,16,欣發現股份有限公司,3363,大人物-mobile,16973,MW_置底創意_大人物,,知名媒體,,6,3,3,100.00%,2,66.67%,1,33.33%,34.98
20260127,16,第一網站股份有限公司,2783,漫畫櫃manhuagui,17027,MW_320x480_蓋版_漫畫櫃manhuagui,,,,18,9,9,100.00%,0,0.00%,9,100.00%,0.00
20260127,16,艾得基客行銷顧問股份有限公司,3373,良醫健康網,17092,MW_置底創意_良醫健康網,,知名媒體,,36,18,18,100.00%,17,94.44%,1,5.56%,27.83
20260127,16,朱光宁,3268,稷下書院-mobile,17207,MW_320x480_蓋版_稷下書院-mobile,,,,479,208,208,100.00%,101,48.56%,107,51.44%,5.50
20260127,16,中華電視股份有限公司,3389,華視-mobile,17230,MW_置底創意(非展開)_華視-mobile,,知名媒體,,18,9,9,100.00%,9,100.00%,0,0.00%,45.96
20260127,16,李立娟,3395,vivi0視頻-exchange,17293,CF_336x280_Banner_vivi01視頻-exchange,antifroud,,,"40,810","19,985","19,985",100.00%,"2,872",14.37%,"17,113",85.63%,0.38
20260127,16,李立娟,3395,vivi0視頻-exchange,17294,MW_336x280_Banner_vivi01視頻-exchange,antifroud,,,"27,345","13,375","13,375",100.00%,"5,075",37.94%,"8,300",62.06%,1.72
20260127,16,李立娟,3395,vivi0視頻-exchange,17299,MW_300x250_蓋板(PB)-vivi01視頻-exchange,,,,12,6,6,100.00%,0,0.00%,6,100.00%,0.00
20260127,16,李立娟,3395,vivi0視頻-exchange,17300,MW_320x100_置底(PB)_vivi01視頻-exchange,antifroud,,,"3,804","1,869","1,869",100.00%,"1,168",62.49%,701,37.51%,14.50
20260127,16,李立娟,3397,趣聞圖說-exchange,17309,MW_336x280_文中Banner_趣聞圖說-exchange,,,,277,78,78,100.00%,30,38.46%,48,61.54%,1.73
20260127,16,曾憲敏,601,85小說網_PC,1773,CF-300x250_85小說網_內文1,,,,428,213,213,100.00%,186,87.32%,27,12.68%,19.00
20260127,16,李立娟,3396,趣聞圖說-Mobile,17923,MW_置底創意(展開)_趣聞圖說-Mobile,,,,42,21,21,100.00%,20,95.24%,1,4.76%,9.24
20260127,16,第一網站股份有限公司,2768,czbooks,17927,MW_置底創意_czbook,,,,"4,812","2,391","2,391",100.00%,"2,183",91.30%,208,8.70%,11.90
20260127,16,時報資訊股份有限公司_工商時報,3427,工商時報-exchange,18003,CF_300x250_互動看板2_工商時報-exchange,,知名媒體,,14,7,7,100.00%,4,57.14%,3,42.86%,6.66
20260127,16,時報資訊股份有限公司_工商時報,3427,工商時報-exchange,18007,CF_336x280_文末右側看板_工商時報-exchange,,知名媒體,,18,9,9,100.00%,3,33.33%,6,66.67%,1.02
20260127,16,時報資訊股份有限公司_工商時報,3427,工商時報-exchange,18008,CF_336x280_文末左側看板_工商時報-exchange,,知名媒體,,6,3,3,100.00%,0,0.00%,3,100.00%,0.00
20260127,16,時報資訊股份有限公司_工商時報,3427,工商時報-exchange,18014,MW_300x250_文末Banner1_工商時報-exchange,,知名媒體,,99,49,49,100.00%,8,16.33%,41,83.67%,0.65
20260127,16,時報資訊股份有限公司_工商時報,3427,工商時報-exchange,18015,MW_300x250_文末Banner2_工商時報-exchange,,知名媒體,,150,75,75,100.00%,3,4.00%,72,96.00%,0.15
20260127,16,第一網站股份有限公司,3440,fsa_passback_first,18201,CF_336x280_fsa_passback_first,,,,"1,875",873,873,100.00%,83,9.51%,790,90.49%,0.36
20260127,16,第一網站股份有限公司,3440,fsa_passback_first,18202,CF_300x250_fsa_passback_first,,,,"4,445","2,128","2,128",100.00%,"1,395",65.55%,733,34.45%,40.70
20260127,16,朱光宁,3268,稷下書院-mobile,18297,MW_置底創意(展開)_稷下書院-mobile,,,,157,76,76,100.00%,69,90.79%,7,9.21%,7.54
20260127,16,冰楓科技有限公司,3485,冰楓論壇-exchange,18487,CF_970x90_內文上方第一塊_冰楓論壇-exchange,,,,862,385,385,100.00%,85,22.08%,300,77.92%,5.51
20260127,16,冰楓科技有限公司,3485,冰楓論壇-exchange,18488,MW_320x100_內文上方第一塊_ 冰楓論壇-exchange,antifroud,,,40,14,14,100.00%,5,35.71%,9,64.29%,5.44
20260127,16,冰楓科技有限公司,3485,冰楓論壇-exchange,18492,MW_300x250_Banner_ 冰楓論壇-exchange,,,,265,118,118,100.00%,65,55.08%,53,44.92%,4.00
20260127,16,闇碼科技股份有限公司,3048,縮短網址產生器-reurl,18535,MW_蓋版_縮短網址產生器-reurl,,知名媒體,,6,3,3,100.00%,2,66.67%,1,33.33%,2.63
20260127,16,CBROOT LTD,3510,包子漫畫_twmanga-exchange,18737,CF_970x90_Banner_ 包子漫畫_twmanga-exchange,,,,110,55,55,100.00%,22,40.00%,33,60.00%,1.58
20260127,16,舒禾驊,3535,荷花動漫筆記,18887,CF_336x280_文章頁文中_荷花動漫筆記,,,,18,6,6,100.00%,1,16.67%,5,83.33%,0.42
20260127,16,台灣英文新聞股份有限公司,3537,台灣英文新聞(new)-exchange,18924,CF_300x250_內容頁_右側看版_1_台灣英文新聞(new)-exchange,,知名媒體,,43,11,11,100.00%,4,36.36%,7,63.64%,3.90
20260127,16,聯合線上股份有限公司,3549,UDN元氣網,19018,CF_首頁文章推薦第三格300x250_UDN元氣網,,知名媒體,,39,19,19,100.00%,6,31.58%,13,68.42%,1.92
20260127,16,艾得基客行銷顧問股份有限公司,3490,太報,19043,MW_置底創意(展開)_太報,,知名媒體,,368,184,184,100.00%,157,85.33%,27,14.67%,15.04
20260127,16,艾得基客行銷顧問股份有限公司,3552,玩具人,19044,MW_320x480_文中創意_玩具人,,知名媒體,,140,70,70,100.00%,39,55.71%,31,44.29%,11.46
20260127,16,先驅媒體社會企業股份有限公司,3554,新頭殼(R18),19047,(子)CF_300x250Banner_newtalk.tw_content_300250_1_新頭殼(R18),,知名媒體,子聯播網,6,3,3,100.00%,2,66.67%,1,33.33%,0.71
20260127,16,第一網站股份有限公司,2783,漫畫櫃manhuagui,20685,MW_300X250_manhuagui,antifroud,,,"4,989","2,447","2,447",100.00%,"1,029",42.05%,"1,418",57.95%,10.64
20260127,16,德榕企業有限公司,3578,TW Bodhi_mobile,20708,MW_蓋板_TW Bodhi,,,,358,178,178,100.00%,0,0.00%,178,100.00%,0.00
20260127,16,德榕企業有限公司,3581,忘憂書屋,20727,CF_336x280文章頁(RWD)_忘憂書屋,,,,58,29,29,100.00%,0,0.00%,29,100.00%,0.00
20260127,16,德榕企業有限公司,3582,忘憂書屋_mobile,20728,MW_文中創意300x250_忘憂書屋,,,,30,14,14,100.00%,0,0.00%,14,100.00%,0.00
20260127,16,德榕企業有限公司,3582,忘憂書屋_mobile,20729,MW_蓋板_忘憂書屋,,,,6,3,3,100.00%,0,0.00%,3,100.00%,0.00
20260127,16,第一網站股份有限公司,2916,KiKiNote,20731,CF_300x250_banner_kikinote (PB),,知名媒體,,138,55,55,100.00%,13,23.64%,42,76.36%,2.42
20260127,16,第一網站股份有限公司,2910,clickme,20735,(子)CF_300x250_banner_clickme(成人),,,子聯播網,587,278,278,100.00%,59,21.22%,219,78.78%,1.14
20260127,16,CBROOT LTD,3637,包子漫畫2024-exchange,21502,MW_336x280_Banner_包子漫畫2024-exchange,antifroud,,,7,4,4,100.00%,0,0.00%,4,100.00%,0.00
20260127,16,第一網站股份有限公司,3440,fsa_passback_first,21699,CF_336x280_fsa_passback_first,,,,"5,369","2,586","2,586",100.00%,305,11.79%,"2,281",88.21%,0.57
20260127,16,朱光宁,3269,石頭小說-mobile,21741,MW_320x480_蓋版_石頭小說-mobile,antifroud,,,6,3,3,100.00%,2,66.67%,1,33.33%,49.08
20260127,16,富盈數據股份有限公司,3653,TVBS-女人我最大_HB,21760,MW_文章三_336x280_TVBS-女人我最大_HB,,知名媒體,,12,6,6,100.00%,5,83.33%,1,16.67%,2.17
20260127,16,富盈數據股份有限公司,3653,TVBS-女人我最大_HB,21761,MW_文章四_336x280_TVBS-女人我最大_HB,,知名媒體,,446,222,222,100.00%,134,60.36%,88,39.64%,3.90
20260127,16,富盈數據股份有限公司,3653,TVBS-女人我最大_HB,21763,MW_文中創意320x480_TVBS-女人我最大_HB,,知名媒體,,315,154,154,100.00%,109,70.78%,45,29.22%,23.64
20260127,16,富盈數據股份有限公司,3654,TVBS-健康2.0_HB,21768,MW_文中創意320x480_TVBS-健康2.0_HB,,知名媒體,,"4,562","2,158","2,158",100.00%,"1,485",68.81%,673,31.19%,24.02
20260127,16,富盈數據股份有限公司,3655,TVBS-食尚玩家_HB,21773,MW_文中創意320x480_TVBS-食尚玩家_HB,,知名媒體,,117,58,58,100.00%,46,79.31%,12,20.69%,22.75
20260127,16,富盈數據股份有限公司,3653,TVBS-女人我最大_HB,21803,MW_文章一_336x280_TVBS-女人我最大_HB,,知名媒體,,6,3,3,100.00%,3,100.00%,0,0.00%,75.44
20260127,16,先驅媒體社會企業股份有限公司,3554,新頭殼(R18),21839,ＭＷ_336x280Banner_newtalk.tw_mobile_all_336280_2_新頭殼(R18),antifroud,知名媒體,,50,25,25,100.00%,20,80.00%,5,20.00%,7.24
20260127,16,先驅媒體社會企業股份有限公司,3554,新頭殼(R18),21840,ＭＷ_336x280Banner_newtalk.tw_mobile_all_336280_3_新頭殼(R18),,知名媒體,,6,3,3,100.00%,0,0.00%,3,100.00%,0.07
20260127,16,儂儂雜誌社股份有限公司(bella儂儂),2135,Bella儂儂_2024,21876,MW-300x250_文章標題上方1_Bella儂儂,,知名媒體,,183,90,90,100.00%,43,47.78%,47,52.22%,2.71
20260127,16,富盈數據股份有限公司,3680,TVBS-新聞網_HB,21898,CF_文章右側300x600_TVBS-新聞網_HB,,知名媒體,,12,6,6,100.00%,3,50.00%,3,50.00%,31.55
20260127,16,富盈數據股份有限公司,3680,TVBS-新聞網_HB,21899,MW_文章一_336x280_TVBS-新聞網_HB,,知名媒體,,"1,957",973,973,100.00%,729,74.92%,244,25.08%,7.31
20260127,16,富盈數據股份有限公司,3680,TVBS-新聞網_HB,21900,MW_文章三_336x280_TVBS-新聞網_HB,,知名媒體,,168,84,84,100.00%,43,51.19%,41,48.81%,3.45
20260127,16,富盈數據股份有限公司,3680,TVBS-新聞網_HB,21902,MW_文章置底_320x100_TVBS-新聞網_HB,,知名媒體,,"2,175","1,072","1,072",100.00%,441,41.14%,631,58.86%,17.57
20260127,16,富盈數據股份有限公司,3684,稅美人_mobile,21923,MW_置底創意(非展開)_稅美人-mobile,,,,"1,625",807,807,100.00%,731,90.58%,76,9.42%,21.69
20260127,16,富盈數據股份有限公司,3685,玩桌遊_mobile,21924,MW_置底創意(非展開)_玩桌遊-mobile,,,,204,102,102,100.00%,92,90.20%,10,9.80%,13.57
20260127,16,富盈數據股份有限公司,2615,熱血台中,21986,CF_336x280_全網_熱血台中,,,,12,6,6,100.00%,3,50.00%,3,50.00%,5.33
20260127,16,富盈數據股份有限公司,2615,熱血台中,21987,CF_336x280_全網_熱血台中,,,,15,8,8,100.00%,2,25.00%,6,75.00%,1.09
20260127,16,富盈數據股份有限公司,3704,天天要聞,22030,CF_300 x 250 banner_天天要聞_cpc2,,,,821,399,399,100.00%,312,78.20%,87,21.80%,9.03
20260127,16,富盈數據股份有限公司,3703,繁體小說,22031,CF_300 x 250 banner_繁體小說_cpc2,,,,26,13,13,100.00%,11,84.62%,2,15.38%,9.36
20260127,16,朱光宁,3708,石頭小說,22045,CF_336 x 280 banner_石頭小說_cpc1.67,antifroud,,,194,96,96,100.00%,63,65.62%,33,34.38%,5.83
20260127,16,冠妍動力科技有限公司,484,小老婆汽機車資訊網,22058,MW_文中創意320x480_小老婆汽機車資訊網-測試,,知名媒體,,19,9,9,100.00%,5,55.56%,4,44.44%,11.31
20260127,16,朱光宁,3718,稷下書院2,22092,MW_置底創意(非展開)_稷下書院2,antifroud,,,"62,857","31,227","31,227",100.00%,"27,509",88.09%,"3,718",11.91%,20.78
20260127,16,朱光宁,3718,稷下書院2,22093,CF_336 x 280 banner_稷下書院2_cpc1.67,antifroud,,,48,24,24,100.00%,18,75.00%,6,25.00%,9.28
20260127,16,富盈數據股份有限公司,3680,TVBS-新聞網_HB,22131,CF_文中300x250_TVBS-新聞網_HB_1,,知名媒體,,12,6,6,100.00%,3,50.00%,3,50.00%,6.67
20260127,16,富盈數據股份有限公司,3680,TVBS-新聞網_HB,22132,CF_文中300x250_TVBS-新聞網_HB_2,,知名媒體,,42,20,20,100.00%,12,60.00%,8,40.00%,6.95
20260127,16,富盈數據股份有限公司,3680,TVBS-新聞網_HB,22133,CF_文中300x250_TVBS-新聞網_HB_3,,知名媒體,,106,46,46,100.00%,32,69.57%,14,30.43%,7.01
20260127,16,闇碼科技股份有限公司,3048,縮短網址產生器-reurl,22213,MW_蓋版_縮短網址產生器-reurl-2025.05(特殊供量),,知名媒體,,149,32,32,100.00%,8,25.00%,24,75.00%,0.68
20260127,16,艾得基客行銷顧問股份有限公司,3724,上報,22217,MW_置底創意(非展開)_上報,,知名媒體,,194,96,96,100.00%,91,94.79%,5,5.21%,45.66
20260127,16,艾得基客行銷顧問股份有限公司,3724,上報,22218,MW_置底(展開)_上報,,知名媒體,,202,99,99,100.00%,88,88.89%,11,11.11%,36.20
20260127,16,欣發現股份有限公司,3363,大人物-mobile,22222,MW_蓋板_大人物,,知名媒體,,27,9,9,100.00%,1,11.11%,8,88.89%,0.48
20260127,16,朱光宁,3741,石頭小說3,22396,MW_置底_石頭小說3,,,,6,2,2,100.00%,2,100.00%,0,0.00%,3.00
20260127,16,朱光宁,3741,石頭小說3,22398,CF_336 x 280 banner_石頭小說3_cpc1.67,,,,206,103,103,100.00%,80,77.67%,23,22.33%,7.59
20260127,16,艾得基客行銷顧問股份有限公司,3724,上報,22405,MW_蓋版_上報,,知名媒體,,34,17,17,100.00%,8,47.06%,9,52.94%,5.42
20260127,16,闇碼科技股份有限公司,3068,限時圖片-imgus,22406,MW_置底_imgus,antifroud,,,166,81,81,100.00%,38,46.91%,43,53.09%,1.11
20260127,16,第一網站股份有限公司,2783,漫畫櫃manhuagui,22443,MW_置底_manhuagui,antifroud,,,"2,613","1,262","1,262",100.00%,483,38.27%,779,61.73%,5.63
20260127,16,艾得基客行銷顧問股份有限公司,3490,太報,22495,MW_300x250 BANNER_太報_CPM5,,知名媒體,子聯播網,34,17,17,100.00%,5,29.41%,12,70.59%,3.96
20260127,16,艾得基客行銷顧問股份有限公司,2689,Basketball Top5,22498,MW_300x250 Banner_Basketball TOP5_CPM5,,,子聯播網,274,137,137,100.00%,56,40.88%,81,59.12%,3.96
20260127,16,艾得基客行銷顧問股份有限公司,2578,鉅亨網,22507,MW_300x250_鉅亨網_直播用BN-1,,知名媒體,子聯播網,"1,889",891,891,100.00%,225,25.25%,666,74.75%,8.57
20260127,16,艾得基客行銷顧問股份有限公司,3752,ＭoneyDJ,22514,MW_文中創意320x480_MoneyDJ,antifroud,知名媒體,,66,33,33,100.00%,26,78.79%,7,21.21%,9.56
20260127,16,李承翰-webptt,718,Web批踢踢(RWD),2284,MW-蓋板_文中_Web批踢踢,antifroud,,,24,9,9,100.00%,4,44.44%,5,55.56%,3.33
20260127,16,麥智維,999,動漫戲說,3543,CF-728*90-內文上方-動漫戲說,antifroud,,,62,30,30,100.00%,24,80.00%,6,20.00%,10.11
20260127,16,技達創意資訊有限公司,1299,泰好網,4733,CF-300*250-內文下方-泰好網,,,,18,6,6,100.00%,4,66.67%,2,33.33%,0.98
20260127,16,技達創意資訊有限公司,1299,泰好網,4734,MW-320*100-首頁、內文上方-泰好網,,,,12,4,4,100.00%,0,0.00%,4,100.00%,0.09
20260127,16,肖偉彬,1347,雲台書屋,4923,CF-上方通欄-300*250-雲台書屋,,,,6,3,3,100.00%,3,100.00%,0,0.00%,61.67
20260127,16,麥智維,999,動漫戲說,6069,CF-300*250-首頁-動漫戲說,,,,32,14,14,100.00%,7,50.00%,7,50.00%,2.84
20260127,16,台灣時報社股份有限公司,1665,台灣時報電子報,6263,CF-300X600-右側通欄-台灣時報電子報,,,,6,2,2,100.00%,0,0.00%,2,100.00%,0.00
20260127,16,莊博凱,1676,夢遊電玩-exchange,6310,CF-160*600-網頁右側-夢遊電玩-exchange,,,,12,4,4,100.00%,3,75.00%,1,25.00%,26.50
20260127,16,全曜財經資訊股份有限公司,1902,Cmoney-Mobile,7293,MW_置底創意(非展開)_Cmoney,antifroud,知名媒體,,12,6,6,100.00%,5,83.33%,1,16.67%,19.05
20260127,16,精鏡傳媒股份有限公司,1060,鏡週刊,8249,MW_置底創意(展開)_鏡週刊,,知名媒體,,6,3,3,100.00%,1,33.33%,2,66.67%,0.47
20260127,16,精鏡傳媒股份有限公司,1060,鏡週刊,8250,MW_置底創意(非展開)_鏡週刊,,知名媒體,,531,265,265,100.00%,251,94.72%,14,5.28%,36.48
20260127,16,臺灣電視事業股份有限公司,52,台視,8313,PC-300x250_內文第一塊_台視財經,,知名媒體,,12,4,4,100.00%,1,25.00%,3,75.00%,2.79
20260127,16,布林遊國際有限公司,1692,Bring You,8393,CF-300X250-上方通欄右側_BringYou,,知名媒體,,24,12,12,100.00%,7,58.33%,5,41.67%,2.42
20260127,16,巧克科技新媒體股份有限公司,2127,LINE TV_Banner-exchange,8576,CF_336x280_戲劇-右側好康資訊下方_LINE TV-exchange,,知名媒體,,24,11,11,100.00%,0,0.00%,11,100.00%,0.00
20260127,16,鳳梨傳媒股份有限公司,2190,民視新聞網-Exchange,8862,CF_970X90_分類新聞內頁上方_民視新聞(MCM),,知名媒體,,18,9,9,100.00%,0,0.00%,9,100.00%,0.00
20260127,16,見聞科技有限公司,2251,就是節目表,9233,MW-300x250-節目表文中-就是節目表,,,,22,11,11,100.00%,10,90.91%,1,9.09%,1.42
20260127,16,蔡瑞文,300,樂透彩幸運發財網,9470,MW-置底-樂透幸運發財網,antifroud,知名媒體,,6,3,3,100.00%,1,33.33%,2,66.67%,3.55
20260127,17,英屬維京群島商浩美數位有限公司台灣分公司,2315,Teepr亮新聞-exchange,10012,CF_336x280Banner_Teepr亮新聞-exchange,,知名媒體,,"2,325","1,144","1,144",100.00%,36,3.15%,"1,108",96.85%,0.21
20260127,17,昱得資訊工作室,2528,數位書香,11080,CF_728x90_首頁上方_數位書香,antifroud,,,81,40,40,100.00%,35,87.50%,5,12.50%,5.57
20260127,17,昱得資訊工作室,2528,數位書香,11081,CF_160x600_首頁右側_數位書香,antifroud,,,860,379,379,100.00%,162,42.74%,217,57.26%,3.13
20260127,17,第一網站股份有限公司,2518,麻辣家族討論區(twbts),11082,CF-728X90-twbts,antifroud,,,889,368,368,100.00%,248,67.39%,120,32.61%,5.01
20260127,17,第一網站股份有限公司,2492,ttshow,11273,MW-300X250-ttshow,,知名媒體,,18,9,9,100.00%,3,33.33%,6,66.67%,1.90
20260127,17,第一網站股份有限公司,2601,Meme梗圖倉庫,11443,CF-336X280-meme,,,,469,206,206,100.00%,23,11.17%,183,88.83%,1.13
20260127,17,艾得基客行銷顧問股份有限公司,2578,鉅亨網,12070,MW_320x480_文中創意_鉅亨網,,知名媒體,,"4,011","1,974","1,974",100.00%,"1,493",75.63%,481,24.37%,19.25
20260127,17,葉志斌,2745,繁中寶可夢卡表生成器-奶爸工作室-exchange,12210,CF_728x90__文末__繁中寶可夢卡表生成器,,,,6,3,3,100.00%,2,66.67%,1,33.33%,2.35
20260127,17,時報資訊股份有限公司,2770,中時電子報_HB,12559,CF_300x250_右側互動看版_中時電子報_HB,,知名媒體,,586,269,269,100.00%,105,39.03%,164,60.97%,6.44
20260127,17,時報資訊股份有限公司,2770,中時電子報_HB,12560,CF_336x280_文中看板_中時電子報_HB,,知名媒體,,576,266,266,100.00%,194,72.93%,72,27.07%,22.46
20260127,17,時報資訊股份有限公司,2770,中時電子報_HB,12561,MW_300x250_內頁TOP Banner_中時電子報_HB,antifroud,知名媒體,,618,299,299,100.00%,60,20.07%,239,79.93%,1.37
20260127,17,第一網站股份有限公司,2768,czbooks,12570,CF_728x90_banner_czbooks,,,,"1,918",953,953,100.00%,739,77.54%,214,22.46%,5.39
20260127,17,鳳梨傳媒股份有限公司,2190,民視新聞網-Exchange,12579,CF_300x250_右側第一塊_民視新聞網-Exchange(RWD)(MCM),,知名媒體,,"2,740","1,349","1,349",100.00%,119,8.82%,"1,230",91.18%,1.67
20260127,17,鳳梨傳媒股份有限公司,2190,民視新聞網-Exchange,12580,CF_300x250_內文文中左側_民視新聞網-Exchange(RWD)(MCM),,知名媒體,,"3,186","1,549","1,549",100.00%,114,7.36%,"1,435",92.64%,0.54
20260127,17,第一網站股份有限公司,2783,漫畫櫃manhuagui,12676,CF_728X90_manhuagui,antifroud,,,"4,707","2,319","2,319",100.00%,901,38.85%,"1,418",61.15%,4.59
20260127,17,艾得基客行銷顧問股份有限公司,2635,工商時報,12761,MW_320x480_文中創意_工商時報new,,知名媒體,,12,6,6,100.00%,3,50.00%,3,50.00%,5.83
20260127,17,第一網站股份有限公司,2801,damanwoo,12868,CF-300x250_Banner_damanwoo_大人物,,,,30,10,10,100.00%,3,30.00%,7,70.00%,6.81
20260127,17,第一網站股份有限公司,2820,星座好朋友(horofriend88),12966,MW_320x100_horofriend88,antifroud,,,18,9,9,100.00%,9,100.00%,0,0.00%,23.77
20260127,17,時報資訊股份有限公司,2335,中時電子報_2019,12974,MW-置底創意(展開)-中時電子報_2019,antifroud,知名媒體,,6,3,3,100.00%,0,0.00%,3,100.00%,0.40
20260127,17,第一網站股份有限公司,2836,vivi01,13032,MW_置底創意_vivi01 ViVi視頻,,,,42,21,21,100.00%,18,85.71%,3,14.29%,15.19
20260127,17,和運租車股份有限公司,2878,abc好車網,13368,CF_970x90_物件頁下方_abc好車網,,知名媒體,,12,6,6,100.00%,0,0.00%,6,100.00%,0.05
20260127,17,曾憲敏,202,85小說網,13445,MW_336X280_全量1_85小說網,,,,317,156,156,100.00%,81,51.92%,75,48.08%,7.35
20260127,17,曾憲敏,202,85小說網,13446,MW_336X280_全量2_85小說網,,,,"3,224","1,596","1,596",100.00%,793,49.69%,803,50.31%,5.84
20260127,17,第一網站股份有限公司,2910,clickme,13549,CF_300x250_banner_clickme(一般),,,,514,254,254,100.00%,20,7.87%,234,92.13%,0.40
20260127,17,闇碼科技股份有限公司,2992,縮短網址產生器-reurl-exchange,13848,CF_300x250_轉址失敗_最右邊_reurl,,知名媒體,,6,0,0,0.00%,0,0.00%,0,0.00%,0.00
20260127,17,第一網站股份有限公司,2768,czbooks,13903,(子)CF_300x250_banner_czbooks(直播),antifroud,,子聯播網,"262,485","137,463","137,460",100.00%,"26,305",19.14%,"111,155",80.86%,0.93
20260127,17,第一網站股份有限公司,2768,czbooks,14036,MW_320x480_CZBOOKS,antifroud,,,50,24,24,100.00%,4,16.67%,20,83.33%,0.83
20260127,17,陳人鳳,480,飛格寵物家族_PC,1407,CF-728X90_上方通欄_飛格寵物家族,,,,244,23,23,100.00%,18,78.26%,5,21.74%,18.72
20260127,17,陳人鳳,480,飛格寵物家族_PC,1408,CF-300X250_內文_飛格寵物家族,,,,152,3,3,100.00%,3,100.00%,0,0.00%,22.00
20260127,17,闇碼科技股份有限公司,3048,縮短網址產生器-reurl,14210,MW_文中創意300x250_縮短網址產生器-reurl,,知名媒體,,98,42,42,100.00%,30,71.43%,12,28.57%,8.48
20260127,17,巨思文化股份有限公司,3052,經理人_HB,14238,MW_文章結束第一塊_300x250_經理人-HB,,知名媒體,,8,4,4,100.00%,0,0.00%,4,100.00%,0.00
20260127,17,巨思文化股份有限公司,3052,經理人_HB,14239,CF_300x250_內文下方右側_經理人-HB,,知名媒體,,6,3,3,100.00%,0,0.00%,3,100.00%,0.00
20260127,17,巨思文化股份有限公司,3052,經理人_HB,14240,CF_300x250_內文下方左側_經理人-HB,,知名媒體,,6,3,3,100.00%,0,0.00%,3,100.00%,0.00
20260127,17,巨思文化股份有限公司,3052,經理人_HB,14241,MW_300x250_內文下方_經理人-HB,,知名媒體,,8,4,4,100.00%,0,0.00%,4,100.00%,0.00
20260127,17,巨思文化股份有限公司,3053,數位時代_HB,14246,MW_300x250_文章結束第一塊_數位時代-HB,,知名媒體,,13,6,6,100.00%,0,0.00%,6,100.00%,0.00
20260127,17,富盈數據股份有限公司,3059,塔科女子,14258,CF_336x280_全網_塔科女子,,知名媒體,,6,3,3,100.00%,1,33.33%,2,66.67%,0.39
20260127,17,CBROOT LTD,3003,包子漫畫-exchange,14291,MW_300x250_蓋板(PB)_包子漫畫,,,,144,72,72,100.00%,21,29.17%,51,70.83%,2.80
20260127,17,朱光宁,3149,稷下書院-exchange,14748,MW_320x100_置底(PB)_稷下書院,,,,"25,412","12,549","12,549",100.00%,338,2.69%,"12,211",97.31%,0.08
20260127,17,巨思文化股份有限公司,3053,數位時代_HB,14764,MW_置底創意_(非展開)_數位時代_HB,,知名媒體,,258,121,121,100.00%,113,93.39%,8,6.61%,22.18
20260127,17,中天電視股份有限公司,3282,中天新聞網-exchange,14980,CF_970x250_內頁_PC置頂橫幅-中天新聞網-exchange,,知名媒體,,94,38,38,100.00%,9,23.68%,29,76.32%,2.91
20260127,17,曾憲敏,3327,85小說網_創意,15228,MW-創意-85小說網,,,,6,3,3,100.00%,2,66.67%,1,33.33%,1.25
20260127,17,和運租車股份有限公司,2878,abc好車網,15249,CF_300x250_搜尋頁右側_abc好車網,,知名媒體,,8,4,4,100.00%,1,25.00%,3,75.00%,22.53
20260127,17,中天電視股份有限公司,3282,中天新聞網-exchange,15859,CF_336x280_內頁_PC右側互動看板B-中天新聞網-exchange,,知名媒體,,545,233,233,100.00%,77,33.05%,156,66.95%,4.23
20260127,17,布林遊國際有限公司,2620,Bring You-exchange,15951,CF_300x600_右側通欄_BringYou-exchange,,知名媒體,,6,3,3,100.00%,1,33.33%,2,66.67%,30.00
20260127,17,CBROOT LTD,3352,西瓜卡通-exchange,15970,CF_160x600_影音內容_西瓜卡通-exchange,,,,12,6,6,100.00%,2,33.33%,4,66.67%,11.31
20260127,17,朱光宁,3360,提莫書屋-exchange,16957,MW_336x280banner_提莫書屋_exchange,,,,"17,038","8,455","8,455",100.00%,"6,227",73.65%,"2,228",26.35%,6.01
20260127,17,朱光宁,3361,提莫書屋-mobile,16959,MW_320x480_文中創意_提莫書屋-mobile,,,,60,30,30,100.00%,23,76.67%,7,23.33%,9.10
20260127,17,欣發現股份有限公司,3364,女子學-mobile,16972,MW_置底創意_女子學,antifroud,,,96,48,48,100.00%,0,0.00%,48,100.00%,0.16
20260127,17,第一網站股份有限公司,2783,漫畫櫃manhuagui,17027,MW_320x480_蓋版_漫畫櫃manhuagui,,,,30,15,15,100.00%,9,60.00%,6,40.00%,1.72
20260127,17,朱光宁,3268,稷下書院-mobile,17207,MW_320x480_蓋版_稷下書院-mobile,,,,490,206,206,100.00%,88,42.72%,118,57.28%,2.50
20260127,17,中華電視股份有限公司,3389,華視-mobile,17230,MW_置底創意(非展開)_華視-mobile,,知名媒體,,6,3,3,100.00%,3,100.00%,0,0.00%,32.00
20260127,17,李立娟,3395,vivi0視頻-exchange,17293,CF_336x280_Banner_vivi01視頻-exchange,antifroud,,,"33,747","16,509","16,509",100.00%,"2,436",14.76%,"14,073",85.24%,0.38
20260127,17,李立娟,3395,vivi0視頻-exchange,17294,MW_336x280_Banner_vivi01視頻-exchange,antifroud,,,"19,849","9,740","9,740",100.00%,"3,629",37.26%,"6,111",62.74%,1.58
20260127,17,李立娟,3395,vivi0視頻-exchange,17300,MW_320x100_置底(PB)_vivi01視頻-exchange,antifroud,,,"1,121",546,546,100.00%,356,65.20%,190,34.80%,13.87
20260127,17,李立娟,3397,趣聞圖說-exchange,17309,MW_336x280_文中Banner_趣聞圖說-exchange,,,,"2,116",440,440,100.00%,80,18.18%,360,81.82%,1.20
20260127,17,曾憲敏,601,85小說網_PC,1773,CF-300x250_85小說網_內文1,,,,281,139,139,100.00%,119,85.61%,20,14.39%,17.41
20260127,17,李立娟,3396,趣聞圖說-Mobile,17923,MW_置底創意(展開)_趣聞圖說-Mobile,,,,25,12,12,100.00%,12,100.00%,0,0.00%,8.61
20260127,17,第一網站股份有限公司,2768,czbooks,17927,MW_置底創意_czbook,,,,"2,190","1,084","1,084",100.00%,982,90.59%,102,9.41%,12.74
20260127,17,時報資訊股份有限公司_工商時報,3427,工商時報-exchange,18014,MW_300x250_文末Banner1_工商時報-exchange,,知名媒體,,102,49,49,100.00%,10,20.41%,39,79.59%,0.50
20260127,17,時報資訊股份有限公司_工商時報,3427,工商時報-exchange,18015,MW_300x250_文末Banner2_工商時報-exchange,,知名媒體,,168,81,81,100.00%,0,0.00%,81,100.00%,0.00
20260127,17,第一網站股份有限公司,3440,fsa_passback_first,18201,CF_336x280_fsa_passback_first,,,,142,71,71,100.00%,0,0.00%,71,100.00%,0.01
20260127,17,第一網站股份有限公司,3440,fsa_passback_first,18202,CF_300x250_fsa_passback_first,,,,"4,454","2,114","2,114",100.00%,"1,259",59.56%,855,40.44%,38.61
20260127,17,莊博凱,3455,夢遊電玩,18269,300x250 Banner,,,,6,2,2,100.00%,0,0.00%,2,100.00%,0.32
20260127,17,時報資訊股份有限公司_工商時報,3427,工商時報-exchange,18278,CF_336x280_文中-MiddleBillboard_工商時報-exchange,,知名媒體,,6,3,3,100.00%,3,100.00%,0,0.00%,5.67
20260127,17,朱光宁,3268,稷下書院-mobile,18297,MW_置底創意(展開)_稷下書院-mobile,,,,32,15,15,100.00%,13,86.67%,2,13.33%,12.96
20260127,17,冰楓科技有限公司,3485,冰楓論壇-exchange,18487,CF_970x90_內文上方第一塊_冰楓論壇-exchange,,,,988,439,439,100.00%,82,18.68%,357,81.32%,2.82
20260127,17,冰楓科技有限公司,3485,冰楓論壇-exchange,18488,MW_320x100_內文上方第一塊_ 冰楓論壇-exchange,antifroud,,,12,4,4,100.00%,4,100.00%,0,0.00%,26.75
20260127,17,冰楓科技有限公司,3485,冰楓論壇-exchange,18492,MW_300x250_Banner_ 冰楓論壇-exchange,,,,267,122,122,100.00%,53,43.44%,69,56.56%,4.70
20260127,17,CBROOT LTD,3510,包子漫畫_twmanga-exchange,18737,CF_970x90_Banner_ 包子漫畫_twmanga-exchange,,,,66,35,35,100.00%,5,14.29%,30,85.71%,0.65
20260127,17,台灣英文新聞股份有限公司,3537,台灣英文新聞(new)-exchange,18914,MW_320x100_內文頁_置頂橫幅_台灣英文新聞(new)-exchange,,知名媒體,,10,0,0,0.00%,0,0.00%,0,0.00%,0.00
20260127,17,台灣英文新聞股份有限公司,3537,台灣英文新聞(new)-exchange,18924,CF_300x250_內容頁_右側看版_1_台灣英文新聞(new)-exchange,,知名媒體,,36,13,13,100.00%,2,15.38%,11,84.62%,0.52
20260127,17,艾得基客行銷顧問股份有限公司,3373,良醫健康網,19009,MW_蓋板_良醫健康網,,知名媒體,,51,23,23,100.00%,10,43.48%,13,56.52%,2.67
20260127,17,聯合線上股份有限公司,3549,UDN元氣網,19018,CF_首頁文章推薦第三格300x250_UDN元氣網,,知名媒體,,6,3,3,100.00%,1,33.33%,2,66.67%,0.33
20260127,17,聯合線上股份有限公司,3549,UDN元氣網,19019,CF_文章頁右上300x250_UDN元氣網,,知名媒體,,6,3,3,100.00%,0,0.00%,3,100.00%,0.00
20260127,17,艾得基客行銷顧問股份有限公司,3490,太報,19043,MW_置底創意(展開)_太報,,知名媒體,,384,191,191,100.00%,166,86.91%,25,13.09%,24.18
20260127,17,艾得基客行銷顧問股份有限公司,3552,玩具人,19044,MW_320x480_文中創意_玩具人,,知名媒體,,143,69,69,100.00%,40,57.97%,29,42.03%,14.66
20260127,17,第一網站股份有限公司,2783,漫畫櫃manhuagui,20685,MW_300X250_manhuagui,antifroud,,,"2,194","1,088","1,088",100.00%,436,40.07%,652,59.93%,10.38
20260127,17,德榕企業有限公司,3578,TW Bodhi_mobile,20708,MW_蓋板_TW Bodhi,,,,245,122,122,100.00%,0,0.00%,122,100.00%,0.00
20260127,17,德榕企業有限公司,3581,忘憂書屋,20727,CF_336x280文章頁(RWD)_忘憂書屋,,,,6,3,3,100.00%,0,0.00%,3,100.00%,0.00
20260127,17,德榕企業有限公司,3582,忘憂書屋_mobile,20728,MW_文中創意300x250_忘憂書屋,,,,26,12,12,100.00%,0,0.00%,12,100.00%,0.00
20260127,17,第一網站股份有限公司,2916,KiKiNote,20731,CF_300x250_banner_kikinote (PB),,知名媒體,,112,47,47,100.00%,10,21.28%,37,78.72%,0.37
20260127,17,第一網站股份有限公司,3440,fsa_passback_first,21699,CF_336x280_fsa_passback_first,,,,"3,625","1,724","1,724",100.00%,304,17.63%,"1,420",82.37%,0.88
20260127,17,富盈數據股份有限公司,3653,TVBS-女人我最大_HB,21760,MW_文章三_336x280_TVBS-女人我最大_HB,,知名媒體,,8,4,4,100.00%,1,25.00%,3,75.00%,1.25
20260127,17,富盈數據股份有限公司,3653,TVBS-女人我最大_HB,21761,MW_文章四_336x280_TVBS-女人我最大_HB,,知名媒體,,550,275,275,100.00%,178,64.73%,97,35.27%,3.68
20260127,17,富盈數據股份有限公司,3653,TVBS-女人我最大_HB,21763,MW_文中創意320x480_TVBS-女人我最大_HB,,知名媒體,,391,191,191,100.00%,145,75.92%,46,24.08%,24.28
20260127,17,富盈數據股份有限公司,3654,TVBS-健康2.0_HB,21768,MW_文中創意320x480_TVBS-健康2.0_HB,,知名媒體,,"3,309","1,563","1,563",100.00%,"1,040",66.54%,523,33.46%,22.48
20260127,17,富盈數據股份有限公司,3655,TVBS-食尚玩家_HB,21773,MW_文中創意320x480_TVBS-食尚玩家_HB,,知名媒體,,147,72,72,100.00%,53,73.61%,19,26.39%,22.13
20260127,17,先驅媒體社會企業股份有限公司,3554,新頭殼(R18),21839,ＭＷ_336x280Banner_newtalk.tw_mobile_all_336280_2_新頭殼(R18),antifroud,知名媒體,,6,3,3,100.00%,3,100.00%,0,0.00%,7.00
20260127,17,儂儂雜誌社股份有限公司(bella儂儂),2135,Bella儂儂_2024,21876,MW-300x250_文章標題上方1_Bella儂儂,,知名媒體,,270,135,135,100.00%,60,44.44%,75,55.56%,2.73
20260127,17,富盈數據股份有限公司,3680,TVBS-新聞網_HB,21898,CF_文章右側300x600_TVBS-新聞網_HB,,知名媒體,,6,3,3,100.00%,2,66.67%,1,33.33%,31.84
20260127,17,富盈數據股份有限公司,3680,TVBS-新聞網_HB,21899,MW_文章一_336x280_TVBS-新聞網_HB,,知名媒體,,"2,343","1,159","1,159",100.00%,861,74.29%,298,25.71%,7.21
20260127,17,富盈數據股份有限公司,3680,TVBS-新聞網_HB,21900,MW_文章三_336x280_TVBS-新聞網_HB,,知名媒體,,170,85,85,100.00%,48,56.47%,37,43.53%,5.58
20260127,17,富盈數據股份有限公司,3680,TVBS-新聞網_HB,21902,MW_文章置底_320x100_TVBS-新聞網_HB,,知名媒體,,"2,800","1,377","1,377",100.00%,532,38.63%,845,61.37%,13.66
20260127,17,富盈數據股份有限公司,3684,稅美人_mobile,21923,MW_置底創意(非展開)_稅美人-mobile,,,,"2,538","1,259","1,259",100.00%,"1,124",89.28%,135,10.72%,17.40
20260127,17,富盈數據股份有限公司,3685,玩桌遊_mobile,21924,MW_置底創意(非展開)_玩桌遊-mobile,,,,206,103,103,100.00%,88,85.44%,15,14.56%,6.63
20260127,17,富盈數據股份有限公司,2615,熱血台中,21986,CF_336x280_全網_熱血台中,,,,30,15,15,100.00%,10,66.67%,5,33.33%,2.25
20260127,17,富盈數據股份有限公司,2615,熱血台中,21987,CF_336x280_全網_熱血台中,,,,32,16,16,100.00%,10,62.50%,6,37.50%,2.03
20260127,17,富盈數據股份有限公司,3704,天天要聞,22030,CF_300 x 250 banner_天天要聞_cpc2,,,,732,357,357,100.00%,269,75.35%,88,24.65%,9.38
20260127,17,富盈數據股份有限公司,3703,繁體小說,22031,CF_300 x 250 banner_繁體小說_cpc2,,,,12,6,6,100.00%,6,100.00%,0,0.00%,13.96
20260127,17,冠妍動力科技有限公司,484,小老婆汽機車資訊網,22058,MW_文中創意320x480_小老婆汽機車資訊網-測試,,知名媒體,,6,3,3,100.00%,2,66.67%,1,33.33%,10.06
20260127,17,朱光宁,3718,稷下書院2,22092,MW_置底創意(非展開)_稷下書院2,antifroud,,,"117,835","58,521","58,521",100.00%,"50,807",86.82%,"7,714",13.18%,20.90
20260127,17,富盈數據股份有限公司,3680,TVBS-新聞網_HB,22131,CF_文中300x250_TVBS-新聞網_HB_1,,知名媒體,,6,3,3,100.00%,2,66.67%,1,33.33%,10.75
20260127,17,富盈數據股份有限公司,3680,TVBS-新聞網_HB,22132,CF_文中300x250_TVBS-新聞網_HB_2,,知名媒體,,12,6,6,100.00%,2,33.33%,4,66.67%,0.67
20260127,17,富盈數據股份有限公司,3680,TVBS-新聞網_HB,22133,CF_文中300x250_TVBS-新聞網_HB_3,,知名媒體,,60,24,24,100.00%,12,50.00%,12,50.00%,5.21
20260127,17,富盈數據股份有限公司,3730,Teepr 亮新聞 HB,22145,MW_336x280_文中創意_Teepr亮新聞 HB,,,,18,9,9,100.00%,0,0.00%,9,100.00%,0.00
20260127,17,闇碼科技股份有限公司,3048,縮短網址產生器-reurl,22213,MW_蓋版_縮短網址產生器-reurl-2025.05(特殊供量),,知名媒體,,126,25,25,100.00%,8,32.00%,17,68.00%,0.76
20260127,17,艾得基客行銷顧問股份有限公司,3724,上報,22217,MW_置底創意(非展開)_上報,,知名媒體,,222,111,111,100.00%,104,93.69%,7,6.31%,42.28
20260127,17,艾得基客行銷顧問股份有限公司,3724,上報,22218,MW_置底(展開)_上報,,知名媒體,,171,85,85,100.00%,79,92.94%,6,7.06%,54.53
20260127,17,欣發現股份有限公司,3363,大人物-mobile,22222,MW_蓋板_大人物,,知名媒體,,13,6,6,100.00%,0,0.00%,6,100.00%,0.00
20260127,17,朱光宁,3741,石頭小說3,22396,MW_置底_石頭小說3,,,,12,6,6,100.00%,0,0.00%,6,100.00%,0.00
20260127,17,朱光宁,3741,石頭小說3,22398,CF_336 x 280 banner_石頭小說3_cpc1.67,,,,211,106,106,100.00%,76,71.70%,30,28.30%,6.87
20260127,17,朱光宁,3741,石頭小說3,22399,CF_320 x 480 橫幅_石頭小說3,,,,12,6,6,100.00%,1,16.67%,5,83.33%,0.23
20260127,17,艾得基客行銷顧問股份有限公司,3724,上報,22405,MW_蓋版_上報,,知名媒體,,16,8,8,100.00%,1,12.50%,7,87.50%,0.65
20260127,17,闇碼科技股份有限公司,3068,限時圖片-imgus,22406,MW_置底_imgus,antifroud,,,169,82,82,100.00%,31,37.80%,51,62.20%,0.83
20260127,17,第一網站股份有限公司,2783,漫畫櫃manhuagui,22443,MW_置底_manhuagui,antifroud,,,"2,299","1,120","1,120",100.00%,365,32.59%,755,67.41%,4.45
20260127,17,艾得基客行銷顧問股份有限公司,3490,太報,22495,MW_300x250 BANNER_太報_CPM5,,知名媒體,子聯播網,6,3,3,100.00%,1,33.33%,2,66.67%,5.00
20260127,17,艾得基客行銷顧問股份有限公司,2689,Basketball Top5,22498,MW_300x250 Banner_Basketball TOP5_CPM5,,,子聯播網,209,102,102,100.00%,44,43.14%,58,56.86%,3.11
20260127,17,艾得基客行銷顧問股份有限公司,2578,鉅亨網,22507,MW_300x250_鉅亨網_直播用BN-1,,知名媒體,子聯播網,"1,534",747,747,100.00%,203,27.18%,544,72.82%,7.76
20260127,17,艾得基客行銷顧問股份有限公司,3752,ＭoneyDJ,22514,MW_文中創意320x480_MoneyDJ,antifroud,知名媒體,,62,31,31,100.00%,28,90.32%,3,9.68%,14.20
20260127,17,巨思文化股份有限公司,3053,數位時代_HB,22741,MW_文中創意320x480_第一塊_數位時代_HB,,知名媒體,,6,3,3,100.00%,3,100.00%,0,0.00%,11.67
20260127,17,李承翰-webptt,718,Web批踢踢(RWD),2284,MW-蓋板_文中_Web批踢踢,antifroud,,,54,19,19,100.00%,9,47.37%,10,52.63%,3.89
20260127,17,麥智維,999,動漫戲說,3543,CF-728*90-內文上方-動漫戲說,antifroud,,,135,60,60,100.00%,47,78.33%,13,21.67%,122.73
20260127,17,肖偉彬,1287,紅櫻桃小說書庫,4678,CF-內文上方-300*250-紅櫻桃小說書庫,,,,14,7,7,100.00%,4,57.14%,3,42.86%,4.44
20260127,17,技達創意資訊有限公司,1299,泰好網,4733,CF-300*250-內文下方-泰好網,,,,6,2,2,100.00%,0,0.00%,2,100.00%,0.00
20260127,17,技達創意資訊有限公司,1299,泰好網,4734,MW-320*100-首頁、內文上方-泰好網,,,,6,2,2,100.00%,0,0.00%,2,100.00%,0.00
20260127,17,肖偉彬,1347,雲台書屋,4923,CF-上方通欄-300*250-雲台書屋,,,,6,3,3,100.00%,0,0.00%,3,100.00%,0.00
20260127,17,陈晋福,1367,電視超人,4997,CF-300X250-電視超人,,,,24,12,12,100.00%,4,33.33%,8,66.67%,2.12
20260127,17,莊博凱,1676,夢遊電玩-exchange,6310,CF-160*600-網頁右側-夢遊電玩-exchange,,,,6,2,2,100.00%,1,50.00%,1,50.00%,4.92
20260127,17,精鏡傳媒股份有限公司,1060,鏡週刊,8250,MW_置底創意(非展開)_鏡週刊,,知名媒體,,603,299,299,100.00%,287,95.99%,12,4.01%,43.93
20260127,17,臺灣電視事業股份有限公司,52,台視,8313,PC-300x250_內文第一塊_台視財經,,知名媒體,,16,8,8,100.00%,0,0.00%,8,100.00%,0.00
20260127,17,布林遊國際有限公司,1692,Bring You,8393,CF-300X250-上方通欄右側_BringYou,,知名媒體,,6,3,3,100.00%,3,100.00%,0,0.00%,2.45
20260127,17,巧克科技新媒體股份有限公司,2127,LINE TV_Banner-exchange,8576,CF_336x280_戲劇-右側好康資訊下方_LINE TV-exchange,,知名媒體,,92,43,43,100.00%,15,34.88%,28,65.12%,0.46
20260127,17,鳳梨傳媒股份有限公司,2190,民視新聞網-Exchange,8862,CF_970X90_分類新聞內頁上方_民視新聞(MCM),,知名媒體,,26,13,13,100.00%,0,0.00%,13,100.00%,0.00
20260127,17,見聞科技有限公司,2251,就是節目表,9233,MW-300x250-節目表文中-就是節目表,,,,6,3,3,100.00%,1,33.33%,2,66.67%,5.00
20260127,17,蔡瑞文,300,樂透彩幸運發財網,9470,MW-置底-樂透幸運發財網,antifroud,知名媒體,,12,6,6,100.00%,6,100.00%,0,0.00%,10.88
20260127,18,英屬維京群島商浩美數位有限公司台灣分公司,2315,Teepr亮新聞-exchange,10012,CF_336x280Banner_Teepr亮新聞-exchange,,知名媒體,,88,44,44,100.00%,2,4.55%,42,95.45%,0.23
20260127,18,昱得資訊工作室,2528,數位書香,11081,CF_160x600_首頁右側_數位書香,antifroud,,,42,19,19,100.00%,7,36.84%,12,63.16%,2.51
20260127,18,第一網站股份有限公司,2518,麻辣家族討論區(twbts),11082,CF-728X90-twbts,antifroud,,,146,65,65,100.00%,44,67.69%,21,32.31%,5.36
20260127,18,第一網站股份有限公司,2601,Meme梗圖倉庫,11443,CF-336X280-meme,,,,99,41,41,100.00%,11,26.83%,30,73.17%,0.57
20260127,18,艾得基客行銷顧問股份有限公司,2578,鉅亨網,12070,MW_320x480_文中創意_鉅亨網,,知名媒體,,406,200,200,100.00%,155,77.50%,45,22.50%,18.52
20260127,18,時報資訊股份有限公司,2770,中時電子報_HB,12559,CF_300x250_右側互動看版_中時電子報_HB,,知名媒體,,307,144,144,100.00%,62,43.06%,82,56.94%,4.81
20260127,18,時報資訊股份有限公司,2770,中時電子報_HB,12560,CF_336x280_文中看板_中時電子報_HB,,知名媒體,,324,153,153,100.00%,120,78.43%,33,21.57%,24.29
20260127,18,時報資訊股份有限公司,2770,中時電子報_HB,12561,MW_300x250_內頁TOP Banner_中時電子報_HB,antifroud,知名媒體,,"2,284","1,103","1,103",100.00%,190,17.23%,913,82.77%,1.35
20260127,18,第一網站股份有限公司,2768,czbooks,12570,CF_728x90_banner_czbooks,,,,97,48,48,100.00%,38,79.17%,10,20.83%,6.08
20260127,18,第一網站股份有限公司,2768,czbooks,12571,CF-300x600_Banner_czbooks,,,,306,152,152,100.00%,106,69.74%,46,30.26%,57.94
20260127,18,鳳梨傳媒股份有限公司,2190,民視新聞網-Exchange,12579,CF_300x250_右側第一塊_民視新聞網-Exchange(RWD)(MCM),,知名媒體,,109,52,52,100.00%,4,7.69%,48,92.31%,0.44
20260127,18,鳳梨傳媒股份有限公司,2190,民視新聞網-Exchange,12580,CF_300x250_內文文中左側_民視新聞網-Exchange(RWD)(MCM),,知名媒體,,208,101,101,100.00%,8,7.92%,93,92.08%,1.20
20260127,18,第一網站股份有限公司,2783,漫畫櫃manhuagui,12676,CF_728X90_manhuagui,antifroud,,,964,480,480,100.00%,190,39.58%,290,60.42%,4.82
20260127,18,第一網站股份有限公司,2820,星座好朋友(horofriend88),12966,MW_320x100_horofriend88,antifroud,,,6,3,3,100.00%,3,100.00%,0,0.00%,25.00
20260127,18,曾憲敏,202,85小說網,13445,MW_336X280_全量1_85小說網,,,,26,13,13,100.00%,8,61.54%,5,38.46%,20.21
20260127,18,曾憲敏,202,85小說網,13446,MW_336X280_全量2_85小說網,,,,162,81,81,100.00%,35,43.21%,46,56.79%,5.86
20260127,18,第一網站股份有限公司,2768,czbooks,13481,MW_300x250_banner_czbooks,antifroud,,子聯播網,"2,035","1,002","1,002",100.00%,393,39.22%,609,60.78%,3.16
20260127,18,第一網站股份有限公司,2910,clickme,13549,CF_300x250_banner_clickme(一般),,,,9,5,5,100.00%,0,0.00%,5,100.00%,0.00
20260127,18,第一網站股份有限公司,2768,czbooks,13903,(子)CF_300x250_banner_czbooks(直播),antifroud,,子聯播網,"17,825","9,137","9,137",100.00%,827,9.05%,"8,310",90.95%,0.58
20260127,18,第一網站股份有限公司,2783,漫畫櫃manhuagui,13904,(子)CF_300x250_banner_manhuagui(直播),antifroud,,子聯播網,"1,331",522,522,100.00%,76,14.56%,446,85.44%,0.55
20260127,18,第一網站股份有限公司,2768,czbooks,14036,MW_320x480_CZBOOKS,antifroud,,,44,21,21,100.00%,2,9.52%,19,90.48%,0.22
20260127,18,闇碼科技股份有限公司,3048,縮短網址產生器-reurl,14210,MW_文中創意300x250_縮短網址產生器-reurl,,知名媒體,,18,7,7,100.00%,4,57.14%,3,42.86%,1.90
20260127,18,巨思文化股份有限公司,3053,數位時代_HB,14242,CF_300x250_內文下方左側_數位時代-HB,,知名媒體,,6,3,3,100.00%,0,0.00%,3,100.00%,0.00
20260127,18,巨思文化股份有限公司,3053,數位時代_HB,14243,CF_300x250_內文下方右側_數位時代-HB,,知名媒體,,6,3,3,100.00%,0,0.00%,3,100.00%,0.00
20260127,18,巨思文化股份有限公司,3053,數位時代_HB,14244,MW_300x250_文中第四塊_數位時代-HB,,知名媒體,,6,3,3,100.00%,1,33.33%,2,66.67%,1.67
20260127,18,巨思文化股份有限公司,3053,數位時代_HB,14246,MW_300x250_文章結束第一塊_數位時代-HB,,知名媒體,,32,16,16,100.00%,0,0.00%,16,100.00%,0.00
20260127,18,富盈數據股份有限公司,3059,塔科女子,14258,CF_336x280_全網_塔科女子,,知名媒體,,6,3,3,100.00%,2,66.67%,1,33.33%,0.67
20260127,18,CBROOT LTD,3003,包子漫畫-exchange,14291,MW_300x250_蓋板(PB)_包子漫畫,,,,30,15,15,100.00%,7,46.67%,8,53.33%,4.34
20260127,18,朱光宁,3149,稷下書院-exchange,14748,MW_320x100_置底(PB)_稷下書院,,,,"1,744",863,863,100.00%,16,1.85%,847,98.15%,0.06
20260127,18,巨思文化股份有限公司,3053,數位時代_HB,14764,MW_置底創意_(非展開)_數位時代_HB,,知名媒體,,61,30,30,100.00%,28,93.33%,2,6.67%,41.79
20260127,18,中天電視股份有限公司,3283,中天新聞網-mobile,14931,MW_320x480_蓋版_中天新聞網-mobile,antifroud,知名媒體,,99,49,49,100.00%,35,71.43%,14,28.57%,5.25
20260127,18,中天電視股份有限公司,3282,中天新聞網-exchange,14980,CF_970x250_內頁_PC置頂橫幅-中天新聞網-exchange,,知名媒體,,6,2,2,100.00%,2,100.00%,0,0.00%,3.00
20260127,18,中天電視股份有限公司,3282,中天新聞網-exchange,15859,CF_336x280_內頁_PC右側互動看板B-中天新聞網-exchange,,知名媒體,,12,5,5,100.00%,2,40.00%,3,60.00%,3.77
20260127,18,朱光宁,3360,提莫書屋-exchange,16957,MW_336x280banner_提莫書屋_exchange,,,,"1,045",514,514,100.00%,386,75.10%,128,24.90%,6.63
20260127,18,欣發現股份有限公司,3364,女子學-mobile,16972,MW_置底創意_女子學,antifroud,,,6,3,3,100.00%,0,0.00%,3,100.00%,0.17
20260127,18,第一網站股份有限公司,2783,漫畫櫃manhuagui,17027,MW_320x480_蓋版_漫畫櫃manhuagui,,,,24,12,12,100.00%,2,16.67%,10,83.33%,2.85
20260127,18,朱光宁,3268,稷下書院-mobile,17207,MW_320x480_蓋版_稷下書院-mobile,,,,246,105,105,100.00%,55,52.38%,50,47.62%,4.58
20260127,18,李立娟,3395,vivi0視頻-exchange,17293,CF_336x280_Banner_vivi01視頻-exchange,antifroud,,,"4,496","2,192","2,192",100.00%,269,12.27%,"1,923",87.73%,0.29
20260127,18,李立娟,3395,vivi0視頻-exchange,17294,MW_336x280_Banner_vivi01視頻-exchange,antifroud,,,"2,505","1,220","1,220",100.00%,440,36.07%,780,63.93%,1.83
20260127,18,李立娟,3395,vivi0視頻-exchange,17300,MW_320x100_置底(PB)_vivi01視頻-exchange,antifroud,,,953,465,465,100.00%,300,64.52%,165,35.48%,12.26
20260127,18,第一網站股份有限公司,2768,czbooks,17927,MW_置底創意_czbook,,,,255,126,126,100.00%,116,92.06%,10,7.94%,13.23
20260127,18,時報資訊股份有限公司_工商時報,3427,工商時報-exchange,18014,MW_300x250_文末Banner1_工商時報-exchange,,知名媒體,,126,63,63,100.00%,14,22.22%,49,77.78%,0.72
20260127,18,時報資訊股份有限公司_工商時報,3427,工商時報-exchange,18015,MW_300x250_文末Banner2_工商時報-exchange,,知名媒體,,142,70,70,100.00%,0,0.00%,70,100.00%,0.00
20260127,18,第一網站股份有限公司,3440,fsa_passback_first,18201,CF_336x280_fsa_passback_first,,,,16,7,7,100.00%,0,0.00%,7,100.00%,0.00
20260127,18,第一網站股份有限公司,3440,fsa_passback_first,18202,CF_300x250_fsa_passback_first,,,,206,100,100,100.00%,52,52.00%,48,48.00%,24.15
20260127,18,冰楓科技有限公司,3485,冰楓論壇-exchange,18487,CF_970x90_內文上方第一塊_冰楓論壇-exchange,,,,51,23,23,100.00%,4,17.39%,19,82.61%,0.54
20260127,18,冰楓科技有限公司,3485,冰楓論壇-exchange,18492,MW_300x250_Banner_ 冰楓論壇-exchange,,,,22,10,10,100.00%,7,70.00%,3,30.00%,4.17
20260127,18,CBROOT LTD,3492,包子漫畫(特開流量)-exchange,18546,(子)CF_300x250_指定時段_包子漫畫(特開流量)-exchange,,,子聯播網,"2,390","1,020","1,020",100.00%,115,11.27%,905,88.73%,0.66
20260127,18,CBROOT LTD,3492,包子漫畫(特開流量)-exchange,18557,CF_300x600_指定流量_包子漫畫(特開流量PB)-exchange,,,,339,159,159,100.00%,90,56.60%,69,43.40%,29.55
20260127,18,CBROOT LTD,3510,包子漫畫_twmanga-exchange,18732,MW_336x280_Banner_包子漫畫_twmanga,,,子聯播網,"3,917","1,986","1,986",100.00%,569,28.65%,"1,417",71.35%,0.53
20260127,18,闇碼科技股份有限公司,2992,縮短網址產生器-reurl-exchange,18876,CF_首頁連結bar下方_縮短網址產生器-reurl-exchange,,知名媒體,,6,3,3,100.00%,1,33.33%,2,66.67%,1.70
20260127,18,台灣英文新聞股份有限公司,3537,台灣英文新聞(new)-exchange,18924,CF_300x250_內容頁_右側看版_1_台灣英文新聞(new)-exchange,,知名媒體,,6,2,2,100.00%,0,0.00%,2,100.00%,0.14
20260127,18,艾得基客行銷顧問股份有限公司,3373,良醫健康網,19009,MW_蓋板_良醫健康網,,知名媒體,,6,3,3,100.00%,0,0.00%,3,100.00%,0.00
20260127,18,艾得基客行銷顧問股份有限公司,3490,太報,19043,MW_置底創意(展開)_太報,,知名媒體,,32,16,16,100.00%,16,100.00%,0,0.00%,15.88
20260127,18,艾得基客行銷顧問股份有限公司,3552,玩具人,19044,MW_320x480_文中創意_玩具人,,知名媒體,,7,3,3,100.00%,2,66.67%,1,33.33%,2.24
20260127,18,第一網站股份有限公司,2783,漫畫櫃manhuagui,20685,MW_300X250_manhuagui,antifroud,,,476,234,234,100.00%,95,40.60%,139,59.40%,11.69
20260127,18,德榕企業有限公司,3578,TW Bodhi_mobile,20708,MW_蓋板_TW Bodhi,,,,36,18,18,100.00%,0,0.00%,18,100.00%,0.00
20260127,18,德榕企業有限公司,3581,忘憂書屋,20727,CF_336x280文章頁(RWD)_忘憂書屋,,,,12,6,6,100.00%,0,0.00%,6,100.00%,0.00
20260127,18,德榕企業有限公司,3582,忘憂書屋_mobile,20728,MW_文中創意300x250_忘憂書屋,,,,12,4,4,100.00%,0,0.00%,4,100.00%,0.00
20260127,18,第一網站股份有限公司,2916,KiKiNote,20731,CF_300x250_banner_kikinote (PB),,知名媒體,,20,9,9,100.00%,0,0.00%,9,100.00%,0.00
20260127,18,艾得基客行銷顧問股份有限公司,3490,太報,21317,MW_蓋版_太報,,知名媒體,,6,3,3,100.00%,3,100.00%,0,0.00%,3.81
20260127,18,第一網站股份有限公司,3440,fsa_passback_first,21699,CF_336x280_fsa_passback_first,,,,30,13,13,100.00%,4,30.77%,9,69.23%,1.12
20260127,18,富盈數據股份有限公司,3653,TVBS-女人我最大_HB,21760,MW_文章三_336x280_TVBS-女人我最大_HB,,知名媒體,,6,3,3,100.00%,2,66.67%,1,33.33%,0.67
20260127,18,富盈數據股份有限公司,3653,TVBS-女人我最大_HB,21761,MW_文章四_336x280_TVBS-女人我最大_HB,,知名媒體,,44,22,22,100.00%,15,68.18%,7,31.82%,2.93
20260127,18,富盈數據股份有限公司,3653,TVBS-女人我最大_HB,21763,MW_文中創意320x480_TVBS-女人我最大_HB,,知名媒體,,42,21,21,100.00%,18,85.71%,3,14.29%,28.23
20260127,18,富盈數據股份有限公司,3654,TVBS-健康2.0_HB,21768,MW_文中創意320x480_TVBS-健康2.0_HB,,知名媒體,,423,203,203,100.00%,144,70.94%,59,29.06%,20.12
20260127,18,富盈數據股份有限公司,3653,TVBS-女人我最大_HB,21803,MW_文章一_336x280_TVBS-女人我最大_HB,,知名媒體,,20,10,10,100.00%,9,90.00%,1,10.00%,36.20
20260127,18,儂儂雜誌社股份有限公司(bella儂儂),2135,Bella儂儂_2024,21876,MW-300x250_文章標題上方1_Bella儂儂,,知名媒體,,12,6,6,100.00%,2,33.33%,4,66.67%,6.67
20260127,18,富盈數據股份有限公司,3680,TVBS-新聞網_HB,21899,MW_文章一_336x280_TVBS-新聞網_HB,,知名媒體,,"2,653","1,317","1,317",100.00%,"1,003",76.16%,314,23.84%,7.28
20260127,18,富盈數據股份有限公司,3680,TVBS-新聞網_HB,21900,MW_文章三_336x280_TVBS-新聞網_HB,,知名媒體,,298,148,148,100.00%,95,64.19%,53,35.81%,4.92
20260127,18,富盈數據股份有限公司,3680,TVBS-新聞網_HB,21901,MW_文章四_336x280_TVBS-新聞網_HB,,知名媒體,,26,13,13,100.00%,5,38.46%,8,61.54%,0.69
20260127,18,富盈數據股份有限公司,3680,TVBS-新聞網_HB,21902,MW_文章置底_320x100_TVBS-新聞網_HB,,知名媒體,,"2,889","1,429","1,429",100.00%,591,41.36%,838,58.64%,14.53
20260127,18,富盈數據股份有限公司,3684,稅美人_mobile,21923,MW_置底創意(非展開)_稅美人-mobile,,,,132,66,66,100.00%,54,81.82%,12,18.18%,12.37
20260127,18,富盈數據股份有限公司,3685,玩桌遊_mobile,21924,MW_置底創意(非展開)_玩桌遊-mobile,,,,26,13,13,100.00%,7,53.85%,6,46.15%,1.04
20260127,18,富盈數據股份有限公司,3704,天天要聞,22030,CF_300 x 250 banner_天天要聞_cpc2,,,,763,375,375,100.00%,277,73.87%,98,26.13%,11.82
20260127,18,朱光宁,3718,稷下書院2,22092,MW_置底創意(非展開)_稷下書院2,antifroud,,,"10,165","5,046","5,046",100.00%,"4,436",87.91%,610,12.09%,22.19
20260127,18,富盈數據股份有限公司,3680,TVBS-新聞網_HB,22132,CF_文中300x250_TVBS-新聞網_HB_2,,知名媒體,,16,8,8,100.00%,5,62.50%,3,37.50%,6.96
20260127,18,富盈數據股份有限公司,3680,TVBS-新聞網_HB,22133,CF_文中300x250_TVBS-新聞網_HB_3,,知名媒體,,48,22,22,100.00%,15,68.18%,7,31.82%,11.22
20260127,18,富盈數據股份有限公司,3730,Teepr 亮新聞 HB,22145,MW_336x280_文中創意_Teepr亮新聞 HB,,,,6,3,3,100.00%,0,0.00%,3,100.00%,0.00
20260127,18,闇碼科技股份有限公司,3048,縮短網址產生器-reurl,22213,MW_蓋版_縮短網址產生器-reurl-2025.05(特殊供量),,知名媒體,,600,5,5,100.00%,1,20.00%,4,80.00%,1.27
20260127,18,艾得基客行銷顧問股份有限公司,3724,上報,22217,MW_置底創意(非展開)_上報,,知名媒體,,6,3,3,100.00%,1,33.33%,2,66.67%,41.62
20260127,18,艾得基客行銷顧問股份有限公司,3724,上報,22218,MW_置底(展開)_上報,,知名媒體,,12,6,6,100.00%,5,83.33%,1,16.67%,53.77
20260127,18,朱光宁,3741,石頭小說3,22396,MW_置底_石頭小說3,,,,30,15,15,100.00%,14,93.33%,1,6.67%,18.81
20260127,18,朱光宁,3741,石頭小說3,22398,CF_336 x 280 banner_石頭小說3_cpc1.67,,,,"1,250",621,621,100.00%,421,67.79%,200,32.21%,5.39
20260127,18,朱光宁,3741,石頭小說3,22399,CF_320 x 480 橫幅_石頭小說3,,,,18,9,9,100.00%,4,44.44%,5,55.56%,2.24
20260127,18,闇碼科技股份有限公司,3068,限時圖片-imgus,22406,MW_置底_imgus,antifroud,,,30,15,15,100.00%,10,66.67%,5,33.33%,1.09
20260127,18,第一網站股份有限公司,2783,漫畫櫃manhuagui,22443,MW_置底_manhuagui,antifroud,,,"1,410",681,681,100.00%,362,53.16%,319,46.84%,8.78
20260127,18,艾得基客行銷顧問股份有限公司,2689,Basketball Top5,22498,MW_300x250 Banner_Basketball TOP5_CPM5,,,子聯播網,12,6,6,100.00%,1,16.67%,5,83.33%,2.62
20260127,18,艾得基客行銷顧問股份有限公司,2578,鉅亨網,22507,MW_300x250_鉅亨網_直播用BN-1,,知名媒體,子聯播網,152,73,73,100.00%,24,32.88%,49,67.12%,11.71
20260127,18,技達創意資訊有限公司,1299,泰好網,4734,MW-320*100-首頁、內文上方-泰好網,,,,6,2,2,100.00%,1,50.00%,1,50.00%,2.16
20260127,18,精鏡傳媒股份有限公司,1060,鏡週刊,8250,MW_置底創意(非展開)_鏡週刊,,知名媒體,,18,9,9,100.00%,5,55.56%,4,44.44%,35.02
20260127,18,鳳梨傳媒股份有限公司,2190,民視新聞網-Exchange,8862,CF_970X90_分類新聞內頁上方_民視新聞(MCM),,知名媒體,,6,3,3,100.00%,1,33.33%,2,66.67%,0.33
