日期,小時,供應商名稱,網站,網站名稱,版位編號,版位名稱,antifroud,知名媒體,子聯播網,Total Tracked Ads,Eligible Ads for Invalid Traffic,Invalid Traffic Ads,Valid Traffic Ads,General Invalid Traffic (GIVT) Ads,Sophisticated Invalid Traffic (SIVT) Ads,Bots (SIVT) Ads,Domain Spoofing (SIVT) Ads,Hidden Ads (SIVT) Ads,% Eligible for Invalid Traffic,% Invalid Traffic Ads,% General Invalid Traffic (GIVT) Ads,% Sophisticated Invalid Traffic (SIVT) Ads,% Bots (SIVT) Ads,% Domain Spoofing (SIVT) Ads,% Hidden Ads (SIVT) Ads
20260126,15,英屬維京群島商浩美數位有限公司台灣分公司,2315,Teepr亮新聞-exchange,10012,CF_336x280Banner_Teepr亮新聞-exchange,,知名媒體,,584,584,0,584,0,0,0,0,0,100.00%,0.00%,0.00%,0.00%,0.00%,0.00%,0.00%
20260126,15,第一網站股份有限公司,2300,keketravel,10594,(子)CF_336x280_keketravel,,,子聯播網,8,8,8,0,2,6,6,0,0,100.00%,100.00%,25.00%,75.00%,75.00%,0.00%,0.00%
20260126,15,昱得資訊工作室,2528,數位書香,11080,CF_728x90_首頁上方_數位書香,antifroud,,,7,7,0,7,0,0,0,0,0,100.00%,0.00%,0.00%,0.00%,0.00%,0.00%,0.00%
20260126,15,昱得資訊工作室,2528,數位書香,11081,CF_160x600_首頁右側_數位書香,antifroud,,,444,444,0,444,0,0,0,0,0,100.00%,0.00%,0.00%,0.00%,0.00%,0.00%,0.00%
20260126,15,第一網站股份有限公司,2540,risu短網址,11260,MW-300X250-MB_page_left-risu,,知名媒體,,12,12,0,12,0,0,0,0,0,100.00%,0.00%,0.00%,0.00%,0.00%,0.00%,0.00%
20260126,15,第一網站股份有限公司,2492,ttshow,11273,MW-300X250-ttshow,,知名媒體,,12,12,0,12,0,0,0,0,0,100.00%,0.00%,0.00%,0.00%,0.00%,0.00%,0.00%
20260126,15,第一網站股份有限公司,2601,Meme梗圖倉庫,11443,CF-336X280-meme,,,,353,353,4,349,4,0,0,0,0,100.00%,1.13%,1.13%,0.00%,0.00%,0.00%,0.00%
20260126,15,艾得基客行銷顧問股份有限公司,2578,鉅亨網,12070,MW_320x480_文中創意_鉅亨網,,知名媒體,,"7,723","7,723",26,"7,697",2,24,24,0,0,100.00%,0.34%,0.03%,0.31%,0.31%,0.00%,0.00%
20260126,15,時報資訊股份有限公司,2770,中時電子報_HB,12561,MW_300x250_內頁TOP Banner_中時電子報_HB,antifroud,知名媒體,,"7,723","7,723",12,"7,711",0,12,12,0,0,100.00%,0.16%,0.00%,0.16%,0.16%,0.00%,0.00%
20260126,15,第一網站股份有限公司,2768,czbooks,12570,CF_728x90_banner_czbooks,,,,"62,942","62,942",248,"62,694",175,73,73,0,0,100.00%,0.39%,0.28%,0.12%,0.12%,0.00%,0.00%
20260126,15,鳳梨傳媒股份有限公司,2190,民視新聞網-Exchange,12579,CF_300x250_右側第一塊_民視新聞網-Exchange(RWD)(MCM),,知名媒體,,"3,963","3,962",40,"3,922",18,22,22,0,0,99.97%,1.01%,0.45%,0.56%,0.56%,0.00%,0.00%
20260126,15,鳳梨傳媒股份有限公司,2190,民視新聞網-Exchange,12580,CF_300x250_內文文中左側_民視新聞網-Exchange(RWD)(MCM),,知名媒體,,"4,391","4,391",49,"4,342",19,30,30,0,0,100.00%,1.12%,0.43%,0.68%,0.68%,0.00%,0.00%
20260126,15,第一網站股份有限公司,2783,漫畫櫃manhuagui,12676,CF_728X90_manhuagui,antifroud,,,"42,570","42,570",436,"42,134",297,139,139,0,0,100.00%,1.02%,0.70%,0.33%,0.33%,0.00%,0.00%
20260126,15,艾得基客行銷顧問股份有限公司,2635,工商時報,12761,MW_320x480_文中創意_工商時報new,,知名媒體,,310,310,0,310,0,0,0,0,0,100.00%,0.00%,0.00%,0.00%,0.00%,0.00%,0.00%
20260126,15,第一網站股份有限公司,2801,damanwoo,12868,CF-300x250_Banner_damanwoo_大人物,,,,6,6,0,6,0,0,0,0,0,100.00%,0.00%,0.00%,0.00%,0.00%,0.00%,0.00%
20260126,15,第一網站股份有限公司,2820,星座好朋友(horofriend88),12966,MW_320x100_horofriend88,antifroud,,,80,80,0,80,0,0,0,0,0,100.00%,0.00%,0.00%,0.00%,0.00%,0.00%,0.00%
20260126,15,東森電視事業股份有限公司,2014,東森新聞網,13162,MW_置底創意(展開)_東森新聞網,antifroud,知名媒體,,338,338,2,336,0,2,2,0,0,100.00%,0.59%,0.00%,0.59%,0.59%,0.00%,0.00%
20260126,15,曾憲敏,202,85小說網,13445,MW_336X280_全量1_85小說網,,,,236,236,0,236,0,0,0,0,0,100.00%,0.00%,0.00%,0.00%,0.00%,0.00%,0.00%
20260126,15,曾憲敏,202,85小說網,13446,MW_336X280_全量2_85小說網,,,,"2,703","2,703",0,"2,703",0,0,0,0,0,100.00%,0.00%,0.00%,0.00%,0.00%,0.00%,0.00%
20260126,15,曾憲敏,601,85小說網_PC,13450,(子)CF_336x280_全量2_85小說網,,,子聯播網,308,308,4,304,0,4,4,0,0,100.00%,1.30%,0.00%,1.30%,1.30%,0.00%,0.00%
20260126,15,第一網站股份有限公司,2768,czbooks,13481,MW_300x250_banner_czbooks,antifroud,,子聯播網,"45,272","45,272",106,"45,166",6,100,100,0,0,100.00%,0.23%,0.01%,0.22%,0.22%,0.00%,0.00%
20260126,15,第一網站股份有限公司,2910,clickme,13548,(子)CF_300x250_banner_clickme(一般),,,子聯播網,778,778,23,755,16,7,7,0,0,100.00%,2.96%,2.06%,0.90%,0.90%,0.00%,0.00%
20260126,15,第一網站股份有限公司,2910,clickme,13549,CF_300x250_banner_clickme(一般),,,,745,745,0,745,0,0,0,0,0,100.00%,0.00%,0.00%,0.00%,0.00%,0.00%,0.00%
20260126,15,第一網站股份有限公司,2916,KiKiNote,13576,(子)CF_300x250_banner_kikinote,,知名媒體,子聯播網,"1,872","1,872",46,"1,826",17,29,29,0,0,100.00%,2.46%,0.91%,1.55%,1.55%,0.00%,0.00%
20260126,15,闇碼科技股份有限公司,2992,縮短網址產生器-reurl-exchange,13848,CF_300x250_轉址失敗_最右邊_reurl,,知名媒體,,6,6,6,0,0,6,6,0,0,100.00%,100.00%,0.00%,100.00%,100.00%,0.00%,0.00%
20260126,15,闇碼科技股份有限公司,2992,縮短網址產生器-reurl-exchange,13856,CF_300x250_轉址失敗頁第二塊_reurl,,知名媒體,,6,6,6,0,0,6,6,0,0,100.00%,100.00%,0.00%,100.00%,100.00%,0.00%,0.00%
20260126,15,第一網站股份有限公司,2768,czbooks,13903,(子)CF_300x250_banner_czbooks(直播),antifroud,,子聯播網,"240,645","240,645","1,141","239,504",767,374,374,0,0,100.00%,0.47%,0.32%,0.16%,0.16%,0.00%,0.00%
20260126,15,第一網站股份有限公司,2768,czbooks,14036,MW_320x480_CZBOOKS,antifroud,,,666,666,0,666,0,0,0,0,0,100.00%,0.00%,0.00%,0.00%,0.00%,0.00%,0.00%
20260126,15,陳人鳳,480,飛格寵物家族_PC,1407,CF-728X90_上方通欄_飛格寵物家族,,,,26,26,7,19,0,7,7,0,0,100.00%,26.92%,0.00%,26.92%,26.92%,0.00%,0.00%
20260126,15,陳人鳳,480,飛格寵物家族_PC,1408,CF-300X250_內文_飛格寵物家族,,,,86,86,22,64,0,22,22,0,0,100.00%,25.58%,0.00%,25.58%,25.58%,0.00%,0.00%
20260126,15,東森電視事業股份有限公司,2014,東森新聞網,14097,MW_蓋版_東森新聞網,,知名媒體,,"1,893","1,893",2,"1,891",0,2,2,0,0,100.00%,0.11%,0.00%,0.11%,0.11%,0.00%,0.00%
20260126,15,闇碼科技股份有限公司,3048,縮短網址產生器-reurl,14210,MW_文中創意300x250_縮短網址產生器-reurl,,知名媒體,,146,146,34,112,13,21,21,0,0,100.00%,23.29%,8.90%,14.38%,14.38%,0.00%,0.00%
20260126,15,朱漢崴,3050,查電話_exchange,14221,MW_336x280_查電話首頁_最新回報下方 _whocll 查電話,,,,6,6,0,6,0,0,0,0,0,100.00%,0.00%,0.00%,0.00%,0.00%,0.00%,0.00%
20260126,15,富盈數據股份有限公司,3059,塔科女子,14258,CF_336x280_全網_塔科女子,,知名媒體,,132,132,0,132,0,0,0,0,0,100.00%,0.00%,0.00%,0.00%,0.00%,0.00%,0.00%
20260126,15,CBROOT LTD,3003,包子漫畫-exchange,14291,MW_300x250_蓋板(PB)_包子漫畫,,,,235,235,0,235,0,0,0,0,0,100.00%,0.00%,0.00%,0.00%,0.00%,0.00%,0.00%
20260126,15,朱光宁,3152,石頭小說-exchange,14472,MW_336x280_Banner_石頭小說,,,,"5,580","5,580",6,"5,574",0,6,6,0,0,100.00%,0.11%,0.00%,0.11%,0.11%,0.00%,0.00%
20260126,15,朱光宁,3268,稷下書院-mobile,14737,MW_置底創意(非展開)_稷下書院-mobile,,,,6,6,0,6,0,0,0,0,0,100.00%,0.00%,0.00%,0.00%,0.00%,0.00%,0.00%
20260126,15,朱光宁,3149,稷下書院-exchange,14748,MW_320x100_置底(PB)_稷下書院,,,,"19,156","19,156",206,"18,950",128,78,78,0,0,100.00%,1.08%,0.67%,0.41%,0.41%,0.00%,0.00%
20260126,15,巨思文化股份有限公司,3053,數位時代_HB,14764,MW_置底創意_(非展開)_數位時代_HB,,知名媒體,,80,80,2,78,0,2,2,0,0,100.00%,2.50%,0.00%,2.50%,2.50%,0.00%,0.00%
20260126,15,曾憲敏,3327,85小說網_創意,15228,MW-創意-85小說網,,,,403,403,0,403,0,0,0,0,0,100.00%,0.00%,0.00%,0.00%,0.00%,0.00%,0.00%
20260126,15,千晶文化事業股份有限公司,3336,Beauty 美人圈,15254,MW_置底創意(非展開)_ Beauty 美人圈,,知名媒體,,510,510,0,510,0,0,0,0,0,100.00%,0.00%,0.00%,0.00%,0.00%,0.00%,0.00%
20260126,15,中天電視股份有限公司,3282,中天新聞網-exchange,15859,CF_336x280_內頁_PC右側互動看板B-中天新聞網-exchange,,知名媒體,,"1,296","1,296",168,"1,128",118,50,50,0,0,100.00%,12.96%,9.10%,3.86%,3.86%,0.00%,0.00%
20260126,15,CBROOT LTD,3352,西瓜卡通-exchange,15970,CF_160x600_影音內容_西瓜卡通-exchange,,,,6,6,0,6,0,0,0,0,0,100.00%,0.00%,0.00%,0.00%,0.00%,0.00%,0.00%
20260126,15,朱光宁,3360,提莫書屋-exchange,16957,MW_336x280banner_提莫書屋_exchange,,,,"14,231","14,231",25,"14,206",18,7,7,0,0,100.00%,0.18%,0.13%,0.05%,0.05%,0.00%,0.00%
20260126,15,朱光宁,3361,提莫書屋-mobile,16958,MW_置底創意_提莫書屋-mobile,,,,88,88,0,88,0,0,0,0,0,100.00%,0.00%,0.00%,0.00%,0.00%,0.00%,0.00%
20260126,15,朱光宁,3361,提莫書屋-mobile,16959,MW_320x480_文中創意_提莫書屋-mobile,,,,48,48,0,48,0,0,0,0,0,100.00%,0.00%,0.00%,0.00%,0.00%,0.00%,0.00%
20260126,15,欣發現股份有限公司,3365,Hami任務牆-mobile,16969,MW_置底創意_Hami任務牆,,知名媒體,,6,6,0,6,0,0,0,0,0,100.00%,0.00%,0.00%,0.00%,0.00%,0.00%,0.00%
20260126,15,欣發現股份有限公司,3364,女子學-mobile,16972,MW_置底創意_女子學,antifroud,,,74,74,0,74,0,0,0,0,0,100.00%,0.00%,0.00%,0.00%,0.00%,0.00%,0.00%
20260126,15,欣發現股份有限公司,3363,大人物-mobile,16973,MW_置底創意_大人物,,知名媒體,,12,12,0,12,0,0,0,0,0,100.00%,0.00%,0.00%,0.00%,0.00%,0.00%,0.00%
20260126,15,第一網站股份有限公司,2783,漫畫櫃manhuagui,17027,MW_320x480_蓋版_漫畫櫃manhuagui,,,,"1,204","1,204",0,"1,204",0,0,0,0,0,100.00%,0.00%,0.00%,0.00%,0.00%,0.00%,0.00%
20260126,15,朱光宁,3268,稷下書院-mobile,17207,MW_320x480_蓋版_稷下書院-mobile,,,,"11,899","11,899",17,"11,882",3,14,14,0,0,100.00%,0.14%,0.03%,0.12%,0.12%,0.00%,0.00%
20260126,15,李立娟,3395,vivi0視頻-exchange,17293,CF_336x280_Banner_vivi01視頻-exchange,antifroud,,,"27,877","27,877",29,"27,848",15,14,14,0,0,100.00%,0.10%,0.05%,0.05%,0.05%,0.00%,0.00%
20260126,15,李立娟,3395,vivi0視頻-exchange,17294,MW_336x280_Banner_vivi01視頻-exchange,antifroud,,,"38,927","38,927",50,"38,877",18,32,32,0,0,100.00%,0.13%,0.05%,0.08%,0.08%,0.00%,0.00%
20260126,15,李立娟,3395,vivi0視頻-exchange,17300,MW_320x100_置底(PB)_vivi01視頻-exchange,antifroud,,,"47,205","47,205",64,"47,141",16,48,48,0,0,100.00%,0.14%,0.03%,0.10%,0.10%,0.00%,0.00%
20260126,15,李立娟,3397,趣聞圖說-exchange,17309,MW_336x280_文中Banner_趣聞圖說-exchange,,,,650,650,205,445,18,187,187,0,0,100.00%,31.54%,2.77%,28.77%,28.77%,0.00%,0.00%
20260126,15,曾憲敏,601,85小說網_PC,1773,CF-300x250_85小說網_內文1,,,,345,345,0,345,0,0,0,0,0,100.00%,0.00%,0.00%,0.00%,0.00%,0.00%,0.00%
20260126,15,李立娟,3396,趣聞圖說-Mobile,17923,MW_置底創意(展開)_趣聞圖說-Mobile,,,,12,12,0,12,0,0,0,0,0,100.00%,0.00%,0.00%,0.00%,0.00%,0.00%,0.00%
20260126,15,第一網站股份有限公司,2768,czbooks,17927,MW_置底創意_czbook,,,,"6,373","6,373",7,"6,366",0,7,7,0,0,100.00%,0.11%,0.00%,0.11%,0.11%,0.00%,0.00%
20260126,15,第一網站股份有限公司,3440,fsa_passback_first,18201,CF_336x280_fsa_passback_first,,,,22,22,0,22,0,0,0,0,0,100.00%,0.00%,0.00%,0.00%,0.00%,0.00%,0.00%
20260126,15,第一網站股份有限公司,3440,fsa_passback_first,18202,CF_300x250_fsa_passback_first,,,,"3,314","3,314",79,"3,235",34,45,45,0,0,100.00%,2.38%,1.03%,1.36%,1.36%,0.00%,0.00%
20260126,15,朱光宁,3268,稷下書院-mobile,18297,MW_置底創意(展開)_稷下書院-mobile,,,,112,112,1,111,0,1,1,0,0,100.00%,0.89%,0.00%,0.89%,0.89%,0.00%,0.00%
20260126,15,冰楓科技有限公司,3485,冰楓論壇-exchange,18487,CF_970x90_內文上方第一塊_冰楓論壇-exchange,,,,431,431,0,431,0,0,0,0,0,100.00%,0.00%,0.00%,0.00%,0.00%,0.00%,0.00%
20260126,15,冰楓科技有限公司,3485,冰楓論壇-exchange,18488,MW_320x100_內文上方第一塊_ 冰楓論壇-exchange,antifroud,,,18,18,0,18,0,0,0,0,0,100.00%,0.00%,0.00%,0.00%,0.00%,0.00%,0.00%
20260126,15,冰楓科技有限公司,3485,冰楓論壇-exchange,18492,MW_300x250_Banner_ 冰楓論壇-exchange,,,,190,190,0,190,0,0,0,0,0,100.00%,0.00%,0.00%,0.00%,0.00%,0.00%,0.00%
20260126,15,闇碼科技股份有限公司,3048,縮短網址產生器-reurl,18535,MW_蓋版_縮短網址產生器-reurl,,知名媒體,,19,19,0,19,0,0,0,0,0,100.00%,0.00%,0.00%,0.00%,0.00%,0.00%,0.00%
20260126,15,CBROOT LTD,3510,包子漫畫_twmanga-exchange,18732,MW_336x280_Banner_包子漫畫_twmanga,,,子聯播網,"32,290","32,290",45,"32,245",0,45,45,0,0,100.00%,0.14%,0.00%,0.14%,0.14%,0.00%,0.00%
20260126,15,CBROOT LTD,3510,包子漫畫_twmanga-exchange,18737,CF_970x90_Banner_ 包子漫畫_twmanga-exchange,,,,46,46,0,46,0,0,0,0,0,100.00%,0.00%,0.00%,0.00%,0.00%,0.00%,0.00%
20260126,15,舒禾驊,3535,荷花動漫筆記,18887,CF_336x280_文章頁文中_荷花動漫筆記,,,,22,22,0,22,0,0,0,0,0,100.00%,0.00%,0.00%,0.00%,0.00%,0.00%,0.00%
20260126,15,台灣英文新聞股份有限公司,3537,台灣英文新聞(new)-exchange,18924,CF_300x250_內容頁_右側看版_1_台灣英文新聞(new)-exchange,,知名媒體,,84,84,3,81,2,1,1,0,0,100.00%,3.57%,2.38%,1.19%,1.19%,0.00%,0.00%
20260126,15,艾得基客行銷顧問股份有限公司,3552,玩具人,19044,MW_320x480_文中創意_玩具人,,知名媒體,,30,30,0,30,0,0,0,0,0,100.00%,0.00%,0.00%,0.00%,0.00%,0.00%,0.00%
20260126,15,第一網站股份有限公司,2783,漫畫櫃manhuagui,20685,MW_300X250_manhuagui,antifroud,,,"3,317","3,317",8,"3,309",2,6,6,0,0,100.00%,0.24%,0.06%,0.18%,0.18%,0.00%,0.00%
20260126,15,德榕企業有限公司,3577,TW Bodhi,20705,(子)CF_336x280_文章頁(RWD)_TW Bodhi,antifroud,,子聯播網,12,12,0,12,0,0,0,0,0,100.00%,0.00%,0.00%,0.00%,0.00%,0.00%,0.00%
20260126,15,德榕企業有限公司,3578,TW Bodhi_mobile,20708,MW_蓋板_TW Bodhi,,,,245,245,2,243,0,2,2,0,0,100.00%,0.82%,0.00%,0.82%,0.82%,0.00%,0.00%
20260126,15,德榕企業有限公司,3578,TW Bodhi_mobile,20719,MW_文中創意300x250_TW Bodhi,,,,6,6,0,6,0,0,0,0,0,100.00%,0.00%,0.00%,0.00%,0.00%,0.00%,0.00%
20260126,15,德榕企業有限公司,3581,忘憂書屋,20727,CF_336x280文章頁(RWD)_忘憂書屋,,,,92,92,0,92,0,0,0,0,0,100.00%,0.00%,0.00%,0.00%,0.00%,0.00%,0.00%
20260126,15,德榕企業有限公司,3582,忘憂書屋_mobile,20728,MW_文中創意300x250_忘憂書屋,,,,6,6,0,6,0,0,0,0,0,100.00%,0.00%,0.00%,0.00%,0.00%,0.00%,0.00%
20260126,15,德榕企業有限公司,3582,忘憂書屋_mobile,20729,MW_蓋板_忘憂書屋,,,,6,6,0,6,0,0,0,0,0,100.00%,0.00%,0.00%,0.00%,0.00%,0.00%,0.00%
20260126,15,第一網站股份有限公司,2910,clickme,20735,(子)CF_300x250_banner_clickme(成人),,,子聯播網,"8,122","8,122",74,"8,048",34,40,40,0,0,100.00%,0.91%,0.42%,0.49%,0.49%,0.00%,0.00%
20260126,15,第一網站股份有限公司,3440,fsa_passback_first,21699,CF_336x280_fsa_passback_first,,,,"2,654","2,654",151,"2,503",0,151,151,0,0,100.00%,5.69%,0.00%,5.69%,5.69%,0.00%,0.00%
20260126,15,富盈數據股份有限公司,3653,TVBS-女人我最大_HB,21760,MW_文章三_336x280_TVBS-女人我最大_HB,,知名媒體,,12,12,0,12,0,0,0,0,0,100.00%,0.00%,0.00%,0.00%,0.00%,0.00%,0.00%
20260126,15,富盈數據股份有限公司,3653,TVBS-女人我最大_HB,21761,MW_文章四_336x280_TVBS-女人我最大_HB,,知名媒體,,262,262,0,262,0,0,0,0,0,100.00%,0.00%,0.00%,0.00%,0.00%,0.00%,0.00%
20260126,15,富盈數據股份有限公司,3653,TVBS-女人我最大_HB,21763,MW_文中創意320x480_TVBS-女人我最大_HB,,知名媒體,,110,110,0,110,0,0,0,0,0,100.00%,0.00%,0.00%,0.00%,0.00%,0.00%,0.00%
20260126,15,富盈數據股份有限公司,3654,TVBS-健康2.0_HB,21768,MW_文中創意320x480_TVBS-健康2.0_HB,,知名媒體,,"2,955","2,955",13,"2,942",0,13,13,0,0,100.00%,0.44%,0.00%,0.44%,0.44%,0.00%,0.00%
20260126,15,富盈數據股份有限公司,3655,TVBS-食尚玩家_HB,21773,MW_文中創意320x480_TVBS-食尚玩家_HB,,知名媒體,,245,245,0,245,0,0,0,0,0,100.00%,0.00%,0.00%,0.00%,0.00%,0.00%,0.00%
20260126,15,儂儂雜誌社股份有限公司(bella儂儂),2135,Bella儂儂_2024,21876,MW-300x250_文章標題上方1_Bella儂儂,,知名媒體,,532,532,0,532,0,0,0,0,0,100.00%,0.00%,0.00%,0.00%,0.00%,0.00%,0.00%
20260126,15,富盈數據股份有限公司,3684,稅美人_mobile,21923,MW_置底創意(非展開)_稅美人-mobile,,,,301,301,0,301,0,0,0,0,0,100.00%,0.00%,0.00%,0.00%,0.00%,0.00%,0.00%
20260126,15,富盈數據股份有限公司,3685,玩桌遊_mobile,21924,MW_置底創意(非展開)_玩桌遊-mobile,,,,263,263,0,263,0,0,0,0,0,100.00%,0.00%,0.00%,0.00%,0.00%,0.00%,0.00%
20260126,15,富盈數據股份有限公司,2615,熱血台中,21986,CF_336x280_全網_熱血台中,,,,6,6,0,6,0,0,0,0,0,100.00%,0.00%,0.00%,0.00%,0.00%,0.00%,0.00%
20260126,15,富盈數據股份有限公司,2615,熱血台中,21987,CF_336x280_全網_熱血台中,,,,12,12,0,12,0,0,0,0,0,100.00%,0.00%,0.00%,0.00%,0.00%,0.00%,0.00%
20260126,15,富盈數據股份有限公司,3704,天天要聞,22030,CF_300 x 250 banner_天天要聞_cpc2,,,,"1,326","1,326",2,"1,324",2,0,0,0,0,100.00%,0.15%,0.15%,0.00%,0.00%,0.00%,0.00%
20260126,15,富盈數據股份有限公司,3703,繁體小說,22031,CF_300 x 250 banner_繁體小說_cpc2,,,,148,148,3,145,0,3,3,0,0,100.00%,2.03%,0.00%,2.03%,2.03%,0.00%,0.00%
20260126,15,朱光宁,3708,石頭小說,22045,CF_336 x 280 banner_石頭小說_cpc1.67,antifroud,,,"69,599","69,599",455,"69,144",203,252,252,0,0,100.00%,0.65%,0.29%,0.36%,0.36%,0.00%,0.00%
20260126,15,噗浪股份有限公司,58,Plurk_Mobile,22054,MA_(1)300 x 250 橫幅_Plurk,,知名媒體,,6,6,0,6,0,0,0,0,0,100.00%,0.00%,0.00%,0.00%,0.00%,0.00%,0.00%
20260126,15,朱光宁,3718,稷下書院2,22093,CF_336 x 280 banner_稷下書院2_cpc1.67,antifroud,,,"65,043","65,043",282,"64,761",218,64,64,0,0,100.00%,0.43%,0.34%,0.10%,0.10%,0.00%,0.00%
20260126,15,闇碼科技股份有限公司,3048,縮短網址產生器-reurl,22213,MW_蓋版_縮短網址產生器-reurl-2025.05(特殊供量),,知名媒體,,178,178,82,96,51,31,31,0,0,100.00%,46.07%,28.65%,17.42%,17.42%,0.00%,0.00%
20260126,15,艾得基客行銷顧問股份有限公司,3724,上報,22217,MW_置底創意(非展開)_上報,,知名媒體,,383,383,2,381,0,2,2,0,0,100.00%,0.52%,0.00%,0.52%,0.52%,0.00%,0.00%
20260126,15,艾得基客行銷顧問股份有限公司,3724,上報,22218,MW_置底(展開)_上報,,知名媒體,,455,455,2,453,0,2,2,0,0,100.00%,0.44%,0.00%,0.44%,0.44%,0.00%,0.00%
20260126,15,艾得基客行銷顧問股份有限公司,2689,Basketball Top5,22219,MW_置底(展開)_Basketball TOP5,,,,56,56,0,56,0,0,0,0,0,100.00%,0.00%,0.00%,0.00%,0.00%,0.00%,0.00%
20260126,15,欣發現股份有限公司,3363,大人物-mobile,22222,MW_蓋板_大人物,,知名媒體,,50,50,8,42,0,8,8,0,0,100.00%,16.00%,0.00%,16.00%,16.00%,0.00%,0.00%
20260126,15,艾得基客行銷顧問股份有限公司,3738,痞客邦,22223,MW_中繼頁_置底創意(展開)-痞客邦_Mobile,,知名媒體,,"3,597","3,597",5,"3,592",0,5,5,0,0,100.00%,0.14%,0.00%,0.14%,0.14%,0.00%,0.00%
20260126,15,艾得基客行銷顧問股份有限公司,3738,痞客邦,22226,MW_文章頁-置底-痞客邦,,知名媒體,,"3,220","3,220",29,"3,191",8,21,21,0,0,100.00%,0.90%,0.25%,0.65%,0.65%,0.00%,0.00%
20260126,15,朱光宁,3741,石頭小說3,22396,MW_置底_石頭小說3,,,,218,218,0,218,0,0,0,0,0,100.00%,0.00%,0.00%,0.00%,0.00%,0.00%,0.00%
20260126,15,朱光宁,3741,石頭小說3,22398,CF_336 x 280 banner_石頭小說3_cpc1.67,,,,"14,196","14,196",34,"14,162",8,26,26,0,0,100.00%,0.24%,0.06%,0.18%,0.18%,0.00%,0.00%
20260126,15,朱光宁,3741,石頭小說3,22399,CF_320 x 480 橫幅_石頭小說3,,,,78,78,2,76,0,2,2,0,0,100.00%,2.56%,0.00%,2.56%,2.56%,0.00%,0.00%
20260126,15,闇碼科技股份有限公司,3068,限時圖片-imgus,22406,MW_置底_imgus,antifroud,,,246,246,0,246,0,0,0,0,0,100.00%,0.00%,0.00%,0.00%,0.00%,0.00%,0.00%
20260126,15,第一網站股份有限公司,2783,漫畫櫃manhuagui,22443,MW_置底_manhuagui,antifroud,,,"17,620","17,620",16,"17,604",4,12,12,0,0,100.00%,0.09%,0.02%,0.07%,0.07%,0.00%,0.00%
20260126,15,艾得基客行銷顧問股份有限公司,3490,太報,22495,MW_300x250 BANNER_太報_CPM5,,知名媒體,子聯播網,30,30,0,30,0,0,0,0,0,100.00%,0.00%,0.00%,0.00%,0.00%,0.00%,0.00%
20260126,15,艾得基客行銷顧問股份有限公司,2689,Basketball Top5,22498,MW_300x250 Banner_Basketball TOP5_CPM5,,,子聯播網,161,161,0,161,0,0,0,0,0,100.00%,0.00%,0.00%,0.00%,0.00%,0.00%,0.00%
20260126,15,艾得基客行銷顧問股份有限公司,2578,鉅亨網,22507,MW_300x250_鉅亨網_直播用BN-1,,知名媒體,子聯播網,"2,166","2,166",7,"2,159",0,7,7,0,0,100.00%,0.32%,0.00%,0.32%,0.32%,0.00%,0.00%
20260126,15,艾得基客行銷顧問股份有限公司,3752,ＭoneyDJ,22514,MW_文中創意320x480_MoneyDJ,antifroud,知名媒體,,32,32,0,32,0,0,0,0,0,100.00%,0.00%,0.00%,0.00%,0.00%,0.00%,0.00%
20260126,15,艾得基客行銷顧問股份有限公司,3752,ＭoneyDJ,22515,MW_300x250 BANNER_MoneyDJ,antifroud,知名媒體,,12,12,0,12,0,0,0,0,0,100.00%,0.00%,0.00%,0.00%,0.00%,0.00%,0.00%
20260126,15,李承翰-webptt,718,Web批踢踢(RWD),2284,MW-蓋板_文中_Web批踢踢,antifroud,,,45,45,12,33,12,0,0,0,0,100.00%,26.67%,26.67%,0.00%,0.00%,0.00%,0.00%
20260126,15,肖偉彬,1287,紅櫻桃小說書庫,4678,CF-內文上方-300*250-紅櫻桃小說書庫,,,,32,32,0,32,0,0,0,0,0,100.00%,0.00%,0.00%,0.00%,0.00%,0.00%,0.00%
20260126,15,肖偉彬,1287,紅櫻桃小說書庫,4717,MW_文中創意300x250_紅櫻桃小說書庫,,,,6,6,0,6,0,0,0,0,0,100.00%,0.00%,0.00%,0.00%,0.00%,0.00%,0.00%
20260126,15,技達創意資訊有限公司,1299,泰好網,4734,MW-320*100-首頁、內文上方-泰好網,,,,30,30,0,30,0,0,0,0,0,100.00%,0.00%,0.00%,0.00%,0.00%,0.00%,0.00%
20260126,15,肖偉彬,1347,雲台書屋,4923,CF-上方通欄-300*250-雲台書屋,,,,6,6,0,6,0,0,0,0,0,100.00%,0.00%,0.00%,0.00%,0.00%,0.00%,0.00%
20260126,15,陈晋福,1367,電視超人,4997,CF-300X250-電視超人,,,,63,63,0,63,0,0,0,0,0,100.00%,0.00%,0.00%,0.00%,0.00%,0.00%,0.00%
20260126,15,麥智維,999,動漫戲說,6069,CF-300*250-首頁-動漫戲說,,,,62,62,0,62,0,0,0,0,0,100.00%,0.00%,0.00%,0.00%,0.00%,0.00%,0.00%
20260126,15,精鏡傳媒股份有限公司,1060,鏡週刊,8250,MW_置底創意(非展開)_鏡週刊,,知名媒體,,184,184,0,184,0,0,0,0,0,100.00%,0.00%,0.00%,0.00%,0.00%,0.00%,0.00%
20260126,15,布林遊國際有限公司,1692,Bring You,8393,CF-300X250-上方通欄右側_BringYou,,知名媒體,,24,24,4,20,4,0,0,0,0,100.00%,16.67%,16.67%,0.00%,0.00%,0.00%,0.00%
20260126,15,巧克科技新媒體股份有限公司,2127,LINE TV_Banner-exchange,8576,CF_336x280_戲劇-右側好康資訊下方_LINE TV-exchange,,知名媒體,,41,41,11,30,9,2,2,0,0,100.00%,26.83%,21.95%,4.88%,4.88%,0.00%,0.00%
20260126,15,巧克科技新媒體股份有限公司,2127,LINE TV_Banner-exchange,8577,CF_336x280_戲劇-右側好康資訊上方_LINE TV-exchange,,知名媒體,,62,62,12,50,10,2,2,0,0,100.00%,19.35%,16.13%,3.23%,3.23%,0.00%,0.00%
20260126,15,高政德,1015,小鎮資訊,9426,(子)CF_300x250_全網指定時段_小鎮資訊,,,子聯播網,6,6,5,1,2,3,3,0,0,100.00%,83.33%,33.33%,50.00%,50.00%,0.00%,0.00%
20260126,15,高政德,1015,小鎮資訊,9597,(子)CF_300x600_全網指定時段_小鎮資訊,,,子聯播網,6,6,5,1,2,3,3,0,0,100.00%,83.33%,33.33%,50.00%,50.00%,0.00%,0.00%
20260126,16,英屬維京群島商浩美數位有限公司台灣分公司,2315,Teepr亮新聞-exchange,10012,CF_336x280Banner_Teepr亮新聞-exchange,,知名媒體,,338,338,20,318,10,10,10,0,0,100.00%,5.92%,2.96%,2.96%,2.96%,0.00%,0.00%
20260126,16,第一網站股份有限公司,2300,keketravel,10594,(子)CF_336x280_keketravel,,,子聯播網,28,28,22,6,8,14,14,0,0,100.00%,78.57%,28.57%,50.00%,50.00%,0.00%,0.00%
20260126,16,昱得資訊工作室,2528,數位書香,11080,CF_728x90_首頁上方_數位書香,antifroud,,,32,32,0,32,0,0,0,0,0,100.00%,0.00%,0.00%,0.00%,0.00%,0.00%,0.00%
20260126,16,昱得資訊工作室,2528,數位書香,11081,CF_160x600_首頁右側_數位書香,antifroud,,,502,502,0,502,0,0,0,0,0,100.00%,0.00%,0.00%,0.00%,0.00%,0.00%,0.00%
20260126,16,第一網站股份有限公司,2518,麻辣家族討論區(twbts),11082,CF-728X90-twbts,antifroud,,,468,468,0,468,0,0,0,0,0,100.00%,0.00%,0.00%,0.00%,0.00%,0.00%,0.00%
20260126,16,第一網站股份有限公司,2492,ttshow,11273,MW-300X250-ttshow,,知名媒體,,18,18,0,18,0,0,0,0,0,100.00%,0.00%,0.00%,0.00%,0.00%,0.00%,0.00%
20260126,16,第一網站股份有限公司,2601,Meme梗圖倉庫,11443,CF-336X280-meme,,,,731,731,0,731,0,0,0,0,0,100.00%,0.00%,0.00%,0.00%,0.00%,0.00%,0.00%
20260126,16,艾得基客行銷顧問股份有限公司,2578,鉅亨網,12070,MW_320x480_文中創意_鉅亨網,,知名媒體,,"10,343","10,343",42,"10,301",4,38,38,0,0,100.00%,0.41%,0.04%,0.37%,0.37%,0.00%,0.00%
20260126,16,葉志斌,2745,繁中寶可夢卡表生成器-奶爸工作室-exchange,12210,CF_728x90__文末__繁中寶可夢卡表生成器,,,,6,6,0,6,0,0,0,0,0,100.00%,0.00%,0.00%,0.00%,0.00%,0.00%,0.00%
20260126,16,冰楓科技有限公司,1710,冰楓論壇,12511,MW_300x250_Banner_冰楓論壇-exchange,,,,6,6,0,6,0,0,0,0,0,100.00%,0.00%,0.00%,0.00%,0.00%,0.00%,0.00%
20260126,16,時報資訊股份有限公司,2770,中時電子報_HB,12559,CF_300x250_右側互動看版_中時電子報_HB,,知名媒體,,622,622,18,604,7,11,11,0,0,100.00%,2.89%,1.13%,1.77%,1.77%,0.00%,0.00%
20260126,16,時報資訊股份有限公司,2770,中時電子報_HB,12560,CF_336x280_文中看板_中時電子報_HB,,知名媒體,,598,598,18,580,7,11,11,0,0,100.00%,3.01%,1.17%,1.84%,1.84%,0.00%,0.00%
20260126,16,時報資訊股份有限公司,2770,中時電子報_HB,12561,MW_300x250_內頁TOP Banner_中時電子報_HB,antifroud,知名媒體,,923,923,12,911,7,5,5,0,0,100.00%,1.30%,0.76%,0.54%,0.54%,0.00%,0.00%
20260126,16,第一網站股份有限公司,2768,czbooks,12570,CF_728x90_banner_czbooks,,,,"59,431","59,431",201,"59,230",97,104,104,0,0,100.00%,0.34%,0.16%,0.17%,0.17%,0.00%,0.00%
20260126,16,鳳梨傳媒股份有限公司,2190,民視新聞網-Exchange,12579,CF_300x250_右側第一塊_民視新聞網-Exchange(RWD)(MCM),,知名媒體,,"5,567","5,567",50,"5,517",26,24,24,0,0,100.00%,0.90%,0.47%,0.43%,0.43%,0.00%,0.00%
20260126,16,鳳梨傳媒股份有限公司,2190,民視新聞網-Exchange,12580,CF_300x250_內文文中左側_民視新聞網-Exchange(RWD)(MCM),,知名媒體,,"5,817","5,815",63,"5,752",25,38,38,0,0,99.97%,1.08%,0.43%,0.65%,0.65%,0.00%,0.00%
20260126,16,第一網站股份有限公司,2783,漫畫櫃manhuagui,12676,CF_728X90_manhuagui,antifroud,,,"56,055","56,055",314,"55,741",248,66,66,0,0,100.00%,0.56%,0.44%,0.12%,0.12%,0.00%,0.00%
20260126,16,艾得基客行銷顧問股份有限公司,2635,工商時報,12761,MW_320x480_文中創意_工商時報new,,知名媒體,,267,267,0,267,0,0,0,0,0,100.00%,0.00%,0.00%,0.00%,0.00%,0.00%,0.00%
20260126,16,金隼行銷股份有限公司,2786,91譜,12792,MW_置底創意_91譜,,知名媒體,,6,6,0,6,0,0,0,0,0,100.00%,0.00%,0.00%,0.00%,0.00%,0.00%,0.00%
20260126,16,第一網站股份有限公司,2801,damanwoo,12868,CF-300x250_Banner_damanwoo_大人物,,,,6,6,0,6,0,0,0,0,0,100.00%,0.00%,0.00%,0.00%,0.00%,0.00%,0.00%
20260126,16,永悅健康股份有限公司,2813,早安樂活,12926,MW_置底創意(展開)_早安樂活,,知名媒體,,188,188,0,188,0,0,0,0,0,100.00%,0.00%,0.00%,0.00%,0.00%,0.00%,0.00%
20260126,16,永悅健康股份有限公司,2813,早安樂活,12927,MW_置底創意(非展開)_早安樂活,,知名媒體,,216,216,0,216,0,0,0,0,0,100.00%,0.00%,0.00%,0.00%,0.00%,0.00%,0.00%
20260126,16,第一網站股份有限公司,2820,星座好朋友(horofriend88),12966,MW_320x100_horofriend88,antifroud,,,122,122,0,122,0,0,0,0,0,100.00%,0.00%,0.00%,0.00%,0.00%,0.00%,0.00%
20260126,16,時報資訊股份有限公司,2335,中時電子報_2019,12974,MW-置底創意(展開)-中時電子報_2019,antifroud,知名媒體,,14,14,0,14,0,0,0,0,0,100.00%,0.00%,0.00%,0.00%,0.00%,0.00%,0.00%
20260126,16,第一網站股份有限公司,2838,mycard,13041,MW_320x480_加倍mycard,,,,182,182,182,0,0,182,182,0,0,100.00%,100.00%,0.00%,100.00%,100.00%,0.00%,0.00%
20260126,16,曾憲敏,202,85小說網,13445,MW_336X280_全量1_85小說網,,,,359,359,0,359,0,0,0,0,0,100.00%,0.00%,0.00%,0.00%,0.00%,0.00%,0.00%
20260126,16,曾憲敏,202,85小說網,13446,MW_336X280_全量2_85小說網,,,,"2,921","2,921",0,"2,921",0,0,0,0,0,100.00%,0.00%,0.00%,0.00%,0.00%,0.00%,0.00%
20260126,16,曾憲敏,601,85小說網_PC,13450,(子)CF_336x280_全量2_85小說網,,,子聯播網,252,252,2,250,0,2,2,0,0,100.00%,0.79%,0.00%,0.79%,0.79%,0.00%,0.00%
20260126,16,第一網站股份有限公司,2768,czbooks,13482,(子)CF_300x600_banner_czbooks(限時段),,,子聯播網,98,98,0,98,0,0,0,0,0,100.00%,0.00%,0.00%,0.00%,0.00%,0.00%,0.00%
20260126,16,第一網站股份有限公司,2768,czbooks,13483,(子)CF_970x250_banner_czbooks(限時段),,,子聯播網,162,162,0,162,0,0,0,0,0,100.00%,0.00%,0.00%,0.00%,0.00%,0.00%,0.00%
20260126,16,第一網站股份有限公司,2910,clickme,13548,(子)CF_300x250_banner_clickme(一般),,,子聯播網,823,823,0,823,0,0,0,0,0,100.00%,0.00%,0.00%,0.00%,0.00%,0.00%,0.00%
20260126,16,第一網站股份有限公司,2910,clickme,13549,CF_300x250_banner_clickme(一般),,,,"1,197","1,197",14,"1,183",14,0,0,0,0,100.00%,1.17%,1.17%,0.00%,0.00%,0.00%,0.00%
20260126,16,第一網站股份有限公司,2916,KiKiNote,13576,(子)CF_300x250_banner_kikinote,,知名媒體,子聯播網,"2,195","2,195",24,"2,171",16,8,8,0,0,100.00%,1.09%,0.73%,0.36%,0.36%,0.00%,0.00%
20260126,16,闇碼科技股份有限公司,2992,縮短網址產生器-reurl-exchange,13848,CF_300x250_轉址失敗_最右邊_reurl,,知名媒體,,6,6,0,6,0,0,0,0,0,100.00%,0.00%,0.00%,0.00%,0.00%,0.00%,0.00%
20260126,16,闇碼科技股份有限公司,2992,縮短網址產生器-reurl-exchange,13856,CF_300x250_轉址失敗頁第二塊_reurl,,知名媒體,,12,12,4,8,0,4,4,0,0,100.00%,33.33%,0.00%,33.33%,33.33%,0.00%,0.00%
20260126,16,第一網站股份有限公司,2768,czbooks,13903,(子)CF_300x250_banner_czbooks(直播),antifroud,,子聯播網,"305,897","305,897","1,324","304,573",726,598,598,0,0,100.00%,0.43%,0.24%,0.20%,0.20%,0.00%,0.00%
20260126,16,艾得基客行銷顧問股份有限公司,3738,痞客邦,13928,CF_300x600_全網版位_痞客邦,,知名媒體,,58,58,4,54,4,0,0,0,0,100.00%,6.90%,6.90%,0.00%,0.00%,0.00%,0.00%
20260126,16,第一網站股份有限公司,2768,czbooks,14036,MW_320x480_CZBOOKS,antifroud,,,"1,490","1,490",1,"1,489",0,1,1,0,0,100.00%,0.07%,0.00%,0.07%,0.07%,0.00%,0.00%
20260126,16,第一網站股份有限公司,2601,Meme梗圖倉庫,14037,MW_320x480_meme,,,,6,6,0,6,0,0,0,0,0,100.00%,0.00%,0.00%,0.00%,0.00%,0.00%,0.00%
20260126,16,陳人鳳,480,飛格寵物家族_PC,1407,CF-728X90_上方通欄_飛格寵物家族,,,,48,48,5,43,0,5,5,0,0,100.00%,10.42%,0.00%,10.42%,10.42%,0.00%,0.00%
20260126,16,陳人鳳,480,飛格寵物家族_PC,1408,CF-300X250_內文_飛格寵物家族,,,,76,76,29,47,0,29,29,0,0,100.00%,38.16%,0.00%,38.16%,38.16%,0.00%,0.00%
20260126,16,飛凡傳播股份有限公司,1921,非凡新聞台-exchange,14188,MW_300x250_內文上方_非凡新聞-exchange,antifroud,知名媒體,,6,6,0,6,0,0,0,0,0,100.00%,0.00%,0.00%,0.00%,0.00%,0.00%,0.00%
20260126,16,闇碼科技股份有限公司,3048,縮短網址產生器-reurl,14210,MW_文中創意300x250_縮短網址產生器-reurl,,知名媒體,,207,207,62,145,30,32,32,0,0,100.00%,29.95%,14.49%,15.46%,15.46%,0.00%,0.00%
20260126,16,巨思文化股份有限公司,3052,經理人_HB,14238,MW_文章結束第一塊_300x250_經理人-HB,,知名媒體,,6,6,0,6,0,0,0,0,0,100.00%,0.00%,0.00%,0.00%,0.00%,0.00%,0.00%
20260126,16,巨思文化股份有限公司,3052,經理人_HB,14241,MW_300x250_內文下方_經理人-HB,,知名媒體,,6,6,0,6,0,0,0,0,0,100.00%,0.00%,0.00%,0.00%,0.00%,0.00%,0.00%
20260126,16,巨思文化股份有限公司,3053,數位時代_HB,14242,CF_300x250_內文下方左側_數位時代-HB,,知名媒體,,29,29,1,28,0,1,1,0,0,100.00%,3.45%,0.00%,3.45%,3.45%,0.00%,0.00%
20260126,16,巨思文化股份有限公司,3053,數位時代_HB,14243,CF_300x250_內文下方右側_數位時代-HB,,知名媒體,,35,35,2,33,0,2,2,0,0,100.00%,5.71%,0.00%,5.71%,5.71%,0.00%,0.00%
20260126,16,巨思文化股份有限公司,3053,數位時代_HB,14246,MW_300x250_文章結束第一塊_數位時代-HB,,知名媒體,,12,12,0,12,0,0,0,0,0,100.00%,0.00%,0.00%,0.00%,0.00%,0.00%,0.00%
20260126,16,富盈數據股份有限公司,3059,塔科女子,14258,CF_336x280_全網_塔科女子,,知名媒體,,202,202,0,202,0,0,0,0,0,100.00%,0.00%,0.00%,0.00%,0.00%,0.00%,0.00%
20260126,16,CBROOT LTD,3003,包子漫畫-exchange,14291,MW_300x250_蓋板(PB)_包子漫畫,,,,618,618,4,614,0,4,4,0,0,100.00%,0.65%,0.00%,0.65%,0.65%,0.00%,0.00%
20260126,16,朱光宁,3152,石頭小說-exchange,14472,MW_336x280_Banner_石頭小說,,,,"7,131","7,131",1,"7,130",0,1,1,0,0,100.00%,0.01%,0.00%,0.01%,0.01%,0.00%,0.00%
20260126,16,朱光宁,3149,稷下書院-exchange,14748,MW_320x100_置底(PB)_稷下書院,,,,"23,266","23,266",163,"23,103",66,97,97,0,0,100.00%,0.70%,0.28%,0.42%,0.42%,0.00%,0.00%
20260126,16,巨思文化股份有限公司,3053,數位時代_HB,14764,MW_置底創意_(非展開)_數位時代_HB,,知名媒體,,108,108,0,108,0,0,0,0,0,100.00%,0.00%,0.00%,0.00%,0.00%,0.00%,0.00%
20260126,16,中天電視股份有限公司,3282,中天新聞網-exchange,14980,CF_970x250_內頁_PC置頂橫幅-中天新聞網-exchange,,知名媒體,,52,52,8,44,8,0,0,0,0,100.00%,15.38%,15.38%,0.00%,0.00%,0.00%,0.00%
20260126,16,曾憲敏,3327,85小說網_創意,15227,MW-300X250_85小說網_隨身影音PB,,,,24,24,0,24,0,0,0,0,0,100.00%,0.00%,0.00%,0.00%,0.00%,0.00%,0.00%
20260126,16,曾憲敏,3327,85小說網_創意,15228,MW-創意-85小說網,,,,"1,248","1,248",0,"1,248",0,0,0,0,0,100.00%,0.00%,0.00%,0.00%,0.00%,0.00%,0.00%
20260126,16,中天電視股份有限公司,3282,中天新聞網-exchange,15859,CF_336x280_內頁_PC右側互動看板B-中天新聞網-exchange,,知名媒體,,870,870,100,770,80,20,20,0,0,100.00%,11.49%,9.20%,2.30%,2.30%,0.00%,0.00%
20260126,16,CBROOT LTD,3352,西瓜卡通-exchange,15969,CF_728x90_影音內容_西瓜卡通-exchange,,,,32,32,0,32,0,0,0,0,0,100.00%,0.00%,0.00%,0.00%,0.00%,0.00%,0.00%
20260126,16,CBROOT LTD,3352,西瓜卡通-exchange,15970,CF_160x600_影音內容_西瓜卡通-exchange,,,,128,128,0,128,0,0,0,0,0,100.00%,0.00%,0.00%,0.00%,0.00%,0.00%,0.00%
20260126,16,時報資訊股份有限公司,2817,旺得富,16910,CF_300x250_Billboard_1s_旺得富,,知名媒體,,6,6,0,6,0,0,0,0,0,100.00%,0.00%,0.00%,0.00%,0.00%,0.00%,0.00%
20260126,16,時報資訊股份有限公司,2817,旺得富,16911,CF_300x250_Billboard_2nd_旺得富,,知名媒體,,24,24,0,24,0,0,0,0,0,100.00%,0.00%,0.00%,0.00%,0.00%,0.00%,0.00%
20260126,16,葉志斌,2745,繁中寶可夢卡表生成器-奶爸工作室-exchange,16950,CF_160x600_Banner_繁中寶可夢卡表生成器-奶爸工作室-exchange,,,,12,12,0,12,0,0,0,0,0,100.00%,0.00%,0.00%,0.00%,0.00%,0.00%,0.00%
20260126,16,葉志斌,2745,繁中寶可夢卡表生成器-奶爸工作室-exchange,16951,CF_300x600_Banner_繁中寶可夢卡表生成器-奶爸工作室-exchange,,,,6,6,0,6,0,0,0,0,0,100.00%,0.00%,0.00%,0.00%,0.00%,0.00%,0.00%
20260126,16,朱光宁,3360,提莫書屋-exchange,16957,MW_336x280banner_提莫書屋_exchange,,,,"14,904","14,904",51,"14,853",46,5,5,0,0,100.00%,0.34%,0.31%,0.03%,0.03%,0.00%,0.00%
20260126,16,朱光宁,3361,提莫書屋-mobile,16958,MW_置底創意_提莫書屋-mobile,,,,62,62,0,62,0,0,0,0,0,100.00%,0.00%,0.00%,0.00%,0.00%,0.00%,0.00%
20260126,16,朱光宁,3361,提莫書屋-mobile,16959,MW_320x480_文中創意_提莫書屋-mobile,,,,56,56,0,56,0,0,0,0,0,100.00%,0.00%,0.00%,0.00%,0.00%,0.00%,0.00%
20260126,16,欣發現股份有限公司,3364,女子學-mobile,16972,MW_置底創意_女子學,antifroud,,,32,32,0,32,0,0,0,0,0,100.00%,0.00%,0.00%,0.00%,0.00%,0.00%,0.00%
20260126,16,欣發現股份有限公司,3363,大人物-mobile,16973,MW_置底創意_大人物,,知名媒體,,6,6,0,6,0,0,0,0,0,100.00%,0.00%,0.00%,0.00%,0.00%,0.00%,0.00%
20260126,16,第一網站股份有限公司,2783,漫畫櫃manhuagui,17027,MW_320x480_蓋版_漫畫櫃manhuagui,,,,"6,633","6,633",5,"6,628",0,5,5,0,0,100.00%,0.08%,0.00%,0.08%,0.08%,0.00%,0.00%
20260126,16,艾得基客行銷顧問股份有限公司,3373,良醫健康網,17092,MW_置底創意_良醫健康網,,知名媒體,,30,30,0,30,0,0,0,0,0,100.00%,0.00%,0.00%,0.00%,0.00%,0.00%,0.00%
20260126,16,朱光宁,3268,稷下書院-mobile,17207,MW_320x480_蓋版_稷下書院-mobile,,,,"35,486","35,486",86,"35,400",9,77,77,0,0,100.00%,0.24%,0.03%,0.22%,0.22%,0.00%,0.00%
20260126,16,中華電視股份有限公司,3389,華視-mobile,17230,MW_置底創意(非展開)_華視-mobile,,知名媒體,,6,6,0,6,0,0,0,0,0,100.00%,0.00%,0.00%,0.00%,0.00%,0.00%,0.00%
20260126,16,李立娟,3395,vivi0視頻-exchange,17293,CF_336x280_Banner_vivi01視頻-exchange,antifroud,,,"32,574","32,574",113,"32,461",20,93,93,0,0,100.00%,0.35%,0.06%,0.29%,0.29%,0.00%,0.00%
20260126,16,李立娟,3395,vivi0視頻-exchange,17294,MW_336x280_Banner_vivi01視頻-exchange,antifroud,,,"58,485","58,485",142,"58,343",28,114,114,0,0,100.00%,0.24%,0.05%,0.19%,0.19%,0.00%,0.00%
20260126,16,李立娟,3395,vivi0視頻-exchange,17299,MW_300x250_蓋板(PB)-vivi01視頻-exchange,,,,6,6,0,6,0,0,0,0,0,100.00%,0.00%,0.00%,0.00%,0.00%,0.00%,0.00%
20260126,16,李立娟,3395,vivi0視頻-exchange,17300,MW_320x100_置底(PB)_vivi01視頻-exchange,antifroud,,,"44,201","44,201",78,"44,123",12,66,66,0,0,100.00%,0.18%,0.03%,0.15%,0.15%,0.00%,0.00%
20260126,16,李立娟,3397,趣聞圖說-exchange,17309,MW_336x280_文中Banner_趣聞圖說-exchange,,,,"2,935","2,935",950,"1,985",52,898,898,0,0,100.00%,32.37%,1.77%,30.60%,30.60%,0.00%,0.00%
20260126,16,曾憲敏,601,85小說網_PC,1773,CF-300x250_85小說網_內文1,,,,442,442,8,434,0,8,8,0,0,100.00%,1.81%,0.00%,1.81%,1.81%,0.00%,0.00%
20260126,16,李立娟,3396,趣聞圖說-Mobile,17923,MW_置底創意(展開)_趣聞圖說-Mobile,,,,18,18,0,18,0,0,0,0,0,100.00%,0.00%,0.00%,0.00%,0.00%,0.00%,0.00%
20260126,16,第一網站股份有限公司,2768,czbooks,17927,MW_置底創意_czbook,,,,"17,839","17,839",28,"17,811",8,20,20,0,0,100.00%,0.16%,0.04%,0.11%,0.11%,0.00%,0.00%
20260126,16,時報資訊股份有限公司_工商時報,3427,工商時報-exchange,18003,CF_300x250_互動看板2_工商時報-exchange,,知名媒體,,8,8,1,7,0,1,1,0,0,100.00%,12.50%,0.00%,12.50%,12.50%,0.00%,0.00%
20260126,16,時報資訊股份有限公司_工商時報,3427,工商時報-exchange,18007,CF_336x280_文末右側看板_工商時報-exchange,,知名媒體,,26,26,1,25,0,1,1,0,0,100.00%,3.85%,0.00%,3.85%,3.85%,0.00%,0.00%
20260126,16,時報資訊股份有限公司_工商時報,3427,工商時報-exchange,18014,MW_300x250_文末Banner1_工商時報-exchange,,知名媒體,,106,106,0,106,0,0,0,0,0,100.00%,0.00%,0.00%,0.00%,0.00%,0.00%,0.00%
20260126,16,時報資訊股份有限公司_工商時報,3427,工商時報-exchange,18015,MW_300x250_文末Banner2_工商時報-exchange,,知名媒體,,192,192,1,191,0,1,1,0,0,100.00%,0.52%,0.00%,0.52%,0.52%,0.00%,0.00%
20260126,16,第一網站股份有限公司,3440,fsa_passback_first,18201,CF_336x280_fsa_passback_first,,,,"1,842","1,842",109,"1,733",61,48,48,0,0,100.00%,5.92%,3.31%,2.61%,2.61%,0.00%,0.00%
20260126,16,第一網站股份有限公司,3440,fsa_passback_first,18202,CF_300x250_fsa_passback_first,,,,"2,999","2,999",99,"2,900",46,53,53,0,0,100.00%,3.30%,1.53%,1.77%,1.77%,0.00%,0.00%
20260126,16,第一網站股份有限公司,3440,fsa_passback_first,18266,(子)CF_970x250_cfbanner_blog,,,子聯播網,"1,540","1,540",7,"1,533",0,7,7,0,0,100.00%,0.45%,0.00%,0.45%,0.45%,0.00%,0.00%
20260126,16,莊博凱,3455,夢遊電玩,18269,300x250 Banner,,,,6,6,0,6,0,0,0,0,0,100.00%,0.00%,0.00%,0.00%,0.00%,0.00%,0.00%
20260126,16,朱光宁,3268,稷下書院-mobile,18297,MW_置底創意(展開)_稷下書院-mobile,,,,112,112,0,112,0,0,0,0,0,100.00%,0.00%,0.00%,0.00%,0.00%,0.00%,0.00%
20260126,16,冰楓科技有限公司,3485,冰楓論壇-exchange,18487,CF_970x90_內文上方第一塊_冰楓論壇-exchange,,,,"1,071","1,071",0,"1,071",0,0,0,0,0,100.00%,0.00%,0.00%,0.00%,0.00%,0.00%,0.00%
20260126,16,冰楓科技有限公司,3485,冰楓論壇-exchange,18488,MW_320x100_內文上方第一塊_ 冰楓論壇-exchange,antifroud,,,18,18,0,18,0,0,0,0,0,100.00%,0.00%,0.00%,0.00%,0.00%,0.00%,0.00%
20260126,16,冰楓科技有限公司,3485,冰楓論壇-exchange,18491,CF_300x250_Banner_ 冰楓論壇-exchange,,,,6,6,0,6,0,0,0,0,0,100.00%,0.00%,0.00%,0.00%,0.00%,0.00%,0.00%
20260126,16,冰楓科技有限公司,3485,冰楓論壇-exchange,18492,MW_300x250_Banner_ 冰楓論壇-exchange,,,,494,494,0,494,0,0,0,0,0,100.00%,0.00%,0.00%,0.00%,0.00%,0.00%,0.00%
20260126,16,闇碼科技股份有限公司,3048,縮短網址產生器-reurl,18535,MW_蓋版_縮短網址產生器-reurl,,知名媒體,,30,30,0,30,0,0,0,0,0,100.00%,0.00%,0.00%,0.00%,0.00%,0.00%,0.00%
20260126,16,CBROOT LTD,3492,包子漫畫(特開流量)-exchange,18544,(子)CF_300x600_指定流量_包子漫畫(特開流量)-exchange,,,子聯播網,20,20,0,20,0,0,0,0,0,100.00%,0.00%,0.00%,0.00%,0.00%,0.00%,0.00%
20260126,16,CBROOT LTD,3510,包子漫畫_twmanga-exchange,18737,CF_970x90_Banner_ 包子漫畫_twmanga-exchange,,,,124,124,0,124,0,0,0,0,0,100.00%,0.00%,0.00%,0.00%,0.00%,0.00%,0.00%
20260126,16,闇碼科技股份有限公司,2992,縮短網址產生器-reurl-exchange,18876,CF_首頁連結bar下方_縮短網址產生器-reurl-exchange,,知名媒體,,6,6,0,6,0,0,0,0,0,100.00%,0.00%,0.00%,0.00%,0.00%,0.00%,0.00%
20260126,16,舒禾驊,3535,荷花動漫筆記,18887,CF_336x280_文章頁文中_荷花動漫筆記,,,,6,6,0,6,0,0,0,0,0,100.00%,0.00%,0.00%,0.00%,0.00%,0.00%,0.00%
20260126,16,台灣英文新聞股份有限公司,3537,台灣英文新聞(new)-exchange,18911,MW_300x250_首頁_ENDBANNER_5_台灣英文新聞(new)-exchange,,知名媒體,,6,6,0,6,0,0,0,0,0,100.00%,0.00%,0.00%,0.00%,0.00%,0.00%,0.00%
20260126,16,台灣英文新聞股份有限公司,3537,台灣英文新聞(new)-exchange,18912,MW_300x250_首頁_文中橫幅_2_台灣英文新聞(new)-exchange,,知名媒體,,6,6,0,6,0,0,0,0,0,100.00%,0.00%,0.00%,0.00%,0.00%,0.00%,0.00%
20260126,16,台灣英文新聞股份有限公司,3537,台灣英文新聞(new)-exchange,18914,MW_320x100_內文頁_置頂橫幅_台灣英文新聞(new)-exchange,,知名媒體,,9,9,7,2,5,2,2,0,0,100.00%,77.78%,55.56%,22.22%,22.22%,0.00%,0.00%
20260126,16,台灣英文新聞股份有限公司,3537,台灣英文新聞(new)-exchange,18924,CF_300x250_內容頁_右側看版_1_台灣英文新聞(new)-exchange,,知名媒體,,164,163,16,147,10,6,6,0,0,99.39%,9.82%,6.13%,3.68%,3.68%,0.00%,0.00%
20260126,16,艾得基客行銷顧問股份有限公司,3552,玩具人,19044,MW_320x480_文中創意_玩具人,,知名媒體,,36,36,0,36,0,0,0,0,0,100.00%,0.00%,0.00%,0.00%,0.00%,0.00%,0.00%
20260126,16,第一網站股份有限公司,2783,漫畫櫃manhuagui,20685,MW_300X250_manhuagui,antifroud,,,"6,626","6,626",33,"6,593",21,12,12,0,0,100.00%,0.50%,0.32%,0.18%,0.18%,0.00%,0.00%
20260126,16,德榕企業有限公司,3577,TW Bodhi,20705,(子)CF_336x280_文章頁(RWD)_TW Bodhi,antifroud,,子聯播網,8,8,0,8,0,0,0,0,0,100.00%,0.00%,0.00%,0.00%,0.00%,0.00%,0.00%
20260126,16,德榕企業有限公司,3578,TW Bodhi_mobile,20708,MW_蓋板_TW Bodhi,,,,316,316,0,316,0,0,0,0,0,100.00%,0.00%,0.00%,0.00%,0.00%,0.00%,0.00%
20260126,16,德榕企業有限公司,3581,忘憂書屋,20727,CF_336x280文章頁(RWD)_忘憂書屋,,,,75,75,0,75,0,0,0,0,0,100.00%,0.00%,0.00%,0.00%,0.00%,0.00%,0.00%
20260126,16,德榕企業有限公司,3582,忘憂書屋_mobile,20729,MW_蓋板_忘憂書屋,,,,6,6,0,6,0,0,0,0,0,100.00%,0.00%,0.00%,0.00%,0.00%,0.00%,0.00%
20260126,16,第一網站股份有限公司,2910,clickme,20735,(子)CF_300x250_banner_clickme(成人),,,子聯播網,"11,691","11,691",91,"11,600",58,33,33,0,0,100.00%,0.78%,0.50%,0.28%,0.28%,0.00%,0.00%
20260126,16,第一網站股份有限公司,3440,fsa_passback_first,21699,CF_336x280_fsa_passback_first,,,,"4,013","4,013",179,"3,834",2,177,177,0,0,100.00%,4.46%,0.05%,4.41%,4.41%,0.00%,0.00%
20260126,16,第一網站股份有限公司,3440,fsa_passback_first,21702,(子)CF_970x250_cfbanner_blog,,,,6,6,0,6,0,0,0,0,0,100.00%,0.00%,0.00%,0.00%,0.00%,0.00%,0.00%
20260126,16,朱光宁,3269,石頭小說-mobile,21741,MW_320x480_蓋版_石頭小說-mobile,antifroud,,,6,6,0,6,0,0,0,0,0,100.00%,0.00%,0.00%,0.00%,0.00%,0.00%,0.00%
20260126,16,富盈數據股份有限公司,3653,TVBS-女人我最大_HB,21760,MW_文章三_336x280_TVBS-女人我最大_HB,,知名媒體,,36,36,0,36,0,0,0,0,0,100.00%,0.00%,0.00%,0.00%,0.00%,0.00%,0.00%
20260126,16,富盈數據股份有限公司,3653,TVBS-女人我最大_HB,21761,MW_文章四_336x280_TVBS-女人我最大_HB,,知名媒體,,272,272,0,272,0,0,0,0,0,100.00%,0.00%,0.00%,0.00%,0.00%,0.00%,0.00%
20260126,16,富盈數據股份有限公司,3653,TVBS-女人我最大_HB,21763,MW_文中創意320x480_TVBS-女人我最大_HB,,知名媒體,,171,171,0,171,0,0,0,0,0,100.00%,0.00%,0.00%,0.00%,0.00%,0.00%,0.00%
20260126,16,富盈數據股份有限公司,3654,TVBS-健康2.0_HB,21768,MW_文中創意320x480_TVBS-健康2.0_HB,,知名媒體,,"3,655","3,655",8,"3,647",0,8,8,0,0,100.00%,0.22%,0.00%,0.22%,0.22%,0.00%,0.00%
20260126,16,富盈數據股份有限公司,3655,TVBS-食尚玩家_HB,21770,MW_文章三_336x280_TVBS-食尚玩家_HB,,知名媒體,,379,379,5,374,0,5,5,0,0,100.00%,1.32%,0.00%,1.32%,1.32%,0.00%,0.00%
20260126,16,富盈數據股份有限公司,3655,TVBS-食尚玩家_HB,21771,MW_文章四_336x280_TVBS-食尚玩家_HB,,知名媒體,,6,6,0,6,0,0,0,0,0,100.00%,0.00%,0.00%,0.00%,0.00%,0.00%,0.00%
20260126,16,富盈數據股份有限公司,3655,TVBS-食尚玩家_HB,21772,MW_文章置底_320x100_TVBS-食尚玩家_HB,,知名媒體,,6,6,0,6,0,0,0,0,0,100.00%,0.00%,0.00%,0.00%,0.00%,0.00%,0.00%
20260126,16,富盈數據股份有限公司,3655,TVBS-食尚玩家_HB,21773,MW_文中創意320x480_TVBS-食尚玩家_HB,,知名媒體,,226,226,0,226,0,0,0,0,0,100.00%,0.00%,0.00%,0.00%,0.00%,0.00%,0.00%
20260126,16,先驅媒體社會企業股份有限公司,3554,新頭殼(R18),21832,(子)CF_300x250Banner_newtalk.tw_all_300250_3_新頭殼(R18),antifroud,知名媒體,子聯播網,6,6,1,5,0,1,1,0,0,100.00%,16.67%,0.00%,16.67%,16.67%,0.00%,0.00%
20260126,16,先驅媒體社會企業股份有限公司,3554,新頭殼(R18),21833,(子)CF_300x250Banner_newtalk.tw_all_300250_4_新頭殼(R18),,知名媒體,子聯播網,6,6,0,6,0,0,0,0,0,100.00%,0.00%,0.00%,0.00%,0.00%,0.00%,0.00%
20260126,16,先驅媒體社會企業股份有限公司,3554,新頭殼(R18),21839,ＭＷ_336x280Banner_newtalk.tw_mobile_all_336280_2_新頭殼(R18),antifroud,知名媒體,,25,25,0,25,0,0,0,0,0,100.00%,0.00%,0.00%,0.00%,0.00%,0.00%,0.00%
20260126,16,儂儂雜誌社股份有限公司(bella儂儂),2135,Bella儂儂_2024,21876,MW-300x250_文章標題上方1_Bella儂儂,,知名媒體,,421,421,0,421,0,0,0,0,0,100.00%,0.00%,0.00%,0.00%,0.00%,0.00%,0.00%
20260126,16,富盈數據股份有限公司,3680,TVBS-新聞網_HB,21898,CF_文章右側300x600_TVBS-新聞網_HB,,知名媒體,,24,24,2,22,2,0,0,0,0,100.00%,8.33%,8.33%,0.00%,0.00%,0.00%,0.00%
20260126,16,富盈數據股份有限公司,3680,TVBS-新聞網_HB,21899,MW_文章一_336x280_TVBS-新聞網_HB,,知名媒體,,"2,100","2,100",6,"2,094",2,4,4,0,0,100.00%,0.29%,0.10%,0.19%,0.19%,0.00%,0.00%
20260126,16,富盈數據股份有限公司,3680,TVBS-新聞網_HB,21900,MW_文章三_336x280_TVBS-新聞網_HB,,知名媒體,,133,133,0,133,0,0,0,0,0,100.00%,0.00%,0.00%,0.00%,0.00%,0.00%,0.00%
20260126,16,富盈數據股份有限公司,3680,TVBS-新聞網_HB,21902,MW_文章置底_320x100_TVBS-新聞網_HB,,知名媒體,,"1,474","1,474",3,"1,471",0,3,3,0,0,100.00%,0.20%,0.00%,0.20%,0.20%,0.00%,0.00%
20260126,16,富盈數據股份有限公司,3684,稅美人_mobile,21923,MW_置底創意(非展開)_稅美人-mobile,,,,702,701,3,698,0,3,3,0,0,99.86%,0.43%,0.00%,0.43%,0.43%,0.00%,0.00%
20260126,16,富盈數據股份有限公司,3685,玩桌遊_mobile,21924,MW_置底創意(非展開)_玩桌遊-mobile,,,,318,318,0,318,0,0,0,0,0,100.00%,0.00%,0.00%,0.00%,0.00%,0.00%,0.00%
20260126,16,富盈數據股份有限公司,2615,熱血台中,21986,CF_336x280_全網_熱血台中,,,,56,56,0,56,0,0,0,0,0,100.00%,0.00%,0.00%,0.00%,0.00%,0.00%,0.00%
20260126,16,富盈數據股份有限公司,2615,熱血台中,21987,CF_336x280_全網_熱血台中,,,,109,109,0,109,0,0,0,0,0,100.00%,0.00%,0.00%,0.00%,0.00%,0.00%,0.00%
20260126,16,富盈數據股份有限公司,3703,繁體小說,22022,MW_置底創意(非展開)_繁體小說-mobile,,,,62,62,0,62,0,0,0,0,0,100.00%,0.00%,0.00%,0.00%,0.00%,0.00%,0.00%
20260126,16,富盈數據股份有限公司,3704,天天要聞,22030,CF_300 x 250 banner_天天要聞_cpc2,,,,717,717,3,714,0,3,3,0,0,100.00%,0.42%,0.00%,0.42%,0.42%,0.00%,0.00%
20260126,16,富盈數據股份有限公司,3703,繁體小說,22031,CF_300 x 250 banner_繁體小說_cpc2,,,,66,66,0,66,0,0,0,0,0,100.00%,0.00%,0.00%,0.00%,0.00%,0.00%,0.00%
20260126,16,朱光宁,3708,石頭小說,22045,CF_336 x 280 banner_石頭小說_cpc1.67,antifroud,,,"66,945","66,945",290,"66,655",60,230,230,0,0,100.00%,0.43%,0.09%,0.34%,0.34%,0.00%,0.00%
20260126,16,朱光宁,3718,稷下書院2,22093,CF_336 x 280 banner_稷下書院2_cpc1.67,antifroud,,,"61,753","61,753",255,"61,498",101,154,154,0,0,100.00%,0.41%,0.16%,0.25%,0.25%,0.00%,0.00%
20260126,16,艾得基客行銷顧問股份有限公司,3719,遠見雜誌,22100,MW_320x480_文中創意_遠見_健康遠見,,知名媒體,,12,12,0,12,0,0,0,0,0,100.00%,0.00%,0.00%,0.00%,0.00%,0.00%,0.00%
20260126,16,富盈數據股份有限公司,3680,TVBS-新聞網_HB,22132,CF_文中300x250_TVBS-新聞網_HB_2,,知名媒體,,42,42,2,40,2,0,0,0,0,100.00%,4.76%,4.76%,0.00%,0.00%,0.00%,0.00%
20260126,16,富盈數據股份有限公司,3680,TVBS-新聞網_HB,22133,CF_文中300x250_TVBS-新聞網_HB_3,,知名媒體,,144,144,9,135,2,7,7,0,0,100.00%,6.25%,1.39%,4.86%,4.86%,0.00%,0.00%
20260126,16,闇碼科技股份有限公司,3048,縮短網址產生器-reurl,22213,MW_蓋版_縮短網址產生器-reurl-2025.05(特殊供量),,知名媒體,,401,401,242,159,180,62,62,0,0,100.00%,60.35%,44.89%,15.46%,15.46%,0.00%,0.00%
20260126,16,艾得基客行銷顧問股份有限公司,3724,上報,22217,MW_置底創意(非展開)_上報,,知名媒體,,379,379,5,374,0,5,5,0,0,100.00%,1.32%,0.00%,1.32%,1.32%,0.00%,0.00%
20260126,16,艾得基客行銷顧問股份有限公司,3724,上報,22218,MW_置底(展開)_上報,,知名媒體,,824,824,1,823,0,1,1,0,0,100.00%,0.12%,0.00%,0.12%,0.12%,0.00%,0.00%
20260126,16,艾得基客行銷顧問股份有限公司,2689,Basketball Top5,22219,MW_置底(展開)_Basketball TOP5,,,,136,136,0,136,0,0,0,0,0,100.00%,0.00%,0.00%,0.00%,0.00%,0.00%,0.00%
20260126,16,欣發現股份有限公司,3363,大人物-mobile,22222,MW_蓋板_大人物,,知名媒體,,31,31,3,28,0,3,3,0,0,100.00%,9.68%,0.00%,9.68%,9.68%,0.00%,0.00%
20260126,16,艾得基客行銷顧問股份有限公司,3738,痞客邦,22226,MW_文章頁-置底-痞客邦,,知名媒體,,"1,195","1,195",2,"1,193",0,2,2,0,0,100.00%,0.17%,0.00%,0.17%,0.17%,0.00%,0.00%
20260126,16,朱光宁,3741,石頭小說3,22396,MW_置底_石頭小說3,,,,670,670,0,670,0,0,0,0,0,100.00%,0.00%,0.00%,0.00%,0.00%,0.00%,0.00%
20260126,16,朱光宁,3741,石頭小說3,22398,CF_336 x 280 banner_石頭小說3_cpc1.67,,,,"10,680","10,680",55,"10,625",9,46,46,0,0,100.00%,0.51%,0.08%,0.43%,0.43%,0.00%,0.00%
20260126,16,朱光宁,3741,石頭小說3,22399,CF_320 x 480 橫幅_石頭小說3,,,,382,382,0,382,0,0,0,0,0,100.00%,0.00%,0.00%,0.00%,0.00%,0.00%,0.00%
20260126,16,艾得基客行銷顧問股份有限公司,3724,上報,22405,MW_蓋版_上報,,知名媒體,,33,33,0,33,0,0,0,0,0,100.00%,0.00%,0.00%,0.00%,0.00%,0.00%,0.00%
20260126,16,闇碼科技股份有限公司,3068,限時圖片-imgus,22406,MW_置底_imgus,antifroud,,,461,461,2,459,0,2,2,0,0,100.00%,0.43%,0.00%,0.43%,0.43%,0.00%,0.00%
20260126,16,第一網站股份有限公司,2783,漫畫櫃manhuagui,22443,MW_置底_manhuagui,antifroud,,,"70,408","70,408",100,"70,308",2,98,98,0,0,100.00%,0.14%,0.00%,0.14%,0.14%,0.00%,0.00%
20260126,16,艾得基客行銷顧問股份有限公司,3490,太報,22495,MW_300x250 BANNER_太報_CPM5,,知名媒體,子聯播網,36,36,0,36,0,0,0,0,0,100.00%,0.00%,0.00%,0.00%,0.00%,0.00%,0.00%
20260126,16,艾得基客行銷顧問股份有限公司,2689,Basketball Top5,22498,MW_300x250 Banner_Basketball TOP5_CPM5,,,子聯播網,504,504,0,504,0,0,0,0,0,100.00%,0.00%,0.00%,0.00%,0.00%,0.00%,0.00%
20260126,16,艾得基客行銷顧問股份有限公司,2578,鉅亨網,22507,MW_300x250_鉅亨網_直播用BN-1,,知名媒體,子聯播網,"2,139","2,139",6,"2,133",0,6,6,0,0,100.00%,0.28%,0.00%,0.28%,0.28%,0.00%,0.00%
20260126,16,艾得基客行銷顧問股份有限公司,3752,ＭoneyDJ,22514,MW_文中創意320x480_MoneyDJ,antifroud,知名媒體,,42,42,0,42,0,0,0,0,0,100.00%,0.00%,0.00%,0.00%,0.00%,0.00%,0.00%
20260126,16,艾得基客行銷顧問股份有限公司,3752,ＭoneyDJ,22515,MW_300x250 BANNER_MoneyDJ,antifroud,知名媒體,,12,12,0,12,0,0,0,0,0,100.00%,0.00%,0.00%,0.00%,0.00%,0.00%,0.00%
20260126,16,李承翰-webptt,718,Web批踢踢(RWD),2284,MW-蓋板_文中_Web批踢踢,antifroud,,,31,31,0,31,0,0,0,0,0,100.00%,0.00%,0.00%,0.00%,0.00%,0.00%,0.00%
20260126,16,麥智維,999,動漫戲說,3543,CF-728*90-內文上方-動漫戲說,antifroud,,,51,51,0,51,0,0,0,0,0,100.00%,0.00%,0.00%,0.00%,0.00%,0.00%,0.00%
20260126,16,蔡建磊,1269,跑跑資訊站,4622,CF-300X250-內文右側-跑跑資訊站,,,,6,6,0,6,0,0,0,0,0,100.00%,0.00%,0.00%,0.00%,0.00%,0.00%,0.00%
20260126,16,肖偉彬,1287,紅櫻桃小說書庫,4678,CF-內文上方-300*250-紅櫻桃小說書庫,,,,12,12,0,12,0,0,0,0,0,100.00%,0.00%,0.00%,0.00%,0.00%,0.00%,0.00%
20260126,16,技達創意資訊有限公司,1299,泰好網,4733,CF-300*250-內文下方-泰好網,,,,24,24,0,24,0,0,0,0,0,100.00%,0.00%,0.00%,0.00%,0.00%,0.00%,0.00%
20260126,16,技達創意資訊有限公司,1299,泰好網,4734,MW-320*100-首頁、內文上方-泰好網,,,,12,12,0,12,0,0,0,0,0,100.00%,0.00%,0.00%,0.00%,0.00%,0.00%,0.00%
20260126,16,肖偉彬,1347,雲台書屋,4923,CF-上方通欄-300*250-雲台書屋,,,,12,12,0,12,0,0,0,0,0,100.00%,0.00%,0.00%,0.00%,0.00%,0.00%,0.00%
20260126,16,陈晋福,1367,電視超人,4997,CF-300X250-電視超人,,,,12,12,0,12,0,0,0,0,0,100.00%,0.00%,0.00%,0.00%,0.00%,0.00%,0.00%
20260126,16,麥智維,999,動漫戲說,6069,CF-300*250-首頁-動漫戲說,,,,152,152,6,146,4,2,2,0,0,100.00%,3.95%,2.63%,1.32%,1.32%,0.00%,0.00%
20260126,16,莊博凱,1676,夢遊電玩-exchange,6310,CF-160*600-網頁右側-夢遊電玩-exchange,,,,12,12,0,12,0,0,0,0,0,100.00%,0.00%,0.00%,0.00%,0.00%,0.00%,0.00%
20260126,16,精鏡傳媒股份有限公司,1060,鏡週刊,8250,MW_置底創意(非展開)_鏡週刊,,知名媒體,,161,161,0,161,0,0,0,0,0,100.00%,0.00%,0.00%,0.00%,0.00%,0.00%,0.00%
20260126,16,臺灣電視事業股份有限公司,52,台視,8313,PC-300x250_內文第一塊_台視財經,,知名媒體,,18,18,0,18,0,0,0,0,0,100.00%,0.00%,0.00%,0.00%,0.00%,0.00%,0.00%
20260126,16,布林遊國際有限公司,1692,Bring You,8393,CF-300X250-上方通欄右側_BringYou,,知名媒體,,18,18,0,18,0,0,0,0,0,100.00%,0.00%,0.00%,0.00%,0.00%,0.00%,0.00%
20260126,16,巧克科技新媒體股份有限公司,2127,LINE TV_Banner-exchange,8576,CF_336x280_戲劇-右側好康資訊下方_LINE TV-exchange,,知名媒體,,18,18,2,16,0,2,2,0,0,100.00%,11.11%,0.00%,11.11%,11.11%,0.00%,0.00%
20260126,16,巧克科技新媒體股份有限公司,2127,LINE TV_Banner-exchange,8577,CF_336x280_戲劇-右側好康資訊上方_LINE TV-exchange,,知名媒體,,6,6,0,6,0,0,0,0,0,100.00%,0.00%,0.00%,0.00%,0.00%,0.00%,0.00%
20260126,16,鳳梨傳媒股份有限公司,2190,民視新聞網-Exchange,8862,CF_970X90_分類新聞內頁上方_民視新聞(MCM),,知名媒體,,12,12,0,12,0,0,0,0,0,100.00%,0.00%,0.00%,0.00%,0.00%,0.00%,0.00%
20260126,16,見聞科技有限公司,2251,就是節目表,9233,MW-300x250-節目表文中-就是節目表,,,,12,12,0,12,0,0,0,0,0,100.00%,0.00%,0.00%,0.00%,0.00%,0.00%,0.00%
20260126,17,愛七桃有限公司,2152,寶可夢資訊站,10008,MW-320X100-進入道館功能框下方-寶可夢資訊站,,,,6,6,0,6,0,0,0,0,0,100.00%,0.00%,0.00%,0.00%,0.00%,0.00%,0.00%
20260126,17,英屬維京群島商浩美數位有限公司台灣分公司,2315,Teepr亮新聞-exchange,10012,CF_336x280Banner_Teepr亮新聞-exchange,,知名媒體,,341,341,20,321,10,10,10,0,0,100.00%,5.87%,2.93%,2.93%,2.93%,0.00%,0.00%
20260126,17,第一網站股份有限公司,2300,keketravel,10594,(子)CF_336x280_keketravel,,,子聯播網,6,6,0,6,0,0,0,0,0,100.00%,0.00%,0.00%,0.00%,0.00%,0.00%,0.00%
20260126,17,昱得資訊工作室,2528,數位書香,11080,CF_728x90_首頁上方_數位書香,antifroud,,,18,18,0,18,0,0,0,0,0,100.00%,0.00%,0.00%,0.00%,0.00%,0.00%,0.00%
20260126,17,昱得資訊工作室,2528,數位書香,11081,CF_160x600_首頁右側_數位書香,antifroud,,,402,402,0,402,0,0,0,0,0,100.00%,0.00%,0.00%,0.00%,0.00%,0.00%,0.00%
20260126,17,第一網站股份有限公司,2518,麻辣家族討論區(twbts),11082,CF-728X90-twbts,antifroud,,,284,284,0,284,0,0,0,0,0,100.00%,0.00%,0.00%,0.00%,0.00%,0.00%,0.00%
20260126,17,第一網站股份有限公司,2492,ttshow,11273,MW-300X250-ttshow,,知名媒體,,26,26,0,26,0,0,0,0,0,100.00%,0.00%,0.00%,0.00%,0.00%,0.00%,0.00%
20260126,17,第一網站股份有限公司,2601,Meme梗圖倉庫,11443,CF-336X280-meme,,,,724,724,0,724,0,0,0,0,0,100.00%,0.00%,0.00%,0.00%,0.00%,0.00%,0.00%
20260126,17,艾得基客行銷顧問股份有限公司,2578,鉅亨網,12070,MW_320x480_文中創意_鉅亨網,,知名媒體,,"10,211","10,211",30,"10,181",0,30,30,0,0,100.00%,0.29%,0.00%,0.29%,0.29%,0.00%,0.00%
20260126,17,葉志斌,2745,繁中寶可夢卡表生成器-奶爸工作室-exchange,12209,CF_336x280_文中_繁中寶可夢卡表生成器,,,,6,6,0,6,0,0,0,0,0,100.00%,0.00%,0.00%,0.00%,0.00%,0.00%,0.00%
20260126,17,葉志斌,2745,繁中寶可夢卡表生成器-奶爸工作室-exchange,12210,CF_728x90__文末__繁中寶可夢卡表生成器,,,,94,94,0,94,0,0,0,0,0,100.00%,0.00%,0.00%,0.00%,0.00%,0.00%,0.00%
20260126,17,時報資訊股份有限公司,2770,中時電子報_HB,12559,CF_300x250_右側互動看版_中時電子報_HB,,知名媒體,,545,545,31,514,19,12,12,0,0,100.00%,5.69%,3.49%,2.20%,2.20%,0.00%,0.00%
20260126,17,時報資訊股份有限公司,2770,中時電子報_HB,12560,CF_336x280_文中看板_中時電子報_HB,,知名媒體,,555,555,31,524,19,12,12,0,0,100.00%,5.59%,3.42%,2.16%,2.16%,0.00%,0.00%
20260126,17,時報資訊股份有限公司,2770,中時電子報_HB,12561,MW_300x250_內頁TOP Banner_中時電子報_HB,antifroud,知名媒體,,863,863,1,862,0,1,1,0,0,100.00%,0.12%,0.00%,0.12%,0.12%,0.00%,0.00%
20260126,17,第一網站股份有限公司,2768,czbooks,12570,CF_728x90_banner_czbooks,,,,"2,810","2,810",8,"2,802",0,8,8,0,0,100.00%,0.28%,0.00%,0.28%,0.28%,0.00%,0.00%
20260126,17,鳳梨傳媒股份有限公司,2190,民視新聞網-Exchange,12579,CF_300x250_右側第一塊_民視新聞網-Exchange(RWD)(MCM),,知名媒體,,"4,774","4,772",66,"4,706",33,33,33,0,0,99.96%,1.38%,0.69%,0.69%,0.69%,0.00%,0.00%
20260126,17,鳳梨傳媒股份有限公司,2190,民視新聞網-Exchange,12580,CF_300x250_內文文中左側_民視新聞網-Exchange(RWD)(MCM),,知名媒體,,"4,656","4,656",102,"4,554",44,58,58,0,0,100.00%,2.19%,0.95%,1.25%,1.25%,0.00%,0.00%
20260126,17,第一網站股份有限公司,2783,漫畫櫃manhuagui,12676,CF_728X90_manhuagui,antifroud,,,"33,627","33,627",162,"33,465",69,93,93,0,0,100.00%,0.48%,0.21%,0.28%,0.28%,0.00%,0.00%
20260126,17,艾得基客行銷顧問股份有限公司,2635,工商時報,12761,MW_320x480_文中創意_工商時報new,,知名媒體,,152,152,0,152,0,0,0,0,0,100.00%,0.00%,0.00%,0.00%,0.00%,0.00%,0.00%
20260126,17,第一網站股份有限公司,2801,damanwoo,12868,CF-300x250_Banner_damanwoo_大人物,,,,6,6,0,6,0,0,0,0,0,100.00%,0.00%,0.00%,0.00%,0.00%,0.00%,0.00%
20260126,17,艾得基客行銷顧問股份有限公司,2266,嬰兒與母親,12869,MW_置底創意_嬰兒與母親,,知名媒體,,6,6,0,6,0,0,0,0,0,100.00%,0.00%,0.00%,0.00%,0.00%,0.00%,0.00%
20260126,17,永悅健康股份有限公司,2813,早安樂活,12926,MW_置底創意(展開)_早安樂活,,知名媒體,,240,240,0,240,0,0,0,0,0,100.00%,0.00%,0.00%,0.00%,0.00%,0.00%,0.00%
20260126,17,永悅健康股份有限公司,2813,早安樂活,12927,MW_置底創意(非展開)_早安樂活,,知名媒體,,274,274,2,272,0,2,2,0,0,100.00%,0.73%,0.00%,0.73%,0.73%,0.00%,0.00%
20260126,17,第一網站股份有限公司,2820,星座好朋友(horofriend88),12966,MW_320x100_horofriend88,antifroud,,,12,12,0,12,0,0,0,0,0,100.00%,0.00%,0.00%,0.00%,0.00%,0.00%,0.00%
20260126,17,第一網站股份有限公司,2838,mycard,13041,MW_320x480_加倍mycard,,,,37,37,37,0,0,37,37,0,0,100.00%,100.00%,0.00%,100.00%,100.00%,0.00%,0.00%
20260126,17,曾憲敏,202,85小說網,13445,MW_336X280_全量1_85小說網,,,,405,405,1,404,0,1,1,0,0,100.00%,0.25%,0.00%,0.25%,0.25%,0.00%,0.00%
20260126,17,曾憲敏,202,85小說網,13446,MW_336X280_全量2_85小說網,,,,"3,507","3,507",7,"3,500",0,7,7,0,0,100.00%,0.20%,0.00%,0.20%,0.20%,0.00%,0.00%
20260126,17,第一網站股份有限公司,2768,czbooks,13482,(子)CF_300x600_banner_czbooks(限時段),,,子聯播網,173,173,0,173,0,0,0,0,0,100.00%,0.00%,0.00%,0.00%,0.00%,0.00%,0.00%
20260126,17,第一網站股份有限公司,2768,czbooks,13483,(子)CF_970x250_banner_czbooks(限時段),,,子聯播網,203,203,0,203,0,0,0,0,0,100.00%,0.00%,0.00%,0.00%,0.00%,0.00%,0.00%
20260126,17,第一網站股份有限公司,2910,clickme,13548,(子)CF_300x250_banner_clickme(一般),,,子聯播網,458,458,0,458,0,0,0,0,0,100.00%,0.00%,0.00%,0.00%,0.00%,0.00%,0.00%
20260126,17,第一網站股份有限公司,2910,clickme,13549,CF_300x250_banner_clickme(一般),,,,878,878,0,878,0,0,0,0,0,100.00%,0.00%,0.00%,0.00%,0.00%,0.00%,0.00%
20260126,17,第一網站股份有限公司,2916,KiKiNote,13576,(子)CF_300x250_banner_kikinote,,知名媒體,子聯播網,814,814,10,804,6,4,4,0,0,100.00%,1.23%,0.74%,0.49%,0.49%,0.00%,0.00%
20260126,17,闇碼科技股份有限公司,2992,縮短網址產生器-reurl-exchange,13861,CF_300x250_網址下方右側(PB)_reurl,,知名媒體,,6,6,0,6,0,0,0,0,0,100.00%,0.00%,0.00%,0.00%,0.00%,0.00%,0.00%
20260126,17,第一網站股份有限公司,2768,czbooks,13903,(子)CF_300x250_banner_czbooks(直播),antifroud,,子聯播網,"252,210","252,210","1,154","251,056",733,421,421,0,0,100.00%,0.46%,0.29%,0.17%,0.17%,0.00%,0.00%
20260126,17,第一網站股份有限公司,2768,czbooks,14036,MW_320x480_CZBOOKS,antifroud,,,974,974,0,974,0,0,0,0,0,100.00%,0.00%,0.00%,0.00%,0.00%,0.00%,0.00%
20260126,17,陳人鳳,480,飛格寵物家族_PC,1407,CF-728X90_上方通欄_飛格寵物家族,,,,56,56,3,53,0,3,3,0,0,100.00%,5.36%,0.00%,5.36%,5.36%,0.00%,0.00%
20260126,17,陳人鳳,480,飛格寵物家族_PC,1408,CF-300X250_內文_飛格寵物家族,,,,60,60,15,45,0,15,15,0,0,100.00%,25.00%,0.00%,25.00%,25.00%,0.00%,0.00%
20260126,17,闇碼科技股份有限公司,3048,縮短網址產生器-reurl,14210,MW_文中創意300x250_縮短網址產生器-reurl,,知名媒體,,145,145,19,126,13,6,6,0,0,100.00%,13.10%,8.97%,4.14%,4.14%,0.00%,0.00%
20260126,17,巨思文化股份有限公司,3052,經理人_HB,14238,MW_文章結束第一塊_300x250_經理人-HB,,知名媒體,,6,6,0,6,0,0,0,0,0,100.00%,0.00%,0.00%,0.00%,0.00%,0.00%,0.00%
20260126,17,巨思文化股份有限公司,3052,經理人_HB,14241,MW_300x250_內文下方_經理人-HB,,知名媒體,,6,6,0,6,0,0,0,0,0,100.00%,0.00%,0.00%,0.00%,0.00%,0.00%,0.00%
20260126,17,巨思文化股份有限公司,3053,數位時代_HB,14242,CF_300x250_內文下方左側_數位時代-HB,,知名媒體,,12,12,0,12,0,0,0,0,0,100.00%,0.00%,0.00%,0.00%,0.00%,0.00%,0.00%
20260126,17,巨思文化股份有限公司,3053,數位時代_HB,14243,CF_300x250_內文下方右側_數位時代-HB,,知名媒體,,12,12,0,12,0,0,0,0,0,100.00%,0.00%,0.00%,0.00%,0.00%,0.00%,0.00%
20260126,17,富盈數據股份有限公司,3059,塔科女子,14258,CF_336x280_全網_塔科女子,,知名媒體,,160,160,0,160,0,0,0,0,0,100.00%,0.00%,0.00%,0.00%,0.00%,0.00%,0.00%
20260126,17,CBROOT LTD,3003,包子漫畫-exchange,14291,MW_300x250_蓋板(PB)_包子漫畫,,,,227,227,0,227,0,0,0,0,0,100.00%,0.00%,0.00%,0.00%,0.00%,0.00%,0.00%
20260126,17,朱光宁,3152,石頭小說-exchange,14472,MW_336x280_Banner_石頭小說,,,,"2,538","2,538",2,"2,536",0,2,2,0,0,100.00%,0.08%,0.00%,0.08%,0.08%,0.00%,0.00%
20260126,17,朱光宁,3149,稷下書院-exchange,14748,MW_320x100_置底(PB)_稷下書院,,,,"25,959","25,959",173,"25,786",68,105,105,0,0,100.00%,0.67%,0.26%,0.40%,0.40%,0.00%,0.00%
20260126,17,巨思文化股份有限公司,3053,數位時代_HB,14764,MW_置底創意_(非展開)_數位時代_HB,,知名媒體,,68,68,0,68,0,0,0,0,0,100.00%,0.00%,0.00%,0.00%,0.00%,0.00%,0.00%
20260126,17,中天電視股份有限公司,3282,中天新聞網-exchange,14980,CF_970x250_內頁_PC置頂橫幅-中天新聞網-exchange,,知名媒體,,52,52,10,42,6,4,4,0,0,100.00%,19.23%,11.54%,7.69%,7.69%,0.00%,0.00%
20260126,17,曾憲敏,3327,85小說網_創意,15228,MW-創意-85小說網,,,,825,825,0,825,0,0,0,0,0,100.00%,0.00%,0.00%,0.00%,0.00%,0.00%,0.00%
20260126,17,中天電視股份有限公司,3282,中天新聞網-exchange,15859,CF_336x280_內頁_PC右側互動看板B-中天新聞網-exchange,,知名媒體,,603,603,82,521,52,30,30,0,0,100.00%,13.60%,8.62%,4.98%,4.98%,0.00%,0.00%
20260126,17,CBROOT LTD,3352,西瓜卡通-exchange,15970,CF_160x600_影音內容_西瓜卡通-exchange,,,,144,144,0,144,0,0,0,0,0,100.00%,0.00%,0.00%,0.00%,0.00%,0.00%,0.00%
20260126,17,時報資訊股份有限公司,2817,旺得富,16910,CF_300x250_Billboard_1s_旺得富,,知名媒體,,12,12,4,8,0,4,4,0,0,100.00%,33.33%,0.00%,33.33%,33.33%,0.00%,0.00%
20260126,17,時報資訊股份有限公司,2817,旺得富,16911,CF_300x250_Billboard_2nd_旺得富,,知名媒體,,12,12,0,12,0,0,0,0,0,100.00%,0.00%,0.00%,0.00%,0.00%,0.00%,0.00%
20260126,17,葉志斌,2745,繁中寶可夢卡表生成器-奶爸工作室-exchange,16950,CF_160x600_Banner_繁中寶可夢卡表生成器-奶爸工作室-exchange,,,,82,82,0,82,0,0,0,0,0,100.00%,0.00%,0.00%,0.00%,0.00%,0.00%,0.00%
20260126,17,葉志斌,2745,繁中寶可夢卡表生成器-奶爸工作室-exchange,16951,CF_300x600_Banner_繁中寶可夢卡表生成器-奶爸工作室-exchange,,,,70,70,0,70,0,0,0,0,0,100.00%,0.00%,0.00%,0.00%,0.00%,0.00%,0.00%
20260126,17,朱光宁,3360,提莫書屋-exchange,16957,MW_336x280banner_提莫書屋_exchange,,,,"16,487","16,487",42,"16,445",36,6,6,0,0,100.00%,0.25%,0.22%,0.04%,0.04%,0.00%,0.00%
20260126,17,朱光宁,3361,提莫書屋-mobile,16958,MW_置底創意_提莫書屋-mobile,,,,62,62,0,62,0,0,0,0,0,100.00%,0.00%,0.00%,0.00%,0.00%,0.00%,0.00%
20260126,17,朱光宁,3361,提莫書屋-mobile,16959,MW_320x480_文中創意_提莫書屋-mobile,,,,62,62,0,62,0,0,0,0,0,100.00%,0.00%,0.00%,0.00%,0.00%,0.00%,0.00%
20260126,17,欣發現股份有限公司,3365,Hami任務牆-mobile,16969,MW_置底創意_Hami任務牆,,知名媒體,,12,12,0,12,0,0,0,0,0,100.00%,0.00%,0.00%,0.00%,0.00%,0.00%,0.00%
20260126,17,欣發現股份有限公司,3364,女子學-mobile,16972,MW_置底創意_女子學,antifroud,,,6,6,0,6,0,0,0,0,0,100.00%,0.00%,0.00%,0.00%,0.00%,0.00%,0.00%
20260126,17,欣發現股份有限公司,3363,大人物-mobile,16973,MW_置底創意_大人物,,知名媒體,,6,6,0,6,0,0,0,0,0,100.00%,0.00%,0.00%,0.00%,0.00%,0.00%,0.00%
20260126,17,第一網站股份有限公司,2820,星座好朋友(horofriend88),17026,MW_320x480_蓋版_星座好朋友(horofriend88),antifroud,,,6,6,0,6,0,0,0,0,0,100.00%,0.00%,0.00%,0.00%,0.00%,0.00%,0.00%
20260126,17,第一網站股份有限公司,2783,漫畫櫃manhuagui,17027,MW_320x480_蓋版_漫畫櫃manhuagui,,,,"4,217","4,217",2,"4,215",0,2,2,0,0,100.00%,0.05%,0.00%,0.05%,0.05%,0.00%,0.00%
20260126,17,朱光宁,3268,稷下書院-mobile,17207,MW_320x480_蓋版_稷下書院-mobile,,,,"27,701","27,701",48,"27,653",8,40,40,0,0,100.00%,0.17%,0.03%,0.14%,0.14%,0.00%,0.00%
20260126,17,李立娟,3395,vivi0視頻-exchange,17293,CF_336x280_Banner_vivi01視頻-exchange,antifroud,,,"25,261","25,261",32,"25,229",2,30,30,0,0,100.00%,0.13%,0.01%,0.12%,0.12%,0.00%,0.00%
20260126,17,李立娟,3395,vivi0視頻-exchange,17294,MW_336x280_Banner_vivi01視頻-exchange,antifroud,,,"46,800","46,800",84,"46,716",15,69,69,0,0,100.00%,0.18%,0.03%,0.15%,0.15%,0.00%,0.00%
20260126,17,李立娟,3395,vivi0視頻-exchange,17300,MW_320x100_置底(PB)_vivi01視頻-exchange,antifroud,,,"2,237","2,237",23,"2,214",5,18,18,0,0,100.00%,1.03%,0.22%,0.80%,0.80%,0.00%,0.00%
20260126,17,李立娟,3397,趣聞圖說-exchange,17309,MW_336x280_文中Banner_趣聞圖說-exchange,,,,982,982,341,641,26,315,315,0,0,100.00%,34.73%,2.65%,32.08%,32.08%,0.00%,0.00%
20260126,17,曾憲敏,601,85小說網_PC,1773,CF-300x250_85小說網_內文1,,,,180,180,6,174,0,6,6,0,0,100.00%,3.33%,0.00%,3.33%,3.33%,0.00%,0.00%
20260126,17,李立娟,3396,趣聞圖說-Mobile,17923,MW_置底創意(展開)_趣聞圖說-Mobile,,,,6,6,0,6,0,0,0,0,0,100.00%,0.00%,0.00%,0.00%,0.00%,0.00%,0.00%
20260126,17,第一網站股份有限公司,2768,czbooks,17927,MW_置底創意_czbook,,,,"15,939","15,939",30,"15,909",0,30,30,0,0,100.00%,0.19%,0.00%,0.19%,0.19%,0.00%,0.00%
20260126,17,時報資訊股份有限公司_工商時報,3427,工商時報-exchange,18003,CF_300x250_互動看板2_工商時報-exchange,,知名媒體,,12,12,2,10,0,2,2,0,0,100.00%,16.67%,0.00%,16.67%,16.67%,0.00%,0.00%
20260126,17,時報資訊股份有限公司_工商時報,3427,工商時報-exchange,18007,CF_336x280_文末右側看板_工商時報-exchange,,知名媒體,,20,20,2,18,0,2,2,0,0,100.00%,10.00%,0.00%,10.00%,10.00%,0.00%,0.00%
20260126,17,時報資訊股份有限公司_工商時報,3427,工商時報-exchange,18014,MW_300x250_文末Banner1_工商時報-exchange,,知名媒體,,80,80,2,78,0,2,2,0,0,100.00%,2.50%,0.00%,2.50%,2.50%,0.00%,0.00%
20260126,17,時報資訊股份有限公司_工商時報,3427,工商時報-exchange,18015,MW_300x250_文末Banner2_工商時報-exchange,,知名媒體,,137,137,0,137,0,0,0,0,0,100.00%,0.00%,0.00%,0.00%,0.00%,0.00%,0.00%
20260126,17,第一網站股份有限公司,3440,fsa_passback_first,18201,CF_336x280_fsa_passback_first,,,,200,200,0,200,0,0,0,0,0,100.00%,0.00%,0.00%,0.00%,0.00%,0.00%,0.00%
20260126,17,第一網站股份有限公司,3440,fsa_passback_first,18202,CF_300x250_fsa_passback_first,,,,"3,803","3,803",139,"3,664",49,90,90,0,0,100.00%,3.66%,1.29%,2.37%,2.37%,0.00%,0.00%
20260126,17,第一網站股份有限公司,3440,fsa_passback_first,18266,(子)CF_970x250_cfbanner_blog,,,子聯播網,"2,162","2,162",0,"2,162",0,0,0,0,0,100.00%,0.00%,0.00%,0.00%,0.00%,0.00%,0.00%
20260126,17,莊博凱,3455,夢遊電玩,18269,300x250 Banner,,,,6,6,0,6,0,0,0,0,0,100.00%,0.00%,0.00%,0.00%,0.00%,0.00%,0.00%
20260126,17,時報資訊股份有限公司_工商時報,3427,工商時報-exchange,18278,CF_336x280_文中-MiddleBillboard_工商時報-exchange,,知名媒體,,8,8,0,8,0,0,0,0,0,100.00%,0.00%,0.00%,0.00%,0.00%,0.00%,0.00%
20260126,17,朱光宁,3268,稷下書院-mobile,18297,MW_置底創意(展開)_稷下書院-mobile,,,,110,110,0,110,0,0,0,0,0,100.00%,0.00%,0.00%,0.00%,0.00%,0.00%,0.00%
20260126,17,冰楓科技有限公司,3485,冰楓論壇-exchange,18487,CF_970x90_內文上方第一塊_冰楓論壇-exchange,,,,814,814,0,814,0,0,0,0,0,100.00%,0.00%,0.00%,0.00%,0.00%,0.00%,0.00%
20260126,17,冰楓科技有限公司,3485,冰楓論壇-exchange,18488,MW_320x100_內文上方第一塊_ 冰楓論壇-exchange,antifroud,,,6,6,0,6,0,0,0,0,0,100.00%,0.00%,0.00%,0.00%,0.00%,0.00%,0.00%
20260126,17,冰楓科技有限公司,3485,冰楓論壇-exchange,18492,MW_300x250_Banner_ 冰楓論壇-exchange,,,,390,390,4,386,4,0,0,0,0,100.00%,1.03%,1.03%,0.00%,0.00%,0.00%,0.00%
20260126,17,闇碼科技股份有限公司,3048,縮短網址產生器-reurl,18535,MW_蓋版_縮短網址產生器-reurl,,知名媒體,,24,24,0,24,0,0,0,0,0,100.00%,0.00%,0.00%,0.00%,0.00%,0.00%,0.00%
20260126,17,CBROOT LTD,3492,包子漫畫(特開流量)-exchange,18544,(子)CF_300x600_指定流量_包子漫畫(特開流量)-exchange,,,子聯播網,78,78,0,78,0,0,0,0,0,100.00%,0.00%,0.00%,0.00%,0.00%,0.00%,0.00%
20260126,17,CBROOT LTD,3510,包子漫畫_twmanga-exchange,18737,CF_970x90_Banner_ 包子漫畫_twmanga-exchange,,,,58,58,1,57,0,1,1,0,0,100.00%,1.72%,0.00%,1.72%,1.72%,0.00%,0.00%
20260126,17,台灣英文新聞股份有限公司,3537,台灣英文新聞(new)-exchange,18911,MW_300x250_首頁_ENDBANNER_5_台灣英文新聞(new)-exchange,,知名媒體,,6,6,0,6,0,0,0,0,0,100.00%,0.00%,0.00%,0.00%,0.00%,0.00%,0.00%
20260126,17,台灣英文新聞股份有限公司,3537,台灣英文新聞(new)-exchange,18924,CF_300x250_內容頁_右側看版_1_台灣英文新聞(new)-exchange,,知名媒體,,183,183,25,158,20,5,5,0,0,100.00%,13.66%,10.93%,2.73%,2.73%,0.00%,0.00%
20260126,17,艾得基客行銷顧問股份有限公司,3373,良醫健康網,19009,MW_蓋板_良醫健康網,,知名媒體,,125,125,0,125,0,0,0,0,0,100.00%,0.00%,0.00%,0.00%,0.00%,0.00%,0.00%
20260126,17,艾得基客行銷顧問股份有限公司,3373,良醫健康網,19010,MW_300x250_文中_良醫健康網,,知名媒體,,6,6,0,6,0,0,0,0,0,100.00%,0.00%,0.00%,0.00%,0.00%,0.00%,0.00%
20260126,17,聯合線上股份有限公司,3549,UDN元氣網,19018,CF_首頁文章推薦第三格300x250_UDN元氣網,,知名媒體,,6,6,0,6,0,0,0,0,0,100.00%,0.00%,0.00%,0.00%,0.00%,0.00%,0.00%
20260126,17,艾得基客行銷顧問股份有限公司,3552,玩具人,19044,MW_320x480_文中創意_玩具人,,知名媒體,,38,38,0,38,0,0,0,0,0,100.00%,0.00%,0.00%,0.00%,0.00%,0.00%,0.00%
20260126,17,第一網站股份有限公司,2783,漫畫櫃manhuagui,20685,MW_300X250_manhuagui,antifroud,,,"2,353","2,353",0,"2,353",0,0,0,0,0,100.00%,0.00%,0.00%,0.00%,0.00%,0.00%,0.00%
20260126,17,德榕企業有限公司,3578,TW Bodhi_mobile,20708,MW_蓋板_TW Bodhi,,,,248,248,0,248,0,0,0,0,0,100.00%,0.00%,0.00%,0.00%,0.00%,0.00%,0.00%
20260126,17,德榕企業有限公司,3578,TW Bodhi_mobile,20719,MW_文中創意300x250_TW Bodhi,,,,6,6,0,6,0,0,0,0,0,100.00%,0.00%,0.00%,0.00%,0.00%,0.00%,0.00%
20260126,17,德榕企業有限公司,3581,忘憂書屋,20727,CF_336x280文章頁(RWD)_忘憂書屋,,,,12,12,0,12,0,0,0,0,0,100.00%,0.00%,0.00%,0.00%,0.00%,0.00%,0.00%
20260126,17,德榕企業有限公司,3582,忘憂書屋_mobile,20728,MW_文中創意300x250_忘憂書屋,,,,83,83,0,83,0,0,0,0,0,100.00%,0.00%,0.00%,0.00%,0.00%,0.00%,0.00%
20260126,17,德榕企業有限公司,3582,忘憂書屋_mobile,20729,MW_蓋板_忘憂書屋,,,,6,6,0,6,0,0,0,0,0,100.00%,0.00%,0.00%,0.00%,0.00%,0.00%,0.00%
20260126,17,第一網站股份有限公司,2910,clickme,20735,(子)CF_300x250_banner_clickme(成人),,,子聯播網,"4,750","4,750",17,"4,733",17,0,0,0,0,100.00%,0.36%,0.36%,0.00%,0.00%,0.00%,0.00%
20260126,17,第一網站股份有限公司,3440,fsa_passback_first,21699,CF_336x280_fsa_passback_first,,,,"2,141","2,141",60,"2,081",17,43,43,0,0,100.00%,2.80%,0.79%,2.01%,2.01%,0.00%,0.00%
20260126,17,朱光宁,3269,石頭小說-mobile,21741,MW_320x480_蓋版_石頭小說-mobile,antifroud,,,13,13,0,13,0,0,0,0,0,100.00%,0.00%,0.00%,0.00%,0.00%,0.00%,0.00%
20260126,17,富盈數據股份有限公司,3653,TVBS-女人我最大_HB,21760,MW_文章三_336x280_TVBS-女人我最大_HB,,知名媒體,,160,160,0,160,0,0,0,0,0,100.00%,0.00%,0.00%,0.00%,0.00%,0.00%,0.00%
20260126,17,富盈數據股份有限公司,3653,TVBS-女人我最大_HB,21761,MW_文章四_336x280_TVBS-女人我最大_HB,,知名媒體,,784,784,2,782,0,2,2,0,0,100.00%,0.26%,0.00%,0.26%,0.26%,0.00%,0.00%
20260126,17,富盈數據股份有限公司,3653,TVBS-女人我最大_HB,21763,MW_文中創意320x480_TVBS-女人我最大_HB,,知名媒體,,790,790,2,788,0,2,2,0,0,100.00%,0.25%,0.00%,0.25%,0.25%,0.00%,0.00%
20260126,17,富盈數據股份有限公司,3654,TVBS-健康2.0_HB,21768,MW_文中創意320x480_TVBS-健康2.0_HB,,知名媒體,,"3,834","3,834",7,"3,827",0,7,7,0,0,100.00%,0.18%,0.00%,0.18%,0.18%,0.00%,0.00%
20260126,17,富盈數據股份有限公司,3655,TVBS-食尚玩家_HB,21770,MW_文章三_336x280_TVBS-食尚玩家_HB,,知名媒體,,325,325,0,325,0,0,0,0,0,100.00%,0.00%,0.00%,0.00%,0.00%,0.00%,0.00%
20260126,17,富盈數據股份有限公司,3655,TVBS-食尚玩家_HB,21771,MW_文章四_336x280_TVBS-食尚玩家_HB,,知名媒體,,6,6,1,5,0,1,1,0,0,100.00%,16.67%,0.00%,16.67%,16.67%,0.00%,0.00%
20260126,17,富盈數據股份有限公司,3655,TVBS-食尚玩家_HB,21772,MW_文章置底_320x100_TVBS-食尚玩家_HB,,知名媒體,,12,12,2,10,0,2,2,0,0,100.00%,16.67%,0.00%,16.67%,16.67%,0.00%,0.00%
20260126,17,富盈數據股份有限公司,3655,TVBS-食尚玩家_HB,21773,MW_文中創意320x480_TVBS-食尚玩家_HB,,知名媒體,,159,159,2,157,0,2,2,0,0,100.00%,1.26%,0.00%,1.26%,1.26%,0.00%,0.00%
20260126,17,先驅媒體社會企業股份有限公司,3554,新頭殼(R18),21830,(子)CF_300x250Banner_newtalk.tw_all_300250_1_新頭殼(R18),antifroud,知名媒體,子聯播網,6,6,0,6,0,0,0,0,0,100.00%,0.00%,0.00%,0.00%,0.00%,0.00%,0.00%
20260126,17,先驅媒體社會企業股份有限公司,3554,新頭殼(R18),21839,ＭＷ_336x280Banner_newtalk.tw_mobile_all_336280_2_新頭殼(R18),antifroud,知名媒體,,6,6,0,6,0,0,0,0,0,100.00%,0.00%,0.00%,0.00%,0.00%,0.00%,0.00%
20260126,17,儂儂雜誌社股份有限公司(bella儂儂),2135,Bella儂儂_2024,21876,MW-300x250_文章標題上方1_Bella儂儂,,知名媒體,,442,442,0,442,0,0,0,0,0,100.00%,0.00%,0.00%,0.00%,0.00%,0.00%,0.00%
20260126,17,富盈數據股份有限公司,3680,TVBS-新聞網_HB,21898,CF_文章右側300x600_TVBS-新聞網_HB,,知名媒體,,14,14,2,12,0,2,2,0,0,100.00%,14.29%,0.00%,14.29%,14.29%,0.00%,0.00%
20260126,17,富盈數據股份有限公司,3680,TVBS-新聞網_HB,21899,MW_文章一_336x280_TVBS-新聞網_HB,,知名媒體,,"2,333","2,333",8,"2,325",4,4,4,0,0,100.00%,0.34%,0.17%,0.17%,0.17%,0.00%,0.00%
20260126,17,富盈數據股份有限公司,3680,TVBS-新聞網_HB,21900,MW_文章三_336x280_TVBS-新聞網_HB,,知名媒體,,144,144,0,144,0,0,0,0,0,100.00%,0.00%,0.00%,0.00%,0.00%,0.00%,0.00%
20260126,17,富盈數據股份有限公司,3680,TVBS-新聞網_HB,21902,MW_文章置底_320x100_TVBS-新聞網_HB,,知名媒體,,"1,718","1,718",11,"1,707",4,7,7,0,0,100.00%,0.64%,0.23%,0.41%,0.41%,0.00%,0.00%
20260126,17,富盈數據股份有限公司,3684,稅美人_mobile,21923,MW_置底創意(非展開)_稅美人-mobile,,,,"2,937","2,937",3,"2,934",0,3,3,0,0,100.00%,0.10%,0.00%,0.10%,0.10%,0.00%,0.00%
20260126,17,富盈數據股份有限公司,3685,玩桌遊_mobile,21924,MW_置底創意(非展開)_玩桌遊-mobile,,,,261,261,0,261,0,0,0,0,0,100.00%,0.00%,0.00%,0.00%,0.00%,0.00%,0.00%
20260126,17,富盈數據股份有限公司,2615,熱血台中,21986,CF_336x280_全網_熱血台中,,,,56,56,0,56,0,0,0,0,0,100.00%,0.00%,0.00%,0.00%,0.00%,0.00%,0.00%
20260126,17,富盈數據股份有限公司,2615,熱血台中,21987,CF_336x280_全網_熱血台中,,,,80,80,0,80,0,0,0,0,0,100.00%,0.00%,0.00%,0.00%,0.00%,0.00%,0.00%
20260126,17,富盈數據股份有限公司,3703,繁體小說,22022,MW_置底創意(非展開)_繁體小說-mobile,,,,42,42,0,42,0,0,0,0,0,100.00%,0.00%,0.00%,0.00%,0.00%,0.00%,0.00%
20260126,17,富盈數據股份有限公司,3704,天天要聞,22030,CF_300 x 250 banner_天天要聞_cpc2,,,,812,812,2,810,0,2,2,0,0,100.00%,0.25%,0.00%,0.25%,0.25%,0.00%,0.00%
20260126,17,富盈數據股份有限公司,3703,繁體小說,22031,CF_300 x 250 banner_繁體小說_cpc2,,,,50,50,0,50,0,0,0,0,0,100.00%,0.00%,0.00%,0.00%,0.00%,0.00%,0.00%
20260126,17,朱光宁,3708,石頭小說,22045,CF_336 x 280 banner_石頭小說_cpc1.67,antifroud,,,"1,059","1,059",0,"1,059",0,0,0,0,0,100.00%,0.00%,0.00%,0.00%,0.00%,0.00%,0.00%
20260126,17,冠妍動力科技有限公司,484,小老婆汽機車資訊網,22058,MW_文中創意320x480_小老婆汽機車資訊網-測試,,知名媒體,,6,6,0,6,0,0,0,0,0,100.00%,0.00%,0.00%,0.00%,0.00%,0.00%,0.00%
20260126,17,朱光宁,3718,稷下書院2,22093,CF_336 x 280 banner_稷下書院2_cpc1.67,antifroud,,,"1,064","1,064",44,"1,020",0,44,44,0,0,100.00%,4.14%,0.00%,4.14%,4.14%,0.00%,0.00%
20260126,17,艾得基客行銷顧問股份有限公司,3719,遠見雜誌,22100,MW_320x480_文中創意_遠見_健康遠見,,知名媒體,,12,12,0,12,0,0,0,0,0,100.00%,0.00%,0.00%,0.00%,0.00%,0.00%,0.00%
20260126,17,富盈數據股份有限公司,3680,TVBS-新聞網_HB,22131,CF_文中300x250_TVBS-新聞網_HB_1,,知名媒體,,6,6,0,6,0,0,0,0,0,100.00%,0.00%,0.00%,0.00%,0.00%,0.00%,0.00%
20260126,17,富盈數據股份有限公司,3680,TVBS-新聞網_HB,22132,CF_文中300x250_TVBS-新聞網_HB_2,,知名媒體,,30,30,2,28,0,2,2,0,0,100.00%,6.67%,0.00%,6.67%,6.67%,0.00%,0.00%
20260126,17,富盈數據股份有限公司,3680,TVBS-新聞網_HB,22133,CF_文中300x250_TVBS-新聞網_HB_3,,知名媒體,,126,126,3,123,0,3,3,0,0,100.00%,2.38%,0.00%,2.38%,2.38%,0.00%,0.00%
20260126,17,冰楓科技有限公司,3485,冰楓論壇-exchange,22160,CF_300x250_Banner2_ 冰楓論壇-exchange,,,,6,6,0,6,0,0,0,0,0,100.00%,0.00%,0.00%,0.00%,0.00%,0.00%,0.00%
20260126,17,闇碼科技股份有限公司,3048,縮短網址產生器-reurl,22213,MW_蓋版_縮短網址產生器-reurl-2025.05(特殊供量),,知名媒體,,564,564,456,108,435,21,21,0,0,100.00%,80.85%,77.13%,3.72%,3.72%,0.00%,0.00%
20260126,17,艾得基客行銷顧問股份有限公司,3724,上報,22217,MW_置底創意(非展開)_上報,,知名媒體,,664,664,8,656,2,6,6,0,0,100.00%,1.20%,0.30%,0.90%,0.90%,0.00%,0.00%
20260126,17,艾得基客行銷顧問股份有限公司,3724,上報,22218,MW_置底(展開)_上報,,知名媒體,,587,587,0,587,0,0,0,0,0,100.00%,0.00%,0.00%,0.00%,0.00%,0.00%,0.00%
20260126,17,艾得基客行銷顧問股份有限公司,2689,Basketball Top5,22219,MW_置底(展開)_Basketball TOP5,,,,224,224,3,221,0,3,3,0,0,100.00%,1.34%,0.00%,1.34%,1.34%,0.00%,0.00%
20260126,17,欣發現股份有限公司,3363,大人物-mobile,22222,MW_蓋板_大人物,,知名媒體,,6,6,2,4,0,2,2,0,0,100.00%,33.33%,0.00%,33.33%,33.33%,0.00%,0.00%
20260126,17,朱光宁,3741,石頭小說3,22396,MW_置底_石頭小說3,,,,492,492,0,492,0,0,0,0,0,100.00%,0.00%,0.00%,0.00%,0.00%,0.00%,0.00%
20260126,17,朱光宁,3741,石頭小說3,22398,CF_336 x 280 banner_石頭小說3_cpc1.67,,,,690,690,2,688,0,2,2,0,0,100.00%,0.29%,0.00%,0.29%,0.29%,0.00%,0.00%
20260126,17,朱光宁,3741,石頭小說3,22399,CF_320 x 480 橫幅_石頭小說3,,,,318,318,2,316,0,2,2,0,0,100.00%,0.63%,0.00%,0.63%,0.63%,0.00%,0.00%
20260126,17,艾得基客行銷顧問股份有限公司,2825,科技紫薇,22403,MW_蓋版_科技紫微,,,,18,18,0,18,0,0,0,0,0,100.00%,0.00%,0.00%,0.00%,0.00%,0.00%,0.00%
20260126,17,艾得基客行銷顧問股份有限公司,3724,上報,22405,MW_蓋版_上報,,知名媒體,,113,113,0,113,0,0,0,0,0,100.00%,0.00%,0.00%,0.00%,0.00%,0.00%,0.00%
20260126,17,闇碼科技股份有限公司,3068,限時圖片-imgus,22406,MW_置底_imgus,antifroud,,,166,166,2,164,0,2,2,0,0,100.00%,1.20%,0.00%,1.20%,1.20%,0.00%,0.00%
20260126,17,第一網站股份有限公司,2783,漫畫櫃manhuagui,22443,MW_置底_manhuagui,antifroud,,,"49,208","49,208",41,"49,167",0,41,41,0,0,100.00%,0.08%,0.00%,0.08%,0.08%,0.00%,0.00%
20260126,17,艾得基客行銷顧問股份有限公司,3490,太報,22495,MW_300x250 BANNER_太報_CPM5,,知名媒體,子聯播網,24,24,0,24,0,0,0,0,0,100.00%,0.00%,0.00%,0.00%,0.00%,0.00%,0.00%
20260126,17,艾得基客行銷顧問股份有限公司,2689,Basketball Top5,22498,MW_300x250 Banner_Basketball TOP5_CPM5,,,子聯播網,479,479,4,475,0,4,4,0,0,100.00%,0.84%,0.00%,0.84%,0.84%,0.00%,0.00%
20260126,17,艾得基客行銷顧問股份有限公司,2578,鉅亨網,22507,MW_300x250_鉅亨網_直播用BN-1,,知名媒體,子聯播網,"2,820","2,820",7,"2,813",0,7,7,0,0,100.00%,0.25%,0.00%,0.25%,0.25%,0.00%,0.00%
20260126,17,艾得基客行銷顧問股份有限公司,3752,ＭoneyDJ,22514,MW_文中創意320x480_MoneyDJ,antifroud,知名媒體,,26,26,0,26,0,0,0,0,0,100.00%,0.00%,0.00%,0.00%,0.00%,0.00%,0.00%
20260126,17,艾得基客行銷顧問股份有限公司,3752,ＭoneyDJ,22515,MW_300x250 BANNER_MoneyDJ,antifroud,知名媒體,,6,6,0,6,0,0,0,0,0,100.00%,0.00%,0.00%,0.00%,0.00%,0.00%,0.00%
20260126,17,艾得基客行銷顧問股份有限公司,3373,良醫健康網,22732,MW_300x250_良醫健康網,,知名媒體,,58,58,0,58,0,0,0,0,0,100.00%,0.00%,0.00%,0.00%,0.00%,0.00%,0.00%
20260126,17,李承翰-webptt,718,Web批踢踢(RWD),2284,MW-蓋板_文中_Web批踢踢,antifroud,,,18,18,0,18,0,0,0,0,0,100.00%,0.00%,0.00%,0.00%,0.00%,0.00%,0.00%
20260126,17,麥智維,999,動漫戲說,3543,CF-728*90-內文上方-動漫戲說,antifroud,,,62,62,0,62,0,0,0,0,0,100.00%,0.00%,0.00%,0.00%,0.00%,0.00%,0.00%
20260126,17,肖偉彬,1287,紅櫻桃小說書庫,4678,CF-內文上方-300*250-紅櫻桃小說書庫,,,,26,26,0,26,0,0,0,0,0,100.00%,0.00%,0.00%,0.00%,0.00%,0.00%,0.00%
20260126,17,技達創意資訊有限公司,1299,泰好網,4733,CF-300*250-內文下方-泰好網,,,,30,30,0,30,0,0,0,0,0,100.00%,0.00%,0.00%,0.00%,0.00%,0.00%,0.00%
20260126,17,技達創意資訊有限公司,1299,泰好網,4734,MW-320*100-首頁、內文上方-泰好網,,,,18,18,0,18,0,0,0,0,0,100.00%,0.00%,0.00%,0.00%,0.00%,0.00%,0.00%
20260126,17,陈晋福,1367,電視超人,4997,CF-300X250-電視超人,,,,20,20,0,20,0,0,0,0,0,100.00%,0.00%,0.00%,0.00%,0.00%,0.00%,0.00%
20260126,17,麥智維,999,動漫戲說,6069,CF-300*250-首頁-動漫戲說,,,,38,38,6,32,6,0,0,0,0,100.00%,15.79%,15.79%,0.00%,0.00%,0.00%,0.00%
20260126,17,全曜財經資訊股份有限公司,1902,Cmoney-Mobile,7293,MW_置底創意(非展開)_Cmoney,antifroud,知名媒體,,6,6,0,6,0,0,0,0,0,100.00%,0.00%,0.00%,0.00%,0.00%,0.00%,0.00%
20260126,17,精鏡傳媒股份有限公司,1060,鏡週刊,8250,MW_置底創意(非展開)_鏡週刊,,知名媒體,,148,148,0,148,0,0,0,0,0,100.00%,0.00%,0.00%,0.00%,0.00%,0.00%,0.00%
20260126,17,臺灣電視事業股份有限公司,52,台視,8313,PC-300x250_內文第一塊_台視財經,,知名媒體,,6,6,0,6,0,0,0,0,0,100.00%,0.00%,0.00%,0.00%,0.00%,0.00%,0.00%
20260126,17,布林遊國際有限公司,1692,Bring You,8393,CF-300X250-上方通欄右側_BringYou,,知名媒體,,12,12,0,12,0,0,0,0,0,100.00%,0.00%,0.00%,0.00%,0.00%,0.00%,0.00%
20260126,17,巧克科技新媒體股份有限公司,2127,LINE TV_Banner-exchange,8576,CF_336x280_戲劇-右側好康資訊下方_LINE TV-exchange,,知名媒體,,12,12,0,12,0,0,0,0,0,100.00%,0.00%,0.00%,0.00%,0.00%,0.00%,0.00%
20260126,17,巧克科技新媒體股份有限公司,2127,LINE TV_Banner-exchange,8577,CF_336x280_戲劇-右側好康資訊上方_LINE TV-exchange,,知名媒體,,56,56,0,56,0,0,0,0,0,100.00%,0.00%,0.00%,0.00%,0.00%,0.00%,0.00%
20260126,17,鳳梨傳媒股份有限公司,2190,民視新聞網-Exchange,8862,CF_970X90_分類新聞內頁上方_民視新聞(MCM),,知名媒體,,25,25,0,25,0,0,0,0,0,100.00%,0.00%,0.00%,0.00%,0.00%,0.00%,0.00%
20260126,17,見聞科技有限公司,2251,就是節目表,9233,MW-300x250-節目表文中-就是節目表,,,,6,6,0,6,0,0,0,0,0,100.00%,0.00%,0.00%,0.00%,0.00%,0.00%,0.00%
20260126,17,巧克科技新媒體股份有限公司,2127,LINE TV_Banner-exchange,9788,CF_970x250_首頁-戲劇列表第一塊_LINE TV-exchange,,知名媒體,,6,6,2,4,0,2,2,0,0,100.00%,33.33%,0.00%,33.33%,33.33%,0.00%,0.00%
20260126,18,愛七桃有限公司,2152,寶可夢資訊站,10008,MW-320X100-進入道館功能框下方-寶可夢資訊站,,,,12,12,2,10,0,2,2,0,0,100.00%,16.67%,0.00%,16.67%,16.67%,0.00%,0.00%
20260126,18,英屬維京群島商浩美數位有限公司台灣分公司,2315,Teepr亮新聞-exchange,10012,CF_336x280Banner_Teepr亮新聞-exchange,,知名媒體,,475,475,10,465,4,6,6,0,0,100.00%,2.11%,0.84%,1.26%,1.26%,0.00%,0.00%
20260126,18,昱得資訊工作室,2528,數位書香,11080,CF_728x90_首頁上方_數位書香,antifroud,,,50,50,0,50,0,0,0,0,0,100.00%,0.00%,0.00%,0.00%,0.00%,0.00%,0.00%
20260126,18,昱得資訊工作室,2528,數位書香,11081,CF_160x600_首頁右側_數位書香,antifroud,,,569,569,2,567,2,0,0,0,0,100.00%,0.35%,0.35%,0.00%,0.00%,0.00%,0.00%
20260126,18,第一網站股份有限公司,2518,麻辣家族討論區(twbts),11082,CF-728X90-twbts,antifroud,,,211,211,0,211,0,0,0,0,0,100.00%,0.00%,0.00%,0.00%,0.00%,0.00%,0.00%
20260126,18,第一網站股份有限公司,2601,Meme梗圖倉庫,11443,CF-336X280-meme,,,,326,326,0,326,0,0,0,0,0,100.00%,0.00%,0.00%,0.00%,0.00%,0.00%,0.00%
20260126,18,第一網站股份有限公司,2540,risu短網址,12496,CF_300x250_popup(直播) _risu短網址,antifroud,知名媒體,,24,24,0,24,0,0,0,0,0,100.00%,0.00%,0.00%,0.00%,0.00%,0.00%,0.00%
20260126,18,時報資訊股份有限公司,2770,中時電子報_HB,12559,CF_300x250_右側互動看版_中時電子報_HB,,知名媒體,,302,302,28,274,10,18,18,0,0,100.00%,9.27%,3.31%,5.96%,5.96%,0.00%,0.00%
20260126,18,時報資訊股份有限公司,2770,中時電子報_HB,12560,CF_336x280_文中看板_中時電子報_HB,,知名媒體,,272,272,25,247,10,15,15,0,0,100.00%,9.19%,3.68%,5.51%,5.51%,0.00%,0.00%
20260126,18,時報資訊股份有限公司,2770,中時電子報_HB,12561,MW_300x250_內頁TOP Banner_中時電子報_HB,antifroud,知名媒體,,"7,620","7,620",22,"7,598",10,12,12,0,0,100.00%,0.29%,0.13%,0.16%,0.16%,0.00%,0.00%
20260126,18,第一網站股份有限公司,2768,czbooks,12570,CF_728x90_banner_czbooks,,,,"1,181","1,181",4,"1,177",0,4,4,0,0,100.00%,0.34%,0.00%,0.34%,0.34%,0.00%,0.00%
20260126,18,第一網站股份有限公司,2768,czbooks,12571,CF-300x600_Banner_czbooks,,,,254,254,0,254,0,0,0,0,0,100.00%,0.00%,0.00%,0.00%,0.00%,0.00%,0.00%
20260126,18,鳳梨傳媒股份有限公司,2190,民視新聞網-Exchange,12579,CF_300x250_右側第一塊_民視新聞網-Exchange(RWD)(MCM),,知名媒體,,"3,453","3,453",38,"3,415",13,25,25,0,0,100.00%,1.10%,0.38%,0.72%,0.72%,0.00%,0.00%
20260126,18,鳳梨傳媒股份有限公司,2190,民視新聞網-Exchange,12580,CF_300x250_內文文中左側_民視新聞網-Exchange(RWD)(MCM),,知名媒體,,"3,512","3,510",63,"3,447",20,43,43,0,0,99.94%,1.79%,0.57%,1.23%,1.23%,0.00%,0.00%
20260126,18,第一網站股份有限公司,2783,漫畫櫃manhuagui,12676,CF_728X90_manhuagui,antifroud,,,"4,679","4,679",9,"4,670",4,5,5,0,0,100.00%,0.19%,0.09%,0.11%,0.11%,0.00%,0.00%
20260126,18,艾得基客行銷顧問股份有限公司,2635,工商時報,12761,MW_320x480_文中創意_工商時報new,,知名媒體,,149,149,0,149,0,0,0,0,0,100.00%,0.00%,0.00%,0.00%,0.00%,0.00%,0.00%
20260126,18,第一網站股份有限公司,2801,damanwoo,12868,CF-300x250_Banner_damanwoo_大人物,,,,28,28,2,26,0,2,2,0,0,100.00%,7.14%,0.00%,7.14%,7.14%,0.00%,0.00%
20260126,18,永悅健康股份有限公司,2813,早安樂活,12927,MW_置底創意(非展開)_早安樂活,,知名媒體,,60,60,0,60,0,0,0,0,0,100.00%,0.00%,0.00%,0.00%,0.00%,0.00%,0.00%
20260126,18,第一網站股份有限公司,2820,星座好朋友(horofriend88),12966,MW_320x100_horofriend88,antifroud,,,30,30,0,30,0,0,0,0,0,100.00%,0.00%,0.00%,0.00%,0.00%,0.00%,0.00%
20260126,18,第一網站股份有限公司,2836,vivi01,13032,MW_置底創意_vivi01 ViVi視頻,,,,12,12,0,12,0,0,0,0,0,100.00%,0.00%,0.00%,0.00%,0.00%,0.00%,0.00%
20260126,18,第一網站股份有限公司,2838,mycard,13041,MW_320x480_加倍mycard,,,,639,639,639,0,0,639,639,0,0,100.00%,100.00%,0.00%,100.00%,100.00%,0.00%,0.00%
20260126,18,東森電視事業股份有限公司,2014,東森新聞網,13162,MW_置底創意(展開)_東森新聞網,antifroud,知名媒體,,359,359,0,359,0,0,0,0,0,100.00%,0.00%,0.00%,0.00%,0.00%,0.00%,0.00%
20260126,18,譚謹恩,2885,Mr. & Mrs. Diary-exchange,13403,CF_728x90_內文上方_ Mr. & Mrs. Diary-exchange,,,,6,6,0,6,0,0,0,0,0,100.00%,0.00%,0.00%,0.00%,0.00%,0.00%,0.00%
20260126,18,譚謹恩,2885,Mr. & Mrs. Diary-exchange,13405,CF_970x250_內文文中_Mr. & Mrs. Diary-exchange,,,,6,6,0,6,0,0,0,0,0,100.00%,0.00%,0.00%,0.00%,0.00%,0.00%,0.00%
20260126,18,曾憲敏,202,85小說網,13445,MW_336X280_全量1_85小說網,,,,527,527,0,527,0,0,0,0,0,100.00%,0.00%,0.00%,0.00%,0.00%,0.00%,0.00%
20260126,18,曾憲敏,202,85小說網,13446,MW_336X280_全量2_85小說網,,,,"4,356","4,356",2,"4,354",2,0,0,0,0,100.00%,0.05%,0.05%,0.00%,0.00%,0.00%,0.00%
20260126,18,第一網站股份有限公司,2768,czbooks,13481,MW_300x250_banner_czbooks,antifroud,,子聯播網,"2,100","2,100",1,"2,099",0,1,1,0,0,100.00%,0.05%,0.00%,0.05%,0.05%,0.00%,0.00%
20260126,18,第一網站股份有限公司,2910,clickme,13549,CF_300x250_banner_clickme(一般),,,,581,581,0,581,0,0,0,0,0,100.00%,0.00%,0.00%,0.00%,0.00%,0.00%,0.00%
20260126,18,闇碼科技股份有限公司,2992,縮短網址產生器-reurl-exchange,13848,CF_300x250_轉址失敗_最右邊_reurl,,知名媒體,,6,6,4,2,0,4,4,0,0,100.00%,66.67%,0.00%,66.67%,66.67%,0.00%,0.00%
20260126,18,闇碼科技股份有限公司,2992,縮短網址產生器-reurl-exchange,13856,CF_300x250_轉址失敗頁第二塊_reurl,,知名媒體,,6,6,4,2,0,4,4,0,0,100.00%,66.67%,0.00%,66.67%,66.67%,0.00%,0.00%
20260126,18,闇碼科技股份有限公司,2992,縮短網址產生器-reurl-exchange,13860,CF_300x250_網址下方右側_reurl,,知名媒體,,6,6,0,6,0,0,0,0,0,100.00%,0.00%,0.00%,0.00%,0.00%,0.00%,0.00%
20260126,18,闇碼科技股份有限公司,2992,縮短網址產生器-reurl-exchange,13861,CF_300x250_網址下方右側(PB)_reurl,,知名媒體,,35,35,24,11,21,3,3,0,0,100.00%,68.57%,60.00%,8.57%,8.57%,0.00%,0.00%
20260126,18,第一網站股份有限公司,2768,czbooks,13903,(子)CF_300x250_banner_czbooks(直播),antifroud,,子聯播網,"191,916","191,916",687,"191,229",81,606,606,0,0,100.00%,0.36%,0.04%,0.32%,0.32%,0.00%,0.00%
20260126,18,第一網站股份有限公司,2783,漫畫櫃manhuagui,13904,(子)CF_300x250_banner_manhuagui(直播),antifroud,,子聯播網,"2,529","2,529",158,"2,371",0,158,158,0,0,100.00%,6.25%,0.00%,6.25%,6.25%,0.00%,0.00%
20260126,18,第一網站股份有限公司,2768,czbooks,14036,MW_320x480_CZBOOKS,antifroud,,,50,50,0,50,0,0,0,0,0,100.00%,0.00%,0.00%,0.00%,0.00%,0.00%,0.00%
20260126,18,陳人鳳,480,飛格寵物家族_PC,1407,CF-728X90_上方通欄_飛格寵物家族,,,,38,38,0,38,0,0,0,0,0,100.00%,0.00%,0.00%,0.00%,0.00%,0.00%,0.00%
20260126,18,陳人鳳,480,飛格寵物家族_PC,1408,CF-300X250_內文_飛格寵物家族,,,,42,42,10,32,0,10,10,0,0,100.00%,23.81%,0.00%,23.81%,23.81%,0.00%,0.00%
20260126,18,東森電視事業股份有限公司,2014,東森新聞網,14097,MW_蓋版_東森新聞網,,知名媒體,,"1,910","1,910",2,"1,908",0,2,2,0,0,100.00%,0.10%,0.00%,0.10%,0.10%,0.00%,0.00%
20260126,18,闇碼科技股份有限公司,3048,縮短網址產生器-reurl,14210,MW_文中創意300x250_縮短網址產生器-reurl,,知名媒體,,156,156,44,112,29,15,15,0,0,100.00%,28.21%,18.59%,9.62%,9.62%,0.00%,0.00%
20260126,18,巨思文化股份有限公司,3052,經理人_HB,14238,MW_文章結束第一塊_300x250_經理人-HB,,知名媒體,,26,26,0,26,0,0,0,0,0,100.00%,0.00%,0.00%,0.00%,0.00%,0.00%,0.00%
20260126,18,巨思文化股份有限公司,3052,經理人_HB,14241,MW_300x250_內文下方_經理人-HB,,知名媒體,,26,26,0,26,0,0,0,0,0,100.00%,0.00%,0.00%,0.00%,0.00%,0.00%,0.00%
20260126,18,巨思文化股份有限公司,3053,數位時代_HB,14242,CF_300x250_內文下方左側_數位時代-HB,,知名媒體,,7,7,0,7,0,0,0,0,0,100.00%,0.00%,0.00%,0.00%,0.00%,0.00%,0.00%
20260126,18,巨思文化股份有限公司,3053,數位時代_HB,14243,CF_300x250_內文下方右側_數位時代-HB,,知名媒體,,7,7,0,7,0,0,0,0,0,100.00%,0.00%,0.00%,0.00%,0.00%,0.00%,0.00%
20260126,18,巨思文化股份有限公司,3053,數位時代_HB,14244,MW_300x250_文中第四塊_數位時代-HB,,知名媒體,,20,20,0,20,0,0,0,0,0,100.00%,0.00%,0.00%,0.00%,0.00%,0.00%,0.00%
20260126,18,巨思文化股份有限公司,3053,數位時代_HB,14246,MW_300x250_文章結束第一塊_數位時代-HB,,知名媒體,,24,24,0,24,0,0,0,0,0,100.00%,0.00%,0.00%,0.00%,0.00%,0.00%,0.00%
20260126,18,富盈數據股份有限公司,3059,塔科女子,14258,CF_336x280_全網_塔科女子,,知名媒體,,102,102,0,102,0,0,0,0,0,100.00%,0.00%,0.00%,0.00%,0.00%,0.00%,0.00%
20260126,18,CBROOT LTD,3003,包子漫畫-exchange,14291,MW_300x250_蓋板(PB)_包子漫畫,,,,83,83,0,83,0,0,0,0,0,100.00%,0.00%,0.00%,0.00%,0.00%,0.00%,0.00%
20260126,18,朱光宁,3268,稷下書院-mobile,14737,MW_置底創意(非展開)_稷下書院-mobile,,,,14,14,2,12,0,2,2,0,0,100.00%,14.29%,0.00%,14.29%,14.29%,0.00%,0.00%
20260126,18,朱光宁,3149,稷下書院-exchange,14748,MW_320x100_置底(PB)_稷下書院,,,,"29,552","29,552",198,"29,354",114,84,84,0,0,100.00%,0.67%,0.39%,0.28%,0.28%,0.00%,0.00%
20260126,18,巨思文化股份有限公司,3053,數位時代_HB,14764,MW_置底創意_(非展開)_數位時代_HB,,知名媒體,,270,270,0,270,0,0,0,0,0,100.00%,0.00%,0.00%,0.00%,0.00%,0.00%,0.00%
20260126,18,中天電視股份有限公司,3282,中天新聞網-exchange,14980,CF_970x250_內頁_PC置頂橫幅-中天新聞網-exchange,,知名媒體,,24,24,3,21,2,1,1,0,0,100.00%,12.50%,8.33%,4.17%,4.17%,0.00%,0.00%
20260126,18,曾憲敏,3327,85小說網_創意,15227,MW-300X250_85小說網_隨身影音PB,,,,6,6,0,6,0,0,0,0,0,100.00%,0.00%,0.00%,0.00%,0.00%,0.00%,0.00%
20260126,18,中天電視股份有限公司,3282,中天新聞網-exchange,15859,CF_336x280_內頁_PC右側互動看板B-中天新聞網-exchange,,知名媒體,,234,234,54,180,36,18,18,0,0,100.00%,23.08%,15.38%,7.69%,7.69%,0.00%,0.00%
20260126,18,CBROOT LTD,3352,西瓜卡通-exchange,15970,CF_160x600_影音內容_西瓜卡通-exchange,,,,226,226,0,226,0,0,0,0,0,100.00%,0.00%,0.00%,0.00%,0.00%,0.00%,0.00%
20260126,18,時報資訊股份有限公司,2817,旺得富,16910,CF_300x250_Billboard_1s_旺得富,,知名媒體,,12,12,0,12,0,0,0,0,0,100.00%,0.00%,0.00%,0.00%,0.00%,0.00%,0.00%
20260126,18,時報資訊股份有限公司,2817,旺得富,16911,CF_300x250_Billboard_2nd_旺得富,,知名媒體,,6,6,2,4,0,2,2,0,0,100.00%,33.33%,0.00%,33.33%,33.33%,0.00%,0.00%
20260126,18,葉志斌,2745,繁中寶可夢卡表生成器-奶爸工作室-exchange,16951,CF_300x600_Banner_繁中寶可夢卡表生成器-奶爸工作室-exchange,,,,6,6,0,6,0,0,0,0,0,100.00%,0.00%,0.00%,0.00%,0.00%,0.00%,0.00%
20260126,18,朱光宁,3360,提莫書屋-exchange,16957,MW_336x280banner_提莫書屋_exchange,,,,"17,771","17,770",48,"17,722",22,26,26,0,0,99.99%,0.27%,0.12%,0.15%,0.15%,0.00%,0.00%
20260126,18,朱光宁,3361,提莫書屋-mobile,16958,MW_置底創意_提莫書屋-mobile,,,,116,116,0,116,0,0,0,0,0,100.00%,0.00%,0.00%,0.00%,0.00%,0.00%,0.00%
20260126,18,朱光宁,3361,提莫書屋-mobile,16959,MW_320x480_文中創意_提莫書屋-mobile,,,,76,76,0,76,0,0,0,0,0,100.00%,0.00%,0.00%,0.00%,0.00%,0.00%,0.00%
20260126,18,欣發現股份有限公司,3364,女子學-mobile,16972,MW_置底創意_女子學,antifroud,,,30,30,0,30,0,0,0,0,0,100.00%,0.00%,0.00%,0.00%,0.00%,0.00%,0.00%
20260126,18,第一網站股份有限公司,2783,漫畫櫃manhuagui,17027,MW_320x480_蓋版_漫畫櫃manhuagui,,,,36,36,0,36,0,0,0,0,0,100.00%,0.00%,0.00%,0.00%,0.00%,0.00%,0.00%
20260126,18,朱光宁,3268,稷下書院-mobile,17207,MW_320x480_蓋版_稷下書院-mobile,,,,598,598,0,598,0,0,0,0,0,100.00%,0.00%,0.00%,0.00%,0.00%,0.00%,0.00%
20260126,18,中華電視股份有限公司,3389,華視-mobile,17230,MW_置底創意(非展開)_華視-mobile,,知名媒體,,60,60,0,60,0,0,0,0,0,100.00%,0.00%,0.00%,0.00%,0.00%,0.00%,0.00%
20260126,18,中華電視股份有限公司,3389,華視-mobile,17232,MW_文中創意320x480_華視-mobile,,知名媒體,,12,12,0,12,0,0,0,0,0,100.00%,0.00%,0.00%,0.00%,0.00%,0.00%,0.00%
20260126,18,李立娟,3395,vivi0視頻-exchange,17293,CF_336x280_Banner_vivi01視頻-exchange,antifroud,,,"35,161","35,161",26,"35,135",0,26,26,0,0,100.00%,0.07%,0.00%,0.07%,0.07%,0.00%,0.00%
20260126,18,李立娟,3395,vivi0視頻-exchange,17294,MW_336x280_Banner_vivi01視頻-exchange,antifroud,,,"25,606","25,606",30,"25,576",0,30,30,0,0,100.00%,0.12%,0.00%,0.12%,0.12%,0.00%,0.00%
20260126,18,李立娟,3395,vivi0視頻-exchange,17300,MW_320x100_置底(PB)_vivi01視頻-exchange,antifroud,,,"2,091","2,091",10,"2,081",1,9,9,0,0,100.00%,0.48%,0.05%,0.43%,0.43%,0.00%,0.00%
20260126,18,曾憲敏,601,85小說網_PC,1773,CF-300x250_85小說網_內文1,,,,106,106,0,106,0,0,0,0,0,100.00%,0.00%,0.00%,0.00%,0.00%,0.00%,0.00%
20260126,18,第一網站股份有限公司,2768,czbooks,17927,MW_置底創意_czbook,,,,"5,338","5,338",1,"5,337",0,1,1,0,0,100.00%,0.02%,0.00%,0.02%,0.02%,0.00%,0.00%
20260126,18,第一網站股份有限公司,3420,ftvnews,17970,MW_300x250_內文_ftvnews,,知名媒體,,6,6,0,6,0,0,0,0,0,100.00%,0.00%,0.00%,0.00%,0.00%,0.00%,0.00%
20260126,18,時報資訊股份有限公司_工商時報,3427,工商時報-exchange,18007,CF_336x280_文末右側看板_工商時報-exchange,,知名媒體,,6,6,1,5,0,1,1,0,0,100.00%,16.67%,0.00%,16.67%,16.67%,0.00%,0.00%
20260126,18,時報資訊股份有限公司_工商時報,3427,工商時報-exchange,18014,MW_300x250_文末Banner1_工商時報-exchange,,知名媒體,,152,152,0,152,0,0,0,0,0,100.00%,0.00%,0.00%,0.00%,0.00%,0.00%,0.00%
20260126,18,時報資訊股份有限公司_工商時報,3427,工商時報-exchange,18015,MW_300x250_文末Banner2_工商時報-exchange,,知名媒體,,186,186,0,186,0,0,0,0,0,100.00%,0.00%,0.00%,0.00%,0.00%,0.00%,0.00%
20260126,18,第一網站股份有限公司,3440,fsa_passback_first,18201,CF_336x280_fsa_passback_first,,,,28,28,0,28,0,0,0,0,0,100.00%,0.00%,0.00%,0.00%,0.00%,0.00%,0.00%
20260126,18,第一網站股份有限公司,3440,fsa_passback_first,18202,CF_300x250_fsa_passback_first,,,,"2,120","2,120",35,"2,085",22,13,13,0,0,100.00%,1.65%,1.04%,0.61%,0.61%,0.00%,0.00%
20260126,18,莊博凱,3455,夢遊電玩,18269,300x250 Banner,,,,6,6,0,6,0,0,0,0,0,100.00%,0.00%,0.00%,0.00%,0.00%,0.00%,0.00%
20260126,18,朱光宁,3268,稷下書院-mobile,18297,MW_置底創意(展開)_稷下書院-mobile,,,,90,90,0,90,0,0,0,0,0,100.00%,0.00%,0.00%,0.00%,0.00%,0.00%,0.00%
20260126,18,冰楓科技有限公司,3485,冰楓論壇-exchange,18487,CF_970x90_內文上方第一塊_冰楓論壇-exchange,,,,689,687,14,673,8,6,6,0,0,99.71%,2.04%,1.16%,0.87%,0.87%,0.00%,0.00%
20260126,18,冰楓科技有限公司,3485,冰楓論壇-exchange,18492,MW_300x250_Banner_ 冰楓論壇-exchange,,,,240,238,8,230,8,0,0,0,0,99.17%,3.36%,3.36%,0.00%,0.00%,0.00%,0.00%
20260126,18,CBROOT LTD,3492,包子漫畫(特開流量)-exchange,18546,(子)CF_300x250_指定時段_包子漫畫(特開流量)-exchange,,,子聯播網,"3,556","3,556",0,"3,556",0,0,0,0,0,100.00%,0.00%,0.00%,0.00%,0.00%,0.00%,0.00%
20260126,18,CBROOT LTD,3492,包子漫畫(特開流量)-exchange,18557,CF_300x600_指定流量_包子漫畫(特開流量PB)-exchange,,,,"4,444","4,444",35,"4,409",0,35,35,0,0,100.00%,0.79%,0.00%,0.79%,0.79%,0.00%,0.00%
20260126,18,CBROOT LTD,3510,包子漫畫_twmanga-exchange,18732,MW_336x280_Banner_包子漫畫_twmanga,,,子聯播網,"21,280","21,280",163,"21,117",163,0,0,0,0,100.00%,0.77%,0.77%,0.00%,0.00%,0.00%,0.00%
20260126,18,CBROOT LTD,3510,包子漫畫_twmanga-exchange,18737,CF_970x90_Banner_ 包子漫畫_twmanga-exchange,,,,12,12,0,12,0,0,0,0,0,100.00%,0.00%,0.00%,0.00%,0.00%,0.00%,0.00%
20260126,18,闇碼科技股份有限公司,2992,縮短網址產生器-reurl-exchange,18876,CF_首頁連結bar下方_縮短網址產生器-reurl-exchange,,知名媒體,,12,12,0,12,0,0,0,0,0,100.00%,0.00%,0.00%,0.00%,0.00%,0.00%,0.00%
20260126,18,台灣英文新聞股份有限公司,3537,台灣英文新聞(new)-exchange,18924,CF_300x250_內容頁_右側看版_1_台灣英文新聞(new)-exchange,,知名媒體,,49,49,0,49,0,0,0,0,0,100.00%,0.00%,0.00%,0.00%,0.00%,0.00%,0.00%
20260126,18,台灣英文新聞股份有限公司,3537,台灣英文新聞(new)-exchange,18925,CF_300x600_內容頁_右側看版_2_台灣英文新聞(new)-exchange,,知名媒體,,6,6,0,6,0,0,0,0,0,100.00%,0.00%,0.00%,0.00%,0.00%,0.00%,0.00%
20260126,18,艾得基客行銷顧問股份有限公司,3373,良醫健康網,19009,MW_蓋板_良醫健康網,,知名媒體,,19,19,0,19,0,0,0,0,0,100.00%,0.00%,0.00%,0.00%,0.00%,0.00%,0.00%
20260126,18,聯合線上股份有限公司,3549,UDN元氣網,19018,CF_首頁文章推薦第三格300x250_UDN元氣網,,知名媒體,,6,6,0,6,0,0,0,0,0,100.00%,0.00%,0.00%,0.00%,0.00%,0.00%,0.00%
20260126,18,艾得基客行銷顧問股份有限公司,3552,玩具人,19044,MW_320x480_文中創意_玩具人,,知名媒體,,108,108,0,108,0,0,0,0,0,100.00%,0.00%,0.00%,0.00%,0.00%,0.00%,0.00%
20260126,18,第一網站股份有限公司,2783,漫畫櫃manhuagui,20685,MW_300X250_manhuagui,antifroud,,,"3,658","3,658",2,"3,656",0,2,2,0,0,100.00%,0.05%,0.00%,0.05%,0.05%,0.00%,0.00%
20260126,18,德榕企業有限公司,3578,TW Bodhi_mobile,20707,MW_置底創意_TW Bodhi,,,,50,50,0,50,0,0,0,0,0,100.00%,0.00%,0.00%,0.00%,0.00%,0.00%,0.00%
20260126,18,德榕企業有限公司,3578,TW Bodhi_mobile,20708,MW_蓋板_TW Bodhi,,,,495,495,4,491,0,4,4,0,0,100.00%,0.81%,0.00%,0.81%,0.81%,0.00%,0.00%
20260126,18,德榕企業有限公司,3581,忘憂書屋,20727,CF_336x280文章頁(RWD)_忘憂書屋,,,,112,112,0,112,0,0,0,0,0,100.00%,0.00%,0.00%,0.00%,0.00%,0.00%,0.00%
20260126,18,德榕企業有限公司,3582,忘憂書屋_mobile,20728,MW_文中創意300x250_忘憂書屋,,,,18,18,0,18,0,0,0,0,0,100.00%,0.00%,0.00%,0.00%,0.00%,0.00%,0.00%
20260126,18,德榕企業有限公司,3582,忘憂書屋_mobile,20729,MW_蓋板_忘憂書屋,,,,76,76,0,76,0,0,0,0,0,100.00%,0.00%,0.00%,0.00%,0.00%,0.00%,0.00%
20260126,18,德榕企業有限公司,3582,忘憂書屋_mobile,20730,MW_置底創意_忘憂書屋,,,,58,58,0,58,0,0,0,0,0,100.00%,0.00%,0.00%,0.00%,0.00%,0.00%,0.00%
20260126,18,第一網站股份有限公司,2916,KiKiNote,20731,CF_300x250_banner_kikinote (PB),,知名媒體,,198,198,0,198,0,0,0,0,0,100.00%,0.00%,0.00%,0.00%,0.00%,0.00%,0.00%
20260126,18,第一網站股份有限公司,3440,fsa_passback_first,21699,CF_336x280_fsa_passback_first,,,,56,56,0,56,0,0,0,0,0,100.00%,0.00%,0.00%,0.00%,0.00%,0.00%,0.00%
20260126,18,富盈數據股份有限公司,3653,TVBS-女人我最大_HB,21760,MW_文章三_336x280_TVBS-女人我最大_HB,,知名媒體,,352,352,0,352,0,0,0,0,0,100.00%,0.00%,0.00%,0.00%,0.00%,0.00%,0.00%
20260126,18,富盈數據股份有限公司,3653,TVBS-女人我最大_HB,21761,MW_文章四_336x280_TVBS-女人我最大_HB,,知名媒體,,"1,525","1,525",2,"1,523",0,2,2,0,0,100.00%,0.13%,0.00%,0.13%,0.13%,0.00%,0.00%
20260126,18,富盈數據股份有限公司,3653,TVBS-女人我最大_HB,21763,MW_文中創意320x480_TVBS-女人我最大_HB,,知名媒體,,"1,362","1,362",2,"1,360",0,2,2,0,0,100.00%,0.15%,0.00%,0.15%,0.15%,0.00%,0.00%
20260126,18,富盈數據股份有限公司,3654,TVBS-健康2.0_HB,21768,MW_文中創意320x480_TVBS-健康2.0_HB,,知名媒體,,"4,677","4,677",1,"4,676",0,1,1,0,0,100.00%,0.02%,0.00%,0.02%,0.02%,0.00%,0.00%
20260126,18,富盈數據股份有限公司,3655,TVBS-食尚玩家_HB,21770,MW_文章三_336x280_TVBS-食尚玩家_HB,,知名媒體,,152,152,0,152,0,0,0,0,0,100.00%,0.00%,0.00%,0.00%,0.00%,0.00%,0.00%
20260126,18,富盈數據股份有限公司,3655,TVBS-食尚玩家_HB,21773,MW_文中創意320x480_TVBS-食尚玩家_HB,,知名媒體,,525,525,4,521,0,4,4,0,0,100.00%,0.76%,0.00%,0.76%,0.76%,0.00%,0.00%
20260126,18,寶利拾股份有限公司,3652,愛料理_HB,21778,MW_Recipes_Top_336x280banner_愛料理_HB,,知名媒體,,6,6,0,6,0,0,0,0,0,100.00%,0.00%,0.00%,0.00%,0.00%,0.00%,0.00%
20260126,18,寶利拾股份有限公司,3652,愛料理_HB,21779,MW_Recipes_Middle_336x280banner_愛料理_HB,,知名媒體,,6,6,0,6,0,0,0,0,0,100.00%,0.00%,0.00%,0.00%,0.00%,0.00%,0.00%
20260126,18,先驅媒體社會企業股份有限公司,3554,新頭殼(R18),21839,ＭＷ_336x280Banner_newtalk.tw_mobile_all_336280_2_新頭殼(R18),antifroud,知名媒體,,211,211,0,211,0,0,0,0,0,100.00%,0.00%,0.00%,0.00%,0.00%,0.00%,0.00%
20260126,18,儂儂雜誌社股份有限公司(bella儂儂),2135,Bella儂儂_2024,21876,MW-300x250_文章標題上方1_Bella儂儂,,知名媒體,,714,714,0,714,0,0,0,0,0,100.00%,0.00%,0.00%,0.00%,0.00%,0.00%,0.00%
20260126,18,富盈數據股份有限公司,3680,TVBS-新聞網_HB,21899,MW_文章一_336x280_TVBS-新聞網_HB,,知名媒體,,"2,399","2,399",21,"2,378",2,19,19,0,0,100.00%,0.88%,0.08%,0.79%,0.79%,0.00%,0.00%
20260126,18,富盈數據股份有限公司,3680,TVBS-新聞網_HB,21900,MW_文章三_336x280_TVBS-新聞網_HB,,知名媒體,,130,130,2,128,2,0,0,0,0,100.00%,1.54%,1.54%,0.00%,0.00%,0.00%,0.00%
20260126,18,富盈數據股份有限公司,3680,TVBS-新聞網_HB,21902,MW_文章置底_320x100_TVBS-新聞網_HB,,知名媒體,,"1,814","1,814",5,"1,809",2,3,3,0,0,100.00%,0.28%,0.11%,0.17%,0.17%,0.00%,0.00%
20260126,18,富盈數據股份有限公司,3684,稅美人_mobile,21923,MW_置底創意(非展開)_稅美人-mobile,,,,"2,898","2,898",0,"2,898",0,0,0,0,0,100.00%,0.00%,0.00%,0.00%,0.00%,0.00%,0.00%
20260126,18,富盈數據股份有限公司,3685,玩桌遊_mobile,21924,MW_置底創意(非展開)_玩桌遊-mobile,,,,246,246,0,246,0,0,0,0,0,100.00%,0.00%,0.00%,0.00%,0.00%,0.00%,0.00%
20260126,18,富盈數據股份有限公司,2615,熱血台中,21986,CF_336x280_全網_熱血台中,,,,68,68,0,68,0,0,0,0,0,100.00%,0.00%,0.00%,0.00%,0.00%,0.00%,0.00%
20260126,18,富盈數據股份有限公司,2615,熱血台中,21987,CF_336x280_全網_熱血台中,,,,110,110,0,110,0,0,0,0,0,100.00%,0.00%,0.00%,0.00%,0.00%,0.00%,0.00%
20260126,18,富盈數據股份有限公司,3703,繁體小說,22022,MW_置底創意(非展開)_繁體小說-mobile,,,,6,6,0,6,0,0,0,0,0,100.00%,0.00%,0.00%,0.00%,0.00%,0.00%,0.00%
20260126,18,富盈數據股份有限公司,3704,天天要聞,22030,CF_300 x 250 banner_天天要聞_cpc2,,,,827,827,4,823,0,4,4,0,0,100.00%,0.48%,0.00%,0.48%,0.48%,0.00%,0.00%
20260126,18,富盈數據股份有限公司,3703,繁體小說,22031,CF_300 x 250 banner_繁體小說_cpc2,,,,13,13,0,13,0,0,0,0,0,100.00%,0.00%,0.00%,0.00%,0.00%,0.00%,0.00%
20260126,18,冠妍動力科技有限公司,484,小老婆汽機車資訊網,22058,MW_文中創意320x480_小老婆汽機車資訊網-測試,,知名媒體,,20,20,0,20,0,0,0,0,0,100.00%,0.00%,0.00%,0.00%,0.00%,0.00%,0.00%
20260126,18,富盈數據股份有限公司,3680,TVBS-新聞網_HB,22132,CF_文中300x250_TVBS-新聞網_HB_2,,知名媒體,,6,6,0,6,0,0,0,0,0,100.00%,0.00%,0.00%,0.00%,0.00%,0.00%,0.00%
20260126,18,富盈數據股份有限公司,3680,TVBS-新聞網_HB,22133,CF_文中300x250_TVBS-新聞網_HB_3,,知名媒體,,32,32,1,31,0,1,1,0,0,100.00%,3.12%,0.00%,3.12%,3.12%,0.00%,0.00%
20260126,18,闇碼科技股份有限公司,3048,縮短網址產生器-reurl,22213,MW_蓋版_縮短網址產生器-reurl-2025.05(特殊供量),,知名媒體,,245,245,90,155,54,36,36,0,0,100.00%,36.73%,22.04%,14.69%,14.69%,0.00%,0.00%
20260126,18,艾得基客行銷顧問股份有限公司,3490,太報,22216,MW_置底創意(非展開)_太報,,知名媒體,,38,38,0,38,0,0,0,0,0,100.00%,0.00%,0.00%,0.00%,0.00%,0.00%,0.00%
20260126,18,艾得基客行銷顧問股份有限公司,3724,上報,22217,MW_置底創意(非展開)_上報,,知名媒體,,"1,146","1,146",2,"1,144",0,2,2,0,0,100.00%,0.17%,0.00%,0.17%,0.17%,0.00%,0.00%
20260126,18,艾得基客行銷顧問股份有限公司,3724,上報,22218,MW_置底(展開)_上報,,知名媒體,,144,144,0,144,0,0,0,0,0,100.00%,0.00%,0.00%,0.00%,0.00%,0.00%,0.00%
20260126,18,艾得基客行銷顧問股份有限公司,2689,Basketball Top5,22219,MW_置底(展開)_Basketball TOP5,,,,303,303,0,303,0,0,0,0,0,100.00%,0.00%,0.00%,0.00%,0.00%,0.00%,0.00%
20260126,18,欣發現股份有限公司,3363,大人物-mobile,22222,MW_蓋板_大人物,,知名媒體,,18,18,0,18,0,0,0,0,0,100.00%,0.00%,0.00%,0.00%,0.00%,0.00%,0.00%
20260126,18,朱光宁,3741,石頭小說3,22396,MW_置底_石頭小說3,,,,462,462,0,462,0,0,0,0,0,100.00%,0.00%,0.00%,0.00%,0.00%,0.00%,0.00%
20260126,18,朱光宁,3741,石頭小說3,22398,CF_336 x 280 banner_石頭小說3_cpc1.67,,,,"17,802","17,802",93,"17,709",0,93,93,0,0,100.00%,0.52%,0.00%,0.52%,0.52%,0.00%,0.00%
20260126,18,朱光宁,3741,石頭小說3,22399,CF_320 x 480 橫幅_石頭小說3,,,,114,114,0,114,0,0,0,0,0,100.00%,0.00%,0.00%,0.00%,0.00%,0.00%,0.00%
20260126,18,艾得基客行銷顧問股份有限公司,3724,上報,22405,MW_蓋版_上報,,知名媒體,,280,280,0,280,0,0,0,0,0,100.00%,0.00%,0.00%,0.00%,0.00%,0.00%,0.00%
20260126,18,闇碼科技股份有限公司,3068,限時圖片-imgus,22406,MW_置底_imgus,antifroud,,,141,141,0,141,0,0,0,0,0,100.00%,0.00%,0.00%,0.00%,0.00%,0.00%,0.00%
20260126,18,第一網站股份有限公司,2783,漫畫櫃manhuagui,22443,MW_置底_manhuagui,antifroud,,,"2,592","2,592",5,"2,587",0,5,5,0,0,100.00%,0.19%,0.00%,0.19%,0.19%,0.00%,0.00%
20260126,18,艾得基客行銷顧問股份有限公司,3490,太報,22495,MW_300x250 BANNER_太報_CPM5,,知名媒體,子聯播網,90,90,0,90,0,0,0,0,0,100.00%,0.00%,0.00%,0.00%,0.00%,0.00%,0.00%
20260126,18,艾得基客行銷顧問股份有限公司,2689,Basketball Top5,22498,MW_300x250 Banner_Basketball TOP5_CPM5,,,子聯播網,60,60,0,60,0,0,0,0,0,100.00%,0.00%,0.00%,0.00%,0.00%,0.00%,0.00%
20260126,18,艾得基客行銷顧問股份有限公司,2578,鉅亨網,22507,MW_300x250_鉅亨網_直播用BN-1,,知名媒體,子聯播網,"4,696","4,696",25,"4,671",8,17,17,0,0,100.00%,0.53%,0.17%,0.36%,0.36%,0.00%,0.00%
20260126,18,艾得基客行銷顧問股份有限公司,3752,ＭoneyDJ,22514,MW_文中創意320x480_MoneyDJ,antifroud,知名媒體,,44,44,0,44,0,0,0,0,0,100.00%,0.00%,0.00%,0.00%,0.00%,0.00%,0.00%
20260126,18,李承翰-webptt,718,Web批踢踢(RWD),2284,MW-蓋板_文中_Web批踢踢,antifroud,,,12,12,0,12,0,0,0,0,0,100.00%,0.00%,0.00%,0.00%,0.00%,0.00%,0.00%
20260126,18,麥智維,999,動漫戲說,3543,CF-728*90-內文上方-動漫戲說,antifroud,,,130,130,0,130,0,0,0,0,0,100.00%,0.00%,0.00%,0.00%,0.00%,0.00%,0.00%
20260126,18,技達創意資訊有限公司,1299,泰好網,4733,CF-300*250-內文下方-泰好網,,,,6,6,0,6,0,0,0,0,0,100.00%,0.00%,0.00%,0.00%,0.00%,0.00%,0.00%
20260126,18,陈晋福,1367,電視超人,4997,CF-300X250-電視超人,,,,18,18,0,18,0,0,0,0,0,100.00%,0.00%,0.00%,0.00%,0.00%,0.00%,0.00%
20260126,18,麥智維,999,動漫戲說,6069,CF-300*250-首頁-動漫戲說,,,,6,6,0,6,0,0,0,0,0,100.00%,0.00%,0.00%,0.00%,0.00%,0.00%,0.00%
20260126,18,吳慧玲,2082,宅女懶懶子,8073,CF-右側通欄第二塊-300x600-宅女懶懶子,antifroud,,,6,6,0,6,0,0,0,0,0,100.00%,0.00%,0.00%,0.00%,0.00%,0.00%,0.00%
20260126,18,精鏡傳媒股份有限公司,1060,鏡週刊,8250,MW_置底創意(非展開)_鏡週刊,,知名媒體,,109,109,0,109,0,0,0,0,0,100.00%,0.00%,0.00%,0.00%,0.00%,0.00%,0.00%
20260126,18,臺灣電視事業股份有限公司,52,台視,8313,PC-300x250_內文第一塊_台視財經,,知名媒體,,6,6,0,6,0,0,0,0,0,100.00%,0.00%,0.00%,0.00%,0.00%,0.00%,0.00%
20260126,18,巧克科技新媒體股份有限公司,2127,LINE TV_Banner-exchange,8576,CF_336x280_戲劇-右側好康資訊下方_LINE TV-exchange,,知名媒體,,38,38,2,36,0,2,2,0,0,100.00%,5.26%,0.00%,5.26%,5.26%,0.00%,0.00%
20260126,18,巧克科技新媒體股份有限公司,2127,LINE TV_Banner-exchange,8577,CF_336x280_戲劇-右側好康資訊上方_LINE TV-exchange,,知名媒體,,96,96,1,95,0,1,1,0,0,100.00%,1.04%,0.00%,1.04%,1.04%,0.00%,0.00%
20260126,18,鳳梨傳媒股份有限公司,2190,民視新聞網-Exchange,8862,CF_970X90_分類新聞內頁上方_民視新聞(MCM),,知名媒體,,12,12,0,12,0,0,0,0,0,100.00%,0.00%,0.00%,0.00%,0.00%,0.00%,0.00%
20260126,18,見聞科技有限公司,2251,就是節目表,9233,MW-300x250-節目表文中-就是節目表,,,,6,6,0,6,0,0,0,0,0,100.00%,0.00%,0.00%,0.00%,0.00%,0.00%,0.00%
20260126,18,蔡瑞文,300,樂透彩幸運發財網,9470,MW-置底-樂透幸運發財網,antifroud,知名媒體,,6,6,0,6,0,0,0,0,0,100.00%,0.00%,0.00%,0.00%,0.00%,0.00%,0.00%
20260126,18,時報資訊股份有限公司,2335,中時電子報_2019,9883,ＭＷ-320x480-蓋板-中時電子報_2019,antifroud,知名媒體,,683,683,0,683,0,0,0,0,0,100.00%,0.00%,0.00%,0.00%,0.00%,0.00%,0.00%
20260126,19,英屬維京群島商浩美數位有限公司台灣分公司,2315,Teepr亮新聞-exchange,10012,CF_336x280Banner_Teepr亮新聞-exchange,,知名媒體,,988,988,28,960,13,15,15,0,0,100.00%,2.83%,1.32%,1.52%,1.52%,0.00%,0.00%
20260126,19,第一網站股份有限公司,2300,keketravel,10594,(子)CF_336x280_keketravel,,,子聯播網,50,46,0,46,0,0,0,0,0,92.00%,0.00%,0.00%,0.00%,0.00%,0.00%,0.00%
20260126,19,昱得資訊工作室,2528,數位書香,11080,CF_728x90_首頁上方_數位書香,antifroud,,,48,48,0,48,0,0,0,0,0,100.00%,0.00%,0.00%,0.00%,0.00%,0.00%,0.00%
20260126,19,昱得資訊工作室,2528,數位書香,11081,CF_160x600_首頁右側_數位書香,antifroud,,,637,637,0,637,0,0,0,0,0,100.00%,0.00%,0.00%,0.00%,0.00%,0.00%,0.00%
20260126,19,第一網站股份有限公司,2518,麻辣家族討論區(twbts),11082,CF-728X90-twbts,antifroud,,,130,130,0,130,0,0,0,0,0,100.00%,0.00%,0.00%,0.00%,0.00%,0.00%,0.00%
20260126,19,第一網站股份有限公司,2540,risu短網址,11260,MW-300X250-MB_page_left-risu,,知名媒體,,13,13,0,13,0,0,0,0,0,100.00%,0.00%,0.00%,0.00%,0.00%,0.00%,0.00%
20260126,19,第一網站股份有限公司,2492,ttshow,11273,MW-300X250-ttshow,,知名媒體,,6,6,0,6,0,0,0,0,0,100.00%,0.00%,0.00%,0.00%,0.00%,0.00%,0.00%
20260126,19,第一網站股份有限公司,2601,Meme梗圖倉庫,11443,CF-336X280-meme,,,,147,147,0,147,0,0,0,0,0,100.00%,0.00%,0.00%,0.00%,0.00%,0.00%,0.00%
20260126,19,第一網站股份有限公司,2540,risu短網址,12496,CF_300x250_popup(直播) _risu短網址,antifroud,知名媒體,,6,6,0,6,0,0,0,0,0,100.00%,0.00%,0.00%,0.00%,0.00%,0.00%,0.00%
20260126,19,時報資訊股份有限公司,2770,中時電子報_HB,12559,CF_300x250_右側互動看版_中時電子報_HB,,知名媒體,,238,238,34,204,24,10,10,0,0,100.00%,14.29%,10.08%,4.20%,4.20%,0.00%,0.00%
20260126,19,時報資訊股份有限公司,2770,中時電子報_HB,12560,CF_336x280_文中看板_中時電子報_HB,,知名媒體,,221,221,35,186,25,10,10,0,0,100.00%,15.84%,11.31%,4.52%,4.52%,0.00%,0.00%
20260126,19,時報資訊股份有限公司,2770,中時電子報_HB,12561,MW_300x250_內頁TOP Banner_中時電子報_HB,antifroud,知名媒體,,930,930,3,927,2,1,1,0,0,100.00%,0.32%,0.22%,0.11%,0.11%,0.00%,0.00%
20260126,19,第一網站股份有限公司,2768,czbooks,12570,CF_728x90_banner_czbooks,,,,"32,896","32,896",107,"32,789",61,46,46,0,0,100.00%,0.33%,0.19%,0.14%,0.14%,0.00%,0.00%
20260126,19,鳳梨傳媒股份有限公司,2190,民視新聞網-Exchange,12579,CF_300x250_右側第一塊_民視新聞網-Exchange(RWD)(MCM),,知名媒體,,"9,725","9,725",74,"9,651",24,50,50,0,0,100.00%,0.76%,0.25%,0.51%,0.51%,0.00%,0.00%
20260126,19,鳳梨傳媒股份有限公司,2190,民視新聞網-Exchange,12580,CF_300x250_內文文中左側_民視新聞網-Exchange(RWD)(MCM),,知名媒體,,"9,162","9,160",108,"9,052",57,51,51,0,0,99.98%,1.18%,0.62%,0.56%,0.56%,0.00%,0.00%
20260126,19,第一網站股份有限公司,2783,漫畫櫃manhuagui,12676,CF_728X90_manhuagui,antifroud,,,"39,928","39,928",249,"39,679",146,103,103,0,0,100.00%,0.62%,0.37%,0.26%,0.26%,0.00%,0.00%
20260126,19,艾得基客行銷顧問股份有限公司,2635,工商時報,12761,MW_320x480_文中創意_工商時報new,,知名媒體,,176,176,0,176,0,0,0,0,0,100.00%,0.00%,0.00%,0.00%,0.00%,0.00%,0.00%
20260126,19,金隼行銷股份有限公司,2786,91譜,12792,MW_置底創意_91譜,,知名媒體,,6,6,0,6,0,0,0,0,0,100.00%,0.00%,0.00%,0.00%,0.00%,0.00%,0.00%
20260126,19,第一網站股份有限公司,2801,damanwoo,12868,CF-300x250_Banner_damanwoo_大人物,,,,50,50,0,50,0,0,0,0,0,100.00%,0.00%,0.00%,0.00%,0.00%,0.00%,0.00%
20260126,19,永悅健康股份有限公司,2813,早安樂活,12927,MW_置底創意(非展開)_早安樂活,,知名媒體,,32,32,0,32,0,0,0,0,0,100.00%,0.00%,0.00%,0.00%,0.00%,0.00%,0.00%
20260126,19,徐致淦,2818,rate.cx免費投票器,12943,CF_300x250_投票結果_rate.cx免費投票器,,,,139,139,0,139,0,0,0,0,0,100.00%,0.00%,0.00%,0.00%,0.00%,0.00%,0.00%
20260126,19,徐致淦,2818,rate.cx免費投票器,12944,MW_300x250_投票結果_rate.cx免費投票器,,,,137,137,0,137,0,0,0,0,0,100.00%,0.00%,0.00%,0.00%,0.00%,0.00%,0.00%
20260126,19,第一網站股份有限公司,2820,星座好朋友(horofriend88),12966,MW_320x100_horofriend88,antifroud,,,6,6,0,6,0,0,0,0,0,100.00%,0.00%,0.00%,0.00%,0.00%,0.00%,0.00%
20260126,19,第一網站股份有限公司,2836,vivi01,13032,MW_置底創意_vivi01 ViVi視頻,,,,6,6,0,6,0,0,0,0,0,100.00%,0.00%,0.00%,0.00%,0.00%,0.00%,0.00%
20260126,19,第一網站股份有限公司,2838,mycard,13041,MW_320x480_加倍mycard,,,,53,53,53,0,0,53,53,0,0,100.00%,100.00%,0.00%,100.00%,100.00%,0.00%,0.00%
20260126,19,曾憲敏,202,85小說網,13445,MW_336X280_全量1_85小說網,,,,760,760,0,760,0,0,0,0,0,100.00%,0.00%,0.00%,0.00%,0.00%,0.00%,0.00%
20260126,19,曾憲敏,202,85小說網,13446,MW_336X280_全量2_85小說網,,,,"5,177","5,177",2,"5,175",0,2,2,0,0,100.00%,0.04%,0.00%,0.04%,0.04%,0.00%,0.00%
20260126,19,曾憲敏,601,85小說網_PC,13450,(子)CF_336x280_全量2_85小說網,,,子聯播網,128,128,0,128,0,0,0,0,0,100.00%,0.00%,0.00%,0.00%,0.00%,0.00%,0.00%
20260126,19,第一網站股份有限公司,2768,czbooks,13481,MW_300x250_banner_czbooks,antifroud,,子聯播網,"40,096","40,096",65,"40,031",14,51,51,0,0,100.00%,0.16%,0.03%,0.13%,0.13%,0.00%,0.00%
20260126,19,第一網站股份有限公司,2768,czbooks,13482,(子)CF_300x600_banner_czbooks(限時段),,,子聯播網,"22,263","22,263",40,"22,223",17,23,23,0,0,100.00%,0.18%,0.08%,0.10%,0.10%,0.00%,0.00%
20260126,19,第一網站股份有限公司,2768,czbooks,13483,(子)CF_970x250_banner_czbooks(限時段),,,子聯播網,"24,883","24,883",59,"24,824",34,25,25,0,0,100.00%,0.24%,0.14%,0.10%,0.10%,0.00%,0.00%
20260126,19,第一網站股份有限公司,2910,clickme,13548,(子)CF_300x250_banner_clickme(一般),,,子聯播網,517,517,24,493,24,0,0,0,0,100.00%,4.64%,4.64%,0.00%,0.00%,0.00%,0.00%
20260126,19,第一網站股份有限公司,2910,clickme,13549,CF_300x250_banner_clickme(一般),,,,321,321,0,321,0,0,0,0,0,100.00%,0.00%,0.00%,0.00%,0.00%,0.00%,0.00%
20260126,19,第一網站股份有限公司,2916,KiKiNote,13576,(子)CF_300x250_banner_kikinote,,知名媒體,子聯播網,975,968,24,944,18,6,6,0,0,99.28%,2.48%,1.86%,0.62%,0.62%,0.00%,0.00%
20260126,19,闇碼科技股份有限公司,2992,縮短網址產生器-reurl-exchange,13858,CF_300x250_網址下方左側_reurl,,知名媒體,,8,8,8,0,6,2,2,0,0,100.00%,100.00%,75.00%,25.00%,25.00%,0.00%,0.00%
20260126,19,闇碼科技股份有限公司,2992,縮短網址產生器-reurl-exchange,13861,CF_300x250_網址下方右側(PB)_reurl,,知名媒體,,78,78,74,4,68,6,6,0,0,100.00%,94.87%,87.18%,7.69%,7.69%,0.00%,0.00%
20260126,19,第一網站股份有限公司,2768,czbooks,13903,(子)CF_300x250_banner_czbooks(直播),antifroud,,子聯播網,"221,986","221,986",714,"221,272",302,412,412,0,0,100.00%,0.32%,0.14%,0.19%,0.19%,0.00%,0.00%
20260126,19,第一網站股份有限公司,2783,漫畫櫃manhuagui,13904,(子)CF_300x250_banner_manhuagui(直播),antifroud,,子聯播網,"58,635","58,635","1,572","57,063",159,"1,413","1,413",0,0,100.00%,2.68%,0.27%,2.41%,2.41%,0.00%,0.00%
20260126,19,第一網站股份有限公司,2768,czbooks,14036,MW_320x480_CZBOOKS,antifroud,,,114,114,0,114,0,0,0,0,0,100.00%,0.00%,0.00%,0.00%,0.00%,0.00%,0.00%
20260126,19,陳人鳳,480,飛格寵物家族_PC,1407,CF-728X90_上方通欄_飛格寵物家族,,,,19,19,2,17,0,2,2,0,0,100.00%,10.53%,0.00%,10.53%,10.53%,0.00%,0.00%
20260126,19,陳人鳳,480,飛格寵物家族_PC,1408,CF-300X250_內文_飛格寵物家族,,,,96,96,38,58,0,38,38,0,0,100.00%,39.58%,0.00%,39.58%,39.58%,0.00%,0.00%
20260126,19,闇碼科技股份有限公司,3048,縮短網址產生器-reurl,14210,MW_文中創意300x250_縮短網址產生器-reurl,,知名媒體,,253,252,95,157,80,15,15,0,0,99.60%,37.70%,31.75%,5.95%,5.95%,0.00%,0.00%
20260126,19,巨思文化股份有限公司,3052,經理人_HB,14238,MW_文章結束第一塊_300x250_經理人-HB,,知名媒體,,42,42,0,42,0,0,0,0,0,100.00%,0.00%,0.00%,0.00%,0.00%,0.00%,0.00%
20260126,19,巨思文化股份有限公司,3052,經理人_HB,14241,MW_300x250_內文下方_經理人-HB,,知名媒體,,42,42,0,42,0,0,0,0,0,100.00%,0.00%,0.00%,0.00%,0.00%,0.00%,0.00%
20260126,19,巨思文化股份有限公司,3053,數位時代_HB,14244,MW_300x250_文中第四塊_數位時代-HB,,知名媒體,,6,6,0,6,0,0,0,0,0,100.00%,0.00%,0.00%,0.00%,0.00%,0.00%,0.00%
20260126,19,巨思文化股份有限公司,3053,數位時代_HB,14246,MW_300x250_文章結束第一塊_數位時代-HB,,知名媒體,,12,12,0,12,0,0,0,0,0,100.00%,0.00%,0.00%,0.00%,0.00%,0.00%,0.00%
20260126,19,富盈數據股份有限公司,3059,塔科女子,14258,CF_336x280_全網_塔科女子,,知名媒體,,354,354,0,354,0,0,0,0,0,100.00%,0.00%,0.00%,0.00%,0.00%,0.00%,0.00%
20260126,19,CBROOT LTD,3003,包子漫畫-exchange,14291,MW_300x250_蓋板(PB)_包子漫畫,,,,120,120,0,120,0,0,0,0,0,100.00%,0.00%,0.00%,0.00%,0.00%,0.00%,0.00%
20260126,19,朱光宁,3152,石頭小說-exchange,14472,MW_336x280_Banner_石頭小說,,,,"4,020","4,020",3,"4,017",0,3,3,0,0,100.00%,0.07%,0.00%,0.07%,0.07%,0.00%,0.00%
20260126,19,朱光宁,3268,稷下書院-mobile,14737,MW_置底創意(非展開)_稷下書院-mobile,,,,12,12,0,12,0,0,0,0,0,100.00%,0.00%,0.00%,0.00%,0.00%,0.00%,0.00%
20260126,19,朱光宁,3149,稷下書院-exchange,14748,MW_320x100_置底(PB)_稷下書院,,,,"29,488","29,488",223,"29,265",124,99,99,0,0,100.00%,0.76%,0.42%,0.34%,0.34%,0.00%,0.00%
20260126,19,巨思文化股份有限公司,3053,數位時代_HB,14764,MW_置底創意_(非展開)_數位時代_HB,,知名媒體,,105,105,0,105,0,0,0,0,0,100.00%,0.00%,0.00%,0.00%,0.00%,0.00%,0.00%
20260126,19,中天電視股份有限公司,3282,中天新聞網-exchange,14980,CF_970x250_內頁_PC置頂橫幅-中天新聞網-exchange,,知名媒體,,62,62,8,54,8,0,0,0,0,100.00%,12.90%,12.90%,0.00%,0.00%,0.00%,0.00%
20260126,19,CBROOT LTD,3305,包子漫畫NEW-exchange,15143,(子)CF_970x250_Banner(直播)_包子漫畫(kukuc.co),,,子聯播網,12,12,0,12,0,0,0,0,0,100.00%,0.00%,0.00%,0.00%,0.00%,0.00%,0.00%
20260126,19,CBROOT LTD,3305,包子漫畫NEW-exchange,15145,(子)CF_970x250_指定流量Banner_包子漫畫(kukuc.co),antifroud,,子聯播網,990,990,0,990,0,0,0,0,0,100.00%,0.00%,0.00%,0.00%,0.00%,0.00%,0.00%
20260126,19,曾憲敏,3327,85小說網_創意,15228,MW-創意-85小說網,,,,30,30,0,30,0,0,0,0,0,100.00%,0.00%,0.00%,0.00%,0.00%,0.00%,0.00%
20260126,19,中天電視股份有限公司,3282,中天新聞網-exchange,15859,CF_336x280_內頁_PC右側互動看板B-中天新聞網-exchange,,知名媒體,,278,278,51,227,38,13,13,0,0,100.00%,18.35%,13.67%,4.68%,4.68%,0.00%,0.00%
20260126,19,CBROOT LTD,3352,西瓜卡通-exchange,15969,CF_728x90_影音內容_西瓜卡通-exchange,,,,46,46,0,46,0,0,0,0,0,100.00%,0.00%,0.00%,0.00%,0.00%,0.00%,0.00%
20260126,19,CBROOT LTD,3352,西瓜卡通-exchange,15970,CF_160x600_影音內容_西瓜卡通-exchange,,,,190,190,0,190,0,0,0,0,0,100.00%,0.00%,0.00%,0.00%,0.00%,0.00%,0.00%
20260126,19,時報資訊股份有限公司,2817,旺得富,16911,CF_300x250_Billboard_2nd_旺得富,,知名媒體,,26,26,0,26,0,0,0,0,0,100.00%,0.00%,0.00%,0.00%,0.00%,0.00%,0.00%
20260126,19,朱光宁,3360,提莫書屋-exchange,16957,MW_336x280banner_提莫書屋_exchange,,,,"19,160","19,160",118,"19,042",108,10,10,0,0,100.00%,0.62%,0.56%,0.05%,0.05%,0.00%,0.00%
20260126,19,朱光宁,3361,提莫書屋-mobile,16958,MW_置底創意_提莫書屋-mobile,,,,50,50,2,48,2,0,0,0,0,100.00%,4.00%,4.00%,0.00%,0.00%,0.00%,0.00%
20260126,19,朱光宁,3361,提莫書屋-mobile,16959,MW_320x480_文中創意_提莫書屋-mobile,,,,104,104,0,104,0,0,0,0,0,100.00%,0.00%,0.00%,0.00%,0.00%,0.00%,0.00%
20260126,19,欣發現股份有限公司,3365,Hami任務牆-mobile,16969,MW_置底創意_Hami任務牆,,知名媒體,,8,8,0,8,0,0,0,0,0,100.00%,0.00%,0.00%,0.00%,0.00%,0.00%,0.00%
20260126,19,欣發現股份有限公司,3364,女子學-mobile,16972,MW_置底創意_女子學,antifroud,,,14,14,0,14,0,0,0,0,0,100.00%,0.00%,0.00%,0.00%,0.00%,0.00%,0.00%
20260126,19,欣發現股份有限公司,3363,大人物-mobile,16973,MW_置底創意_大人物,,知名媒體,,6,6,0,6,0,0,0,0,0,100.00%,0.00%,0.00%,0.00%,0.00%,0.00%,0.00%
20260126,19,朱光宁,3149,稷下書院-exchange,17003,(子)CF_336x280_Banner(指定流量)_稷下書院-exchange,,,子聯播網,"1,647","1,647",36,"1,611",16,20,20,0,0,100.00%,2.19%,0.97%,1.21%,1.21%,0.00%,0.00%
20260126,19,第一網站股份有限公司,2783,漫畫櫃manhuagui,17027,MW_320x480_蓋版_漫畫櫃manhuagui,,,,59,59,0,59,0,0,0,0,0,100.00%,0.00%,0.00%,0.00%,0.00%,0.00%,0.00%
20260126,19,朱光宁,3149,稷下書院-exchange,17095,(子)MW_336x280_Banner_稷下書院-exchange,antifroud,,,"11,432","11,432",94,"11,338",30,64,64,0,0,100.00%,0.82%,0.26%,0.56%,0.56%,0.00%,0.00%
20260126,19,詠勝科技有限公司,3385,Mobile01_HB,17174,CF_970x250_超級橫幅_置底_Mobile01_HB,,知名媒體,,6,6,0,6,0,0,0,0,0,100.00%,0.00%,0.00%,0.00%,0.00%,0.00%,0.00%
20260126,19,詠勝科技有限公司,3385,Mobile01_HB,17178,CF_300x250_頻道頁_大看板_Mobile01_HB,,知名媒體,,105,105,2,103,0,2,2,0,0,100.00%,1.90%,0.00%,1.90%,1.90%,0.00%,0.00%
20260126,19,詠勝科技有限公司,3385,Mobile01_HB,17179,CF_300x250_熱門大看板_Mobile01_HB,,知名媒體,,"8,569","8,569",671,"7,898",0,671,671,0,0,100.00%,7.83%,0.00%,7.83%,7.83%,0.00%,0.00%
20260126,19,詠勝科技有限公司,3385,Mobile01_HB,17183,CF_300x600_大摩天_Mobile01_HB,,知名媒體,,"3,023","3,023",95,"2,928",0,95,95,0,0,100.00%,3.14%,0.00%,3.14%,3.14%,0.00%,0.00%
20260126,19,朱光宁,3268,稷下書院-mobile,17207,MW_320x480_蓋版_稷下書院-mobile,,,,567,567,0,567,0,0,0,0,0,100.00%,0.00%,0.00%,0.00%,0.00%,0.00%,0.00%
20260126,19,中華電視股份有限公司,3389,華視-mobile,17230,MW_置底創意(非展開)_華視-mobile,,知名媒體,,12,12,0,12,0,0,0,0,0,100.00%,0.00%,0.00%,0.00%,0.00%,0.00%,0.00%
20260126,19,李立娟,3395,vivi0視頻-exchange,17293,CF_336x280_Banner_vivi01視頻-exchange,antifroud,,,"33,547","33,547",104,"33,443",8,96,96,0,0,100.00%,0.31%,0.02%,0.29%,0.29%,0.00%,0.00%
20260126,19,李立娟,3395,vivi0視頻-exchange,17294,MW_336x280_Banner_vivi01視頻-exchange,antifroud,,,"24,906","24,906",68,"24,838",8,60,60,0,0,100.00%,0.27%,0.03%,0.24%,0.24%,0.00%,0.00%
20260126,19,李立娟,3397,趣聞圖說-exchange,17297,(子)MW_336x280_Banner_趣聞圖說-exchange,antifroud,,,"21,544","21,544",99,"21,445",57,42,42,0,0,100.00%,0.46%,0.26%,0.19%,0.19%,0.00%,0.00%
20260126,19,李立娟,3395,vivi0視頻-exchange,17299,MW_300x250_蓋板(PB)-vivi01視頻-exchange,,,,6,6,0,6,0,0,0,0,0,100.00%,0.00%,0.00%,0.00%,0.00%,0.00%,0.00%
20260126,19,李立娟,3395,vivi0視頻-exchange,17300,MW_320x100_置底(PB)_vivi01視頻-exchange,antifroud,,,965,965,0,965,0,0,0,0,0,100.00%,0.00%,0.00%,0.00%,0.00%,0.00%,0.00%
20260126,19,曾憲敏,601,85小說網_PC,1773,CF-300x250_85小說網_內文1,,,,162,162,2,160,2,0,0,0,0,100.00%,1.23%,1.23%,0.00%,0.00%,0.00%,0.00%
20260126,19,第一網站股份有限公司,2768,czbooks,17927,MW_置底創意_czbook,,,,"7,062","7,062",8,"7,054",0,8,8,0,0,100.00%,0.11%,0.00%,0.11%,0.11%,0.00%,0.00%
20260126,19,時報資訊股份有限公司_工商時報,3427,工商時報-exchange,18014,MW_300x250_文末Banner1_工商時報-exchange,,知名媒體,,151,151,0,151,0,0,0,0,0,100.00%,0.00%,0.00%,0.00%,0.00%,0.00%,0.00%
20260126,19,時報資訊股份有限公司_工商時報,3427,工商時報-exchange,18015,MW_300x250_文末Banner2_工商時報-exchange,,知名媒體,,196,196,0,196,0,0,0,0,0,100.00%,0.00%,0.00%,0.00%,0.00%,0.00%,0.00%
20260126,19,第一網站股份有限公司,3440,fsa_passback_first,18202,CF_300x250_fsa_passback_first,,,,"2,858","2,858",62,"2,796",6,56,56,0,0,100.00%,2.17%,0.21%,1.96%,1.96%,0.00%,0.00%
20260126,19,第一網站股份有限公司,3440,fsa_passback_first,18266,(子)CF_970x250_cfbanner_blog,,,子聯播網,808,808,0,808,0,0,0,0,0,100.00%,0.00%,0.00%,0.00%,0.00%,0.00%,0.00%
20260126,19,莊博凱,3455,夢遊電玩,18269,300x250 Banner,,,,36,36,0,36,0,0,0,0,0,100.00%,0.00%,0.00%,0.00%,0.00%,0.00%,0.00%
20260126,19,朱光宁,3268,稷下書院-mobile,18297,MW_置底創意(展開)_稷下書院-mobile,,,,264,264,0,264,0,0,0,0,0,100.00%,0.00%,0.00%,0.00%,0.00%,0.00%,0.00%
20260126,19,冰楓科技有限公司,3485,冰楓論壇-exchange,18487,CF_970x90_內文上方第一塊_冰楓論壇-exchange,,,,"1,307","1,307",8,"1,299",8,0,0,0,0,100.00%,0.61%,0.61%,0.00%,0.00%,0.00%,0.00%
20260126,19,冰楓科技有限公司,3485,冰楓論壇-exchange,18488,MW_320x100_內文上方第一塊_ 冰楓論壇-exchange,antifroud,,,22,22,0,22,0,0,0,0,0,100.00%,0.00%,0.00%,0.00%,0.00%,0.00%,0.00%
20260126,19,冰楓科技有限公司,3485,冰楓論壇-exchange,18492,MW_300x250_Banner_ 冰楓論壇-exchange,,,,557,557,6,551,6,0,0,0,0,100.00%,1.08%,1.08%,0.00%,0.00%,0.00%,0.00%
20260126,19,闇碼科技股份有限公司,3048,縮短網址產生器-reurl,18535,MW_蓋版_縮短網址產生器-reurl,,知名媒體,,6,6,0,6,0,0,0,0,0,100.00%,0.00%,0.00%,0.00%,0.00%,0.00%,0.00%
20260126,19,CBROOT LTD,3492,包子漫畫(特開流量)-exchange,18544,(子)CF_300x600_指定流量_包子漫畫(特開流量)-exchange,,,子聯播網,"7,822","7,822",110,"7,712",12,98,98,0,0,100.00%,1.41%,0.15%,1.25%,1.25%,0.00%,0.00%
20260126,19,CBROOT LTD,3492,包子漫畫(特開流量)-exchange,18545,(子)CF_970x250_指定時段_包子漫畫(特開流量)-exchange,,,子聯播網,"56,457","56,457",363,"56,094",10,353,353,0,0,100.00%,0.64%,0.02%,0.63%,0.63%,0.00%,0.00%
20260126,19,CBROOT LTD,3492,包子漫畫(特開流量)-exchange,18546,(子)CF_300x250_指定時段_包子漫畫(特開流量)-exchange,,,子聯播網,"186,576","186,576","1,012","185,564",141,871,871,0,0,100.00%,0.54%,0.08%,0.47%,0.47%,0.00%,0.00%
20260126,19,CBROOT LTD,3492,包子漫畫(特開流量)-exchange,18558,CF_970x250_指定時段_包子漫畫(特開流量PB)-exchange,,,,75,75,0,75,0,0,0,0,0,100.00%,0.00%,0.00%,0.00%,0.00%,0.00%,0.00%
20260126,19,CBROOT LTD,3510,包子漫畫_twmanga-exchange,18732,MW_336x280_Banner_包子漫畫_twmanga,,,子聯播網,"15,346","15,346",268,"15,078",246,22,22,0,0,100.00%,1.75%,1.60%,0.14%,0.14%,0.00%,0.00%
20260126,19,CBROOT LTD,3510,包子漫畫_twmanga-exchange,18735,CF_336x280_Banner_包子漫畫_twmanga-exchange,,,,59,59,0,59,0,0,0,0,0,100.00%,0.00%,0.00%,0.00%,0.00%,0.00%,0.00%
20260126,19,CBROOT LTD,3510,包子漫畫_twmanga-exchange,18736,CF_970x250_ 包子漫畫_twmanga-exchange,,,,382,382,53,329,11,42,42,0,0,100.00%,13.87%,2.88%,10.99%,10.99%,0.00%,0.00%
20260126,19,舒禾驊,3535,荷花動漫筆記,18887,CF_336x280_文章頁文中_荷花動漫筆記,,,,16,16,0,16,0,0,0,0,0,100.00%,0.00%,0.00%,0.00%,0.00%,0.00%,0.00%
20260126,19,台灣英文新聞股份有限公司,3537,台灣英文新聞(new)-exchange,18924,CF_300x250_內容頁_右側看版_1_台灣英文新聞(new)-exchange,,知名媒體,,103,103,20,83,18,2,2,0,0,100.00%,19.42%,17.48%,1.94%,1.94%,0.00%,0.00%
20260126,19,艾得基客行銷顧問股份有限公司,3373,良醫健康網,19009,MW_蓋板_良醫健康網,,知名媒體,,6,6,0,6,0,0,0,0,0,100.00%,0.00%,0.00%,0.00%,0.00%,0.00%,0.00%
20260126,19,聯合線上股份有限公司,3548,UDN遊戲角落,19015,CF_文章頁右上300x250_UDN遊戲角落,,知名媒體,,6,6,0,6,0,0,0,0,0,100.00%,0.00%,0.00%,0.00%,0.00%,0.00%,0.00%
20260126,19,聯合線上股份有限公司,3549,UDN元氣網,19018,CF_首頁文章推薦第三格300x250_UDN元氣網,,知名媒體,,6,6,0,6,0,0,0,0,0,100.00%,0.00%,0.00%,0.00%,0.00%,0.00%,0.00%
20260126,19,艾得基客行銷顧問股份有限公司,3552,玩具人,19044,MW_320x480_文中創意_玩具人,,知名媒體,,66,66,0,66,0,0,0,0,0,100.00%,0.00%,0.00%,0.00%,0.00%,0.00%,0.00%
20260126,19,第一網站股份有限公司,2783,漫畫櫃manhuagui,20685,MW_300X250_manhuagui,antifroud,,,"2,648","2,648",0,"2,648",0,0,0,0,0,100.00%,0.00%,0.00%,0.00%,0.00%,0.00%,0.00%
20260126,19,德榕企業有限公司,3578,TW Bodhi_mobile,20707,MW_置底創意_TW Bodhi,,,,73,73,2,71,0,2,2,0,0,100.00%,2.74%,0.00%,2.74%,2.74%,0.00%,0.00%
20260126,19,德榕企業有限公司,3578,TW Bodhi_mobile,20708,MW_蓋板_TW Bodhi,,,,673,673,4,669,0,4,4,0,0,100.00%,0.59%,0.00%,0.59%,0.59%,0.00%,0.00%
20260126,19,德榕企業有限公司,3578,TW Bodhi_mobile,20719,MW_文中創意300x250_TW Bodhi,,,,6,6,0,6,0,0,0,0,0,100.00%,0.00%,0.00%,0.00%,0.00%,0.00%,0.00%
20260126,19,德榕企業有限公司,3581,忘憂書屋,20727,CF_336x280文章頁(RWD)_忘憂書屋,,,,36,36,0,36,0,0,0,0,0,100.00%,0.00%,0.00%,0.00%,0.00%,0.00%,0.00%
20260126,19,德榕企業有限公司,3582,忘憂書屋_mobile,20728,MW_文中創意300x250_忘憂書屋,,,,34,34,0,34,0,0,0,0,0,100.00%,0.00%,0.00%,0.00%,0.00%,0.00%,0.00%
20260126,19,德榕企業有限公司,3582,忘憂書屋_mobile,20730,MW_置底創意_忘憂書屋,,,,78,78,0,78,0,0,0,0,0,100.00%,0.00%,0.00%,0.00%,0.00%,0.00%,0.00%
20260126,19,第一網站股份有限公司,2916,KiKiNote,20731,CF_300x250_banner_kikinote (PB),,知名媒體,,20,20,0,20,0,0,0,0,0,100.00%,0.00%,0.00%,0.00%,0.00%,0.00%,0.00%
20260126,19,第一網站股份有限公司,2910,clickme,20735,(子)CF_300x250_banner_clickme(成人),,,子聯播網,"6,638","6,638",206,"6,432",204,2,2,0,0,100.00%,3.10%,3.07%,0.03%,0.03%,0.00%,0.00%
20260126,19,第一網站股份有限公司,2768,czbooks,21412,(子)CF_970x250_banner_czbooks(限時段)-PB,,,子聯播網,16,16,0,16,0,0,0,0,0,100.00%,0.00%,0.00%,0.00%,0.00%,0.00%,0.00%
20260126,19,第一網站股份有限公司,3440,fsa_passback_first,21699,CF_336x280_fsa_passback_first,,,,12,12,0,12,0,0,0,0,0,100.00%,0.00%,0.00%,0.00%,0.00%,0.00%,0.00%
20260126,19,第一網站股份有限公司,3440,fsa_passback_first,21702,(子)CF_970x250_cfbanner_blog,,,,32,32,0,32,0,0,0,0,0,100.00%,0.00%,0.00%,0.00%,0.00%,0.00%,0.00%
20260126,19,富盈數據股份有限公司,3653,TVBS-女人我最大_HB,21760,MW_文章三_336x280_TVBS-女人我最大_HB,,知名媒體,,136,136,0,136,0,0,0,0,0,100.00%,0.00%,0.00%,0.00%,0.00%,0.00%,0.00%
20260126,19,富盈數據股份有限公司,3653,TVBS-女人我最大_HB,21761,MW_文章四_336x280_TVBS-女人我最大_HB,,知名媒體,,"1,089","1,089",2,"1,087",0,2,2,0,0,100.00%,0.18%,0.00%,0.18%,0.18%,0.00%,0.00%
20260126,19,富盈數據股份有限公司,3653,TVBS-女人我最大_HB,21763,MW_文中創意320x480_TVBS-女人我最大_HB,,知名媒體,,"1,044","1,044",2,"1,042",0,2,2,0,0,100.00%,0.19%,0.00%,0.19%,0.19%,0.00%,0.00%
20260126,19,富盈數據股份有限公司,3654,TVBS-健康2.0_HB,21764,CF_文章右側300x600_TVBS-健康2.0_HB,,知名媒體,,6,6,0,6,0,0,0,0,0,100.00%,0.00%,0.00%,0.00%,0.00%,0.00%,0.00%
20260126,19,富盈數據股份有限公司,3654,TVBS-健康2.0_HB,21768,MW_文中創意320x480_TVBS-健康2.0_HB,,知名媒體,,"6,287","6,287",10,"6,277",0,10,10,0,0,100.00%,0.16%,0.00%,0.16%,0.16%,0.00%,0.00%
20260126,19,富盈數據股份有限公司,3655,TVBS-食尚玩家_HB,21770,MW_文章三_336x280_TVBS-食尚玩家_HB,,知名媒體,,685,685,3,682,0,3,3,0,0,100.00%,0.44%,0.00%,0.44%,0.44%,0.00%,0.00%
20260126,19,富盈數據股份有限公司,3655,TVBS-食尚玩家_HB,21772,MW_文章置底_320x100_TVBS-食尚玩家_HB,,知名媒體,,66,66,0,66,0,0,0,0,0,100.00%,0.00%,0.00%,0.00%,0.00%,0.00%,0.00%
20260126,19,富盈數據股份有限公司,3655,TVBS-食尚玩家_HB,21773,MW_文中創意320x480_TVBS-食尚玩家_HB,,知名媒體,,"1,194","1,194",0,"1,194",0,0,0,0,0,100.00%,0.00%,0.00%,0.00%,0.00%,0.00%,0.00%
20260126,19,寶利拾股份有限公司,3652,愛料理_HB,21778,MW_Recipes_Top_336x280banner_愛料理_HB,,知名媒體,,6,6,0,6,0,0,0,0,0,100.00%,0.00%,0.00%,0.00%,0.00%,0.00%,0.00%
20260126,19,富盈數據股份有限公司,3653,TVBS-女人我最大_HB,21803,MW_文章一_336x280_TVBS-女人我最大_HB,,知名媒體,,20,20,0,20,0,0,0,0,0,100.00%,0.00%,0.00%,0.00%,0.00%,0.00%,0.00%
20260126,19,先驅媒體社會企業股份有限公司,3554,新頭殼(R18),21839,ＭＷ_336x280Banner_newtalk.tw_mobile_all_336280_2_新頭殼(R18),antifroud,知名媒體,,24,24,0,24,0,0,0,0,0,100.00%,0.00%,0.00%,0.00%,0.00%,0.00%,0.00%
20260126,19,先驅媒體社會企業股份有限公司,3554,新頭殼(R18),21840,ＭＷ_336x280Banner_newtalk.tw_mobile_all_336280_3_新頭殼(R18),,知名媒體,,6,6,0,6,0,0,0,0,0,100.00%,0.00%,0.00%,0.00%,0.00%,0.00%,0.00%
20260126,19,儂儂雜誌社股份有限公司(bella儂儂),2135,Bella儂儂_2024,21876,MW-300x250_文章標題上方1_Bella儂儂,,知名媒體,,"1,064","1,064",6,"1,058",0,6,6,0,0,100.00%,0.56%,0.00%,0.56%,0.56%,0.00%,0.00%
20260126,19,富盈數據股份有限公司,3680,TVBS-新聞網_HB,21898,CF_文章右側300x600_TVBS-新聞網_HB,,知名媒體,,36,36,1,35,0,1,1,0,0,100.00%,2.78%,0.00%,2.78%,2.78%,0.00%,0.00%
20260126,19,富盈數據股份有限公司,3680,TVBS-新聞網_HB,21899,MW_文章一_336x280_TVBS-新聞網_HB,,知名媒體,,"2,786","2,786",6,"2,780",0,6,6,0,0,100.00%,0.22%,0.00%,0.22%,0.22%,0.00%,0.00%
20260126,19,富盈數據股份有限公司,3680,TVBS-新聞網_HB,21900,MW_文章三_336x280_TVBS-新聞網_HB,,知名媒體,,82,82,2,80,2,0,0,0,0,100.00%,2.44%,2.44%,0.00%,0.00%,0.00%,0.00%
20260126,19,富盈數據股份有限公司,3680,TVBS-新聞網_HB,21902,MW_文章置底_320x100_TVBS-新聞網_HB,,知名媒體,,"2,067","2,067",6,"2,061",4,2,2,0,0,100.00%,0.29%,0.19%,0.10%,0.10%,0.00%,0.00%
20260126,19,富盈數據股份有限公司,3684,稅美人_mobile,21923,MW_置底創意(非展開)_稅美人-mobile,,,,"4,415","4,415",1,"4,414",0,1,1,0,0,100.00%,0.02%,0.00%,0.02%,0.02%,0.00%,0.00%
20260126,19,富盈數據股份有限公司,3685,玩桌遊_mobile,21924,MW_置底創意(非展開)_玩桌遊-mobile,,,,328,328,0,328,0,0,0,0,0,100.00%,0.00%,0.00%,0.00%,0.00%,0.00%,0.00%
20260126,19,富盈數據股份有限公司,2615,熱血台中,21986,CF_336x280_全網_熱血台中,,,,105,105,0,105,0,0,0,0,0,100.00%,0.00%,0.00%,0.00%,0.00%,0.00%,0.00%
20260126,19,富盈數據股份有限公司,2615,熱血台中,21987,CF_336x280_全網_熱血台中,,,,116,116,0,116,0,0,0,0,0,100.00%,0.00%,0.00%,0.00%,0.00%,0.00%,0.00%
20260126,19,富盈數據股份有限公司,3704,天天要聞,22030,CF_300 x 250 banner_天天要聞_cpc2,,,,"3,021","3,021",0,"3,021",0,0,0,0,0,100.00%,0.00%,0.00%,0.00%,0.00%,0.00%,0.00%
20260126,19,富盈數據股份有限公司,3703,繁體小說,22031,CF_300 x 250 banner_繁體小說_cpc2,,,,114,114,3,111,0,3,3,0,0,100.00%,2.63%,0.00%,2.63%,2.63%,0.00%,0.00%
20260126,19,朱光宁,3708,石頭小說,22045,CF_336 x 280 banner_石頭小說_cpc1.67,antifroud,,,"134,587","134,587",382,"134,205",176,206,206,0,0,100.00%,0.28%,0.13%,0.15%,0.15%,0.00%,0.00%
20260126,19,冠妍動力科技有限公司,484,小老婆汽機車資訊網,22058,MW_文中創意320x480_小老婆汽機車資訊網-測試,,知名媒體,,18,18,0,18,0,0,0,0,0,100.00%,0.00%,0.00%,0.00%,0.00%,0.00%,0.00%
20260126,19,朱光宁,3718,稷下書院2,22093,CF_336 x 280 banner_稷下書院2_cpc1.67,antifroud,,,"108,960","108,960",380,"108,580",112,268,268,0,0,100.00%,0.35%,0.10%,0.25%,0.25%,0.00%,0.00%
20260126,19,富盈數據股份有限公司,3680,TVBS-新聞網_HB,22131,CF_文中300x250_TVBS-新聞網_HB_1,,知名媒體,,6,6,0,6,0,0,0,0,0,100.00%,0.00%,0.00%,0.00%,0.00%,0.00%,0.00%
20260126,19,富盈數據股份有限公司,3680,TVBS-新聞網_HB,22132,CF_文中300x250_TVBS-新聞網_HB_2,,知名媒體,,170,170,4,166,1,3,3,0,0,100.00%,2.35%,0.59%,1.76%,1.76%,0.00%,0.00%
20260126,19,富盈數據股份有限公司,3680,TVBS-新聞網_HB,22133,CF_文中300x250_TVBS-新聞網_HB_3,,知名媒體,,588,588,47,541,13,34,34,0,0,100.00%,7.99%,2.21%,5.78%,5.78%,0.00%,0.00%
20260126,19,富盈數據股份有限公司,3730,Teepr 亮新聞 HB,22145,MW_336x280_文中創意_Teepr亮新聞 HB,,,,6,6,0,6,0,0,0,0,0,100.00%,0.00%,0.00%,0.00%,0.00%,0.00%,0.00%
20260126,19,闇碼科技股份有限公司,3048,縮短網址產生器-reurl,22213,MW_蓋版_縮短網址產生器-reurl-2025.05(特殊供量),,知名媒體,,334,333,200,133,168,32,32,0,0,99.70%,60.06%,50.45%,9.61%,9.61%,0.00%,0.00%
20260126,19,艾得基客行銷顧問股份有限公司,3724,上報,22217,MW_置底創意(非展開)_上報,,知名媒體,,"1,206","1,206",2,"1,204",0,2,2,0,0,100.00%,0.17%,0.00%,0.17%,0.17%,0.00%,0.00%
20260126,19,艾得基客行銷顧問股份有限公司,3724,上報,22218,MW_置底(展開)_上報,,知名媒體,,857,857,2,855,0,2,2,0,0,100.00%,0.23%,0.00%,0.23%,0.23%,0.00%,0.00%
20260126,19,艾得基客行銷顧問股份有限公司,2689,Basketball Top5,22219,MW_置底(展開)_Basketball TOP5,,,,80,80,0,80,0,0,0,0,0,100.00%,0.00%,0.00%,0.00%,0.00%,0.00%,0.00%
20260126,19,欣發現股份有限公司,3363,大人物-mobile,22222,MW_蓋板_大人物,,知名媒體,,12,12,0,12,0,0,0,0,0,100.00%,0.00%,0.00%,0.00%,0.00%,0.00%,0.00%
20260126,19,朱光宁,3741,石頭小說3,22396,MW_置底_石頭小說3,,,,20,20,0,20,0,0,0,0,0,100.00%,0.00%,0.00%,0.00%,0.00%,0.00%,0.00%
20260126,19,朱光宁,3741,石頭小說3,22398,CF_336 x 280 banner_石頭小說3_cpc1.67,,,,"11,935","11,935",22,"11,913",0,22,22,0,0,100.00%,0.18%,0.00%,0.18%,0.18%,0.00%,0.00%
20260126,19,朱光宁,3741,石頭小說3,22399,CF_320 x 480 橫幅_石頭小說3,,,,6,6,2,4,0,2,2,0,0,100.00%,33.33%,0.00%,33.33%,33.33%,0.00%,0.00%
20260126,19,闇碼科技股份有限公司,3068,限時圖片-imgus,22406,MW_置底_imgus,antifroud,,,60,60,0,60,0,0,0,0,0,100.00%,0.00%,0.00%,0.00%,0.00%,0.00%,0.00%
20260126,19,第一網站股份有限公司,2783,漫畫櫃manhuagui,22443,MW_置底_manhuagui,antifroud,,,"2,542","2,542",2,"2,540",0,2,2,0,0,100.00%,0.08%,0.00%,0.08%,0.08%,0.00%,0.00%
20260126,19,艾得基客行銷顧問股份有限公司,3490,太報,22495,MW_300x250 BANNER_太報_CPM5,,知名媒體,子聯播網,36,36,0,36,0,0,0,0,0,100.00%,0.00%,0.00%,0.00%,0.00%,0.00%,0.00%
20260126,19,艾得基客行銷顧問股份有限公司,2689,Basketball Top5,22498,MW_300x250 Banner_Basketball TOP5_CPM5,,,子聯播網,110,110,0,110,0,0,0,0,0,100.00%,0.00%,0.00%,0.00%,0.00%,0.00%,0.00%
20260126,19,艾得基客行銷顧問股份有限公司,2578,鉅亨網,22507,MW_300x250_鉅亨網_直播用BN-1,,知名媒體,子聯播網,"4,805","4,805",15,"4,790",0,15,15,0,0,100.00%,0.31%,0.00%,0.31%,0.31%,0.00%,0.00%
20260126,19,艾得基客行銷顧問股份有限公司,3752,ＭoneyDJ,22514,MW_文中創意320x480_MoneyDJ,antifroud,知名媒體,,72,72,0,72,0,0,0,0,0,100.00%,0.00%,0.00%,0.00%,0.00%,0.00%,0.00%
20260126,19,李承翰-webptt,718,Web批踢踢(RWD),2284,MW-蓋板_文中_Web批踢踢,antifroud,,,18,18,0,18,0,0,0,0,0,100.00%,0.00%,0.00%,0.00%,0.00%,0.00%,0.00%
20260126,19,麥智維,999,動漫戲說,3543,CF-728*90-內文上方-動漫戲說,antifroud,,,70,70,0,70,0,0,0,0,0,100.00%,0.00%,0.00%,0.00%,0.00%,0.00%,0.00%
20260126,19,技達創意資訊有限公司,1299,泰好網,4734,MW-320*100-首頁、內文上方-泰好網,,,,24,24,0,24,0,0,0,0,0,100.00%,0.00%,0.00%,0.00%,0.00%,0.00%,0.00%
20260126,19,陈晋福,1367,電視超人,4997,CF-300X250-電視超人,,,,62,62,0,62,0,0,0,0,0,100.00%,0.00%,0.00%,0.00%,0.00%,0.00%,0.00%
20260126,19,麥智維,999,動漫戲說,6069,CF-300*250-首頁-動漫戲說,,,,26,26,0,26,0,0,0,0,0,100.00%,0.00%,0.00%,0.00%,0.00%,0.00%,0.00%
20260126,19,全曜財經資訊股份有限公司,1902,Cmoney-Mobile,7293,MW_置底創意(非展開)_Cmoney,antifroud,知名媒體,,46,46,0,46,0,0,0,0,0,100.00%,0.00%,0.00%,0.00%,0.00%,0.00%,0.00%
20260126,19,精鏡傳媒股份有限公司,1060,鏡週刊,8250,MW_置底創意(非展開)_鏡週刊,,知名媒體,,18,18,0,18,0,0,0,0,0,100.00%,0.00%,0.00%,0.00%,0.00%,0.00%,0.00%
20260126,19,巧克科技新媒體股份有限公司,2127,LINE TV_Banner-exchange,8576,CF_336x280_戲劇-右側好康資訊下方_LINE TV-exchange,,知名媒體,,49,49,0,49,0,0,0,0,0,100.00%,0.00%,0.00%,0.00%,0.00%,0.00%,0.00%
20260126,19,巧克科技新媒體股份有限公司,2127,LINE TV_Banner-exchange,8577,CF_336x280_戲劇-右側好康資訊上方_LINE TV-exchange,,知名媒體,,88,88,0,88,0,0,0,0,0,100.00%,0.00%,0.00%,0.00%,0.00%,0.00%,0.00%
20260126,19,見聞科技有限公司,2251,就是節目表,9233,MW-300x250-節目表文中-就是節目表,,,,6,6,0,6,0,0,0,0,0,100.00%,0.00%,0.00%,0.00%,0.00%,0.00%,0.00%
20260126,19,冰楓科技有限公司,1711,冰楓短網址,9308,ＭＷ-300X250-跳轉頁下方-冰楓短網址,,,,6,6,0,6,0,0,0,0,0,100.00%,0.00%,0.00%,0.00%,0.00%,0.00%,0.00%
20260126,19,高政德,1015,小鎮資訊,9426,(子)CF_300x250_全網指定時段_小鎮資訊,,,子聯播網,6,6,6,0,4,2,2,0,0,100.00%,100.00%,66.67%,33.33%,33.33%,0.00%,0.00%
20260126,19,蔡瑞文,300,樂透彩幸運發財網,9470,MW-置底-樂透幸運發財網,antifroud,知名媒體,,50,50,0,50,0,0,0,0,0,100.00%,0.00%,0.00%,0.00%,0.00%,0.00%,0.00%
20260126,19,高政德,1015,小鎮資訊,9597,(子)CF_300x600_全網指定時段_小鎮資訊,,,子聯播網,15,15,15,0,9,6,6,0,0,100.00%,100.00%,60.00%,40.00%,40.00%,0.00%,0.00%
20260126,20,英屬維京群島商浩美數位有限公司台灣分公司,2315,Teepr亮新聞-exchange,10012,CF_336x280Banner_Teepr亮新聞-exchange,,知名媒體,,893,893,16,877,6,10,10,0,0,100.00%,1.79%,0.67%,1.12%,1.12%,0.00%,0.00%
20260126,20,第一網站股份有限公司,2300,keketravel,10594,(子)CF_336x280_keketravel,,,子聯播網,75,75,0,75,0,0,0,0,0,100.00%,0.00%,0.00%,0.00%,0.00%,0.00%,0.00%
20260126,20,昱得資訊工作室,2528,數位書香,11080,CF_728x90_首頁上方_數位書香,antifroud,,,32,32,3,29,0,3,3,0,0,100.00%,9.38%,0.00%,9.38%,9.38%,0.00%,0.00%
20260126,20,昱得資訊工作室,2528,數位書香,11081,CF_160x600_首頁右側_數位書香,antifroud,,,698,698,3,695,0,3,3,0,0,100.00%,0.43%,0.00%,0.43%,0.43%,0.00%,0.00%
20260126,20,第一網站股份有限公司,2518,麻辣家族討論區(twbts),11082,CF-728X90-twbts,antifroud,,,150,150,0,150,0,0,0,0,0,100.00%,0.00%,0.00%,0.00%,0.00%,0.00%,0.00%
20260126,20,第一網站股份有限公司,2492,ttshow,11273,MW-300X250-ttshow,,知名媒體,,18,18,0,18,0,0,0,0,0,100.00%,0.00%,0.00%,0.00%,0.00%,0.00%,0.00%
20260126,20,第一網站股份有限公司,2601,Meme梗圖倉庫,11443,CF-336X280-meme,,,,209,209,0,209,0,0,0,0,0,100.00%,0.00%,0.00%,0.00%,0.00%,0.00%,0.00%
20260126,20,第一網站股份有限公司,2540,risu短網址,12496,CF_300x250_popup(直播) _risu短網址,antifroud,知名媒體,,42,42,0,42,0,0,0,0,0,100.00%,0.00%,0.00%,0.00%,0.00%,0.00%,0.00%
20260126,20,時報資訊股份有限公司,2770,中時電子報_HB,12559,CF_300x250_右側互動看版_中時電子報_HB,,知名媒體,,95,95,18,77,7,11,11,0,0,100.00%,18.95%,7.37%,11.58%,11.58%,0.00%,0.00%
20260126,20,時報資訊股份有限公司,2770,中時電子報_HB,12560,CF_336x280_文中看板_中時電子報_HB,,知名媒體,,85,85,16,69,7,9,9,0,0,100.00%,18.82%,8.24%,10.59%,10.59%,0.00%,0.00%
20260126,20,時報資訊股份有限公司,2770,中時電子報_HB,12561,MW_300x250_內頁TOP Banner_中時電子報_HB,antifroud,知名媒體,,625,625,2,623,0,2,2,0,0,100.00%,0.32%,0.00%,0.32%,0.32%,0.00%,0.00%
20260126,20,第一網站股份有限公司,2768,czbooks,12570,CF_728x90_banner_czbooks,,,,"58,619","58,619",123,"58,496",59,64,64,0,0,100.00%,0.21%,0.10%,0.11%,0.11%,0.00%,0.00%
20260126,20,鳳梨傳媒股份有限公司,2190,民視新聞網-Exchange,12579,CF_300x250_右側第一塊_民視新聞網-Exchange(RWD)(MCM),,知名媒體,,"5,277","5,277",39,"5,238",28,11,11,0,0,100.00%,0.74%,0.53%,0.21%,0.21%,0.00%,0.00%
20260126,20,鳳梨傳媒股份有限公司,2190,民視新聞網-Exchange,12580,CF_300x250_內文文中左側_民視新聞網-Exchange(RWD)(MCM),,知名媒體,,"4,995","4,993",85,"4,908",51,34,34,0,0,99.96%,1.70%,1.02%,0.68%,0.68%,0.00%,0.00%
20260126,20,第一網站股份有限公司,2783,漫畫櫃manhuagui,12676,CF_728X90_manhuagui,antifroud,,,"63,600","63,600",609,"62,991",425,184,184,0,0,100.00%,0.96%,0.67%,0.29%,0.29%,0.00%,0.00%
20260126,20,艾得基客行銷顧問股份有限公司,2635,工商時報,12761,MW_320x480_文中創意_工商時報new,,知名媒體,,265,265,0,265,0,0,0,0,0,100.00%,0.00%,0.00%,0.00%,0.00%,0.00%,0.00%
20260126,20,金隼行銷股份有限公司,2786,91譜,12792,MW_置底創意_91譜,,知名媒體,,6,6,0,6,0,0,0,0,0,100.00%,0.00%,0.00%,0.00%,0.00%,0.00%,0.00%
20260126,20,第一網站股份有限公司,2801,damanwoo,12868,CF-300x250_Banner_damanwoo_大人物,,,,42,42,0,42,0,0,0,0,0,100.00%,0.00%,0.00%,0.00%,0.00%,0.00%,0.00%
20260126,20,永悅健康股份有限公司,2813,早安樂活,12927,MW_置底創意(非展開)_早安樂活,,知名媒體,,24,24,0,24,0,0,0,0,0,100.00%,0.00%,0.00%,0.00%,0.00%,0.00%,0.00%
20260126,20,第一網站股份有限公司,2820,星座好朋友(horofriend88),12966,MW_320x100_horofriend88,antifroud,,,58,58,0,58,0,0,0,0,0,100.00%,0.00%,0.00%,0.00%,0.00%,0.00%,0.00%
20260126,20,第一網站股份有限公司,2836,vivi01,13032,MW_置底創意_vivi01 ViVi視頻,,,,6,6,0,6,0,0,0,0,0,100.00%,0.00%,0.00%,0.00%,0.00%,0.00%,0.00%
20260126,20,第一網站股份有限公司,2862,Manhuaren,13254,MW_320x100_banner_manhuaren,,,,6,6,0,6,0,0,0,0,0,100.00%,0.00%,0.00%,0.00%,0.00%,0.00%,0.00%
20260126,20,譚謹恩,2885,Mr. & Mrs. Diary-exchange,13406,MW_300x250_內文文中-Mr. & Mrs. Diary-exchange,,,,9,9,0,9,0,0,0,0,0,100.00%,0.00%,0.00%,0.00%,0.00%,0.00%,0.00%
20260126,20,曾憲敏,202,85小說網,13445,MW_336X280_全量1_85小說網,,,,836,836,0,836,0,0,0,0,0,100.00%,0.00%,0.00%,0.00%,0.00%,0.00%,0.00%
20260126,20,曾憲敏,202,85小說網,13446,MW_336X280_全量2_85小說網,,,,"6,149","6,149",0,"6,149",0,0,0,0,0,100.00%,0.00%,0.00%,0.00%,0.00%,0.00%,0.00%
20260126,20,曾憲敏,601,85小說網_PC,13450,(子)CF_336x280_全量2_85小說網,,,子聯播網,230,230,0,230,0,0,0,0,0,100.00%,0.00%,0.00%,0.00%,0.00%,0.00%,0.00%
20260126,20,第一網站股份有限公司,2768,czbooks,13481,MW_300x250_banner_czbooks,antifroud,,子聯播網,"212,617","212,617",585,"212,032",199,386,386,0,0,100.00%,0.28%,0.09%,0.18%,0.18%,0.00%,0.00%
20260126,20,第一網站股份有限公司,2768,czbooks,13482,(子)CF_300x600_banner_czbooks(限時段),,,子聯播網,"59,714","59,714",109,"59,605",52,57,57,0,0,100.00%,0.18%,0.09%,0.10%,0.10%,0.00%,0.00%
20260126,20,第一網站股份有限公司,2768,czbooks,13483,(子)CF_970x250_banner_czbooks(限時段),,,子聯播網,"65,728","65,728",130,"65,598",70,60,60,0,0,100.00%,0.20%,0.11%,0.09%,0.09%,0.00%,0.00%
20260126,20,第一網站股份有限公司,2910,clickme,13548,(子)CF_300x250_banner_clickme(一般),,,子聯播網,"1,243","1,243",10,"1,233",10,0,0,0,0,100.00%,0.80%,0.80%,0.00%,0.00%,0.00%,0.00%
20260126,20,第一網站股份有限公司,2910,clickme,13549,CF_300x250_banner_clickme(一般),,,,235,235,0,235,0,0,0,0,0,100.00%,0.00%,0.00%,0.00%,0.00%,0.00%,0.00%
20260126,20,第一網站股份有限公司,2916,KiKiNote,13576,(子)CF_300x250_banner_kikinote,,知名媒體,子聯播網,"2,147","2,147",33,"2,114",8,25,25,0,0,100.00%,1.54%,0.37%,1.16%,1.16%,0.00%,0.00%
20260126,20,闇碼科技股份有限公司,2992,縮短網址產生器-reurl-exchange,13848,CF_300x250_轉址失敗_最右邊_reurl,,知名媒體,,12,12,0,12,0,0,0,0,0,100.00%,0.00%,0.00%,0.00%,0.00%,0.00%,0.00%
20260126,20,闇碼科技股份有限公司,2992,縮短網址產生器-reurl-exchange,13856,CF_300x250_轉址失敗頁第二塊_reurl,,知名媒體,,18,18,6,12,2,4,4,0,0,100.00%,33.33%,11.11%,22.22%,22.22%,0.00%,0.00%
20260126,20,闇碼科技股份有限公司,2992,縮短網址產生器-reurl-exchange,13858,CF_300x250_網址下方左側_reurl,,知名媒體,,24,24,8,16,4,4,4,0,0,100.00%,33.33%,16.67%,16.67%,16.67%,0.00%,0.00%
20260126,20,闇碼科技股份有限公司,2992,縮短網址產生器-reurl-exchange,13860,CF_300x250_網址下方右側_reurl,,知名媒體,,32,32,15,17,7,8,8,0,0,100.00%,46.88%,21.88%,25.00%,25.00%,0.00%,0.00%
20260126,20,闇碼科技股份有限公司,2992,縮短網址產生器-reurl-exchange,13861,CF_300x250_網址下方右側(PB)_reurl,,知名媒體,,"2,978","2,978","2,950",28,"2,930",20,20,0,0,100.00%,99.06%,98.39%,0.67%,0.67%,0.00%,0.00%
20260126,20,第一網站股份有限公司,2768,czbooks,13903,(子)CF_300x250_banner_czbooks(直播),antifroud,,子聯播網,"260,185","260,185",595,"259,590",299,296,296,0,0,100.00%,0.23%,0.11%,0.11%,0.11%,0.00%,0.00%
20260126,20,第一網站股份有限公司,2783,漫畫櫃manhuagui,13904,(子)CF_300x250_banner_manhuagui(直播),antifroud,,子聯播網,"176,516","176,516","8,861","167,655","1,284","7,577","7,577",0,0,100.00%,5.02%,0.73%,4.29%,4.29%,0.00%,0.00%
20260126,20,第一網站股份有限公司,2768,czbooks,14036,MW_320x480_CZBOOKS,antifroud,,,87,87,0,87,0,0,0,0,0,100.00%,0.00%,0.00%,0.00%,0.00%,0.00%,0.00%
20260126,20,陳人鳳,480,飛格寵物家族_PC,1407,CF-728X90_上方通欄_飛格寵物家族,,,,18,18,2,16,0,2,2,0,0,100.00%,11.11%,0.00%,11.11%,11.11%,0.00%,0.00%
20260126,20,陳人鳳,480,飛格寵物家族_PC,1408,CF-300X250_內文_飛格寵物家族,,,,52,52,21,31,0,21,21,0,0,100.00%,40.38%,0.00%,40.38%,40.38%,0.00%,0.00%
20260126,20,飛凡傳播股份有限公司,1921,非凡新聞台-exchange,14188,MW_300x250_內文上方_非凡新聞-exchange,antifroud,知名媒體,,6,6,0,6,0,0,0,0,0,100.00%,0.00%,0.00%,0.00%,0.00%,0.00%,0.00%
20260126,20,飛凡傳播股份有限公司,1921,非凡新聞台-exchange,14189,CF_300x600_右側下方_非凡新聞-exchange,antifroud,知名媒體,,6,6,0,6,0,0,0,0,0,100.00%,0.00%,0.00%,0.00%,0.00%,0.00%,0.00%
20260126,20,闇碼科技股份有限公司,3048,縮短網址產生器-reurl,14210,MW_文中創意300x250_縮短網址產生器-reurl,,知名媒體,,"3,231","3,231","2,970",261,"2,932",38,38,0,0,100.00%,91.92%,90.75%,1.18%,1.18%,0.00%,0.00%
20260126,20,巨思文化股份有限公司,3052,經理人_HB,14238,MW_文章結束第一塊_300x250_經理人-HB,,知名媒體,,12,12,0,12,0,0,0,0,0,100.00%,0.00%,0.00%,0.00%,0.00%,0.00%,0.00%
20260126,20,巨思文化股份有限公司,3052,經理人_HB,14241,MW_300x250_內文下方_經理人-HB,,知名媒體,,12,12,0,12,0,0,0,0,0,100.00%,0.00%,0.00%,0.00%,0.00%,0.00%,0.00%
20260126,20,富盈數據股份有限公司,3059,塔科女子,14258,CF_336x280_全網_塔科女子,,知名媒體,,546,546,6,540,6,0,0,0,0,100.00%,1.10%,1.10%,0.00%,0.00%,0.00%,0.00%
20260126,20,CBROOT LTD,3003,包子漫畫-exchange,14291,MW_300x250_蓋板(PB)_包子漫畫,,,,554,554,2,552,2,0,0,0,0,100.00%,0.36%,0.36%,0.00%,0.00%,0.00%,0.00%
20260126,20,朱光宁,3152,石頭小說-exchange,14472,MW_336x280_Banner_石頭小說,,,,"6,124","6,124",7,"6,117",0,7,7,0,0,100.00%,0.11%,0.00%,0.11%,0.11%,0.00%,0.00%
20260126,20,朱光宁,3149,稷下書院-exchange,14748,MW_320x100_置底(PB)_稷下書院,,,,"32,992","32,992",222,"32,770",102,120,120,0,0,100.00%,0.67%,0.31%,0.36%,0.36%,0.00%,0.00%
20260126,20,巨思文化股份有限公司,3053,數位時代_HB,14764,MW_置底創意_(非展開)_數位時代_HB,,知名媒體,,48,48,0,48,0,0,0,0,0,100.00%,0.00%,0.00%,0.00%,0.00%,0.00%,0.00%
20260126,20,中天電視股份有限公司,3282,中天新聞網-exchange,14980,CF_970x250_內頁_PC置頂橫幅-中天新聞網-exchange,,知名媒體,,278,278,60,218,46,14,14,0,0,100.00%,21.58%,16.55%,5.04%,5.04%,0.00%,0.00%
20260126,20,CBROOT LTD,3305,包子漫畫NEW-exchange,15145,(子)CF_970x250_指定流量Banner_包子漫畫(kukuc.co),antifroud,,子聯播網,"1,751","1,751",0,"1,751",0,0,0,0,0,100.00%,0.00%,0.00%,0.00%,0.00%,0.00%,0.00%
20260126,20,曾憲敏,3327,85小說網_創意,15227,MW-300X250_85小說網_隨身影音PB,,,,6,6,0,6,0,0,0,0,0,100.00%,0.00%,0.00%,0.00%,0.00%,0.00%,0.00%
20260126,20,曾憲敏,3327,85小說網_創意,15228,MW-創意-85小說網,,,,38,38,0,38,0,0,0,0,0,100.00%,0.00%,0.00%,0.00%,0.00%,0.00%,0.00%
20260126,20,中天電視股份有限公司,3282,中天新聞網-exchange,15859,CF_336x280_內頁_PC右側互動看板B-中天新聞網-exchange,,知名媒體,,407,405,76,329,52,24,24,0,0,99.51%,18.77%,12.84%,5.93%,5.93%,0.00%,0.00%
20260126,20,CBROOT LTD,3352,西瓜卡通-exchange,15969,CF_728x90_影音內容_西瓜卡通-exchange,,,,86,86,0,86,0,0,0,0,0,100.00%,0.00%,0.00%,0.00%,0.00%,0.00%,0.00%
20260126,20,CBROOT LTD,3352,西瓜卡通-exchange,15970,CF_160x600_影音內容_西瓜卡通-exchange,,,,435,435,0,435,0,0,0,0,0,100.00%,0.00%,0.00%,0.00%,0.00%,0.00%,0.00%
20260126,20,時報資訊股份有限公司,2817,旺得富,16910,CF_300x250_Billboard_1s_旺得富,,知名媒體,,30,30,0,30,0,0,0,0,0,100.00%,0.00%,0.00%,0.00%,0.00%,0.00%,0.00%
20260126,20,時報資訊股份有限公司,2817,旺得富,16911,CF_300x250_Billboard_2nd_旺得富,,知名媒體,,55,55,0,55,0,0,0,0,0,100.00%,0.00%,0.00%,0.00%,0.00%,0.00%,0.00%
20260126,20,葉志斌,2745,繁中寶可夢卡表生成器-奶爸工作室-exchange,16950,CF_160x600_Banner_繁中寶可夢卡表生成器-奶爸工作室-exchange,,,,6,6,0,6,0,0,0,0,0,100.00%,0.00%,0.00%,0.00%,0.00%,0.00%,0.00%
20260126,20,葉志斌,2745,繁中寶可夢卡表生成器-奶爸工作室-exchange,16951,CF_300x600_Banner_繁中寶可夢卡表生成器-奶爸工作室-exchange,,,,213,213,0,213,0,0,0,0,0,100.00%,0.00%,0.00%,0.00%,0.00%,0.00%,0.00%
20260126,20,朱光宁,3360,提莫書屋-exchange,16957,MW_336x280banner_提莫書屋_exchange,,,,"21,125","21,125",78,"21,047",73,5,5,0,0,100.00%,0.37%,0.35%,0.02%,0.02%,0.00%,0.00%
20260126,20,朱光宁,3361,提莫書屋-mobile,16959,MW_320x480_文中創意_提莫書屋-mobile,,,,118,118,2,116,2,0,0,0,0,100.00%,1.69%,1.69%,0.00%,0.00%,0.00%,0.00%
20260126,20,朱光宁,3149,稷下書院-exchange,17003,(子)CF_336x280_Banner(指定流量)_稷下書院-exchange,,,子聯播網,"7,779","7,779",204,"7,575",140,64,64,0,0,100.00%,2.62%,1.80%,0.82%,0.82%,0.00%,0.00%
20260126,20,第一網站股份有限公司,2783,漫畫櫃manhuagui,17027,MW_320x480_蓋版_漫畫櫃manhuagui,,,,18,18,0,18,0,0,0,0,0,100.00%,0.00%,0.00%,0.00%,0.00%,0.00%,0.00%
20260126,20,朱光宁,3149,稷下書院-exchange,17095,(子)MW_336x280_Banner_稷下書院-exchange,antifroud,,,"26,809","26,809",242,"26,567",46,196,196,0,0,100.00%,0.90%,0.17%,0.73%,0.73%,0.00%,0.00%
20260126,20,詠勝科技有限公司,3385,Mobile01_HB,17174,CF_970x250_超級橫幅_置底_Mobile01_HB,,知名媒體,,12,12,0,12,0,0,0,0,0,100.00%,0.00%,0.00%,0.00%,0.00%,0.00%,0.00%
20260126,20,詠勝科技有限公司,3385,Mobile01_HB,17178,CF_300x250_頻道頁_大看板_Mobile01_HB,,知名媒體,,286,286,0,286,0,0,0,0,0,100.00%,0.00%,0.00%,0.00%,0.00%,0.00%,0.00%
20260126,20,詠勝科技有限公司,3385,Mobile01_HB,17179,CF_300x250_熱門大看板_Mobile01_HB,,知名媒體,,"12,747","12,747",824,"11,923",2,822,822,0,0,100.00%,6.46%,0.02%,6.45%,6.45%,0.00%,0.00%
20260126,20,詠勝科技有限公司,3385,Mobile01_HB,17183,CF_300x600_大摩天_Mobile01_HB,,知名媒體,,"6,409","6,409",119,"6,290",0,119,119,0,0,100.00%,1.86%,0.00%,1.86%,1.86%,0.00%,0.00%
20260126,20,朱光宁,3268,稷下書院-mobile,17207,MW_320x480_蓋版_稷下書院-mobile,,,,618,618,0,618,0,0,0,0,0,100.00%,0.00%,0.00%,0.00%,0.00%,0.00%,0.00%
20260126,20,中華電視股份有限公司,3389,華視-mobile,17230,MW_置底創意(非展開)_華視-mobile,,知名媒體,,12,12,0,12,0,0,0,0,0,100.00%,0.00%,0.00%,0.00%,0.00%,0.00%,0.00%
20260126,20,李立娟,3395,vivi0視頻-exchange,17293,CF_336x280_Banner_vivi01視頻-exchange,antifroud,,,"34,973","34,973",71,"34,902",16,55,55,0,0,100.00%,0.20%,0.05%,0.16%,0.16%,0.00%,0.00%
20260126,20,李立娟,3395,vivi0視頻-exchange,17294,MW_336x280_Banner_vivi01視頻-exchange,antifroud,,,"25,836","25,836",60,"25,776",24,36,36,0,0,100.00%,0.23%,0.09%,0.14%,0.14%,0.00%,0.00%
20260126,20,李立娟,3397,趣聞圖說-exchange,17297,(子)MW_336x280_Banner_趣聞圖說-exchange,antifroud,,,"112,472","112,472",659,"111,813",344,315,315,0,0,100.00%,0.59%,0.31%,0.28%,0.28%,0.00%,0.00%
20260126,20,李立娟,3395,vivi0視頻-exchange,17299,MW_300x250_蓋板(PB)-vivi01視頻-exchange,,,,52,52,0,52,0,0,0,0,0,100.00%,0.00%,0.00%,0.00%,0.00%,0.00%,0.00%
20260126,20,李立娟,3395,vivi0視頻-exchange,17300,MW_320x100_置底(PB)_vivi01視頻-exchange,antifroud,,,"1,059","1,059",0,"1,059",0,0,0,0,0,100.00%,0.00%,0.00%,0.00%,0.00%,0.00%,0.00%
20260126,20,李立娟,3397,趣聞圖說-exchange,17309,MW_336x280_文中Banner_趣聞圖說-exchange,,,,6,6,0,6,0,0,0,0,0,100.00%,0.00%,0.00%,0.00%,0.00%,0.00%,0.00%
20260126,20,曾憲敏,601,85小說網_PC,1773,CF-300x250_85小說網_內文1,,,,274,274,6,268,0,6,6,0,0,100.00%,2.19%,0.00%,2.19%,2.19%,0.00%,0.00%
20260126,20,第一網站股份有限公司,2768,czbooks,17927,MW_置底創意_czbook,,,,"3,772","3,772",7,"3,765",0,7,7,0,0,100.00%,0.19%,0.00%,0.19%,0.19%,0.00%,0.00%
20260126,20,第一網站股份有限公司,3420,ftvnews,17970,MW_300x250_內文_ftvnews,,知名媒體,,12,12,0,12,0,0,0,0,0,100.00%,0.00%,0.00%,0.00%,0.00%,0.00%,0.00%
20260126,20,時報資訊股份有限公司_工商時報,3427,工商時報-exchange,18003,CF_300x250_互動看板2_工商時報-exchange,,知名媒體,,24,24,5,19,0,5,5,0,0,100.00%,20.83%,0.00%,20.83%,20.83%,0.00%,0.00%
20260126,20,時報資訊股份有限公司_工商時報,3427,工商時報-exchange,18014,MW_300x250_文末Banner1_工商時報-exchange,,知名媒體,,95,95,0,95,0,0,0,0,0,100.00%,0.00%,0.00%,0.00%,0.00%,0.00%,0.00%
20260126,20,時報資訊股份有限公司_工商時報,3427,工商時報-exchange,18015,MW_300x250_文末Banner2_工商時報-exchange,,知名媒體,,120,120,0,120,0,0,0,0,0,100.00%,0.00%,0.00%,0.00%,0.00%,0.00%,0.00%
20260126,20,第一網站股份有限公司,3440,fsa_passback_first,18202,CF_300x250_fsa_passback_first,,,,285,285,0,285,0,0,0,0,0,100.00%,0.00%,0.00%,0.00%,0.00%,0.00%,0.00%
20260126,20,第一網站股份有限公司,3440,fsa_passback_first,18266,(子)CF_970x250_cfbanner_blog,,,子聯播網,639,639,0,639,0,0,0,0,0,100.00%,0.00%,0.00%,0.00%,0.00%,0.00%,0.00%
20260126,20,莊博凱,3455,夢遊電玩,18269,300x250 Banner,,,,18,18,0,18,0,0,0,0,0,100.00%,0.00%,0.00%,0.00%,0.00%,0.00%,0.00%
20260126,20,朱光宁,3268,稷下書院-mobile,18297,MW_置底創意(展開)_稷下書院-mobile,,,,216,216,0,216,0,0,0,0,0,100.00%,0.00%,0.00%,0.00%,0.00%,0.00%,0.00%
20260126,20,冰楓科技有限公司,3485,冰楓論壇-exchange,18487,CF_970x90_內文上方第一塊_冰楓論壇-exchange,,,,"1,401","1,399",2,"1,397",2,0,0,0,0,99.86%,0.14%,0.14%,0.00%,0.00%,0.00%,0.00%
20260126,20,冰楓科技有限公司,3485,冰楓論壇-exchange,18488,MW_320x100_內文上方第一塊_ 冰楓論壇-exchange,antifroud,,,12,12,0,12,0,0,0,0,0,100.00%,0.00%,0.00%,0.00%,0.00%,0.00%,0.00%
20260126,20,冰楓科技有限公司,3485,冰楓論壇-exchange,18492,MW_300x250_Banner_ 冰楓論壇-exchange,,,,543,543,6,537,6,0,0,0,0,100.00%,1.10%,1.10%,0.00%,0.00%,0.00%,0.00%
20260126,20,CBROOT LTD,3492,包子漫畫(特開流量)-exchange,18544,(子)CF_300x600_指定流量_包子漫畫(特開流量)-exchange,,,子聯播網,"27,598","27,598",608,"26,990",290,318,318,0,0,100.00%,2.20%,1.05%,1.15%,1.15%,0.00%,0.00%
20260126,20,CBROOT LTD,3492,包子漫畫(特開流量)-exchange,18545,(子)CF_970x250_指定時段_包子漫畫(特開流量)-exchange,,,子聯播網,"195,527","195,527","2,434","193,093","1,718",716,716,0,0,100.00%,1.24%,0.88%,0.37%,0.37%,0.00%,0.00%
20260126,20,CBROOT LTD,3492,包子漫畫(特開流量)-exchange,18546,(子)CF_300x250_指定時段_包子漫畫(特開流量)-exchange,,,子聯播網,"450,247","450,247","7,753","442,494","5,336","2,417","2,417",0,0,100.00%,1.72%,1.19%,0.54%,0.54%,0.00%,0.00%
20260126,20,CBROOT LTD,3510,包子漫畫_twmanga-exchange,18732,MW_336x280_Banner_包子漫畫_twmanga,,,子聯播網,"93,223","93,223","1,040","92,183",800,240,240,0,0,100.00%,1.12%,0.86%,0.26%,0.26%,0.00%,0.00%
20260126,20,CBROOT LTD,3510,包子漫畫_twmanga-exchange,18735,CF_336x280_Banner_包子漫畫_twmanga-exchange,,,,230,230,1,229,0,1,1,0,0,100.00%,0.43%,0.00%,0.43%,0.43%,0.00%,0.00%
20260126,20,CBROOT LTD,3510,包子漫畫_twmanga-exchange,18736,CF_970x250_ 包子漫畫_twmanga-exchange,,,,"2,281","2,281",517,"1,764",58,459,459,0,0,100.00%,22.67%,2.54%,20.12%,20.12%,0.00%,0.00%
20260126,20,第一網站股份有限公司,3516,ezneering,18756,(子)CF_300x250_Banner_ezneering,,,子聯播網,6,6,0,6,0,0,0,0,0,100.00%,0.00%,0.00%,0.00%,0.00%,0.00%,0.00%
20260126,20,台灣英文新聞股份有限公司,3537,台灣英文新聞(new)-exchange,18924,CF_300x250_內容頁_右側看版_1_台灣英文新聞(new)-exchange,,知名媒體,,158,158,38,120,36,2,2,0,0,100.00%,24.05%,22.78%,1.27%,1.27%,0.00%,0.00%
20260126,20,台灣英文新聞股份有限公司,3537,台灣英文新聞(new)-exchange,18925,CF_300x600_內容頁_右側看版_2_台灣英文新聞(new)-exchange,,知名媒體,,82,82,41,41,37,4,4,0,0,100.00%,50.00%,45.12%,4.88%,4.88%,0.00%,0.00%
20260126,20,艾得基客行銷顧問股份有限公司,3373,良醫健康網,19009,MW_蓋板_良醫健康網,,知名媒體,,6,6,0,6,0,0,0,0,0,100.00%,0.00%,0.00%,0.00%,0.00%,0.00%,0.00%
20260126,20,艾得基客行銷顧問股份有限公司,3373,良醫健康網,19010,MW_300x250_文中_良醫健康網,,知名媒體,,6,6,0,6,0,0,0,0,0,100.00%,0.00%,0.00%,0.00%,0.00%,0.00%,0.00%
20260126,20,聯合線上股份有限公司,3549,UDN元氣網,19018,CF_首頁文章推薦第三格300x250_UDN元氣網,,知名媒體,,6,6,0,6,0,0,0,0,0,100.00%,0.00%,0.00%,0.00%,0.00%,0.00%,0.00%
20260126,20,艾得基客行銷顧問股份有限公司,3552,玩具人,19044,MW_320x480_文中創意_玩具人,,知名媒體,,139,139,0,139,0,0,0,0,0,100.00%,0.00%,0.00%,0.00%,0.00%,0.00%,0.00%
20260126,20,先驅媒體社會企業股份有限公司,3554,新頭殼(R18),19047,(子)CF_300x250Banner_newtalk.tw_content_300250_1_新頭殼(R18),,知名媒體,子聯播網,12,12,1,11,0,1,1,0,0,100.00%,8.33%,0.00%,8.33%,8.33%,0.00%,0.00%
20260126,20,第一網站股份有限公司,2783,漫畫櫃manhuagui,20685,MW_300X250_manhuagui,antifroud,,,"3,238","3,238",2,"3,236",2,0,0,0,0,100.00%,0.06%,0.06%,0.00%,0.00%,0.00%,0.00%
20260126,20,德榕企業有限公司,3578,TW Bodhi_mobile,20707,MW_置底創意_TW Bodhi,,,,42,42,0,42,0,0,0,0,0,100.00%,0.00%,0.00%,0.00%,0.00%,0.00%,0.00%
20260126,20,德榕企業有限公司,3578,TW Bodhi_mobile,20708,MW_蓋板_TW Bodhi,,,,724,724,0,724,0,0,0,0,0,100.00%,0.00%,0.00%,0.00%,0.00%,0.00%,0.00%
20260126,20,德榕企業有限公司,3581,忘憂書屋,20727,CF_336x280文章頁(RWD)_忘憂書屋,,,,124,124,0,124,0,0,0,0,0,100.00%,0.00%,0.00%,0.00%,0.00%,0.00%,0.00%
20260126,20,德榕企業有限公司,3582,忘憂書屋_mobile,20728,MW_文中創意300x250_忘憂書屋,,,,7,7,0,7,0,0,0,0,0,100.00%,0.00%,0.00%,0.00%,0.00%,0.00%,0.00%
20260126,20,德榕企業有限公司,3582,忘憂書屋_mobile,20729,MW_蓋板_忘憂書屋,,,,6,6,0,6,0,0,0,0,0,100.00%,0.00%,0.00%,0.00%,0.00%,0.00%,0.00%
20260126,20,德榕企業有限公司,3582,忘憂書屋_mobile,20730,MW_置底創意_忘憂書屋,,,,54,54,0,54,0,0,0,0,0,100.00%,0.00%,0.00%,0.00%,0.00%,0.00%,0.00%
20260126,20,第一網站股份有限公司,2910,clickme,20735,(子)CF_300x250_banner_clickme(成人),,,子聯播網,"13,436","13,436",78,"13,358",22,56,56,0,0,100.00%,0.58%,0.16%,0.42%,0.42%,0.00%,0.00%
20260126,20,朱光宁,3269,石頭小說-mobile,21741,MW_320x480_蓋版_石頭小說-mobile,antifroud,,,6,6,0,6,0,0,0,0,0,100.00%,0.00%,0.00%,0.00%,0.00%,0.00%,0.00%
20260126,20,富盈數據股份有限公司,3653,TVBS-女人我最大_HB,21760,MW_文章三_336x280_TVBS-女人我最大_HB,,知名媒體,,158,158,0,158,0,0,0,0,0,100.00%,0.00%,0.00%,0.00%,0.00%,0.00%,0.00%
20260126,20,富盈數據股份有限公司,3653,TVBS-女人我最大_HB,21761,MW_文章四_336x280_TVBS-女人我最大_HB,,知名媒體,,952,952,1,951,0,1,1,0,0,100.00%,0.11%,0.00%,0.11%,0.11%,0.00%,0.00%
20260126,20,富盈數據股份有限公司,3653,TVBS-女人我最大_HB,21763,MW_文中創意320x480_TVBS-女人我最大_HB,,知名媒體,,"1,164","1,164",0,"1,164",0,0,0,0,0,100.00%,0.00%,0.00%,0.00%,0.00%,0.00%,0.00%
20260126,20,富盈數據股份有限公司,3654,TVBS-健康2.0_HB,21768,MW_文中創意320x480_TVBS-健康2.0_HB,,知名媒體,,"1,551","1,551",4,"1,547",0,4,4,0,0,100.00%,0.26%,0.00%,0.26%,0.26%,0.00%,0.00%
20260126,20,富盈數據股份有限公司,3655,TVBS-食尚玩家_HB,21770,MW_文章三_336x280_TVBS-食尚玩家_HB,,知名媒體,,670,670,10,660,0,10,10,0,0,100.00%,1.49%,0.00%,1.49%,1.49%,0.00%,0.00%
20260126,20,富盈數據股份有限公司,3655,TVBS-食尚玩家_HB,21771,MW_文章四_336x280_TVBS-食尚玩家_HB,,知名媒體,,6,6,1,5,0,1,1,0,0,100.00%,16.67%,0.00%,16.67%,16.67%,0.00%,0.00%
20260126,20,富盈數據股份有限公司,3655,TVBS-食尚玩家_HB,21772,MW_文章置底_320x100_TVBS-食尚玩家_HB,,知名媒體,,24,24,0,24,0,0,0,0,0,100.00%,0.00%,0.00%,0.00%,0.00%,0.00%,0.00%
20260126,20,富盈數據股份有限公司,3655,TVBS-食尚玩家_HB,21773,MW_文中創意320x480_TVBS-食尚玩家_HB,,知名媒體,,914,914,0,914,0,0,0,0,0,100.00%,0.00%,0.00%,0.00%,0.00%,0.00%,0.00%
20260126,20,富盈數據股份有限公司,3653,TVBS-女人我最大_HB,21803,MW_文章一_336x280_TVBS-女人我最大_HB,,知名媒體,,12,12,0,12,0,0,0,0,0,100.00%,0.00%,0.00%,0.00%,0.00%,0.00%,0.00%
20260126,20,先驅媒體社會企業股份有限公司,3554,新頭殼(R18),21831,(子)CF_300x250Banner_newtalk.tw_all_300250_2_新頭殼(R18),,知名媒體,子聯播網,6,6,2,4,2,0,0,0,0,100.00%,33.33%,33.33%,0.00%,0.00%,0.00%,0.00%
20260126,20,先驅媒體社會企業股份有限公司,3554,新頭殼(R18),21839,ＭＷ_336x280Banner_newtalk.tw_mobile_all_336280_2_新頭殼(R18),antifroud,知名媒體,,164,164,2,162,2,0,0,0,0,100.00%,1.22%,1.22%,0.00%,0.00%,0.00%,0.00%
20260126,20,儂儂雜誌社股份有限公司(bella儂儂),2135,Bella儂儂_2024,21876,MW-300x250_文章標題上方1_Bella儂儂,,知名媒體,,"1,006","1,006",0,"1,006",0,0,0,0,0,100.00%,0.00%,0.00%,0.00%,0.00%,0.00%,0.00%
20260126,20,富盈數據股份有限公司,3680,TVBS-新聞網_HB,21898,CF_文章右側300x600_TVBS-新聞網_HB,,知名媒體,,64,64,1,63,0,1,1,0,0,100.00%,1.56%,0.00%,1.56%,1.56%,0.00%,0.00%
20260126,20,富盈數據股份有限公司,3680,TVBS-新聞網_HB,21899,MW_文章一_336x280_TVBS-新聞網_HB,,知名媒體,,"2,729","2,729",2,"2,727",0,2,2,0,0,100.00%,0.07%,0.00%,0.07%,0.07%,0.00%,0.00%
20260126,20,富盈數據股份有限公司,3680,TVBS-新聞網_HB,21900,MW_文章三_336x280_TVBS-新聞網_HB,,知名媒體,,153,153,0,153,0,0,0,0,0,100.00%,0.00%,0.00%,0.00%,0.00%,0.00%,0.00%
20260126,20,富盈數據股份有限公司,3680,TVBS-新聞網_HB,21902,MW_文章置底_320x100_TVBS-新聞網_HB,,知名媒體,,"2,035","2,035",2,"2,033",0,2,2,0,0,100.00%,0.10%,0.00%,0.10%,0.10%,0.00%,0.00%
20260126,20,富盈數據股份有限公司,3684,稅美人_mobile,21923,MW_置底創意(非展開)_稅美人-mobile,,,,"3,526","3,526",0,"3,526",0,0,0,0,0,100.00%,0.00%,0.00%,0.00%,0.00%,0.00%,0.00%
20260126,20,富盈數據股份有限公司,3685,玩桌遊_mobile,21924,MW_置底創意(非展開)_玩桌遊-mobile,,,,543,543,0,543,0,0,0,0,0,100.00%,0.00%,0.00%,0.00%,0.00%,0.00%,0.00%
20260126,20,富盈數據股份有限公司,2615,熱血台中,21986,CF_336x280_全網_熱血台中,,,,146,146,0,146,0,0,0,0,0,100.00%,0.00%,0.00%,0.00%,0.00%,0.00%,0.00%
20260126,20,富盈數據股份有限公司,2615,熱血台中,21987,CF_336x280_全網_熱血台中,,,,116,116,0,116,0,0,0,0,0,100.00%,0.00%,0.00%,0.00%,0.00%,0.00%,0.00%
20260126,20,富盈數據股份有限公司,3703,繁體小說,22022,MW_置底創意(非展開)_繁體小說-mobile,,,,6,6,0,6,0,0,0,0,0,100.00%,0.00%,0.00%,0.00%,0.00%,0.00%,0.00%
20260126,20,富盈數據股份有限公司,3704,天天要聞,22030,CF_300 x 250 banner_天天要聞_cpc2,,,,"4,871","4,871",8,"4,863",0,8,8,0,0,100.00%,0.16%,0.00%,0.16%,0.16%,0.00%,0.00%
20260126,20,富盈數據股份有限公司,3703,繁體小說,22031,CF_300 x 250 banner_繁體小說_cpc2,,,,236,236,11,225,0,11,11,0,0,100.00%,4.66%,0.00%,4.66%,4.66%,0.00%,0.00%
20260126,20,朱光宁,3708,石頭小說,22045,CF_336 x 280 banner_石頭小說_cpc1.67,antifroud,,,"299,664","299,664",576,"299,088",199,377,377,0,0,100.00%,0.19%,0.07%,0.13%,0.13%,0.00%,0.00%
20260126,20,朱光宁,3718,稷下書院2,22093,CF_336 x 280 banner_稷下書院2_cpc1.67,antifroud,,,"231,508","231,508",644,"230,864",230,414,414,0,0,100.00%,0.28%,0.10%,0.18%,0.18%,0.00%,0.00%
20260126,20,艾得基客行銷顧問股份有限公司,3719,遠見雜誌,22105,MW_蓋板_遠見_遠見雜誌,,知名媒體,,6,6,0,6,0,0,0,0,0,100.00%,0.00%,0.00%,0.00%,0.00%,0.00%,0.00%
20260126,20,富盈數據股份有限公司,3680,TVBS-新聞網_HB,22131,CF_文中300x250_TVBS-新聞網_HB_1,,知名媒體,,62,62,0,62,0,0,0,0,0,100.00%,0.00%,0.00%,0.00%,0.00%,0.00%,0.00%
20260126,20,富盈數據股份有限公司,3680,TVBS-新聞網_HB,22132,CF_文中300x250_TVBS-新聞網_HB_2,,知名媒體,,450,450,5,445,0,5,5,0,0,100.00%,1.11%,0.00%,1.11%,1.11%,0.00%,0.00%
20260126,20,富盈數據股份有限公司,3680,TVBS-新聞網_HB,22133,CF_文中300x250_TVBS-新聞網_HB_3,,知名媒體,,"1,114","1,114",57,"1,057",9,48,48,0,0,100.00%,5.12%,0.81%,4.31%,4.31%,0.00%,0.00%
20260126,20,富盈數據股份有限公司,3730,Teepr 亮新聞 HB,22145,MW_336x280_文中創意_Teepr亮新聞 HB,,,,6,6,0,6,0,0,0,0,0,100.00%,0.00%,0.00%,0.00%,0.00%,0.00%,0.00%
20260126,20,闇碼科技股份有限公司,3048,縮短網址產生器-reurl,22213,MW_蓋版_縮短網址產生器-reurl-2025.05(特殊供量),,知名媒體,,"3,166","3,165","2,963",202,"2,928",35,35,0,0,99.97%,93.62%,92.51%,1.11%,1.11%,0.00%,0.00%
20260126,20,艾得基客行銷顧問股份有限公司,3724,上報,22217,MW_置底創意(非展開)_上報,,知名媒體,,812,812,0,812,0,0,0,0,0,100.00%,0.00%,0.00%,0.00%,0.00%,0.00%,0.00%
20260126,20,艾得基客行銷顧問股份有限公司,3724,上報,22218,MW_置底(展開)_上報,,知名媒體,,564,564,0,564,0,0,0,0,0,100.00%,0.00%,0.00%,0.00%,0.00%,0.00%,0.00%
20260126,20,艾得基客行銷顧問股份有限公司,2689,Basketball Top5,22219,MW_置底(展開)_Basketball TOP5,,,,72,72,0,72,0,0,0,0,0,100.00%,0.00%,0.00%,0.00%,0.00%,0.00%,0.00%
20260126,20,朱光宁,3741,石頭小說3,22398,CF_336 x 280 banner_石頭小說3_cpc1.67,,,,"24,960","24,958",42,"24,916",4,38,38,0,0,99.99%,0.17%,0.02%,0.15%,0.15%,0.00%,0.00%
20260126,20,艾得基客行銷顧問股份有限公司,3724,上報,22405,MW_蓋版_上報,,知名媒體,,34,34,0,34,0,0,0,0,0,100.00%,0.00%,0.00%,0.00%,0.00%,0.00%,0.00%
20260126,20,闇碼科技股份有限公司,3068,限時圖片-imgus,22406,MW_置底_imgus,antifroud,,,807,807,0,807,0,0,0,0,0,100.00%,0.00%,0.00%,0.00%,0.00%,0.00%,0.00%
20260126,20,第一網站股份有限公司,2783,漫畫櫃manhuagui,22443,MW_置底_manhuagui,antifroud,,,"2,149","2,149",0,"2,149",0,0,0,0,0,100.00%,0.00%,0.00%,0.00%,0.00%,0.00%,0.00%
20260126,20,艾得基客行銷顧問股份有限公司,2689,Basketball Top5,22498,MW_300x250 Banner_Basketball TOP5_CPM5,,,子聯播網,278,278,0,278,0,0,0,0,0,100.00%,0.00%,0.00%,0.00%,0.00%,0.00%,0.00%
20260126,20,艾得基客行銷顧問股份有限公司,2578,鉅亨網,22507,MW_300x250_鉅亨網_直播用BN-1,,知名媒體,子聯播網,"5,015","5,015",25,"4,990",0,25,25,0,0,100.00%,0.50%,0.00%,0.50%,0.50%,0.00%,0.00%
20260126,20,艾得基客行銷顧問股份有限公司,3724,上報,22512,MW_300x250_上報_直播用BN-3,,知名媒體,子聯播網,6,6,0,6,0,0,0,0,0,100.00%,0.00%,0.00%,0.00%,0.00%,0.00%,0.00%
20260126,20,艾得基客行銷顧問股份有限公司,3752,ＭoneyDJ,22514,MW_文中創意320x480_MoneyDJ,antifroud,知名媒體,,84,84,0,84,0,0,0,0,0,100.00%,0.00%,0.00%,0.00%,0.00%,0.00%,0.00%
20260126,20,李承翰-webptt,718,Web批踢踢(RWD),2284,MW-蓋板_文中_Web批踢踢,antifroud,,,12,12,0,12,0,0,0,0,0,100.00%,0.00%,0.00%,0.00%,0.00%,0.00%,0.00%
20260126,20,麥智維,999,動漫戲說,3543,CF-728*90-內文上方-動漫戲說,antifroud,,,68,68,0,68,0,0,0,0,0,100.00%,0.00%,0.00%,0.00%,0.00%,0.00%,0.00%
20260126,20,麥智維,999,動漫戲說,3544,CF-728*90-列表上方-動漫戲說,,,,6,6,0,6,0,0,0,0,0,100.00%,0.00%,0.00%,0.00%,0.00%,0.00%,0.00%
20260126,20,陈晋福,1367,電視超人,4997,CF-300X250-電視超人,,,,54,54,0,54,0,0,0,0,0,100.00%,0.00%,0.00%,0.00%,0.00%,0.00%,0.00%
20260126,20,麥智維,999,動漫戲說,6069,CF-300*250-首頁-動漫戲說,,,,128,128,0,128,0,0,0,0,0,100.00%,0.00%,0.00%,0.00%,0.00%,0.00%,0.00%
20260126,20,精鏡傳媒股份有限公司,1060,鏡週刊,8250,MW_置底創意(非展開)_鏡週刊,,知名媒體,,30,30,0,30,0,0,0,0,0,100.00%,0.00%,0.00%,0.00%,0.00%,0.00%,0.00%
20260126,20,布林遊國際有限公司,1692,Bring You,8393,CF-300X250-上方通欄右側_BringYou,,知名媒體,,8,8,0,8,0,0,0,0,0,100.00%,0.00%,0.00%,0.00%,0.00%,0.00%,0.00%
20260126,20,巧克科技新媒體股份有限公司,2127,LINE TV_Banner-exchange,8576,CF_336x280_戲劇-右側好康資訊下方_LINE TV-exchange,,知名媒體,,44,44,0,44,0,0,0,0,0,100.00%,0.00%,0.00%,0.00%,0.00%,0.00%,0.00%
20260126,20,巧克科技新媒體股份有限公司,2127,LINE TV_Banner-exchange,8577,CF_336x280_戲劇-右側好康資訊上方_LINE TV-exchange,,知名媒體,,30,30,0,30,0,0,0,0,0,100.00%,0.00%,0.00%,0.00%,0.00%,0.00%,0.00%
20260126,20,鳳梨傳媒股份有限公司,2190,民視新聞網-Exchange,8862,CF_970X90_分類新聞內頁上方_民視新聞(MCM),,知名媒體,,6,6,6,0,6,0,0,0,0,100.00%,100.00%,100.00%,0.00%,0.00%,0.00%,0.00%
20260126,20,見聞科技有限公司,2251,就是節目表,9233,MW-300x250-節目表文中-就是節目表,,,,43,43,0,43,0,0,0,0,0,100.00%,0.00%,0.00%,0.00%,0.00%,0.00%,0.00%
20260126,20,蔡瑞文,300,樂透彩幸運發財網,9470,MW-置底-樂透幸運發財網,antifroud,知名媒體,,42,42,0,42,0,0,0,0,0,100.00%,0.00%,0.00%,0.00%,0.00%,0.00%,0.00%
20260126,20,巧克科技新媒體股份有限公司,2127,LINE TV_Banner-exchange,9788,CF_970x250_首頁-戲劇列表第一塊_LINE TV-exchange,,知名媒體,,6,6,0,6,0,0,0,0,0,100.00%,0.00%,0.00%,0.00%,0.00%,0.00%,0.00%
20260126,21,英屬維京群島商浩美數位有限公司台灣分公司,2315,Teepr亮新聞-exchange,10012,CF_336x280Banner_Teepr亮新聞-exchange,,知名媒體,,"1,040","1,040",18,"1,022",5,13,13,0,0,100.00%,1.73%,0.48%,1.25%,1.25%,0.00%,0.00%
20260126,21,第一網站股份有限公司,2300,keketravel,10594,(子)CF_336x280_keketravel,,,子聯播網,66,66,6,60,2,4,4,0,0,100.00%,9.09%,3.03%,6.06%,6.06%,0.00%,0.00%
20260126,21,昱得資訊工作室,2528,數位書香,11080,CF_728x90_首頁上方_數位書香,antifroud,,,60,60,4,56,0,4,4,0,0,100.00%,6.67%,0.00%,6.67%,6.67%,0.00%,0.00%
20260126,21,昱得資訊工作室,2528,數位書香,11081,CF_160x600_首頁右側_數位書香,antifroud,,,834,834,0,834,0,0,0,0,0,100.00%,0.00%,0.00%,0.00%,0.00%,0.00%,0.00%
20260126,21,第一網站股份有限公司,2518,麻辣家族討論區(twbts),11082,CF-728X90-twbts,antifroud,,,181,181,0,181,0,0,0,0,0,100.00%,0.00%,0.00%,0.00%,0.00%,0.00%,0.00%
20260126,21,第一網站股份有限公司,2540,risu短網址,11260,MW-300X250-MB_page_left-risu,,知名媒體,,6,6,0,6,0,0,0,0,0,100.00%,0.00%,0.00%,0.00%,0.00%,0.00%,0.00%
20260126,21,第一網站股份有限公司,2492,ttshow,11273,MW-300X250-ttshow,,知名媒體,,12,12,0,12,0,0,0,0,0,100.00%,0.00%,0.00%,0.00%,0.00%,0.00%,0.00%
20260126,21,第一網站股份有限公司,2601,Meme梗圖倉庫,11443,CF-336X280-meme,,,,160,160,0,160,0,0,0,0,0,100.00%,0.00%,0.00%,0.00%,0.00%,0.00%,0.00%
20260126,21,葉志斌,2745,繁中寶可夢卡表生成器-奶爸工作室-exchange,12210,CF_728x90__文末__繁中寶可夢卡表生成器,,,,24,24,0,24,0,0,0,0,0,100.00%,0.00%,0.00%,0.00%,0.00%,0.00%,0.00%
20260126,21,第一網站股份有限公司,2540,risu短網址,12496,CF_300x250_popup(直播) _risu短網址,antifroud,知名媒體,,14,14,0,14,0,0,0,0,0,100.00%,0.00%,0.00%,0.00%,0.00%,0.00%,0.00%
20260126,21,第一網站股份有限公司,2768,czbooks,12570,CF_728x90_banner_czbooks,,,,"66,547","66,547",214,"66,333",158,56,56,0,0,100.00%,0.32%,0.24%,0.08%,0.08%,0.00%,0.00%
20260126,21,鳳梨傳媒股份有限公司,2190,民視新聞網-Exchange,12579,CF_300x250_右側第一塊_民視新聞網-Exchange(RWD)(MCM),,知名媒體,,"4,494","4,494",34,"4,460",25,9,9,0,0,100.00%,0.76%,0.56%,0.20%,0.20%,0.00%,0.00%
20260126,21,鳳梨傳媒股份有限公司,2190,民視新聞網-Exchange,12580,CF_300x250_內文文中左側_民視新聞網-Exchange(RWD)(MCM),,知名媒體,,"4,152","4,152",36,"4,116",15,21,21,0,0,100.00%,0.87%,0.36%,0.51%,0.51%,0.00%,0.00%
20260126,21,第一網站股份有限公司,2783,漫畫櫃manhuagui,12676,CF_728X90_manhuagui,antifroud,,,"82,933","82,933","1,762","81,171","1,509",253,253,0,0,100.00%,2.12%,1.82%,0.31%,0.31%,0.00%,0.00%
20260126,21,艾得基客行銷顧問股份有限公司,2635,工商時報,12761,MW_320x480_文中創意_工商時報new,,知名媒體,,289,289,2,287,0,2,2,0,0,100.00%,0.69%,0.00%,0.69%,0.69%,0.00%,0.00%
20260126,21,第一網站股份有限公司,2801,damanwoo,12868,CF-300x250_Banner_damanwoo_大人物,,,,12,12,0,12,0,0,0,0,0,100.00%,0.00%,0.00%,0.00%,0.00%,0.00%,0.00%
20260126,21,永悅健康股份有限公司,2813,早安樂活,12927,MW_置底創意(非展開)_早安樂活,,知名媒體,,6,6,0,6,0,0,0,0,0,100.00%,0.00%,0.00%,0.00%,0.00%,0.00%,0.00%
20260126,21,第一網站股份有限公司,2820,星座好朋友(horofriend88),12966,MW_320x100_horofriend88,antifroud,,,46,46,0,46,0,0,0,0,0,100.00%,0.00%,0.00%,0.00%,0.00%,0.00%,0.00%
20260126,21,第一網站股份有限公司,2836,vivi01,13032,MW_置底創意_vivi01 ViVi視頻,,,,12,12,0,12,0,0,0,0,0,100.00%,0.00%,0.00%,0.00%,0.00%,0.00%,0.00%
20260126,21,和運租車股份有限公司,2878,abc好車網,13368,CF_970x90_物件頁下方_abc好車網,,知名媒體,,6,6,0,6,0,0,0,0,0,100.00%,0.00%,0.00%,0.00%,0.00%,0.00%,0.00%
20260126,21,曾憲敏,202,85小說網,13445,MW_336X280_全量1_85小說網,,,,788,788,0,788,0,0,0,0,0,100.00%,0.00%,0.00%,0.00%,0.00%,0.00%,0.00%
20260126,21,曾憲敏,202,85小說網,13446,MW_336X280_全量2_85小說網,,,,"7,130","7,130",5,"7,125",0,5,5,0,0,100.00%,0.07%,0.00%,0.07%,0.07%,0.00%,0.00%
20260126,21,曾憲敏,601,85小說網_PC,13450,(子)CF_336x280_全量2_85小說網,,,子聯播網,364,364,2,362,2,0,0,0,0,100.00%,0.55%,0.55%,0.00%,0.00%,0.00%,0.00%
20260126,21,第一網站股份有限公司,2768,czbooks,13481,MW_300x250_banner_czbooks,antifroud,,子聯播網,"230,708","230,708",551,"230,157",153,398,398,0,0,100.00%,0.24%,0.07%,0.17%,0.17%,0.00%,0.00%
20260126,21,第一網站股份有限公司,2768,czbooks,13482,(子)CF_300x600_banner_czbooks(限時段),,,子聯播網,"67,726","67,726",199,"67,527",143,56,56,0,0,100.00%,0.29%,0.21%,0.08%,0.08%,0.00%,0.00%
20260126,21,第一網站股份有限公司,2768,czbooks,13483,(子)CF_970x250_banner_czbooks(限時段),,,子聯播網,"75,072","75,072",248,"74,824",188,60,60,0,0,100.00%,0.33%,0.25%,0.08%,0.08%,0.00%,0.00%
20260126,21,第一網站股份有限公司,2910,clickme,13548,(子)CF_300x250_banner_clickme(一般),,,子聯播網,"2,261","2,261",64,"2,197",50,14,14,0,0,100.00%,2.83%,2.21%,0.62%,0.62%,0.00%,0.00%
20260126,21,第一網站股份有限公司,2910,clickme,13549,CF_300x250_banner_clickme(一般),,,,322,322,0,322,0,0,0,0,0,100.00%,0.00%,0.00%,0.00%,0.00%,0.00%,0.00%
20260126,21,第一網站股份有限公司,2916,KiKiNote,13576,(子)CF_300x250_banner_kikinote,,知名媒體,子聯播網,"2,279","2,279",25,"2,254",0,25,25,0,0,100.00%,1.10%,0.00%,1.10%,1.10%,0.00%,0.00%
20260126,21,闇碼科技股份有限公司,2992,縮短網址產生器-reurl-exchange,13848,CF_300x250_轉址失敗_最右邊_reurl,,知名媒體,,6,6,0,6,0,0,0,0,0,100.00%,0.00%,0.00%,0.00%,0.00%,0.00%,0.00%
20260126,21,闇碼科技股份有限公司,2992,縮短網址產生器-reurl-exchange,13856,CF_300x250_轉址失敗頁第二塊_reurl,,知名媒體,,12,12,6,6,0,6,6,0,0,100.00%,50.00%,0.00%,50.00%,50.00%,0.00%,0.00%
20260126,21,闇碼科技股份有限公司,2992,縮短網址產生器-reurl-exchange,13858,CF_300x250_網址下方左側_reurl,,知名媒體,,12,12,2,10,2,0,0,0,0,100.00%,16.67%,16.67%,0.00%,0.00%,0.00%,0.00%
20260126,21,闇碼科技股份有限公司,2992,縮短網址產生器-reurl-exchange,13860,CF_300x250_網址下方右側_reurl,,知名媒體,,24,24,2,22,2,0,0,0,0,100.00%,8.33%,8.33%,0.00%,0.00%,0.00%,0.00%
20260126,21,闇碼科技股份有限公司,2992,縮短網址產生器-reurl-exchange,13861,CF_300x250_網址下方右側(PB)_reurl,,知名媒體,,150,150,124,26,110,14,14,0,0,100.00%,82.67%,73.33%,9.33%,9.33%,0.00%,0.00%
20260126,21,第一網站股份有限公司,2768,czbooks,13903,(子)CF_300x250_banner_czbooks(直播),antifroud,,子聯播網,"296,168","296,168","1,026","295,142",636,390,390,0,0,100.00%,0.35%,0.21%,0.13%,0.13%,0.00%,0.00%
20260126,21,第一網站股份有限公司,2783,漫畫櫃manhuagui,13904,(子)CF_300x250_banner_manhuagui(直播),antifroud,,子聯播網,"211,151","211,151","12,836","198,315","4,094","8,742","8,742",0,0,100.00%,6.08%,1.94%,4.14%,4.14%,0.00%,0.00%
20260126,21,第一網站股份有限公司,2768,czbooks,14036,MW_320x480_CZBOOKS,antifroud,,,89,89,0,89,0,0,0,0,0,100.00%,0.00%,0.00%,0.00%,0.00%,0.00%,0.00%
20260126,21,陳人鳳,480,飛格寵物家族_PC,1407,CF-728X90_上方通欄_飛格寵物家族,,,,6,6,1,5,0,1,1,0,0,100.00%,16.67%,0.00%,16.67%,16.67%,0.00%,0.00%
20260126,21,陳人鳳,480,飛格寵物家族_PC,1408,CF-300X250_內文_飛格寵物家族,,,,94,94,28,66,5,23,23,0,0,100.00%,29.79%,5.32%,24.47%,24.47%,0.00%,0.00%
20260126,21,飛凡傳播股份有限公司,1921,非凡新聞台-exchange,14188,MW_300x250_內文上方_非凡新聞-exchange,antifroud,知名媒體,,6,6,0,6,0,0,0,0,0,100.00%,0.00%,0.00%,0.00%,0.00%,0.00%,0.00%
20260126,21,闇碼科技股份有限公司,3048,縮短網址產生器-reurl,14210,MW_文中創意300x250_縮短網址產生器-reurl,,知名媒體,,453,453,159,294,127,32,32,0,0,100.00%,35.10%,28.04%,7.06%,7.06%,0.00%,0.00%
20260126,21,巨思文化股份有限公司,3052,經理人_HB,14241,MW_300x250_內文下方_經理人-HB,,知名媒體,,6,6,0,6,0,0,0,0,0,100.00%,0.00%,0.00%,0.00%,0.00%,0.00%,0.00%
20260126,21,富盈數據股份有限公司,3059,塔科女子,14258,CF_336x280_全網_塔科女子,,知名媒體,,636,636,0,636,0,0,0,0,0,100.00%,0.00%,0.00%,0.00%,0.00%,0.00%,0.00%
20260126,21,CBROOT LTD,3003,包子漫畫-exchange,14291,MW_300x250_蓋板(PB)_包子漫畫,,,,328,328,0,328,0,0,0,0,0,100.00%,0.00%,0.00%,0.00%,0.00%,0.00%,0.00%
20260126,21,朱光宁,3152,石頭小說-exchange,14472,MW_336x280_Banner_石頭小說,,,,"7,541","7,541",7,"7,534",0,7,7,0,0,100.00%,0.09%,0.00%,0.09%,0.09%,0.00%,0.00%
20260126,21,朱光宁,3149,稷下書院-exchange,14748,MW_320x100_置底(PB)_稷下書院,,,,"36,225","36,217",194,"36,023",136,58,58,0,0,99.98%,0.54%,0.38%,0.16%,0.16%,0.00%,0.00%
20260126,21,巨思文化股份有限公司,3053,數位時代_HB,14764,MW_置底創意_(非展開)_數位時代_HB,,知名媒體,,121,121,4,117,0,4,4,0,0,100.00%,3.31%,0.00%,3.31%,3.31%,0.00%,0.00%
20260126,21,中天電視股份有限公司,3282,中天新聞網-exchange,14980,CF_970x250_內頁_PC置頂橫幅-中天新聞網-exchange,,知名媒體,,442,442,66,376,40,26,26,0,0,100.00%,14.93%,9.05%,5.88%,5.88%,0.00%,0.00%
20260126,21,CBROOT LTD,3305,包子漫畫NEW-exchange,15143,(子)CF_970x250_Banner(直播)_包子漫畫(kukuc.co),,,子聯播網,8,8,0,8,0,0,0,0,0,100.00%,0.00%,0.00%,0.00%,0.00%,0.00%,0.00%
20260126,21,CBROOT LTD,3305,包子漫畫NEW-exchange,15145,(子)CF_970x250_指定流量Banner_包子漫畫(kukuc.co),antifroud,,子聯播網,"1,440","1,440",0,"1,440",0,0,0,0,0,100.00%,0.00%,0.00%,0.00%,0.00%,0.00%,0.00%
20260126,21,曾憲敏,3327,85小說網_創意,15227,MW-300X250_85小說網_隨身影音PB,,,,18,18,0,18,0,0,0,0,0,100.00%,0.00%,0.00%,0.00%,0.00%,0.00%,0.00%
20260126,21,曾憲敏,3327,85小說網_創意,15228,MW-創意-85小說網,,,,20,20,0,20,0,0,0,0,0,100.00%,0.00%,0.00%,0.00%,0.00%,0.00%,0.00%
20260126,21,中天電視股份有限公司,3282,中天新聞網-exchange,15859,CF_336x280_內頁_PC右側互動看板B-中天新聞網-exchange,,知名媒體,,659,659,98,561,62,36,36,0,0,100.00%,14.87%,9.41%,5.46%,5.46%,0.00%,0.00%
20260126,21,CBROOT LTD,3352,西瓜卡通-exchange,15969,CF_728x90_影音內容_西瓜卡通-exchange,,,,30,30,0,30,0,0,0,0,0,100.00%,0.00%,0.00%,0.00%,0.00%,0.00%,0.00%
20260126,21,CBROOT LTD,3352,西瓜卡通-exchange,15970,CF_160x600_影音內容_西瓜卡通-exchange,,,,280,280,0,280,0,0,0,0,0,100.00%,0.00%,0.00%,0.00%,0.00%,0.00%,0.00%
20260126,21,時報資訊股份有限公司,2817,旺得富,16910,CF_300x250_Billboard_1s_旺得富,,知名媒體,,6,6,0,6,0,0,0,0,0,100.00%,0.00%,0.00%,0.00%,0.00%,0.00%,0.00%
20260126,21,時報資訊股份有限公司,2817,旺得富,16911,CF_300x250_Billboard_2nd_旺得富,,知名媒體,,18,18,2,16,0,2,2,0,0,100.00%,11.11%,0.00%,11.11%,11.11%,0.00%,0.00%
20260126,21,葉志斌,2745,繁中寶可夢卡表生成器-奶爸工作室-exchange,16950,CF_160x600_Banner_繁中寶可夢卡表生成器-奶爸工作室-exchange,,,,6,6,0,6,0,0,0,0,0,100.00%,0.00%,0.00%,0.00%,0.00%,0.00%,0.00%
20260126,21,葉志斌,2745,繁中寶可夢卡表生成器-奶爸工作室-exchange,16951,CF_300x600_Banner_繁中寶可夢卡表生成器-奶爸工作室-exchange,,,,601,601,0,601,0,0,0,0,0,100.00%,0.00%,0.00%,0.00%,0.00%,0.00%,0.00%
20260126,21,朱光宁,3360,提莫書屋-exchange,16957,MW_336x280banner_提莫書屋_exchange,,,,"23,273","23,272",83,"23,189",48,35,35,0,0,100.00%,0.36%,0.21%,0.15%,0.15%,0.00%,0.00%
20260126,21,朱光宁,3361,提莫書屋-mobile,16959,MW_320x480_文中創意_提莫書屋-mobile,,,,160,160,2,158,0,2,2,0,0,100.00%,1.25%,0.00%,1.25%,1.25%,0.00%,0.00%
20260126,21,欣發現股份有限公司,3365,Hami任務牆-mobile,16969,MW_置底創意_Hami任務牆,,知名媒體,,6,6,1,5,0,1,1,0,0,100.00%,16.67%,0.00%,16.67%,16.67%,0.00%,0.00%
20260126,21,欣發現股份有限公司,3364,女子學-mobile,16972,MW_置底創意_女子學,antifroud,,,47,47,0,47,0,0,0,0,0,100.00%,0.00%,0.00%,0.00%,0.00%,0.00%,0.00%
20260126,21,欣發現股份有限公司,3363,大人物-mobile,16973,MW_置底創意_大人物,,知名媒體,,6,6,0,6,0,0,0,0,0,100.00%,0.00%,0.00%,0.00%,0.00%,0.00%,0.00%
20260126,21,朱光宁,3149,稷下書院-exchange,17003,(子)CF_336x280_Banner(指定流量)_稷下書院-exchange,,,子聯播網,"7,784","7,775",827,"6,948",784,43,43,0,0,99.88%,10.64%,10.08%,0.55%,0.55%,0.00%,0.00%
20260126,21,第一網站股份有限公司,2820,星座好朋友(horofriend88),17026,MW_320x480_蓋版_星座好朋友(horofriend88),antifroud,,,6,6,0,6,0,0,0,0,0,100.00%,0.00%,0.00%,0.00%,0.00%,0.00%,0.00%
20260126,21,第一網站股份有限公司,2783,漫畫櫃manhuagui,17027,MW_320x480_蓋版_漫畫櫃manhuagui,,,,18,18,0,18,0,0,0,0,0,100.00%,0.00%,0.00%,0.00%,0.00%,0.00%,0.00%
20260126,21,艾得基客行銷顧問股份有限公司,3373,良醫健康網,17092,MW_置底創意_良醫健康網,,知名媒體,,30,30,0,30,0,0,0,0,0,100.00%,0.00%,0.00%,0.00%,0.00%,0.00%,0.00%
20260126,21,朱光宁,3149,稷下書院-exchange,17095,(子)MW_336x280_Banner_稷下書院-exchange,antifroud,,,"27,315","27,311",83,"27,228",8,75,75,0,0,99.99%,0.30%,0.03%,0.27%,0.27%,0.00%,0.00%
20260126,21,詠勝科技有限公司,3385,Mobile01_HB,17174,CF_970x250_超級橫幅_置底_Mobile01_HB,,知名媒體,,32,32,2,30,0,2,2,0,0,100.00%,6.25%,0.00%,6.25%,6.25%,0.00%,0.00%
20260126,21,詠勝科技有限公司,3385,Mobile01_HB,17178,CF_300x250_頻道頁_大看板_Mobile01_HB,,知名媒體,,198,198,2,196,0,2,2,0,0,100.00%,1.01%,0.00%,1.01%,1.01%,0.00%,0.00%
20260126,21,詠勝科技有限公司,3385,Mobile01_HB,17179,CF_300x250_熱門大看板_Mobile01_HB,,知名媒體,,"17,812","17,812",884,"16,928",26,858,858,0,0,100.00%,4.96%,0.15%,4.82%,4.82%,0.00%,0.00%
20260126,21,詠勝科技有限公司,3385,Mobile01_HB,17183,CF_300x600_大摩天_Mobile01_HB,,知名媒體,,"6,812","6,812",182,"6,630",14,168,168,0,0,100.00%,2.67%,0.21%,2.47%,2.47%,0.00%,0.00%
20260126,21,朱光宁,3268,稷下書院-mobile,17207,MW_320x480_蓋版_稷下書院-mobile,,,,553,553,0,553,0,0,0,0,0,100.00%,0.00%,0.00%,0.00%,0.00%,0.00%,0.00%
20260126,21,李立娟,3395,vivi0視頻-exchange,17293,CF_336x280_Banner_vivi01視頻-exchange,antifroud,,,"30,530","30,530",42,"30,488",0,42,42,0,0,100.00%,0.14%,0.00%,0.14%,0.14%,0.00%,0.00%
20260126,21,李立娟,3395,vivi0視頻-exchange,17294,MW_336x280_Banner_vivi01視頻-exchange,antifroud,,,"22,777","22,777",18,"22,759",0,18,18,0,0,100.00%,0.08%,0.00%,0.08%,0.08%,0.00%,0.00%
20260126,21,李立娟,3397,趣聞圖說-exchange,17297,(子)MW_336x280_Banner_趣聞圖說-exchange,antifroud,,,"126,593","126,558",542,"126,016",253,289,289,0,0,99.97%,0.43%,0.20%,0.23%,0.23%,0.00%,0.00%
20260126,21,李立娟,3395,vivi0視頻-exchange,17299,MW_300x250_蓋板(PB)-vivi01視頻-exchange,,,,140,140,0,140,0,0,0,0,0,100.00%,0.00%,0.00%,0.00%,0.00%,0.00%,0.00%
20260126,21,李立娟,3395,vivi0視頻-exchange,17300,MW_320x100_置底(PB)_vivi01視頻-exchange,antifroud,,,571,571,0,571,0,0,0,0,0,100.00%,0.00%,0.00%,0.00%,0.00%,0.00%,0.00%
20260126,21,李立娟,3397,趣聞圖說-exchange,17309,MW_336x280_文中Banner_趣聞圖說-exchange,,,,19,19,7,12,0,7,7,0,0,100.00%,36.84%,0.00%,36.84%,36.84%,0.00%,0.00%
20260126,21,曾憲敏,601,85小說網_PC,1773,CF-300x250_85小說網_內文1,,,,411,411,0,411,0,0,0,0,0,100.00%,0.00%,0.00%,0.00%,0.00%,0.00%,0.00%
20260126,21,第一網站股份有限公司,2768,czbooks,17927,MW_置底創意_czbook,,,,126,126,0,126,0,0,0,0,0,100.00%,0.00%,0.00%,0.00%,0.00%,0.00%,0.00%
20260126,21,第一網站股份有限公司,3420,ftvnews,17970,MW_300x250_內文_ftvnews,,知名媒體,,6,6,0,6,0,0,0,0,0,100.00%,0.00%,0.00%,0.00%,0.00%,0.00%,0.00%
20260126,21,時報資訊股份有限公司_工商時報,3427,工商時報-exchange,18003,CF_300x250_互動看板2_工商時報-exchange,,知名媒體,,18,18,4,14,0,4,4,0,0,100.00%,22.22%,0.00%,22.22%,22.22%,0.00%,0.00%
20260126,21,時報資訊股份有限公司_工商時報,3427,工商時報-exchange,18014,MW_300x250_文末Banner1_工商時報-exchange,,知名媒體,,6,6,0,6,0,0,0,0,0,100.00%,0.00%,0.00%,0.00%,0.00%,0.00%,0.00%
20260126,21,第一網站股份有限公司,3440,fsa_passback_first,18202,CF_300x250_fsa_passback_first,,,,85,85,0,85,0,0,0,0,0,100.00%,0.00%,0.00%,0.00%,0.00%,0.00%,0.00%
20260126,21,第一網站股份有限公司,3440,fsa_passback_first,18266,(子)CF_970x250_cfbanner_blog,,,子聯播網,160,160,45,115,0,45,45,0,0,100.00%,28.12%,0.00%,28.12%,28.12%,0.00%,0.00%
20260126,21,莊博凱,3455,夢遊電玩,18269,300x250 Banner,,,,52,52,0,52,0,0,0,0,0,100.00%,0.00%,0.00%,0.00%,0.00%,0.00%,0.00%
20260126,21,朱光宁,3268,稷下書院-mobile,18297,MW_置底創意(展開)_稷下書院-mobile,,,,6,6,0,6,0,0,0,0,0,100.00%,0.00%,0.00%,0.00%,0.00%,0.00%,0.00%
20260126,21,冰楓科技有限公司,3485,冰楓論壇-exchange,18487,CF_970x90_內文上方第一塊_冰楓論壇-exchange,,,,"1,544","1,544",1,"1,543",0,1,1,0,0,100.00%,0.06%,0.00%,0.06%,0.06%,0.00%,0.00%
20260126,21,冰楓科技有限公司,3485,冰楓論壇-exchange,18492,MW_300x250_Banner_ 冰楓論壇-exchange,,,,691,691,0,691,0,0,0,0,0,100.00%,0.00%,0.00%,0.00%,0.00%,0.00%,0.00%
20260126,21,闇碼科技股份有限公司,3048,縮短網址產生器-reurl,18535,MW_蓋版_縮短網址產生器-reurl,,知名媒體,,12,12,0,12,0,0,0,0,0,100.00%,0.00%,0.00%,0.00%,0.00%,0.00%,0.00%
20260126,21,CBROOT LTD,3492,包子漫畫(特開流量)-exchange,18544,(子)CF_300x600_指定流量_包子漫畫(特開流量)-exchange,,,子聯播網,"28,748","28,748",400,"28,348",108,292,292,0,0,100.00%,1.39%,0.38%,1.02%,1.02%,0.00%,0.00%
20260126,21,CBROOT LTD,3492,包子漫畫(特開流量)-exchange,18545,(子)CF_970x250_指定時段_包子漫畫(特開流量)-exchange,,,子聯播網,"204,330","204,330","1,225","203,105",447,778,778,0,0,100.00%,0.60%,0.22%,0.38%,0.38%,0.00%,0.00%
20260126,21,CBROOT LTD,3492,包子漫畫(特開流量)-exchange,18546,(子)CF_300x250_指定時段_包子漫畫(特開流量)-exchange,,,子聯播網,"503,823","503,823","2,687","501,136",785,"1,902","1,902",0,0,100.00%,0.53%,0.16%,0.38%,0.38%,0.00%,0.00%
20260126,21,CBROOT LTD,3510,包子漫畫_twmanga-exchange,18732,MW_336x280_Banner_包子漫畫_twmanga,,,子聯播網,"105,877","105,877","1,089","104,788",471,618,618,0,0,100.00%,1.03%,0.44%,0.58%,0.58%,0.00%,0.00%
20260126,21,CBROOT LTD,3510,包子漫畫_twmanga-exchange,18735,CF_336x280_Banner_包子漫畫_twmanga-exchange,,,,"1,391","1,391",0,"1,391",0,0,0,0,0,100.00%,0.00%,0.00%,0.00%,0.00%,0.00%,0.00%
20260126,21,CBROOT LTD,3510,包子漫畫_twmanga-exchange,18736,CF_970x250_ 包子漫畫_twmanga-exchange,,,,"2,621","2,621",336,"2,285",64,272,272,0,0,100.00%,12.82%,2.44%,10.38%,10.38%,0.00%,0.00%
20260126,21,台灣英文新聞股份有限公司,3537,台灣英文新聞(new)-exchange,18923,CF_300x600_列表頁_右側看版_台灣英文新聞(new)-exchange,,知名媒體,,6,6,6,0,6,0,0,0,0,100.00%,100.00%,100.00%,0.00%,0.00%,0.00%,0.00%
20260126,21,台灣英文新聞股份有限公司,3537,台灣英文新聞(new)-exchange,18924,CF_300x250_內容頁_右側看版_1_台灣英文新聞(new)-exchange,,知名媒體,,151,151,40,111,38,2,2,0,0,100.00%,26.49%,25.17%,1.32%,1.32%,0.00%,0.00%
20260126,21,台灣英文新聞股份有限公司,3537,台灣英文新聞(new)-exchange,18925,CF_300x600_內容頁_右側看版_2_台灣英文新聞(new)-exchange,,知名媒體,,43,43,12,31,12,0,0,0,0,100.00%,27.91%,27.91%,0.00%,0.00%,0.00%,0.00%
20260126,21,艾得基客行銷顧問股份有限公司,3373,良醫健康網,19011,MW_320x480_文中創意_良醫健康網,,知名媒體,,12,12,0,12,0,0,0,0,0,100.00%,0.00%,0.00%,0.00%,0.00%,0.00%,0.00%
20260126,21,艾得基客行銷顧問股份有限公司,3552,玩具人,19044,MW_320x480_文中創意_玩具人,,知名媒體,,321,321,0,321,0,0,0,0,0,100.00%,0.00%,0.00%,0.00%,0.00%,0.00%,0.00%
20260126,21,先驅媒體社會企業股份有限公司,3554,新頭殼(R18),19047,(子)CF_300x250Banner_newtalk.tw_content_300250_1_新頭殼(R18),,知名媒體,子聯播網,6,6,2,4,0,2,2,0,0,100.00%,33.33%,0.00%,33.33%,33.33%,0.00%,0.00%
20260126,21,第一網站股份有限公司,2783,漫畫櫃manhuagui,20685,MW_300X250_manhuagui,antifroud,,,"3,707","3,707",2,"3,705",0,2,2,0,0,100.00%,0.05%,0.00%,0.05%,0.05%,0.00%,0.00%
20260126,21,德榕企業有限公司,3578,TW Bodhi_mobile,20708,MW_蓋板_TW Bodhi,,,,738,738,2,736,0,2,2,0,0,100.00%,0.27%,0.00%,0.27%,0.27%,0.00%,0.00%
20260126,21,德榕企業有限公司,3581,忘憂書屋,20727,CF_336x280文章頁(RWD)_忘憂書屋,,,,220,220,2,218,2,0,0,0,0,100.00%,0.91%,0.91%,0.00%,0.00%,0.00%,0.00%
20260126,21,德榕企業有限公司,3582,忘憂書屋_mobile,20728,MW_文中創意300x250_忘憂書屋,,,,24,24,0,24,0,0,0,0,0,100.00%,0.00%,0.00%,0.00%,0.00%,0.00%,0.00%
20260126,21,第一網站股份有限公司,2910,clickme,20735,(子)CF_300x250_banner_clickme(成人),,,子聯播網,"15,489","15,489",365,"15,124",233,132,132,0,0,100.00%,2.36%,1.50%,0.85%,0.85%,0.00%,0.00%
20260126,21,第一網站股份有限公司,3440,fsa_passback_first,21699,CF_336x280_fsa_passback_first,,,,64,64,0,64,0,0,0,0,0,100.00%,0.00%,0.00%,0.00%,0.00%,0.00%,0.00%
20260126,21,朱光宁,3269,石頭小說-mobile,21741,MW_320x480_蓋版_石頭小說-mobile,antifroud,,,18,18,0,18,0,0,0,0,0,100.00%,0.00%,0.00%,0.00%,0.00%,0.00%,0.00%
20260126,21,富盈數據股份有限公司,3653,TVBS-女人我最大_HB,21761,MW_文章四_336x280_TVBS-女人我最大_HB,,知名媒體,,8,8,0,8,0,0,0,0,0,100.00%,0.00%,0.00%,0.00%,0.00%,0.00%,0.00%
20260126,21,富盈數據股份有限公司,3653,TVBS-女人我最大_HB,21763,MW_文中創意320x480_TVBS-女人我最大_HB,,知名媒體,,"3,706","3,706",4,"3,702",2,2,2,0,0,100.00%,0.11%,0.05%,0.05%,0.05%,0.00%,0.00%
20260126,21,富盈數據股份有限公司,3654,TVBS-健康2.0_HB,21764,CF_文章右側300x600_TVBS-健康2.0_HB,,知名媒體,,18,18,2,16,0,2,2,0,0,100.00%,11.11%,0.00%,11.11%,11.11%,0.00%,0.00%
20260126,21,富盈數據股份有限公司,3655,TVBS-食尚玩家_HB,21770,MW_文章三_336x280_TVBS-食尚玩家_HB,,知名媒體,,293,293,0,293,0,0,0,0,0,100.00%,0.00%,0.00%,0.00%,0.00%,0.00%,0.00%
20260126,21,富盈數據股份有限公司,3655,TVBS-食尚玩家_HB,21771,MW_文章四_336x280_TVBS-食尚玩家_HB,,知名媒體,,6,6,0,6,0,0,0,0,0,100.00%,0.00%,0.00%,0.00%,0.00%,0.00%,0.00%
20260126,21,富盈數據股份有限公司,3655,TVBS-食尚玩家_HB,21772,MW_文章置底_320x100_TVBS-食尚玩家_HB,,知名媒體,,12,12,0,12,0,0,0,0,0,100.00%,0.00%,0.00%,0.00%,0.00%,0.00%,0.00%
20260126,21,富盈數據股份有限公司,3655,TVBS-食尚玩家_HB,21773,MW_文中創意320x480_TVBS-食尚玩家_HB,,知名媒體,,418,418,0,418,0,0,0,0,0,100.00%,0.00%,0.00%,0.00%,0.00%,0.00%,0.00%
20260126,21,寶利拾股份有限公司,3652,愛料理_HB,21781,MW_置底創意(非展開)_愛料理_HB,,知名媒體,,6,6,0,6,0,0,0,0,0,100.00%,0.00%,0.00%,0.00%,0.00%,0.00%,0.00%
20260126,21,先驅媒體社會企業股份有限公司,3554,新頭殼(R18),21830,(子)CF_300x250Banner_newtalk.tw_all_300250_1_新頭殼(R18),antifroud,知名媒體,子聯播網,6,6,0,6,0,0,0,0,0,100.00%,0.00%,0.00%,0.00%,0.00%,0.00%,0.00%
20260126,21,先驅媒體社會企業股份有限公司,3554,新頭殼(R18),21839,ＭＷ_336x280Banner_newtalk.tw_mobile_all_336280_2_新頭殼(R18),antifroud,知名媒體,,201,201,0,201,0,0,0,0,0,100.00%,0.00%,0.00%,0.00%,0.00%,0.00%,0.00%
20260126,21,儂儂雜誌社股份有限公司(bella儂儂),2135,Bella儂儂_2024,21876,MW-300x250_文章標題上方1_Bella儂儂,,知名媒體,,"1,407","1,407",0,"1,407",0,0,0,0,0,100.00%,0.00%,0.00%,0.00%,0.00%,0.00%,0.00%
20260126,21,富盈數據股份有限公司,3680,TVBS-新聞網_HB,21898,CF_文章右側300x600_TVBS-新聞網_HB,,知名媒體,,89,89,0,89,0,0,0,0,0,100.00%,0.00%,0.00%,0.00%,0.00%,0.00%,0.00%
20260126,21,富盈數據股份有限公司,3685,玩桌遊_mobile,21924,MW_置底創意(非展開)_玩桌遊-mobile,,,,680,680,0,680,0,0,0,0,0,100.00%,0.00%,0.00%,0.00%,0.00%,0.00%,0.00%
20260126,21,富盈數據股份有限公司,2615,熱血台中,21986,CF_336x280_全網_熱血台中,,,,202,202,0,202,0,0,0,0,0,100.00%,0.00%,0.00%,0.00%,0.00%,0.00%,0.00%
20260126,21,富盈數據股份有限公司,2615,熱血台中,21987,CF_336x280_全網_熱血台中,,,,95,95,0,95,0,0,0,0,0,100.00%,0.00%,0.00%,0.00%,0.00%,0.00%,0.00%
20260126,21,富盈數據股份有限公司,3704,天天要聞,22030,CF_300 x 250 banner_天天要聞_cpc2,,,,"4,724","4,724",0,"4,724",0,0,0,0,0,100.00%,0.00%,0.00%,0.00%,0.00%,0.00%,0.00%
20260126,21,富盈數據股份有限公司,3703,繁體小說,22031,CF_300 x 250 banner_繁體小說_cpc2,,,,457,457,14,443,0,14,14,0,0,100.00%,3.06%,0.00%,3.06%,3.06%,0.00%,0.00%
20260126,21,朱光宁,3708,石頭小說,22045,CF_336 x 280 banner_石頭小說_cpc1.67,antifroud,,,"311,251","311,251",623,"310,628",260,363,363,0,0,100.00%,0.20%,0.08%,0.12%,0.12%,0.00%,0.00%
20260126,21,冠妍動力科技有限公司,484,小老婆汽機車資訊網,22058,MW_文中創意320x480_小老婆汽機車資訊網-測試,,知名媒體,,25,25,0,25,0,0,0,0,0,100.00%,0.00%,0.00%,0.00%,0.00%,0.00%,0.00%
20260126,21,朱光宁,3718,稷下書院2,22093,CF_336 x 280 banner_稷下書院2_cpc1.67,antifroud,,,"244,969","244,969",540,"244,429",164,376,376,0,0,100.00%,0.22%,0.07%,0.15%,0.15%,0.00%,0.00%
20260126,21,富盈數據股份有限公司,3680,TVBS-新聞網_HB,22131,CF_文中300x250_TVBS-新聞網_HB_1,,知名媒體,,86,86,0,86,0,0,0,0,0,100.00%,0.00%,0.00%,0.00%,0.00%,0.00%,0.00%
20260126,21,富盈數據股份有限公司,3680,TVBS-新聞網_HB,22132,CF_文中300x250_TVBS-新聞網_HB_2,,知名媒體,,524,524,4,520,0,4,4,0,0,100.00%,0.76%,0.00%,0.76%,0.76%,0.00%,0.00%
20260126,21,富盈數據股份有限公司,3680,TVBS-新聞網_HB,22133,CF_文中300x250_TVBS-新聞網_HB_3,,知名媒體,,"1,291","1,291",69,"1,222",14,55,55,0,0,100.00%,5.34%,1.08%,4.26%,4.26%,0.00%,0.00%
20260126,21,冰楓科技有限公司,3485,冰楓論壇-exchange,22160,CF_300x250_Banner2_ 冰楓論壇-exchange,,,,12,12,0,12,0,0,0,0,0,100.00%,0.00%,0.00%,0.00%,0.00%,0.00%,0.00%
20260126,21,闇碼科技股份有限公司,3048,縮短網址產生器-reurl,22213,MW_蓋版_縮短網址產生器-reurl-2025.05(特殊供量),,知名媒體,,308,308,54,254,28,26,26,0,0,100.00%,17.53%,9.09%,8.44%,8.44%,0.00%,0.00%
20260126,21,艾得基客行銷顧問股份有限公司,3724,上報,22217,MW_置底創意(非展開)_上報,,知名媒體,,300,300,2,298,0,2,2,0,0,100.00%,0.67%,0.00%,0.67%,0.67%,0.00%,0.00%
20260126,21,艾得基客行銷顧問股份有限公司,3724,上報,22218,MW_置底(展開)_上報,,知名媒體,,199,199,1,198,0,1,1,0,0,100.00%,0.50%,0.00%,0.50%,0.50%,0.00%,0.00%
20260126,21,欣發現股份有限公司,3363,大人物-mobile,22222,MW_蓋板_大人物,,知名媒體,,6,6,0,6,0,0,0,0,0,100.00%,0.00%,0.00%,0.00%,0.00%,0.00%,0.00%
20260126,21,朱光宁,3741,石頭小說3,22398,CF_336 x 280 banner_石頭小說3_cpc1.67,,,,"26,406","26,402",19,"26,383",0,19,19,0,0,99.98%,0.07%,0.00%,0.07%,0.07%,0.00%,0.00%
20260126,21,朱光宁,3741,石頭小說3,22399,CF_320 x 480 橫幅_石頭小說3,,,,14,14,0,14,0,0,0,0,0,100.00%,0.00%,0.00%,0.00%,0.00%,0.00%,0.00%
20260126,21,艾得基客行銷顧問股份有限公司,3724,上報,22405,MW_蓋版_上報,,知名媒體,,50,50,0,50,0,0,0,0,0,100.00%,0.00%,0.00%,0.00%,0.00%,0.00%,0.00%
20260126,21,闇碼科技股份有限公司,3068,限時圖片-imgus,22406,MW_置底_imgus,antifroud,,,768,768,2,766,0,2,2,0,0,100.00%,0.26%,0.00%,0.26%,0.26%,0.00%,0.00%
20260126,21,第一網站股份有限公司,2783,漫畫櫃manhuagui,22443,MW_置底_manhuagui,antifroud,,,"1,601","1,601",0,"1,601",0,0,0,0,0,100.00%,0.00%,0.00%,0.00%,0.00%,0.00%,0.00%
20260126,21,艾得基客行銷顧問股份有限公司,2689,Basketball Top5,22498,MW_300x250 Banner_Basketball TOP5_CPM5,,,子聯播網,84,84,0,84,0,0,0,0,0,100.00%,0.00%,0.00%,0.00%,0.00%,0.00%,0.00%
20260126,21,艾得基客行銷顧問股份有限公司,2578,鉅亨網,22507,MW_300x250_鉅亨網_直播用BN-1,,知名媒體,子聯播網,"5,287","5,287",15,"5,272",0,15,15,0,0,100.00%,0.28%,0.00%,0.28%,0.28%,0.00%,0.00%
20260126,21,艾得基客行銷顧問股份有限公司,3752,ＭoneyDJ,22514,MW_文中創意320x480_MoneyDJ,antifroud,知名媒體,,155,155,0,155,0,0,0,0,0,100.00%,0.00%,0.00%,0.00%,0.00%,0.00%,0.00%
20260126,21,艾得基客行銷顧問股份有限公司,3373,良醫健康網,22732,MW_300x250_良醫健康網,,知名媒體,,6,6,0,6,0,0,0,0,0,100.00%,0.00%,0.00%,0.00%,0.00%,0.00%,0.00%
20260126,21,李承翰-webptt,718,Web批踢踢(RWD),2284,MW-蓋板_文中_Web批踢踢,antifroud,,,48,48,0,48,0,0,0,0,0,100.00%,0.00%,0.00%,0.00%,0.00%,0.00%,0.00%
20260126,21,麥智維,999,動漫戲說,3543,CF-728*90-內文上方-動漫戲說,antifroud,,,6,6,0,6,0,0,0,0,0,100.00%,0.00%,0.00%,0.00%,0.00%,0.00%,0.00%
20260126,21,技達創意資訊有限公司,1299,泰好網,4733,CF-300*250-內文下方-泰好網,,,,6,6,0,6,0,0,0,0,0,100.00%,0.00%,0.00%,0.00%,0.00%,0.00%,0.00%
20260126,21,技達創意資訊有限公司,1299,泰好網,4734,MW-320*100-首頁、內文上方-泰好網,,,,18,18,0,18,0,0,0,0,0,100.00%,0.00%,0.00%,0.00%,0.00%,0.00%,0.00%
20260126,21,陈晋福,1367,電視超人,4997,CF-300X250-電視超人,,,,32,32,0,32,0,0,0,0,0,100.00%,0.00%,0.00%,0.00%,0.00%,0.00%,0.00%
20260126,21,麥智維,999,動漫戲說,6069,CF-300*250-首頁-動漫戲說,,,,175,175,0,175,0,0,0,0,0,100.00%,0.00%,0.00%,0.00%,0.00%,0.00%,0.00%
20260126,21,精鏡傳媒股份有限公司,1060,鏡週刊,8250,MW_置底創意(非展開)_鏡週刊,,知名媒體,,68,68,0,68,0,0,0,0,0,100.00%,0.00%,0.00%,0.00%,0.00%,0.00%,0.00%
20260126,21,巧克科技新媒體股份有限公司,2127,LINE TV_Banner-exchange,8576,CF_336x280_戲劇-右側好康資訊下方_LINE TV-exchange,,知名媒體,,60,60,0,60,0,0,0,0,0,100.00%,0.00%,0.00%,0.00%,0.00%,0.00%,0.00%
20260126,21,見聞科技有限公司,2251,就是節目表,9233,MW-300x250-節目表文中-就是節目表,,,,8,8,0,8,0,0,0,0,0,100.00%,0.00%,0.00%,0.00%,0.00%,0.00%,0.00%
20260126,22,英屬維京群島商浩美數位有限公司台灣分公司,2315,Teepr亮新聞-exchange,10012,CF_336x280Banner_Teepr亮新聞-exchange,,知名媒體,,734,734,17,717,2,15,15,0,0,100.00%,2.32%,0.27%,2.04%,2.04%,0.00%,0.00%
20260126,22,第一網站股份有限公司,2300,keketravel,10594,(子)CF_336x280_keketravel,,,子聯播網,116,116,12,104,4,8,8,0,0,100.00%,10.34%,3.45%,6.90%,6.90%,0.00%,0.00%
20260126,22,昱得資訊工作室,2528,數位書香,11080,CF_728x90_首頁上方_數位書香,antifroud,,,68,68,0,68,0,0,0,0,0,100.00%,0.00%,0.00%,0.00%,0.00%,0.00%,0.00%
20260126,22,昱得資訊工作室,2528,數位書香,11081,CF_160x600_首頁右側_數位書香,antifroud,,,"1,121","1,121",0,"1,121",0,0,0,0,0,100.00%,0.00%,0.00%,0.00%,0.00%,0.00%,0.00%
20260126,22,第一網站股份有限公司,2518,麻辣家族討論區(twbts),11082,CF-728X90-twbts,antifroud,,,292,292,0,292,0,0,0,0,0,100.00%,0.00%,0.00%,0.00%,0.00%,0.00%,0.00%
20260126,22,第一網站股份有限公司,2540,risu短網址,11260,MW-300X250-MB_page_left-risu,,知名媒體,,6,6,0,6,0,0,0,0,0,100.00%,0.00%,0.00%,0.00%,0.00%,0.00%,0.00%
20260126,22,第一網站股份有限公司,2492,ttshow,11273,MW-300X250-ttshow,,知名媒體,,30,30,0,30,0,0,0,0,0,100.00%,0.00%,0.00%,0.00%,0.00%,0.00%,0.00%
20260126,22,第一網站股份有限公司,2601,Meme梗圖倉庫,11443,CF-336X280-meme,,,,84,84,0,84,0,0,0,0,0,100.00%,0.00%,0.00%,0.00%,0.00%,0.00%,0.00%
20260126,22,葉志斌,2745,繁中寶可夢卡表生成器-奶爸工作室-exchange,12209,CF_336x280_文中_繁中寶可夢卡表生成器,,,,6,6,0,6,0,0,0,0,0,100.00%,0.00%,0.00%,0.00%,0.00%,0.00%,0.00%
20260126,22,葉志斌,2745,繁中寶可夢卡表生成器-奶爸工作室-exchange,12210,CF_728x90__文末__繁中寶可夢卡表生成器,,,,6,6,0,6,0,0,0,0,0,100.00%,0.00%,0.00%,0.00%,0.00%,0.00%,0.00%
20260126,22,第一網站股份有限公司,2540,risu短網址,12496,CF_300x250_popup(直播) _risu短網址,antifroud,知名媒體,,14,14,0,14,0,0,0,0,0,100.00%,0.00%,0.00%,0.00%,0.00%,0.00%,0.00%
20260126,22,冰楓科技有限公司,1710,冰楓論壇,12511,MW_300x250_Banner_冰楓論壇-exchange,,,,6,6,0,6,0,0,0,0,0,100.00%,0.00%,0.00%,0.00%,0.00%,0.00%,0.00%
20260126,22,第一網站股份有限公司,2768,czbooks,12570,CF_728x90_banner_czbooks,,,,"67,186","67,186",191,"66,995",114,77,77,0,0,100.00%,0.28%,0.17%,0.11%,0.11%,0.00%,0.00%
20260126,22,鳳梨傳媒股份有限公司,2190,民視新聞網-Exchange,12579,CF_300x250_右側第一塊_民視新聞網-Exchange(RWD)(MCM),,知名媒體,,"3,483","3,483",21,"3,462",9,12,12,0,0,100.00%,0.60%,0.26%,0.34%,0.34%,0.00%,0.00%
20260126,22,鳳梨傳媒股份有限公司,2190,民視新聞網-Exchange,12580,CF_300x250_內文文中左側_民視新聞網-Exchange(RWD)(MCM),,知名媒體,,"3,524","3,524",25,"3,499",12,13,13,0,0,100.00%,0.71%,0.34%,0.37%,0.37%,0.00%,0.00%
20260126,22,第一網站股份有限公司,2783,漫畫櫃manhuagui,12676,CF_728X90_manhuagui,antifroud,,,"98,305","98,305","1,792","96,513","1,632",160,160,0,0,100.00%,1.82%,1.66%,0.16%,0.16%,0.00%,0.00%
20260126,22,第一網站股份有限公司,2801,damanwoo,12868,CF-300x250_Banner_damanwoo_大人物,,,,12,12,0,12,0,0,0,0,0,100.00%,0.00%,0.00%,0.00%,0.00%,0.00%,0.00%
20260126,22,第一網站股份有限公司,2820,星座好朋友(horofriend88),12966,MW_320x100_horofriend88,antifroud,,,6,6,0,6,0,0,0,0,0,100.00%,0.00%,0.00%,0.00%,0.00%,0.00%,0.00%
20260126,22,第一網站股份有限公司,2836,vivi01,13032,MW_置底創意_vivi01 ViVi視頻,,,,12,12,0,12,0,0,0,0,0,100.00%,0.00%,0.00%,0.00%,0.00%,0.00%,0.00%
20260126,22,和運租車股份有限公司,2878,abc好車網,13368,CF_970x90_物件頁下方_abc好車網,,知名媒體,,13,13,0,13,0,0,0,0,0,100.00%,0.00%,0.00%,0.00%,0.00%,0.00%,0.00%
20260126,22,曾憲敏,202,85小說網,13445,MW_336X280_全量1_85小說網,,,,"1,230","1,230",2,"1,228",0,2,2,0,0,100.00%,0.16%,0.00%,0.16%,0.16%,0.00%,0.00%
20260126,22,曾憲敏,202,85小說網,13446,MW_336X280_全量2_85小說網,,,,"8,058","8,058",4,"8,054",0,4,4,0,0,100.00%,0.05%,0.00%,0.05%,0.05%,0.00%,0.00%
20260126,22,曾憲敏,601,85小說網_PC,13450,(子)CF_336x280_全量2_85小說網,,,子聯播網,238,238,2,236,0,2,2,0,0,100.00%,0.84%,0.00%,0.84%,0.84%,0.00%,0.00%
20260126,22,第一網站股份有限公司,2768,czbooks,13481,MW_300x250_banner_czbooks,antifroud,,子聯播網,"117,321","117,321",329,"116,992",141,188,188,0,0,100.00%,0.28%,0.12%,0.16%,0.16%,0.00%,0.00%
20260126,22,第一網站股份有限公司,2768,czbooks,13482,(子)CF_300x600_banner_czbooks(限時段),,,子聯播網,"65,996","65,996",143,"65,853",96,47,47,0,0,100.00%,0.22%,0.15%,0.07%,0.07%,0.00%,0.00%
20260126,22,第一網站股份有限公司,2768,czbooks,13483,(子)CF_970x250_banner_czbooks(限時段),,,子聯播網,"71,331","71,331",176,"71,155",116,60,60,0,0,100.00%,0.25%,0.16%,0.08%,0.08%,0.00%,0.00%
20260126,22,第一網站股份有限公司,2910,clickme,13548,(子)CF_300x250_banner_clickme(一般),,,子聯播網,"1,836","1,836",20,"1,816",17,3,3,0,0,100.00%,1.09%,0.93%,0.16%,0.16%,0.00%,0.00%
20260126,22,第一網站股份有限公司,2910,clickme,13549,CF_300x250_banner_clickme(一般),,,,128,128,0,128,0,0,0,0,0,100.00%,0.00%,0.00%,0.00%,0.00%,0.00%,0.00%
20260126,22,第一網站股份有限公司,2916,KiKiNote,13576,(子)CF_300x250_banner_kikinote,,知名媒體,子聯播網,"2,052","2,052",8,"2,044",0,8,8,0,0,100.00%,0.39%,0.00%,0.39%,0.39%,0.00%,0.00%
20260126,22,闇碼科技股份有限公司,2992,縮短網址產生器-reurl-exchange,13858,CF_300x250_網址下方左側_reurl,,知名媒體,,18,18,0,18,0,0,0,0,0,100.00%,0.00%,0.00%,0.00%,0.00%,0.00%,0.00%
20260126,22,闇碼科技股份有限公司,2992,縮短網址產生器-reurl-exchange,13860,CF_300x250_網址下方右側_reurl,,知名媒體,,24,24,2,22,0,2,2,0,0,100.00%,8.33%,0.00%,8.33%,8.33%,0.00%,0.00%
20260126,22,闇碼科技股份有限公司,2992,縮短網址產生器-reurl-exchange,13861,CF_300x250_網址下方右側(PB)_reurl,,知名媒體,,55,55,29,26,19,10,10,0,0,100.00%,52.73%,34.55%,18.18%,18.18%,0.00%,0.00%
20260126,22,第一網站股份有限公司,2768,czbooks,13903,(子)CF_300x250_banner_czbooks(直播),antifroud,,子聯播網,"301,346","301,346",885,"300,461",426,459,459,0,0,100.00%,0.29%,0.14%,0.15%,0.15%,0.00%,0.00%
20260126,22,第一網站股份有限公司,2783,漫畫櫃manhuagui,13904,(子)CF_300x250_banner_manhuagui(直播),antifroud,,子聯播網,"180,799","180,799","6,392","174,407","3,377","3,015","3,015",0,0,100.00%,3.54%,1.87%,1.67%,1.67%,0.00%,0.00%
20260126,22,陳人鳳,480,飛格寵物家族_PC,1407,CF-728X90_上方通欄_飛格寵物家族,,,,86,86,5,81,0,5,5,0,0,100.00%,5.81%,0.00%,5.81%,5.81%,0.00%,0.00%
20260126,22,陳人鳳,480,飛格寵物家族_PC,1408,CF-300X250_內文_飛格寵物家族,,,,97,97,7,90,0,7,7,0,0,100.00%,7.22%,0.00%,7.22%,7.22%,0.00%,0.00%
20260126,22,飛凡傳播股份有限公司,1921,非凡新聞台-exchange,14188,MW_300x250_內文上方_非凡新聞-exchange,antifroud,知名媒體,,12,12,2,10,2,0,0,0,0,100.00%,16.67%,16.67%,0.00%,0.00%,0.00%,0.00%
20260126,22,飛凡傳播股份有限公司,1921,非凡新聞台-exchange,14189,CF_300x600_右側下方_非凡新聞-exchange,antifroud,知名媒體,,19,19,0,19,0,0,0,0,0,100.00%,0.00%,0.00%,0.00%,0.00%,0.00%,0.00%
20260126,22,闇碼科技股份有限公司,3048,縮短網址產生器-reurl,14210,MW_文中創意300x250_縮短網址產生器-reurl,,知名媒體,,297,297,42,255,18,24,24,0,0,100.00%,14.14%,6.06%,8.08%,8.08%,0.00%,0.00%
20260126,22,富盈數據股份有限公司,3059,塔科女子,14258,CF_336x280_全網_塔科女子,,知名媒體,,102,102,0,102,0,0,0,0,0,100.00%,0.00%,0.00%,0.00%,0.00%,0.00%,0.00%
20260126,22,CBROOT LTD,3003,包子漫畫-exchange,14291,MW_300x250_蓋板(PB)_包子漫畫,,,,197,197,1,196,1,0,0,0,0,100.00%,0.51%,0.51%,0.00%,0.00%,0.00%,0.00%
20260126,22,朱光宁,3152,石頭小說-exchange,14472,MW_336x280_Banner_石頭小說,,,,"9,686","9,685",15,"9,670",0,15,15,0,0,99.99%,0.15%,0.00%,0.15%,0.15%,0.00%,0.00%
20260126,22,朱光宁,3149,稷下書院-exchange,14748,MW_320x100_置底(PB)_稷下書院,,,,"40,354","40,348",256,"40,092",145,111,111,0,0,99.99%,0.63%,0.36%,0.28%,0.28%,0.00%,0.00%
20260126,22,巨思文化股份有限公司,3053,數位時代_HB,14764,MW_置底創意_(非展開)_數位時代_HB,,知名媒體,,63,63,0,63,0,0,0,0,0,100.00%,0.00%,0.00%,0.00%,0.00%,0.00%,0.00%
20260126,22,中天電視股份有限公司,3282,中天新聞網-exchange,14980,CF_970x250_內頁_PC置頂橫幅-中天新聞網-exchange,,知名媒體,,149,149,8,141,2,6,6,0,0,100.00%,5.37%,1.34%,4.03%,4.03%,0.00%,0.00%
20260126,22,CBROOT LTD,3305,包子漫畫NEW-exchange,15143,(子)CF_970x250_Banner(直播)_包子漫畫(kukuc.co),,,子聯播網,70,70,0,70,0,0,0,0,0,100.00%,0.00%,0.00%,0.00%,0.00%,0.00%,0.00%
20260126,22,CBROOT LTD,3305,包子漫畫NEW-exchange,15145,(子)CF_970x250_指定流量Banner_包子漫畫(kukuc.co),antifroud,,子聯播網,"1,822","1,822",0,"1,822",0,0,0,0,0,100.00%,0.00%,0.00%,0.00%,0.00%,0.00%,0.00%
20260126,22,曾憲敏,3327,85小說網_創意,15228,MW-創意-85小說網,,,,18,18,0,18,0,0,0,0,0,100.00%,0.00%,0.00%,0.00%,0.00%,0.00%,0.00%
20260126,22,和運租車股份有限公司,2878,abc好車網,15249,CF_300x250_搜尋頁右側_abc好車網,,知名媒體,,6,6,0,6,0,0,0,0,0,100.00%,0.00%,0.00%,0.00%,0.00%,0.00%,0.00%
20260126,22,中天電視股份有限公司,3282,中天新聞網-exchange,15859,CF_336x280_內頁_PC右側互動看板B-中天新聞網-exchange,,知名媒體,,630,630,32,598,2,30,30,0,0,100.00%,5.08%,0.32%,4.76%,4.76%,0.00%,0.00%
20260126,22,CBROOT LTD,3352,西瓜卡通-exchange,15969,CF_728x90_影音內容_西瓜卡通-exchange,,,,80,80,0,80,0,0,0,0,0,100.00%,0.00%,0.00%,0.00%,0.00%,0.00%,0.00%
20260126,22,CBROOT LTD,3352,西瓜卡通-exchange,15970,CF_160x600_影音內容_西瓜卡通-exchange,,,,134,134,0,134,0,0,0,0,0,100.00%,0.00%,0.00%,0.00%,0.00%,0.00%,0.00%
20260126,22,時報資訊股份有限公司,2817,旺得富,16910,CF_300x250_Billboard_1s_旺得富,,知名媒體,,12,12,0,12,0,0,0,0,0,100.00%,0.00%,0.00%,0.00%,0.00%,0.00%,0.00%
20260126,22,時報資訊股份有限公司,2817,旺得富,16911,CF_300x250_Billboard_2nd_旺得富,,知名媒體,,18,18,0,18,0,0,0,0,0,100.00%,0.00%,0.00%,0.00%,0.00%,0.00%,0.00%
20260126,22,葉志斌,2745,繁中寶可夢卡表生成器-奶爸工作室-exchange,16951,CF_300x600_Banner_繁中寶可夢卡表生成器-奶爸工作室-exchange,,,,"1,061","1,061",0,"1,061",0,0,0,0,0,100.00%,0.00%,0.00%,0.00%,0.00%,0.00%,0.00%
20260126,22,朱光宁,3360,提莫書屋-exchange,16957,MW_336x280banner_提莫書屋_exchange,,,,"24,625","24,624",125,"24,499",91,34,34,0,0,100.00%,0.51%,0.37%,0.14%,0.14%,0.00%,0.00%
20260126,22,朱光宁,3361,提莫書屋-mobile,16959,MW_320x480_文中創意_提莫書屋-mobile,,,,108,108,4,104,2,2,2,0,0,100.00%,3.70%,1.85%,1.85%,1.85%,0.00%,0.00%
20260126,22,欣發現股份有限公司,3364,女子學-mobile,16972,MW_置底創意_女子學,antifroud,,,99,99,0,99,0,0,0,0,0,100.00%,0.00%,0.00%,0.00%,0.00%,0.00%,0.00%
20260126,22,朱光宁,3149,稷下書院-exchange,17003,(子)CF_336x280_Banner(指定流量)_稷下書院-exchange,,,子聯播網,"3,379","3,371",88,"3,283",50,38,38,0,0,99.76%,2.61%,1.48%,1.13%,1.13%,0.00%,0.00%
20260126,22,第一網站股份有限公司,2783,漫畫櫃manhuagui,17027,MW_320x480_蓋版_漫畫櫃manhuagui,,,,66,66,0,66,0,0,0,0,0,100.00%,0.00%,0.00%,0.00%,0.00%,0.00%,0.00%
20260126,22,朱光宁,3149,稷下書院-exchange,17095,(子)MW_336x280_Banner_稷下書院-exchange,antifroud,,,"29,511","29,507",226,"29,281",42,184,184,0,0,99.99%,0.77%,0.14%,0.62%,0.62%,0.00%,0.00%
20260126,22,詠勝科技有限公司,3385,Mobile01_HB,17174,CF_970x250_超級橫幅_置底_Mobile01_HB,,知名媒體,,6,6,0,6,0,0,0,0,0,100.00%,0.00%,0.00%,0.00%,0.00%,0.00%,0.00%
20260126,22,詠勝科技有限公司,3385,Mobile01_HB,17178,CF_300x250_頻道頁_大看板_Mobile01_HB,,知名媒體,,60,60,2,58,2,0,0,0,0,100.00%,3.33%,3.33%,0.00%,0.00%,0.00%,0.00%
20260126,22,詠勝科技有限公司,3385,Mobile01_HB,17179,CF_300x250_熱門大看板_Mobile01_HB,,知名媒體,,"4,933","4,933",133,"4,800",10,123,123,0,0,100.00%,2.70%,0.20%,2.49%,2.49%,0.00%,0.00%
20260126,22,詠勝科技有限公司,3385,Mobile01_HB,17183,CF_300x600_大摩天_Mobile01_HB,,知名媒體,,"2,278","2,278",43,"2,235",0,43,43,0,0,100.00%,1.89%,0.00%,1.89%,1.89%,0.00%,0.00%
20260126,22,朱光宁,3268,稷下書院-mobile,17207,MW_320x480_蓋版_稷下書院-mobile,,,,300,300,5,295,2,3,3,0,0,100.00%,1.67%,0.67%,1.00%,1.00%,0.00%,0.00%
20260126,22,中華電視股份有限公司,3389,華視-mobile,17230,MW_置底創意(非展開)_華視-mobile,,知名媒體,,12,12,0,12,0,0,0,0,0,100.00%,0.00%,0.00%,0.00%,0.00%,0.00%,0.00%
20260126,22,李立娟,3395,vivi0視頻-exchange,17293,CF_336x280_Banner_vivi01視頻-exchange,antifroud,,,698,698,0,698,0,0,0,0,0,100.00%,0.00%,0.00%,0.00%,0.00%,0.00%,0.00%
20260126,22,李立娟,3395,vivi0視頻-exchange,17294,MW_336x280_Banner_vivi01視頻-exchange,antifroud,,,"5,728","5,728",7,"5,721",2,5,5,0,0,100.00%,0.12%,0.03%,0.09%,0.09%,0.00%,0.00%
20260126,22,李立娟,3397,趣聞圖說-exchange,17297,(子)MW_336x280_Banner_趣聞圖說-exchange,antifroud,,,"59,265","59,265",491,"58,774",363,128,128,0,0,100.00%,0.83%,0.61%,0.22%,0.22%,0.00%,0.00%
20260126,22,李立娟,3395,vivi0視頻-exchange,17299,MW_300x250_蓋板(PB)-vivi01視頻-exchange,,,,70,70,0,70,0,0,0,0,0,100.00%,0.00%,0.00%,0.00%,0.00%,0.00%,0.00%
20260126,22,李立娟,3395,vivi0視頻-exchange,17300,MW_320x100_置底(PB)_vivi01視頻-exchange,antifroud,,,632,632,0,632,0,0,0,0,0,100.00%,0.00%,0.00%,0.00%,0.00%,0.00%,0.00%
20260126,22,李立娟,3397,趣聞圖說-exchange,17309,MW_336x280_文中Banner_趣聞圖說-exchange,,,,14,14,0,14,0,0,0,0,0,100.00%,0.00%,0.00%,0.00%,0.00%,0.00%,0.00%
20260126,22,曾憲敏,601,85小說網_PC,1773,CF-300x250_85小說網_內文1,,,,292,292,0,292,0,0,0,0,0,100.00%,0.00%,0.00%,0.00%,0.00%,0.00%,0.00%
20260126,22,第一網站股份有限公司,2768,czbooks,17927,MW_置底創意_czbook,,,,46,46,0,46,0,0,0,0,0,100.00%,0.00%,0.00%,0.00%,0.00%,0.00%,0.00%
20260126,22,時報資訊股份有限公司_工商時報,3427,工商時報-exchange,18003,CF_300x250_互動看板2_工商時報-exchange,,知名媒體,,30,30,12,18,0,12,12,0,0,100.00%,40.00%,0.00%,40.00%,40.00%,0.00%,0.00%
20260126,22,第一網站股份有限公司,3440,fsa_passback_first,18202,CF_300x250_fsa_passback_first,,,,"1,375","1,375",27,"1,348",0,27,27,0,0,100.00%,1.96%,0.00%,1.96%,1.96%,0.00%,0.00%
20260126,22,第一網站股份有限公司,3440,fsa_passback_first,18266,(子)CF_970x250_cfbanner_blog,,,子聯播網,"1,023","1,023",134,889,14,120,120,0,0,100.00%,13.10%,1.37%,11.73%,11.73%,0.00%,0.00%
20260126,22,莊博凱,3455,夢遊電玩,18269,300x250 Banner,,,,20,20,0,20,0,0,0,0,0,100.00%,0.00%,0.00%,0.00%,0.00%,0.00%,0.00%
20260126,22,冰楓科技有限公司,3485,冰楓論壇-exchange,18487,CF_970x90_內文上方第一塊_冰楓論壇-exchange,,,,874,874,12,862,6,6,6,0,0,100.00%,1.37%,0.69%,0.69%,0.69%,0.00%,0.00%
20260126,22,冰楓科技有限公司,3485,冰楓論壇-exchange,18488,MW_320x100_內文上方第一塊_ 冰楓論壇-exchange,antifroud,,,6,6,0,6,0,0,0,0,0,100.00%,0.00%,0.00%,0.00%,0.00%,0.00%,0.00%
20260126,22,冰楓科技有限公司,3485,冰楓論壇-exchange,18492,MW_300x250_Banner_ 冰楓論壇-exchange,,,,300,300,10,290,6,4,4,0,0,100.00%,3.33%,2.00%,1.33%,1.33%,0.00%,0.00%
20260126,22,CBROOT LTD,3492,包子漫畫(特開流量)-exchange,18544,(子)CF_300x600_指定流量_包子漫畫(特開流量)-exchange,,,子聯播網,"22,735","22,735",351,"22,384",48,303,303,0,0,100.00%,1.54%,0.21%,1.33%,1.33%,0.00%,0.00%
20260126,22,CBROOT LTD,3492,包子漫畫(特開流量)-exchange,18545,(子)CF_970x250_指定時段_包子漫畫(特開流量)-exchange,,,子聯播網,"88,334","88,334",687,"87,647",22,665,665,0,0,100.00%,0.78%,0.02%,0.75%,0.75%,0.00%,0.00%
20260126,22,CBROOT LTD,3492,包子漫畫(特開流量)-exchange,18546,(子)CF_300x250_指定時段_包子漫畫(特開流量)-exchange,,,子聯播網,"219,438","219,438","1,755","217,683",439,"1,316","1,316",0,0,100.00%,0.80%,0.20%,0.60%,0.60%,0.00%,0.00%
20260126,22,CBROOT LTD,3492,包子漫畫(特開流量)-exchange,18558,CF_970x250_指定時段_包子漫畫(特開流量PB)-exchange,,,,"62,445","62,445",458,"61,987",169,289,289,0,0,100.00%,0.73%,0.27%,0.46%,0.46%,0.00%,0.00%
20260126,22,CBROOT LTD,3510,包子漫畫_twmanga-exchange,18732,MW_336x280_Banner_包子漫畫_twmanga,,,子聯播網,"53,615","53,615",262,"53,353",66,196,196,0,0,100.00%,0.49%,0.12%,0.37%,0.37%,0.00%,0.00%
20260126,22,CBROOT LTD,3510,包子漫畫_twmanga-exchange,18735,CF_336x280_Banner_包子漫畫_twmanga-exchange,,,,478,478,3,475,0,3,3,0,0,100.00%,0.63%,0.00%,0.63%,0.63%,0.00%,0.00%
20260126,22,CBROOT LTD,3510,包子漫畫_twmanga-exchange,18736,CF_970x250_ 包子漫畫_twmanga-exchange,,,,893,893,49,844,6,43,43,0,0,100.00%,5.49%,0.67%,4.82%,4.82%,0.00%,0.00%
20260126,22,第一網站股份有限公司,3516,ezneering,18756,(子)CF_300x250_Banner_ezneering,,,子聯播網,14,14,0,14,0,0,0,0,0,100.00%,0.00%,0.00%,0.00%,0.00%,0.00%,0.00%
20260126,22,舒禾驊,3535,荷花動漫筆記,18887,CF_336x280_文章頁文中_荷花動漫筆記,,,,32,32,0,32,0,0,0,0,0,100.00%,0.00%,0.00%,0.00%,0.00%,0.00%,0.00%
20260126,22,台灣英文新聞股份有限公司,3537,台灣英文新聞(new)-exchange,18924,CF_300x250_內容頁_右側看版_1_台灣英文新聞(new)-exchange,,知名媒體,,137,137,38,99,36,2,2,0,0,100.00%,27.74%,26.28%,1.46%,1.46%,0.00%,0.00%
20260126,22,台灣英文新聞股份有限公司,3537,台灣英文新聞(new)-exchange,18925,CF_300x600_內容頁_右側看版_2_台灣英文新聞(new)-exchange,,知名媒體,,14,14,4,10,4,0,0,0,0,100.00%,28.57%,28.57%,0.00%,0.00%,0.00%,0.00%
20260126,22,艾得基客行銷顧問股份有限公司,3552,玩具人,19044,MW_320x480_文中創意_玩具人,,知名媒體,,245,245,0,245,0,0,0,0,0,100.00%,0.00%,0.00%,0.00%,0.00%,0.00%,0.00%
20260126,22,第一網站股份有限公司,2783,漫畫櫃manhuagui,20685,MW_300X250_manhuagui,antifroud,,,40,40,0,40,0,0,0,0,0,100.00%,0.00%,0.00%,0.00%,0.00%,0.00%,0.00%
20260126,22,德榕企業有限公司,3578,TW Bodhi_mobile,20708,MW_蓋板_TW Bodhi,,,,794,794,6,788,0,6,6,0,0,100.00%,0.76%,0.00%,0.76%,0.76%,0.00%,0.00%
20260126,22,德榕企業有限公司,3581,忘憂書屋,20727,CF_336x280文章頁(RWD)_忘憂書屋,,,,172,172,7,165,2,5,5,0,0,100.00%,4.07%,1.16%,2.91%,2.91%,0.00%,0.00%
20260126,22,第一網站股份有限公司,2910,clickme,20735,(子)CF_300x250_banner_clickme(成人),,,子聯播網,"13,300","13,300",276,"13,024",149,127,127,0,0,100.00%,2.08%,1.12%,0.95%,0.95%,0.00%,0.00%
20260126,22,富盈數據股份有限公司,3653,TVBS-女人我最大_HB,21761,MW_文章四_336x280_TVBS-女人我最大_HB,,知名媒體,,6,6,0,6,0,0,0,0,0,100.00%,0.00%,0.00%,0.00%,0.00%,0.00%,0.00%
20260126,22,富盈數據股份有限公司,3653,TVBS-女人我最大_HB,21763,MW_文中創意320x480_TVBS-女人我最大_HB,,知名媒體,,"3,116","3,116",2,"3,114",0,2,2,0,0,100.00%,0.06%,0.00%,0.06%,0.06%,0.00%,0.00%
20260126,22,富盈數據股份有限公司,3655,TVBS-食尚玩家_HB,21770,MW_文章三_336x280_TVBS-食尚玩家_HB,,知名媒體,,116,116,0,116,0,0,0,0,0,100.00%,0.00%,0.00%,0.00%,0.00%,0.00%,0.00%
20260126,22,富盈數據股份有限公司,3655,TVBS-食尚玩家_HB,21773,MW_文中創意320x480_TVBS-食尚玩家_HB,,知名媒體,,"1,059","1,059",8,"1,051",0,8,8,0,0,100.00%,0.76%,0.00%,0.76%,0.76%,0.00%,0.00%
20260126,22,先驅媒體社會企業股份有限公司,3554,新頭殼(R18),21830,(子)CF_300x250Banner_newtalk.tw_all_300250_1_新頭殼(R18),antifroud,知名媒體,子聯播網,6,6,2,4,2,0,0,0,0,100.00%,33.33%,33.33%,0.00%,0.00%,0.00%,0.00%
20260126,22,先驅媒體社會企業股份有限公司,3554,新頭殼(R18),21831,(子)CF_300x250Banner_newtalk.tw_all_300250_2_新頭殼(R18),,知名媒體,子聯播網,6,6,2,4,2,0,0,0,0,100.00%,33.33%,33.33%,0.00%,0.00%,0.00%,0.00%
20260126,22,先驅媒體社會企業股份有限公司,3554,新頭殼(R18),21839,ＭＷ_336x280Banner_newtalk.tw_mobile_all_336280_2_新頭殼(R18),antifroud,知名媒體,,86,86,0,86,0,0,0,0,0,100.00%,0.00%,0.00%,0.00%,0.00%,0.00%,0.00%
20260126,22,儂儂雜誌社股份有限公司(bella儂儂),2135,Bella儂儂_2024,21876,MW-300x250_文章標題上方1_Bella儂儂,,知名媒體,,"1,430","1,430",3,"1,427",0,3,3,0,0,100.00%,0.21%,0.00%,0.21%,0.21%,0.00%,0.00%
20260126,22,富盈數據股份有限公司,3680,TVBS-新聞網_HB,21898,CF_文章右側300x600_TVBS-新聞網_HB,,知名媒體,,34,34,0,34,0,0,0,0,0,100.00%,0.00%,0.00%,0.00%,0.00%,0.00%,0.00%
20260126,22,富盈數據股份有限公司,3685,玩桌遊_mobile,21924,MW_置底創意(非展開)_玩桌遊-mobile,,,,461,461,0,461,0,0,0,0,0,100.00%,0.00%,0.00%,0.00%,0.00%,0.00%,0.00%
20260126,22,富盈數據股份有限公司,2615,熱血台中,21986,CF_336x280_全網_熱血台中,,,,64,64,0,64,0,0,0,0,0,100.00%,0.00%,0.00%,0.00%,0.00%,0.00%,0.00%
20260126,22,富盈數據股份有限公司,2615,熱血台中,21987,CF_336x280_全網_熱血台中,,,,45,45,0,45,0,0,0,0,0,100.00%,0.00%,0.00%,0.00%,0.00%,0.00%,0.00%
20260126,22,富盈數據股份有限公司,3704,天天要聞,22030,CF_300 x 250 banner_天天要聞_cpc2,,,,"2,576","2,576",0,"2,576",0,0,0,0,0,100.00%,0.00%,0.00%,0.00%,0.00%,0.00%,0.00%
20260126,22,富盈數據股份有限公司,3703,繁體小說,22031,CF_300 x 250 banner_繁體小說_cpc2,,,,223,223,10,213,0,10,10,0,0,100.00%,4.48%,0.00%,4.48%,4.48%,0.00%,0.00%
20260126,22,朱光宁,3708,石頭小說,22045,CF_336 x 280 banner_石頭小說_cpc1.67,antifroud,,,"321,059","321,059",960,"320,099",326,634,634,0,0,100.00%,0.30%,0.10%,0.20%,0.20%,0.00%,0.00%
20260126,22,冠妍動力科技有限公司,484,小老婆汽機車資訊網,22058,MW_文中創意320x480_小老婆汽機車資訊網-測試,,知名媒體,,30,30,0,30,0,0,0,0,0,100.00%,0.00%,0.00%,0.00%,0.00%,0.00%,0.00%
20260126,22,朱光宁,3718,稷下書院2,22093,CF_336 x 280 banner_稷下書院2_cpc1.67,antifroud,,,"253,939","253,939",418,"253,521",76,342,342,0,0,100.00%,0.16%,0.03%,0.13%,0.13%,0.00%,0.00%
20260126,22,富盈數據股份有限公司,3680,TVBS-新聞網_HB,22131,CF_文中300x250_TVBS-新聞網_HB_1,,知名媒體,,12,12,1,11,0,1,1,0,0,100.00%,8.33%,0.00%,8.33%,8.33%,0.00%,0.00%
20260126,22,富盈數據股份有限公司,3680,TVBS-新聞網_HB,22132,CF_文中300x250_TVBS-新聞網_HB_2,,知名媒體,,96,96,0,96,0,0,0,0,0,100.00%,0.00%,0.00%,0.00%,0.00%,0.00%,0.00%
20260126,22,富盈數據股份有限公司,3680,TVBS-新聞網_HB,22133,CF_文中300x250_TVBS-新聞網_HB_3,,知名媒體,,185,185,5,180,0,5,5,0,0,100.00%,2.70%,0.00%,2.70%,2.70%,0.00%,0.00%
20260126,22,富盈數據股份有限公司,3730,Teepr 亮新聞 HB,22145,MW_336x280_文中創意_Teepr亮新聞 HB,,,,6,6,0,6,0,0,0,0,0,100.00%,0.00%,0.00%,0.00%,0.00%,0.00%,0.00%
20260126,22,冰楓科技有限公司,3485,冰楓論壇-exchange,22160,CF_300x250_Banner2_ 冰楓論壇-exchange,,,,6,6,0,6,0,0,0,0,0,100.00%,0.00%,0.00%,0.00%,0.00%,0.00%,0.00%
20260126,22,闇碼科技股份有限公司,3048,縮短網址產生器-reurl,22213,MW_蓋版_縮短網址產生器-reurl-2025.05(特殊供量),,知名媒體,,277,277,84,193,55,29,29,0,0,100.00%,30.32%,19.86%,10.47%,10.47%,0.00%,0.00%
20260126,22,欣發現股份有限公司,3363,大人物-mobile,22222,MW_蓋板_大人物,,知名媒體,,6,6,0,6,0,0,0,0,0,100.00%,0.00%,0.00%,0.00%,0.00%,0.00%,0.00%
20260126,22,朱光宁,3741,石頭小說3,22398,CF_336 x 280 banner_石頭小說3_cpc1.67,,,,"26,694","26,692",34,"26,658",0,34,34,0,0,99.99%,0.13%,0.00%,0.13%,0.13%,0.00%,0.00%
20260126,22,朱光宁,3741,石頭小說3,22399,CF_320 x 480 橫幅_石頭小說3,,,,26,26,0,26,0,0,0,0,0,100.00%,0.00%,0.00%,0.00%,0.00%,0.00%,0.00%
20260126,22,闇碼科技股份有限公司,3068,限時圖片-imgus,22406,MW_置底_imgus,antifroud,,,358,358,0,358,0,0,0,0,0,100.00%,0.00%,0.00%,0.00%,0.00%,0.00%,0.00%
20260126,22,第一網站股份有限公司,2783,漫畫櫃manhuagui,22443,MW_置底_manhuagui,antifroud,,,"1,427","1,427",10,"1,417",0,10,10,0,0,100.00%,0.70%,0.00%,0.70%,0.70%,0.00%,0.00%
20260126,22,艾得基客行銷顧問股份有限公司,2578,鉅亨網,22507,MW_300x250_鉅亨網_直播用BN-1,,知名媒體,子聯播網,7,7,0,7,0,0,0,0,0,100.00%,0.00%,0.00%,0.00%,0.00%,0.00%,0.00%
20260126,22,李承翰-webptt,718,Web批踢踢(RWD),2284,MW-蓋板_文中_Web批踢踢,antifroud,,,56,56,0,56,0,0,0,0,0,100.00%,0.00%,0.00%,0.00%,0.00%,0.00%,0.00%
20260126,22,麥智維,999,動漫戲說,3543,CF-728*90-內文上方-動漫戲說,antifroud,,,30,30,0,30,0,0,0,0,0,100.00%,0.00%,0.00%,0.00%,0.00%,0.00%,0.00%
20260126,22,肖偉彬,1287,紅櫻桃小說書庫,4678,CF-內文上方-300*250-紅櫻桃小說書庫,,,,6,6,0,6,0,0,0,0,0,100.00%,0.00%,0.00%,0.00%,0.00%,0.00%,0.00%
20260126,22,技達創意資訊有限公司,1299,泰好網,4734,MW-320*100-首頁、內文上方-泰好網,,,,24,24,0,24,0,0,0,0,0,100.00%,0.00%,0.00%,0.00%,0.00%,0.00%,0.00%
20260126,22,陈晋福,1367,電視超人,4997,CF-300X250-電視超人,,,,8,8,0,8,0,0,0,0,0,100.00%,0.00%,0.00%,0.00%,0.00%,0.00%,0.00%
20260126,22,麥智維,999,動漫戲說,6069,CF-300*250-首頁-動漫戲說,,,,166,166,0,166,0,0,0,0,0,100.00%,0.00%,0.00%,0.00%,0.00%,0.00%,0.00%
20260126,22,精鏡傳媒股份有限公司,1060,鏡週刊,8250,MW_置底創意(非展開)_鏡週刊,,知名媒體,,69,69,0,69,0,0,0,0,0,100.00%,0.00%,0.00%,0.00%,0.00%,0.00%,0.00%
20260126,22,臺灣電視事業股份有限公司,52,台視,8313,PC-300x250_內文第一塊_台視財經,,知名媒體,,6,6,0,6,0,0,0,0,0,100.00%,0.00%,0.00%,0.00%,0.00%,0.00%,0.00%
20260126,22,布林遊國際有限公司,1692,Bring You,8393,CF-300X250-上方通欄右側_BringYou,,知名媒體,,6,6,0,6,0,0,0,0,0,100.00%,0.00%,0.00%,0.00%,0.00%,0.00%,0.00%
20260126,22,巧克科技新媒體股份有限公司,2127,LINE TV_Banner-exchange,8576,CF_336x280_戲劇-右側好康資訊下方_LINE TV-exchange,,知名媒體,,38,38,0,38,0,0,0,0,0,100.00%,0.00%,0.00%,0.00%,0.00%,0.00%,0.00%
20260126,23,英屬維京群島商浩美數位有限公司台灣分公司,2315,Teepr亮新聞-exchange,10012,CF_336x280Banner_Teepr亮新聞-exchange,,知名媒體,,162,162,0,162,0,0,0,0,0,100.00%,0.00%,0.00%,0.00%,0.00%,0.00%,0.00%
20260126,23,昱得資訊工作室,2528,數位書香,11080,CF_728x90_首頁上方_數位書香,antifroud,,,82,82,0,82,0,0,0,0,0,100.00%,0.00%,0.00%,0.00%,0.00%,0.00%,0.00%
20260126,23,昱得資訊工作室,2528,數位書香,11081,CF_160x600_首頁右側_數位書香,antifroud,,,"1,028","1,028",0,"1,028",0,0,0,0,0,100.00%,0.00%,0.00%,0.00%,0.00%,0.00%,0.00%
20260126,23,第一網站股份有限公司,2518,麻辣家族討論區(twbts),11082,CF-728X90-twbts,antifroud,,,145,145,0,145,0,0,0,0,0,100.00%,0.00%,0.00%,0.00%,0.00%,0.00%,0.00%
20260126,23,第一網站股份有限公司,2540,risu短網址,11260,MW-300X250-MB_page_left-risu,,知名媒體,,6,6,0,6,0,0,0,0,0,100.00%,0.00%,0.00%,0.00%,0.00%,0.00%,0.00%
20260126,23,第一網站股份有限公司,2492,ttshow,11273,MW-300X250-ttshow,,知名媒體,,18,18,0,18,0,0,0,0,0,100.00%,0.00%,0.00%,0.00%,0.00%,0.00%,0.00%
20260126,23,第一網站股份有限公司,2601,Meme梗圖倉庫,11443,CF-336X280-meme,,,,24,24,0,24,0,0,0,0,0,100.00%,0.00%,0.00%,0.00%,0.00%,0.00%,0.00%
20260126,23,葉志斌,2745,繁中寶可夢卡表生成器-奶爸工作室-exchange,12210,CF_728x90__文末__繁中寶可夢卡表生成器,,,,34,34,0,34,0,0,0,0,0,100.00%,0.00%,0.00%,0.00%,0.00%,0.00%,0.00%
20260126,23,第一網站股份有限公司,2768,czbooks,12570,CF_728x90_banner_czbooks,,,,"49,582","49,582",126,"49,456",64,62,62,0,0,100.00%,0.25%,0.13%,0.13%,0.13%,0.00%,0.00%
20260126,23,鳳梨傳媒股份有限公司,2190,民視新聞網-Exchange,12579,CF_300x250_右側第一塊_民視新聞網-Exchange(RWD)(MCM),,知名媒體,,"1,477","1,477",22,"1,455",8,14,14,0,0,100.00%,1.49%,0.54%,0.95%,0.95%,0.00%,0.00%
20260126,23,鳳梨傳媒股份有限公司,2190,民視新聞網-Exchange,12580,CF_300x250_內文文中左側_民視新聞網-Exchange(RWD)(MCM),,知名媒體,,"1,482","1,482",58,"1,424",15,43,43,0,0,100.00%,3.91%,1.01%,2.90%,2.90%,0.00%,0.00%
20260126,23,第一網站股份有限公司,2783,漫畫櫃manhuagui,12676,CF_728X90_manhuagui,antifroud,,,"78,971","78,971","1,273","77,698","1,075",198,198,0,0,100.00%,1.61%,1.36%,0.25%,0.25%,0.00%,0.00%
20260126,23,第一網站股份有限公司,2801,damanwoo,12868,CF-300x250_Banner_damanwoo_大人物,,,,6,6,0,6,0,0,0,0,0,100.00%,0.00%,0.00%,0.00%,0.00%,0.00%,0.00%
20260126,23,第一網站股份有限公司,2820,星座好朋友(horofriend88),12966,MW_320x100_horofriend88,antifroud,,,8,8,0,8,0,0,0,0,0,100.00%,0.00%,0.00%,0.00%,0.00%,0.00%,0.00%
20260126,23,曾憲敏,202,85小說網,13445,MW_336X280_全量1_85小說網,,,,"1,078","1,078",4,"1,074",0,4,4,0,0,100.00%,0.37%,0.00%,0.37%,0.37%,0.00%,0.00%
20260126,23,曾憲敏,202,85小說網,13446,MW_336X280_全量2_85小說網,,,,"8,092","8,092",24,"8,068",8,16,16,0,0,100.00%,0.30%,0.10%,0.20%,0.20%,0.00%,0.00%
20260126,23,曾憲敏,601,85小說網_PC,13450,(子)CF_336x280_全量2_85小說網,,,子聯播網,176,176,2,174,2,0,0,0,0,100.00%,1.14%,1.14%,0.00%,0.00%,0.00%,0.00%
20260126,23,第一網站股份有限公司,2768,czbooks,13482,(子)CF_300x600_banner_czbooks(限時段),,,子聯播網,"3,247","3,247",4,"3,243",4,0,0,0,0,100.00%,0.12%,0.12%,0.00%,0.00%,0.00%,0.00%
20260126,23,第一網站股份有限公司,2768,czbooks,13483,(子)CF_970x250_banner_czbooks(限時段),,,子聯播網,"3,749","3,749",4,"3,745",4,0,0,0,0,100.00%,0.11%,0.11%,0.00%,0.00%,0.00%,0.00%
20260126,23,第一網站股份有限公司,2910,clickme,13548,(子)CF_300x250_banner_clickme(一般),,,子聯播網,"2,464","2,464",24,"2,440",10,14,14,0,0,100.00%,0.97%,0.41%,0.57%,0.57%,0.00%,0.00%
20260126,23,第一網站股份有限公司,2910,clickme,13549,CF_300x250_banner_clickme(一般),,,,26,26,0,26,0,0,0,0,0,100.00%,0.00%,0.00%,0.00%,0.00%,0.00%,0.00%
20260126,23,第一網站股份有限公司,2916,KiKiNote,13576,(子)CF_300x250_banner_kikinote,,知名媒體,子聯播網,"1,575","1,575",0,"1,575",0,0,0,0,0,100.00%,0.00%,0.00%,0.00%,0.00%,0.00%,0.00%
20260126,23,闇碼科技股份有限公司,2992,縮短網址產生器-reurl-exchange,13848,CF_300x250_轉址失敗_最右邊_reurl,,知名媒體,,6,6,6,0,0,6,6,0,0,100.00%,100.00%,0.00%,100.00%,100.00%,0.00%,0.00%
20260126,23,闇碼科技股份有限公司,2992,縮短網址產生器-reurl-exchange,13856,CF_300x250_轉址失敗頁第二塊_reurl,,知名媒體,,18,18,8,10,0,8,8,0,0,100.00%,44.44%,0.00%,44.44%,44.44%,0.00%,0.00%
20260126,23,第一網站股份有限公司,2768,czbooks,13903,(子)CF_300x250_banner_czbooks(直播),antifroud,,子聯播網,"266,108","266,108",574,"265,534",258,316,316,0,0,100.00%,0.22%,0.10%,0.12%,0.12%,0.00%,0.00%
20260126,23,陳人鳳,480,飛格寵物家族_PC,1407,CF-728X90_上方通欄_飛格寵物家族,,,,54,54,11,43,0,11,11,0,0,100.00%,20.37%,0.00%,20.37%,20.37%,0.00%,0.00%
20260126,23,陳人鳳,480,飛格寵物家族_PC,1408,CF-300X250_內文_飛格寵物家族,,,,104,104,31,73,0,31,31,0,0,100.00%,29.81%,0.00%,29.81%,29.81%,0.00%,0.00%
20260126,23,闇碼科技股份有限公司,3048,縮短網址產生器-reurl,14210,MW_文中創意300x250_縮短網址產生器-reurl,,知名媒體,,179,179,24,155,3,21,21,0,0,100.00%,13.41%,1.68%,11.73%,11.73%,0.00%,0.00%
20260126,23,巨思文化股份有限公司,3052,經理人_HB,14238,MW_文章結束第一塊_300x250_經理人-HB,,知名媒體,,6,6,0,6,0,0,0,0,0,100.00%,0.00%,0.00%,0.00%,0.00%,0.00%,0.00%
20260126,23,巨思文化股份有限公司,3052,經理人_HB,14241,MW_300x250_內文下方_經理人-HB,,知名媒體,,6,6,0,6,0,0,0,0,0,100.00%,0.00%,0.00%,0.00%,0.00%,0.00%,0.00%
20260126,23,富盈數據股份有限公司,3059,塔科女子,14258,CF_336x280_全網_塔科女子,,知名媒體,,36,36,0,36,0,0,0,0,0,100.00%,0.00%,0.00%,0.00%,0.00%,0.00%,0.00%
20260126,23,朱光宁,3152,石頭小說-exchange,14472,MW_336x280_Banner_石頭小說,,,,"6,782","6,782",34,"6,748",0,34,34,0,0,100.00%,0.50%,0.00%,0.50%,0.50%,0.00%,0.00%
20260126,23,朱光宁,3149,稷下書院-exchange,14748,MW_320x100_置底(PB)_稷下書院,,,,"40,481","40,481",187,"40,294",59,128,128,0,0,100.00%,0.46%,0.15%,0.32%,0.32%,0.00%,0.00%
20260126,23,CBROOT LTD,3305,包子漫畫NEW-exchange,15145,(子)CF_970x250_指定流量Banner_包子漫畫(kukuc.co),antifroud,,子聯播網,827,827,0,827,0,0,0,0,0,100.00%,0.00%,0.00%,0.00%,0.00%,0.00%,0.00%
20260126,23,和運租車股份有限公司,2878,abc好車網,15249,CF_300x250_搜尋頁右側_abc好車網,,知名媒體,,6,6,0,6,0,0,0,0,0,100.00%,0.00%,0.00%,0.00%,0.00%,0.00%,0.00%
20260126,23,中天電視股份有限公司,3282,中天新聞網-exchange,15859,CF_336x280_內頁_PC右側互動看板B-中天新聞網-exchange,,知名媒體,,120,120,30,90,12,18,18,0,0,100.00%,25.00%,10.00%,15.00%,15.00%,0.00%,0.00%
20260126,23,CBROOT LTD,3352,西瓜卡通-exchange,15969,CF_728x90_影音內容_西瓜卡通-exchange,,,,6,6,0,6,0,0,0,0,0,100.00%,0.00%,0.00%,0.00%,0.00%,0.00%,0.00%
20260126,23,CBROOT LTD,3352,西瓜卡通-exchange,15970,CF_160x600_影音內容_西瓜卡通-exchange,,,,118,118,0,118,0,0,0,0,0,100.00%,0.00%,0.00%,0.00%,0.00%,0.00%,0.00%
20260126,23,葉志斌,2745,繁中寶可夢卡表生成器-奶爸工作室-exchange,16950,CF_160x600_Banner_繁中寶可夢卡表生成器-奶爸工作室-exchange,,,,24,24,0,24,0,0,0,0,0,100.00%,0.00%,0.00%,0.00%,0.00%,0.00%,0.00%
20260126,23,葉志斌,2745,繁中寶可夢卡表生成器-奶爸工作室-exchange,16951,CF_300x600_Banner_繁中寶可夢卡表生成器-奶爸工作室-exchange,,,,48,48,0,48,0,0,0,0,0,100.00%,0.00%,0.00%,0.00%,0.00%,0.00%,0.00%
20260126,23,朱光宁,3360,提莫書屋-exchange,16957,MW_336x280banner_提莫書屋_exchange,,,,"23,096","23,096",54,"23,042",15,39,39,0,0,100.00%,0.23%,0.06%,0.17%,0.17%,0.00%,0.00%
20260126,23,朱光宁,3361,提莫書屋-mobile,16959,MW_320x480_文中創意_提莫書屋-mobile,,,,112,112,0,112,0,0,0,0,0,100.00%,0.00%,0.00%,0.00%,0.00%,0.00%,0.00%
20260126,23,欣發現股份有限公司,3364,女子學-mobile,16972,MW_置底創意_女子學,antifroud,,,42,42,0,42,0,0,0,0,0,100.00%,0.00%,0.00%,0.00%,0.00%,0.00%,0.00%
20260126,23,朱光宁,3149,稷下書院-exchange,17095,(子)MW_336x280_Banner_稷下書院-exchange,antifroud,,,"1,546","1,546",24,"1,522",0,24,24,0,0,100.00%,1.55%,0.00%,1.55%,1.55%,0.00%,0.00%
20260126,23,李立娟,3395,vivi0視頻-exchange,17294,MW_336x280_Banner_vivi01視頻-exchange,antifroud,,,6,6,2,4,0,2,2,0,0,100.00%,33.33%,0.00%,33.33%,33.33%,0.00%,0.00%
20260126,23,李立娟,3395,vivi0視頻-exchange,17300,MW_320x100_置底(PB)_vivi01視頻-exchange,antifroud,,,6,6,2,4,0,2,2,0,0,100.00%,33.33%,0.00%,33.33%,33.33%,0.00%,0.00%
20260126,23,李立娟,3397,趣聞圖說-exchange,17309,MW_336x280_文中Banner_趣聞圖說-exchange,,,,6,6,0,6,0,0,0,0,0,100.00%,0.00%,0.00%,0.00%,0.00%,0.00%,0.00%
20260126,23,曾憲敏,601,85小說網_PC,1773,CF-300x250_85小說網_內文1,,,,166,166,0,166,0,0,0,0,0,100.00%,0.00%,0.00%,0.00%,0.00%,0.00%,0.00%
20260126,23,第一網站股份有限公司,3440,fsa_passback_first,18202,CF_300x250_fsa_passback_first,,,,"6,741","6,741",99,"6,642",21,78,78,0,0,100.00%,1.47%,0.31%,1.16%,1.16%,0.00%,0.00%
20260126,23,第一網站股份有限公司,3440,fsa_passback_first,18266,(子)CF_970x250_cfbanner_blog,,,子聯播網,30,30,0,30,0,0,0,0,0,100.00%,0.00%,0.00%,0.00%,0.00%,0.00%,0.00%
20260126,23,冰楓科技有限公司,3485,冰楓論壇-exchange,18487,CF_970x90_內文上方第一塊_冰楓論壇-exchange,,,,830,830,11,819,4,7,7,0,0,100.00%,1.33%,0.48%,0.84%,0.84%,0.00%,0.00%
20260126,23,冰楓科技有限公司,3485,冰楓論壇-exchange,18492,MW_300x250_Banner_ 冰楓論壇-exchange,,,,364,364,0,364,0,0,0,0,0,100.00%,0.00%,0.00%,0.00%,0.00%,0.00%,0.00%
20260126,23,CBROOT LTD,3492,包子漫畫(特開流量)-exchange,18544,(子)CF_300x600_指定流量_包子漫畫(特開流量)-exchange,,,子聯播網,"1,063","1,063",10,"1,053",0,10,10,0,0,100.00%,0.94%,0.00%,0.94%,0.94%,0.00%,0.00%
20260126,23,CBROOT LTD,3492,包子漫畫(特開流量)-exchange,18558,CF_970x250_指定時段_包子漫畫(特開流量PB)-exchange,,,,"9,773","9,773",83,"9,690",0,83,83,0,0,100.00%,0.85%,0.00%,0.85%,0.85%,0.00%,0.00%
20260126,23,舒禾驊,3535,荷花動漫筆記,18887,CF_336x280_文章頁文中_荷花動漫筆記,,,,16,16,0,16,0,0,0,0,0,100.00%,0.00%,0.00%,0.00%,0.00%,0.00%,0.00%
20260126,23,艾得基客行銷顧問股份有限公司,3552,玩具人,19044,MW_320x480_文中創意_玩具人,,知名媒體,,201,201,0,201,0,0,0,0,0,100.00%,0.00%,0.00%,0.00%,0.00%,0.00%,0.00%
20260126,23,第一網站股份有限公司,2783,漫畫櫃manhuagui,20685,MW_300X250_manhuagui,antifroud,,,6,6,0,6,0,0,0,0,0,100.00%,0.00%,0.00%,0.00%,0.00%,0.00%,0.00%
20260126,23,德榕企業有限公司,3577,TW Bodhi,20705,(子)CF_336x280_文章頁(RWD)_TW Bodhi,antifroud,,子聯播網,6,6,0,6,0,0,0,0,0,100.00%,0.00%,0.00%,0.00%,0.00%,0.00%,0.00%
20260126,23,德榕企業有限公司,3578,TW Bodhi_mobile,20708,MW_蓋板_TW Bodhi,,,,725,725,2,723,0,2,2,0,0,100.00%,0.28%,0.00%,0.28%,0.28%,0.00%,0.00%
20260126,23,德榕企業有限公司,3581,忘憂書屋,20727,CF_336x280文章頁(RWD)_忘憂書屋,,,,6,6,0,6,0,0,0,0,0,100.00%,0.00%,0.00%,0.00%,0.00%,0.00%,0.00%
20260126,23,第一網站股份有限公司,2910,clickme,20735,(子)CF_300x250_banner_clickme(成人),,,子聯播網,"14,324","14,324",163,"14,161",142,21,21,0,0,100.00%,1.14%,0.99%,0.15%,0.15%,0.00%,0.00%
20260126,23,朱光宁,3269,石頭小說-mobile,21741,MW_320x480_蓋版_石頭小說-mobile,antifroud,,,6,6,0,6,0,0,0,0,0,100.00%,0.00%,0.00%,0.00%,0.00%,0.00%,0.00%
20260126,23,富盈數據股份有限公司,3653,TVBS-女人我最大_HB,21763,MW_文中創意320x480_TVBS-女人我最大_HB,,知名媒體,,"1,734","1,734",0,"1,734",0,0,0,0,0,100.00%,0.00%,0.00%,0.00%,0.00%,0.00%,0.00%
20260126,23,富盈數據股份有限公司,3655,TVBS-食尚玩家_HB,21770,MW_文章三_336x280_TVBS-食尚玩家_HB,,知名媒體,,58,58,0,58,0,0,0,0,0,100.00%,0.00%,0.00%,0.00%,0.00%,0.00%,0.00%
20260126,23,富盈數據股份有限公司,3655,TVBS-食尚玩家_HB,21773,MW_文中創意320x480_TVBS-食尚玩家_HB,,知名媒體,,300,300,0,300,0,0,0,0,0,100.00%,0.00%,0.00%,0.00%,0.00%,0.00%,0.00%
20260126,23,儂儂雜誌社股份有限公司(bella儂儂),2135,Bella儂儂_2024,21876,MW-300x250_文章標題上方1_Bella儂儂,,知名媒體,,849,849,2,847,0,2,2,0,0,100.00%,0.24%,0.00%,0.24%,0.24%,0.00%,0.00%
20260126,23,富盈數據股份有限公司,2615,熱血台中,21986,CF_336x280_全網_熱血台中,,,,28,28,0,28,0,0,0,0,0,100.00%,0.00%,0.00%,0.00%,0.00%,0.00%,0.00%
20260126,23,富盈數據股份有限公司,2615,熱血台中,21987,CF_336x280_全網_熱血台中,,,,44,44,0,44,0,0,0,0,0,100.00%,0.00%,0.00%,0.00%,0.00%,0.00%,0.00%
20260126,23,富盈數據股份有限公司,3704,天天要聞,22030,CF_300 x 250 banner_天天要聞_cpc2,,,,40,40,0,40,0,0,0,0,0,100.00%,0.00%,0.00%,0.00%,0.00%,0.00%,0.00%
20260126,23,富盈數據股份有限公司,3703,繁體小說,22031,CF_300 x 250 banner_繁體小說_cpc2,,,,6,6,0,6,0,0,0,0,0,100.00%,0.00%,0.00%,0.00%,0.00%,0.00%,0.00%
20260126,23,朱光宁,3708,石頭小說,22045,CF_336 x 280 banner_石頭小說_cpc1.67,antifroud,,,"65,572","65,572",121,"65,451",54,67,67,0,0,100.00%,0.18%,0.08%,0.10%,0.10%,0.00%,0.00%
20260126,23,冠妍動力科技有限公司,484,小老婆汽機車資訊網,22058,MW_文中創意320x480_小老婆汽機車資訊網-測試,,知名媒體,,6,6,0,6,0,0,0,0,0,100.00%,0.00%,0.00%,0.00%,0.00%,0.00%,0.00%
20260126,23,朱光宁,3718,稷下書院2,22093,CF_336 x 280 banner_稷下書院2_cpc1.67,antifroud,,,"58,174","58,174",276,"57,898",59,217,217,0,0,100.00%,0.47%,0.10%,0.37%,0.37%,0.00%,0.00%
20260126,23,闇碼科技股份有限公司,3048,縮短網址產生器-reurl,22213,MW_蓋版_縮短網址產生器-reurl-2025.05(特殊供量),,知名媒體,,375,375,199,176,164,35,35,0,0,100.00%,53.07%,43.73%,9.33%,9.33%,0.00%,0.00%
20260126,23,朱光宁,3741,石頭小說3,22398,CF_336 x 280 banner_石頭小說3_cpc1.67,,,,"7,789","7,789",14,"7,775",0,14,14,0,0,100.00%,0.18%,0.00%,0.18%,0.18%,0.00%,0.00%
20260126,23,闇碼科技股份有限公司,3068,限時圖片-imgus,22406,MW_置底_imgus,antifroud,,,189,189,0,189,0,0,0,0,0,100.00%,0.00%,0.00%,0.00%,0.00%,0.00%,0.00%
20260126,23,李承翰-webptt,718,Web批踢踢(RWD),2284,MW-蓋板_文中_Web批踢踢,antifroud,,,78,78,6,72,6,0,0,0,0,100.00%,7.69%,7.69%,0.00%,0.00%,0.00%,0.00%
20260126,23,麥智維,999,動漫戲說,3543,CF-728*90-內文上方-動漫戲說,antifroud,,,12,12,0,12,0,0,0,0,0,100.00%,0.00%,0.00%,0.00%,0.00%,0.00%,0.00%
20260126,23,技達創意資訊有限公司,1299,泰好網,4733,CF-300*250-內文下方-泰好網,,,,8,8,0,8,0,0,0,0,0,100.00%,0.00%,0.00%,0.00%,0.00%,0.00%,0.00%
20260126,23,技達創意資訊有限公司,1299,泰好網,4734,MW-320*100-首頁、內文上方-泰好網,,,,30,18,0,18,0,0,0,0,0,60.00%,0.00%,0.00%,0.00%,0.00%,0.00%,0.00%
20260126,23,陈晋福,1367,電視超人,4997,CF-300X250-電視超人,,,,30,30,0,30,0,0,0,0,0,100.00%,0.00%,0.00%,0.00%,0.00%,0.00%,0.00%
20260126,23,麥智維,999,動漫戲說,6069,CF-300*250-首頁-動漫戲說,,,,68,68,0,68,0,0,0,0,0,100.00%,0.00%,0.00%,0.00%,0.00%,0.00%,0.00%
20260126,23,巧克科技新媒體股份有限公司,2127,LINE TV_Banner-exchange,8576,CF_336x280_戲劇-右側好康資訊下方_LINE TV-exchange,,知名媒體,,18,18,0,18,0,0,0,0,0,100.00%,0.00%,0.00%,0.00%,0.00%,0.00%,0.00%
20260127,00,英屬維京群島商浩美數位有限公司台灣分公司,2315,Teepr亮新聞-exchange,10012,CF_336x280Banner_Teepr亮新聞-exchange,,知名媒體,,55,55,4,51,4,0,0,0,0,100.00%,7.27%,7.27%,0.00%,0.00%,0.00%,0.00%
20260127,00,昱得資訊工作室,2528,數位書香,11080,CF_728x90_首頁上方_數位書香,antifroud,,,42,42,0,42,0,0,0,0,0,100.00%,0.00%,0.00%,0.00%,0.00%,0.00%,0.00%
20260127,00,昱得資訊工作室,2528,數位書香,11081,CF_160x600_首頁右側_數位書香,antifroud,,,646,646,0,646,0,0,0,0,0,100.00%,0.00%,0.00%,0.00%,0.00%,0.00%,0.00%
20260127,00,第一網站股份有限公司,2518,麻辣家族討論區(twbts),11082,CF-728X90-twbts,antifroud,,,"1,931","1,931",0,"1,931",0,0,0,0,0,100.00%,0.00%,0.00%,0.00%,0.00%,0.00%,0.00%
20260127,00,第一網站股份有限公司,2540,risu短網址,11260,MW-300X250-MB_page_left-risu,,知名媒體,,20,20,0,20,0,0,0,0,0,100.00%,0.00%,0.00%,0.00%,0.00%,0.00%,0.00%
20260127,00,第一網站股份有限公司,2492,ttshow,11273,MW-300X250-ttshow,,知名媒體,,6,6,0,6,0,0,0,0,0,100.00%,0.00%,0.00%,0.00%,0.00%,0.00%,0.00%
20260127,00,第一網站股份有限公司,2601,Meme梗圖倉庫,11443,CF-336X280-meme,,,,284,284,6,278,6,0,0,0,0,100.00%,2.11%,2.11%,0.00%,0.00%,0.00%,0.00%
20260127,00,艾得基客行銷顧問股份有限公司,2578,鉅亨網,12070,MW_320x480_文中創意_鉅亨網,,知名媒體,,"6,240","6,240",27,"6,213",0,27,27,0,0,100.00%,0.43%,0.00%,0.43%,0.43%,0.00%,0.00%
20260127,00,第一網站股份有限公司,2540,risu短網址,12496,CF_300x250_popup(直播) _risu短網址,antifroud,知名媒體,,6,6,0,6,0,0,0,0,0,100.00%,0.00%,0.00%,0.00%,0.00%,0.00%,0.00%
20260127,00,時報資訊股份有限公司,2770,中時電子報_HB,12559,CF_300x250_右側互動看版_中時電子報_HB,,知名媒體,,91,91,12,79,4,8,8,0,0,100.00%,13.19%,4.40%,8.79%,8.79%,0.00%,0.00%
20260127,00,時報資訊股份有限公司,2770,中時電子報_HB,12560,CF_336x280_文中看板_中時電子報_HB,,知名媒體,,80,80,12,68,6,6,6,0,0,100.00%,15.00%,7.50%,7.50%,7.50%,0.00%,0.00%
20260127,00,時報資訊股份有限公司,2770,中時電子報_HB,12561,MW_300x250_內頁TOP Banner_中時電子報_HB,antifroud,知名媒體,,936,936,4,932,4,0,0,0,0,100.00%,0.43%,0.43%,0.00%,0.00%,0.00%,0.00%
20260127,00,第一網站股份有限公司,2768,czbooks,12570,CF_728x90_banner_czbooks,,,,"4,428","4,428",7,"4,421",4,3,3,0,0,100.00%,0.16%,0.09%,0.07%,0.07%,0.00%,0.00%
20260127,00,第一網站股份有限公司,2768,czbooks,12571,CF-300x600_Banner_czbooks,,,,"1,726","1,726",4,"1,722",2,2,2,0,0,100.00%,0.23%,0.12%,0.12%,0.12%,0.00%,0.00%
20260127,00,鳳梨傳媒股份有限公司,2190,民視新聞網-Exchange,12579,CF_300x250_右側第一塊_民視新聞網-Exchange(RWD)(MCM),,知名媒體,,406,406,9,397,6,3,3,0,0,100.00%,2.22%,1.48%,0.74%,0.74%,0.00%,0.00%
20260127,00,鳳梨傳媒股份有限公司,2190,民視新聞網-Exchange,12580,CF_300x250_內文文中左側_民視新聞網-Exchange(RWD)(MCM),,知名媒體,,407,407,11,396,7,4,4,0,0,100.00%,2.70%,1.72%,0.98%,0.98%,0.00%,0.00%
20260127,00,第一網站股份有限公司,2783,漫畫櫃manhuagui,12676,CF_728X90_manhuagui,antifroud,,,"61,966","61,966","1,272","60,694","1,129",143,143,0,0,100.00%,2.05%,1.82%,0.23%,0.23%,0.00%,0.00%
20260127,00,第一網站股份有限公司,2820,星座好朋友(horofriend88),12966,MW_320x100_horofriend88,antifroud,,,170,170,0,170,0,0,0,0,0,100.00%,0.00%,0.00%,0.00%,0.00%,0.00%,0.00%
20260127,00,第一網站股份有限公司,2836,vivi01,13032,MW_置底創意_vivi01 ViVi視頻,,,,12,12,0,12,0,0,0,0,0,100.00%,0.00%,0.00%,0.00%,0.00%,0.00%,0.00%
20260127,00,第一網站股份有限公司,2838,mycard,13041,MW_320x480_加倍mycard,,,,"3,020","3,020","3,020",0,0,"3,020","3,020",0,0,100.00%,100.00%,0.00%,100.00%,100.00%,0.00%,0.00%
20260127,00,第一網站股份有限公司,2862,Manhuaren,13254,MW_320x100_banner_manhuaren,,,,30,30,0,30,0,0,0,0,0,100.00%,0.00%,0.00%,0.00%,0.00%,0.00%,0.00%
20260127,00,和運租車股份有限公司,2878,abc好車網,13368,CF_970x90_物件頁下方_abc好車網,,知名媒體,,8,8,0,8,0,0,0,0,0,100.00%,0.00%,0.00%,0.00%,0.00%,0.00%,0.00%
20260127,00,譚謹恩,2885,Mr. & Mrs. Diary-exchange,13403,CF_728x90_內文上方_ Mr. & Mrs. Diary-exchange,,,,6,6,0,6,0,0,0,0,0,100.00%,0.00%,0.00%,0.00%,0.00%,0.00%,0.00%
20260127,00,譚謹恩,2885,Mr. & Mrs. Diary-exchange,13405,CF_970x250_內文文中_Mr. & Mrs. Diary-exchange,,,,6,6,0,6,0,0,0,0,0,100.00%,0.00%,0.00%,0.00%,0.00%,0.00%,0.00%
20260127,00,曾憲敏,202,85小說網,13445,MW_336X280_全量1_85小說網,,,,414,414,3,411,2,1,1,0,0,100.00%,0.72%,0.48%,0.24%,0.24%,0.00%,0.00%
20260127,00,曾憲敏,202,85小說網,13446,MW_336X280_全量2_85小說網,,,,"1,928","1,928",30,"1,898",20,10,10,0,0,100.00%,1.56%,1.04%,0.52%,0.52%,0.00%,0.00%
20260127,00,第一網站股份有限公司,2910,clickme,13549,CF_300x250_banner_clickme(一般),,,,"2,114","2,114",10,"2,104",10,0,0,0,0,100.00%,0.47%,0.47%,0.00%,0.00%,0.00%,0.00%
20260127,00,第一網站股份有限公司,2768,czbooks,14036,MW_320x480_CZBOOKS,antifroud,,,"2,118","2,118",2,"2,116",0,2,2,0,0,100.00%,0.09%,0.00%,0.09%,0.09%,0.00%,0.00%
20260127,00,陳人鳳,480,飛格寵物家族_PC,1407,CF-728X90_上方通欄_飛格寵物家族,,,,30,30,7,23,0,7,7,0,0,100.00%,23.33%,0.00%,23.33%,23.33%,0.00%,0.00%
20260127,00,陳人鳳,480,飛格寵物家族_PC,1408,CF-300X250_內文_飛格寵物家族,,,,121,121,29,92,0,29,29,0,0,100.00%,23.97%,0.00%,23.97%,23.97%,0.00%,0.00%
20260127,00,闇碼科技股份有限公司,3048,縮短網址產生器-reurl,14210,MW_文中創意300x250_縮短網址產生器-reurl,,知名媒體,,94,94,20,74,16,4,4,0,0,100.00%,21.28%,17.02%,4.26%,4.26%,0.00%,0.00%
20260127,00,巨思文化股份有限公司,3052,經理人_HB,14238,MW_文章結束第一塊_300x250_經理人-HB,,知名媒體,,20,20,0,20,0,0,0,0,0,100.00%,0.00%,0.00%,0.00%,0.00%,0.00%,0.00%
20260127,00,巨思文化股份有限公司,3052,經理人_HB,14241,MW_300x250_內文下方_經理人-HB,,知名媒體,,14,14,0,14,0,0,0,0,0,100.00%,0.00%,0.00%,0.00%,0.00%,0.00%,0.00%
20260127,00,巨思文化股份有限公司,3053,數位時代_HB,14246,MW_300x250_文章結束第一塊_數位時代-HB,,知名媒體,,6,6,0,6,0,0,0,0,0,100.00%,0.00%,0.00%,0.00%,0.00%,0.00%,0.00%
20260127,00,富盈數據股份有限公司,3059,塔科女子,14258,CF_336x280_全網_塔科女子,,知名媒體,,159,159,0,159,0,0,0,0,0,100.00%,0.00%,0.00%,0.00%,0.00%,0.00%,0.00%
20260127,00,CBROOT LTD,3003,包子漫畫-exchange,14291,MW_300x250_蓋板(PB)_包子漫畫,,,,"1,309","1,309",16,"1,293",10,6,6,0,0,100.00%,1.22%,0.76%,0.46%,0.46%,0.00%,0.00%
20260127,00,巨思文化股份有限公司,3052,經理人_HB,14735,MW_文中創意320x480_第二塊_數位時代_HB,,知名媒體,,6,6,0,6,0,0,0,0,0,100.00%,0.00%,0.00%,0.00%,0.00%,0.00%,0.00%
20260127,00,朱光宁,3149,稷下書院-exchange,14748,MW_320x100_置底(PB)_稷下書院,,,,32,32,0,32,0,0,0,0,0,100.00%,0.00%,0.00%,0.00%,0.00%,0.00%,0.00%
20260127,00,巨思文化股份有限公司,3053,數位時代_HB,14764,MW_置底創意_(非展開)_數位時代_HB,,知名媒體,,36,36,0,36,0,0,0,0,0,100.00%,0.00%,0.00%,0.00%,0.00%,0.00%,0.00%
20260127,00,鳳梨傳媒股份有限公司,3277,民視新聞網-Mobile,14772,MW_置底創意_民視新聞-Mobile,,知名媒體,,"4,907","4,907",1,"4,906",0,1,1,0,0,100.00%,0.02%,0.00%,0.02%,0.02%,0.00%,0.00%
20260127,00,曾憲敏,3327,85小說網_創意,15227,MW-300X250_85小說網_隨身影音PB,,,,92,92,0,92,0,0,0,0,0,100.00%,0.00%,0.00%,0.00%,0.00%,0.00%,0.00%
20260127,00,曾憲敏,3327,85小說網_創意,15228,MW-創意-85小說網,,,,"1,145","1,145",1,"1,144",0,1,1,0,0,100.00%,0.09%,0.00%,0.09%,0.09%,0.00%,0.00%
20260127,00,中天電視股份有限公司,3282,中天新聞網-exchange,15859,CF_336x280_內頁_PC右側互動看板B-中天新聞網-exchange,,知名媒體,,66,66,24,42,12,12,12,0,0,100.00%,36.36%,18.18%,18.18%,18.18%,0.00%,0.00%
20260127,00,CBROOT LTD,3352,西瓜卡通-exchange,15969,CF_728x90_影音內容_西瓜卡通-exchange,,,,26,26,0,26,0,0,0,0,0,100.00%,0.00%,0.00%,0.00%,0.00%,0.00%,0.00%
20260127,00,CBROOT LTD,3352,西瓜卡通-exchange,15970,CF_160x600_影音內容_西瓜卡通-exchange,,,,347,347,0,347,0,0,0,0,0,100.00%,0.00%,0.00%,0.00%,0.00%,0.00%,0.00%
20260127,00,朱光宁,3360,提莫書屋-exchange,16957,MW_336x280banner_提莫書屋_exchange,,,,"18,166","18,166",148,"18,018",17,131,131,0,0,100.00%,0.81%,0.09%,0.72%,0.72%,0.00%,0.00%
20260127,00,朱光宁,3361,提莫書屋-mobile,16958,MW_置底創意_提莫書屋-mobile,,,,110,110,0,110,0,0,0,0,0,100.00%,0.00%,0.00%,0.00%,0.00%,0.00%,0.00%
20260127,00,朱光宁,3361,提莫書屋-mobile,16959,MW_320x480_文中創意_提莫書屋-mobile,,,,135,135,0,135,0,0,0,0,0,100.00%,0.00%,0.00%,0.00%,0.00%,0.00%,0.00%
20260127,00,巧克科技新媒體股份有限公司,1494,LINE TV,16964,CF_336x280_影音暫停頁_LINE TV,,知名媒體,,496,496,2,494,0,2,2,0,0,100.00%,0.40%,0.00%,0.40%,0.40%,0.00%,0.00%
20260127,00,欣發現股份有限公司,3365,Hami任務牆-mobile,16969,MW_置底創意_Hami任務牆,,知名媒體,,160,160,0,160,0,0,0,0,0,100.00%,0.00%,0.00%,0.00%,0.00%,0.00%,0.00%
20260127,00,欣發現股份有限公司,3364,女子學-mobile,16972,MW_置底創意_女子學,antifroud,,,"1,004","1,004",5,999,0,5,5,0,0,100.00%,0.50%,0.00%,0.50%,0.50%,0.00%,0.00%
20260127,00,欣發現股份有限公司,3363,大人物-mobile,16973,MW_置底創意_大人物,,知名媒體,,93,93,0,93,0,0,0,0,0,100.00%,0.00%,0.00%,0.00%,0.00%,0.00%,0.00%
20260127,00,欣發現股份有限公司,3362,妞新聞-mobile,16974,MW_置底創意_妞新聞,,知名媒體,,6,6,0,6,0,0,0,0,0,100.00%,0.00%,0.00%,0.00%,0.00%,0.00%,0.00%
20260127,00,第一網站股份有限公司,2783,漫畫櫃manhuagui,17027,MW_320x480_蓋版_漫畫櫃manhuagui,,,,"12,488","12,488",11,"12,477",2,9,9,0,0,100.00%,0.09%,0.02%,0.07%,0.07%,0.00%,0.00%
20260127,00,詠勝科技有限公司,3385,Mobile01_HB,17175,CF_970x90_橫幅Banner_Mobile01_HB,,知名媒體,,507,507,23,484,0,23,23,0,0,100.00%,4.54%,0.00%,4.54%,4.54%,0.00%,0.00%
20260127,00,詠勝科技有限公司,3385,Mobile01_HB,17178,CF_300x250_頻道頁_大看板_Mobile01_HB,,知名媒體,,6,6,0,6,0,0,0,0,0,100.00%,0.00%,0.00%,0.00%,0.00%,0.00%,0.00%
20260127,00,詠勝科技有限公司,3385,Mobile01_HB,17179,CF_300x250_熱門大看板_Mobile01_HB,,知名媒體,,615,615,35,580,0,35,35,0,0,100.00%,5.69%,0.00%,5.69%,5.69%,0.00%,0.00%
20260127,00,詠勝科技有限公司,3385,Mobile01_HB,17180,CF_300x250_置底看板左_Mobile01_HB,,知名媒體,,105,105,0,105,0,0,0,0,0,100.00%,0.00%,0.00%,0.00%,0.00%,0.00%,0.00%
20260127,00,詠勝科技有限公司,3385,Mobile01_HB,17181,CF_300x250_置底看板中_Mobile01_HB,,知名媒體,,111,111,0,111,0,0,0,0,0,100.00%,0.00%,0.00%,0.00%,0.00%,0.00%,0.00%
20260127,00,詠勝科技有限公司,3385,Mobile01_HB,17183,CF_300x600_大摩天_Mobile01_HB,,知名媒體,,255,255,2,253,0,2,2,0,0,100.00%,0.78%,0.00%,0.78%,0.78%,0.00%,0.00%
20260127,00,詠勝科技有限公司,3385,Mobile01_HB,17196,CF_160x600_門神_right_Mobile01_HB,,知名媒體,,24,24,0,24,0,0,0,0,0,100.00%,0.00%,0.00%,0.00%,0.00%,0.00%,0.00%
20260127,00,詠勝科技有限公司,3385,Mobile01_HB,17197,CF_160x600_門神_left_Mobile01_HB,,知名媒體,,24,24,0,24,0,0,0,0,0,100.00%,0.00%,0.00%,0.00%,0.00%,0.00%,0.00%
20260127,00,詠勝科技有限公司,3385,Mobile01_HB,17204,MW_300x250_文中Banner(interscroller)_Mobile01_HB,,知名媒體,,201,201,0,201,0,0,0,0,0,100.00%,0.00%,0.00%,0.00%,0.00%,0.00%,0.00%
20260127,00,朱光宁,3268,稷下書院-mobile,17207,MW_320x480_蓋版_稷下書院-mobile,,,,"42,413","42,413",58,"42,355",7,51,51,0,0,100.00%,0.14%,0.02%,0.12%,0.12%,0.00%,0.00%
20260127,00,艾得基客行銷顧問股份有限公司,3391,UDN聯合新聞網,17236,MW_置底創意_UDN聯合新聞,,知名媒體,,"12,801","12,801",14,"12,787",4,10,10,0,0,100.00%,0.11%,0.03%,0.08%,0.08%,0.00%,0.00%
20260127,00,李立娟,3395,vivi0視頻-exchange,17293,CF_336x280_Banner_vivi01視頻-exchange,antifroud,,,"38,134","38,134",155,"37,979",73,82,82,0,0,100.00%,0.41%,0.19%,0.22%,0.22%,0.00%,0.00%
20260127,00,李立娟,3395,vivi0視頻-exchange,17294,MW_336x280_Banner_vivi01視頻-exchange,antifroud,,,"49,068","49,068",162,"48,906",75,87,87,0,0,100.00%,0.33%,0.15%,0.18%,0.18%,0.00%,0.00%
20260127,00,李立娟,3395,vivi0視頻-exchange,17299,MW_300x250_蓋板(PB)-vivi01視頻-exchange,,,,6,6,0,6,0,0,0,0,0,100.00%,0.00%,0.00%,0.00%,0.00%,0.00%,0.00%
20260127,00,李立娟,3395,vivi0視頻-exchange,17300,MW_320x100_置底(PB)_vivi01視頻-exchange,antifroud,,,"62,546","62,546",85,"62,461",23,62,62,0,0,100.00%,0.14%,0.04%,0.10%,0.10%,0.00%,0.00%
20260127,00,李立娟,3397,趣聞圖說-exchange,17309,MW_336x280_文中Banner_趣聞圖說-exchange,,,,18,18,0,18,0,0,0,0,0,100.00%,0.00%,0.00%,0.00%,0.00%,0.00%,0.00%
20260127,00,曾憲敏,601,85小說網_PC,1773,CF-300x250_85小說網_內文1,,,,12,12,0,12,0,0,0,0,0,100.00%,0.00%,0.00%,0.00%,0.00%,0.00%,0.00%
20260127,00,李立娟,3396,趣聞圖說-Mobile,17923,MW_置底創意(展開)_趣聞圖說-Mobile,,,,42,42,0,42,0,0,0,0,0,100.00%,0.00%,0.00%,0.00%,0.00%,0.00%,0.00%
20260127,00,第一網站股份有限公司,2768,czbooks,17927,MW_置底創意_czbook,,,,"19,827","19,827",33,"19,794",0,33,33,0,0,100.00%,0.17%,0.00%,0.17%,0.17%,0.00%,0.00%
20260127,00,時報資訊股份有限公司_工商時報,3427,工商時報-exchange,18014,MW_300x250_文末Banner1_工商時報-exchange,,知名媒體,,12,12,0,12,0,0,0,0,0,100.00%,0.00%,0.00%,0.00%,0.00%,0.00%,0.00%
20260127,00,時報資訊股份有限公司_工商時報,3427,工商時報-exchange,18015,MW_300x250_文末Banner2_工商時報-exchange,,知名媒體,,194,194,0,194,0,0,0,0,0,100.00%,0.00%,0.00%,0.00%,0.00%,0.00%,0.00%
20260127,00,第一網站股份有限公司,3440,fsa_passback_first,18201,CF_336x280_fsa_passback_first,,,,127,127,0,127,0,0,0,0,0,100.00%,0.00%,0.00%,0.00%,0.00%,0.00%,0.00%
20260127,00,第一網站股份有限公司,3440,fsa_passback_first,18202,CF_300x250_fsa_passback_first,,,,452,452,23,429,6,17,17,0,0,100.00%,5.09%,1.33%,3.76%,3.76%,0.00%,0.00%
20260127,00,冰楓科技有限公司,3485,冰楓論壇-exchange,18487,CF_970x90_內文上方第一塊_冰楓論壇-exchange,,,,"1,103","1,101",92,"1,009",81,11,11,0,0,99.82%,8.36%,7.36%,1.00%,1.00%,0.00%,0.00%
20260127,00,冰楓科技有限公司,3485,冰楓論壇-exchange,18488,MW_320x100_內文上方第一塊_ 冰楓論壇-exchange,antifroud,,,142,142,0,142,0,0,0,0,0,100.00%,0.00%,0.00%,0.00%,0.00%,0.00%,0.00%
20260127,00,冰楓科技有限公司,3485,冰楓論壇-exchange,18492,MW_300x250_Banner_ 冰楓論壇-exchange,,,,351,351,40,311,30,10,10,0,0,100.00%,11.40%,8.55%,2.85%,2.85%,0.00%,0.00%
20260127,00,闇碼科技股份有限公司,3048,縮短網址產生器-reurl,18535,MW_蓋版_縮短網址產生器-reurl,,知名媒體,,6,6,0,6,0,0,0,0,0,100.00%,0.00%,0.00%,0.00%,0.00%,0.00%,0.00%
20260127,00,CBROOT LTD,3492,包子漫畫(特開流量)-exchange,18557,CF_300x600_指定流量_包子漫畫(特開流量PB)-exchange,,,,120,120,2,118,0,2,2,0,0,100.00%,1.67%,0.00%,1.67%,1.67%,0.00%,0.00%
20260127,00,CBROOT LTD,3492,包子漫畫(特開流量)-exchange,18558,CF_970x250_指定時段_包子漫畫(特開流量PB)-exchange,,,,"1,605","1,605",72,"1,533",0,72,72,0,0,100.00%,4.49%,0.00%,4.49%,4.49%,0.00%,0.00%
20260127,00,CBROOT LTD,3510,包子漫畫_twmanga-exchange,18737,CF_970x90_Banner_ 包子漫畫_twmanga-exchange,,,,44,44,0,44,0,0,0,0,0,100.00%,0.00%,0.00%,0.00%,0.00%,0.00%,0.00%
20260127,00,台灣英文新聞股份有限公司,3537,台灣英文新聞(new)-exchange,18924,CF_300x250_內容頁_右側看版_1_台灣英文新聞(new)-exchange,,知名媒體,,6,6,2,4,2,0,0,0,0,100.00%,33.33%,33.33%,0.00%,0.00%,0.00%,0.00%
20260127,00,聯合線上股份有限公司,3442,UDN聯合新聞網,19031,MW_置底創意_UDN聯合新聞網,antifroud,知名媒體,,"4,207","4,207",7,"4,200",0,7,7,0,0,100.00%,0.17%,0.00%,0.17%,0.17%,0.00%,0.00%
20260127,00,聯合線上股份有限公司,3549,UDN元氣網,19033,MW_置底創意_UDN元氣網,,知名媒體,,178,178,0,178,0,0,0,0,0,100.00%,0.00%,0.00%,0.00%,0.00%,0.00%,0.00%
20260127,00,艾得基客行銷顧問股份有限公司,3552,玩具人,19044,MW_320x480_文中創意_玩具人,,知名媒體,,66,66,0,66,0,0,0,0,0,100.00%,0.00%,0.00%,0.00%,0.00%,0.00%,0.00%
20260127,00,第一網站股份有限公司,2783,漫畫櫃manhuagui,20685,MW_300X250_manhuagui,antifroud,,,"20,054","20,054",62,"19,992",52,10,10,0,0,100.00%,0.31%,0.26%,0.05%,0.05%,0.00%,0.00%
20260127,00,德榕企業有限公司,3578,TW Bodhi_mobile,20707,MW_置底創意_TW Bodhi,,,,114,114,0,114,0,0,0,0,0,100.00%,0.00%,0.00%,0.00%,0.00%,0.00%,0.00%
20260127,00,德榕企業有限公司,3578,TW Bodhi_mobile,20708,MW_蓋板_TW Bodhi,,,,260,260,0,260,0,0,0,0,0,100.00%,0.00%,0.00%,0.00%,0.00%,0.00%,0.00%
20260127,00,德榕企業有限公司,3581,忘憂書屋,20727,CF_336x280文章頁(RWD)_忘憂書屋,,,,113,113,0,113,0,0,0,0,0,100.00%,0.00%,0.00%,0.00%,0.00%,0.00%,0.00%
20260127,00,德榕企業有限公司,3582,忘憂書屋_mobile,20729,MW_蓋板_忘憂書屋,,,,110,110,0,110,0,0,0,0,0,100.00%,0.00%,0.00%,0.00%,0.00%,0.00%,0.00%
20260127,00,德榕企業有限公司,3582,忘憂書屋_mobile,20730,MW_置底創意_忘憂書屋,,,,146,146,0,146,0,0,0,0,0,100.00%,0.00%,0.00%,0.00%,0.00%,0.00%,0.00%
20260127,00,第一網站股份有限公司,2916,KiKiNote,20731,CF_300x250_banner_kikinote (PB),,知名媒體,,44,44,0,44,0,0,0,0,0,100.00%,0.00%,0.00%,0.00%,0.00%,0.00%,0.00%
20260127,00,艾得基客行銷顧問股份有限公司,3490,太報,21317,MW_蓋版_太報,,知名媒體,,6,6,0,6,0,0,0,0,0,100.00%,0.00%,0.00%,0.00%,0.00%,0.00%,0.00%
20260127,00,第一網站股份有限公司,2768,czbooks,21412,(子)CF_970x250_banner_czbooks(限時段)-PB,,,子聯播網,"3,351","3,351",4,"3,347",2,2,2,0,0,100.00%,0.12%,0.06%,0.06%,0.06%,0.00%,0.00%
20260127,00,第一網站股份有限公司,3440,fsa_passback_first,21699,CF_336x280_fsa_passback_first,,,,268,268,0,268,0,0,0,0,0,100.00%,0.00%,0.00%,0.00%,0.00%,0.00%,0.00%
20260127,00,富盈數據股份有限公司,3653,TVBS-女人我最大_HB,21761,MW_文章四_336x280_TVBS-女人我最大_HB,,知名媒體,,102,102,0,102,0,0,0,0,0,100.00%,0.00%,0.00%,0.00%,0.00%,0.00%,0.00%
20260127,00,富盈數據股份有限公司,3653,TVBS-女人我最大_HB,21763,MW_文中創意320x480_TVBS-女人我最大_HB,,知名媒體,,157,157,0,157,0,0,0,0,0,100.00%,0.00%,0.00%,0.00%,0.00%,0.00%,0.00%
20260127,00,富盈數據股份有限公司,3654,TVBS-健康2.0_HB,21765,MW_文章三_336x280_TVBS-健康2.0_HB,,知名媒體,,160,160,0,160,0,0,0,0,0,100.00%,0.00%,0.00%,0.00%,0.00%,0.00%,0.00%
20260127,00,富盈數據股份有限公司,3654,TVBS-健康2.0_HB,21768,MW_文中創意320x480_TVBS-健康2.0_HB,,知名媒體,,678,678,2,676,0,2,2,0,0,100.00%,0.29%,0.00%,0.29%,0.29%,0.00%,0.00%
20260127,00,富盈數據股份有限公司,3655,TVBS-食尚玩家_HB,21770,MW_文章三_336x280_TVBS-食尚玩家_HB,,知名媒體,,110,110,0,110,0,0,0,0,0,100.00%,0.00%,0.00%,0.00%,0.00%,0.00%,0.00%
20260127,00,富盈數據股份有限公司,3655,TVBS-食尚玩家_HB,21773,MW_文中創意320x480_TVBS-食尚玩家_HB,,知名媒體,,54,54,0,54,0,0,0,0,0,100.00%,0.00%,0.00%,0.00%,0.00%,0.00%,0.00%
20260127,00,儂儂雜誌社股份有限公司(bella儂儂),2135,Bella儂儂_2024,21876,MW-300x250_文章標題上方1_Bella儂儂,,知名媒體,,120,120,0,120,0,0,0,0,0,100.00%,0.00%,0.00%,0.00%,0.00%,0.00%,0.00%
20260127,00,富盈數據股份有限公司,3680,TVBS-新聞網_HB,21899,MW_文章一_336x280_TVBS-新聞網_HB,,知名媒體,,"8,033","8,033",4,"8,029",0,4,4,0,0,100.00%,0.05%,0.00%,0.05%,0.05%,0.00%,0.00%
20260127,00,富盈數據股份有限公司,3680,TVBS-新聞網_HB,21900,MW_文章三_336x280_TVBS-新聞網_HB,,知名媒體,,104,104,0,104,0,0,0,0,0,100.00%,0.00%,0.00%,0.00%,0.00%,0.00%,0.00%
20260127,00,富盈數據股份有限公司,3680,TVBS-新聞網_HB,21902,MW_文章置底_320x100_TVBS-新聞網_HB,,知名媒體,,"6,443","6,443",6,"6,437",0,6,6,0,0,100.00%,0.09%,0.00%,0.09%,0.09%,0.00%,0.00%
20260127,00,富盈數據股份有限公司,3684,稅美人_mobile,21923,MW_置底創意(非展開)_稅美人-mobile,,,,6,6,0,6,0,0,0,0,0,100.00%,0.00%,0.00%,0.00%,0.00%,0.00%,0.00%
20260127,00,富盈數據股份有限公司,3685,玩桌遊_mobile,21924,MW_置底創意(非展開)_玩桌遊-mobile,,,,124,124,0,124,0,0,0,0,0,100.00%,0.00%,0.00%,0.00%,0.00%,0.00%,0.00%
20260127,00,富盈數據股份有限公司,2615,熱血台中,21986,CF_336x280_全網_熱血台中,,,,122,122,0,122,0,0,0,0,0,100.00%,0.00%,0.00%,0.00%,0.00%,0.00%,0.00%
20260127,00,富盈數據股份有限公司,2615,熱血台中,21987,CF_336x280_全網_熱血台中,,,,175,175,0,175,0,0,0,0,0,100.00%,0.00%,0.00%,0.00%,0.00%,0.00%,0.00%
20260127,00,富盈數據股份有限公司,3704,天天要聞,22030,CF_300 x 250 banner_天天要聞_cpc2,,,,486,486,1,485,0,1,1,0,0,100.00%,0.21%,0.00%,0.21%,0.21%,0.00%,0.00%
20260127,00,富盈數據股份有限公司,3703,繁體小說,22031,CF_300 x 250 banner_繁體小說_cpc2,,,,268,268,0,268,0,0,0,0,0,100.00%,0.00%,0.00%,0.00%,0.00%,0.00%,0.00%
20260127,00,冠妍動力科技有限公司,484,小老婆汽機車資訊網,22058,MW_文中創意320x480_小老婆汽機車資訊網-測試,,知名媒體,,6,6,0,6,0,0,0,0,0,100.00%,0.00%,0.00%,0.00%,0.00%,0.00%,0.00%
20260127,00,英屬蓋曼群島商家庭傳媒股份有限公司城邦分公司,701,T客邦_Mobile,2213,MW_置底創意(非展開)_T客邦,,知名媒體,,6,6,0,6,0,0,0,0,0,100.00%,0.00%,0.00%,0.00%,0.00%,0.00%,0.00%
20260127,00,富盈數據股份有限公司,3680,TVBS-新聞網_HB,22132,CF_文中300x250_TVBS-新聞網_HB_2,,知名媒體,,6,6,0,6,0,0,0,0,0,100.00%,0.00%,0.00%,0.00%,0.00%,0.00%,0.00%
20260127,00,富盈數據股份有限公司,3680,TVBS-新聞網_HB,22133,CF_文中300x250_TVBS-新聞網_HB_3,,知名媒體,,24,24,1,23,0,1,1,0,0,100.00%,4.17%,0.00%,4.17%,4.17%,0.00%,0.00%
20260127,00,闇碼科技股份有限公司,3048,縮短網址產生器-reurl,22213,MW_蓋版_縮短網址產生器-reurl-2025.05(特殊供量),,知名媒體,,88,88,27,61,15,12,12,0,0,100.00%,30.68%,17.05%,13.64%,13.64%,0.00%,0.00%
20260127,00,欣發現股份有限公司,3362,妞新聞-mobile,22221,MW_蓋板_妞新聞,,知名媒體,,24,24,0,24,0,0,0,0,0,100.00%,0.00%,0.00%,0.00%,0.00%,0.00%,0.00%
20260127,00,欣發現股份有限公司,3363,大人物-mobile,22222,MW_蓋板_大人物,,知名媒體,,87,87,7,80,0,7,7,0,0,100.00%,8.05%,0.00%,8.05%,8.05%,0.00%,0.00%
20260127,00,朱光宁,3741,石頭小說3,22396,MW_置底_石頭小說3,,,,377,377,0,377,0,0,0,0,0,100.00%,0.00%,0.00%,0.00%,0.00%,0.00%,0.00%
20260127,00,朱光宁,3741,石頭小說3,22398,CF_336 x 280 banner_石頭小說3_cpc1.67,,,,"2,012","2,012",9,"2,003",0,9,9,0,0,100.00%,0.45%,0.00%,0.45%,0.45%,0.00%,0.00%
20260127,00,朱光宁,3741,石頭小說3,22399,CF_320 x 480 橫幅_石頭小說3,,,,428,428,1,427,0,1,1,0,0,100.00%,0.23%,0.00%,0.23%,0.23%,0.00%,0.00%
20260127,00,艾得基客行銷顧問股份有限公司,2825,科技紫薇,22403,MW_蓋版_科技紫微,,,,24,24,0,24,0,0,0,0,0,100.00%,0.00%,0.00%,0.00%,0.00%,0.00%,0.00%
20260127,00,闇碼科技股份有限公司,3068,限時圖片-imgus,22406,MW_置底_imgus,antifroud,,,"1,540","1,540",3,"1,537",0,3,3,0,0,100.00%,0.19%,0.00%,0.19%,0.19%,0.00%,0.00%
20260127,00,第一網站股份有限公司,2783,漫畫櫃manhuagui,22443,MW_置底_manhuagui,antifroud,,,"78,203","78,203",72,"78,131",6,66,66,0,0,100.00%,0.09%,0.01%,0.08%,0.08%,0.00%,0.00%
20260127,00,艾得基客行銷顧問股份有限公司,3752,ＭoneyDJ,22515,MW_300x250 BANNER_MoneyDJ,antifroud,知名媒體,,135,135,0,135,0,0,0,0,0,100.00%,0.00%,0.00%,0.00%,0.00%,0.00%,0.00%
20260127,00,李承翰-webptt,718,Web批踢踢(RWD),2284,MW-蓋板_文中_Web批踢踢,antifroud,,,62,62,0,62,0,0,0,0,0,100.00%,0.00%,0.00%,0.00%,0.00%,0.00%,0.00%
20260127,00,麥智維,999,動漫戲說,3543,CF-728*90-內文上方-動漫戲說,antifroud,,,"1,128","1,128",0,"1,128",0,0,0,0,0,100.00%,0.00%,0.00%,0.00%,0.00%,0.00%,0.00%
20260127,00,肖偉彬,1286,龍騰世紀書庫,4673,CF-內文下方-728*90-龍騰世紀書庫,,,,6,6,0,6,0,0,0,0,0,100.00%,0.00%,0.00%,0.00%,0.00%,0.00%,0.00%
20260127,00,肖偉彬,1287,紅櫻桃小說書庫,4678,CF-內文上方-300*250-紅櫻桃小說書庫,,,,47,47,0,47,0,0,0,0,0,100.00%,0.00%,0.00%,0.00%,0.00%,0.00%,0.00%
20260127,00,肖偉彬,1287,紅櫻桃小說書庫,4717,MW_文中創意300x250_紅櫻桃小說書庫,,,,18,18,0,18,0,0,0,0,0,100.00%,0.00%,0.00%,0.00%,0.00%,0.00%,0.00%
20260127,00,技達創意資訊有限公司,1299,泰好網,4733,CF-300*250-內文下方-泰好網,,,,6,6,0,6,0,0,0,0,0,100.00%,0.00%,0.00%,0.00%,0.00%,0.00%,0.00%
20260127,00,技達創意資訊有限公司,1299,泰好網,4734,MW-320*100-首頁、內文上方-泰好網,,,,40,23,1,22,1,0,0,0,0,57.50%,4.35%,4.35%,0.00%,0.00%,0.00%,0.00%
20260127,00,陈晋福,1367,電視超人,4997,CF-300X250-電視超人,,,,13,13,0,13,0,0,0,0,0,100.00%,0.00%,0.00%,0.00%,0.00%,0.00%,0.00%
20260127,00,麥智維,999,動漫戲說,6069,CF-300*250-首頁-動漫戲說,,,,51,51,0,51,0,0,0,0,0,100.00%,0.00%,0.00%,0.00%,0.00%,0.00%,0.00%
20260127,00,莊博凱,1676,夢遊電玩-exchange,6309,CF-336x280_內文上方_夢遊電玩-exchange,,,,25,25,23,2,23,0,0,0,0,100.00%,92.00%,92.00%,0.00%,0.00%,0.00%,0.00%
20260127,00,莊博凱,1676,夢遊電玩-exchange,6310,CF-160*600-網頁右側-夢遊電玩-exchange,,,,6,6,0,6,0,0,0,0,0,100.00%,0.00%,0.00%,0.00%,0.00%,0.00%,0.00%
20260127,00,精鏡傳媒股份有限公司,1060,鏡週刊,8250,MW_置底創意(非展開)_鏡週刊,,知名媒體,,24,24,0,24,0,0,0,0,0,100.00%,0.00%,0.00%,0.00%,0.00%,0.00%,0.00%
20260127,00,巧克科技新媒體股份有限公司,2127,LINE TV_Banner-exchange,8576,CF_336x280_戲劇-右側好康資訊下方_LINE TV-exchange,,知名媒體,,191,191,0,191,0,0,0,0,0,100.00%,0.00%,0.00%,0.00%,0.00%,0.00%,0.00%
20260127,00,巧克科技新媒體股份有限公司,2127,LINE TV_Banner-exchange,8577,CF_336x280_戲劇-右側好康資訊上方_LINE TV-exchange,,知名媒體,,577,577,2,575,2,0,0,0,0,100.00%,0.35%,0.35%,0.00%,0.00%,0.00%,0.00%
20260127,00,見聞科技有限公司,2251,就是節目表,9233,MW-300x250-節目表文中-就是節目表,,,,136,71,65,6,4,61,61,0,0,52.21%,91.55%,5.63%,85.92%,85.92%,0.00%,0.00%
20260127,01,英屬維京群島商浩美數位有限公司台灣分公司,2315,Teepr亮新聞-exchange,10012,CF_336x280Banner_Teepr亮新聞-exchange,,知名媒體,,12,12,0,12,0,0,0,0,0,100.00%,0.00%,0.00%,0.00%,0.00%,0.00%,0.00%
20260127,01,昱得資訊工作室,2528,數位書香,11080,CF_728x90_首頁上方_數位書香,antifroud,,,42,42,0,42,0,0,0,0,0,100.00%,0.00%,0.00%,0.00%,0.00%,0.00%,0.00%
20260127,01,昱得資訊工作室,2528,數位書香,11081,CF_160x600_首頁右側_數位書香,antifroud,,,623,623,0,623,0,0,0,0,0,100.00%,0.00%,0.00%,0.00%,0.00%,0.00%,0.00%
20260127,01,第一網站股份有限公司,2518,麻辣家族討論區(twbts),11082,CF-728X90-twbts,antifroud,,,"1,793","1,793",0,"1,793",0,0,0,0,0,100.00%,0.00%,0.00%,0.00%,0.00%,0.00%,0.00%
20260127,01,第一網站股份有限公司,2540,risu短網址,11260,MW-300X250-MB_page_left-risu,,知名媒體,,194,194,0,194,0,0,0,0,0,100.00%,0.00%,0.00%,0.00%,0.00%,0.00%,0.00%
20260127,01,第一網站股份有限公司,2492,ttshow,11273,MW-300X250-ttshow,,知名媒體,,18,18,0,18,0,0,0,0,0,100.00%,0.00%,0.00%,0.00%,0.00%,0.00%,0.00%
20260127,01,第一網站股份有限公司,2601,Meme梗圖倉庫,11443,CF-336X280-meme,,,,436,436,0,436,0,0,0,0,0,100.00%,0.00%,0.00%,0.00%,0.00%,0.00%,0.00%
20260127,01,第一網站股份有限公司,2540,risu短網址,11978,MW_變形蓋版_risu短網址,,知名媒體,,66,66,0,66,0,0,0,0,0,100.00%,0.00%,0.00%,0.00%,0.00%,0.00%,0.00%
20260127,01,第一網站股份有限公司,2540,risu短網址,11979,MW_置底創意_risu短網址(IOS),,知名媒體,,20,20,0,20,0,0,0,0,0,100.00%,0.00%,0.00%,0.00%,0.00%,0.00%,0.00%
20260127,01,第一網站股份有限公司,2540,risu短網址,12009,MW_置底創意_risu短網址(Android),,知名媒體,,6,6,0,6,0,0,0,0,0,100.00%,0.00%,0.00%,0.00%,0.00%,0.00%,0.00%
20260127,01,艾得基客行銷顧問股份有限公司,2578,鉅亨網,12070,MW_320x480_文中創意_鉅亨網,,知名媒體,,"2,123","2,123",8,"2,115",0,8,8,0,0,100.00%,0.38%,0.00%,0.38%,0.38%,0.00%,0.00%
20260127,01,第一網站股份有限公司,2540,risu短網址,12496,CF_300x250_popup(直播) _risu短網址,antifroud,知名媒體,,12,12,0,12,0,0,0,0,0,100.00%,0.00%,0.00%,0.00%,0.00%,0.00%,0.00%
20260127,01,時報資訊股份有限公司,2770,中時電子報_HB,12559,CF_300x250_右側互動看版_中時電子報_HB,,知名媒體,,12,12,1,11,0,1,1,0,0,100.00%,8.33%,0.00%,8.33%,8.33%,0.00%,0.00%
20260127,01,時報資訊股份有限公司,2770,中時電子報_HB,12560,CF_336x280_文中看板_中時電子報_HB,,知名媒體,,12,12,1,11,0,1,1,0,0,100.00%,8.33%,0.00%,8.33%,8.33%,0.00%,0.00%
20260127,01,時報資訊股份有限公司,2770,中時電子報_HB,12561,MW_300x250_內頁TOP Banner_中時電子報_HB,antifroud,知名媒體,,784,784,10,774,6,4,4,0,0,100.00%,1.28%,0.77%,0.51%,0.51%,0.00%,0.00%
20260127,01,第一網站股份有限公司,2768,czbooks,12570,CF_728x90_banner_czbooks,,,,"4,362","4,362",5,"4,357",0,5,5,0,0,100.00%,0.11%,0.00%,0.11%,0.11%,0.00%,0.00%
20260127,01,第一網站股份有限公司,2768,czbooks,12571,CF-300x600_Banner_czbooks,,,,"1,711","1,711",0,"1,711",0,0,0,0,0,100.00%,0.00%,0.00%,0.00%,0.00%,0.00%,0.00%
20260127,01,鳳梨傳媒股份有限公司,2190,民視新聞網-Exchange,12579,CF_300x250_右側第一塊_民視新聞網-Exchange(RWD)(MCM),,知名媒體,,80,80,0,80,0,0,0,0,0,100.00%,0.00%,0.00%,0.00%,0.00%,0.00%,0.00%
20260127,01,鳳梨傳媒股份有限公司,2190,民視新聞網-Exchange,12580,CF_300x250_內文文中左側_民視新聞網-Exchange(RWD)(MCM),,知名媒體,,64,64,0,64,0,0,0,0,0,100.00%,0.00%,0.00%,0.00%,0.00%,0.00%,0.00%
20260127,01,第一網站股份有限公司,2783,漫畫櫃manhuagui,12676,CF_728X90_manhuagui,antifroud,,,"40,878","40,878",230,"40,648",142,88,88,0,0,100.00%,0.56%,0.35%,0.22%,0.22%,0.00%,0.00%
20260127,01,第一網站股份有限公司,2801,damanwoo,12868,CF-300x250_Banner_damanwoo_大人物,,,,8,8,0,8,0,0,0,0,0,100.00%,0.00%,0.00%,0.00%,0.00%,0.00%,0.00%
20260127,01,第一網站股份有限公司,2820,星座好朋友(horofriend88),12966,MW_320x100_horofriend88,antifroud,,,42,42,0,42,0,0,0,0,0,100.00%,0.00%,0.00%,0.00%,0.00%,0.00%,0.00%
20260127,01,第一網站股份有限公司,2862,Manhuaren,13254,MW_320x100_banner_manhuaren,,,,18,18,0,18,0,0,0,0,0,100.00%,0.00%,0.00%,0.00%,0.00%,0.00%,0.00%
20260127,01,和運租車股份有限公司,2878,abc好車網,13368,CF_970x90_物件頁下方_abc好車網,,知名媒體,,6,6,0,6,0,0,0,0,0,100.00%,0.00%,0.00%,0.00%,0.00%,0.00%,0.00%
20260127,01,曾憲敏,202,85小說網,13445,MW_336X280_全量1_85小說網,,,,174,174,2,172,2,0,0,0,0,100.00%,1.15%,1.15%,0.00%,0.00%,0.00%,0.00%
20260127,01,曾憲敏,202,85小說網,13446,MW_336X280_全量2_85小說網,,,,942,942,4,938,4,0,0,0,0,100.00%,0.42%,0.42%,0.00%,0.00%,0.00%,0.00%
20260127,01,第一網站股份有限公司,2910,clickme,13549,CF_300x250_banner_clickme(一般),,,,"1,144","1,144",0,"1,144",0,0,0,0,0,100.00%,0.00%,0.00%,0.00%,0.00%,0.00%,0.00%
20260127,01,第一網站股份有限公司,2768,czbooks,14036,MW_320x480_CZBOOKS,antifroud,,,728,728,1,727,0,1,1,0,0,100.00%,0.14%,0.00%,0.14%,0.14%,0.00%,0.00%
20260127,01,陳人鳳,480,飛格寵物家族_PC,1407,CF-728X90_上方通欄_飛格寵物家族,,,,8,8,2,6,0,2,2,0,0,100.00%,25.00%,0.00%,25.00%,25.00%,0.00%,0.00%
20260127,01,陳人鳳,480,飛格寵物家族_PC,1408,CF-300X250_內文_飛格寵物家族,,,,109,109,35,74,1,34,34,0,0,100.00%,32.11%,0.92%,31.19%,31.19%,0.00%,0.00%
20260127,01,闇碼科技股份有限公司,3048,縮短網址產生器-reurl,14210,MW_文中創意300x250_縮短網址產生器-reurl,,知名媒體,,62,62,26,36,16,10,10,0,0,100.00%,41.94%,25.81%,16.13%,16.13%,0.00%,0.00%
20260127,01,巨思文化股份有限公司,3052,經理人_HB,14238,MW_文章結束第一塊_300x250_經理人-HB,,知名媒體,,12,12,0,12,0,0,0,0,0,100.00%,0.00%,0.00%,0.00%,0.00%,0.00%,0.00%
20260127,01,巨思文化股份有限公司,3052,經理人_HB,14241,MW_300x250_內文下方_經理人-HB,,知名媒體,,6,6,0,6,0,0,0,0,0,100.00%,0.00%,0.00%,0.00%,0.00%,0.00%,0.00%
20260127,01,富盈數據股份有限公司,3059,塔科女子,14258,CF_336x280_全網_塔科女子,,知名媒體,,117,117,0,117,0,0,0,0,0,100.00%,0.00%,0.00%,0.00%,0.00%,0.00%,0.00%
20260127,01,CBROOT LTD,3003,包子漫畫-exchange,14291,MW_300x250_蓋板(PB)_包子漫畫,,,,"2,425","2,425",2,"2,423",0,2,2,0,0,100.00%,0.08%,0.00%,0.08%,0.08%,0.00%,0.00%
20260127,01,朱光宁,3268,稷下書院-mobile,14737,MW_置底創意(非展開)_稷下書院-mobile,,,,12,12,0,12,0,0,0,0,0,100.00%,0.00%,0.00%,0.00%,0.00%,0.00%,0.00%
20260127,01,朱光宁,3149,稷下書院-exchange,14748,MW_320x100_置底(PB)_稷下書院,,,,"21,878","21,878",75,"21,803",57,18,18,0,0,100.00%,0.34%,0.26%,0.08%,0.08%,0.00%,0.00%
20260127,01,巨思文化股份有限公司,3053,數位時代_HB,14764,MW_置底創意_(非展開)_數位時代_HB,,知名媒體,,6,6,0,6,0,0,0,0,0,100.00%,0.00%,0.00%,0.00%,0.00%,0.00%,0.00%
20260127,01,鳳梨傳媒股份有限公司,3277,民視新聞網-Mobile,14772,MW_置底創意_民視新聞-Mobile,,知名媒體,,6,6,0,6,0,0,0,0,0,100.00%,0.00%,0.00%,0.00%,0.00%,0.00%,0.00%
20260127,01,曾憲敏,3327,85小說網_創意,15227,MW-300X250_85小說網_隨身影音PB,,,,36,36,0,36,0,0,0,0,0,100.00%,0.00%,0.00%,0.00%,0.00%,0.00%,0.00%
20260127,01,曾憲敏,3327,85小說網_創意,15228,MW-創意-85小說網,,,,334,334,0,334,0,0,0,0,0,100.00%,0.00%,0.00%,0.00%,0.00%,0.00%,0.00%
20260127,01,CBROOT LTD,3352,西瓜卡通-exchange,15969,CF_728x90_影音內容_西瓜卡通-exchange,,,,12,12,0,12,0,0,0,0,0,100.00%,0.00%,0.00%,0.00%,0.00%,0.00%,0.00%
20260127,01,CBROOT LTD,3352,西瓜卡通-exchange,15970,CF_160x600_影音內容_西瓜卡通-exchange,,,,546,546,0,546,0,0,0,0,0,100.00%,0.00%,0.00%,0.00%,0.00%,0.00%,0.00%
20260127,01,朱光宁,3360,提莫書屋-exchange,16957,MW_336x280banner_提莫書屋_exchange,,,,"11,904","11,903",168,"11,735",16,152,152,0,0,99.99%,1.41%,0.13%,1.28%,1.28%,0.00%,0.00%
20260127,01,朱光宁,3361,提莫書屋-mobile,16958,MW_置底創意_提莫書屋-mobile,,,,44,44,0,44,0,0,0,0,0,100.00%,0.00%,0.00%,0.00%,0.00%,0.00%,0.00%
20260127,01,朱光宁,3361,提莫書屋-mobile,16959,MW_320x480_文中創意_提莫書屋-mobile,,,,24,24,0,24,0,0,0,0,0,100.00%,0.00%,0.00%,0.00%,0.00%,0.00%,0.00%
20260127,01,巧克科技新媒體股份有限公司,1494,LINE TV,16964,CF_336x280_影音暫停頁_LINE TV,,知名媒體,,26,26,0,26,0,0,0,0,0,100.00%,0.00%,0.00%,0.00%,0.00%,0.00%,0.00%
20260127,01,欣發現股份有限公司,3365,Hami任務牆-mobile,16969,MW_置底創意_Hami任務牆,,知名媒體,,30,30,0,30,0,0,0,0,0,100.00%,0.00%,0.00%,0.00%,0.00%,0.00%,0.00%
20260127,01,欣發現股份有限公司,3364,女子學-mobile,16972,MW_置底創意_女子學,antifroud,,,296,296,0,296,0,0,0,0,0,100.00%,0.00%,0.00%,0.00%,0.00%,0.00%,0.00%
20260127,01,欣發現股份有限公司,3363,大人物-mobile,16973,MW_置底創意_大人物,,知名媒體,,12,12,0,12,0,0,0,0,0,100.00%,0.00%,0.00%,0.00%,0.00%,0.00%,0.00%
20260127,01,欣發現股份有限公司,3362,妞新聞-mobile,16974,MW_置底創意_妞新聞,,知名媒體,,6,6,0,6,0,0,0,0,0,100.00%,0.00%,0.00%,0.00%,0.00%,0.00%,0.00%
20260127,01,第一網站股份有限公司,2783,漫畫櫃manhuagui,17027,MW_320x480_蓋版_漫畫櫃manhuagui,,,,"6,976","6,976",4,"6,972",2,2,2,0,0,100.00%,0.06%,0.03%,0.03%,0.03%,0.00%,0.00%
20260127,01,詠勝科技有限公司,3385,Mobile01_HB,17175,CF_970x90_橫幅Banner_Mobile01_HB,,知名媒體,,203,203,14,189,6,8,8,0,0,100.00%,6.90%,2.96%,3.94%,3.94%,0.00%,0.00%
20260127,01,詠勝科技有限公司,3385,Mobile01_HB,17176,CF_728x90_內頁橫幅Banner_7F_Mobile01_HB,,知名媒體,,14,14,8,6,8,0,0,0,0,100.00%,57.14%,57.14%,0.00%,0.00%,0.00%,0.00%
20260127,01,詠勝科技有限公司,3385,Mobile01_HB,17179,CF_300x250_熱門大看板_Mobile01_HB,,知名媒體,,333,333,12,321,4,8,8,0,0,100.00%,3.60%,1.20%,2.40%,2.40%,0.00%,0.00%
20260127,01,詠勝科技有限公司,3385,Mobile01_HB,17180,CF_300x250_置底看板左_Mobile01_HB,,知名媒體,,94,94,2,92,0,2,2,0,0,100.00%,2.13%,0.00%,2.13%,2.13%,0.00%,0.00%
20260127,01,詠勝科技有限公司,3385,Mobile01_HB,17181,CF_300x250_置底看板中_Mobile01_HB,,知名媒體,,100,100,2,98,0,2,2,0,0,100.00%,2.00%,0.00%,2.00%,2.00%,0.00%,0.00%
20260127,01,詠勝科技有限公司,3385,Mobile01_HB,17183,CF_300x600_大摩天_Mobile01_HB,,知名媒體,,78,78,0,78,0,0,0,0,0,100.00%,0.00%,0.00%,0.00%,0.00%,0.00%,0.00%
20260127,01,詠勝科技有限公司,3385,Mobile01_HB,17196,CF_160x600_門神_right_Mobile01_HB,,知名媒體,,46,46,4,42,4,0,0,0,0,100.00%,8.70%,8.70%,0.00%,0.00%,0.00%,0.00%
20260127,01,詠勝科技有限公司,3385,Mobile01_HB,17197,CF_160x600_門神_left_Mobile01_HB,,知名媒體,,52,52,4,48,4,0,0,0,0,100.00%,7.69%,7.69%,0.00%,0.00%,0.00%,0.00%
20260127,01,詠勝科技有限公司,3385,Mobile01_HB,17204,MW_300x250_文中Banner(interscroller)_Mobile01_HB,,知名媒體,,181,181,0,181,0,0,0,0,0,100.00%,0.00%,0.00%,0.00%,0.00%,0.00%,0.00%
20260127,01,朱光宁,3268,稷下書院-mobile,17207,MW_320x480_蓋版_稷下書院-mobile,,,,"16,789","16,789",23,"16,766",2,21,21,0,0,100.00%,0.14%,0.01%,0.13%,0.13%,0.00%,0.00%
20260127,01,艾得基客行銷顧問股份有限公司,3391,UDN聯合新聞網,17236,MW_置底創意_UDN聯合新聞,,知名媒體,,"3,912","3,912",4,"3,908",2,2,2,0,0,100.00%,0.10%,0.05%,0.05%,0.05%,0.00%,0.00%
20260127,01,李立娟,3395,vivi0視頻-exchange,17293,CF_336x280_Banner_vivi01視頻-exchange,antifroud,,,"26,274","26,274",112,"26,162",60,52,52,0,0,100.00%,0.43%,0.23%,0.20%,0.20%,0.00%,0.00%
20260127,01,李立娟,3395,vivi0視頻-exchange,17294,MW_336x280_Banner_vivi01視頻-exchange,antifroud,,,"28,829","28,825",111,"28,714",63,48,48,0,0,99.99%,0.39%,0.22%,0.17%,0.17%,0.00%,0.00%
20260127,01,李立娟,3395,vivi0視頻-exchange,17299,MW_300x250_蓋板(PB)-vivi01視頻-exchange,,,,6,6,0,6,0,0,0,0,0,100.00%,0.00%,0.00%,0.00%,0.00%,0.00%,0.00%
20260127,01,李立娟,3395,vivi0視頻-exchange,17300,MW_320x100_置底(PB)_vivi01視頻-exchange,antifroud,,,"40,630","40,627",46,"40,581",16,30,30,0,0,99.99%,0.11%,0.04%,0.07%,0.07%,0.00%,0.00%
20260127,01,第一網站股份有限公司,2768,czbooks,17927,MW_置底創意_czbook,,,,"10,812","10,812",14,"10,798",0,14,14,0,0,100.00%,0.13%,0.00%,0.13%,0.13%,0.00%,0.00%
20260127,01,時報資訊股份有限公司_工商時報,3427,工商時報-exchange,18015,MW_300x250_文末Banner2_工商時報-exchange,,知名媒體,,122,122,0,122,0,0,0,0,0,100.00%,0.00%,0.00%,0.00%,0.00%,0.00%,0.00%
20260127,01,第一網站股份有限公司,3440,fsa_passback_first,18201,CF_336x280_fsa_passback_first,,,,"1,764","1,764",18,"1,746",0,18,18,0,0,100.00%,1.02%,0.00%,1.02%,1.02%,0.00%,0.00%
20260127,01,第一網站股份有限公司,3440,fsa_passback_first,18202,CF_300x250_fsa_passback_first,,,,"1,516","1,516",151,"1,365",30,121,121,0,0,100.00%,9.96%,1.98%,7.98%,7.98%,0.00%,0.00%
20260127,01,莊博凱,3455,夢遊電玩,18269,300x250 Banner,,,,6,6,0,6,0,0,0,0,0,100.00%,0.00%,0.00%,0.00%,0.00%,0.00%,0.00%
20260127,01,朱光宁,3268,稷下書院-mobile,18297,MW_置底創意(展開)_稷下書院-mobile,,,,728,728,3,725,0,3,3,0,0,100.00%,0.41%,0.00%,0.41%,0.41%,0.00%,0.00%
20260127,01,冰楓科技有限公司,3485,冰楓論壇-exchange,18487,CF_970x90_內文上方第一塊_冰楓論壇-exchange,,,,674,674,8,666,6,2,2,0,0,100.00%,1.19%,0.89%,0.30%,0.30%,0.00%,0.00%
20260127,01,冰楓科技有限公司,3485,冰楓論壇-exchange,18488,MW_320x100_內文上方第一塊_ 冰楓論壇-exchange,antifroud,,,72,72,0,72,0,0,0,0,0,100.00%,0.00%,0.00%,0.00%,0.00%,0.00%,0.00%
20260127,01,冰楓科技有限公司,3485,冰楓論壇-exchange,18492,MW_300x250_Banner_ 冰楓論壇-exchange,,,,280,280,2,278,0,2,2,0,0,100.00%,0.71%,0.00%,0.71%,0.71%,0.00%,0.00%
20260127,01,CBROOT LTD,3492,包子漫畫(特開流量)-exchange,18557,CF_300x600_指定流量_包子漫畫(特開流量PB)-exchange,,,,229,229,0,229,0,0,0,0,0,100.00%,0.00%,0.00%,0.00%,0.00%,0.00%,0.00%
20260127,01,CBROOT LTD,3510,包子漫畫_twmanga-exchange,18737,CF_970x90_Banner_ 包子漫畫_twmanga-exchange,,,,509,509,2,507,0,2,2,0,0,100.00%,0.39%,0.00%,0.39%,0.39%,0.00%,0.00%
20260127,01,舒禾驊,3535,荷花動漫筆記,18887,CF_336x280_文章頁文中_荷花動漫筆記,,,,6,6,0,6,0,0,0,0,0,100.00%,0.00%,0.00%,0.00%,0.00%,0.00%,0.00%
20260127,01,台灣英文新聞股份有限公司,3537,台灣英文新聞(new)-exchange,18914,MW_320x100_內文頁_置頂橫幅_台灣英文新聞(new)-exchange,,知名媒體,,6,6,0,6,0,0,0,0,0,100.00%,0.00%,0.00%,0.00%,0.00%,0.00%,0.00%
20260127,01,台灣英文新聞股份有限公司,3537,台灣英文新聞(new)-exchange,18924,CF_300x250_內容頁_右側看版_1_台灣英文新聞(new)-exchange,,知名媒體,,12,12,8,4,8,0,0,0,0,100.00%,66.67%,66.67%,0.00%,0.00%,0.00%,0.00%
20260127,01,台灣英文新聞股份有限公司,3537,台灣英文新聞(new)-exchange,18925,CF_300x600_內容頁_右側看版_2_台灣英文新聞(new)-exchange,,知名媒體,,6,6,0,6,0,0,0,0,0,100.00%,0.00%,0.00%,0.00%,0.00%,0.00%,0.00%
20260127,01,聯合線上股份有限公司,3442,UDN聯合新聞網,19031,MW_置底創意_UDN聯合新聞網,antifroud,知名媒體,,895,895,1,894,0,1,1,0,0,100.00%,0.11%,0.00%,0.11%,0.11%,0.00%,0.00%
20260127,01,聯合線上股份有限公司,3549,UDN元氣網,19033,MW_置底創意_UDN元氣網,,知名媒體,,68,68,0,68,0,0,0,0,0,100.00%,0.00%,0.00%,0.00%,0.00%,0.00%,0.00%
20260127,01,艾得基客行銷顧問股份有限公司,3552,玩具人,19044,MW_320x480_文中創意_玩具人,,知名媒體,,12,12,0,12,0,0,0,0,0,100.00%,0.00%,0.00%,0.00%,0.00%,0.00%,0.00%
20260127,01,第一網站股份有限公司,2783,漫畫櫃manhuagui,20685,MW_300X250_manhuagui,antifroud,,,"17,281","17,281",88,"17,193",72,16,16,0,0,100.00%,0.51%,0.42%,0.09%,0.09%,0.00%,0.00%
20260127,01,德榕企業有限公司,3578,TW Bodhi_mobile,20707,MW_置底創意_TW Bodhi,,,,54,54,0,54,0,0,0,0,0,100.00%,0.00%,0.00%,0.00%,0.00%,0.00%,0.00%
20260127,01,德榕企業有限公司,3578,TW Bodhi_mobile,20708,MW_蓋板_TW Bodhi,,,,136,136,1,135,0,1,1,0,0,100.00%,0.74%,0.00%,0.74%,0.74%,0.00%,0.00%
20260127,01,德榕企業有限公司,3581,忘憂書屋,20727,CF_336x280文章頁(RWD)_忘憂書屋,,,,48,48,0,48,0,0,0,0,0,100.00%,0.00%,0.00%,0.00%,0.00%,0.00%,0.00%
20260127,01,德榕企業有限公司,3582,忘憂書屋_mobile,20729,MW_蓋板_忘憂書屋,,,,60,60,0,60,0,0,0,0,0,100.00%,0.00%,0.00%,0.00%,0.00%,0.00%,0.00%
20260127,01,德榕企業有限公司,3582,忘憂書屋_mobile,20730,MW_置底創意_忘憂書屋,,,,48,48,1,47,0,1,1,0,0,100.00%,2.08%,0.00%,2.08%,2.08%,0.00%,0.00%
20260127,01,第一網站股份有限公司,2916,KiKiNote,20731,CF_300x250_banner_kikinote (PB),,知名媒體,,56,56,0,56,0,0,0,0,0,100.00%,0.00%,0.00%,0.00%,0.00%,0.00%,0.00%
20260127,01,第一網站股份有限公司,2768,czbooks,21412,(子)CF_970x250_banner_czbooks(限時段)-PB,,,子聯播網,"3,906","3,906",1,"3,905",0,1,1,0,0,100.00%,0.03%,0.00%,0.03%,0.03%,0.00%,0.00%
20260127,01,第一網站股份有限公司,3440,fsa_passback_first,21699,CF_336x280_fsa_passback_first,,,,459,459,36,423,0,36,36,0,0,100.00%,7.84%,0.00%,7.84%,7.84%,0.00%,0.00%
20260127,01,富盈數據股份有限公司,3653,TVBS-女人我最大_HB,21761,MW_文章四_336x280_TVBS-女人我最大_HB,,知名媒體,,76,76,0,76,0,0,0,0,0,100.00%,0.00%,0.00%,0.00%,0.00%,0.00%,0.00%
20260127,01,富盈數據股份有限公司,3653,TVBS-女人我最大_HB,21762,MW_文章置底_320x100_TVBS-女人我最大_HB,,知名媒體,,50,50,0,50,0,0,0,0,0,100.00%,0.00%,0.00%,0.00%,0.00%,0.00%,0.00%
20260127,01,富盈數據股份有限公司,3653,TVBS-女人我最大_HB,21763,MW_文中創意320x480_TVBS-女人我最大_HB,,知名媒體,,53,53,0,53,0,0,0,0,0,100.00%,0.00%,0.00%,0.00%,0.00%,0.00%,0.00%
20260127,01,富盈數據股份有限公司,3654,TVBS-健康2.0_HB,21765,MW_文章三_336x280_TVBS-健康2.0_HB,,知名媒體,,117,117,0,117,0,0,0,0,0,100.00%,0.00%,0.00%,0.00%,0.00%,0.00%,0.00%
20260127,01,富盈數據股份有限公司,3654,TVBS-健康2.0_HB,21768,MW_文中創意320x480_TVBS-健康2.0_HB,,知名媒體,,214,214,0,214,0,0,0,0,0,100.00%,0.00%,0.00%,0.00%,0.00%,0.00%,0.00%
20260127,01,富盈數據股份有限公司,3655,TVBS-食尚玩家_HB,21770,MW_文章三_336x280_TVBS-食尚玩家_HB,,知名媒體,,12,12,0,12,0,0,0,0,0,100.00%,0.00%,0.00%,0.00%,0.00%,0.00%,0.00%
20260127,01,富盈數據股份有限公司,3654,TVBS-健康2.0_HB,21812,MW_文章一_336x280_TVBS-健康2.0_HB,,知名媒體,,118,118,0,118,0,0,0,0,0,100.00%,0.00%,0.00%,0.00%,0.00%,0.00%,0.00%
20260127,01,儂儂雜誌社股份有限公司(bella儂儂),2135,Bella儂儂_2024,21876,MW-300x250_文章標題上方1_Bella儂儂,,知名媒體,,68,68,0,68,0,0,0,0,0,100.00%,0.00%,0.00%,0.00%,0.00%,0.00%,0.00%
20260127,01,富盈數據股份有限公司,3680,TVBS-新聞網_HB,21899,MW_文章一_336x280_TVBS-新聞網_HB,,知名媒體,,"2,136","2,136",0,"2,136",0,0,0,0,0,100.00%,0.00%,0.00%,0.00%,0.00%,0.00%,0.00%
20260127,01,富盈數據股份有限公司,3680,TVBS-新聞網_HB,21902,MW_文章置底_320x100_TVBS-新聞網_HB,,知名媒體,,"1,567","1,567",0,"1,567",0,0,0,0,0,100.00%,0.00%,0.00%,0.00%,0.00%,0.00%,0.00%
20260127,01,富盈數據股份有限公司,3685,玩桌遊_mobile,21924,MW_置底創意(非展開)_玩桌遊-mobile,,,,565,565,0,565,0,0,0,0,0,100.00%,0.00%,0.00%,0.00%,0.00%,0.00%,0.00%
20260127,01,富盈數據股份有限公司,2615,熱血台中,21986,CF_336x280_全網_熱血台中,,,,104,104,0,104,0,0,0,0,0,100.00%,0.00%,0.00%,0.00%,0.00%,0.00%,0.00%
20260127,01,富盈數據股份有限公司,2615,熱血台中,21987,CF_336x280_全網_熱血台中,,,,177,177,0,177,0,0,0,0,0,100.00%,0.00%,0.00%,0.00%,0.00%,0.00%,0.00%
20260127,01,富盈數據股份有限公司,3704,天天要聞,22030,CF_300 x 250 banner_天天要聞_cpc2,,,,725,725,5,720,0,5,5,0,0,100.00%,0.69%,0.00%,0.69%,0.69%,0.00%,0.00%
20260127,01,富盈數據股份有限公司,3703,繁體小說,22031,CF_300 x 250 banner_繁體小說_cpc2,,,,228,228,1,227,0,1,1,0,0,100.00%,0.44%,0.00%,0.44%,0.44%,0.00%,0.00%
20260127,01,闇碼科技股份有限公司,3048,縮短網址產生器-reurl,22213,MW_蓋版_縮短網址產生器-reurl-2025.05(特殊供量),,知名媒體,,55,53,26,27,15,11,11,0,0,96.36%,49.06%,28.30%,20.75%,20.75%,0.00%,0.00%
20260127,01,欣發現股份有限公司,3363,大人物-mobile,22222,MW_蓋板_大人物,,知名媒體,,6,6,0,6,0,0,0,0,0,100.00%,0.00%,0.00%,0.00%,0.00%,0.00%,0.00%
20260127,01,朱光宁,3741,石頭小說3,22396,MW_置底_石頭小說3,,,,243,243,0,243,0,0,0,0,0,100.00%,0.00%,0.00%,0.00%,0.00%,0.00%,0.00%
20260127,01,朱光宁,3741,石頭小說3,22398,CF_336 x 280 banner_石頭小說3_cpc1.67,,,,"2,581","2,581",5,"2,576",0,5,5,0,0,100.00%,0.19%,0.00%,0.19%,0.19%,0.00%,0.00%
20260127,01,朱光宁,3741,石頭小說3,22399,CF_320 x 480 橫幅_石頭小說3,,,,71,71,0,71,0,0,0,0,0,100.00%,0.00%,0.00%,0.00%,0.00%,0.00%,0.00%
20260127,01,闇碼科技股份有限公司,3068,限時圖片-imgus,22406,MW_置底_imgus,antifroud,,,602,602,0,602,0,0,0,0,0,100.00%,0.00%,0.00%,0.00%,0.00%,0.00%,0.00%
20260127,01,第一網站股份有限公司,2783,漫畫櫃manhuagui,22443,MW_置底_manhuagui,antifroud,,,"46,109","46,109",53,"46,056",10,43,43,0,0,100.00%,0.11%,0.02%,0.09%,0.09%,0.00%,0.00%
20260127,01,艾得基客行銷顧問股份有限公司,3752,ＭoneyDJ,22515,MW_300x250 BANNER_MoneyDJ,antifroud,知名媒體,,12,12,0,12,0,0,0,0,0,100.00%,0.00%,0.00%,0.00%,0.00%,0.00%,0.00%
20260127,01,李承翰-webptt,718,Web批踢踢(RWD),2284,MW-蓋板_文中_Web批踢踢,antifroud,,,20,20,0,20,0,0,0,0,0,100.00%,0.00%,0.00%,0.00%,0.00%,0.00%,0.00%
20260127,01,麥智維,999,動漫戲說,3543,CF-728*90-內文上方-動漫戲說,antifroud,,,502,502,0,502,0,0,0,0,0,100.00%,0.00%,0.00%,0.00%,0.00%,0.00%,0.00%
20260127,01,肖偉彬,1287,紅櫻桃小說書庫,4678,CF-內文上方-300*250-紅櫻桃小說書庫,,,,32,32,0,32,0,0,0,0,0,100.00%,0.00%,0.00%,0.00%,0.00%,0.00%,0.00%
20260127,01,肖偉彬,1286,龍騰世紀書庫,4716,CF-內文中間-300*250-龍騰世紀書庫,,,,6,6,0,6,0,0,0,0,0,100.00%,0.00%,0.00%,0.00%,0.00%,0.00%,0.00%
20260127,01,技達創意資訊有限公司,1299,泰好網,4733,CF-300*250-內文下方-泰好網,,,,12,12,0,12,0,0,0,0,0,100.00%,0.00%,0.00%,0.00%,0.00%,0.00%,0.00%
20260127,01,技達創意資訊有限公司,1299,泰好網,4734,MW-320*100-首頁、內文上方-泰好網,,,,12,12,0,12,0,0,0,0,0,100.00%,0.00%,0.00%,0.00%,0.00%,0.00%,0.00%
20260127,01,陈晋福,1367,電視超人,4997,CF-300X250-電視超人,,,,21,21,0,21,0,0,0,0,0,100.00%,0.00%,0.00%,0.00%,0.00%,0.00%,0.00%
20260127,01,麥智維,999,動漫戲說,6069,CF-300*250-首頁-動漫戲說,,,,20,20,0,20,0,0,0,0,0,100.00%,0.00%,0.00%,0.00%,0.00%,0.00%,0.00%
20260127,01,台灣時報社股份有限公司,1665,台灣時報電子報,6263,CF-300X600-右側通欄-台灣時報電子報,,,,6,6,6,0,0,6,6,0,0,100.00%,100.00%,0.00%,100.00%,100.00%,0.00%,0.00%
20260127,01,莊博凱,1676,夢遊電玩-exchange,6310,CF-160*600-網頁右側-夢遊電玩-exchange,,,,6,6,0,6,0,0,0,0,0,100.00%,0.00%,0.00%,0.00%,0.00%,0.00%,0.00%
20260127,01,巧克科技新媒體股份有限公司,2127,LINE TV_Banner-exchange,8576,CF_336x280_戲劇-右側好康資訊下方_LINE TV-exchange,,知名媒體,,20,20,0,20,0,0,0,0,0,100.00%,0.00%,0.00%,0.00%,0.00%,0.00%,0.00%
20260127,01,巧克科技新媒體股份有限公司,2127,LINE TV_Banner-exchange,8577,CF_336x280_戲劇-右側好康資訊上方_LINE TV-exchange,,知名媒體,,45,45,0,45,0,0,0,0,0,100.00%,0.00%,0.00%,0.00%,0.00%,0.00%,0.00%
20260127,01,冰楓科技有限公司,1711,冰楓短網址,9308,ＭＷ-300X250-跳轉頁下方-冰楓短網址,,,,6,6,0,6,0,0,0,0,0,100.00%,0.00%,0.00%,0.00%,0.00%,0.00%,0.00%
20260127,01,冰楓科技有限公司,2289,BFFile,9576,CF-300X600-下載頁上方-BFFile,,,,12,12,0,12,0,0,0,0,0,100.00%,0.00%,0.00%,0.00%,0.00%,0.00%,0.00%
20260127,02,英屬維京群島商浩美數位有限公司台灣分公司,2315,Teepr亮新聞-exchange,10012,CF_336x280Banner_Teepr亮新聞-exchange,,知名媒體,,6,6,4,2,2,2,2,0,0,100.00%,66.67%,33.33%,33.33%,33.33%,0.00%,0.00%
20260127,02,昱得資訊工作室,2528,數位書香,11080,CF_728x90_首頁上方_數位書香,antifroud,,,36,36,0,36,0,0,0,0,0,100.00%,0.00%,0.00%,0.00%,0.00%,0.00%,0.00%
20260127,02,昱得資訊工作室,2528,數位書香,11081,CF_160x600_首頁右側_數位書香,antifroud,,,878,878,0,878,0,0,0,0,0,100.00%,0.00%,0.00%,0.00%,0.00%,0.00%,0.00%
20260127,02,第一網站股份有限公司,2518,麻辣家族討論區(twbts),11082,CF-728X90-twbts,antifroud,,,"2,151","2,151",0,"2,151",0,0,0,0,0,100.00%,0.00%,0.00%,0.00%,0.00%,0.00%,0.00%
20260127,02,第一網站股份有限公司,2540,risu短網址,11260,MW-300X250-MB_page_left-risu,,知名媒體,,111,111,0,111,0,0,0,0,0,100.00%,0.00%,0.00%,0.00%,0.00%,0.00%,0.00%
20260127,02,第一網站股份有限公司,2492,ttshow,11273,MW-300X250-ttshow,,知名媒體,,26,26,9,17,0,9,9,0,0,100.00%,34.62%,0.00%,34.62%,34.62%,0.00%,0.00%
20260127,02,第一網站股份有限公司,2601,Meme梗圖倉庫,11443,CF-336X280-meme,,,,305,305,6,299,6,0,0,0,0,100.00%,1.97%,1.97%,0.00%,0.00%,0.00%,0.00%
20260127,02,第一網站股份有限公司,2540,risu短網址,11978,MW_變形蓋版_risu短網址,,知名媒體,,24,24,0,24,0,0,0,0,0,100.00%,0.00%,0.00%,0.00%,0.00%,0.00%,0.00%
20260127,02,第一網站股份有限公司,2540,risu短網址,11979,MW_置底創意_risu短網址(IOS),,知名媒體,,31,31,0,31,0,0,0,0,0,100.00%,0.00%,0.00%,0.00%,0.00%,0.00%,0.00%
20260127,02,艾得基客行銷顧問股份有限公司,2578,鉅亨網,12070,MW_320x480_文中創意_鉅亨網,,知名媒體,,734,734,6,728,0,6,6,0,0,100.00%,0.82%,0.00%,0.82%,0.82%,0.00%,0.00%
20260127,02,第一網站股份有限公司,2540,risu短網址,12496,CF_300x250_popup(直播) _risu短網址,antifroud,知名媒體,,42,42,0,42,0,0,0,0,0,100.00%,0.00%,0.00%,0.00%,0.00%,0.00%,0.00%
20260127,02,時報資訊股份有限公司,2770,中時電子報_HB,12560,CF_336x280_文中看板_中時電子報_HB,,知名媒體,,6,6,1,5,0,1,1,0,0,100.00%,16.67%,0.00%,16.67%,16.67%,0.00%,0.00%
20260127,02,時報資訊股份有限公司,2770,中時電子報_HB,12561,MW_300x250_內頁TOP Banner_中時電子報_HB,antifroud,知名媒體,,422,422,4,418,4,0,0,0,0,100.00%,0.95%,0.95%,0.00%,0.00%,0.00%,0.00%
20260127,02,第一網站股份有限公司,2768,czbooks,12570,CF_728x90_banner_czbooks,,,,"2,783","2,783",0,"2,783",0,0,0,0,0,100.00%,0.00%,0.00%,0.00%,0.00%,0.00%,0.00%
20260127,02,第一網站股份有限公司,2768,czbooks,12571,CF-300x600_Banner_czbooks,,,,266,266,0,266,0,0,0,0,0,100.00%,0.00%,0.00%,0.00%,0.00%,0.00%,0.00%
20260127,02,鳳梨傳媒股份有限公司,2190,民視新聞網-Exchange,12579,CF_300x250_右側第一塊_民視新聞網-Exchange(RWD)(MCM),,知名媒體,,30,30,2,28,0,2,2,0,0,100.00%,6.67%,0.00%,6.67%,6.67%,0.00%,0.00%
20260127,02,鳳梨傳媒股份有限公司,2190,民視新聞網-Exchange,12580,CF_300x250_內文文中左側_民視新聞網-Exchange(RWD)(MCM),,知名媒體,,30,30,5,25,0,5,5,0,0,100.00%,16.67%,0.00%,16.67%,16.67%,0.00%,0.00%
20260127,02,第一網站股份有限公司,2783,漫畫櫃manhuagui,12676,CF_728X90_manhuagui,antifroud,,,"28,125","28,125",137,"27,988",66,71,71,0,0,100.00%,0.49%,0.23%,0.25%,0.25%,0.00%,0.00%
20260127,02,第一網站股份有限公司,2801,damanwoo,12868,CF-300x250_Banner_damanwoo_大人物,,,,6,6,0,6,0,0,0,0,0,100.00%,0.00%,0.00%,0.00%,0.00%,0.00%,0.00%
20260127,02,第一網站股份有限公司,2820,星座好朋友(horofriend88),12966,MW_320x100_horofriend88,antifroud,,,12,12,0,12,0,0,0,0,0,100.00%,0.00%,0.00%,0.00%,0.00%,0.00%,0.00%
20260127,02,第一網站股份有限公司,2862,Manhuaren,13254,MW_320x100_banner_manhuaren,,,,6,6,0,6,0,0,0,0,0,100.00%,0.00%,0.00%,0.00%,0.00%,0.00%,0.00%
20260127,02,譚謹恩,2885,Mr. & Mrs. Diary-exchange,13406,MW_300x250_內文文中-Mr. & Mrs. Diary-exchange,,,,6,6,0,6,0,0,0,0,0,100.00%,0.00%,0.00%,0.00%,0.00%,0.00%,0.00%
20260127,02,曾憲敏,202,85小說網,13445,MW_336X280_全量1_85小說網,,,,42,42,2,40,2,0,0,0,0,100.00%,4.76%,4.76%,0.00%,0.00%,0.00%,0.00%
20260127,02,曾憲敏,202,85小說網,13446,MW_336X280_全量2_85小說網,,,,410,410,0,410,0,0,0,0,0,100.00%,0.00%,0.00%,0.00%,0.00%,0.00%,0.00%
20260127,02,第一網站股份有限公司,2910,clickme,13549,CF_300x250_banner_clickme(一般),,,,"1,470","1,470",13,"1,457",9,4,4,0,0,100.00%,0.88%,0.61%,0.27%,0.27%,0.00%,0.00%
20260127,02,第一網站股份有限公司,2768,czbooks,14036,MW_320x480_CZBOOKS,antifroud,,,221,221,0,221,0,0,0,0,0,100.00%,0.00%,0.00%,0.00%,0.00%,0.00%,0.00%
20260127,02,陳人鳳,480,飛格寵物家族_PC,1407,CF-728X90_上方通欄_飛格寵物家族,,,,25,25,7,18,0,7,7,0,0,100.00%,28.00%,0.00%,28.00%,28.00%,0.00%,0.00%
20260127,02,陳人鳳,480,飛格寵物家族_PC,1408,CF-300X250_內文_飛格寵物家族,,,,51,51,18,33,0,18,18,0,0,100.00%,35.29%,0.00%,35.29%,35.29%,0.00%,0.00%
20260127,02,闇碼科技股份有限公司,3048,縮短網址產生器-reurl,14210,MW_文中創意300x250_縮短網址產生器-reurl,,知名媒體,,"4,296","4,296","4,244",52,"4,233",11,11,0,0,100.00%,98.79%,98.53%,0.26%,0.26%,0.00%,0.00%
20260127,02,富盈數據股份有限公司,3059,塔科女子,14258,CF_336x280_全網_塔科女子,,知名媒體,,101,101,0,101,0,0,0,0,0,100.00%,0.00%,0.00%,0.00%,0.00%,0.00%,0.00%
20260127,02,CBROOT LTD,3003,包子漫畫-exchange,14291,MW_300x250_蓋板(PB)_包子漫畫,,,,"2,233","2,233",31,"2,202",20,11,11,0,0,100.00%,1.39%,0.90%,0.49%,0.49%,0.00%,0.00%
20260127,02,朱光宁,3268,稷下書院-mobile,14737,MW_置底創意(非展開)_稷下書院-mobile,,,,14,14,0,14,0,0,0,0,0,100.00%,0.00%,0.00%,0.00%,0.00%,0.00%,0.00%
20260127,02,朱光宁,3149,稷下書院-exchange,14748,MW_320x100_置底(PB)_稷下書院,,,,"14,690","14,689",83,"14,606",38,45,45,0,0,99.99%,0.57%,0.26%,0.31%,0.31%,0.00%,0.00%
20260127,02,曾憲敏,3327,85小說網_創意,15228,MW-創意-85小說網,,,,82,82,0,82,0,0,0,0,0,100.00%,0.00%,0.00%,0.00%,0.00%,0.00%,0.00%
20260127,02,CBROOT LTD,3352,西瓜卡通-exchange,15969,CF_728x90_影音內容_西瓜卡通-exchange,,,,24,24,0,24,0,0,0,0,0,100.00%,0.00%,0.00%,0.00%,0.00%,0.00%,0.00%
20260127,02,CBROOT LTD,3352,西瓜卡通-exchange,15970,CF_160x600_影音內容_西瓜卡通-exchange,,,,334,334,0,334,0,0,0,0,0,100.00%,0.00%,0.00%,0.00%,0.00%,0.00%,0.00%
20260127,02,朱光宁,3360,提莫書屋-exchange,16957,MW_336x280banner_提莫書屋_exchange,,,,"8,447","8,447",53,"8,394",36,17,17,0,0,100.00%,0.63%,0.43%,0.20%,0.20%,0.00%,0.00%
20260127,02,朱光宁,3361,提莫書屋-mobile,16958,MW_置底創意_提莫書屋-mobile,,,,18,18,0,18,0,0,0,0,0,100.00%,0.00%,0.00%,0.00%,0.00%,0.00%,0.00%
20260127,02,朱光宁,3361,提莫書屋-mobile,16959,MW_320x480_文中創意_提莫書屋-mobile,,,,12,12,0,12,0,0,0,0,0,100.00%,0.00%,0.00%,0.00%,0.00%,0.00%,0.00%
20260127,02,欣發現股份有限公司,3365,Hami任務牆-mobile,16969,MW_置底創意_Hami任務牆,,知名媒體,,6,6,0,6,0,0,0,0,0,100.00%,0.00%,0.00%,0.00%,0.00%,0.00%,0.00%
20260127,02,欣發現股份有限公司,3364,女子學-mobile,16972,MW_置底創意_女子學,antifroud,,,30,30,0,30,0,0,0,0,0,100.00%,0.00%,0.00%,0.00%,0.00%,0.00%,0.00%
20260127,02,第一網站股份有限公司,2783,漫畫櫃manhuagui,17027,MW_320x480_蓋版_漫畫櫃manhuagui,,,,"4,455","4,455",6,"4,449",0,6,6,0,0,100.00%,0.13%,0.00%,0.13%,0.13%,0.00%,0.00%
20260127,02,詠勝科技有限公司,3385,Mobile01_HB,17175,CF_970x90_橫幅Banner_Mobile01_HB,,知名媒體,,142,142,21,121,6,15,15,0,0,100.00%,14.79%,4.23%,10.56%,10.56%,0.00%,0.00%
20260127,02,詠勝科技有限公司,3385,Mobile01_HB,17176,CF_728x90_內頁橫幅Banner_7F_Mobile01_HB,,知名媒體,,8,8,4,4,4,0,0,0,0,100.00%,50.00%,50.00%,0.00%,0.00%,0.00%,0.00%
20260127,02,詠勝科技有限公司,3385,Mobile01_HB,17179,CF_300x250_熱門大看板_Mobile01_HB,,知名媒體,,168,168,20,148,6,14,14,0,0,100.00%,11.90%,3.57%,8.33%,8.33%,0.00%,0.00%
20260127,02,詠勝科技有限公司,3385,Mobile01_HB,17180,CF_300x250_置底看板左_Mobile01_HB,,知名媒體,,54,54,7,47,6,1,1,0,0,100.00%,12.96%,11.11%,1.85%,1.85%,0.00%,0.00%
20260127,02,詠勝科技有限公司,3385,Mobile01_HB,17181,CF_300x250_置底看板中_Mobile01_HB,,知名媒體,,48,48,6,42,6,0,0,0,0,100.00%,12.50%,12.50%,0.00%,0.00%,0.00%,0.00%
20260127,02,詠勝科技有限公司,3385,Mobile01_HB,17183,CF_300x600_大摩天_Mobile01_HB,,知名媒體,,56,56,9,47,8,1,1,0,0,100.00%,16.07%,14.29%,1.79%,1.79%,0.00%,0.00%
20260127,02,詠勝科技有限公司,3385,Mobile01_HB,17204,MW_300x250_文中Banner(interscroller)_Mobile01_HB,,知名媒體,,80,80,0,80,0,0,0,0,0,100.00%,0.00%,0.00%,0.00%,0.00%,0.00%,0.00%
20260127,02,朱光宁,3268,稷下書院-mobile,17207,MW_320x480_蓋版_稷下書院-mobile,,,,"9,306","9,306",26,"9,280",5,21,21,0,0,100.00%,0.28%,0.05%,0.23%,0.23%,0.00%,0.00%
20260127,02,艾得基客行銷顧問股份有限公司,3391,UDN聯合新聞網,17236,MW_置底創意_UDN聯合新聞,,知名媒體,,128,128,0,128,0,0,0,0,0,100.00%,0.00%,0.00%,0.00%,0.00%,0.00%,0.00%
20260127,02,李立娟,3395,vivi0視頻-exchange,17293,CF_336x280_Banner_vivi01視頻-exchange,antifroud,,,"17,407","17,407",58,"17,349",36,22,22,0,0,100.00%,0.33%,0.21%,0.13%,0.13%,0.00%,0.00%
20260127,02,李立娟,3395,vivi0視頻-exchange,17294,MW_336x280_Banner_vivi01視頻-exchange,antifroud,,,"19,139","19,139",66,"19,073",38,28,28,0,0,100.00%,0.34%,0.20%,0.15%,0.15%,0.00%,0.00%
20260127,02,李立娟,3395,vivi0視頻-exchange,17299,MW_300x250_蓋板(PB)-vivi01視頻-exchange,,,,6,6,0,6,0,0,0,0,0,100.00%,0.00%,0.00%,0.00%,0.00%,0.00%,0.00%
20260127,02,李立娟,3395,vivi0視頻-exchange,17300,MW_320x100_置底(PB)_vivi01視頻-exchange,antifroud,,,"27,229","27,229",30,"27,199",8,22,22,0,0,100.00%,0.11%,0.03%,0.08%,0.08%,0.00%,0.00%
20260127,02,曾憲敏,601,85小說網_PC,1773,CF-300x250_85小說網_內文1,,,,6,6,0,6,0,0,0,0,0,100.00%,0.00%,0.00%,0.00%,0.00%,0.00%,0.00%
20260127,02,李立娟,3396,趣聞圖說-Mobile,17923,MW_置底創意(展開)_趣聞圖說-Mobile,,,,6,6,0,6,0,0,0,0,0,100.00%,0.00%,0.00%,0.00%,0.00%,0.00%,0.00%
20260127,02,第一網站股份有限公司,2768,czbooks,17927,MW_置底創意_czbook,,,,"5,763","5,763",7,"5,756",4,3,3,0,0,100.00%,0.12%,0.07%,0.05%,0.05%,0.00%,0.00%
20260127,02,時報資訊股份有限公司_工商時報,3427,工商時報-exchange,18014,MW_300x250_文末Banner1_工商時報-exchange,,知名媒體,,6,6,0,6,0,0,0,0,0,100.00%,0.00%,0.00%,0.00%,0.00%,0.00%,0.00%
20260127,02,時報資訊股份有限公司_工商時報,3427,工商時報-exchange,18015,MW_300x250_文末Banner2_工商時報-exchange,,知名媒體,,68,68,0,68,0,0,0,0,0,100.00%,0.00%,0.00%,0.00%,0.00%,0.00%,0.00%
20260127,02,第一網站股份有限公司,3440,fsa_passback_first,18201,CF_336x280_fsa_passback_first,,,,"1,948","1,948",19,"1,929",0,19,19,0,0,100.00%,0.98%,0.00%,0.98%,0.98%,0.00%,0.00%
20260127,02,第一網站股份有限公司,3440,fsa_passback_first,18202,CF_300x250_fsa_passback_first,,,,"2,766","2,766",840,"1,926",145,695,695,0,0,100.00%,30.37%,5.24%,25.13%,25.13%,0.00%,0.00%
20260127,02,朱光宁,3268,稷下書院-mobile,18297,MW_置底創意(展開)_稷下書院-mobile,,,,283,283,0,283,0,0,0,0,0,100.00%,0.00%,0.00%,0.00%,0.00%,0.00%,0.00%
20260127,02,冰楓科技有限公司,3485,冰楓論壇-exchange,18487,CF_970x90_內文上方第一塊_冰楓論壇-exchange,,,,296,296,29,267,19,10,10,0,0,100.00%,9.80%,6.42%,3.38%,3.38%,0.00%,0.00%
20260127,02,冰楓科技有限公司,3485,冰楓論壇-exchange,18488,MW_320x100_內文上方第一塊_ 冰楓論壇-exchange,antifroud,,,50,50,0,50,0,0,0,0,0,100.00%,0.00%,0.00%,0.00%,0.00%,0.00%,0.00%
20260127,02,冰楓科技有限公司,3485,冰楓論壇-exchange,18492,MW_300x250_Banner_ 冰楓論壇-exchange,,,,138,138,6,132,4,2,2,0,0,100.00%,4.35%,2.90%,1.45%,1.45%,0.00%,0.00%
20260127,02,CBROOT LTD,3492,包子漫畫(特開流量)-exchange,18557,CF_300x600_指定流量_包子漫畫(特開流量PB)-exchange,,,,186,186,3,183,0,3,3,0,0,100.00%,1.61%,0.00%,1.61%,1.61%,0.00%,0.00%
20260127,02,CBROOT LTD,3510,包子漫畫_twmanga-exchange,18737,CF_970x90_Banner_ 包子漫畫_twmanga-exchange,,,,108,108,0,108,0,0,0,0,0,100.00%,0.00%,0.00%,0.00%,0.00%,0.00%,0.00%
20260127,02,舒禾驊,3535,荷花動漫筆記,18887,CF_336x280_文章頁文中_荷花動漫筆記,,,,6,6,0,6,0,0,0,0,0,100.00%,0.00%,0.00%,0.00%,0.00%,0.00%,0.00%
20260127,02,台灣英文新聞股份有限公司,3537,台灣英文新聞(new)-exchange,18924,CF_300x250_內容頁_右側看版_1_台灣英文新聞(new)-exchange,,知名媒體,,12,12,10,2,10,0,0,0,0,100.00%,83.33%,83.33%,0.00%,0.00%,0.00%,0.00%
20260127,02,第一網站股份有限公司,2783,漫畫櫃manhuagui,20685,MW_300X250_manhuagui,antifroud,,,"13,998","13,998",125,"13,873",111,14,14,0,0,100.00%,0.89%,0.79%,0.10%,0.10%,0.00%,0.00%
20260127,02,德榕企業有限公司,3578,TW Bodhi_mobile,20707,MW_置底創意_TW Bodhi,,,,12,12,0,12,0,0,0,0,0,100.00%,0.00%,0.00%,0.00%,0.00%,0.00%,0.00%
20260127,02,德榕企業有限公司,3578,TW Bodhi_mobile,20708,MW_蓋板_TW Bodhi,,,,30,30,0,30,0,0,0,0,0,100.00%,0.00%,0.00%,0.00%,0.00%,0.00%,0.00%
20260127,02,德榕企業有限公司,3581,忘憂書屋,20727,CF_336x280文章頁(RWD)_忘憂書屋,,,,12,12,0,12,0,0,0,0,0,100.00%,0.00%,0.00%,0.00%,0.00%,0.00%,0.00%
20260127,02,德榕企業有限公司,3582,忘憂書屋_mobile,20729,MW_蓋板_忘憂書屋,,,,18,18,0,18,0,0,0,0,0,100.00%,0.00%,0.00%,0.00%,0.00%,0.00%,0.00%
20260127,02,第一網站股份有限公司,2916,KiKiNote,20731,CF_300x250_banner_kikinote (PB),,知名媒體,,30,30,0,30,0,0,0,0,0,100.00%,0.00%,0.00%,0.00%,0.00%,0.00%,0.00%
20260127,02,第一網站股份有限公司,2768,czbooks,21412,(子)CF_970x250_banner_czbooks(限時段)-PB,,,子聯播網,"2,907","2,907",0,"2,907",0,0,0,0,0,100.00%,0.00%,0.00%,0.00%,0.00%,0.00%,0.00%
20260127,02,第一網站股份有限公司,3440,fsa_passback_first,21699,CF_336x280_fsa_passback_first,,,,565,565,17,548,0,17,17,0,0,100.00%,3.01%,0.00%,3.01%,3.01%,0.00%,0.00%
20260127,02,富盈數據股份有限公司,3653,TVBS-女人我最大_HB,21761,MW_文章四_336x280_TVBS-女人我最大_HB,,知名媒體,,60,60,0,60,0,0,0,0,0,100.00%,0.00%,0.00%,0.00%,0.00%,0.00%,0.00%
20260127,02,富盈數據股份有限公司,3653,TVBS-女人我最大_HB,21762,MW_文章置底_320x100_TVBS-女人我最大_HB,,知名媒體,,6,6,0,6,0,0,0,0,0,100.00%,0.00%,0.00%,0.00%,0.00%,0.00%,0.00%
20260127,02,富盈數據股份有限公司,3653,TVBS-女人我最大_HB,21763,MW_文中創意320x480_TVBS-女人我最大_HB,,知名媒體,,24,24,0,24,0,0,0,0,0,100.00%,0.00%,0.00%,0.00%,0.00%,0.00%,0.00%
20260127,02,富盈數據股份有限公司,3654,TVBS-健康2.0_HB,21765,MW_文章三_336x280_TVBS-健康2.0_HB,,知名媒體,,52,52,0,52,0,0,0,0,0,100.00%,0.00%,0.00%,0.00%,0.00%,0.00%,0.00%
20260127,02,富盈數據股份有限公司,3654,TVBS-健康2.0_HB,21768,MW_文中創意320x480_TVBS-健康2.0_HB,,知名媒體,,42,42,0,42,0,0,0,0,0,100.00%,0.00%,0.00%,0.00%,0.00%,0.00%,0.00%
20260127,02,富盈數據股份有限公司,3655,TVBS-食尚玩家_HB,21773,MW_文中創意320x480_TVBS-食尚玩家_HB,,知名媒體,,6,6,0,6,0,0,0,0,0,100.00%,0.00%,0.00%,0.00%,0.00%,0.00%,0.00%
20260127,02,富盈數據股份有限公司,3654,TVBS-健康2.0_HB,21812,MW_文章一_336x280_TVBS-健康2.0_HB,,知名媒體,,46,46,0,46,0,0,0,0,0,100.00%,0.00%,0.00%,0.00%,0.00%,0.00%,0.00%
20260127,02,儂儂雜誌社股份有限公司(bella儂儂),2135,Bella儂儂_2024,21876,MW-300x250_文章標題上方1_Bella儂儂,,知名媒體,,18,18,0,18,0,0,0,0,0,100.00%,0.00%,0.00%,0.00%,0.00%,0.00%,0.00%
20260127,02,富盈數據股份有限公司,3680,TVBS-新聞網_HB,21899,MW_文章一_336x280_TVBS-新聞網_HB,,知名媒體,,"2,719","2,719",2,"2,717",0,2,2,0,0,100.00%,0.07%,0.00%,0.07%,0.07%,0.00%,0.00%
20260127,02,富盈數據股份有限公司,3680,TVBS-新聞網_HB,21902,MW_文章置底_320x100_TVBS-新聞網_HB,,知名媒體,,"3,046","3,046",12,"3,034",4,8,8,0,0,100.00%,0.39%,0.13%,0.26%,0.26%,0.00%,0.00%
20260127,02,富盈數據股份有限公司,3685,玩桌遊_mobile,21924,MW_置底創意(非展開)_玩桌遊-mobile,,,,126,126,0,126,0,0,0,0,0,100.00%,0.00%,0.00%,0.00%,0.00%,0.00%,0.00%
20260127,02,富盈數據股份有限公司,2615,熱血台中,21986,CF_336x280_全網_熱血台中,,,,30,30,0,30,0,0,0,0,0,100.00%,0.00%,0.00%,0.00%,0.00%,0.00%,0.00%
20260127,02,富盈數據股份有限公司,2615,熱血台中,21987,CF_336x280_全網_熱血台中,,,,110,110,0,110,0,0,0,0,0,100.00%,0.00%,0.00%,0.00%,0.00%,0.00%,0.00%
20260127,02,富盈數據股份有限公司,3704,天天要聞,22030,CF_300 x 250 banner_天天要聞_cpc2,,,,500,500,0,500,0,0,0,0,0,100.00%,0.00%,0.00%,0.00%,0.00%,0.00%,0.00%
20260127,02,富盈數據股份有限公司,3703,繁體小說,22031,CF_300 x 250 banner_繁體小說_cpc2,,,,163,163,0,163,0,0,0,0,0,100.00%,0.00%,0.00%,0.00%,0.00%,0.00%,0.00%
20260127,02,冰楓科技有限公司,3485,冰楓論壇-exchange,22160,CF_300x250_Banner2_ 冰楓論壇-exchange,,,,6,6,6,0,4,2,2,0,0,100.00%,100.00%,66.67%,33.33%,33.33%,0.00%,0.00%
20260127,02,闇碼科技股份有限公司,3048,縮短網址產生器-reurl,22213,MW_蓋版_縮短網址產生器-reurl-2025.05(特殊供量),,知名媒體,,"4,278","4,278","4,241",37,"4,230",11,11,0,0,100.00%,99.14%,98.88%,0.26%,0.26%,0.00%,0.00%
20260127,02,欣發現股份有限公司,3363,大人物-mobile,22222,MW_蓋板_大人物,,知名媒體,,18,18,2,16,0,2,2,0,0,100.00%,11.11%,0.00%,11.11%,11.11%,0.00%,0.00%
20260127,02,朱光宁,3741,石頭小說3,22396,MW_置底_石頭小說3,,,,154,154,0,154,0,0,0,0,0,100.00%,0.00%,0.00%,0.00%,0.00%,0.00%,0.00%
20260127,02,朱光宁,3741,石頭小說3,22398,CF_336 x 280 banner_石頭小說3_cpc1.67,,,,"1,975","1,975",8,"1,967",0,8,8,0,0,100.00%,0.41%,0.00%,0.41%,0.41%,0.00%,0.00%
20260127,02,朱光宁,3741,石頭小說3,22399,CF_320 x 480 橫幅_石頭小說3,,,,37,37,0,37,0,0,0,0,0,100.00%,0.00%,0.00%,0.00%,0.00%,0.00%,0.00%
20260127,02,闇碼科技股份有限公司,3068,限時圖片-imgus,22406,MW_置底_imgus,antifroud,,,54,54,0,54,0,0,0,0,0,100.00%,0.00%,0.00%,0.00%,0.00%,0.00%,0.00%
20260127,02,第一網站股份有限公司,2783,漫畫櫃manhuagui,22443,MW_置底_manhuagui,antifroud,,,"36,209","36,209",26,"36,183",0,26,26,0,0,100.00%,0.07%,0.00%,0.07%,0.07%,0.00%,0.00%
20260127,02,李承翰-webptt,718,Web批踢踢(RWD),2284,MW-蓋板_文中_Web批踢踢,antifroud,,,44,44,3,41,3,0,0,0,0,100.00%,6.82%,6.82%,0.00%,0.00%,0.00%,0.00%
20260127,02,李承翰-webptt,718,Web批踢踢(RWD),2290,MW-300x250&336x280_第一塊_Web批踢踢(RWD),,,,6,6,0,6,0,0,0,0,0,100.00%,0.00%,0.00%,0.00%,0.00%,0.00%,0.00%
20260127,02,麥智維,999,動漫戲說,3543,CF-728*90-內文上方-動漫戲說,antifroud,,,331,331,0,331,0,0,0,0,0,100.00%,0.00%,0.00%,0.00%,0.00%,0.00%,0.00%
20260127,02,蔡建磊,1269,跑跑資訊站,4622,CF-300X250-內文右側-跑跑資訊站,,,,12,12,2,10,0,2,2,0,0,100.00%,16.67%,0.00%,16.67%,16.67%,0.00%,0.00%
20260127,02,肖偉彬,1287,紅櫻桃小說書庫,4678,CF-內文上方-300*250-紅櫻桃小說書庫,,,,21,21,0,21,0,0,0,0,0,100.00%,0.00%,0.00%,0.00%,0.00%,0.00%,0.00%
20260127,02,肖偉彬,1286,龍騰世紀書庫,4716,CF-內文中間-300*250-龍騰世紀書庫,,,,6,6,0,6,0,0,0,0,0,100.00%,0.00%,0.00%,0.00%,0.00%,0.00%,0.00%
20260127,02,肖偉彬,1287,紅櫻桃小說書庫,4717,MW_文中創意300x250_紅櫻桃小說書庫,,,,12,12,0,12,0,0,0,0,0,100.00%,0.00%,0.00%,0.00%,0.00%,0.00%,0.00%
20260127,02,技達創意資訊有限公司,1299,泰好網,4734,MW-320*100-首頁、內文上方-泰好網,,,,6,6,0,6,0,0,0,0,0,100.00%,0.00%,0.00%,0.00%,0.00%,0.00%,0.00%
20260127,02,陈晋福,1367,電視超人,4997,CF-300X250-電視超人,,,,6,6,0,6,0,0,0,0,0,100.00%,0.00%,0.00%,0.00%,0.00%,0.00%,0.00%
20260127,02,麥智維,999,動漫戲說,6069,CF-300*250-首頁-動漫戲說,,,,26,26,0,26,0,0,0,0,0,100.00%,0.00%,0.00%,0.00%,0.00%,0.00%,0.00%
20260127,02,巧克科技新媒體股份有限公司,2127,LINE TV_Banner-exchange,8577,CF_336x280_戲劇-右側好康資訊上方_LINE TV-exchange,,知名媒體,,6,6,0,6,0,0,0,0,0,100.00%,0.00%,0.00%,0.00%,0.00%,0.00%,0.00%
20260127,03,英屬維京群島商浩美數位有限公司台灣分公司,2315,Teepr亮新聞-exchange,10012,CF_336x280Banner_Teepr亮新聞-exchange,,知名媒體,,18,18,12,6,6,6,6,0,0,100.00%,66.67%,33.33%,33.33%,33.33%,0.00%,0.00%
20260127,03,昱得資訊工作室,2528,數位書香,11080,CF_728x90_首頁上方_數位書香,antifroud,,,42,42,0,42,0,0,0,0,0,100.00%,0.00%,0.00%,0.00%,0.00%,0.00%,0.00%
20260127,03,昱得資訊工作室,2528,數位書香,11081,CF_160x600_首頁右側_數位書香,antifroud,,,847,847,0,847,0,0,0,0,0,100.00%,0.00%,0.00%,0.00%,0.00%,0.00%,0.00%
20260127,03,第一網站股份有限公司,2518,麻辣家族討論區(twbts),11082,CF-728X90-twbts,antifroud,,,"2,363","2,363",0,"2,363",0,0,0,0,0,100.00%,0.00%,0.00%,0.00%,0.00%,0.00%,0.00%
20260127,03,第一網站股份有限公司,2540,risu短網址,11260,MW-300X250-MB_page_left-risu,,知名媒體,,6,6,0,6,0,0,0,0,0,100.00%,0.00%,0.00%,0.00%,0.00%,0.00%,0.00%
20260127,03,第一網站股份有限公司,2492,ttshow,11273,MW-300X250-ttshow,,知名媒體,,6,6,0,6,0,0,0,0,0,100.00%,0.00%,0.00%,0.00%,0.00%,0.00%,0.00%
20260127,03,第一網站股份有限公司,2601,Meme梗圖倉庫,11443,CF-336X280-meme,,,,365,365,6,359,6,0,0,0,0,100.00%,1.64%,1.64%,0.00%,0.00%,0.00%,0.00%
20260127,03,艾得基客行銷顧問股份有限公司,2578,鉅亨網,12070,MW_320x480_文中創意_鉅亨網,,知名媒體,,362,362,2,360,0,2,2,0,0,100.00%,0.55%,0.00%,0.55%,0.55%,0.00%,0.00%
20260127,03,時報資訊股份有限公司,2770,中時電子報_HB,12559,CF_300x250_右側互動看版_中時電子報_HB,,知名媒體,,12,12,1,11,0,1,1,0,0,100.00%,8.33%,0.00%,8.33%,8.33%,0.00%,0.00%
20260127,03,時報資訊股份有限公司,2770,中時電子報_HB,12561,MW_300x250_內頁TOP Banner_中時電子報_HB,antifroud,知名媒體,,266,266,0,266,0,0,0,0,0,100.00%,0.00%,0.00%,0.00%,0.00%,0.00%,0.00%
20260127,03,第一網站股份有限公司,2768,czbooks,12570,CF_728x90_banner_czbooks,,,,"1,568","1,568",0,"1,568",0,0,0,0,0,100.00%,0.00%,0.00%,0.00%,0.00%,0.00%,0.00%
20260127,03,第一網站股份有限公司,2768,czbooks,12571,CF-300x600_Banner_czbooks,,,,18,18,0,18,0,0,0,0,0,100.00%,0.00%,0.00%,0.00%,0.00%,0.00%,0.00%
20260127,03,鳳梨傳媒股份有限公司,2190,民視新聞網-Exchange,12579,CF_300x250_右側第一塊_民視新聞網-Exchange(RWD)(MCM),,知名媒體,,6,6,0,6,0,0,0,0,0,100.00%,0.00%,0.00%,0.00%,0.00%,0.00%,0.00%
20260127,03,鳳梨傳媒股份有限公司,2190,民視新聞網-Exchange,12580,CF_300x250_內文文中左側_民視新聞網-Exchange(RWD)(MCM),,知名媒體,,12,12,2,10,0,2,2,0,0,100.00%,16.67%,0.00%,16.67%,16.67%,0.00%,0.00%
20260127,03,第一網站股份有限公司,2783,漫畫櫃manhuagui,12676,CF_728X90_manhuagui,antifroud,,,"16,971","16,971",110,"16,861",80,30,30,0,0,100.00%,0.65%,0.47%,0.18%,0.18%,0.00%,0.00%
20260127,03,第一網站股份有限公司,2801,damanwoo,12868,CF-300x250_Banner_damanwoo_大人物,,,,6,6,0,6,0,0,0,0,0,100.00%,0.00%,0.00%,0.00%,0.00%,0.00%,0.00%
20260127,03,第一網站股份有限公司,2820,星座好朋友(horofriend88),12966,MW_320x100_horofriend88,antifroud,,,18,18,0,18,0,0,0,0,0,100.00%,0.00%,0.00%,0.00%,0.00%,0.00%,0.00%
20260127,03,第一網站股份有限公司,2862,Manhuaren,13254,MW_320x100_banner_manhuaren,,,,6,6,0,6,0,0,0,0,0,100.00%,0.00%,0.00%,0.00%,0.00%,0.00%,0.00%
20260127,03,譚謹恩,2885,Mr. & Mrs. Diary-exchange,13405,CF_970x250_內文文中_Mr. & Mrs. Diary-exchange,,,,6,6,0,6,0,0,0,0,0,100.00%,0.00%,0.00%,0.00%,0.00%,0.00%,0.00%
20260127,03,曾憲敏,202,85小說網,13445,MW_336X280_全量1_85小說網,,,,18,18,0,18,0,0,0,0,0,100.00%,0.00%,0.00%,0.00%,0.00%,0.00%,0.00%
20260127,03,曾憲敏,202,85小說網,13446,MW_336X280_全量2_85小說網,,,,204,204,0,204,0,0,0,0,0,100.00%,0.00%,0.00%,0.00%,0.00%,0.00%,0.00%
20260127,03,第一網站股份有限公司,2910,clickme,13549,CF_300x250_banner_clickme(一般),,,,699,699,16,683,16,0,0,0,0,100.00%,2.29%,2.29%,0.00%,0.00%,0.00%,0.00%
20260127,03,第一網站股份有限公司,2768,czbooks,14036,MW_320x480_CZBOOKS,antifroud,,,50,50,0,50,0,0,0,0,0,100.00%,0.00%,0.00%,0.00%,0.00%,0.00%,0.00%
20260127,03,陳人鳳,480,飛格寵物家族_PC,1407,CF-728X90_上方通欄_飛格寵物家族,,,,12,12,3,9,0,3,3,0,0,100.00%,25.00%,0.00%,25.00%,25.00%,0.00%,0.00%
20260127,03,陳人鳳,480,飛格寵物家族_PC,1408,CF-300X250_內文_飛格寵物家族,,,,44,44,11,33,0,11,11,0,0,100.00%,25.00%,0.00%,25.00%,25.00%,0.00%,0.00%
20260127,03,闇碼科技股份有限公司,3048,縮短網址產生器-reurl,14210,MW_文中創意300x250_縮短網址產生器-reurl,,知名媒體,,40,40,8,32,6,2,2,0,0,100.00%,20.00%,15.00%,5.00%,5.00%,0.00%,0.00%
20260127,03,富盈數據股份有限公司,3059,塔科女子,14258,CF_336x280_全網_塔科女子,,知名媒體,,132,132,0,132,0,0,0,0,0,100.00%,0.00%,0.00%,0.00%,0.00%,0.00%,0.00%
20260127,03,CBROOT LTD,3003,包子漫畫-exchange,14291,MW_300x250_蓋板(PB)_包子漫畫,,,,"1,390","1,390",42,"1,348",34,8,8,0,0,100.00%,3.02%,2.45%,0.58%,0.58%,0.00%,0.00%
20260127,03,朱光宁,3149,稷下書院-exchange,14748,MW_320x100_置底(PB)_稷下書院,,,,"9,111","9,111",34,"9,077",16,18,18,0,0,100.00%,0.37%,0.18%,0.20%,0.20%,0.00%,0.00%
20260127,03,曾憲敏,3327,85小說網_創意,15227,MW-300X250_85小說網_隨身影音PB,,,,12,12,0,12,0,0,0,0,0,100.00%,0.00%,0.00%,0.00%,0.00%,0.00%,0.00%
20260127,03,曾憲敏,3327,85小說網_創意,15228,MW-創意-85小說網,,,,92,92,1,91,0,1,1,0,0,100.00%,1.09%,0.00%,1.09%,1.09%,0.00%,0.00%
20260127,03,CBROOT LTD,3352,西瓜卡通-exchange,15969,CF_728x90_影音內容_西瓜卡通-exchange,,,,12,12,0,12,0,0,0,0,0,100.00%,0.00%,0.00%,0.00%,0.00%,0.00%,0.00%
20260127,03,CBROOT LTD,3352,西瓜卡通-exchange,15970,CF_160x600_影音內容_西瓜卡通-exchange,,,,442,442,0,442,0,0,0,0,0,100.00%,0.00%,0.00%,0.00%,0.00%,0.00%,0.00%
20260127,03,朱光宁,3360,提莫書屋-exchange,16957,MW_336x280banner_提莫書屋_exchange,,,,"6,022","6,021",30,"5,991",24,6,6,0,0,99.98%,0.50%,0.40%,0.10%,0.10%,0.00%,0.00%
20260127,03,朱光宁,3361,提莫書屋-mobile,16958,MW_置底創意_提莫書屋-mobile,,,,6,6,0,6,0,0,0,0,0,100.00%,0.00%,0.00%,0.00%,0.00%,0.00%,0.00%
20260127,03,朱光宁,3361,提莫書屋-mobile,16959,MW_320x480_文中創意_提莫書屋-mobile,,,,6,6,0,6,0,0,0,0,0,100.00%,0.00%,0.00%,0.00%,0.00%,0.00%,0.00%
20260127,03,欣發現股份有限公司,3363,大人物-mobile,16973,MW_置底創意_大人物,,知名媒體,,12,12,0,12,0,0,0,0,0,100.00%,0.00%,0.00%,0.00%,0.00%,0.00%,0.00%
20260127,03,第一網站股份有限公司,2783,漫畫櫃manhuagui,17027,MW_320x480_蓋版_漫畫櫃manhuagui,,,,"2,016","2,016",0,"2,016",0,0,0,0,0,100.00%,0.00%,0.00%,0.00%,0.00%,0.00%,0.00%
20260127,03,詠勝科技有限公司,3385,Mobile01_HB,17175,CF_970x90_橫幅Banner_Mobile01_HB,,知名媒體,,54,54,12,42,0,12,12,0,0,100.00%,22.22%,0.00%,22.22%,22.22%,0.00%,0.00%
20260127,03,詠勝科技有限公司,3385,Mobile01_HB,17179,CF_300x250_熱門大看板_Mobile01_HB,,知名媒體,,109,109,16,93,0,16,16,0,0,100.00%,14.68%,0.00%,14.68%,14.68%,0.00%,0.00%
20260127,03,詠勝科技有限公司,3385,Mobile01_HB,17204,MW_300x250_文中Banner(interscroller)_Mobile01_HB,,知名媒體,,6,6,0,6,0,0,0,0,0,100.00%,0.00%,0.00%,0.00%,0.00%,0.00%,0.00%
20260127,03,朱光宁,3268,稷下書院-mobile,17207,MW_320x480_蓋版_稷下書院-mobile,,,,"5,560","5,560",13,"5,547",2,11,11,0,0,100.00%,0.23%,0.04%,0.20%,0.20%,0.00%,0.00%
20260127,03,艾得基客行銷顧問股份有限公司,3391,UDN聯合新聞網,17236,MW_置底創意_UDN聯合新聞,,知名媒體,,88,88,2,86,0,2,2,0,0,100.00%,2.27%,0.00%,2.27%,2.27%,0.00%,0.00%
20260127,03,李立娟,3395,vivi0視頻-exchange,17293,CF_336x280_Banner_vivi01視頻-exchange,antifroud,,,"15,065","15,065",48,"15,017",28,20,20,0,0,100.00%,0.32%,0.19%,0.13%,0.13%,0.00%,0.00%
20260127,03,李立娟,3395,vivi0視頻-exchange,17294,MW_336x280_Banner_vivi01視頻-exchange,antifroud,,,"14,623","14,623",53,"14,570",39,14,14,0,0,100.00%,0.36%,0.27%,0.10%,0.10%,0.00%,0.00%
20260127,03,李立娟,3395,vivi0視頻-exchange,17300,MW_320x100_置底(PB)_vivi01視頻-exchange,antifroud,,,"19,282","19,282",47,"19,235",13,34,34,0,0,100.00%,0.24%,0.07%,0.18%,0.18%,0.00%,0.00%
20260127,03,第一網站股份有限公司,2768,czbooks,17927,MW_置底創意_czbook,,,,"2,731","2,731",1,"2,730",0,1,1,0,0,100.00%,0.04%,0.00%,0.04%,0.04%,0.00%,0.00%
20260127,03,時報資訊股份有限公司_工商時報,3427,工商時報-exchange,18003,CF_300x250_互動看板2_工商時報-exchange,,知名媒體,,36,36,16,20,0,16,16,0,0,100.00%,44.44%,0.00%,44.44%,44.44%,0.00%,0.00%
20260127,03,時報資訊股份有限公司_工商時報,3427,工商時報-exchange,18007,CF_336x280_文末右側看板_工商時報-exchange,,知名媒體,,12,12,8,4,0,8,8,0,0,100.00%,66.67%,0.00%,66.67%,66.67%,0.00%,0.00%
20260127,03,時報資訊股份有限公司_工商時報,3427,工商時報-exchange,18008,CF_336x280_文末左側看板_工商時報-exchange,,知名媒體,,20,20,12,8,0,12,12,0,0,100.00%,60.00%,0.00%,60.00%,60.00%,0.00%,0.00%
20260127,03,時報資訊股份有限公司_工商時報,3427,工商時報-exchange,18015,MW_300x250_文末Banner2_工商時報-exchange,,知名媒體,,12,12,0,12,0,0,0,0,0,100.00%,0.00%,0.00%,0.00%,0.00%,0.00%,0.00%
20260127,03,第一網站股份有限公司,3440,fsa_passback_first,18201,CF_336x280_fsa_passback_first,,,,"1,032","1,032",6,"1,026",0,6,6,0,0,100.00%,0.58%,0.00%,0.58%,0.58%,0.00%,0.00%
20260127,03,第一網站股份有限公司,3440,fsa_passback_first,18202,CF_300x250_fsa_passback_first,,,,"8,573","8,573","3,682","4,891",451,"3,231","3,231",0,0,100.00%,42.95%,5.26%,37.69%,37.69%,0.00%,0.00%
20260127,03,莊博凱,3455,夢遊電玩,18269,300x250 Banner,,,,12,12,0,12,0,0,0,0,0,100.00%,0.00%,0.00%,0.00%,0.00%,0.00%,0.00%
20260127,03,時報資訊股份有限公司_工商時報,3427,工商時報-exchange,18278,CF_336x280_文中-MiddleBillboard_工商時報-exchange,,知名媒體,,26,26,14,12,0,14,14,0,0,100.00%,53.85%,0.00%,53.85%,53.85%,0.00%,0.00%
20260127,03,朱光宁,3268,稷下書院-mobile,18297,MW_置底創意(展開)_稷下書院-mobile,,,,127,127,0,127,0,0,0,0,0,100.00%,0.00%,0.00%,0.00%,0.00%,0.00%,0.00%
20260127,03,冰楓科技有限公司,3485,冰楓論壇-exchange,18487,CF_970x90_內文上方第一塊_冰楓論壇-exchange,,,,212,212,6,206,6,0,0,0,0,100.00%,2.83%,2.83%,0.00%,0.00%,0.00%,0.00%
20260127,03,冰楓科技有限公司,3485,冰楓論壇-exchange,18488,MW_320x100_內文上方第一塊_ 冰楓論壇-exchange,antifroud,,,44,44,0,44,0,0,0,0,0,100.00%,0.00%,0.00%,0.00%,0.00%,0.00%,0.00%
20260127,03,冰楓科技有限公司,3485,冰楓論壇-exchange,18492,MW_300x250_Banner_ 冰楓論壇-exchange,,,,96,96,0,96,0,0,0,0,0,100.00%,0.00%,0.00%,0.00%,0.00%,0.00%,0.00%
20260127,03,闇碼科技股份有限公司,3048,縮短網址產生器-reurl,18535,MW_蓋版_縮短網址產生器-reurl,,知名媒體,,6,6,0,6,0,0,0,0,0,100.00%,0.00%,0.00%,0.00%,0.00%,0.00%,0.00%
20260127,03,CBROOT LTD,3492,包子漫畫(特開流量)-exchange,18557,CF_300x600_指定流量_包子漫畫(特開流量PB)-exchange,,,,106,106,1,105,0,1,1,0,0,100.00%,0.94%,0.00%,0.94%,0.94%,0.00%,0.00%
20260127,03,CBROOT LTD,3510,包子漫畫_twmanga-exchange,18737,CF_970x90_Banner_ 包子漫畫_twmanga-exchange,,,,154,154,1,153,0,1,1,0,0,100.00%,0.65%,0.00%,0.65%,0.65%,0.00%,0.00%
20260127,03,第一網站股份有限公司,2783,漫畫櫃manhuagui,20685,MW_300X250_manhuagui,antifroud,,,"9,128","9,128",38,"9,090",38,0,0,0,0,100.00%,0.42%,0.42%,0.00%,0.00%,0.00%,0.00%
20260127,03,德榕企業有限公司,3578,TW Bodhi_mobile,20708,MW_蓋板_TW Bodhi,,,,18,18,0,18,0,0,0,0,0,100.00%,0.00%,0.00%,0.00%,0.00%,0.00%,0.00%
20260127,03,德榕企業有限公司,3581,忘憂書屋,20727,CF_336x280文章頁(RWD)_忘憂書屋,,,,12,12,0,12,0,0,0,0,0,100.00%,0.00%,0.00%,0.00%,0.00%,0.00%,0.00%
20260127,03,德榕企業有限公司,3582,忘憂書屋_mobile,20729,MW_蓋板_忘憂書屋,,,,18,18,0,18,0,0,0,0,0,100.00%,0.00%,0.00%,0.00%,0.00%,0.00%,0.00%
20260127,03,第一網站股份有限公司,2916,KiKiNote,20731,CF_300x250_banner_kikinote (PB),,知名媒體,,12,12,0,12,0,0,0,0,0,100.00%,0.00%,0.00%,0.00%,0.00%,0.00%,0.00%
20260127,03,第一網站股份有限公司,2768,czbooks,21412,(子)CF_970x250_banner_czbooks(限時段)-PB,,,子聯播網,"1,869","1,869",0,"1,869",0,0,0,0,0,100.00%,0.00%,0.00%,0.00%,0.00%,0.00%,0.00%
20260127,03,第一網站股份有限公司,3440,fsa_passback_first,21699,CF_336x280_fsa_passback_first,,,,396,396,6,390,0,6,6,0,0,100.00%,1.52%,0.00%,1.52%,1.52%,0.00%,0.00%
20260127,03,富盈數據股份有限公司,3653,TVBS-女人我最大_HB,21761,MW_文章四_336x280_TVBS-女人我最大_HB,,知名媒體,,12,12,0,12,0,0,0,0,0,100.00%,0.00%,0.00%,0.00%,0.00%,0.00%,0.00%
20260127,03,富盈數據股份有限公司,3654,TVBS-健康2.0_HB,21768,MW_文中創意320x480_TVBS-健康2.0_HB,,知名媒體,,12,12,0,12,0,0,0,0,0,100.00%,0.00%,0.00%,0.00%,0.00%,0.00%,0.00%
20260127,03,富盈數據股份有限公司,3654,TVBS-健康2.0_HB,21812,MW_文章一_336x280_TVBS-健康2.0_HB,,知名媒體,,12,12,0,12,0,0,0,0,0,100.00%,0.00%,0.00%,0.00%,0.00%,0.00%,0.00%
20260127,03,儂儂雜誌社股份有限公司(bella儂儂),2135,Bella儂儂_2024,21876,MW-300x250_文章標題上方1_Bella儂儂,,知名媒體,,6,6,0,6,0,0,0,0,0,100.00%,0.00%,0.00%,0.00%,0.00%,0.00%,0.00%
20260127,03,富盈數據股份有限公司,3680,TVBS-新聞網_HB,21899,MW_文章一_336x280_TVBS-新聞網_HB,,知名媒體,,"1,984","1,984",8,"1,976",0,8,8,0,0,100.00%,0.40%,0.00%,0.40%,0.40%,0.00%,0.00%
20260127,03,富盈數據股份有限公司,3680,TVBS-新聞網_HB,21900,MW_文章三_336x280_TVBS-新聞網_HB,,知名媒體,,6,6,0,6,0,0,0,0,0,100.00%,0.00%,0.00%,0.00%,0.00%,0.00%,0.00%
20260127,03,富盈數據股份有限公司,3680,TVBS-新聞網_HB,21902,MW_文章置底_320x100_TVBS-新聞網_HB,,知名媒體,,"2,341","2,341",10,"2,331",2,8,8,0,0,100.00%,0.43%,0.09%,0.34%,0.34%,0.00%,0.00%
20260127,03,富盈數據股份有限公司,3685,玩桌遊_mobile,21924,MW_置底創意(非展開)_玩桌遊-mobile,,,,40,40,0,40,0,0,0,0,0,100.00%,0.00%,0.00%,0.00%,0.00%,0.00%,0.00%
20260127,03,富盈數據股份有限公司,2615,熱血台中,21986,CF_336x280_全網_熱血台中,,,,76,76,0,76,0,0,0,0,0,100.00%,0.00%,0.00%,0.00%,0.00%,0.00%,0.00%
20260127,03,富盈數據股份有限公司,2615,熱血台中,21987,CF_336x280_全網_熱血台中,,,,116,116,0,116,0,0,0,0,0,100.00%,0.00%,0.00%,0.00%,0.00%,0.00%,0.00%
20260127,03,富盈數據股份有限公司,3704,天天要聞,22030,CF_300 x 250 banner_天天要聞_cpc2,,,,437,437,1,436,0,1,1,0,0,100.00%,0.23%,0.00%,0.23%,0.23%,0.00%,0.00%
20260127,03,富盈數據股份有限公司,3703,繁體小說,22031,CF_300 x 250 banner_繁體小說_cpc2,,,,273,273,0,273,0,0,0,0,0,100.00%,0.00%,0.00%,0.00%,0.00%,0.00%,0.00%
20260127,03,闇碼科技股份有限公司,3048,縮短網址產生器-reurl,22213,MW_蓋版_縮短網址產生器-reurl-2025.05(特殊供量),,知名媒體,,16,16,6,10,4,2,2,0,0,100.00%,37.50%,25.00%,12.50%,12.50%,0.00%,0.00%
20260127,03,朱光宁,3741,石頭小說3,22396,MW_置底_石頭小說3,,,,66,66,2,64,0,2,2,0,0,100.00%,3.03%,0.00%,3.03%,3.03%,0.00%,0.00%
20260127,03,朱光宁,3741,石頭小說3,22398,CF_336 x 280 banner_石頭小說3_cpc1.67,,,,"2,156","2,156",11,"2,145",0,11,11,0,0,100.00%,0.51%,0.00%,0.51%,0.51%,0.00%,0.00%
20260127,03,朱光宁,3741,石頭小說3,22399,CF_320 x 480 橫幅_石頭小說3,,,,12,12,0,12,0,0,0,0,0,100.00%,0.00%,0.00%,0.00%,0.00%,0.00%,0.00%
20260127,03,闇碼科技股份有限公司,3068,限時圖片-imgus,22406,MW_置底_imgus,antifroud,,,26,26,0,26,0,0,0,0,0,100.00%,0.00%,0.00%,0.00%,0.00%,0.00%,0.00%
20260127,03,第一網站股份有限公司,2783,漫畫櫃manhuagui,22443,MW_置底_manhuagui,antifroud,,,"22,710","22,710",8,"22,702",0,8,8,0,0,100.00%,0.04%,0.00%,0.04%,0.04%,0.00%,0.00%
20260127,03,李承翰-webptt,718,Web批踢踢(RWD),2284,MW-蓋板_文中_Web批踢踢,antifroud,,,14,14,0,14,0,0,0,0,0,100.00%,0.00%,0.00%,0.00%,0.00%,0.00%,0.00%
20260127,03,麥智維,999,動漫戲說,3543,CF-728*90-內文上方-動漫戲說,antifroud,,,448,448,0,448,0,0,0,0,0,100.00%,0.00%,0.00%,0.00%,0.00%,0.00%,0.00%
20260127,03,蔡建磊,1269,跑跑資訊站,4622,CF-300X250-內文右側-跑跑資訊站,,,,6,6,0,6,0,0,0,0,0,100.00%,0.00%,0.00%,0.00%,0.00%,0.00%,0.00%
20260127,03,高政德,1015,小鎮資訊,4656,CF-300X250_小政_小鎮資訊,,,,6,6,6,0,4,2,2,0,0,100.00%,100.00%,66.67%,33.33%,33.33%,0.00%,0.00%
20260127,03,肖偉彬,1286,龍騰世紀書庫,4673,CF-內文下方-728*90-龍騰世紀書庫,,,,6,6,0,6,0,0,0,0,0,100.00%,0.00%,0.00%,0.00%,0.00%,0.00%,0.00%
20260127,03,肖偉彬,1287,紅櫻桃小說書庫,4678,CF-內文上方-300*250-紅櫻桃小說書庫,,,,6,6,0,6,0,0,0,0,0,100.00%,0.00%,0.00%,0.00%,0.00%,0.00%,0.00%
20260127,03,技達創意資訊有限公司,1299,泰好網,4733,CF-300*250-內文下方-泰好網,,,,12,12,0,12,0,0,0,0,0,100.00%,0.00%,0.00%,0.00%,0.00%,0.00%,0.00%
20260127,03,技達創意資訊有限公司,1299,泰好網,4734,MW-320*100-首頁、內文上方-泰好網,,,,36,36,0,36,0,0,0,0,0,100.00%,0.00%,0.00%,0.00%,0.00%,0.00%,0.00%
20260127,03,麥智維,999,動漫戲說,6069,CF-300*250-首頁-動漫戲說,,,,6,6,0,6,0,0,0,0,0,100.00%,0.00%,0.00%,0.00%,0.00%,0.00%,0.00%
20260127,04,昱得資訊工作室,2528,數位書香,11080,CF_728x90_首頁上方_數位書香,antifroud,,,32,32,0,32,0,0,0,0,0,100.00%,0.00%,0.00%,0.00%,0.00%,0.00%,0.00%
20260127,04,昱得資訊工作室,2528,數位書香,11081,CF_160x600_首頁右側_數位書香,antifroud,,,996,996,1,995,0,1,1,0,0,100.00%,0.10%,0.00%,0.10%,0.10%,0.00%,0.00%
20260127,04,第一網站股份有限公司,2518,麻辣家族討論區(twbts),11082,CF-728X90-twbts,antifroud,,,"2,321","2,321",0,"2,321",0,0,0,0,0,100.00%,0.00%,0.00%,0.00%,0.00%,0.00%,0.00%
20260127,04,第一網站股份有限公司,2492,ttshow,11273,MW-300X250-ttshow,,知名媒體,,12,12,0,12,0,0,0,0,0,100.00%,0.00%,0.00%,0.00%,0.00%,0.00%,0.00%
20260127,04,第一網站股份有限公司,2601,Meme梗圖倉庫,11443,CF-336X280-meme,,,,129,129,0,129,0,0,0,0,0,100.00%,0.00%,0.00%,0.00%,0.00%,0.00%,0.00%
20260127,04,艾得基客行銷顧問股份有限公司,2578,鉅亨網,12070,MW_320x480_文中創意_鉅亨網,,知名媒體,,441,441,0,441,0,0,0,0,0,100.00%,0.00%,0.00%,0.00%,0.00%,0.00%,0.00%
20260127,04,第一網站股份有限公司,2540,risu短網址,12496,CF_300x250_popup(直播) _risu短網址,antifroud,知名媒體,,6,6,0,6,0,0,0,0,0,100.00%,0.00%,0.00%,0.00%,0.00%,0.00%,0.00%
20260127,04,時報資訊股份有限公司,2770,中時電子報_HB,12561,MW_300x250_內頁TOP Banner_中時電子報_HB,antifroud,知名媒體,,290,290,4,286,4,0,0,0,0,100.00%,1.38%,1.38%,0.00%,0.00%,0.00%,0.00%
20260127,04,第一網站股份有限公司,2768,czbooks,12570,CF_728x90_banner_czbooks,,,,"1,137","1,137",0,"1,137",0,0,0,0,0,100.00%,0.00%,0.00%,0.00%,0.00%,0.00%,0.00%
20260127,04,第一網站股份有限公司,2768,czbooks,12571,CF-300x600_Banner_czbooks,,,,64,64,0,64,0,0,0,0,0,100.00%,0.00%,0.00%,0.00%,0.00%,0.00%,0.00%
20260127,04,鳳梨傳媒股份有限公司,2190,民視新聞網-Exchange,12580,CF_300x250_內文文中左側_民視新聞網-Exchange(RWD)(MCM),,知名媒體,,12,12,4,8,2,2,2,0,0,100.00%,33.33%,16.67%,16.67%,16.67%,0.00%,0.00%
20260127,04,第一網站股份有限公司,2783,漫畫櫃manhuagui,12676,CF_728X90_manhuagui,antifroud,,,"10,264","10,264",55,"10,209",48,7,7,0,0,100.00%,0.54%,0.47%,0.07%,0.07%,0.00%,0.00%
20260127,04,第一網站股份有限公司,2801,damanwoo,12868,CF-300x250_Banner_damanwoo_大人物,,,,6,6,0,6,0,0,0,0,0,100.00%,0.00%,0.00%,0.00%,0.00%,0.00%,0.00%
20260127,04,第一網站股份有限公司,2820,星座好朋友(horofriend88),12966,MW_320x100_horofriend88,antifroud,,,18,18,0,18,0,0,0,0,0,100.00%,0.00%,0.00%,0.00%,0.00%,0.00%,0.00%
20260127,04,第一網站股份有限公司,2838,mycard,13041,MW_320x480_加倍mycard,,,,12,12,12,0,0,12,12,0,0,100.00%,100.00%,0.00%,100.00%,100.00%,0.00%,0.00%
20260127,04,第一網站股份有限公司,2862,Manhuaren,13254,MW_320x100_banner_manhuaren,,,,24,24,0,24,0,0,0,0,0,100.00%,0.00%,0.00%,0.00%,0.00%,0.00%,0.00%
20260127,04,曾憲敏,202,85小說網,13445,MW_336X280_全量1_85小說網,,,,14,14,0,14,0,0,0,0,0,100.00%,0.00%,0.00%,0.00%,0.00%,0.00%,0.00%
20260127,04,曾憲敏,202,85小說網,13446,MW_336X280_全量2_85小說網,,,,140,140,0,140,0,0,0,0,0,100.00%,0.00%,0.00%,0.00%,0.00%,0.00%,0.00%
20260127,04,第一網站股份有限公司,2910,clickme,13549,CF_300x250_banner_clickme(一般),,,,741,741,0,741,0,0,0,0,0,100.00%,0.00%,0.00%,0.00%,0.00%,0.00%,0.00%
20260127,04,第一網站股份有限公司,2768,czbooks,14036,MW_320x480_CZBOOKS,antifroud,,,18,18,0,18,0,0,0,0,0,100.00%,0.00%,0.00%,0.00%,0.00%,0.00%,0.00%
20260127,04,陳人鳳,480,飛格寵物家族_PC,1407,CF-728X90_上方通欄_飛格寵物家族,,,,12,12,3,9,0,3,3,0,0,100.00%,25.00%,0.00%,25.00%,25.00%,0.00%,0.00%
20260127,04,陳人鳳,480,飛格寵物家族_PC,1408,CF-300X250_內文_飛格寵物家族,,,,52,52,21,31,3,18,18,0,0,100.00%,40.38%,5.77%,34.62%,34.62%,0.00%,0.00%
20260127,04,闇碼科技股份有限公司,3048,縮短網址產生器-reurl,14210,MW_文中創意300x250_縮短網址產生器-reurl,,知名媒體,,20,20,8,12,4,4,4,0,0,100.00%,40.00%,20.00%,20.00%,20.00%,0.00%,0.00%
20260127,04,富盈數據股份有限公司,3059,塔科女子,14258,CF_336x280_全網_塔科女子,,知名媒體,,124,124,0,124,0,0,0,0,0,100.00%,0.00%,0.00%,0.00%,0.00%,0.00%,0.00%
20260127,04,CBROOT LTD,3003,包子漫畫-exchange,14291,MW_300x250_蓋板(PB)_包子漫畫,,,,931,931,4,927,0,4,4,0,0,100.00%,0.43%,0.00%,0.43%,0.43%,0.00%,0.00%
20260127,04,朱光宁,3268,稷下書院-mobile,14737,MW_置底創意(非展開)_稷下書院-mobile,,,,6,6,1,5,0,1,1,0,0,100.00%,16.67%,0.00%,16.67%,16.67%,0.00%,0.00%
20260127,04,朱光宁,3149,稷下書院-exchange,14748,MW_320x100_置底(PB)_稷下書院,,,,"7,647","7,647",44,"7,603",24,20,20,0,0,100.00%,0.58%,0.31%,0.26%,0.26%,0.00%,0.00%
20260127,04,曾憲敏,3327,85小說網_創意,15228,MW-創意-85小說網,,,,34,34,0,34,0,0,0,0,0,100.00%,0.00%,0.00%,0.00%,0.00%,0.00%,0.00%
20260127,04,中天電視股份有限公司,3282,中天新聞網-exchange,15859,CF_336x280_內頁_PC右側互動看板B-中天新聞網-exchange,,知名媒體,,6,6,4,2,2,2,2,0,0,100.00%,66.67%,33.33%,33.33%,33.33%,0.00%,0.00%
20260127,04,CBROOT LTD,3352,西瓜卡通-exchange,15970,CF_160x600_影音內容_西瓜卡通-exchange,,,,532,532,0,532,0,0,0,0,0,100.00%,0.00%,0.00%,0.00%,0.00%,0.00%,0.00%
20260127,04,朱光宁,3360,提莫書屋-exchange,16957,MW_336x280banner_提莫書屋_exchange,,,,"6,585","6,585",39,"6,546",36,3,3,0,0,100.00%,0.59%,0.55%,0.05%,0.05%,0.00%,0.00%
20260127,04,朱光宁,3361,提莫書屋-mobile,16958,MW_置底創意_提莫書屋-mobile,,,,6,6,0,6,0,0,0,0,0,100.00%,0.00%,0.00%,0.00%,0.00%,0.00%,0.00%
20260127,04,欣發現股份有限公司,3365,Hami任務牆-mobile,16969,MW_置底創意_Hami任務牆,,知名媒體,,25,25,0,25,0,0,0,0,0,100.00%,0.00%,0.00%,0.00%,0.00%,0.00%,0.00%
20260127,04,欣發現股份有限公司,3364,女子學-mobile,16972,MW_置底創意_女子學,antifroud,,,6,6,0,6,0,0,0,0,0,100.00%,0.00%,0.00%,0.00%,0.00%,0.00%,0.00%
20260127,04,第一網站股份有限公司,2783,漫畫櫃manhuagui,17027,MW_320x480_蓋版_漫畫櫃manhuagui,,,,964,964,1,963,0,1,1,0,0,100.00%,0.10%,0.00%,0.10%,0.10%,0.00%,0.00%
20260127,04,詠勝科技有限公司,3385,Mobile01_HB,17175,CF_970x90_橫幅Banner_Mobile01_HB,,知名媒體,,62,62,16,46,0,16,16,0,0,100.00%,25.81%,0.00%,25.81%,25.81%,0.00%,0.00%
20260127,04,詠勝科技有限公司,3385,Mobile01_HB,17179,CF_300x250_熱門大看板_Mobile01_HB,,知名媒體,,58,58,11,47,0,11,11,0,0,100.00%,18.97%,0.00%,18.97%,18.97%,0.00%,0.00%
20260127,04,詠勝科技有限公司,3385,Mobile01_HB,17183,CF_300x600_大摩天_Mobile01_HB,,知名媒體,,6,6,1,5,0,1,1,0,0,100.00%,16.67%,0.00%,16.67%,16.67%,0.00%,0.00%
20260127,04,詠勝科技有限公司,3385,Mobile01_HB,17204,MW_300x250_文中Banner(interscroller)_Mobile01_HB,,知名媒體,,6,6,0,6,0,0,0,0,0,100.00%,0.00%,0.00%,0.00%,0.00%,0.00%,0.00%
20260127,04,朱光宁,3268,稷下書院-mobile,17207,MW_320x480_蓋版_稷下書院-mobile,,,,"3,647","3,647",7,"3,640",0,7,7,0,0,100.00%,0.19%,0.00%,0.19%,0.19%,0.00%,0.00%
20260127,04,艾得基客行銷顧問股份有限公司,3391,UDN聯合新聞網,17236,MW_置底創意_UDN聯合新聞,,知名媒體,,74,74,4,70,0,4,4,0,0,100.00%,5.41%,0.00%,5.41%,5.41%,0.00%,0.00%
20260127,04,李立娟,3395,vivi0視頻-exchange,17293,CF_336x280_Banner_vivi01視頻-exchange,antifroud,,,"11,268","11,268",84,"11,184",59,25,25,0,0,100.00%,0.75%,0.52%,0.22%,0.22%,0.00%,0.00%
20260127,04,李立娟,3395,vivi0視頻-exchange,17294,MW_336x280_Banner_vivi01視頻-exchange,antifroud,,,"11,668","11,645",56,"11,589",32,24,24,0,0,99.80%,0.48%,0.27%,0.21%,0.21%,0.00%,0.00%
20260127,04,李立娟,3395,vivi0視頻-exchange,17300,MW_320x100_置底(PB)_vivi01視頻-exchange,antifroud,,,"16,251","16,251",36,"16,215",9,27,27,0,0,100.00%,0.22%,0.06%,0.17%,0.17%,0.00%,0.00%
20260127,04,第一網站股份有限公司,2768,czbooks,17927,MW_置底創意_czbook,,,,"1,265","1,265",4,"1,261",2,2,2,0,0,100.00%,0.32%,0.16%,0.16%,0.16%,0.00%,0.00%
20260127,04,時報資訊股份有限公司_工商時報,3427,工商時報-exchange,18015,MW_300x250_文末Banner2_工商時報-exchange,,知名媒體,,31,31,0,31,0,0,0,0,0,100.00%,0.00%,0.00%,0.00%,0.00%,0.00%,0.00%
20260127,04,第一網站股份有限公司,3440,fsa_passback_first,18201,CF_336x280_fsa_passback_first,,,,"1,298","1,298",0,"1,298",0,0,0,0,0,100.00%,0.00%,0.00%,0.00%,0.00%,0.00%,0.00%
20260127,04,第一網站股份有限公司,3440,fsa_passback_first,18202,CF_300x250_fsa_passback_first,,,,"2,820","2,820","1,180","1,640",220,960,960,0,0,100.00%,41.84%,7.80%,34.04%,34.04%,0.00%,0.00%
20260127,04,莊博凱,3455,夢遊電玩,18269,300x250 Banner,,,,6,6,0,6,0,0,0,0,0,100.00%,0.00%,0.00%,0.00%,0.00%,0.00%,0.00%
20260127,04,朱光宁,3268,稷下書院-mobile,18297,MW_置底創意(展開)_稷下書院-mobile,,,,61,61,0,61,0,0,0,0,0,100.00%,0.00%,0.00%,0.00%,0.00%,0.00%,0.00%
20260127,04,冰楓科技有限公司,3485,冰楓論壇-exchange,18487,CF_970x90_內文上方第一塊_冰楓論壇-exchange,,,,252,252,3,249,2,1,1,0,0,100.00%,1.19%,0.79%,0.40%,0.40%,0.00%,0.00%
20260127,04,冰楓科技有限公司,3485,冰楓論壇-exchange,18488,MW_320x100_內文上方第一塊_ 冰楓論壇-exchange,antifroud,,,18,18,0,18,0,0,0,0,0,100.00%,0.00%,0.00%,0.00%,0.00%,0.00%,0.00%
20260127,04,冰楓科技有限公司,3485,冰楓論壇-exchange,18492,MW_300x250_Banner_ 冰楓論壇-exchange,,,,78,78,6,72,0,6,6,0,0,100.00%,7.69%,0.00%,7.69%,7.69%,0.00%,0.00%
20260127,04,CBROOT LTD,3492,包子漫畫(特開流量)-exchange,18557,CF_300x600_指定流量_包子漫畫(特開流量PB)-exchange,,,,112,112,5,107,0,5,5,0,0,100.00%,4.46%,0.00%,4.46%,4.46%,0.00%,0.00%
20260127,04,CBROOT LTD,3510,包子漫畫_twmanga-exchange,18737,CF_970x90_Banner_ 包子漫畫_twmanga-exchange,,,,79,79,0,79,0,0,0,0,0,100.00%,0.00%,0.00%,0.00%,0.00%,0.00%,0.00%
20260127,04,台灣英文新聞股份有限公司,3537,台灣英文新聞(new)-exchange,18924,CF_300x250_內容頁_右側看版_1_台灣英文新聞(new)-exchange,,知名媒體,,6,6,0,6,0,0,0,0,0,100.00%,0.00%,0.00%,0.00%,0.00%,0.00%,0.00%
20260127,04,第一網站股份有限公司,2783,漫畫櫃manhuagui,20685,MW_300X250_manhuagui,antifroud,,,"6,586","6,586",46,"6,540",40,6,6,0,0,100.00%,0.70%,0.61%,0.09%,0.09%,0.00%,0.00%
20260127,04,德榕企業有限公司,3578,TW Bodhi_mobile,20708,MW_蓋板_TW Bodhi,,,,12,12,0,12,0,0,0,0,0,100.00%,0.00%,0.00%,0.00%,0.00%,0.00%,0.00%
20260127,04,德榕企業有限公司,3581,忘憂書屋,20727,CF_336x280文章頁(RWD)_忘憂書屋,,,,12,12,0,12,0,0,0,0,0,100.00%,0.00%,0.00%,0.00%,0.00%,0.00%,0.00%
20260127,04,第一網站股份有限公司,2916,KiKiNote,20731,CF_300x250_banner_kikinote (PB),,知名媒體,,16,16,0,16,0,0,0,0,0,100.00%,0.00%,0.00%,0.00%,0.00%,0.00%,0.00%
20260127,04,第一網站股份有限公司,2768,czbooks,21412,(子)CF_970x250_banner_czbooks(限時段)-PB,,,子聯播網,"1,355","1,355",0,"1,355",0,0,0,0,0,100.00%,0.00%,0.00%,0.00%,0.00%,0.00%,0.00%
20260127,04,第一網站股份有限公司,3440,fsa_passback_first,21699,CF_336x280_fsa_passback_first,,,,166,166,0,166,0,0,0,0,0,100.00%,0.00%,0.00%,0.00%,0.00%,0.00%,0.00%
20260127,04,富盈數據股份有限公司,3653,TVBS-女人我最大_HB,21763,MW_文中創意320x480_TVBS-女人我最大_HB,,知名媒體,,8,8,0,8,0,0,0,0,0,100.00%,0.00%,0.00%,0.00%,0.00%,0.00%,0.00%
20260127,04,富盈數據股份有限公司,3654,TVBS-健康2.0_HB,21765,MW_文章三_336x280_TVBS-健康2.0_HB,,知名媒體,,26,26,0,26,0,0,0,0,0,100.00%,0.00%,0.00%,0.00%,0.00%,0.00%,0.00%
20260127,04,富盈數據股份有限公司,3654,TVBS-健康2.0_HB,21768,MW_文中創意320x480_TVBS-健康2.0_HB,,知名媒體,,18,18,0,18,0,0,0,0,0,100.00%,0.00%,0.00%,0.00%,0.00%,0.00%,0.00%
20260127,04,富盈數據股份有限公司,3655,TVBS-食尚玩家_HB,21770,MW_文章三_336x280_TVBS-食尚玩家_HB,,知名媒體,,13,13,0,13,0,0,0,0,0,100.00%,0.00%,0.00%,0.00%,0.00%,0.00%,0.00%
20260127,04,富盈數據股份有限公司,3654,TVBS-健康2.0_HB,21812,MW_文章一_336x280_TVBS-健康2.0_HB,,知名媒體,,6,6,0,6,0,0,0,0,0,100.00%,0.00%,0.00%,0.00%,0.00%,0.00%,0.00%
20260127,04,儂儂雜誌社股份有限公司(bella儂儂),2135,Bella儂儂_2024,21876,MW-300x250_文章標題上方1_Bella儂儂,,知名媒體,,6,6,0,6,0,0,0,0,0,100.00%,0.00%,0.00%,0.00%,0.00%,0.00%,0.00%
20260127,04,富盈數據股份有限公司,3680,TVBS-新聞網_HB,21899,MW_文章一_336x280_TVBS-新聞網_HB,,知名媒體,,"1,424","1,424",4,"1,420",0,4,4,0,0,100.00%,0.28%,0.00%,0.28%,0.28%,0.00%,0.00%
20260127,04,富盈數據股份有限公司,3680,TVBS-新聞網_HB,21902,MW_文章置底_320x100_TVBS-新聞網_HB,,知名媒體,,"1,799","1,799",2,"1,797",0,2,2,0,0,100.00%,0.11%,0.00%,0.11%,0.11%,0.00%,0.00%
20260127,04,富盈數據股份有限公司,3685,玩桌遊_mobile,21924,MW_置底創意(非展開)_玩桌遊-mobile,,,,24,24,0,24,0,0,0,0,0,100.00%,0.00%,0.00%,0.00%,0.00%,0.00%,0.00%
20260127,04,富盈數據股份有限公司,2615,熱血台中,21986,CF_336x280_全網_熱血台中,,,,74,74,0,74,0,0,0,0,0,100.00%,0.00%,0.00%,0.00%,0.00%,0.00%,0.00%
20260127,04,富盈數據股份有限公司,2615,熱血台中,21987,CF_336x280_全網_熱血台中,,,,134,134,0,134,0,0,0,0,0,100.00%,0.00%,0.00%,0.00%,0.00%,0.00%,0.00%
20260127,04,富盈數據股份有限公司,3704,天天要聞,22030,CF_300 x 250 banner_天天要聞_cpc2,,,,268,268,2,266,0,2,2,0,0,100.00%,0.75%,0.00%,0.75%,0.75%,0.00%,0.00%
20260127,04,富盈數據股份有限公司,3703,繁體小說,22031,CF_300 x 250 banner_繁體小說_cpc2,,,,47,47,0,47,0,0,0,0,0,100.00%,0.00%,0.00%,0.00%,0.00%,0.00%,0.00%
20260127,04,闇碼科技股份有限公司,3048,縮短網址產生器-reurl,22213,MW_蓋版_縮短網址產生器-reurl-2025.05(特殊供量),,知名媒體,,6,6,4,2,2,2,2,0,0,100.00%,66.67%,33.33%,33.33%,33.33%,0.00%,0.00%
20260127,04,欣發現股份有限公司,3363,大人物-mobile,22222,MW_蓋板_大人物,,知名媒體,,14,14,0,14,0,0,0,0,0,100.00%,0.00%,0.00%,0.00%,0.00%,0.00%,0.00%
20260127,04,朱光宁,3741,石頭小說3,22396,MW_置底_石頭小說3,,,,18,18,0,18,0,0,0,0,0,100.00%,0.00%,0.00%,0.00%,0.00%,0.00%,0.00%
20260127,04,朱光宁,3741,石頭小說3,22398,CF_336 x 280 banner_石頭小說3_cpc1.67,,,,"1,486","1,486",0,"1,486",0,0,0,0,0,100.00%,0.00%,0.00%,0.00%,0.00%,0.00%,0.00%
20260127,04,朱光宁,3741,石頭小說3,22399,CF_320 x 480 橫幅_石頭小說3,,,,18,18,0,18,0,0,0,0,0,100.00%,0.00%,0.00%,0.00%,0.00%,0.00%,0.00%
20260127,04,闇碼科技股份有限公司,3068,限時圖片-imgus,22406,MW_置底_imgus,antifroud,,,36,36,0,36,0,0,0,0,0,100.00%,0.00%,0.00%,0.00%,0.00%,0.00%,0.00%
20260127,04,第一網站股份有限公司,2783,漫畫櫃manhuagui,22443,MW_置底_manhuagui,antifroud,,,"16,430","16,430",5,"16,425",0,5,5,0,0,100.00%,0.03%,0.00%,0.03%,0.03%,0.00%,0.00%
20260127,04,李承翰-webptt,718,Web批踢踢(RWD),2284,MW-蓋板_文中_Web批踢踢,antifroud,,,6,6,0,6,0,0,0,0,0,100.00%,0.00%,0.00%,0.00%,0.00%,0.00%,0.00%
20260127,04,麥智維,999,動漫戲說,3543,CF-728*90-內文上方-動漫戲說,antifroud,,,176,176,0,176,0,0,0,0,0,100.00%,0.00%,0.00%,0.00%,0.00%,0.00%,0.00%
20260127,04,蔡建磊,1269,跑跑資訊站,4622,CF-300X250-內文右側-跑跑資訊站,,,,12,12,2,10,0,2,2,0,0,100.00%,16.67%,0.00%,16.67%,16.67%,0.00%,0.00%
20260127,04,肖偉彬,1287,紅櫻桃小說書庫,4717,MW_文中創意300x250_紅櫻桃小說書庫,,,,30,30,0,30,0,0,0,0,0,100.00%,0.00%,0.00%,0.00%,0.00%,0.00%,0.00%
20260127,04,麥智維,999,動漫戲說,6069,CF-300*250-首頁-動漫戲說,,,,6,6,0,6,0,0,0,0,0,100.00%,0.00%,0.00%,0.00%,0.00%,0.00%,0.00%
20260127,04,巧克科技新媒體股份有限公司,2127,LINE TV_Banner-exchange,8576,CF_336x280_戲劇-右側好康資訊下方_LINE TV-exchange,,知名媒體,,6,6,0,6,0,0,0,0,0,100.00%,0.00%,0.00%,0.00%,0.00%,0.00%,0.00%
20260127,04,巧克科技新媒體股份有限公司,2127,LINE TV_Banner-exchange,8577,CF_336x280_戲劇-右側好康資訊上方_LINE TV-exchange,,知名媒體,,12,12,0,12,0,0,0,0,0,100.00%,0.00%,0.00%,0.00%,0.00%,0.00%,0.00%
20260127,05,英屬維京群島商浩美數位有限公司台灣分公司,2315,Teepr亮新聞-exchange,10012,CF_336x280Banner_Teepr亮新聞-exchange,,知名媒體,,12,12,8,4,4,4,4,0,0,100.00%,66.67%,33.33%,33.33%,33.33%,0.00%,0.00%
20260127,05,昱得資訊工作室,2528,數位書香,11080,CF_728x90_首頁上方_數位書香,antifroud,,,12,12,0,12,0,0,0,0,0,100.00%,0.00%,0.00%,0.00%,0.00%,0.00%,0.00%
20260127,05,昱得資訊工作室,2528,數位書香,11081,CF_160x600_首頁右側_數位書香,antifroud,,,864,864,0,864,0,0,0,0,0,100.00%,0.00%,0.00%,0.00%,0.00%,0.00%,0.00%
20260127,05,第一網站股份有限公司,2518,麻辣家族討論區(twbts),11082,CF-728X90-twbts,antifroud,,,"2,210","2,210",0,"2,210",0,0,0,0,0,100.00%,0.00%,0.00%,0.00%,0.00%,0.00%,0.00%
20260127,05,第一網站股份有限公司,2492,ttshow,11273,MW-300X250-ttshow,,知名媒體,,6,6,0,6,0,0,0,0,0,100.00%,0.00%,0.00%,0.00%,0.00%,0.00%,0.00%
20260127,05,第一網站股份有限公司,2601,Meme梗圖倉庫,11443,CF-336X280-meme,,,,28,28,0,28,0,0,0,0,0,100.00%,0.00%,0.00%,0.00%,0.00%,0.00%,0.00%
20260127,05,艾得基客行銷顧問股份有限公司,2578,鉅亨網,12070,MW_320x480_文中創意_鉅亨網,,知名媒體,,"1,502","1,502",8,"1,494",2,6,6,0,0,100.00%,0.53%,0.13%,0.40%,0.40%,0.00%,0.00%
20260127,05,第一網站股份有限公司,2540,risu短網址,12496,CF_300x250_popup(直播) _risu短網址,antifroud,知名媒體,,16,16,16,0,8,8,8,0,0,100.00%,100.00%,50.00%,50.00%,50.00%,0.00%,0.00%
20260127,05,時報資訊股份有限公司,2770,中時電子報_HB,12559,CF_300x250_右側互動看版_中時電子報_HB,,知名媒體,,121,121,18,103,0,18,18,0,0,100.00%,14.88%,0.00%,14.88%,14.88%,0.00%,0.00%
20260127,05,時報資訊股份有限公司,2770,中時電子報_HB,12560,CF_336x280_文中看板_中時電子報_HB,,知名媒體,,95,95,12,83,0,12,12,0,0,100.00%,12.63%,0.00%,12.63%,12.63%,0.00%,0.00%
20260127,05,時報資訊股份有限公司,2770,中時電子報_HB,12561,MW_300x250_內頁TOP Banner_中時電子報_HB,antifroud,知名媒體,,890,890,5,885,5,0,0,0,0,100.00%,0.56%,0.56%,0.00%,0.00%,0.00%,0.00%
20260127,05,第一網站股份有限公司,2768,czbooks,12570,CF_728x90_banner_czbooks,,,,"1,204","1,204",2,"1,202",2,0,0,0,0,100.00%,0.17%,0.17%,0.00%,0.00%,0.00%,0.00%
20260127,05,第一網站股份有限公司,2768,czbooks,12571,CF-300x600_Banner_czbooks,,,,30,30,0,30,0,0,0,0,0,100.00%,0.00%,0.00%,0.00%,0.00%,0.00%,0.00%
20260127,05,鳳梨傳媒股份有限公司,2190,民視新聞網-Exchange,12579,CF_300x250_右側第一塊_民視新聞網-Exchange(RWD)(MCM),,知名媒體,,12,12,0,12,0,0,0,0,0,100.00%,0.00%,0.00%,0.00%,0.00%,0.00%,0.00%
20260127,05,第一網站股份有限公司,2783,漫畫櫃manhuagui,12676,CF_728X90_manhuagui,antifroud,,,"6,890","6,890",19,"6,871",15,4,4,0,0,100.00%,0.28%,0.22%,0.06%,0.06%,0.00%,0.00%
20260127,05,第一網站股份有限公司,2801,damanwoo,12868,CF-300x250_Banner_damanwoo_大人物,,,,12,12,0,12,0,0,0,0,0,100.00%,0.00%,0.00%,0.00%,0.00%,0.00%,0.00%
20260127,05,第一網站股份有限公司,2820,星座好朋友(horofriend88),12966,MW_320x100_horofriend88,antifroud,,,32,32,0,32,0,0,0,0,0,100.00%,0.00%,0.00%,0.00%,0.00%,0.00%,0.00%
20260127,05,曾憲敏,202,85小說網,13445,MW_336X280_全量1_85小說網,,,,12,12,0,12,0,0,0,0,0,100.00%,0.00%,0.00%,0.00%,0.00%,0.00%,0.00%
20260127,05,曾憲敏,202,85小說網,13446,MW_336X280_全量2_85小說網,,,,118,118,0,118,0,0,0,0,0,100.00%,0.00%,0.00%,0.00%,0.00%,0.00%,0.00%
20260127,05,第一網站股份有限公司,2910,clickme,13549,CF_300x250_banner_clickme(一般),,,,468,468,0,468,0,0,0,0,0,100.00%,0.00%,0.00%,0.00%,0.00%,0.00%,0.00%
20260127,05,闇碼科技股份有限公司,2992,縮短網址產生器-reurl-exchange,13848,CF_300x250_轉址失敗_最右邊_reurl,,知名媒體,,6,6,6,0,0,6,6,0,0,100.00%,100.00%,0.00%,100.00%,100.00%,0.00%,0.00%
20260127,05,闇碼科技股份有限公司,2992,縮短網址產生器-reurl-exchange,13856,CF_300x250_轉址失敗頁第二塊_reurl,,知名媒體,,6,6,6,0,0,6,6,0,0,100.00%,100.00%,0.00%,100.00%,100.00%,0.00%,0.00%
20260127,05,第一網站股份有限公司,2768,czbooks,14036,MW_320x480_CZBOOKS,antifroud,,,12,12,0,12,0,0,0,0,0,100.00%,0.00%,0.00%,0.00%,0.00%,0.00%,0.00%
20260127,05,陳人鳳,480,飛格寵物家族_PC,1407,CF-728X90_上方通欄_飛格寵物家族,,,,30,30,6,24,0,6,6,0,0,100.00%,20.00%,0.00%,20.00%,20.00%,0.00%,0.00%
20260127,05,陳人鳳,480,飛格寵物家族_PC,1408,CF-300X250_內文_飛格寵物家族,,,,71,71,23,48,0,23,23,0,0,100.00%,32.39%,0.00%,32.39%,32.39%,0.00%,0.00%
20260127,05,闇碼科技股份有限公司,3048,縮短網址產生器-reurl,14210,MW_文中創意300x250_縮短網址產生器-reurl,,知名媒體,,850,850,840,10,828,12,12,0,0,100.00%,98.82%,97.41%,1.41%,1.41%,0.00%,0.00%
20260127,05,巨思文化股份有限公司,3053,數位時代_HB,14246,MW_300x250_文章結束第一塊_數位時代-HB,,知名媒體,,6,6,2,4,0,2,2,0,0,100.00%,33.33%,0.00%,33.33%,33.33%,0.00%,0.00%
20260127,05,富盈數據股份有限公司,3059,塔科女子,14258,CF_336x280_全網_塔科女子,,知名媒體,,90,90,0,90,0,0,0,0,0,100.00%,0.00%,0.00%,0.00%,0.00%,0.00%,0.00%
20260127,05,CBROOT LTD,3003,包子漫畫-exchange,14291,MW_300x250_蓋板(PB)_包子漫畫,,,,259,259,2,257,0,2,2,0,0,100.00%,0.77%,0.00%,0.77%,0.77%,0.00%,0.00%
20260127,05,朱光宁,3149,稷下書院-exchange,14748,MW_320x100_置底(PB)_稷下書院,,,,"7,759","7,759",30,"7,729",10,20,20,0,0,100.00%,0.39%,0.13%,0.26%,0.26%,0.00%,0.00%
20260127,05,巨思文化股份有限公司,3053,數位時代_HB,14764,MW_置底創意_(非展開)_數位時代_HB,,知名媒體,,6,6,2,4,0,2,2,0,0,100.00%,33.33%,0.00%,33.33%,33.33%,0.00%,0.00%
20260127,05,中天電視股份有限公司,3282,中天新聞網-exchange,14980,CF_970x250_內頁_PC置頂橫幅-中天新聞網-exchange,,知名媒體,,6,4,0,4,0,0,0,0,0,66.67%,0.00%,0.00%,0.00%,0.00%,0.00%,0.00%
20260127,05,曾憲敏,3327,85小說網_創意,15227,MW-300X250_85小說網_隨身影音PB,,,,12,12,0,12,0,0,0,0,0,100.00%,0.00%,0.00%,0.00%,0.00%,0.00%,0.00%
20260127,05,曾憲敏,3327,85小說網_創意,15228,MW-創意-85小說網,,,,36,36,0,36,0,0,0,0,0,100.00%,0.00%,0.00%,0.00%,0.00%,0.00%,0.00%
20260127,05,和運租車股份有限公司,2878,abc好車網,15249,CF_300x250_搜尋頁右側_abc好車網,,知名媒體,,276,276,276,0,274,2,2,0,0,100.00%,100.00%,99.28%,0.72%,0.72%,0.00%,0.00%
20260127,05,CBROOT LTD,3352,西瓜卡通-exchange,15970,CF_160x600_影音內容_西瓜卡通-exchange,,,,496,496,0,496,0,0,0,0,0,100.00%,0.00%,0.00%,0.00%,0.00%,0.00%,0.00%
20260127,05,朱光宁,3360,提莫書屋-exchange,16957,MW_336x280banner_提莫書屋_exchange,,,,"5,278","5,278",9,"5,269",2,7,7,0,0,100.00%,0.17%,0.04%,0.13%,0.13%,0.00%,0.00%
20260127,05,朱光宁,3361,提莫書屋-mobile,16958,MW_置底創意_提莫書屋-mobile,,,,12,12,0,12,0,0,0,0,0,100.00%,0.00%,0.00%,0.00%,0.00%,0.00%,0.00%
20260127,05,欣發現股份有限公司,3365,Hami任務牆-mobile,16969,MW_置底創意_Hami任務牆,,知名媒體,,200,200,1,199,0,1,1,0,0,100.00%,0.50%,0.00%,0.50%,0.50%,0.00%,0.00%
20260127,05,欣發現股份有限公司,3364,女子學-mobile,16972,MW_置底創意_女子學,antifroud,,,172,172,0,172,0,0,0,0,0,100.00%,0.00%,0.00%,0.00%,0.00%,0.00%,0.00%
20260127,05,欣發現股份有限公司,3363,大人物-mobile,16973,MW_置底創意_大人物,,知名媒體,,12,12,0,12,0,0,0,0,0,100.00%,0.00%,0.00%,0.00%,0.00%,0.00%,0.00%
20260127,05,第一網站股份有限公司,2783,漫畫櫃manhuagui,17027,MW_320x480_蓋版_漫畫櫃manhuagui,,,,519,519,0,519,0,0,0,0,0,100.00%,0.00%,0.00%,0.00%,0.00%,0.00%,0.00%
20260127,05,詠勝科技有限公司,3385,Mobile01_HB,17175,CF_970x90_橫幅Banner_Mobile01_HB,,知名媒體,,113,113,37,76,0,37,37,0,0,100.00%,32.74%,0.00%,32.74%,32.74%,0.00%,0.00%
20260127,05,詠勝科技有限公司,3385,Mobile01_HB,17179,CF_300x250_熱門大看板_Mobile01_HB,,知名媒體,,162,162,50,112,0,50,50,0,0,100.00%,30.86%,0.00%,30.86%,30.86%,0.00%,0.00%
20260127,05,詠勝科技有限公司,3385,Mobile01_HB,17180,CF_300x250_置底看板左_Mobile01_HB,,知名媒體,,6,6,0,6,0,0,0,0,0,100.00%,0.00%,0.00%,0.00%,0.00%,0.00%,0.00%
20260127,05,詠勝科技有限公司,3385,Mobile01_HB,17181,CF_300x250_置底看板中_Mobile01_HB,,知名媒體,,6,6,0,6,0,0,0,0,0,100.00%,0.00%,0.00%,0.00%,0.00%,0.00%,0.00%
20260127,05,詠勝科技有限公司,3385,Mobile01_HB,17204,MW_300x250_文中Banner(interscroller)_Mobile01_HB,,知名媒體,,12,12,0,12,0,0,0,0,0,100.00%,0.00%,0.00%,0.00%,0.00%,0.00%,0.00%
20260127,05,朱光宁,3268,稷下書院-mobile,17207,MW_320x480_蓋版_稷下書院-mobile,,,,"2,834","2,834",5,"2,829",0,5,5,0,0,100.00%,0.18%,0.00%,0.18%,0.18%,0.00%,0.00%
20260127,05,艾得基客行銷顧問股份有限公司,3391,UDN聯合新聞網,17236,MW_置底創意_UDN聯合新聞,,知名媒體,,275,275,16,259,0,16,16,0,0,100.00%,5.82%,0.00%,5.82%,5.82%,0.00%,0.00%
20260127,05,李立娟,3395,vivi0視頻-exchange,17293,CF_336x280_Banner_vivi01視頻-exchange,antifroud,,,"16,908","16,908",100,"16,808",82,18,18,0,0,100.00%,0.59%,0.48%,0.11%,0.11%,0.00%,0.00%
20260127,05,李立娟,3395,vivi0視頻-exchange,17294,MW_336x280_Banner_vivi01視頻-exchange,antifroud,,,"20,239","20,239",105,"20,134",74,31,31,0,0,100.00%,0.52%,0.37%,0.15%,0.15%,0.00%,0.00%
20260127,05,李立娟,3395,vivi0視頻-exchange,17300,MW_320x100_置底(PB)_vivi01視頻-exchange,antifroud,,,"27,536","27,536",42,"27,494",11,31,31,0,0,100.00%,0.15%,0.04%,0.11%,0.11%,0.00%,0.00%
20260127,05,李立娟,3396,趣聞圖說-Mobile,17923,MW_置底創意(展開)_趣聞圖說-Mobile,,,,6,6,0,6,0,0,0,0,0,100.00%,0.00%,0.00%,0.00%,0.00%,0.00%,0.00%
20260127,05,第一網站股份有限公司,2768,czbooks,17927,MW_置底創意_czbook,,,,"1,181","1,181",3,"1,178",2,1,1,0,0,100.00%,0.25%,0.17%,0.08%,0.08%,0.00%,0.00%
20260127,05,時報資訊股份有限公司_工商時報,3427,工商時報-exchange,18003,CF_300x250_互動看板2_工商時報-exchange,,知名媒體,,6,5,2,3,0,2,2,0,0,83.33%,40.00%,0.00%,40.00%,40.00%,0.00%,0.00%
20260127,05,時報資訊股份有限公司_工商時報,3427,工商時報-exchange,18015,MW_300x250_文末Banner2_工商時報-exchange,,知名媒體,,29,29,0,29,0,0,0,0,0,100.00%,0.00%,0.00%,0.00%,0.00%,0.00%,0.00%
20260127,05,第一網站股份有限公司,3440,fsa_passback_first,18201,CF_336x280_fsa_passback_first,,,,303,303,9,294,0,9,9,0,0,100.00%,2.97%,0.00%,2.97%,2.97%,0.00%,0.00%
20260127,05,第一網站股份有限公司,3440,fsa_passback_first,18202,CF_300x250_fsa_passback_first,,,,84,84,4,80,0,4,4,0,0,100.00%,4.76%,0.00%,4.76%,4.76%,0.00%,0.00%
20260127,05,朱光宁,3268,稷下書院-mobile,18297,MW_置底創意(展開)_稷下書院-mobile,,,,54,54,0,54,0,0,0,0,0,100.00%,0.00%,0.00%,0.00%,0.00%,0.00%,0.00%
20260127,05,冰楓科技有限公司,3485,冰楓論壇-exchange,18487,CF_970x90_內文上方第一塊_冰楓論壇-exchange,,,,275,275,0,275,0,0,0,0,0,100.00%,0.00%,0.00%,0.00%,0.00%,0.00%,0.00%
20260127,05,冰楓科技有限公司,3485,冰楓論壇-exchange,18488,MW_320x100_內文上方第一塊_ 冰楓論壇-exchange,antifroud,,,42,42,0,42,0,0,0,0,0,100.00%,0.00%,0.00%,0.00%,0.00%,0.00%,0.00%
20260127,05,冰楓科技有限公司,3485,冰楓論壇-exchange,18492,MW_300x250_Banner_ 冰楓論壇-exchange,,,,84,84,0,84,0,0,0,0,0,100.00%,0.00%,0.00%,0.00%,0.00%,0.00%,0.00%
20260127,05,CBROOT LTD,3492,包子漫畫(特開流量)-exchange,18557,CF_300x600_指定流量_包子漫畫(特開流量PB)-exchange,,,,6,6,0,6,0,0,0,0,0,100.00%,0.00%,0.00%,0.00%,0.00%,0.00%,0.00%
20260127,05,CBROOT LTD,3510,包子漫畫_twmanga-exchange,18737,CF_970x90_Banner_ 包子漫畫_twmanga-exchange,,,,48,48,0,48,0,0,0,0,0,100.00%,0.00%,0.00%,0.00%,0.00%,0.00%,0.00%
20260127,05,台灣英文新聞股份有限公司,3537,台灣英文新聞(new)-exchange,18924,CF_300x250_內容頁_右側看版_1_台灣英文新聞(new)-exchange,,知名媒體,,6,6,4,2,4,0,0,0,0,100.00%,66.67%,66.67%,0.00%,0.00%,0.00%,0.00%
20260127,05,第一網站股份有限公司,2783,漫畫櫃manhuagui,20685,MW_300X250_manhuagui,antifroud,,,"3,847","3,847",41,"3,806",26,15,15,0,0,100.00%,1.07%,0.68%,0.39%,0.39%,0.00%,0.00%
20260127,05,德榕企業有限公司,3578,TW Bodhi_mobile,20707,MW_置底創意_TW Bodhi,,,,12,12,0,12,0,0,0,0,0,100.00%,0.00%,0.00%,0.00%,0.00%,0.00%,0.00%
20260127,05,德榕企業有限公司,3578,TW Bodhi_mobile,20708,MW_蓋板_TW Bodhi,,,,26,26,0,26,0,0,0,0,0,100.00%,0.00%,0.00%,0.00%,0.00%,0.00%,0.00%
20260127,05,德榕企業有限公司,3581,忘憂書屋,20727,CF_336x280文章頁(RWD)_忘憂書屋,,,,6,6,0,6,0,0,0,0,0,100.00%,0.00%,0.00%,0.00%,0.00%,0.00%,0.00%
20260127,05,德榕企業有限公司,3582,忘憂書屋_mobile,20729,MW_蓋板_忘憂書屋,,,,18,18,0,18,0,0,0,0,0,100.00%,0.00%,0.00%,0.00%,0.00%,0.00%,0.00%
20260127,05,德榕企業有限公司,3582,忘憂書屋_mobile,20730,MW_置底創意_忘憂書屋,,,,12,12,0,12,0,0,0,0,0,100.00%,0.00%,0.00%,0.00%,0.00%,0.00%,0.00%
20260127,05,第一網站股份有限公司,2916,KiKiNote,20731,CF_300x250_banner_kikinote (PB),,知名媒體,,6,6,0,6,0,0,0,0,0,100.00%,0.00%,0.00%,0.00%,0.00%,0.00%,0.00%
20260127,05,第一網站股份有限公司,2768,czbooks,21412,(子)CF_970x250_banner_czbooks(限時段)-PB,,,子聯播網,"1,563","1,563",2,"1,561",2,0,0,0,0,100.00%,0.13%,0.13%,0.00%,0.00%,0.00%,0.00%
20260127,05,第一網站股份有限公司,3440,fsa_passback_first,21699,CF_336x280_fsa_passback_first,,,,193,193,28,165,0,28,28,0,0,100.00%,14.51%,0.00%,14.51%,14.51%,0.00%,0.00%
20260127,05,富盈數據股份有限公司,3653,TVBS-女人我最大_HB,21761,MW_文章四_336x280_TVBS-女人我最大_HB,,知名媒體,,12,12,0,12,0,0,0,0,0,100.00%,0.00%,0.00%,0.00%,0.00%,0.00%,0.00%
20260127,05,富盈數據股份有限公司,3653,TVBS-女人我最大_HB,21762,MW_文章置底_320x100_TVBS-女人我最大_HB,,知名媒體,,12,12,0,12,0,0,0,0,0,100.00%,0.00%,0.00%,0.00%,0.00%,0.00%,0.00%
20260127,05,富盈數據股份有限公司,3653,TVBS-女人我最大_HB,21763,MW_文中創意320x480_TVBS-女人我最大_HB,,知名媒體,,6,6,0,6,0,0,0,0,0,100.00%,0.00%,0.00%,0.00%,0.00%,0.00%,0.00%
20260127,05,富盈數據股份有限公司,3654,TVBS-健康2.0_HB,21765,MW_文章三_336x280_TVBS-健康2.0_HB,,知名媒體,,30,30,0,30,0,0,0,0,0,100.00%,0.00%,0.00%,0.00%,0.00%,0.00%,0.00%
20260127,05,富盈數據股份有限公司,3654,TVBS-健康2.0_HB,21768,MW_文中創意320x480_TVBS-健康2.0_HB,,知名媒體,,175,175,0,175,0,0,0,0,0,100.00%,0.00%,0.00%,0.00%,0.00%,0.00%,0.00%
20260127,05,富盈數據股份有限公司,3654,TVBS-健康2.0_HB,21812,MW_文章一_336x280_TVBS-健康2.0_HB,,知名媒體,,104,104,0,104,0,0,0,0,0,100.00%,0.00%,0.00%,0.00%,0.00%,0.00%,0.00%
20260127,05,儂儂雜誌社股份有限公司(bella儂儂),2135,Bella儂儂_2024,21876,MW-300x250_文章標題上方1_Bella儂儂,,知名媒體,,6,6,0,6,0,0,0,0,0,100.00%,0.00%,0.00%,0.00%,0.00%,0.00%,0.00%
20260127,05,富盈數據股份有限公司,3680,TVBS-新聞網_HB,21899,MW_文章一_336x280_TVBS-新聞網_HB,,知名媒體,,196,196,2,194,0,2,2,0,0,100.00%,1.02%,0.00%,1.02%,1.02%,0.00%,0.00%
20260127,05,富盈數據股份有限公司,3680,TVBS-新聞網_HB,21902,MW_文章置底_320x100_TVBS-新聞網_HB,,知名媒體,,748,748,0,748,0,0,0,0,0,100.00%,0.00%,0.00%,0.00%,0.00%,0.00%,0.00%
20260127,05,富盈數據股份有限公司,3685,玩桌遊_mobile,21924,MW_置底創意(非展開)_玩桌遊-mobile,,,,6,6,0,6,0,0,0,0,0,100.00%,0.00%,0.00%,0.00%,0.00%,0.00%,0.00%
20260127,05,富盈數據股份有限公司,2615,熱血台中,21986,CF_336x280_全網_熱血台中,,,,30,30,0,30,0,0,0,0,0,100.00%,0.00%,0.00%,0.00%,0.00%,0.00%,0.00%
20260127,05,富盈數據股份有限公司,2615,熱血台中,21987,CF_336x280_全網_熱血台中,,,,76,76,0,76,0,0,0,0,0,100.00%,0.00%,0.00%,0.00%,0.00%,0.00%,0.00%
20260127,05,富盈數據股份有限公司,3703,繁體小說,22022,MW_置底創意(非展開)_繁體小說-mobile,,,,18,18,0,18,0,0,0,0,0,100.00%,0.00%,0.00%,0.00%,0.00%,0.00%,0.00%
20260127,05,富盈數據股份有限公司,3704,天天要聞,22030,CF_300 x 250 banner_天天要聞_cpc2,,,,397,397,1,396,0,1,1,0,0,100.00%,0.25%,0.00%,0.25%,0.25%,0.00%,0.00%
20260127,05,富盈數據股份有限公司,3703,繁體小說,22031,CF_300 x 250 banner_繁體小說_cpc2,,,,54,54,0,54,0,0,0,0,0,100.00%,0.00%,0.00%,0.00%,0.00%,0.00%,0.00%
20260127,05,闇碼科技股份有限公司,3048,縮短網址產生器-reurl,22213,MW_蓋版_縮短網址產生器-reurl-2025.05(特殊供量),,知名媒體,,862,862,850,12,834,16,16,0,0,100.00%,98.61%,96.75%,1.86%,1.86%,0.00%,0.00%
20260127,05,欣發現股份有限公司,3363,大人物-mobile,22222,MW_蓋板_大人物,,知名媒體,,13,13,0,13,0,0,0,0,0,100.00%,0.00%,0.00%,0.00%,0.00%,0.00%,0.00%
20260127,05,朱光宁,3741,石頭小說3,22396,MW_置底_石頭小說3,,,,14,14,0,14,0,0,0,0,0,100.00%,0.00%,0.00%,0.00%,0.00%,0.00%,0.00%
20260127,05,朱光宁,3741,石頭小說3,22398,CF_336 x 280 banner_石頭小說3_cpc1.67,,,,"1,116","1,116",0,"1,116",0,0,0,0,0,100.00%,0.00%,0.00%,0.00%,0.00%,0.00%,0.00%
20260127,05,朱光宁,3741,石頭小說3,22399,CF_320 x 480 橫幅_石頭小說3,,,,12,12,0,12,0,0,0,0,0,100.00%,0.00%,0.00%,0.00%,0.00%,0.00%,0.00%
20260127,05,艾得基客行銷顧問股份有限公司,2825,科技紫薇,22403,MW_蓋版_科技紫微,,,,12,12,0,12,0,0,0,0,0,100.00%,0.00%,0.00%,0.00%,0.00%,0.00%,0.00%
20260127,05,闇碼科技股份有限公司,3068,限時圖片-imgus,22406,MW_置底_imgus,antifroud,,,39,39,0,39,0,0,0,0,0,100.00%,0.00%,0.00%,0.00%,0.00%,0.00%,0.00%
20260127,05,第一網站股份有限公司,2783,漫畫櫃manhuagui,22443,MW_置底_manhuagui,antifroud,,,"12,585","12,585",35,"12,550",0,35,35,0,0,100.00%,0.28%,0.00%,0.28%,0.28%,0.00%,0.00%
20260127,05,李承翰-webptt,718,Web批踢踢(RWD),2284,MW-蓋板_文中_Web批踢踢,antifroud,,,6,6,0,6,0,0,0,0,0,100.00%,0.00%,0.00%,0.00%,0.00%,0.00%,0.00%
20260127,05,麥智維,999,動漫戲說,3543,CF-728*90-內文上方-動漫戲說,antifroud,,,148,148,0,148,0,0,0,0,0,100.00%,0.00%,0.00%,0.00%,0.00%,0.00%,0.00%
20260127,05,蔡建磊,1269,跑跑資訊站,4622,CF-300X250-內文右側-跑跑資訊站,,,,6,6,2,4,0,2,2,0,0,100.00%,33.33%,0.00%,33.33%,33.33%,0.00%,0.00%
20260127,05,肖偉彬,1287,紅櫻桃小說書庫,4678,CF-內文上方-300*250-紅櫻桃小說書庫,,,,6,6,0,6,0,0,0,0,0,100.00%,0.00%,0.00%,0.00%,0.00%,0.00%,0.00%
20260127,05,肖偉彬,1287,紅櫻桃小說書庫,4717,MW_文中創意300x250_紅櫻桃小說書庫,,,,6,6,0,6,0,0,0,0,0,100.00%,0.00%,0.00%,0.00%,0.00%,0.00%,0.00%
20260127,05,肖偉彬,1347,雲台書屋,4923,CF-上方通欄-300*250-雲台書屋,,,,6,6,0,6,0,0,0,0,0,100.00%,0.00%,0.00%,0.00%,0.00%,0.00%,0.00%
20260127,05,陈晋福,1367,電視超人,4997,CF-300X250-電視超人,,,,6,6,0,6,0,0,0,0,0,100.00%,0.00%,0.00%,0.00%,0.00%,0.00%,0.00%
20260127,06,英屬維京群島商浩美數位有限公司台灣分公司,2315,Teepr亮新聞-exchange,10012,CF_336x280Banner_Teepr亮新聞-exchange,,知名媒體,,14,14,8,6,4,4,4,0,0,100.00%,57.14%,28.57%,28.57%,28.57%,0.00%,0.00%
20260127,06,昱得資訊工作室,2528,數位書香,11080,CF_728x90_首頁上方_數位書香,antifroud,,,12,12,2,10,0,2,2,0,0,100.00%,16.67%,0.00%,16.67%,16.67%,0.00%,0.00%
20260127,06,昱得資訊工作室,2528,數位書香,11081,CF_160x600_首頁右側_數位書香,antifroud,,,384,384,4,380,0,4,4,0,0,100.00%,1.04%,0.00%,1.04%,1.04%,0.00%,0.00%
20260127,06,第一網站股份有限公司,2518,麻辣家族討論區(twbts),11082,CF-728X90-twbts,antifroud,,,"1,889","1,889",0,"1,889",0,0,0,0,0,100.00%,0.00%,0.00%,0.00%,0.00%,0.00%,0.00%
20260127,06,第一網站股份有限公司,2492,ttshow,11273,MW-300X250-ttshow,,知名媒體,,12,12,0,12,0,0,0,0,0,100.00%,0.00%,0.00%,0.00%,0.00%,0.00%,0.00%
20260127,06,第一網站股份有限公司,2601,Meme梗圖倉庫,11443,CF-336X280-meme,,,,97,97,0,97,0,0,0,0,0,100.00%,0.00%,0.00%,0.00%,0.00%,0.00%,0.00%
20260127,06,艾得基客行銷顧問股份有限公司,2578,鉅亨網,12070,MW_320x480_文中創意_鉅亨網,,知名媒體,,"7,098","7,098",17,"7,081",2,15,15,0,0,100.00%,0.24%,0.03%,0.21%,0.21%,0.00%,0.00%
20260127,06,第一網站股份有限公司,2540,risu短網址,12496,CF_300x250_popup(直播) _risu短網址,antifroud,知名媒體,,6,0,0,0,0,0,0,0,0,0.00%,0.00%,0.00%,0.00%,0.00%,0.00%,0.00%
20260127,06,時報資訊股份有限公司,2770,中時電子報_HB,12559,CF_300x250_右側互動看版_中時電子報_HB,,知名媒體,,517,517,47,470,35,12,12,0,0,100.00%,9.09%,6.77%,2.32%,2.32%,0.00%,0.00%
20260127,06,時報資訊股份有限公司,2770,中時電子報_HB,12560,CF_336x280_文中看板_中時電子報_HB,,知名媒體,,398,398,37,361,28,9,9,0,0,100.00%,9.30%,7.04%,2.26%,2.26%,0.00%,0.00%
20260127,06,時報資訊股份有限公司,2770,中時電子報_HB,12561,MW_300x250_內頁TOP Banner_中時電子報_HB,antifroud,知名媒體,,"2,740","2,740",2,"2,738",0,2,2,0,0,100.00%,0.07%,0.00%,0.07%,0.07%,0.00%,0.00%
20260127,06,第一網站股份有限公司,2768,czbooks,12570,CF_728x90_banner_czbooks,,,,714,714,6,708,0,6,6,0,0,100.00%,0.84%,0.00%,0.84%,0.84%,0.00%,0.00%
20260127,06,第一網站股份有限公司,2768,czbooks,12571,CF-300x600_Banner_czbooks,,,,6,6,0,6,0,0,0,0,0,100.00%,0.00%,0.00%,0.00%,0.00%,0.00%,0.00%
20260127,06,鳳梨傳媒股份有限公司,2190,民視新聞網-Exchange,12579,CF_300x250_右側第一塊_民視新聞網-Exchange(RWD)(MCM),,知名媒體,,271,271,0,271,0,0,0,0,0,100.00%,0.00%,0.00%,0.00%,0.00%,0.00%,0.00%
20260127,06,鳳梨傳媒股份有限公司,2190,民視新聞網-Exchange,12580,CF_300x250_內文文中左側_民視新聞網-Exchange(RWD)(MCM),,知名媒體,,174,174,8,166,3,5,5,0,0,100.00%,4.60%,1.72%,2.87%,2.87%,0.00%,0.00%
20260127,06,第一網站股份有限公司,2783,漫畫櫃manhuagui,12676,CF_728X90_manhuagui,antifroud,,,"7,626","7,626",10,"7,616",2,8,8,0,0,100.00%,0.13%,0.03%,0.10%,0.10%,0.00%,0.00%
20260127,06,第一網站股份有限公司,2801,damanwoo,12868,CF-300x250_Banner_damanwoo_大人物,,,,24,24,0,24,0,0,0,0,0,100.00%,0.00%,0.00%,0.00%,0.00%,0.00%,0.00%
20260127,06,第一網站股份有限公司,2820,星座好朋友(horofriend88),12966,MW_320x100_horofriend88,antifroud,,,38,38,0,38,0,0,0,0,0,100.00%,0.00%,0.00%,0.00%,0.00%,0.00%,0.00%
20260127,06,第一網站股份有限公司,2838,mycard,13041,MW_320x480_加倍mycard,,,,174,174,174,0,0,174,174,0,0,100.00%,100.00%,0.00%,100.00%,100.00%,0.00%,0.00%
20260127,06,曾憲敏,202,85小說網,13445,MW_336X280_全量1_85小說網,,,,60,60,0,60,0,0,0,0,0,100.00%,0.00%,0.00%,0.00%,0.00%,0.00%,0.00%
20260127,06,曾憲敏,202,85小說網,13446,MW_336X280_全量2_85小說網,,,,301,301,0,301,0,0,0,0,0,100.00%,0.00%,0.00%,0.00%,0.00%,0.00%,0.00%
20260127,06,第一網站股份有限公司,2910,clickme,13549,CF_300x250_banner_clickme(一般),,,,525,525,44,481,2,42,42,0,0,100.00%,8.38%,0.38%,8.00%,8.00%,0.00%,0.00%
20260127,06,闇碼科技股份有限公司,2992,縮短網址產生器-reurl-exchange,13848,CF_300x250_轉址失敗_最右邊_reurl,,知名媒體,,9,9,9,0,9,0,0,0,0,100.00%,100.00%,100.00%,0.00%,0.00%,0.00%,0.00%
20260127,06,闇碼科技股份有限公司,2992,縮短網址產生器-reurl-exchange,13856,CF_300x250_轉址失敗頁第二塊_reurl,,知名媒體,,8,8,8,0,8,0,0,0,0,100.00%,100.00%,100.00%,0.00%,0.00%,0.00%,0.00%
20260127,06,闇碼科技股份有限公司,2992,縮短網址產生器-reurl-exchange,13861,CF_300x250_網址下方右側(PB)_reurl,,知名媒體,,6,6,0,6,0,0,0,0,0,100.00%,0.00%,0.00%,0.00%,0.00%,0.00%,0.00%
20260127,06,第一網站股份有限公司,2768,czbooks,14036,MW_320x480_CZBOOKS,antifroud,,,46,46,0,46,0,0,0,0,0,100.00%,0.00%,0.00%,0.00%,0.00%,0.00%,0.00%
20260127,06,陳人鳳,480,飛格寵物家族_PC,1407,CF-728X90_上方通欄_飛格寵物家族,,,,18,13,5,8,1,4,4,0,0,72.22%,38.46%,7.69%,30.77%,30.77%,0.00%,0.00%
20260127,06,陳人鳳,480,飛格寵物家族_PC,1408,CF-300X250_內文_飛格寵物家族,,,,85,85,29,56,0,29,29,0,0,100.00%,34.12%,0.00%,34.12%,34.12%,0.00%,0.00%
20260127,06,闇碼科技股份有限公司,3048,縮短網址產生器-reurl,14210,MW_文中創意300x250_縮短網址產生器-reurl,,知名媒體,,44,44,27,17,20,7,7,0,0,100.00%,61.36%,45.45%,15.91%,15.91%,0.00%,0.00%
20260127,06,巨思文化股份有限公司,3052,經理人_HB,14238,MW_文章結束第一塊_300x250_經理人-HB,,知名媒體,,24,24,0,24,0,0,0,0,0,100.00%,0.00%,0.00%,0.00%,0.00%,0.00%,0.00%
20260127,06,巨思文化股份有限公司,3052,經理人_HB,14241,MW_300x250_內文下方_經理人-HB,,知名媒體,,24,24,0,24,0,0,0,0,0,100.00%,0.00%,0.00%,0.00%,0.00%,0.00%,0.00%
20260127,06,富盈數據股份有限公司,3059,塔科女子,14258,CF_336x280_全網_塔科女子,,知名媒體,,36,36,0,36,0,0,0,0,0,100.00%,0.00%,0.00%,0.00%,0.00%,0.00%,0.00%
20260127,06,CBROOT LTD,3003,包子漫畫-exchange,14291,MW_300x250_蓋板(PB)_包子漫畫,,,,67,67,0,67,0,0,0,0,0,100.00%,0.00%,0.00%,0.00%,0.00%,0.00%,0.00%
20260127,06,朱光宁,3149,稷下書院-exchange,14748,MW_320x100_置底(PB)_稷下書院,,,,"12,114","12,114",81,"12,033",41,40,40,0,0,100.00%,0.67%,0.34%,0.33%,0.33%,0.00%,0.00%
20260127,06,巨思文化股份有限公司,3053,數位時代_HB,14764,MW_置底創意_(非展開)_數位時代_HB,,知名媒體,,14,14,0,14,0,0,0,0,0,100.00%,0.00%,0.00%,0.00%,0.00%,0.00%,0.00%
20260127,06,中天電視股份有限公司,3282,中天新聞網-exchange,14980,CF_970x250_內頁_PC置頂橫幅-中天新聞網-exchange,,知名媒體,,6,6,0,6,0,0,0,0,0,100.00%,0.00%,0.00%,0.00%,0.00%,0.00%,0.00%
20260127,06,曾憲敏,3327,85小說網_創意,15228,MW-創意-85小說網,,,,74,74,0,74,0,0,0,0,0,100.00%,0.00%,0.00%,0.00%,0.00%,0.00%,0.00%
20260127,06,中天電視股份有限公司,3282,中天新聞網-exchange,15859,CF_336x280_內頁_PC右側互動看板B-中天新聞網-exchange,,知名媒體,,12,12,0,12,0,0,0,0,0,100.00%,0.00%,0.00%,0.00%,0.00%,0.00%,0.00%
20260127,06,CBROOT LTD,3352,西瓜卡通-exchange,15969,CF_728x90_影音內容_西瓜卡通-exchange,,,,100,100,0,100,0,0,0,0,0,100.00%,0.00%,0.00%,0.00%,0.00%,0.00%,0.00%
20260127,06,CBROOT LTD,3352,西瓜卡通-exchange,15970,CF_160x600_影音內容_西瓜卡通-exchange,,,,246,246,0,246,0,0,0,0,0,100.00%,0.00%,0.00%,0.00%,0.00%,0.00%,0.00%
20260127,06,朱光宁,3360,提莫書屋-exchange,16957,MW_336x280banner_提莫書屋_exchange,,,,"6,966","6,965",3,"6,962",0,3,3,0,0,99.99%,0.04%,0.00%,0.04%,0.04%,0.00%,0.00%
20260127,06,朱光宁,3361,提莫書屋-mobile,16959,MW_320x480_文中創意_提莫書屋-mobile,,,,12,12,0,12,0,0,0,0,0,100.00%,0.00%,0.00%,0.00%,0.00%,0.00%,0.00%
20260127,06,巧克科技新媒體股份有限公司,1494,LINE TV,16964,CF_336x280_影音暫停頁_LINE TV,,知名媒體,,8,8,0,8,0,0,0,0,0,100.00%,0.00%,0.00%,0.00%,0.00%,0.00%,0.00%
20260127,06,欣發現股份有限公司,3365,Hami任務牆-mobile,16969,MW_置底創意_Hami任務牆,,知名媒體,,"3,930","3,930",16,"3,914",6,10,10,0,0,100.00%,0.41%,0.15%,0.25%,0.25%,0.00%,0.00%
20260127,06,欣發現股份有限公司,3365,Hami任務牆-mobile,16971,MW_文中創意300x250_Hami任務牆,,知名媒體,,30,30,0,30,0,0,0,0,0,100.00%,0.00%,0.00%,0.00%,0.00%,0.00%,0.00%
20260127,06,欣發現股份有限公司,3364,女子學-mobile,16972,MW_置底創意_女子學,antifroud,,,"2,059","2,059",18,"2,041",0,18,18,0,0,100.00%,0.87%,0.00%,0.87%,0.87%,0.00%,0.00%
20260127,06,欣發現股份有限公司,3363,大人物-mobile,16973,MW_置底創意_大人物,,知名媒體,,52,52,0,52,0,0,0,0,0,100.00%,0.00%,0.00%,0.00%,0.00%,0.00%,0.00%
20260127,06,欣發現股份有限公司,3362,妞新聞-mobile,16974,MW_置底創意_妞新聞,,知名媒體,,152,152,0,152,0,0,0,0,0,100.00%,0.00%,0.00%,0.00%,0.00%,0.00%,0.00%
20260127,06,欣發現股份有限公司,3362,妞新聞-mobile,16981,MW_文中創意300x250_妞新聞,,知名媒體,,30,30,0,30,0,0,0,0,0,100.00%,0.00%,0.00%,0.00%,0.00%,0.00%,0.00%
20260127,06,第一網站股份有限公司,2783,漫畫櫃manhuagui,17027,MW_320x480_蓋版_漫畫櫃manhuagui,,,,102,102,0,102,0,0,0,0,0,100.00%,0.00%,0.00%,0.00%,0.00%,0.00%,0.00%
20260127,06,詠勝科技有限公司,3385,Mobile01_HB,17175,CF_970x90_橫幅Banner_Mobile01_HB,,知名媒體,,81,81,17,64,10,7,7,0,0,100.00%,20.99%,12.35%,8.64%,8.64%,0.00%,0.00%
20260127,06,詠勝科技有限公司,3385,Mobile01_HB,17179,CF_300x250_熱門大看板_Mobile01_HB,,知名媒體,,72,72,10,62,4,6,6,0,0,100.00%,13.89%,5.56%,8.33%,8.33%,0.00%,0.00%
20260127,06,詠勝科技有限公司,3385,Mobile01_HB,17180,CF_300x250_置底看板左_Mobile01_HB,,知名媒體,,38,38,12,26,4,8,8,0,0,100.00%,31.58%,10.53%,21.05%,21.05%,0.00%,0.00%
20260127,06,詠勝科技有限公司,3385,Mobile01_HB,17181,CF_300x250_置底看板中_Mobile01_HB,,知名媒體,,30,30,10,20,10,0,0,0,0,100.00%,33.33%,33.33%,0.00%,0.00%,0.00%,0.00%
20260127,06,詠勝科技有限公司,3385,Mobile01_HB,17182,CF_300x250_置底看板右_Mobile01_HB,,知名媒體,,14,14,4,10,4,0,0,0,0,100.00%,28.57%,28.57%,0.00%,0.00%,0.00%,0.00%
20260127,06,詠勝科技有限公司,3385,Mobile01_HB,17183,CF_300x600_大摩天_Mobile01_HB,,知名媒體,,36,36,10,26,10,0,0,0,0,100.00%,27.78%,27.78%,0.00%,0.00%,0.00%,0.00%
20260127,06,詠勝科技有限公司,3385,Mobile01_HB,17204,MW_300x250_文中Banner(interscroller)_Mobile01_HB,,知名媒體,,12,12,0,12,0,0,0,0,0,100.00%,0.00%,0.00%,0.00%,0.00%,0.00%,0.00%
20260127,06,朱光宁,3268,稷下書院-mobile,17207,MW_320x480_蓋版_稷下書院-mobile,,,,"2,931","2,931",8,"2,923",2,6,6,0,0,100.00%,0.27%,0.07%,0.20%,0.20%,0.00%,0.00%
20260127,06,艾得基客行銷顧問股份有限公司,3391,UDN聯合新聞網,17236,MW_置底創意_UDN聯合新聞,,知名媒體,,"1,455","1,455",4,"1,451",0,4,4,0,0,100.00%,0.27%,0.00%,0.27%,0.27%,0.00%,0.00%
20260127,06,李立娟,3395,vivi0視頻-exchange,17293,CF_336x280_Banner_vivi01視頻-exchange,antifroud,,,"33,270","33,270",79,"33,191",12,67,67,0,0,100.00%,0.24%,0.04%,0.20%,0.20%,0.00%,0.00%
20260127,06,李立娟,3395,vivi0視頻-exchange,17294,MW_336x280_Banner_vivi01視頻-exchange,antifroud,,,"37,966","37,966",100,"37,866",38,62,62,0,0,100.00%,0.26%,0.10%,0.16%,0.16%,0.00%,0.00%
20260127,06,李立娟,3395,vivi0視頻-exchange,17300,MW_320x100_置底(PB)_vivi01視頻-exchange,antifroud,,,"54,725","54,725",102,"54,623",22,80,80,0,0,100.00%,0.19%,0.04%,0.15%,0.15%,0.00%,0.00%
20260127,06,李立娟,3396,趣聞圖說-Mobile,17923,MW_置底創意(展開)_趣聞圖說-Mobile,,,,34,34,2,32,0,2,2,0,0,100.00%,5.88%,0.00%,5.88%,5.88%,0.00%,0.00%
20260127,06,第一網站股份有限公司,2768,czbooks,17927,MW_置底創意_czbook,,,,"4,381","4,381",4,"4,377",2,2,2,0,0,100.00%,0.09%,0.05%,0.05%,0.05%,0.00%,0.00%
20260127,06,時報資訊股份有限公司_工商時報,3427,工商時報-exchange,18014,MW_300x250_文末Banner1_工商時報-exchange,,知名媒體,,6,6,0,6,0,0,0,0,0,100.00%,0.00%,0.00%,0.00%,0.00%,0.00%,0.00%
20260127,06,時報資訊股份有限公司_工商時報,3427,工商時報-exchange,18015,MW_300x250_文末Banner2_工商時報-exchange,,知名媒體,,148,148,0,148,0,0,0,0,0,100.00%,0.00%,0.00%,0.00%,0.00%,0.00%,0.00%
20260127,06,第一網站股份有限公司,3440,fsa_passback_first,18201,CF_336x280_fsa_passback_first,,,,661,661,20,641,20,0,0,0,0,100.00%,3.03%,3.03%,0.00%,0.00%,0.00%,0.00%
20260127,06,第一網站股份有限公司,3440,fsa_passback_first,18202,CF_300x250_fsa_passback_first,,,,137,137,0,137,0,0,0,0,0,100.00%,0.00%,0.00%,0.00%,0.00%,0.00%,0.00%
20260127,06,莊博凱,3455,夢遊電玩,18269,300x250 Banner,,,,6,6,0,6,0,0,0,0,0,100.00%,0.00%,0.00%,0.00%,0.00%,0.00%,0.00%
20260127,06,朱光宁,3268,稷下書院-mobile,18297,MW_置底創意(展開)_稷下書院-mobile,,,,78,78,0,78,0,0,0,0,0,100.00%,0.00%,0.00%,0.00%,0.00%,0.00%,0.00%
20260127,06,冰楓科技有限公司,3485,冰楓論壇-exchange,18487,CF_970x90_內文上方第一塊_冰楓論壇-exchange,,,,198,198,0,198,0,0,0,0,0,100.00%,0.00%,0.00%,0.00%,0.00%,0.00%,0.00%
20260127,06,冰楓科技有限公司,3485,冰楓論壇-exchange,18488,MW_320x100_內文上方第一塊_ 冰楓論壇-exchange,antifroud,,,24,24,0,24,0,0,0,0,0,100.00%,0.00%,0.00%,0.00%,0.00%,0.00%,0.00%
20260127,06,冰楓科技有限公司,3485,冰楓論壇-exchange,18492,MW_300x250_Banner_ 冰楓論壇-exchange,,,,60,60,0,60,0,0,0,0,0,100.00%,0.00%,0.00%,0.00%,0.00%,0.00%,0.00%
20260127,06,CBROOT LTD,3492,包子漫畫(特開流量)-exchange,18557,CF_300x600_指定流量_包子漫畫(特開流量PB)-exchange,,,,32,32,2,30,0,2,2,0,0,100.00%,6.25%,0.00%,6.25%,6.25%,0.00%,0.00%
20260127,06,CBROOT LTD,3510,包子漫畫_twmanga-exchange,18737,CF_970x90_Banner_ 包子漫畫_twmanga-exchange,,,,34,34,0,34,0,0,0,0,0,100.00%,0.00%,0.00%,0.00%,0.00%,0.00%,0.00%
20260127,06,台灣英文新聞股份有限公司,3537,台灣英文新聞(new)-exchange,18924,CF_300x250_內容頁_右側看版_1_台灣英文新聞(new)-exchange,,知名媒體,,12,12,0,12,0,0,0,0,0,100.00%,0.00%,0.00%,0.00%,0.00%,0.00%,0.00%
20260127,06,第一網站股份有限公司,2783,漫畫櫃manhuagui,20685,MW_300X250_manhuagui,antifroud,,,"2,240","2,240",32,"2,208",22,10,10,0,0,100.00%,1.43%,0.98%,0.45%,0.45%,0.00%,0.00%
20260127,06,德榕企業有限公司,3578,TW Bodhi_mobile,20708,MW_蓋板_TW Bodhi,,,,50,50,14,36,2,12,12,0,0,100.00%,28.00%,4.00%,24.00%,24.00%,0.00%,0.00%
20260127,06,第一網站股份有限公司,2768,czbooks,21412,(子)CF_970x250_banner_czbooks(限時段)-PB,,,子聯播網,954,954,10,944,0,10,10,0,0,100.00%,1.05%,0.00%,1.05%,1.05%,0.00%,0.00%
20260127,06,第一網站股份有限公司,3440,fsa_passback_first,21699,CF_336x280_fsa_passback_first,,,,170,170,0,170,0,0,0,0,0,100.00%,0.00%,0.00%,0.00%,0.00%,0.00%,0.00%
20260127,06,富盈數據股份有限公司,3653,TVBS-女人我最大_HB,21761,MW_文章四_336x280_TVBS-女人我最大_HB,,知名媒體,,108,108,0,108,0,0,0,0,0,100.00%,0.00%,0.00%,0.00%,0.00%,0.00%,0.00%
20260127,06,富盈數據股份有限公司,3653,TVBS-女人我最大_HB,21762,MW_文章置底_320x100_TVBS-女人我最大_HB,,知名媒體,,30,30,0,30,0,0,0,0,0,100.00%,0.00%,0.00%,0.00%,0.00%,0.00%,0.00%
20260127,06,富盈數據股份有限公司,3653,TVBS-女人我最大_HB,21763,MW_文中創意320x480_TVBS-女人我最大_HB,,知名媒體,,86,86,0,86,0,0,0,0,0,100.00%,0.00%,0.00%,0.00%,0.00%,0.00%,0.00%
20260127,06,富盈數據股份有限公司,3654,TVBS-健康2.0_HB,21765,MW_文章三_336x280_TVBS-健康2.0_HB,,知名媒體,,112,112,0,112,0,0,0,0,0,100.00%,0.00%,0.00%,0.00%,0.00%,0.00%,0.00%
20260127,06,富盈數據股份有限公司,3654,TVBS-健康2.0_HB,21767,MW_文章置底_320x100_TVBS-健康2.0_HB,,知名媒體,,6,6,0,6,0,0,0,0,0,100.00%,0.00%,0.00%,0.00%,0.00%,0.00%,0.00%
20260127,06,富盈數據股份有限公司,3654,TVBS-健康2.0_HB,21768,MW_文中創意320x480_TVBS-健康2.0_HB,,知名媒體,,"1,035","1,035",4,"1,031",0,4,4,0,0,100.00%,0.39%,0.00%,0.39%,0.39%,0.00%,0.00%
20260127,06,富盈數據股份有限公司,3655,TVBS-食尚玩家_HB,21770,MW_文章三_336x280_TVBS-食尚玩家_HB,,知名媒體,,6,6,0,6,0,0,0,0,0,100.00%,0.00%,0.00%,0.00%,0.00%,0.00%,0.00%
20260127,06,富盈數據股份有限公司,3654,TVBS-健康2.0_HB,21812,MW_文章一_336x280_TVBS-健康2.0_HB,,知名媒體,,417,417,2,415,0,2,2,0,0,100.00%,0.48%,0.00%,0.48%,0.48%,0.00%,0.00%
20260127,06,儂儂雜誌社股份有限公司(bella儂儂),2135,Bella儂儂_2024,21876,MW-300x250_文章標題上方1_Bella儂儂,,知名媒體,,50,50,0,50,0,0,0,0,0,100.00%,0.00%,0.00%,0.00%,0.00%,0.00%,0.00%
20260127,06,富盈數據股份有限公司,3680,TVBS-新聞網_HB,21899,MW_文章一_336x280_TVBS-新聞網_HB,,知名媒體,,"3,718","3,718",10,"3,708",2,8,8,0,0,100.00%,0.27%,0.05%,0.22%,0.22%,0.00%,0.00%
20260127,06,富盈數據股份有限公司,3680,TVBS-新聞網_HB,21902,MW_文章置底_320x100_TVBS-新聞網_HB,,知名媒體,,"4,847","4,847",10,"4,837",2,8,8,0,0,100.00%,0.21%,0.04%,0.17%,0.17%,0.00%,0.00%
20260127,06,富盈數據股份有限公司,3685,玩桌遊_mobile,21924,MW_置底創意(非展開)_玩桌遊-mobile,,,,31,31,0,31,0,0,0,0,0,100.00%,0.00%,0.00%,0.00%,0.00%,0.00%,0.00%
20260127,06,富盈數據股份有限公司,2615,熱血台中,21986,CF_336x280_全網_熱血台中,,,,50,50,0,50,0,0,0,0,0,100.00%,0.00%,0.00%,0.00%,0.00%,0.00%,0.00%
20260127,06,富盈數據股份有限公司,2615,熱血台中,21987,CF_336x280_全網_熱血台中,,,,112,112,0,112,0,0,0,0,0,100.00%,0.00%,0.00%,0.00%,0.00%,0.00%,0.00%
20260127,06,富盈數據股份有限公司,3703,繁體小說,22022,MW_置底創意(非展開)_繁體小說-mobile,,,,6,6,0,6,0,0,0,0,0,100.00%,0.00%,0.00%,0.00%,0.00%,0.00%,0.00%
20260127,06,富盈數據股份有限公司,3704,天天要聞,22030,CF_300 x 250 banner_天天要聞_cpc2,,,,"1,298","1,298",10,"1,288",1,9,9,0,0,100.00%,0.77%,0.08%,0.69%,0.69%,0.00%,0.00%
20260127,06,富盈數據股份有限公司,3703,繁體小說,22031,CF_300 x 250 banner_繁體小說_cpc2,,,,78,78,0,78,0,0,0,0,0,100.00%,0.00%,0.00%,0.00%,0.00%,0.00%,0.00%
20260127,06,闇碼科技股份有限公司,3048,縮短網址產生器-reurl,22213,MW_蓋版_縮短網址產生器-reurl-2025.05(特殊供量),,知名媒體,,35,35,26,9,19,7,7,0,0,100.00%,74.29%,54.29%,20.00%,20.00%,0.00%,0.00%
20260127,06,欣發現股份有限公司,3363,大人物-mobile,22222,MW_蓋板_大人物,,知名媒體,,102,102,0,102,0,0,0,0,0,100.00%,0.00%,0.00%,0.00%,0.00%,0.00%,0.00%
20260127,06,朱光宁,3741,石頭小說3,22396,MW_置底_石頭小說3,,,,30,30,0,30,0,0,0,0,0,100.00%,0.00%,0.00%,0.00%,0.00%,0.00%,0.00%
20260127,06,朱光宁,3741,石頭小說3,22398,CF_336 x 280 banner_石頭小說3_cpc1.67,,,,"1,450","1,450",0,"1,450",0,0,0,0,0,100.00%,0.00%,0.00%,0.00%,0.00%,0.00%,0.00%
20260127,06,朱光宁,3741,石頭小說3,22399,CF_320 x 480 橫幅_石頭小說3,,,,18,18,0,18,0,0,0,0,0,100.00%,0.00%,0.00%,0.00%,0.00%,0.00%,0.00%
20260127,06,艾得基客行銷顧問股份有限公司,2825,科技紫薇,22403,MW_蓋版_科技紫微,,,,12,12,0,12,0,0,0,0,0,100.00%,0.00%,0.00%,0.00%,0.00%,0.00%,0.00%
20260127,06,闇碼科技股份有限公司,3068,限時圖片-imgus,22406,MW_置底_imgus,antifroud,,,150,150,0,150,0,0,0,0,0,100.00%,0.00%,0.00%,0.00%,0.00%,0.00%,0.00%
20260127,06,第一網站股份有限公司,2783,漫畫櫃manhuagui,22443,MW_置底_manhuagui,antifroud,,,"4,768","4,768",0,"4,768",0,0,0,0,0,100.00%,0.00%,0.00%,0.00%,0.00%,0.00%,0.00%
20260127,06,艾得基客行銷顧問股份有限公司,3752,ＭoneyDJ,22515,MW_300x250 BANNER_MoneyDJ,antifroud,知名媒體,,66,66,0,66,0,0,0,0,0,100.00%,0.00%,0.00%,0.00%,0.00%,0.00%,0.00%
20260127,06,李承翰-webptt,718,Web批踢踢(RWD),2284,MW-蓋板_文中_Web批踢踢,antifroud,,,12,12,0,12,0,0,0,0,0,100.00%,0.00%,0.00%,0.00%,0.00%,0.00%,0.00%
20260127,06,麥智維,999,動漫戲說,3543,CF-728*90-內文上方-動漫戲說,antifroud,,,124,124,0,124,0,0,0,0,0,100.00%,0.00%,0.00%,0.00%,0.00%,0.00%,0.00%
20260127,06,肖偉彬,1287,紅櫻桃小說書庫,4678,CF-內文上方-300*250-紅櫻桃小說書庫,,,,6,6,0,6,0,0,0,0,0,100.00%,0.00%,0.00%,0.00%,0.00%,0.00%,0.00%
20260127,06,肖偉彬,1287,紅櫻桃小說書庫,4717,MW_文中創意300x250_紅櫻桃小說書庫,,,,12,12,0,12,0,0,0,0,0,100.00%,0.00%,0.00%,0.00%,0.00%,0.00%,0.00%
20260127,06,技達創意資訊有限公司,1299,泰好網,4734,MW-320*100-首頁、內文上方-泰好網,,,,18,2,2,0,2,0,0,0,0,11.11%,100.00%,100.00%,0.00%,0.00%,0.00%,0.00%
20260127,06,陈晋福,1367,電視超人,4997,CF-300X250-電視超人,,,,6,6,0,6,0,0,0,0,0,100.00%,0.00%,0.00%,0.00%,0.00%,0.00%,0.00%
20260127,06,麥智維,999,動漫戲說,6069,CF-300*250-首頁-動漫戲說,,,,8,8,0,8,0,0,0,0,0,100.00%,0.00%,0.00%,0.00%,0.00%,0.00%,0.00%
20260127,06,巧克科技新媒體股份有限公司,2127,LINE TV_Banner-exchange,8576,CF_336x280_戲劇-右側好康資訊下方_LINE TV-exchange,,知名媒體,,24,24,2,22,2,0,0,0,0,100.00%,8.33%,8.33%,0.00%,0.00%,0.00%,0.00%
20260127,06,巧克科技新媒體股份有限公司,2127,LINE TV_Banner-exchange,8577,CF_336x280_戲劇-右側好康資訊上方_LINE TV-exchange,,知名媒體,,48,48,4,44,0,4,4,0,0,100.00%,8.33%,0.00%,8.33%,8.33%,0.00%,0.00%
20260127,06,冰楓科技有限公司,1711,冰楓短網址,9308,ＭＷ-300X250-跳轉頁下方-冰楓短網址,,,,6,6,0,6,0,0,0,0,0,100.00%,0.00%,0.00%,0.00%,0.00%,0.00%,0.00%
20260127,07,英屬維京群島商浩美數位有限公司台灣分公司,2315,Teepr亮新聞-exchange,10012,CF_336x280Banner_Teepr亮新聞-exchange,,知名媒體,,12,12,0,12,0,0,0,0,0,100.00%,0.00%,0.00%,0.00%,0.00%,0.00%,0.00%
20260127,07,三立電視股份有限公司,269,三立新聞網_Mobile,11013,MW-置底創意廣告_三立新聞網,,知名媒體,,"6,131","6,131",10,"6,121",0,10,10,0,0,100.00%,0.16%,0.00%,0.16%,0.16%,0.00%,0.00%
20260127,07,昱得資訊工作室,2528,數位書香,11081,CF_160x600_首頁右側_數位書香,antifroud,,,365,365,0,365,0,0,0,0,0,100.00%,0.00%,0.00%,0.00%,0.00%,0.00%,0.00%
20260127,07,第一網站股份有限公司,2518,麻辣家族討論區(twbts),11082,CF-728X90-twbts,antifroud,,,"1,916","1,916",0,"1,916",0,0,0,0,0,100.00%,0.00%,0.00%,0.00%,0.00%,0.00%,0.00%
20260127,07,第一網站股份有限公司,2601,Meme梗圖倉庫,11443,CF-336X280-meme,,,,54,54,12,42,12,0,0,0,0,100.00%,22.22%,22.22%,0.00%,0.00%,0.00%,0.00%
20260127,07,艾得基客行銷顧問股份有限公司,2578,鉅亨網,12070,MW_320x480_文中創意_鉅亨網,,知名媒體,,"14,771","14,771",56,"14,715",4,52,52,0,0,100.00%,0.38%,0.03%,0.35%,0.35%,0.00%,0.00%
20260127,07,時報資訊股份有限公司,2770,中時電子報_HB,12559,CF_300x250_右側互動看版_中時電子報_HB,,知名媒體,,799,799,31,768,2,29,29,0,0,100.00%,3.88%,0.25%,3.63%,3.63%,0.00%,0.00%
20260127,07,時報資訊股份有限公司,2770,中時電子報_HB,12560,CF_336x280_文中看板_中時電子報_HB,,知名媒體,,696,696,27,669,6,21,21,0,0,100.00%,3.88%,0.86%,3.02%,3.02%,0.00%,0.00%
20260127,07,時報資訊股份有限公司,2770,中時電子報_HB,12561,MW_300x250_內頁TOP Banner_中時電子報_HB,antifroud,知名媒體,,"3,803","3,803",36,"3,767",22,14,14,0,0,100.00%,0.95%,0.58%,0.37%,0.37%,0.00%,0.00%
20260127,07,第一網站股份有限公司,2768,czbooks,12570,CF_728x90_banner_czbooks,,,,"1,263","1,263",4,"1,259",2,2,2,0,0,100.00%,0.32%,0.16%,0.16%,0.16%,0.00%,0.00%
20260127,07,第一網站股份有限公司,2768,czbooks,12571,CF-300x600_Banner_czbooks,,,,104,104,0,104,0,0,0,0,0,100.00%,0.00%,0.00%,0.00%,0.00%,0.00%,0.00%
20260127,07,鳳梨傳媒股份有限公司,2190,民視新聞網-Exchange,12579,CF_300x250_右側第一塊_民視新聞網-Exchange(RWD)(MCM),,知名媒體,,"1,192","1,192",2,"1,190",0,2,2,0,0,100.00%,0.17%,0.00%,0.17%,0.17%,0.00%,0.00%
20260127,07,鳳梨傳媒股份有限公司,2190,民視新聞網-Exchange,12580,CF_300x250_內文文中左側_民視新聞網-Exchange(RWD)(MCM),,知名媒體,,"1,157","1,157",23,"1,134",5,18,18,0,0,100.00%,1.99%,0.43%,1.56%,1.56%,0.00%,0.00%
20260127,07,第一網站股份有限公司,2783,漫畫櫃manhuagui,12676,CF_728X90_manhuagui,antifroud,,,"10,625","10,625",22,"10,603",0,22,22,0,0,100.00%,0.21%,0.00%,0.21%,0.21%,0.00%,0.00%
20260127,07,艾得基客行銷顧問股份有限公司,2635,工商時報,12761,MW_320x480_文中創意_工商時報new,,知名媒體,,"9,129","9,129",10,"9,119",2,8,8,0,0,100.00%,0.11%,0.02%,0.09%,0.09%,0.00%,0.00%
20260127,07,第一網站股份有限公司,2820,星座好朋友(horofriend88),12966,MW_320x100_horofriend88,antifroud,,,134,134,0,134,0,0,0,0,0,100.00%,0.00%,0.00%,0.00%,0.00%,0.00%,0.00%
20260127,07,第一網站股份有限公司,2836,vivi01,13032,MW_置底創意_vivi01 ViVi視頻,,,,15,15,0,15,0,0,0,0,0,100.00%,0.00%,0.00%,0.00%,0.00%,0.00%,0.00%
20260127,07,第一網站股份有限公司,2838,mycard,13041,MW_320x480_加倍mycard,,,,173,173,173,0,0,173,173,0,0,100.00%,100.00%,0.00%,100.00%,100.00%,0.00%,0.00%
20260127,07,曾憲敏,202,85小說網,13445,MW_336X280_全量1_85小說網,,,,218,218,0,218,0,0,0,0,0,100.00%,0.00%,0.00%,0.00%,0.00%,0.00%,0.00%
20260127,07,曾憲敏,202,85小說網,13446,MW_336X280_全量2_85小說網,,,,"1,036","1,036",0,"1,036",0,0,0,0,0,100.00%,0.00%,0.00%,0.00%,0.00%,0.00%,0.00%
20260127,07,第一網站股份有限公司,2910,clickme,13549,CF_300x250_banner_clickme(一般),,,,263,263,8,255,8,0,0,0,0,100.00%,3.04%,3.04%,0.00%,0.00%,0.00%,0.00%
20260127,07,第一網站股份有限公司,2768,czbooks,14036,MW_320x480_CZBOOKS,antifroud,,,127,127,0,127,0,0,0,0,0,100.00%,0.00%,0.00%,0.00%,0.00%,0.00%,0.00%
20260127,07,陳人鳳,480,飛格寵物家族_PC,1407,CF-728X90_上方通欄_飛格寵物家族,,,,32,32,5,27,0,5,5,0,0,100.00%,15.62%,0.00%,15.62%,15.62%,0.00%,0.00%
20260127,07,陳人鳳,480,飛格寵物家族_PC,1408,CF-300X250_內文_飛格寵物家族,,,,88,88,25,63,0,25,25,0,0,100.00%,28.41%,0.00%,28.41%,28.41%,0.00%,0.00%
20260127,07,飛凡傳播股份有限公司,1921,非凡新聞台-exchange,14188,MW_300x250_內文上方_非凡新聞-exchange,antifroud,知名媒體,,33,33,33,0,31,2,2,0,0,100.00%,100.00%,93.94%,6.06%,6.06%,0.00%,0.00%
20260127,07,闇碼科技股份有限公司,3048,縮短網址產生器-reurl,14210,MW_文中創意300x250_縮短網址產生器-reurl,,知名媒體,,"1,012","1,012",959,53,943,16,16,0,0,100.00%,94.76%,93.18%,1.58%,1.58%,0.00%,0.00%
20260127,07,巨思文化股份有限公司,3052,經理人_HB,14238,MW_文章結束第一塊_300x250_經理人-HB,,知名媒體,,54,54,0,54,0,0,0,0,0,100.00%,0.00%,0.00%,0.00%,0.00%,0.00%,0.00%
20260127,07,巨思文化股份有限公司,3052,經理人_HB,14241,MW_300x250_內文下方_經理人-HB,,知名媒體,,40,40,0,40,0,0,0,0,0,100.00%,0.00%,0.00%,0.00%,0.00%,0.00%,0.00%
20260127,07,巨思文化股份有限公司,3053,數位時代_HB,14246,MW_300x250_文章結束第一塊_數位時代-HB,,知名媒體,,12,12,0,12,0,0,0,0,0,100.00%,0.00%,0.00%,0.00%,0.00%,0.00%,0.00%
20260127,07,富盈數據股份有限公司,3059,塔科女子,14258,CF_336x280_全網_塔科女子,,知名媒體,,30,30,0,30,0,0,0,0,0,100.00%,0.00%,0.00%,0.00%,0.00%,0.00%,0.00%
20260127,07,CBROOT LTD,3003,包子漫畫-exchange,14291,MW_300x250_蓋板(PB)_包子漫畫,,,,130,130,8,122,0,8,8,0,0,100.00%,6.15%,0.00%,6.15%,6.15%,0.00%,0.00%
20260127,07,朱光宁,3149,稷下書院-exchange,14748,MW_320x100_置底(PB)_稷下書院,,,,"19,974","19,974",96,"19,878",59,37,37,0,0,100.00%,0.48%,0.30%,0.19%,0.19%,0.00%,0.00%
20260127,07,巨思文化股份有限公司,3053,數位時代_HB,14764,MW_置底創意_(非展開)_數位時代_HB,,知名媒體,,110,110,0,110,0,0,0,0,0,100.00%,0.00%,0.00%,0.00%,0.00%,0.00%,0.00%
20260127,07,中天電視股份有限公司,3283,中天新聞網-mobile,14918,MW_置底創意(非展開)_中天新聞網-mobile,,知名媒體,,509,509,0,509,0,0,0,0,0,100.00%,0.00%,0.00%,0.00%,0.00%,0.00%,0.00%
20260127,07,曾憲敏,3327,85小說網_創意,15227,MW-300X250_85小說網_隨身影音PB,,,,20,20,0,20,0,0,0,0,0,100.00%,0.00%,0.00%,0.00%,0.00%,0.00%,0.00%
20260127,07,曾憲敏,3327,85小說網_創意,15228,MW-創意-85小說網,,,,167,167,0,167,0,0,0,0,0,100.00%,0.00%,0.00%,0.00%,0.00%,0.00%,0.00%
20260127,07,千晶文化事業股份有限公司,3336,Beauty 美人圈,15252,MW_文中創意320x480_Beauty 美人圈,,知名媒體,,30,30,0,30,0,0,0,0,0,100.00%,0.00%,0.00%,0.00%,0.00%,0.00%,0.00%
20260127,07,千晶文化事業股份有限公司,3336,Beauty 美人圈,15254,MW_置底創意(非展開)_ Beauty 美人圈,,知名媒體,,"2,929","2,929",8,"2,921",0,8,8,0,0,100.00%,0.27%,0.00%,0.27%,0.27%,0.00%,0.00%
20260127,07,中天電視股份有限公司,3282,中天新聞網-exchange,15859,CF_336x280_內頁_PC右側互動看板B-中天新聞網-exchange,,知名媒體,,94,94,14,80,8,6,6,0,0,100.00%,14.89%,8.51%,6.38%,6.38%,0.00%,0.00%
20260127,07,CBROOT LTD,3352,西瓜卡通-exchange,15970,CF_160x600_影音內容_西瓜卡通-exchange,,,,152,152,0,152,0,0,0,0,0,100.00%,0.00%,0.00%,0.00%,0.00%,0.00%,0.00%
20260127,07,朱光宁,3360,提莫書屋-exchange,16957,MW_336x280banner_提莫書屋_exchange,,,,"11,073","11,073",18,"11,055",10,8,8,0,0,100.00%,0.16%,0.09%,0.07%,0.07%,0.00%,0.00%
20260127,07,朱光宁,3361,提莫書屋-mobile,16958,MW_置底創意_提莫書屋-mobile,,,,6,6,1,5,0,1,1,0,0,100.00%,16.67%,0.00%,16.67%,16.67%,0.00%,0.00%
20260127,07,朱光宁,3361,提莫書屋-mobile,16959,MW_320x480_文中創意_提莫書屋-mobile,,,,64,64,0,64,0,0,0,0,0,100.00%,0.00%,0.00%,0.00%,0.00%,0.00%,0.00%
20260127,07,欣發現股份有限公司,3365,Hami任務牆-mobile,16969,MW_置底創意_Hami任務牆,,知名媒體,,981,981,0,981,0,0,0,0,0,100.00%,0.00%,0.00%,0.00%,0.00%,0.00%,0.00%
20260127,07,欣發現股份有限公司,3365,Hami任務牆-mobile,16971,MW_文中創意300x250_Hami任務牆,,知名媒體,,26,26,0,26,0,0,0,0,0,100.00%,0.00%,0.00%,0.00%,0.00%,0.00%,0.00%
20260127,07,欣發現股份有限公司,3364,女子學-mobile,16972,MW_置底創意_女子學,antifroud,,,"1,092","1,092",0,"1,092",0,0,0,0,0,100.00%,0.00%,0.00%,0.00%,0.00%,0.00%,0.00%
20260127,07,欣發現股份有限公司,3363,大人物-mobile,16973,MW_置底創意_大人物,,知名媒體,,68,68,0,68,0,0,0,0,0,100.00%,0.00%,0.00%,0.00%,0.00%,0.00%,0.00%
20260127,07,欣發現股份有限公司,3362,妞新聞-mobile,16974,MW_置底創意_妞新聞,,知名媒體,,86,86,0,86,0,0,0,0,0,100.00%,0.00%,0.00%,0.00%,0.00%,0.00%,0.00%
20260127,07,欣發現股份有限公司,3362,妞新聞-mobile,16981,MW_文中創意300x250_妞新聞,,知名媒體,,18,18,0,18,0,0,0,0,0,100.00%,0.00%,0.00%,0.00%,0.00%,0.00%,0.00%
20260127,07,第一網站股份有限公司,2783,漫畫櫃manhuagui,17027,MW_320x480_蓋版_漫畫櫃manhuagui,,,,161,161,0,161,0,0,0,0,0,100.00%,0.00%,0.00%,0.00%,0.00%,0.00%,0.00%
20260127,07,詠勝科技有限公司,3385,Mobile01_HB,17175,CF_970x90_橫幅Banner_Mobile01_HB,,知名媒體,,100,100,8,92,4,4,4,0,0,100.00%,8.00%,4.00%,4.00%,4.00%,0.00%,0.00%
20260127,07,詠勝科技有限公司,3385,Mobile01_HB,17179,CF_300x250_熱門大看板_Mobile01_HB,,知名媒體,,6,6,1,5,0,1,1,0,0,100.00%,16.67%,0.00%,16.67%,16.67%,0.00%,0.00%
20260127,07,詠勝科技有限公司,3385,Mobile01_HB,17180,CF_300x250_置底看板左_Mobile01_HB,,知名媒體,,18,18,0,18,0,0,0,0,0,100.00%,0.00%,0.00%,0.00%,0.00%,0.00%,0.00%
20260127,07,詠勝科技有限公司,3385,Mobile01_HB,17181,CF_300x250_置底看板中_Mobile01_HB,,知名媒體,,18,18,0,18,0,0,0,0,0,100.00%,0.00%,0.00%,0.00%,0.00%,0.00%,0.00%
20260127,07,詠勝科技有限公司,3385,Mobile01_HB,17182,CF_300x250_置底看板右_Mobile01_HB,,知名媒體,,24,24,0,24,0,0,0,0,0,100.00%,0.00%,0.00%,0.00%,0.00%,0.00%,0.00%
20260127,07,詠勝科技有限公司,3385,Mobile01_HB,17183,CF_300x600_大摩天_Mobile01_HB,,知名媒體,,32,32,4,28,4,0,0,0,0,100.00%,12.50%,12.50%,0.00%,0.00%,0.00%,0.00%
20260127,07,詠勝科技有限公司,3385,Mobile01_HB,17195,CF_300x600_特殊大摩天_Mobile01_HB,,知名媒體,,10,10,4,6,0,4,4,0,0,100.00%,40.00%,0.00%,40.00%,40.00%,0.00%,0.00%
20260127,07,詠勝科技有限公司,3385,Mobile01_HB,17204,MW_300x250_文中Banner(interscroller)_Mobile01_HB,,知名媒體,,20,20,0,20,0,0,0,0,0,100.00%,0.00%,0.00%,0.00%,0.00%,0.00%,0.00%
20260127,07,朱光宁,3268,稷下書院-mobile,17207,MW_320x480_蓋版_稷下書院-mobile,,,,"3,654","3,654",11,"3,643",0,11,11,0,0,100.00%,0.30%,0.00%,0.30%,0.30%,0.00%,0.00%
20260127,07,李立娟,3395,vivi0視頻-exchange,17293,CF_336x280_Banner_vivi01視頻-exchange,antifroud,,,"44,869","44,869",86,"44,783",36,50,50,0,0,100.00%,0.19%,0.08%,0.11%,0.11%,0.00%,0.00%
20260127,07,李立娟,3395,vivi0視頻-exchange,17294,MW_336x280_Banner_vivi01視頻-exchange,antifroud,,,"51,620","51,620",95,"51,525",26,69,69,0,0,100.00%,0.18%,0.05%,0.13%,0.13%,0.00%,0.00%
20260127,07,李立娟,3395,vivi0視頻-exchange,17300,MW_320x100_置底(PB)_vivi01視頻-exchange,antifroud,,,"80,344","80,344",119,"80,225",11,108,108,0,0,100.00%,0.15%,0.01%,0.13%,0.13%,0.00%,0.00%
20260127,07,李立娟,3396,趣聞圖說-Mobile,17923,MW_置底創意(展開)_趣聞圖說-Mobile,,,,6,6,0,6,0,0,0,0,0,100.00%,0.00%,0.00%,0.00%,0.00%,0.00%,0.00%
20260127,07,第一網站股份有限公司,2768,czbooks,17927,MW_置底創意_czbook,,,,"9,228","9,228",15,"9,213",2,13,13,0,0,100.00%,0.16%,0.02%,0.14%,0.14%,0.00%,0.00%
20260127,07,中天電視股份有限公司,3283,中天新聞網-mobile,17937,MW_置底創意(展開)_中天新聞網-mobile,,知名媒體,,"13,357","13,357",28,"13,329",2,26,26,0,0,100.00%,0.21%,0.01%,0.19%,0.19%,0.00%,0.00%
20260127,07,時報資訊股份有限公司_工商時報,3427,工商時報-exchange,18003,CF_300x250_互動看板2_工商時報-exchange,,知名媒體,,6,6,0,6,0,0,0,0,0,100.00%,0.00%,0.00%,0.00%,0.00%,0.00%,0.00%
20260127,07,時報資訊股份有限公司_工商時報,3427,工商時報-exchange,18007,CF_336x280_文末右側看板_工商時報-exchange,,知名媒體,,6,6,0,6,0,0,0,0,0,100.00%,0.00%,0.00%,0.00%,0.00%,0.00%,0.00%
20260127,07,時報資訊股份有限公司_工商時報,3427,工商時報-exchange,18008,CF_336x280_文末左側看板_工商時報-exchange,,知名媒體,,6,6,0,6,0,0,0,0,0,100.00%,0.00%,0.00%,0.00%,0.00%,0.00%,0.00%
20260127,07,時報資訊股份有限公司_工商時報,3427,工商時報-exchange,18014,MW_300x250_文末Banner1_工商時報-exchange,,知名媒體,,51,51,0,51,0,0,0,0,0,100.00%,0.00%,0.00%,0.00%,0.00%,0.00%,0.00%
20260127,07,時報資訊股份有限公司_工商時報,3427,工商時報-exchange,18015,MW_300x250_文末Banner2_工商時報-exchange,,知名媒體,,384,384,0,384,0,0,0,0,0,100.00%,0.00%,0.00%,0.00%,0.00%,0.00%,0.00%
20260127,07,第一網站股份有限公司,3440,fsa_passback_first,18201,CF_336x280_fsa_passback_first,,,,475,475,2,473,0,2,2,0,0,100.00%,0.42%,0.00%,0.42%,0.42%,0.00%,0.00%
20260127,07,第一網站股份有限公司,3440,fsa_passback_first,18202,CF_300x250_fsa_passback_first,,,,446,446,10,436,6,4,4,0,0,100.00%,2.24%,1.35%,0.90%,0.90%,0.00%,0.00%
20260127,07,莊博凱,1676,夢遊電玩-exchange,18264,MW-336x280_內文上方_夢遊電玩_exchange,,,,6,6,0,6,0,0,0,0,0,100.00%,0.00%,0.00%,0.00%,0.00%,0.00%,0.00%
20260127,07,莊博凱,3455,夢遊電玩,18269,300x250 Banner,,,,6,6,0,6,0,0,0,0,0,100.00%,0.00%,0.00%,0.00%,0.00%,0.00%,0.00%
20260127,07,朱光宁,3268,稷下書院-mobile,18297,MW_置底創意(展開)_稷下書院-mobile,,,,220,220,0,220,0,0,0,0,0,100.00%,0.00%,0.00%,0.00%,0.00%,0.00%,0.00%
20260127,07,冰楓科技有限公司,3485,冰楓論壇-exchange,18487,CF_970x90_內文上方第一塊_冰楓論壇-exchange,,,,289,289,0,289,0,0,0,0,0,100.00%,0.00%,0.00%,0.00%,0.00%,0.00%,0.00%
20260127,07,冰楓科技有限公司,3485,冰楓論壇-exchange,18488,MW_320x100_內文上方第一塊_ 冰楓論壇-exchange,antifroud,,,51,51,0,51,0,0,0,0,0,100.00%,0.00%,0.00%,0.00%,0.00%,0.00%,0.00%
20260127,07,冰楓科技有限公司,3485,冰楓論壇-exchange,18492,MW_300x250_Banner_ 冰楓論壇-exchange,,,,142,142,0,142,0,0,0,0,0,100.00%,0.00%,0.00%,0.00%,0.00%,0.00%,0.00%
20260127,07,CBROOT LTD,3492,包子漫畫(特開流量)-exchange,18557,CF_300x600_指定流量_包子漫畫(特開流量PB)-exchange,,,,72,72,1,71,0,1,1,0,0,100.00%,1.39%,0.00%,1.39%,1.39%,0.00%,0.00%
20260127,07,CBROOT LTD,3510,包子漫畫_twmanga-exchange,18737,CF_970x90_Banner_ 包子漫畫_twmanga-exchange,,,,65,65,0,65,0,0,0,0,0,100.00%,0.00%,0.00%,0.00%,0.00%,0.00%,0.00%
20260127,07,台灣英文新聞股份有限公司,3537,台灣英文新聞(new)-exchange,18924,CF_300x250_內容頁_右側看版_1_台灣英文新聞(new)-exchange,,知名媒體,,18,18,6,12,6,0,0,0,0,100.00%,33.33%,33.33%,0.00%,0.00%,0.00%,0.00%
20260127,07,艾得基客行銷顧問股份有限公司,3552,玩具人,19044,MW_320x480_文中創意_玩具人,,知名媒體,,36,36,0,36,0,0,0,0,0,100.00%,0.00%,0.00%,0.00%,0.00%,0.00%,0.00%
20260127,07,第一網站股份有限公司,2783,漫畫櫃manhuagui,20685,MW_300X250_manhuagui,antifroud,,,"2,490","2,490",20,"2,470",18,2,2,0,0,100.00%,0.80%,0.72%,0.08%,0.08%,0.00%,0.00%
20260127,07,德榕企業有限公司,3578,TW Bodhi_mobile,20707,MW_置底創意_TW Bodhi,,,,34,34,0,34,0,0,0,0,0,100.00%,0.00%,0.00%,0.00%,0.00%,0.00%,0.00%
20260127,07,德榕企業有限公司,3578,TW Bodhi_mobile,20708,MW_蓋板_TW Bodhi,,,,178,178,0,178,0,0,0,0,0,100.00%,0.00%,0.00%,0.00%,0.00%,0.00%,0.00%
20260127,07,德榕企業有限公司,3581,忘憂書屋,20727,CF_336x280文章頁(RWD)_忘憂書屋,,,,20,20,0,20,0,0,0,0,0,100.00%,0.00%,0.00%,0.00%,0.00%,0.00%,0.00%
20260127,07,德榕企業有限公司,3582,忘憂書屋_mobile,20729,MW_蓋板_忘憂書屋,,,,6,6,0,6,0,0,0,0,0,100.00%,0.00%,0.00%,0.00%,0.00%,0.00%,0.00%
20260127,07,德榕企業有限公司,3582,忘憂書屋_mobile,20730,MW_置底創意_忘憂書屋,,,,18,18,0,18,0,0,0,0,0,100.00%,0.00%,0.00%,0.00%,0.00%,0.00%,0.00%
20260127,07,第一網站股份有限公司,2916,KiKiNote,20731,CF_300x250_banner_kikinote (PB),,知名媒體,,26,26,0,26,0,0,0,0,0,100.00%,0.00%,0.00%,0.00%,0.00%,0.00%,0.00%
20260127,07,艾得基客行銷顧問股份有限公司,3609,商妮吃喝遊樂,21319,MW_320x480_文中創意_商妮吃喝遊樂,,,,12,12,0,12,0,0,0,0,0,100.00%,0.00%,0.00%,0.00%,0.00%,0.00%,0.00%
20260127,07,第一網站股份有限公司,2768,czbooks,21412,(子)CF_970x250_banner_czbooks(限時段)-PB,,,子聯播網,"1,330","1,330",4,"1,326",2,2,2,0,0,100.00%,0.30%,0.15%,0.15%,0.15%,0.00%,0.00%
20260127,07,第一網站股份有限公司,3440,fsa_passback_first,21699,CF_336x280_fsa_passback_first,,,,444,444,0,444,0,0,0,0,0,100.00%,0.00%,0.00%,0.00%,0.00%,0.00%,0.00%
20260127,07,富盈數據股份有限公司,3653,TVBS-女人我最大_HB,21760,MW_文章三_336x280_TVBS-女人我最大_HB,,知名媒體,,12,12,0,12,0,0,0,0,0,100.00%,0.00%,0.00%,0.00%,0.00%,0.00%,0.00%
20260127,07,富盈數據股份有限公司,3653,TVBS-女人我最大_HB,21761,MW_文章四_336x280_TVBS-女人我最大_HB,,知名媒體,,400,400,1,399,0,1,1,0,0,100.00%,0.25%,0.00%,0.25%,0.25%,0.00%,0.00%
20260127,07,富盈數據股份有限公司,3653,TVBS-女人我最大_HB,21762,MW_文章置底_320x100_TVBS-女人我最大_HB,,知名媒體,,114,114,0,114,0,0,0,0,0,100.00%,0.00%,0.00%,0.00%,0.00%,0.00%,0.00%
20260127,07,富盈數據股份有限公司,3653,TVBS-女人我最大_HB,21763,MW_文中創意320x480_TVBS-女人我最大_HB,,知名媒體,,389,389,2,387,0,2,2,0,0,100.00%,0.51%,0.00%,0.51%,0.51%,0.00%,0.00%
20260127,07,富盈數據股份有限公司,3654,TVBS-健康2.0_HB,21765,MW_文章三_336x280_TVBS-健康2.0_HB,,知名媒體,,210,210,0,210,0,0,0,0,0,100.00%,0.00%,0.00%,0.00%,0.00%,0.00%,0.00%
20260127,07,富盈數據股份有限公司,3654,TVBS-健康2.0_HB,21767,MW_文章置底_320x100_TVBS-健康2.0_HB,,知名媒體,,6,6,0,6,0,0,0,0,0,100.00%,0.00%,0.00%,0.00%,0.00%,0.00%,0.00%
20260127,07,富盈數據股份有限公司,3654,TVBS-健康2.0_HB,21768,MW_文中創意320x480_TVBS-健康2.0_HB,,知名媒體,,"4,587","4,587",1,"4,586",0,1,1,0,0,100.00%,0.02%,0.00%,0.02%,0.02%,0.00%,0.00%
20260127,07,富盈數據股份有限公司,3655,TVBS-食尚玩家_HB,21770,MW_文章三_336x280_TVBS-食尚玩家_HB,,知名媒體,,39,39,1,38,0,1,1,0,0,100.00%,2.56%,0.00%,2.56%,2.56%,0.00%,0.00%
20260127,07,富盈數據股份有限公司,3655,TVBS-食尚玩家_HB,21773,MW_文中創意320x480_TVBS-食尚玩家_HB,,知名媒體,,144,144,0,144,0,0,0,0,0,100.00%,0.00%,0.00%,0.00%,0.00%,0.00%,0.00%
20260127,07,富盈數據股份有限公司,3653,TVBS-女人我最大_HB,21803,MW_文章一_336x280_TVBS-女人我最大_HB,,知名媒體,,6,6,0,6,0,0,0,0,0,100.00%,0.00%,0.00%,0.00%,0.00%,0.00%,0.00%
20260127,07,富盈數據股份有限公司,3654,TVBS-健康2.0_HB,21812,MW_文章一_336x280_TVBS-健康2.0_HB,,知名媒體,,"1,002","1,002",2,"1,000",0,2,2,0,0,100.00%,0.20%,0.00%,0.20%,0.20%,0.00%,0.00%
20260127,07,儂儂雜誌社股份有限公司(bella儂儂),2135,Bella儂儂_2024,21876,MW-300x250_文章標題上方1_Bella儂儂,,知名媒體,,112,112,0,112,0,0,0,0,0,100.00%,0.00%,0.00%,0.00%,0.00%,0.00%,0.00%
20260127,07,富盈數據股份有限公司,3680,TVBS-新聞網_HB,21899,MW_文章一_336x280_TVBS-新聞網_HB,,知名媒體,,"5,280","5,280",17,"5,263",0,17,17,0,0,100.00%,0.32%,0.00%,0.32%,0.32%,0.00%,0.00%
20260127,07,富盈數據股份有限公司,3680,TVBS-新聞網_HB,21900,MW_文章三_336x280_TVBS-新聞網_HB,,知名媒體,,136,136,0,136,0,0,0,0,0,100.00%,0.00%,0.00%,0.00%,0.00%,0.00%,0.00%
20260127,07,富盈數據股份有限公司,3680,TVBS-新聞網_HB,21902,MW_文章置底_320x100_TVBS-新聞網_HB,,知名媒體,,"6,362","6,362",17,"6,345",0,17,17,0,0,100.00%,0.27%,0.00%,0.27%,0.27%,0.00%,0.00%
20260127,07,富盈數據股份有限公司,3684,稅美人_mobile,21923,MW_置底創意(非展開)_稅美人-mobile,,,,6,6,0,6,0,0,0,0,0,100.00%,0.00%,0.00%,0.00%,0.00%,0.00%,0.00%
20260127,07,富盈數據股份有限公司,3685,玩桌遊_mobile,21924,MW_置底創意(非展開)_玩桌遊-mobile,,,,42,42,0,42,0,0,0,0,0,100.00%,0.00%,0.00%,0.00%,0.00%,0.00%,0.00%
20260127,07,富盈數據股份有限公司,2615,熱血台中,21986,CF_336x280_全網_熱血台中,,,,76,76,6,70,0,6,6,0,0,100.00%,7.89%,0.00%,7.89%,7.89%,0.00%,0.00%
20260127,07,富盈數據股份有限公司,2615,熱血台中,21987,CF_336x280_全網_熱血台中,,,,152,152,6,146,0,6,6,0,0,100.00%,3.95%,0.00%,3.95%,3.95%,0.00%,0.00%
20260127,07,富盈數據股份有限公司,3704,天天要聞,22030,CF_300 x 250 banner_天天要聞_cpc2,,,,"1,358","1,358",4,"1,354",0,4,4,0,0,100.00%,0.29%,0.00%,0.29%,0.29%,0.00%,0.00%
20260127,07,富盈數據股份有限公司,3703,繁體小說,22031,CF_300 x 250 banner_繁體小說_cpc2,,,,56,56,0,56,0,0,0,0,0,100.00%,0.00%,0.00%,0.00%,0.00%,0.00%,0.00%
20260127,07,英屬蓋曼群島商家庭傳媒股份有限公司城邦分公司,701,T客邦_Mobile,2213,MW_置底創意(非展開)_T客邦,,知名媒體,,6,6,0,6,0,0,0,0,0,100.00%,0.00%,0.00%,0.00%,0.00%,0.00%,0.00%
20260127,07,富盈數據股份有限公司,3730,Teepr 亮新聞 HB,22145,MW_336x280_文中創意_Teepr亮新聞 HB,,,,6,6,0,6,0,0,0,0,0,100.00%,0.00%,0.00%,0.00%,0.00%,0.00%,0.00%
20260127,07,闇碼科技股份有限公司,3048,縮短網址產生器-reurl,22213,MW_蓋版_縮短網址產生器-reurl-2025.05(特殊供量),,知名媒體,,"1,021","1,021",966,55,946,20,20,0,0,100.00%,94.61%,92.65%,1.96%,1.96%,0.00%,0.00%
20260127,07,艾得基客行銷顧問股份有限公司,2689,Basketball Top5,22219,MW_置底(展開)_Basketball TOP5,,,,588,588,0,588,0,0,0,0,0,100.00%,0.00%,0.00%,0.00%,0.00%,0.00%,0.00%
20260127,07,艾得基客行銷顧問股份有限公司,2084,經濟日報,22220,MW_置底(展開)_經濟日報,,知名媒體,,"1,145","1,145",0,"1,145",0,0,0,0,0,100.00%,0.00%,0.00%,0.00%,0.00%,0.00%,0.00%
20260127,07,欣發現股份有限公司,3363,大人物-mobile,22222,MW_蓋板_大人物,,知名媒體,,90,90,0,90,0,0,0,0,0,100.00%,0.00%,0.00%,0.00%,0.00%,0.00%,0.00%
20260127,07,朱光宁,3741,石頭小說3,22396,MW_置底_石頭小說3,,,,24,24,0,24,0,0,0,0,0,100.00%,0.00%,0.00%,0.00%,0.00%,0.00%,0.00%
20260127,07,朱光宁,3741,石頭小說3,22398,CF_336 x 280 banner_石頭小說3_cpc1.67,,,,"1,625","1,625",0,"1,625",0,0,0,0,0,100.00%,0.00%,0.00%,0.00%,0.00%,0.00%,0.00%
20260127,07,朱光宁,3741,石頭小說3,22399,CF_320 x 480 橫幅_石頭小說3,,,,44,44,0,44,0,0,0,0,0,100.00%,0.00%,0.00%,0.00%,0.00%,0.00%,0.00%
20260127,07,艾得基客行銷顧問股份有限公司,2825,科技紫薇,22403,MW_蓋版_科技紫微,,,,18,18,0,18,0,0,0,0,0,100.00%,0.00%,0.00%,0.00%,0.00%,0.00%,0.00%
20260127,07,闇碼科技股份有限公司,3068,限時圖片-imgus,22406,MW_置底_imgus,antifroud,,,256,256,0,256,0,0,0,0,0,100.00%,0.00%,0.00%,0.00%,0.00%,0.00%,0.00%
20260127,07,第一網站股份有限公司,2783,漫畫櫃manhuagui,22443,MW_置底_manhuagui,antifroud,,,"4,425","4,425",6,"4,419",0,6,6,0,0,100.00%,0.14%,0.00%,0.14%,0.14%,0.00%,0.00%
20260127,07,艾得基客行銷顧問股份有限公司,2689,Basketball Top5,22498,MW_300x250 Banner_Basketball TOP5_CPM5,,,子聯播網,"1,359","1,359",2,"1,357",0,2,2,0,0,100.00%,0.15%,0.00%,0.15%,0.15%,0.00%,0.00%
20260127,07,艾得基客行銷顧問股份有限公司,2578,鉅亨網,22507,MW_300x250_鉅亨網_直播用BN-1,,知名媒體,子聯播網,534,534,0,534,0,0,0,0,0,100.00%,0.00%,0.00%,0.00%,0.00%,0.00%,0.00%
20260127,07,艾得基客行銷顧問股份有限公司,3752,ＭoneyDJ,22514,MW_文中創意320x480_MoneyDJ,antifroud,知名媒體,,66,66,0,66,0,0,0,0,0,100.00%,0.00%,0.00%,0.00%,0.00%,0.00%,0.00%
20260127,07,艾得基客行銷顧問股份有限公司,2084,經濟日報,22517,MW_置底創意(非展開)_經濟日報,,知名媒體,,671,671,2,669,0,2,2,0,0,100.00%,0.30%,0.00%,0.30%,0.30%,0.00%,0.00%
20260127,07,李承翰-webptt,718,Web批踢踢(RWD),2284,MW-蓋板_文中_Web批踢踢,antifroud,,,30,30,6,24,6,0,0,0,0,100.00%,20.00%,20.00%,0.00%,0.00%,0.00%,0.00%
20260127,07,麥智維,999,動漫戲說,3543,CF-728*90-內文上方-動漫戲說,antifroud,,,69,69,0,69,0,0,0,0,0,100.00%,0.00%,0.00%,0.00%,0.00%,0.00%,0.00%
20260127,07,肖偉彬,1287,紅櫻桃小說書庫,4678,CF-內文上方-300*250-紅櫻桃小說書庫,,,,30,30,0,30,0,0,0,0,0,100.00%,0.00%,0.00%,0.00%,0.00%,0.00%,0.00%
20260127,07,肖偉彬,1287,紅櫻桃小說書庫,4717,MW_文中創意300x250_紅櫻桃小說書庫,,,,24,24,0,24,0,0,0,0,0,100.00%,0.00%,0.00%,0.00%,0.00%,0.00%,0.00%
20260127,07,肖偉彬,1347,雲台書屋,4922,CF-內文中間-728*90-雲台書屋,antifroud,,,6,6,0,6,0,0,0,0,0,100.00%,0.00%,0.00%,0.00%,0.00%,0.00%,0.00%
20260127,07,陈晋福,1367,電視超人,4997,CF-300X250-電視超人,,,,8,8,0,8,0,0,0,0,0,100.00%,0.00%,0.00%,0.00%,0.00%,0.00%,0.00%
20260127,07,精鏡傳媒股份有限公司,1060,鏡週刊,8250,MW_置底創意(非展開)_鏡週刊,,知名媒體,,6,6,0,6,0,0,0,0,0,100.00%,0.00%,0.00%,0.00%,0.00%,0.00%,0.00%
20260127,07,巧克科技新媒體股份有限公司,2127,LINE TV_Banner-exchange,8576,CF_336x280_戲劇-右側好康資訊下方_LINE TV-exchange,,知名媒體,,18,18,8,10,2,6,6,0,0,100.00%,44.44%,11.11%,33.33%,33.33%,0.00%,0.00%
20260127,07,巧克科技新媒體股份有限公司,2127,LINE TV_Banner-exchange,8577,CF_336x280_戲劇-右側好康資訊上方_LINE TV-exchange,,知名媒體,,50,50,6,44,2,4,4,0,0,100.00%,12.00%,4.00%,8.00%,8.00%,0.00%,0.00%
20260127,07,鳳梨傳媒股份有限公司,2190,民視新聞網-Exchange,8862,CF_970X90_分類新聞內頁上方_民視新聞(MCM),,知名媒體,,6,6,6,0,4,2,2,0,0,100.00%,100.00%,66.67%,33.33%,33.33%,0.00%,0.00%
20260127,08,英屬維京群島商浩美數位有限公司台灣分公司,2315,Teepr亮新聞-exchange,10012,CF_336x280Banner_Teepr亮新聞-exchange,,知名媒體,,54,54,8,46,4,4,4,0,0,100.00%,14.81%,7.41%,7.41%,7.41%,0.00%,0.00%
20260127,08,昱得資訊工作室,2528,數位書香,11080,CF_728x90_首頁上方_數位書香,antifroud,,,18,18,3,15,0,3,3,0,0,100.00%,16.67%,0.00%,16.67%,16.67%,0.00%,0.00%
20260127,08,昱得資訊工作室,2528,數位書香,11081,CF_160x600_首頁右側_數位書香,antifroud,,,324,324,15,309,0,15,15,0,0,100.00%,4.63%,0.00%,4.63%,4.63%,0.00%,0.00%
20260127,08,第一網站股份有限公司,2518,麻辣家族討論區(twbts),11082,CF-728X90-twbts,antifroud,,,"1,338","1,338",0,"1,338",0,0,0,0,0,100.00%,0.00%,0.00%,0.00%,0.00%,0.00%,0.00%
20260127,08,第一網站股份有限公司,2601,Meme梗圖倉庫,11443,CF-336X280-meme,,,,108,108,6,102,6,0,0,0,0,100.00%,5.56%,5.56%,0.00%,0.00%,0.00%,0.00%
20260127,08,艾得基客行銷顧問股份有限公司,2578,鉅亨網,12070,MW_320x480_文中創意_鉅亨網,,知名媒體,,"17,630","17,630",59,"17,571",4,55,55,0,0,100.00%,0.33%,0.02%,0.31%,0.31%,0.00%,0.00%
20260127,08,時報資訊股份有限公司,2770,中時電子報_HB,12559,CF_300x250_右側互動看版_中時電子報_HB,,知名媒體,,"1,820","1,820",48,"1,772",4,44,44,0,0,100.00%,2.64%,0.22%,2.42%,2.42%,0.00%,0.00%
20260127,08,時報資訊股份有限公司,2770,中時電子報_HB,12560,CF_336x280_文中看板_中時電子報_HB,,知名媒體,,"1,697","1,697",37,"1,660",4,33,33,0,0,100.00%,2.18%,0.24%,1.94%,1.94%,0.00%,0.00%
20260127,08,時報資訊股份有限公司,2770,中時電子報_HB,12561,MW_300x250_內頁TOP Banner_中時電子報_HB,antifroud,知名媒體,,"2,570","2,570",8,"2,562",2,6,6,0,0,100.00%,0.31%,0.08%,0.23%,0.23%,0.00%,0.00%
20260127,08,第一網站股份有限公司,2768,czbooks,12570,CF_728x90_banner_czbooks,,,,"1,223","1,223",8,"1,215",2,6,6,0,0,100.00%,0.65%,0.16%,0.49%,0.49%,0.00%,0.00%
20260127,08,第一網站股份有限公司,2768,czbooks,12571,CF-300x600_Banner_czbooks,,,,238,238,2,236,2,0,0,0,0,100.00%,0.84%,0.84%,0.00%,0.00%,0.00%,0.00%
20260127,08,鳳梨傳媒股份有限公司,2190,民視新聞網-Exchange,12579,CF_300x250_右側第一塊_民視新聞網-Exchange(RWD)(MCM),,知名媒體,,"1,400","1,400",12,"1,388",4,8,8,0,0,100.00%,0.86%,0.29%,0.57%,0.57%,0.00%,0.00%
20260127,08,鳳梨傳媒股份有限公司,2190,民視新聞網-Exchange,12580,CF_300x250_內文文中左側_民視新聞網-Exchange(RWD)(MCM),,知名媒體,,"1,198","1,198",17,"1,181",1,16,16,0,0,100.00%,1.42%,0.08%,1.34%,1.34%,0.00%,0.00%
20260127,08,第一網站股份有限公司,2783,漫畫櫃manhuagui,12676,CF_728X90_manhuagui,antifroud,,,"16,102","16,102",32,"16,070",0,32,32,0,0,100.00%,0.20%,0.00%,0.20%,0.20%,0.00%,0.00%
20260127,08,艾得基客行銷顧問股份有限公司,2635,工商時報,12761,MW_320x480_文中創意_工商時報new,,知名媒體,,"1,965","1,965",6,"1,959",2,4,4,0,0,100.00%,0.31%,0.10%,0.20%,0.20%,0.00%,0.00%
20260127,08,第一網站股份有限公司,2801,damanwoo,12868,CF-300x250_Banner_damanwoo_大人物,,,,26,26,2,24,0,2,2,0,0,100.00%,7.69%,0.00%,7.69%,7.69%,0.00%,0.00%
20260127,08,第一網站股份有限公司,2820,星座好朋友(horofriend88),12966,MW_320x100_horofriend88,antifroud,,,150,150,0,150,0,0,0,0,0,100.00%,0.00%,0.00%,0.00%,0.00%,0.00%,0.00%
20260127,08,第一網站股份有限公司,2838,mycard,13041,MW_320x480_加倍mycard,,,,93,93,93,0,0,93,93,0,0,100.00%,100.00%,0.00%,100.00%,100.00%,0.00%,0.00%
20260127,08,大霹靂國際整合行銷股份有限公司,2883,霹靂網-Mobile,13392,MW_置底創意_霹靂網-Mobile,,知名媒體,,6,6,0,6,0,0,0,0,0,100.00%,0.00%,0.00%,0.00%,0.00%,0.00%,0.00%
20260127,08,曾憲敏,202,85小說網,13445,MW_336X280_全量1_85小說網,,,,261,261,0,261,0,0,0,0,0,100.00%,0.00%,0.00%,0.00%,0.00%,0.00%,0.00%
20260127,08,曾憲敏,202,85小說網,13446,MW_336X280_全量2_85小說網,,,,"1,616","1,616",1,"1,615",0,1,1,0,0,100.00%,0.06%,0.00%,0.06%,0.06%,0.00%,0.00%
20260127,08,第一網站股份有限公司,2910,clickme,13549,CF_300x250_banner_clickme(一般),,,,495,495,0,495,0,0,0,0,0,100.00%,0.00%,0.00%,0.00%,0.00%,0.00%,0.00%
20260127,08,闇碼科技股份有限公司,2992,縮短網址產生器-reurl-exchange,13848,CF_300x250_轉址失敗_最右邊_reurl,,知名媒體,,6,6,2,4,0,2,2,0,0,100.00%,33.33%,0.00%,33.33%,33.33%,0.00%,0.00%
20260127,08,闇碼科技股份有限公司,2992,縮短網址產生器-reurl-exchange,13856,CF_300x250_轉址失敗頁第二塊_reurl,,知名媒體,,6,6,2,4,0,2,2,0,0,100.00%,33.33%,0.00%,33.33%,33.33%,0.00%,0.00%
20260127,08,第一網站股份有限公司,2768,czbooks,14036,MW_320x480_CZBOOKS,antifroud,,,157,157,0,157,0,0,0,0,0,100.00%,0.00%,0.00%,0.00%,0.00%,0.00%,0.00%
20260127,08,陳人鳳,480,飛格寵物家族_PC,1407,CF-728X90_上方通欄_飛格寵物家族,,,,18,18,0,18,0,0,0,0,0,100.00%,0.00%,0.00%,0.00%,0.00%,0.00%,0.00%
20260127,08,陳人鳳,480,飛格寵物家族_PC,1408,CF-300X250_內文_飛格寵物家族,,,,50,50,17,33,3,14,14,0,0,100.00%,34.00%,6.00%,28.00%,28.00%,0.00%,0.00%
20260127,08,飛凡傳播股份有限公司,1921,非凡新聞台-exchange,14188,MW_300x250_內文上方_非凡新聞-exchange,antifroud,知名媒體,,6,6,0,6,0,0,0,0,0,100.00%,0.00%,0.00%,0.00%,0.00%,0.00%,0.00%
20260127,08,闇碼科技股份有限公司,3048,縮短網址產生器-reurl,14210,MW_文中創意300x250_縮短網址產生器-reurl,,知名媒體,,106,106,49,57,17,32,32,0,0,100.00%,46.23%,16.04%,30.19%,30.19%,0.00%,0.00%
20260127,08,巨思文化股份有限公司,3052,經理人_HB,14238,MW_文章結束第一塊_300x250_經理人-HB,,知名媒體,,87,87,0,87,0,0,0,0,0,100.00%,0.00%,0.00%,0.00%,0.00%,0.00%,0.00%
20260127,08,巨思文化股份有限公司,3052,經理人_HB,14241,MW_300x250_內文下方_經理人-HB,,知名媒體,,87,87,0,87,0,0,0,0,0,100.00%,0.00%,0.00%,0.00%,0.00%,0.00%,0.00%
20260127,08,巨思文化股份有限公司,3053,數位時代_HB,14244,MW_300x250_文中第四塊_數位時代-HB,,知名媒體,,14,14,0,14,0,0,0,0,0,100.00%,0.00%,0.00%,0.00%,0.00%,0.00%,0.00%
20260127,08,巨思文化股份有限公司,3053,數位時代_HB,14246,MW_300x250_文章結束第一塊_數位時代-HB,,知名媒體,,44,44,0,44,0,0,0,0,0,100.00%,0.00%,0.00%,0.00%,0.00%,0.00%,0.00%
20260127,08,富盈數據股份有限公司,3059,塔科女子,14258,CF_336x280_全網_塔科女子,,知名媒體,,25,25,0,25,0,0,0,0,0,100.00%,0.00%,0.00%,0.00%,0.00%,0.00%,0.00%
20260127,08,CBROOT LTD,3003,包子漫畫-exchange,14291,MW_300x250_蓋板(PB)_包子漫畫,,,,209,209,0,209,0,0,0,0,0,100.00%,0.00%,0.00%,0.00%,0.00%,0.00%,0.00%
20260127,08,朱光宁,3149,稷下書院-exchange,14748,MW_320x100_置底(PB)_稷下書院,,,,"26,143","26,143",154,"25,989",64,90,90,0,0,100.00%,0.59%,0.24%,0.34%,0.34%,0.00%,0.00%
20260127,08,巨思文化股份有限公司,3053,數位時代_HB,14764,MW_置底創意_(非展開)_數位時代_HB,,知名媒體,,445,445,0,445,0,0,0,0,0,100.00%,0.00%,0.00%,0.00%,0.00%,0.00%,0.00%
20260127,08,中天電視股份有限公司,3282,中天新聞網-exchange,14980,CF_970x250_內頁_PC置頂橫幅-中天新聞網-exchange,,知名媒體,,12,12,4,8,2,2,2,0,0,100.00%,33.33%,16.67%,16.67%,16.67%,0.00%,0.00%
20260127,08,曾憲敏,3327,85小說網_創意,15227,MW-300X250_85小說網_隨身影音PB,,,,36,36,0,36,0,0,0,0,0,100.00%,0.00%,0.00%,0.00%,0.00%,0.00%,0.00%
20260127,08,曾憲敏,3327,85小說網_創意,15228,MW-創意-85小說網,,,,287,287,0,287,0,0,0,0,0,100.00%,0.00%,0.00%,0.00%,0.00%,0.00%,0.00%
20260127,08,千晶文化事業股份有限公司,3336,Beauty 美人圈,15254,MW_置底創意(非展開)_ Beauty 美人圈,,知名媒體,,"3,272","3,272",0,"3,272",0,0,0,0,0,100.00%,0.00%,0.00%,0.00%,0.00%,0.00%,0.00%
20260127,08,中天電視股份有限公司,3282,中天新聞網-exchange,15859,CF_336x280_內頁_PC右側互動看板B-中天新聞網-exchange,,知名媒體,,152,152,22,130,10,12,12,0,0,100.00%,14.47%,6.58%,7.89%,7.89%,0.00%,0.00%
20260127,08,CBROOT LTD,3352,西瓜卡通-exchange,15970,CF_160x600_影音內容_西瓜卡通-exchange,,,,104,104,0,104,0,0,0,0,0,100.00%,0.00%,0.00%,0.00%,0.00%,0.00%,0.00%
20260127,08,時報資訊股份有限公司,2817,旺得富,16910,CF_300x250_Billboard_1s_旺得富,,知名媒體,,6,6,0,6,0,0,0,0,0,100.00%,0.00%,0.00%,0.00%,0.00%,0.00%,0.00%
20260127,08,朱光宁,3360,提莫書屋-exchange,16957,MW_336x280banner_提莫書屋_exchange,,,,"12,940","12,940",24,"12,916",19,5,5,0,0,100.00%,0.19%,0.15%,0.04%,0.04%,0.00%,0.00%
20260127,08,朱光宁,3361,提莫書屋-mobile,16958,MW_置底創意_提莫書屋-mobile,,,,18,18,0,18,0,0,0,0,0,100.00%,0.00%,0.00%,0.00%,0.00%,0.00%,0.00%
20260127,08,朱光宁,3361,提莫書屋-mobile,16959,MW_320x480_文中創意_提莫書屋-mobile,,,,18,18,0,18,0,0,0,0,0,100.00%,0.00%,0.00%,0.00%,0.00%,0.00%,0.00%
20260127,08,巧克科技新媒體股份有限公司,1494,LINE TV,16964,CF_336x280_影音暫停頁_LINE TV,,知名媒體,,12,12,5,7,0,5,5,0,0,100.00%,41.67%,0.00%,41.67%,41.67%,0.00%,0.00%
20260127,08,欣發現股份有限公司,3365,Hami任務牆-mobile,16969,MW_置底創意_Hami任務牆,,知名媒體,,869,869,0,869,0,0,0,0,0,100.00%,0.00%,0.00%,0.00%,0.00%,0.00%,0.00%
20260127,08,欣發現股份有限公司,3364,女子學-mobile,16972,MW_置底創意_女子學,antifroud,,,"2,406","2,406",0,"2,406",0,0,0,0,0,100.00%,0.00%,0.00%,0.00%,0.00%,0.00%,0.00%
20260127,08,欣發現股份有限公司,3363,大人物-mobile,16973,MW_置底創意_大人物,,知名媒體,,483,483,6,477,0,6,6,0,0,100.00%,1.24%,0.00%,1.24%,1.24%,0.00%,0.00%
20260127,08,欣發現股份有限公司,3362,妞新聞-mobile,16974,MW_置底創意_妞新聞,,知名媒體,,73,73,0,73,0,0,0,0,0,100.00%,0.00%,0.00%,0.00%,0.00%,0.00%,0.00%
20260127,08,第一網站股份有限公司,2783,漫畫櫃manhuagui,17027,MW_320x480_蓋版_漫畫櫃manhuagui,,,,360,360,0,360,0,0,0,0,0,100.00%,0.00%,0.00%,0.00%,0.00%,0.00%,0.00%
20260127,08,艾得基客行銷顧問股份有限公司,3373,良醫健康網,17092,MW_置底創意_良醫健康網,,知名媒體,,134,134,0,134,0,0,0,0,0,100.00%,0.00%,0.00%,0.00%,0.00%,0.00%,0.00%
20260127,08,詠勝科技有限公司,3385,Mobile01_HB,17175,CF_970x90_橫幅Banner_Mobile01_HB,,知名媒體,,886,886,50,836,0,50,50,0,0,100.00%,5.64%,0.00%,5.64%,5.64%,0.00%,0.00%
20260127,08,詠勝科技有限公司,3385,Mobile01_HB,17176,CF_728x90_內頁橫幅Banner_7F_Mobile01_HB,,知名媒體,,24,24,0,24,0,0,0,0,0,100.00%,0.00%,0.00%,0.00%,0.00%,0.00%,0.00%
20260127,08,詠勝科技有限公司,3385,Mobile01_HB,17178,CF_300x250_頻道頁_大看板_Mobile01_HB,,知名媒體,,50,50,0,50,0,0,0,0,0,100.00%,0.00%,0.00%,0.00%,0.00%,0.00%,0.00%
20260127,08,詠勝科技有限公司,3385,Mobile01_HB,17179,CF_300x250_熱門大看板_Mobile01_HB,,知名媒體,,6,6,0,6,0,0,0,0,0,100.00%,0.00%,0.00%,0.00%,0.00%,0.00%,0.00%
20260127,08,詠勝科技有限公司,3385,Mobile01_HB,17180,CF_300x250_置底看板左_Mobile01_HB,,知名媒體,,318,318,4,314,0,4,4,0,0,100.00%,1.26%,0.00%,1.26%,1.26%,0.00%,0.00%
20260127,08,詠勝科技有限公司,3385,Mobile01_HB,17181,CF_300x250_置底看板中_Mobile01_HB,,知名媒體,,368,368,4,364,0,4,4,0,0,100.00%,1.09%,0.00%,1.09%,1.09%,0.00%,0.00%
20260127,08,詠勝科技有限公司,3385,Mobile01_HB,17182,CF_300x250_置底看板右_Mobile01_HB,,知名媒體,,315,315,4,311,0,4,4,0,0,100.00%,1.27%,0.00%,1.27%,1.27%,0.00%,0.00%
20260127,08,詠勝科技有限公司,3385,Mobile01_HB,17183,CF_300x600_大摩天_Mobile01_HB,,知名媒體,,627,627,5,622,0,5,5,0,0,100.00%,0.80%,0.00%,0.80%,0.80%,0.00%,0.00%
20260127,08,詠勝科技有限公司,3385,Mobile01_HB,17204,MW_300x250_文中Banner(interscroller)_Mobile01_HB,,知名媒體,,36,36,2,34,0,2,2,0,0,100.00%,5.56%,0.00%,5.56%,5.56%,0.00%,0.00%
20260127,08,朱光宁,3268,稷下書院-mobile,17207,MW_320x480_蓋版_稷下書院-mobile,,,,"4,775","4,775",7,"4,768",1,6,6,0,0,100.00%,0.15%,0.02%,0.13%,0.13%,0.00%,0.00%
20260127,08,中華電視股份有限公司,3389,華視-mobile,17230,MW_置底創意(非展開)_華視-mobile,,知名媒體,,12,12,0,12,0,0,0,0,0,100.00%,0.00%,0.00%,0.00%,0.00%,0.00%,0.00%
20260127,08,中華電視股份有限公司,3389,華視-mobile,17232,MW_文中創意320x480_華視-mobile,,知名媒體,,12,12,0,12,0,0,0,0,0,100.00%,0.00%,0.00%,0.00%,0.00%,0.00%,0.00%
20260127,08,李立娟,3395,vivi0視頻-exchange,17293,CF_336x280_Banner_vivi01視頻-exchange,antifroud,,,"46,659","46,659",124,"46,535",28,96,96,0,0,100.00%,0.27%,0.06%,0.21%,0.21%,0.00%,0.00%
20260127,08,李立娟,3395,vivi0視頻-exchange,17294,MW_336x280_Banner_vivi01視頻-exchange,antifroud,,,"54,924","54,924",101,"54,823",19,82,82,0,0,100.00%,0.18%,0.03%,0.15%,0.15%,0.00%,0.00%
20260127,08,李立娟,3395,vivi0視頻-exchange,17300,MW_320x100_置底(PB)_vivi01視頻-exchange,antifroud,,,"84,710","84,710",148,"84,562",12,136,136,0,0,100.00%,0.17%,0.01%,0.16%,0.16%,0.00%,0.00%
20260127,08,李立娟,3397,趣聞圖說-exchange,17309,MW_336x280_文中Banner_趣聞圖說-exchange,,,,18,18,0,18,0,0,0,0,0,100.00%,0.00%,0.00%,0.00%,0.00%,0.00%,0.00%
20260127,08,曾憲敏,601,85小說網_PC,1773,CF-300x250_85小說網_內文1,,,,22,22,0,22,0,0,0,0,0,100.00%,0.00%,0.00%,0.00%,0.00%,0.00%,0.00%
20260127,08,李立娟,3396,趣聞圖說-Mobile,17923,MW_置底創意(展開)_趣聞圖說-Mobile,,,,80,80,0,80,0,0,0,0,0,100.00%,0.00%,0.00%,0.00%,0.00%,0.00%,0.00%
20260127,08,第一網站股份有限公司,2768,czbooks,17927,MW_置底創意_czbook,,,,"10,496","10,496",16,"10,480",4,12,12,0,0,100.00%,0.15%,0.04%,0.11%,0.11%,0.00%,0.00%
20260127,08,時報資訊股份有限公司_工商時報,3427,工商時報-exchange,18003,CF_300x250_互動看板2_工商時報-exchange,,知名媒體,,14,14,1,13,0,1,1,0,0,100.00%,7.14%,0.00%,7.14%,7.14%,0.00%,0.00%
20260127,08,時報資訊股份有限公司_工商時報,3427,工商時報-exchange,18007,CF_336x280_文末右側看板_工商時報-exchange,,知名媒體,,44,44,6,38,0,6,6,0,0,100.00%,13.64%,0.00%,13.64%,13.64%,0.00%,0.00%
20260127,08,時報資訊股份有限公司_工商時報,3427,工商時報-exchange,18008,CF_336x280_文末左側看板_工商時報-exchange,,知名媒體,,36,36,4,32,0,4,4,0,0,100.00%,11.11%,0.00%,11.11%,11.11%,0.00%,0.00%
20260127,08,時報資訊股份有限公司_工商時報,3427,工商時報-exchange,18014,MW_300x250_文末Banner1_工商時報-exchange,,知名媒體,,198,198,2,196,0,2,2,0,0,100.00%,1.01%,0.00%,1.01%,1.01%,0.00%,0.00%
20260127,08,時報資訊股份有限公司_工商時報,3427,工商時報-exchange,18015,MW_300x250_文末Banner2_工商時報-exchange,,知名媒體,,727,727,6,721,2,4,4,0,0,100.00%,0.83%,0.28%,0.55%,0.55%,0.00%,0.00%
20260127,08,第一網站股份有限公司,3440,fsa_passback_first,18201,CF_336x280_fsa_passback_first,,,,381,381,2,379,0,2,2,0,0,100.00%,0.52%,0.00%,0.52%,0.52%,0.00%,0.00%
20260127,08,第一網站股份有限公司,3440,fsa_passback_first,18202,CF_300x250_fsa_passback_first,,,,"1,160","1,160",24,"1,136",6,18,18,0,0,100.00%,2.07%,0.52%,1.55%,1.55%,0.00%,0.00%
20260127,08,朱光宁,3268,稷下書院-mobile,18297,MW_置底創意(展開)_稷下書院-mobile,,,,236,236,0,236,0,0,0,0,0,100.00%,0.00%,0.00%,0.00%,0.00%,0.00%,0.00%
20260127,08,冰楓科技有限公司,3485,冰楓論壇-exchange,18487,CF_970x90_內文上方第一塊_冰楓論壇-exchange,,,,944,939,29,910,25,4,4,0,0,99.47%,3.09%,2.66%,0.43%,0.43%,0.00%,0.00%
20260127,08,冰楓科技有限公司,3485,冰楓論壇-exchange,18488,MW_320x100_內文上方第一塊_ 冰楓論壇-exchange,antifroud,,,72,72,0,72,0,0,0,0,0,100.00%,0.00%,0.00%,0.00%,0.00%,0.00%,0.00%
20260127,08,冰楓科技有限公司,3485,冰楓論壇-exchange,18492,MW_300x250_Banner_ 冰楓論壇-exchange,,,,358,356,0,356,0,0,0,0,0,99.44%,0.00%,0.00%,0.00%,0.00%,0.00%,0.00%
20260127,08,CBROOT LTD,3492,包子漫畫(特開流量)-exchange,18557,CF_300x600_指定流量_包子漫畫(特開流量PB)-exchange,,,,98,98,0,98,0,0,0,0,0,100.00%,0.00%,0.00%,0.00%,0.00%,0.00%,0.00%
20260127,08,CBROOT LTD,3510,包子漫畫_twmanga-exchange,18737,CF_970x90_Banner_ 包子漫畫_twmanga-exchange,,,,81,81,0,81,0,0,0,0,0,100.00%,0.00%,0.00%,0.00%,0.00%,0.00%,0.00%
20260127,08,舒禾驊,3535,荷花動漫筆記,18887,CF_336x280_文章頁文中_荷花動漫筆記,,,,8,8,0,8,0,0,0,0,0,100.00%,0.00%,0.00%,0.00%,0.00%,0.00%,0.00%
20260127,08,台灣英文新聞股份有限公司,3537,台灣英文新聞(new)-exchange,18924,CF_300x250_內容頁_右側看版_1_台灣英文新聞(new)-exchange,,知名媒體,,12,12,0,12,0,0,0,0,0,100.00%,0.00%,0.00%,0.00%,0.00%,0.00%,0.00%
20260127,08,艾得基客行銷顧問股份有限公司,3552,玩具人,19044,MW_320x480_文中創意_玩具人,,知名媒體,,18,18,0,18,0,0,0,0,0,100.00%,0.00%,0.00%,0.00%,0.00%,0.00%,0.00%
20260127,08,第一網站股份有限公司,2783,漫畫櫃manhuagui,20685,MW_300X250_manhuagui,antifroud,,,"2,869","2,869",10,"2,859",6,4,4,0,0,100.00%,0.35%,0.21%,0.14%,0.14%,0.00%,0.00%
20260127,08,德榕企業有限公司,3578,TW Bodhi_mobile,20707,MW_置底創意_TW Bodhi,,,,38,38,0,38,0,0,0,0,0,100.00%,0.00%,0.00%,0.00%,0.00%,0.00%,0.00%
20260127,08,德榕企業有限公司,3578,TW Bodhi_mobile,20708,MW_蓋板_TW Bodhi,,,,240,240,2,238,0,2,2,0,0,100.00%,0.83%,0.00%,0.83%,0.83%,0.00%,0.00%
20260127,08,德榕企業有限公司,3578,TW Bodhi_mobile,20719,MW_文中創意300x250_TW Bodhi,,,,6,6,0,6,0,0,0,0,0,100.00%,0.00%,0.00%,0.00%,0.00%,0.00%,0.00%
20260127,08,德榕企業有限公司,3581,忘憂書屋,20727,CF_336x280文章頁(RWD)_忘憂書屋,,,,36,36,0,36,0,0,0,0,0,100.00%,0.00%,0.00%,0.00%,0.00%,0.00%,0.00%
20260127,08,德榕企業有限公司,3582,忘憂書屋_mobile,20728,MW_文中創意300x250_忘憂書屋,,,,174,174,0,174,0,0,0,0,0,100.00%,0.00%,0.00%,0.00%,0.00%,0.00%,0.00%
20260127,08,德榕企業有限公司,3582,忘憂書屋_mobile,20729,MW_蓋板_忘憂書屋,,,,42,42,0,42,0,0,0,0,0,100.00%,0.00%,0.00%,0.00%,0.00%,0.00%,0.00%
20260127,08,德榕企業有限公司,3582,忘憂書屋_mobile,20730,MW_置底創意_忘憂書屋,,,,38,38,0,38,0,0,0,0,0,100.00%,0.00%,0.00%,0.00%,0.00%,0.00%,0.00%
20260127,08,第一網站股份有限公司,2916,KiKiNote,20731,CF_300x250_banner_kikinote (PB),,知名媒體,,28,28,0,28,0,0,0,0,0,100.00%,0.00%,0.00%,0.00%,0.00%,0.00%,0.00%
20260127,08,艾得基客行銷顧問股份有限公司,3490,太報,21317,MW_蓋版_太報,,知名媒體,,12,12,0,12,0,0,0,0,0,100.00%,0.00%,0.00%,0.00%,0.00%,0.00%,0.00%
20260127,08,艾得基客行銷顧問股份有限公司,3609,商妮吃喝遊樂,21319,MW_320x480_文中創意_商妮吃喝遊樂,,,,6,6,0,6,0,0,0,0,0,100.00%,0.00%,0.00%,0.00%,0.00%,0.00%,0.00%
20260127,08,第一網站股份有限公司,2768,czbooks,21412,(子)CF_970x250_banner_czbooks(限時段)-PB,,,子聯播網,"1,277","1,277",8,"1,269",2,6,6,0,0,100.00%,0.63%,0.16%,0.47%,0.47%,0.00%,0.00%
20260127,08,第一網站股份有限公司,3440,fsa_passback_first,21699,CF_336x280_fsa_passback_first,,,,864,864,2,862,0,2,2,0,0,100.00%,0.23%,0.00%,0.23%,0.23%,0.00%,0.00%
20260127,08,富盈數據股份有限公司,3653,TVBS-女人我最大_HB,21760,MW_文章三_336x280_TVBS-女人我最大_HB,,知名媒體,,12,12,0,12,0,0,0,0,0,100.00%,0.00%,0.00%,0.00%,0.00%,0.00%,0.00%
20260127,08,富盈數據股份有限公司,3653,TVBS-女人我最大_HB,21761,MW_文章四_336x280_TVBS-女人我最大_HB,,知名媒體,,895,895,0,895,0,0,0,0,0,100.00%,0.00%,0.00%,0.00%,0.00%,0.00%,0.00%
20260127,08,富盈數據股份有限公司,3653,TVBS-女人我最大_HB,21762,MW_文章置底_320x100_TVBS-女人我最大_HB,,知名媒體,,174,174,0,174,0,0,0,0,0,100.00%,0.00%,0.00%,0.00%,0.00%,0.00%,0.00%
20260127,08,富盈數據股份有限公司,3653,TVBS-女人我最大_HB,21763,MW_文中創意320x480_TVBS-女人我最大_HB,,知名媒體,,813,813,0,813,0,0,0,0,0,100.00%,0.00%,0.00%,0.00%,0.00%,0.00%,0.00%
20260127,08,富盈數據股份有限公司,3654,TVBS-健康2.0_HB,21765,MW_文章三_336x280_TVBS-健康2.0_HB,,知名媒體,,258,258,0,258,0,0,0,0,0,100.00%,0.00%,0.00%,0.00%,0.00%,0.00%,0.00%
20260127,08,富盈數據股份有限公司,3654,TVBS-健康2.0_HB,21767,MW_文章置底_320x100_TVBS-健康2.0_HB,,知名媒體,,12,12,0,12,0,0,0,0,0,100.00%,0.00%,0.00%,0.00%,0.00%,0.00%,0.00%
20260127,08,富盈數據股份有限公司,3654,TVBS-健康2.0_HB,21768,MW_文中創意320x480_TVBS-健康2.0_HB,,知名媒體,,"4,913","4,913",9,"4,904",0,9,9,0,0,100.00%,0.18%,0.00%,0.18%,0.18%,0.00%,0.00%
20260127,08,富盈數據股份有限公司,3655,TVBS-食尚玩家_HB,21770,MW_文章三_336x280_TVBS-食尚玩家_HB,,知名媒體,,363,363,5,358,0,5,5,0,0,100.00%,1.38%,0.00%,1.38%,1.38%,0.00%,0.00%
20260127,08,富盈數據股份有限公司,3655,TVBS-食尚玩家_HB,21771,MW_文章四_336x280_TVBS-食尚玩家_HB,,知名媒體,,18,18,2,16,0,2,2,0,0,100.00%,11.11%,0.00%,11.11%,11.11%,0.00%,0.00%
20260127,08,富盈數據股份有限公司,3655,TVBS-食尚玩家_HB,21773,MW_文中創意320x480_TVBS-食尚玩家_HB,,知名媒體,,117,117,0,117,0,0,0,0,0,100.00%,0.00%,0.00%,0.00%,0.00%,0.00%,0.00%
20260127,08,富盈數據股份有限公司,3654,TVBS-健康2.0_HB,21812,MW_文章一_336x280_TVBS-健康2.0_HB,,知名媒體,,"1,079","1,079",2,"1,077",0,2,2,0,0,100.00%,0.19%,0.00%,0.19%,0.19%,0.00%,0.00%
20260127,08,儂儂雜誌社股份有限公司(bella儂儂),2135,Bella儂儂_2024,21876,MW-300x250_文章標題上方1_Bella儂儂,,知名媒體,,112,112,20,92,20,0,0,0,0,100.00%,17.86%,17.86%,0.00%,0.00%,0.00%,0.00%
20260127,08,富盈數據股份有限公司,3680,TVBS-新聞網_HB,21899,MW_文章一_336x280_TVBS-新聞網_HB,,知名媒體,,"5,830","5,830",8,"5,822",0,8,8,0,0,100.00%,0.14%,0.00%,0.14%,0.14%,0.00%,0.00%
20260127,08,富盈數據股份有限公司,3680,TVBS-新聞網_HB,21900,MW_文章三_336x280_TVBS-新聞網_HB,,知名媒體,,805,805,0,805,0,0,0,0,0,100.00%,0.00%,0.00%,0.00%,0.00%,0.00%,0.00%
20260127,08,富盈數據股份有限公司,3680,TVBS-新聞網_HB,21902,MW_文章置底_320x100_TVBS-新聞網_HB,,知名媒體,,"5,630","5,630",11,"5,619",0,11,11,0,0,100.00%,0.20%,0.00%,0.20%,0.20%,0.00%,0.00%
20260127,08,聯合線上股份有限公司,3679,噓新聞,21903,PC_300x250_首頁及內文頁_噓新聞,,知名媒體,,12,12,0,12,0,0,0,0,0,100.00%,0.00%,0.00%,0.00%,0.00%,0.00%,0.00%
20260127,08,富盈數據股份有限公司,3683,書中字有黃金屋_mobile,21922,MW_置底創意(非展開)_書中字有黃金屋-mobile,,,,12,12,0,12,0,0,0,0,0,100.00%,0.00%,0.00%,0.00%,0.00%,0.00%,0.00%
20260127,08,富盈數據股份有限公司,3684,稅美人_mobile,21923,MW_置底創意(非展開)_稅美人-mobile,,,,6,6,0,6,0,0,0,0,0,100.00%,0.00%,0.00%,0.00%,0.00%,0.00%,0.00%
20260127,08,富盈數據股份有限公司,3685,玩桌遊_mobile,21924,MW_置底創意(非展開)_玩桌遊-mobile,,,,30,30,0,30,0,0,0,0,0,100.00%,0.00%,0.00%,0.00%,0.00%,0.00%,0.00%
20260127,08,富盈數據股份有限公司,2615,熱血台中,21986,CF_336x280_全網_熱血台中,,,,174,174,0,174,0,0,0,0,0,100.00%,0.00%,0.00%,0.00%,0.00%,0.00%,0.00%
20260127,08,富盈數據股份有限公司,2615,熱血台中,21987,CF_336x280_全網_熱血台中,,,,174,174,0,174,0,0,0,0,0,100.00%,0.00%,0.00%,0.00%,0.00%,0.00%,0.00%
20260127,08,富盈數據股份有限公司,3703,繁體小說,22022,MW_置底創意(非展開)_繁體小說-mobile,,,,12,12,0,12,0,0,0,0,0,100.00%,0.00%,0.00%,0.00%,0.00%,0.00%,0.00%
20260127,08,富盈數據股份有限公司,3704,天天要聞,22030,CF_300 x 250 banner_天天要聞_cpc2,,,,"1,511","1,511",9,"1,502",0,9,9,0,0,100.00%,0.60%,0.00%,0.60%,0.60%,0.00%,0.00%
20260127,08,富盈數據股份有限公司,3703,繁體小說,22031,CF_300 x 250 banner_繁體小說_cpc2,,,,239,239,0,239,0,0,0,0,0,100.00%,0.00%,0.00%,0.00%,0.00%,0.00%,0.00%
20260127,08,冠妍動力科技有限公司,484,小老婆汽機車資訊網,22058,MW_文中創意320x480_小老婆汽機車資訊網-測試,,知名媒體,,6,6,0,6,0,0,0,0,0,100.00%,0.00%,0.00%,0.00%,0.00%,0.00%,0.00%
20260127,08,艾得基客行銷顧問股份有限公司,3719,遠見雜誌,22105,MW_蓋板_遠見_遠見雜誌,,知名媒體,,94,94,0,94,0,0,0,0,0,100.00%,0.00%,0.00%,0.00%,0.00%,0.00%,0.00%
20260127,08,富盈數據股份有限公司,3680,TVBS-新聞網_HB,22131,CF_文中300x250_TVBS-新聞網_HB_1,,知名媒體,,12,12,0,12,0,0,0,0,0,100.00%,0.00%,0.00%,0.00%,0.00%,0.00%,0.00%
20260127,08,富盈數據股份有限公司,3680,TVBS-新聞網_HB,22132,CF_文中300x250_TVBS-新聞網_HB_2,,知名媒體,,18,18,0,18,0,0,0,0,0,100.00%,0.00%,0.00%,0.00%,0.00%,0.00%,0.00%
20260127,08,富盈數據股份有限公司,3680,TVBS-新聞網_HB,22133,CF_文中300x250_TVBS-新聞網_HB_3,,知名媒體,,45,45,4,41,1,3,3,0,0,100.00%,8.89%,2.22%,6.67%,6.67%,0.00%,0.00%
20260127,08,闇碼科技股份有限公司,3048,縮短網址產生器-reurl,22213,MW_蓋版_縮短網址產生器-reurl-2025.05(特殊供量),,知名媒體,,79,79,45,34,17,28,28,0,0,100.00%,56.96%,21.52%,35.44%,35.44%,0.00%,0.00%
20260127,08,艾得基客行銷顧問股份有限公司,2689,Basketball Top5,22219,MW_置底(展開)_Basketball TOP5,,,,388,388,1,387,0,1,1,0,0,100.00%,0.26%,0.00%,0.26%,0.26%,0.00%,0.00%
20260127,08,艾得基客行銷顧問股份有限公司,2084,經濟日報,22220,MW_置底(展開)_經濟日報,,知名媒體,,"1,188","1,188",0,"1,188",0,0,0,0,0,100.00%,0.00%,0.00%,0.00%,0.00%,0.00%,0.00%
20260127,08,欣發現股份有限公司,3362,妞新聞-mobile,22221,MW_蓋板_妞新聞,,知名媒體,,6,6,0,6,0,0,0,0,0,100.00%,0.00%,0.00%,0.00%,0.00%,0.00%,0.00%
20260127,08,欣發現股份有限公司,3363,大人物-mobile,22222,MW_蓋板_大人物,,知名媒體,,450,450,7,443,0,7,7,0,0,100.00%,1.56%,0.00%,1.56%,1.56%,0.00%,0.00%
20260127,08,朱光宁,3741,石頭小說3,22396,MW_置底_石頭小說3,,,,74,74,0,74,0,0,0,0,0,100.00%,0.00%,0.00%,0.00%,0.00%,0.00%,0.00%
20260127,08,朱光宁,3741,石頭小說3,22398,CF_336 x 280 banner_石頭小說3_cpc1.67,,,,"1,527","1,527",0,"1,527",0,0,0,0,0,100.00%,0.00%,0.00%,0.00%,0.00%,0.00%,0.00%
20260127,08,朱光宁,3741,石頭小說3,22399,CF_320 x 480 橫幅_石頭小說3,,,,66,66,0,66,0,0,0,0,0,100.00%,0.00%,0.00%,0.00%,0.00%,0.00%,0.00%
20260127,08,闇碼科技股份有限公司,3068,限時圖片-imgus,22406,MW_置底_imgus,antifroud,,,137,137,0,137,0,0,0,0,0,100.00%,0.00%,0.00%,0.00%,0.00%,0.00%,0.00%
20260127,08,第一網站股份有限公司,2783,漫畫櫃manhuagui,22443,MW_置底_manhuagui,antifroud,,,"8,510","8,510",24,"8,486",0,24,24,0,0,100.00%,0.28%,0.00%,0.28%,0.28%,0.00%,0.00%
20260127,08,艾得基客行銷顧問股份有限公司,3490,太報,22495,MW_300x250 BANNER_太報_CPM5,,知名媒體,子聯播網,12,12,0,12,0,0,0,0,0,100.00%,0.00%,0.00%,0.00%,0.00%,0.00%,0.00%
20260127,08,艾得基客行銷顧問股份有限公司,2689,Basketball Top5,22498,MW_300x250 Banner_Basketball TOP5_CPM5,,,子聯播網,854,854,0,854,0,0,0,0,0,100.00%,0.00%,0.00%,0.00%,0.00%,0.00%,0.00%
20260127,08,艾得基客行銷顧問股份有限公司,2578,鉅亨網,22507,MW_300x250_鉅亨網_直播用BN-1,,知名媒體,子聯播網,"1,222","1,222",4,"1,218",4,0,0,0,0,100.00%,0.33%,0.33%,0.00%,0.00%,0.00%,0.00%
20260127,08,艾得基客行銷顧問股份有限公司,3752,ＭoneyDJ,22514,MW_文中創意320x480_MoneyDJ,antifroud,知名媒體,,60,60,0,60,0,0,0,0,0,100.00%,0.00%,0.00%,0.00%,0.00%,0.00%,0.00%
20260127,08,艾得基客行銷顧問股份有限公司,2084,經濟日報,22517,MW_置底創意(非展開)_經濟日報,,知名媒體,,"5,216","5,216",4,"5,212",2,2,2,0,0,100.00%,0.08%,0.04%,0.04%,0.04%,0.00%,0.00%
20260127,08,艾得基客行銷顧問股份有限公司,3373,良醫健康網,22732,MW_300x250_良醫健康網,,知名媒體,,12,12,0,12,0,0,0,0,0,100.00%,0.00%,0.00%,0.00%,0.00%,0.00%,0.00%
20260127,08,李承翰-webptt,718,Web批踢踢(RWD),2284,MW-蓋板_文中_Web批踢踢,antifroud,,,12,12,0,12,0,0,0,0,0,100.00%,0.00%,0.00%,0.00%,0.00%,0.00%,0.00%
20260127,08,麥智維,999,動漫戲說,3543,CF-728*90-內文上方-動漫戲說,antifroud,,,351,351,0,351,0,0,0,0,0,100.00%,0.00%,0.00%,0.00%,0.00%,0.00%,0.00%
20260127,08,肖偉彬,1287,紅櫻桃小說書庫,4678,CF-內文上方-300*250-紅櫻桃小說書庫,,,,20,20,0,20,0,0,0,0,0,100.00%,0.00%,0.00%,0.00%,0.00%,0.00%,0.00%
20260127,08,肖偉彬,1287,紅櫻桃小說書庫,4717,MW_文中創意300x250_紅櫻桃小說書庫,,,,26,26,0,26,0,0,0,0,0,100.00%,0.00%,0.00%,0.00%,0.00%,0.00%,0.00%
20260127,08,技達創意資訊有限公司,1299,泰好網,4733,CF-300*250-內文下方-泰好網,,,,6,6,0,6,0,0,0,0,0,100.00%,0.00%,0.00%,0.00%,0.00%,0.00%,0.00%
20260127,08,技達創意資訊有限公司,1299,泰好網,4734,MW-320*100-首頁、內文上方-泰好網,,,,12,12,0,12,0,0,0,0,0,100.00%,0.00%,0.00%,0.00%,0.00%,0.00%,0.00%
20260127,08,陈晋福,1367,電視超人,4997,CF-300X250-電視超人,,,,12,12,0,12,0,0,0,0,0,100.00%,0.00%,0.00%,0.00%,0.00%,0.00%,0.00%
20260127,08,麥智維,999,動漫戲說,6069,CF-300*250-首頁-動漫戲說,,,,61,61,0,61,0,0,0,0,0,100.00%,0.00%,0.00%,0.00%,0.00%,0.00%,0.00%
20260127,08,精鏡傳媒股份有限公司,1060,鏡週刊,8250,MW_置底創意(非展開)_鏡週刊,,知名媒體,,42,42,0,42,0,0,0,0,0,100.00%,0.00%,0.00%,0.00%,0.00%,0.00%,0.00%
20260127,08,布林遊國際有限公司,1692,Bring You,8393,CF-300X250-上方通欄右側_BringYou,,知名媒體,,6,6,0,6,0,0,0,0,0,100.00%,0.00%,0.00%,0.00%,0.00%,0.00%,0.00%
20260127,08,巧克科技新媒體股份有限公司,2127,LINE TV_Banner-exchange,8576,CF_336x280_戲劇-右側好康資訊下方_LINE TV-exchange,,知名媒體,,74,74,0,74,0,0,0,0,0,100.00%,0.00%,0.00%,0.00%,0.00%,0.00%,0.00%
20260127,08,巧克科技新媒體股份有限公司,2127,LINE TV_Banner-exchange,8577,CF_336x280_戲劇-右側好康資訊上方_LINE TV-exchange,,知名媒體,,162,162,2,160,0,2,2,0,0,100.00%,1.23%,0.00%,1.23%,1.23%,0.00%,0.00%
20260127,09,英屬維京群島商浩美數位有限公司台灣分公司,2315,Teepr亮新聞-exchange,10012,CF_336x280Banner_Teepr亮新聞-exchange,,知名媒體,,142,142,8,134,4,4,4,0,0,100.00%,5.63%,2.82%,2.82%,2.82%,0.00%,0.00%
20260127,09,昱得資訊工作室,2528,數位書香,11080,CF_728x90_首頁上方_數位書香,antifroud,,,12,12,0,12,0,0,0,0,0,100.00%,0.00%,0.00%,0.00%,0.00%,0.00%,0.00%
20260127,09,昱得資訊工作室,2528,數位書香,11081,CF_160x600_首頁右側_數位書香,antifroud,,,245,245,0,245,0,0,0,0,0,100.00%,0.00%,0.00%,0.00%,0.00%,0.00%,0.00%
20260127,09,第一網站股份有限公司,2518,麻辣家族討論區(twbts),11082,CF-728X90-twbts,antifroud,,,"1,237","1,237",0,"1,237",0,0,0,0,0,100.00%,0.00%,0.00%,0.00%,0.00%,0.00%,0.00%
20260127,09,第一網站股份有限公司,2492,ttshow,11273,MW-300X250-ttshow,,知名媒體,,12,12,0,12,0,0,0,0,0,100.00%,0.00%,0.00%,0.00%,0.00%,0.00%,0.00%
20260127,09,第一網站股份有限公司,2601,Meme梗圖倉庫,11443,CF-336X280-meme,,,,493,493,0,493,0,0,0,0,0,100.00%,0.00%,0.00%,0.00%,0.00%,0.00%,0.00%
20260127,09,艾得基客行銷顧問股份有限公司,2578,鉅亨網,12070,MW_320x480_文中創意_鉅亨網,,知名媒體,,"11,220","11,220",98,"11,122",0,98,98,0,0,100.00%,0.87%,0.00%,0.87%,0.87%,0.00%,0.00%
20260127,09,時報資訊股份有限公司,2770,中時電子報_HB,12559,CF_300x250_右側互動看版_中時電子報_HB,,知名媒體,,"2,281","2,281",48,"2,233",8,40,40,0,0,100.00%,2.10%,0.35%,1.75%,1.75%,0.00%,0.00%
20260127,09,時報資訊股份有限公司,2770,中時電子報_HB,12560,CF_336x280_文中看板_中時電子報_HB,,知名媒體,,"2,158","2,158",44,"2,114",7,37,37,0,0,100.00%,2.04%,0.32%,1.71%,1.71%,0.00%,0.00%
20260127,09,時報資訊股份有限公司,2770,中時電子報_HB,12561,MW_300x250_內頁TOP Banner_中時電子報_HB,antifroud,知名媒體,,"2,222","2,222",31,"2,191",19,12,12,0,0,100.00%,1.40%,0.86%,0.54%,0.54%,0.00%,0.00%
20260127,09,第一網站股份有限公司,2768,czbooks,12570,CF_728x90_banner_czbooks,,,,"2,096","2,096",20,"2,076",16,4,4,0,0,100.00%,0.95%,0.76%,0.19%,0.19%,0.00%,0.00%
20260127,09,第一網站股份有限公司,2768,czbooks,12571,CF-300x600_Banner_czbooks,,,,"1,199","1,199",8,"1,191",8,0,0,0,0,100.00%,0.67%,0.67%,0.00%,0.00%,0.00%,0.00%
20260127,09,鳳梨傳媒股份有限公司,2190,民視新聞網-Exchange,12579,CF_300x250_右側第一塊_民視新聞網-Exchange(RWD)(MCM),,知名媒體,,"1,238","1,238",13,"1,225",2,11,11,0,0,100.00%,1.05%,0.16%,0.89%,0.89%,0.00%,0.00%
20260127,09,鳳梨傳媒股份有限公司,2190,民視新聞網-Exchange,12580,CF_300x250_內文文中左側_民視新聞網-Exchange(RWD)(MCM),,知名媒體,,"1,059","1,059",21,"1,038",5,16,16,0,0,100.00%,1.98%,0.47%,1.51%,1.51%,0.00%,0.00%
20260127,09,第一網站股份有限公司,2783,漫畫櫃manhuagui,12676,CF_728X90_manhuagui,antifroud,,,"22,648","22,648",71,"22,577",6,65,65,0,0,100.00%,0.31%,0.03%,0.29%,0.29%,0.00%,0.00%
20260127,09,艾得基客行銷顧問股份有限公司,2635,工商時報,12761,MW_320x480_文中創意_工商時報new,,知名媒體,,112,112,0,112,0,0,0,0,0,100.00%,0.00%,0.00%,0.00%,0.00%,0.00%,0.00%
20260127,09,第一網站股份有限公司,2801,damanwoo,12868,CF-300x250_Banner_damanwoo_大人物,,,,57,57,0,57,0,0,0,0,0,100.00%,0.00%,0.00%,0.00%,0.00%,0.00%,0.00%
20260127,09,第一網站股份有限公司,2820,星座好朋友(horofriend88),12966,MW_320x100_horofriend88,antifroud,,,74,74,0,74,0,0,0,0,0,100.00%,0.00%,0.00%,0.00%,0.00%,0.00%,0.00%
20260127,09,第一網站股份有限公司,2836,vivi01,13032,MW_置底創意_vivi01 ViVi視頻,,,,12,12,0,12,0,0,0,0,0,100.00%,0.00%,0.00%,0.00%,0.00%,0.00%,0.00%
20260127,09,第一網站股份有限公司,2838,mycard,13041,MW_320x480_加倍mycard,,,,602,602,602,0,0,602,602,0,0,100.00%,100.00%,0.00%,100.00%,100.00%,0.00%,0.00%
20260127,09,和運租車股份有限公司,2878,abc好車網,13368,CF_970x90_物件頁下方_abc好車網,,知名媒體,,6,6,0,6,0,0,0,0,0,100.00%,0.00%,0.00%,0.00%,0.00%,0.00%,0.00%
20260127,09,曾憲敏,202,85小說網,13445,MW_336X280_全量1_85小說網,,,,190,190,0,190,0,0,0,0,0,100.00%,0.00%,0.00%,0.00%,0.00%,0.00%,0.00%
20260127,09,曾憲敏,202,85小說網,13446,MW_336X280_全量2_85小說網,,,,"1,624","1,624",0,"1,624",0,0,0,0,0,100.00%,0.00%,0.00%,0.00%,0.00%,0.00%,0.00%
20260127,09,第一網站股份有限公司,2910,clickme,13549,CF_300x250_banner_clickme(一般),,,,661,661,0,661,0,0,0,0,0,100.00%,0.00%,0.00%,0.00%,0.00%,0.00%,0.00%
20260127,09,闇碼科技股份有限公司,2992,縮短網址產生器-reurl-exchange,13847,CF_970x90_轉址失敗_下方第一排 _reurl,,知名媒體,,6,6,0,6,0,0,0,0,0,100.00%,0.00%,0.00%,0.00%,0.00%,0.00%,0.00%
20260127,09,闇碼科技股份有限公司,2992,縮短網址產生器-reurl-exchange,13848,CF_300x250_轉址失敗_最右邊_reurl,,知名媒體,,24,24,0,24,0,0,0,0,0,100.00%,0.00%,0.00%,0.00%,0.00%,0.00%,0.00%
20260127,09,闇碼科技股份有限公司,2992,縮短網址產生器-reurl-exchange,13856,CF_300x250_轉址失敗頁第二塊_reurl,,知名媒體,,18,18,0,18,0,0,0,0,0,100.00%,0.00%,0.00%,0.00%,0.00%,0.00%,0.00%
20260127,09,闇碼科技股份有限公司,2992,縮短網址產生器-reurl-exchange,13861,CF_300x250_網址下方右側(PB)_reurl,,知名媒體,,6,6,0,6,0,0,0,0,0,100.00%,0.00%,0.00%,0.00%,0.00%,0.00%,0.00%
20260127,09,第一網站股份有限公司,2768,czbooks,14036,MW_320x480_CZBOOKS,antifroud,,,100,100,0,100,0,0,0,0,0,100.00%,0.00%,0.00%,0.00%,0.00%,0.00%,0.00%
20260127,09,陳人鳳,480,飛格寵物家族_PC,1407,CF-728X90_上方通欄_飛格寵物家族,,,,24,24,5,19,0,5,5,0,0,100.00%,20.83%,0.00%,20.83%,20.83%,0.00%,0.00%
20260127,09,陳人鳳,480,飛格寵物家族_PC,1408,CF-300X250_內文_飛格寵物家族,,,,157,157,60,97,0,60,60,0,0,100.00%,38.22%,0.00%,38.22%,38.22%,0.00%,0.00%
20260127,09,飛凡傳播股份有限公司,1921,非凡新聞台-exchange,14188,MW_300x250_內文上方_非凡新聞-exchange,antifroud,知名媒體,,94,72,52,20,36,16,16,0,0,76.60%,72.22%,50.00%,22.22%,22.22%,0.00%,0.00%
20260127,09,飛凡傳播股份有限公司,1921,非凡新聞台-exchange,14189,CF_300x600_右側下方_非凡新聞-exchange,antifroud,知名媒體,,12,6,6,0,5,1,1,0,0,50.00%,100.00%,83.33%,16.67%,16.67%,0.00%,0.00%
20260127,09,闇碼科技股份有限公司,3048,縮短網址產生器-reurl,14210,MW_文中創意300x250_縮短網址產生器-reurl,,知名媒體,,"1,138","1,138",934,204,894,40,40,0,0,100.00%,82.07%,78.56%,3.51%,3.51%,0.00%,0.00%
20260127,09,巨思文化股份有限公司,3052,經理人_HB,14238,MW_文章結束第一塊_300x250_經理人-HB,,知名媒體,,68,68,0,68,0,0,0,0,0,100.00%,0.00%,0.00%,0.00%,0.00%,0.00%,0.00%
20260127,09,巨思文化股份有限公司,3052,經理人_HB,14239,CF_300x250_內文下方右側_經理人-HB,,知名媒體,,48,48,0,48,0,0,0,0,0,100.00%,0.00%,0.00%,0.00%,0.00%,0.00%,0.00%
20260127,09,巨思文化股份有限公司,3052,經理人_HB,14240,CF_300x250_內文下方左側_經理人-HB,,知名媒體,,54,54,0,54,0,0,0,0,0,100.00%,0.00%,0.00%,0.00%,0.00%,0.00%,0.00%
20260127,09,巨思文化股份有限公司,3052,經理人_HB,14241,MW_300x250_內文下方_經理人-HB,,知名媒體,,70,70,0,70,0,0,0,0,0,100.00%,0.00%,0.00%,0.00%,0.00%,0.00%,0.00%
20260127,09,巨思文化股份有限公司,3053,數位時代_HB,14242,CF_300x250_內文下方左側_數位時代-HB,,知名媒體,,118,118,6,112,6,0,0,0,0,100.00%,5.08%,5.08%,0.00%,0.00%,0.00%,0.00%
20260127,09,巨思文化股份有限公司,3053,數位時代_HB,14243,CF_300x250_內文下方右側_數位時代-HB,,知名媒體,,130,130,8,122,6,2,2,0,0,100.00%,6.15%,4.62%,1.54%,1.54%,0.00%,0.00%
20260127,09,巨思文化股份有限公司,3053,數位時代_HB,14246,MW_300x250_文章結束第一塊_數位時代-HB,,知名媒體,,24,24,0,24,0,0,0,0,0,100.00%,0.00%,0.00%,0.00%,0.00%,0.00%,0.00%
20260127,09,富盈數據股份有限公司,3059,塔科女子,14258,CF_336x280_全網_塔科女子,,知名媒體,,104,104,0,104,0,0,0,0,0,100.00%,0.00%,0.00%,0.00%,0.00%,0.00%,0.00%
20260127,09,CBROOT LTD,3003,包子漫畫-exchange,14291,MW_300x250_蓋板(PB)_包子漫畫,,,,254,254,1,253,0,1,1,0,0,100.00%,0.39%,0.00%,0.39%,0.39%,0.00%,0.00%
20260127,09,朱光宁,3268,稷下書院-mobile,14737,MW_置底創意(非展開)_稷下書院-mobile,,,,12,12,0,12,0,0,0,0,0,100.00%,0.00%,0.00%,0.00%,0.00%,0.00%,0.00%
20260127,09,朱光宁,3149,稷下書院-exchange,14748,MW_320x100_置底(PB)_稷下書院,,,,"20,918","20,918",160,"20,758",67,93,93,0,0,100.00%,0.76%,0.32%,0.44%,0.44%,0.00%,0.00%
20260127,09,巨思文化股份有限公司,3053,數位時代_HB,14764,MW_置底創意_(非展開)_數位時代_HB,,知名媒體,,182,182,2,180,0,2,2,0,0,100.00%,1.10%,0.00%,1.10%,1.10%,0.00%,0.00%
20260127,09,中天電視股份有限公司,3282,中天新聞網-exchange,14980,CF_970x250_內頁_PC置頂橫幅-中天新聞網-exchange,,知名媒體,,24,24,4,20,0,4,4,0,0,100.00%,16.67%,0.00%,16.67%,16.67%,0.00%,0.00%
20260127,09,黃俊德,3298,Disp BBS_2023_Exchange,15013,CF_300x250_Disp BBS_2023_Exchange,,知名媒體,,6,6,6,0,4,2,2,0,0,100.00%,100.00%,66.67%,33.33%,33.33%,0.00%,0.00%
20260127,09,今健康新媒體有限公司,3326,今健康-Mobile,15217,MW_置底創意(非展開)-今健康-Mobile,,知名媒體,,6,6,6,0,0,6,6,0,0,100.00%,100.00%,0.00%,100.00%,100.00%,0.00%,0.00%
20260127,09,曾憲敏,3327,85小說網_創意,15227,MW-300X250_85小說網_隨身影音PB,,,,12,12,0,12,0,0,0,0,0,100.00%,0.00%,0.00%,0.00%,0.00%,0.00%,0.00%
20260127,09,曾憲敏,3327,85小說網_創意,15228,MW-創意-85小說網,,,,330,330,0,330,0,0,0,0,0,100.00%,0.00%,0.00%,0.00%,0.00%,0.00%,0.00%
20260127,09,千晶文化事業股份有限公司,3336,Beauty 美人圈,15254,MW_置底創意(非展開)_ Beauty 美人圈,,知名媒體,,"2,362","2,362",4,"2,358",0,4,4,0,0,100.00%,0.17%,0.00%,0.17%,0.17%,0.00%,0.00%
20260127,09,中天電視股份有限公司,3282,中天新聞網-exchange,15859,CF_336x280_內頁_PC右側互動看板B-中天新聞網-exchange,,知名媒體,,134,134,30,104,20,10,10,0,0,100.00%,22.39%,14.93%,7.46%,7.46%,0.00%,0.00%
20260127,09,CBROOT LTD,3352,西瓜卡通-exchange,15969,CF_728x90_影音內容_西瓜卡通-exchange,,,,6,6,0,6,0,0,0,0,0,100.00%,0.00%,0.00%,0.00%,0.00%,0.00%,0.00%
20260127,09,CBROOT LTD,3352,西瓜卡通-exchange,15970,CF_160x600_影音內容_西瓜卡通-exchange,,,,152,152,0,152,0,0,0,0,0,100.00%,0.00%,0.00%,0.00%,0.00%,0.00%,0.00%
20260127,09,時報資訊股份有限公司,2817,旺得富,16908,CF_970x250_MiddleBanner_旺得富,,知名媒體,,25,25,0,25,0,0,0,0,0,100.00%,0.00%,0.00%,0.00%,0.00%,0.00%,0.00%
20260127,09,時報資訊股份有限公司,2817,旺得富,16910,CF_300x250_Billboard_1s_旺得富,,知名媒體,,30,30,0,30,0,0,0,0,0,100.00%,0.00%,0.00%,0.00%,0.00%,0.00%,0.00%
20260127,09,時報資訊股份有限公司,2817,旺得富,16911,CF_300x250_Billboard_2nd_旺得富,,知名媒體,,12,12,0,12,0,0,0,0,0,100.00%,0.00%,0.00%,0.00%,0.00%,0.00%,0.00%
20260127,09,朱光宁,3360,提莫書屋-exchange,16957,MW_336x280banner_提莫書屋_exchange,,,,"13,172","13,172",9,"13,163",0,9,9,0,0,100.00%,0.07%,0.00%,0.07%,0.07%,0.00%,0.00%
20260127,09,朱光宁,3361,提莫書屋-mobile,16958,MW_置底創意_提莫書屋-mobile,,,,30,30,0,30,0,0,0,0,0,100.00%,0.00%,0.00%,0.00%,0.00%,0.00%,0.00%
20260127,09,朱光宁,3361,提莫書屋-mobile,16959,MW_320x480_文中創意_提莫書屋-mobile,,,,48,48,0,48,0,0,0,0,0,100.00%,0.00%,0.00%,0.00%,0.00%,0.00%,0.00%
20260127,09,欣發現股份有限公司,3365,Hami任務牆-mobile,16969,MW_置底創意_Hami任務牆,,知名媒體,,823,823,1,822,0,1,1,0,0,100.00%,0.12%,0.00%,0.12%,0.12%,0.00%,0.00%
20260127,09,欣發現股份有限公司,3364,女子學-mobile,16972,MW_置底創意_女子學,antifroud,,,"2,145","2,145",3,"2,142",0,3,3,0,0,100.00%,0.14%,0.00%,0.14%,0.14%,0.00%,0.00%
20260127,09,欣發現股份有限公司,3363,大人物-mobile,16973,MW_置底創意_大人物,,知名媒體,,180,180,3,177,0,3,3,0,0,100.00%,1.67%,0.00%,1.67%,1.67%,0.00%,0.00%
20260127,09,欣發現股份有限公司,3362,妞新聞-mobile,16974,MW_置底創意_妞新聞,,知名媒體,,18,18,0,18,0,0,0,0,0,100.00%,0.00%,0.00%,0.00%,0.00%,0.00%,0.00%
20260127,09,第一網站股份有限公司,2783,漫畫櫃manhuagui,17027,MW_320x480_蓋版_漫畫櫃manhuagui,,,,503,503,0,503,0,0,0,0,0,100.00%,0.00%,0.00%,0.00%,0.00%,0.00%,0.00%
20260127,09,艾得基客行銷顧問股份有限公司,3373,良醫健康網,17092,MW_置底創意_良醫健康網,,知名媒體,,36,36,0,36,0,0,0,0,0,100.00%,0.00%,0.00%,0.00%,0.00%,0.00%,0.00%
20260127,09,詠勝科技有限公司,3385,Mobile01_HB,17173,CF_970x250_超級橫幅_Mobile01_HB,,知名媒體,,6,6,0,6,0,0,0,0,0,100.00%,0.00%,0.00%,0.00%,0.00%,0.00%,0.00%
20260127,09,詠勝科技有限公司,3385,Mobile01_HB,17174,CF_970x250_超級橫幅_置底_Mobile01_HB,,知名媒體,,24,24,0,24,0,0,0,0,0,100.00%,0.00%,0.00%,0.00%,0.00%,0.00%,0.00%
20260127,09,詠勝科技有限公司,3385,Mobile01_HB,17175,CF_970x90_橫幅Banner_Mobile01_HB,,知名媒體,,"1,932","1,932",82,"1,850",16,66,66,0,0,100.00%,4.24%,0.83%,3.42%,3.42%,0.00%,0.00%
20260127,09,詠勝科技有限公司,3385,Mobile01_HB,17176,CF_728x90_內頁橫幅Banner_7F_Mobile01_HB,,知名媒體,,142,142,6,136,0,6,6,0,0,100.00%,4.23%,0.00%,4.23%,4.23%,0.00%,0.00%
20260127,09,詠勝科技有限公司,3385,Mobile01_HB,17178,CF_300x250_頻道頁_大看板_Mobile01_HB,,知名媒體,,117,117,0,117,0,0,0,0,0,100.00%,0.00%,0.00%,0.00%,0.00%,0.00%,0.00%
20260127,09,詠勝科技有限公司,3385,Mobile01_HB,17179,CF_300x250_熱門大看板_Mobile01_HB,,知名媒體,,"2,273","2,273",88,"2,185",4,84,84,0,0,100.00%,3.87%,0.18%,3.70%,3.70%,0.00%,0.00%
20260127,09,詠勝科技有限公司,3385,Mobile01_HB,17180,CF_300x250_置底看板左_Mobile01_HB,,知名媒體,,800,800,10,790,0,10,10,0,0,100.00%,1.25%,0.00%,1.25%,1.25%,0.00%,0.00%
20260127,09,詠勝科技有限公司,3385,Mobile01_HB,17181,CF_300x250_置底看板中_Mobile01_HB,,知名媒體,,786,786,10,776,0,10,10,0,0,100.00%,1.27%,0.00%,1.27%,1.27%,0.00%,0.00%
20260127,09,詠勝科技有限公司,3385,Mobile01_HB,17182,CF_300x250_置底看板右_Mobile01_HB,,知名媒體,,16,16,6,10,0,6,6,0,0,100.00%,37.50%,0.00%,37.50%,37.50%,0.00%,0.00%
20260127,09,詠勝科技有限公司,3385,Mobile01_HB,17183,CF_300x600_大摩天_Mobile01_HB,,知名媒體,,"1,259","1,259",31,"1,228",6,25,25,0,0,100.00%,2.46%,0.48%,1.99%,1.99%,0.00%,0.00%
20260127,09,詠勝科技有限公司,3385,Mobile01_HB,17184,CF_970x90_特殊banner_Mobile01_HB,,知名媒體,,8,8,4,4,4,0,0,0,0,100.00%,50.00%,50.00%,0.00%,0.00%,0.00%,0.00%
20260127,09,詠勝科技有限公司,3385,Mobile01_HB,17185,CF_300x250_特殊看板右上_Mobile01_HB,,知名媒體,,8,8,4,4,0,4,4,0,0,100.00%,50.00%,0.00%,50.00%,50.00%,0.00%,0.00%
20260127,09,詠勝科技有限公司,3385,Mobile01_HB,17192,CF_300x250_特殊置底看板左_Mobile01_HB,,知名媒體,,10,10,6,4,6,0,0,0,0,100.00%,60.00%,60.00%,0.00%,0.00%,0.00%,0.00%
20260127,09,詠勝科技有限公司,3385,Mobile01_HB,17193,CF_300x250_特殊置底看板中_Mobile01_HB,,知名媒體,,10,10,6,4,0,6,6,0,0,100.00%,60.00%,0.00%,60.00%,60.00%,0.00%,0.00%
20260127,09,詠勝科技有限公司,3385,Mobile01_HB,17195,CF_300x600_特殊大摩天_Mobile01_HB,,知名媒體,,10,10,6,4,6,0,0,0,0,100.00%,60.00%,60.00%,0.00%,0.00%,0.00%,0.00%
20260127,09,詠勝科技有限公司,3385,Mobile01_HB,17196,CF_160x600_門神_right_Mobile01_HB,,知名媒體,,208,208,4,204,0,4,4,0,0,100.00%,1.92%,0.00%,1.92%,1.92%,0.00%,0.00%
20260127,09,詠勝科技有限公司,3385,Mobile01_HB,17197,CF_160x600_門神_left_Mobile01_HB,,知名媒體,,208,208,4,204,0,4,4,0,0,100.00%,1.92%,0.00%,1.92%,1.92%,0.00%,0.00%
20260127,09,朱光宁,3268,稷下書院-mobile,17207,MW_320x480_蓋版_稷下書院-mobile,,,,"3,967","3,967",5,"3,962",1,4,4,0,0,100.00%,0.13%,0.03%,0.10%,0.10%,0.00%,0.00%
20260127,09,李立娟,3395,vivi0視頻-exchange,17293,CF_336x280_Banner_vivi01視頻-exchange,antifroud,,,"38,340","38,340",81,"38,259",37,44,44,0,0,100.00%,0.21%,0.10%,0.11%,0.11%,0.00%,0.00%
20260127,09,李立娟,3395,vivi0視頻-exchange,17294,MW_336x280_Banner_vivi01視頻-exchange,antifroud,,,"46,523","46,523",64,"46,459",23,41,41,0,0,100.00%,0.14%,0.05%,0.09%,0.09%,0.00%,0.00%
20260127,09,李立娟,3395,vivi0視頻-exchange,17300,MW_320x100_置底(PB)_vivi01視頻-exchange,antifroud,,,"70,998","70,998",103,"70,895",34,69,69,0,0,100.00%,0.15%,0.05%,0.10%,0.10%,0.00%,0.00%
20260127,09,李立娟,3397,趣聞圖說-exchange,17309,MW_336x280_文中Banner_趣聞圖說-exchange,,,,12,12,0,12,0,0,0,0,0,100.00%,0.00%,0.00%,0.00%,0.00%,0.00%,0.00%
20260127,09,李立娟,3396,趣聞圖說-Mobile,17923,MW_置底創意(展開)_趣聞圖說-Mobile,,,,40,40,0,40,0,0,0,0,0,100.00%,0.00%,0.00%,0.00%,0.00%,0.00%,0.00%
20260127,09,第一網站股份有限公司,2768,czbooks,17927,MW_置底創意_czbook,,,,"12,244","12,244",22,"12,222",2,20,20,0,0,100.00%,0.18%,0.02%,0.16%,0.16%,0.00%,0.00%
20260127,09,時報資訊股份有限公司_工商時報,3427,工商時報-exchange,18003,CF_300x250_互動看板2_工商時報-exchange,,知名媒體,,12,12,0,12,0,0,0,0,0,100.00%,0.00%,0.00%,0.00%,0.00%,0.00%,0.00%
20260127,09,時報資訊股份有限公司_工商時報,3427,工商時報-exchange,18007,CF_336x280_文末右側看板_工商時報-exchange,,知名媒體,,94,94,6,88,0,6,6,0,0,100.00%,6.38%,0.00%,6.38%,6.38%,0.00%,0.00%
20260127,09,時報資訊股份有限公司_工商時報,3427,工商時報-exchange,18008,CF_336x280_文末左側看板_工商時報-exchange,,知名媒體,,64,64,2,62,0,2,2,0,0,100.00%,3.12%,0.00%,3.12%,3.12%,0.00%,0.00%
20260127,09,時報資訊股份有限公司_工商時報,3427,工商時報-exchange,18014,MW_300x250_文末Banner1_工商時報-exchange,,知名媒體,,40,40,0,40,0,0,0,0,0,100.00%,0.00%,0.00%,0.00%,0.00%,0.00%,0.00%
20260127,09,時報資訊股份有限公司_工商時報,3427,工商時報-exchange,18015,MW_300x250_文末Banner2_工商時報-exchange,,知名媒體,,172,172,0,172,0,0,0,0,0,100.00%,0.00%,0.00%,0.00%,0.00%,0.00%,0.00%
20260127,09,第一網站股份有限公司,3440,fsa_passback_first,18201,CF_336x280_fsa_passback_first,,,,"1,670","1,670",20,"1,650",0,20,20,0,0,100.00%,1.20%,0.00%,1.20%,1.20%,0.00%,0.00%
20260127,09,第一網站股份有限公司,3440,fsa_passback_first,18202,CF_300x250_fsa_passback_first,,,,"2,216","2,216",57,"2,159",5,52,52,0,0,100.00%,2.57%,0.23%,2.35%,2.35%,0.00%,0.00%
20260127,09,朱光宁,3268,稷下書院-mobile,18297,MW_置底創意(展開)_稷下書院-mobile,,,,292,292,0,292,0,0,0,0,0,100.00%,0.00%,0.00%,0.00%,0.00%,0.00%,0.00%
20260127,09,冰楓科技有限公司,3485,冰楓論壇-exchange,18487,CF_970x90_內文上方第一塊_冰楓論壇-exchange,,,,957,957,19,938,18,1,1,0,0,100.00%,1.99%,1.88%,0.10%,0.10%,0.00%,0.00%
20260127,09,冰楓科技有限公司,3485,冰楓論壇-exchange,18488,MW_320x100_內文上方第一塊_ 冰楓論壇-exchange,antifroud,,,84,84,0,84,0,0,0,0,0,100.00%,0.00%,0.00%,0.00%,0.00%,0.00%,0.00%
20260127,09,冰楓科技有限公司,3485,冰楓論壇-exchange,18492,MW_300x250_Banner_ 冰楓論壇-exchange,,,,342,342,0,342,0,0,0,0,0,100.00%,0.00%,0.00%,0.00%,0.00%,0.00%,0.00%
20260127,09,闇碼科技股份有限公司,3048,縮短網址產生器-reurl,18535,MW_蓋版_縮短網址產生器-reurl,,知名媒體,,19,19,0,19,0,0,0,0,0,100.00%,0.00%,0.00%,0.00%,0.00%,0.00%,0.00%
20260127,09,CBROOT LTD,3492,包子漫畫(特開流量)-exchange,18557,CF_300x600_指定流量_包子漫畫(特開流量PB)-exchange,,,,171,171,3,168,0,3,3,0,0,100.00%,1.75%,0.00%,1.75%,1.75%,0.00%,0.00%
20260127,09,CBROOT LTD,3510,包子漫畫_twmanga-exchange,18737,CF_970x90_Banner_ 包子漫畫_twmanga-exchange,,,,314,314,1,313,0,1,1,0,0,100.00%,0.32%,0.00%,0.32%,0.32%,0.00%,0.00%
20260127,09,闇碼科技股份有限公司,2992,縮短網址產生器-reurl-exchange,18876,CF_首頁連結bar下方_縮短網址產生器-reurl-exchange,,知名媒體,,6,6,0,6,0,0,0,0,0,100.00%,0.00%,0.00%,0.00%,0.00%,0.00%,0.00%
20260127,09,闇碼科技股份有限公司,2992,縮短網址產生器-reurl-exchange,18877,MW_首頁連結bar下方_縮短網址產生器-reurl-exchange,,知名媒體,,6,6,0,6,0,0,0,0,0,100.00%,0.00%,0.00%,0.00%,0.00%,0.00%,0.00%
20260127,09,台灣英文新聞股份有限公司,3537,台灣英文新聞(new)-exchange,18924,CF_300x250_內容頁_右側看版_1_台灣英文新聞(new)-exchange,,知名媒體,,48,48,38,10,28,10,10,0,0,100.00%,79.17%,58.33%,20.83%,20.83%,0.00%,0.00%
20260127,09,艾得基客行銷顧問股份有限公司,3490,太報,19043,MW_置底創意(展開)_太報,,知名媒體,,6,6,0,6,0,0,0,0,0,100.00%,0.00%,0.00%,0.00%,0.00%,0.00%,0.00%
20260127,09,艾得基客行銷顧問股份有限公司,3552,玩具人,19044,MW_320x480_文中創意_玩具人,,知名媒體,,18,18,0,18,0,0,0,0,0,100.00%,0.00%,0.00%,0.00%,0.00%,0.00%,0.00%
20260127,09,先驅媒體社會企業股份有限公司,3554,新頭殼(R18),19047,(子)CF_300x250Banner_newtalk.tw_content_300250_1_新頭殼(R18),,知名媒體,子聯播網,12,12,2,10,2,0,0,0,0,100.00%,16.67%,16.67%,0.00%,0.00%,0.00%,0.00%
20260127,09,第一網站股份有限公司,2783,漫畫櫃manhuagui,20685,MW_300X250_manhuagui,antifroud,,,"4,456","4,456",44,"4,412",10,34,34,0,0,100.00%,0.99%,0.22%,0.76%,0.76%,0.00%,0.00%
20260127,09,德榕企業有限公司,3578,TW Bodhi_mobile,20707,MW_置底創意_TW Bodhi,,,,30,30,0,30,0,0,0,0,0,100.00%,0.00%,0.00%,0.00%,0.00%,0.00%,0.00%
20260127,09,德榕企業有限公司,3578,TW Bodhi_mobile,20708,MW_蓋板_TW Bodhi,,,,186,186,0,186,0,0,0,0,0,100.00%,0.00%,0.00%,0.00%,0.00%,0.00%,0.00%
20260127,09,德榕企業有限公司,3581,忘憂書屋,20727,CF_336x280文章頁(RWD)_忘憂書屋,,,,46,46,0,46,0,0,0,0,0,100.00%,0.00%,0.00%,0.00%,0.00%,0.00%,0.00%
20260127,09,德榕企業有限公司,3582,忘憂書屋_mobile,20728,MW_文中創意300x250_忘憂書屋,,,,102,102,0,102,0,0,0,0,0,100.00%,0.00%,0.00%,0.00%,0.00%,0.00%,0.00%
20260127,09,德榕企業有限公司,3582,忘憂書屋_mobile,20730,MW_置底創意_忘憂書屋,,,,30,30,0,30,0,0,0,0,0,100.00%,0.00%,0.00%,0.00%,0.00%,0.00%,0.00%
20260127,09,第一網站股份有限公司,2916,KiKiNote,20731,CF_300x250_banner_kikinote (PB),,知名媒體,,46,46,0,46,0,0,0,0,0,100.00%,0.00%,0.00%,0.00%,0.00%,0.00%,0.00%
20260127,09,艾得基客行銷顧問股份有限公司,3490,太報,21317,MW_蓋版_太報,,知名媒體,,18,18,0,18,0,0,0,0,0,100.00%,0.00%,0.00%,0.00%,0.00%,0.00%,0.00%
20260127,09,第一網站股份有限公司,2768,czbooks,21412,(子)CF_970x250_banner_czbooks(限時段)-PB,,,子聯播網,"2,011","2,011",10,"2,001",8,2,2,0,0,100.00%,0.50%,0.40%,0.10%,0.10%,0.00%,0.00%
20260127,09,第一網站股份有限公司,3440,fsa_passback_first,21699,CF_336x280_fsa_passback_first,,,,"1,163","1,163",9,"1,154",0,9,9,0,0,100.00%,0.77%,0.00%,0.77%,0.77%,0.00%,0.00%
20260127,09,富盈數據股份有限公司,3653,TVBS-女人我最大_HB,21760,MW_文章三_336x280_TVBS-女人我最大_HB,,知名媒體,,48,48,0,48,0,0,0,0,0,100.00%,0.00%,0.00%,0.00%,0.00%,0.00%,0.00%
20260127,09,富盈數據股份有限公司,3653,TVBS-女人我最大_HB,21761,MW_文章四_336x280_TVBS-女人我最大_HB,,知名媒體,,690,690,1,689,0,1,1,0,0,100.00%,0.14%,0.00%,0.14%,0.14%,0.00%,0.00%
20260127,09,富盈數據股份有限公司,3653,TVBS-女人我最大_HB,21762,MW_文章置底_320x100_TVBS-女人我最大_HB,,知名媒體,,200,200,0,200,0,0,0,0,0,100.00%,0.00%,0.00%,0.00%,0.00%,0.00%,0.00%
20260127,09,富盈數據股份有限公司,3653,TVBS-女人我最大_HB,21763,MW_文中創意320x480_TVBS-女人我最大_HB,,知名媒體,,644,644,2,642,0,2,2,0,0,100.00%,0.31%,0.00%,0.31%,0.31%,0.00%,0.00%
20260127,09,富盈數據股份有限公司,3654,TVBS-健康2.0_HB,21764,CF_文章右側300x600_TVBS-健康2.0_HB,,知名媒體,,20,20,0,20,0,0,0,0,0,100.00%,0.00%,0.00%,0.00%,0.00%,0.00%,0.00%
20260127,09,富盈數據股份有限公司,3654,TVBS-健康2.0_HB,21765,MW_文章三_336x280_TVBS-健康2.0_HB,,知名媒體,,147,147,4,143,0,4,4,0,0,100.00%,2.72%,0.00%,2.72%,2.72%,0.00%,0.00%
20260127,09,富盈數據股份有限公司,3654,TVBS-健康2.0_HB,21767,MW_文章置底_320x100_TVBS-健康2.0_HB,,知名媒體,,6,6,0,6,0,0,0,0,0,100.00%,0.00%,0.00%,0.00%,0.00%,0.00%,0.00%
20260127,09,富盈數據股份有限公司,3654,TVBS-健康2.0_HB,21768,MW_文中創意320x480_TVBS-健康2.0_HB,,知名媒體,,"3,410","3,410",12,"3,398",2,10,10,0,0,100.00%,0.35%,0.06%,0.29%,0.29%,0.00%,0.00%
20260127,09,富盈數據股份有限公司,3655,TVBS-食尚玩家_HB,21770,MW_文章三_336x280_TVBS-食尚玩家_HB,,知名媒體,,"1,158","1,158",3,"1,155",0,3,3,0,0,100.00%,0.26%,0.00%,0.26%,0.26%,0.00%,0.00%
20260127,09,富盈數據股份有限公司,3655,TVBS-食尚玩家_HB,21771,MW_文章四_336x280_TVBS-食尚玩家_HB,,知名媒體,,18,18,0,18,0,0,0,0,0,100.00%,0.00%,0.00%,0.00%,0.00%,0.00%,0.00%
20260127,09,富盈數據股份有限公司,3655,TVBS-食尚玩家_HB,21773,MW_文中創意320x480_TVBS-食尚玩家_HB,,知名媒體,,63,63,0,63,0,0,0,0,0,100.00%,0.00%,0.00%,0.00%,0.00%,0.00%,0.00%
20260127,09,富盈數據股份有限公司,3654,TVBS-健康2.0_HB,21812,MW_文章一_336x280_TVBS-健康2.0_HB,,知名媒體,,794,794,0,794,0,0,0,0,0,100.00%,0.00%,0.00%,0.00%,0.00%,0.00%,0.00%
20260127,09,先驅媒體社會企業股份有限公司,3554,新頭殼(R18),21830,(子)CF_300x250Banner_newtalk.tw_all_300250_1_新頭殼(R18),antifroud,知名媒體,子聯播網,6,6,0,6,0,0,0,0,0,100.00%,0.00%,0.00%,0.00%,0.00%,0.00%,0.00%
20260127,09,儂儂雜誌社股份有限公司(bella儂儂),2135,Bella儂儂_2024,21876,MW-300x250_文章標題上方1_Bella儂儂,,知名媒體,,204,204,0,204,0,0,0,0,0,100.00%,0.00%,0.00%,0.00%,0.00%,0.00%,0.00%
20260127,09,富盈數據股份有限公司,3680,TVBS-新聞網_HB,21898,CF_文章右側300x600_TVBS-新聞網_HB,,知名媒體,,8,8,0,8,0,0,0,0,0,100.00%,0.00%,0.00%,0.00%,0.00%,0.00%,0.00%
20260127,09,富盈數據股份有限公司,3680,TVBS-新聞網_HB,21899,MW_文章一_336x280_TVBS-新聞網_HB,,知名媒體,,"4,366","4,366",19,"4,347",3,16,16,0,0,100.00%,0.44%,0.07%,0.37%,0.37%,0.00%,0.00%
20260127,09,富盈數據股份有限公司,3680,TVBS-新聞網_HB,21900,MW_文章三_336x280_TVBS-新聞網_HB,,知名媒體,,461,461,0,461,0,0,0,0,0,100.00%,0.00%,0.00%,0.00%,0.00%,0.00%,0.00%
20260127,09,富盈數據股份有限公司,3680,TVBS-新聞網_HB,21901,MW_文章四_336x280_TVBS-新聞網_HB,,知名媒體,,6,6,0,6,0,0,0,0,0,100.00%,0.00%,0.00%,0.00%,0.00%,0.00%,0.00%
20260127,09,富盈數據股份有限公司,3680,TVBS-新聞網_HB,21902,MW_文章置底_320x100_TVBS-新聞網_HB,,知名媒體,,"3,324","3,324",16,"3,308",3,13,13,0,0,100.00%,0.48%,0.09%,0.39%,0.39%,0.00%,0.00%
20260127,09,聯合線上股份有限公司,3679,噓新聞,21903,PC_300x250_首頁及內文頁_噓新聞,,知名媒體,,12,12,0,12,0,0,0,0,0,100.00%,0.00%,0.00%,0.00%,0.00%,0.00%,0.00%
20260127,09,富盈數據股份有限公司,3685,玩桌遊_mobile,21924,MW_置底創意(非展開)_玩桌遊-mobile,,,,56,56,0,56,0,0,0,0,0,100.00%,0.00%,0.00%,0.00%,0.00%,0.00%,0.00%
20260127,09,富盈數據股份有限公司,2615,熱血台中,21986,CF_336x280_全網_熱血台中,,,,64,64,0,64,0,0,0,0,0,100.00%,0.00%,0.00%,0.00%,0.00%,0.00%,0.00%
20260127,09,富盈數據股份有限公司,2615,熱血台中,21987,CF_336x280_全網_熱血台中,,,,114,114,0,114,0,0,0,0,0,100.00%,0.00%,0.00%,0.00%,0.00%,0.00%,0.00%
20260127,09,富盈數據股份有限公司,3704,天天要聞,22030,CF_300 x 250 banner_天天要聞_cpc2,,,,"1,300","1,300",12,"1,288",0,12,12,0,0,100.00%,0.92%,0.00%,0.92%,0.92%,0.00%,0.00%
20260127,09,富盈數據股份有限公司,3703,繁體小說,22031,CF_300 x 250 banner_繁體小說_cpc2,,,,290,290,0,290,0,0,0,0,0,100.00%,0.00%,0.00%,0.00%,0.00%,0.00%,0.00%
20260127,09,冠妍動力科技有限公司,484,小老婆汽機車資訊網,22058,MW_文中創意320x480_小老婆汽機車資訊網-測試,,知名媒體,,6,6,0,6,0,0,0,0,0,100.00%,0.00%,0.00%,0.00%,0.00%,0.00%,0.00%
20260127,09,富盈數據股份有限公司,3680,TVBS-新聞網_HB,22131,CF_文中300x250_TVBS-新聞網_HB_1,,知名媒體,,6,6,0,6,0,0,0,0,0,100.00%,0.00%,0.00%,0.00%,0.00%,0.00%,0.00%
20260127,09,富盈數據股份有限公司,3680,TVBS-新聞網_HB,22132,CF_文中300x250_TVBS-新聞網_HB_2,,知名媒體,,68,68,0,68,0,0,0,0,0,100.00%,0.00%,0.00%,0.00%,0.00%,0.00%,0.00%
20260127,09,富盈數據股份有限公司,3680,TVBS-新聞網_HB,22133,CF_文中300x250_TVBS-新聞網_HB_3,,知名媒體,,118,118,0,118,0,0,0,0,0,100.00%,0.00%,0.00%,0.00%,0.00%,0.00%,0.00%
20260127,09,富盈數據股份有限公司,3730,Teepr 亮新聞 HB,22145,MW_336x280_文中創意_Teepr亮新聞 HB,,,,6,6,0,6,0,0,0,0,0,100.00%,0.00%,0.00%,0.00%,0.00%,0.00%,0.00%
20260127,09,冰楓科技有限公司,3485,冰楓論壇-exchange,22160,CF_300x250_Banner2_ 冰楓論壇-exchange,,,,6,6,0,6,0,0,0,0,0,100.00%,0.00%,0.00%,0.00%,0.00%,0.00%,0.00%
20260127,09,闇碼科技股份有限公司,3048,縮短網址產生器-reurl,22213,MW_蓋版_縮短網址產生器-reurl-2025.05(特殊供量),,知名媒體,,"1,060","1,060",913,147,880,33,33,0,0,100.00%,86.13%,83.02%,3.11%,3.11%,0.00%,0.00%
20260127,09,艾得基客行銷顧問股份有限公司,2689,Basketball Top5,22219,MW_置底(展開)_Basketball TOP5,,,,438,438,0,438,0,0,0,0,0,100.00%,0.00%,0.00%,0.00%,0.00%,0.00%,0.00%
20260127,09,欣發現股份有限公司,3363,大人物-mobile,22222,MW_蓋板_大人物,,知名媒體,,409,409,8,401,0,8,8,0,0,100.00%,1.96%,0.00%,1.96%,1.96%,0.00%,0.00%
20260127,09,艾得基客行銷顧問股份有限公司,3738,痞客邦,22223,MW_中繼頁_置底創意(展開)-痞客邦_Mobile,,知名媒體,,6,6,0,6,0,0,0,0,0,100.00%,0.00%,0.00%,0.00%,0.00%,0.00%,0.00%
20260127,09,朱光宁,3741,石頭小說3,22396,MW_置底_石頭小說3,,,,98,98,0,98,0,0,0,0,0,100.00%,0.00%,0.00%,0.00%,0.00%,0.00%,0.00%
20260127,09,朱光宁,3741,石頭小說3,22398,CF_336 x 280 banner_石頭小說3_cpc1.67,,,,"1,460","1,458",0,"1,458",0,0,0,0,0,99.86%,0.00%,0.00%,0.00%,0.00%,0.00%,0.00%
20260127,09,朱光宁,3741,石頭小說3,22399,CF_320 x 480 橫幅_石頭小說3,,,,18,18,0,18,0,0,0,0,0,100.00%,0.00%,0.00%,0.00%,0.00%,0.00%,0.00%
20260127,09,闇碼科技股份有限公司,3068,限時圖片-imgus,22406,MW_置底_imgus,antifroud,,,32,32,0,32,0,0,0,0,0,100.00%,0.00%,0.00%,0.00%,0.00%,0.00%,0.00%
20260127,09,第一網站股份有限公司,2783,漫畫櫃manhuagui,22443,MW_置底_manhuagui,antifroud,,,"17,145","17,145",135,"17,010",8,127,127,0,0,100.00%,0.79%,0.05%,0.74%,0.74%,0.00%,0.00%
20260127,09,艾得基客行銷顧問股份有限公司,3490,太報,22495,MW_300x250 BANNER_太報_CPM5,,知名媒體,子聯播網,12,12,0,12,0,0,0,0,0,100.00%,0.00%,0.00%,0.00%,0.00%,0.00%,0.00%
20260127,09,艾得基客行銷顧問股份有限公司,2689,Basketball Top5,22498,MW_300x250 Banner_Basketball TOP5_CPM5,,,子聯播網,"1,059","1,059",0,"1,059",0,0,0,0,0,100.00%,0.00%,0.00%,0.00%,0.00%,0.00%,0.00%
20260127,09,艾得基客行銷顧問股份有限公司,2578,鉅亨網,22507,MW_300x250_鉅亨網_直播用BN-1,,知名媒體,子聯播網,849,849,8,841,0,8,8,0,0,100.00%,0.94%,0.00%,0.94%,0.94%,0.00%,0.00%
20260127,09,艾得基客行銷顧問股份有限公司,3752,ＭoneyDJ,22514,MW_文中創意320x480_MoneyDJ,antifroud,知名媒體,,82,82,1,81,0,1,1,0,0,100.00%,1.22%,0.00%,1.22%,1.22%,0.00%,0.00%
20260127,09,艾得基客行銷顧問股份有限公司,2084,經濟日報,22517,MW_置底創意(非展開)_經濟日報,,知名媒體,,6,6,0,6,0,0,0,0,0,100.00%,0.00%,0.00%,0.00%,0.00%,0.00%,0.00%
20260127,09,李承翰-webptt,718,Web批踢踢(RWD),2284,MW-蓋板_文中_Web批踢踢,antifroud,,,25,25,0,25,0,0,0,0,0,100.00%,0.00%,0.00%,0.00%,0.00%,0.00%,0.00%
20260127,09,麥智維,999,動漫戲說,3543,CF-728*90-內文上方-動漫戲說,antifroud,,,453,453,0,453,0,0,0,0,0,100.00%,0.00%,0.00%,0.00%,0.00%,0.00%,0.00%
20260127,09,肖偉彬,1287,紅櫻桃小說書庫,4678,CF-內文上方-300*250-紅櫻桃小說書庫,,,,20,20,0,20,0,0,0,0,0,100.00%,0.00%,0.00%,0.00%,0.00%,0.00%,0.00%
20260127,09,肖偉彬,1287,紅櫻桃小說書庫,4717,MW_文中創意300x250_紅櫻桃小說書庫,,,,6,6,0,6,0,0,0,0,0,100.00%,0.00%,0.00%,0.00%,0.00%,0.00%,0.00%
20260127,09,技達創意資訊有限公司,1299,泰好網,4733,CF-300*250-內文下方-泰好網,,,,6,6,0,6,0,0,0,0,0,100.00%,0.00%,0.00%,0.00%,0.00%,0.00%,0.00%
20260127,09,陈晋福,1367,電視超人,4997,CF-300X250-電視超人,,,,6,6,0,6,0,0,0,0,0,100.00%,0.00%,0.00%,0.00%,0.00%,0.00%,0.00%
20260127,09,台灣時報社股份有限公司,1665,台灣時報電子報,6263,CF-300X600-右側通欄-台灣時報電子報,,,,6,6,0,6,0,0,0,0,0,100.00%,0.00%,0.00%,0.00%,0.00%,0.00%,0.00%
20260127,09,精鏡傳媒股份有限公司,1060,鏡週刊,8246,MW_文中創意320x480_鏡週刊,,知名媒體,,6,6,0,6,0,0,0,0,0,100.00%,0.00%,0.00%,0.00%,0.00%,0.00%,0.00%
20260127,09,精鏡傳媒股份有限公司,1060,鏡週刊,8250,MW_置底創意(非展開)_鏡週刊,,知名媒體,,12,12,0,12,0,0,0,0,0,100.00%,0.00%,0.00%,0.00%,0.00%,0.00%,0.00%
20260127,09,巧克科技新媒體股份有限公司,2127,LINE TV_Banner-exchange,8576,CF_336x280_戲劇-右側好康資訊下方_LINE TV-exchange,,知名媒體,,45,45,0,45,0,0,0,0,0,100.00%,0.00%,0.00%,0.00%,0.00%,0.00%,0.00%
20260127,09,巧克科技新媒體股份有限公司,2127,LINE TV_Banner-exchange,8577,CF_336x280_戲劇-右側好康資訊上方_LINE TV-exchange,,知名媒體,,90,90,5,85,0,5,5,0,0,100.00%,5.56%,0.00%,5.56%,5.56%,0.00%,0.00%
20260127,09,鳳梨傳媒股份有限公司,2190,民視新聞網-Exchange,8862,CF_970X90_分類新聞內頁上方_民視新聞(MCM),,知名媒體,,12,12,2,10,0,2,2,0,0,100.00%,16.67%,0.00%,16.67%,16.67%,0.00%,0.00%
20260127,09,時報資訊股份有限公司,2335,中時電子報_2019,9887,MW-置底創意(非展開)中時電子報_2019,,知名媒體,,"3,320","3,320",2,"3,318",0,2,2,0,0,100.00%,0.06%,0.00%,0.06%,0.06%,0.00%,0.00%
20260127,10,英屬維京群島商浩美數位有限公司台灣分公司,2315,Teepr亮新聞-exchange,10012,CF_336x280Banner_Teepr亮新聞-exchange,,知名媒體,,758,758,28,730,11,17,17,0,0,100.00%,3.69%,1.45%,2.24%,2.24%,0.00%,0.00%
20260127,10,第一網站股份有限公司,2235,線上英漢字典(cdict),10549,CF_300x250_cdict,,,,6,6,0,6,0,0,0,0,0,100.00%,0.00%,0.00%,0.00%,0.00%,0.00%,0.00%
20260127,10,昱得資訊工作室,2528,數位書香,11080,CF_728x90_首頁上方_數位書香,antifroud,,,8,8,8,0,8,0,0,0,0,100.00%,100.00%,100.00%,0.00%,0.00%,0.00%,0.00%
20260127,10,昱得資訊工作室,2528,數位書香,11081,CF_160x600_首頁右側_數位書香,antifroud,,,111,111,11,100,11,0,0,0,0,100.00%,9.91%,9.91%,0.00%,0.00%,0.00%,0.00%
20260127,10,第一網站股份有限公司,2518,麻辣家族討論區(twbts),11082,CF-728X90-twbts,antifroud,,,"1,344","1,344",0,"1,344",0,0,0,0,0,100.00%,0.00%,0.00%,0.00%,0.00%,0.00%,0.00%
20260127,10,第一網站股份有限公司,2540,risu短網址,11260,MW-300X250-MB_page_left-risu,,知名媒體,,"1,667","1,667",0,"1,667",0,0,0,0,0,100.00%,0.00%,0.00%,0.00%,0.00%,0.00%,0.00%
20260127,10,第一網站股份有限公司,2492,ttshow,11273,MW-300X250-ttshow,,知名媒體,,18,18,0,18,0,0,0,0,0,100.00%,0.00%,0.00%,0.00%,0.00%,0.00%,0.00%
20260127,10,第一網站股份有限公司,2601,Meme梗圖倉庫,11443,CF-336X280-meme,,,,"1,337","1,337",0,"1,337",0,0,0,0,0,100.00%,0.00%,0.00%,0.00%,0.00%,0.00%,0.00%
20260127,10,第一網站股份有限公司,2540,risu短網址,11978,MW_變形蓋版_risu短網址,,知名媒體,,18,18,0,18,0,0,0,0,0,100.00%,0.00%,0.00%,0.00%,0.00%,0.00%,0.00%
20260127,10,第一網站股份有限公司,2540,risu短網址,11979,MW_置底創意_risu短網址(IOS),,知名媒體,,12,12,0,12,0,0,0,0,0,100.00%,0.00%,0.00%,0.00%,0.00%,0.00%,0.00%
20260127,10,艾得基客行銷顧問股份有限公司,2578,鉅亨網,12070,MW_320x480_文中創意_鉅亨網,,知名媒體,,"9,432","9,432",92,"9,340",4,88,88,0,0,100.00%,0.98%,0.04%,0.93%,0.93%,0.00%,0.00%
20260127,10,時報資訊股份有限公司,2770,中時電子報_HB,12559,CF_300x250_右側互動看版_中時電子報_HB,,知名媒體,,"1,862","1,862",59,"1,803",16,43,43,0,0,100.00%,3.17%,0.86%,2.31%,2.31%,0.00%,0.00%
20260127,10,時報資訊股份有限公司,2770,中時電子報_HB,12560,CF_336x280_文中看板_中時電子報_HB,,知名媒體,,"1,796","1,796",56,"1,740",14,42,42,0,0,100.00%,3.12%,0.78%,2.34%,2.34%,0.00%,0.00%
20260127,10,時報資訊股份有限公司,2770,中時電子報_HB,12561,MW_300x250_內頁TOP Banner_中時電子報_HB,antifroud,知名媒體,,"8,485","8,485",18,"8,467",5,13,13,0,0,100.00%,0.21%,0.06%,0.15%,0.15%,0.00%,0.00%
20260127,10,第一網站股份有限公司,2768,czbooks,12570,CF_728x90_banner_czbooks,,,,"3,070","3,070",13,"3,057",10,3,3,0,0,100.00%,0.42%,0.33%,0.10%,0.10%,0.00%,0.00%
20260127,10,第一網站股份有限公司,2768,czbooks,12571,CF-300x600_Banner_czbooks,,,,"1,289","1,289",6,"1,283",6,0,0,0,0,100.00%,0.47%,0.47%,0.00%,0.00%,0.00%,0.00%
20260127,10,鳳梨傳媒股份有限公司,2190,民視新聞網-Exchange,12579,CF_300x250_右側第一塊_民視新聞網-Exchange(RWD)(MCM),,知名媒體,,893,893,12,881,8,4,4,0,0,100.00%,1.34%,0.90%,0.45%,0.45%,0.00%,0.00%
20260127,10,鳳梨傳媒股份有限公司,2190,民視新聞網-Exchange,12580,CF_300x250_內文文中左側_民視新聞網-Exchange(RWD)(MCM),,知名媒體,,970,970,43,927,11,32,32,0,0,100.00%,4.43%,1.13%,3.30%,3.30%,0.00%,0.00%
20260127,10,第一網站股份有限公司,2783,漫畫櫃manhuagui,12676,CF_728X90_manhuagui,antifroud,,,"35,771","35,771",142,"35,629",47,95,95,0,0,100.00%,0.40%,0.13%,0.27%,0.27%,0.00%,0.00%
20260127,10,艾得基客行銷顧問股份有限公司,2635,工商時報,12761,MW_320x480_文中創意_工商時報new,,知名媒體,,66,66,0,66,0,0,0,0,0,100.00%,0.00%,0.00%,0.00%,0.00%,0.00%,0.00%
20260127,10,第一網站股份有限公司,2801,damanwoo,12868,CF-300x250_Banner_damanwoo_大人物,,,,178,178,0,178,0,0,0,0,0,100.00%,0.00%,0.00%,0.00%,0.00%,0.00%,0.00%
20260127,10,第一網站股份有限公司,2820,星座好朋友(horofriend88),12966,MW_320x100_horofriend88,antifroud,,,18,18,0,18,0,0,0,0,0,100.00%,0.00%,0.00%,0.00%,0.00%,0.00%,0.00%
20260127,10,第一網站股份有限公司,2836,vivi01,13032,MW_置底創意_vivi01 ViVi視頻,,,,6,6,0,6,0,0,0,0,0,100.00%,0.00%,0.00%,0.00%,0.00%,0.00%,0.00%
20260127,10,第一網站股份有限公司,2838,mycard,13041,MW_320x480_加倍mycard,,,,58,58,58,0,0,58,58,0,0,100.00%,100.00%,0.00%,100.00%,100.00%,0.00%,0.00%
20260127,10,第一網站股份有限公司,2862,Manhuaren,13254,MW_320x100_banner_manhuaren,,,,6,6,0,6,0,0,0,0,0,100.00%,0.00%,0.00%,0.00%,0.00%,0.00%,0.00%
20260127,10,和運租車股份有限公司,2878,abc好車網,13368,CF_970x90_物件頁下方_abc好車網,,知名媒體,,6,6,0,6,0,0,0,0,0,100.00%,0.00%,0.00%,0.00%,0.00%,0.00%,0.00%
20260127,10,曾憲敏,202,85小說網,13445,MW_336X280_全量1_85小說網,,,,259,259,0,259,0,0,0,0,0,100.00%,0.00%,0.00%,0.00%,0.00%,0.00%,0.00%
20260127,10,曾憲敏,202,85小說網,13446,MW_336X280_全量2_85小說網,,,,"1,903","1,903",0,"1,903",0,0,0,0,0,100.00%,0.00%,0.00%,0.00%,0.00%,0.00%,0.00%
20260127,10,第一網站股份有限公司,2768,czbooks,13481,MW_300x250_banner_czbooks,antifroud,,子聯播網,"40,980","40,980",115,"40,865",38,77,77,0,0,100.00%,0.28%,0.09%,0.19%,0.19%,0.00%,0.00%
20260127,10,第一網站股份有限公司,2768,czbooks,13482,(子)CF_300x600_banner_czbooks(限時段),,,子聯播網,132,132,0,132,0,0,0,0,0,100.00%,0.00%,0.00%,0.00%,0.00%,0.00%,0.00%
20260127,10,第一網站股份有限公司,2768,czbooks,13483,(子)CF_970x250_banner_czbooks(限時段),,,子聯播網,192,192,1,191,0,1,1,0,0,100.00%,0.52%,0.00%,0.52%,0.52%,0.00%,0.00%
20260127,10,第一網站股份有限公司,2910,clickme,13548,(子)CF_300x250_banner_clickme(一般),,,子聯播網,325,325,0,325,0,0,0,0,0,100.00%,0.00%,0.00%,0.00%,0.00%,0.00%,0.00%
20260127,10,第一網站股份有限公司,2910,clickme,13549,CF_300x250_banner_clickme(一般),,,,693,693,8,685,0,8,8,0,0,100.00%,1.15%,0.00%,1.15%,1.15%,0.00%,0.00%
20260127,10,第一網站股份有限公司,2916,KiKiNote,13576,(子)CF_300x250_banner_kikinote,,知名媒體,子聯播網,"1,010","1,010",11,999,11,0,0,0,0,100.00%,1.09%,1.09%,0.00%,0.00%,0.00%,0.00%
20260127,10,闇碼科技股份有限公司,2992,縮短網址產生器-reurl-exchange,13848,CF_300x250_轉址失敗_最右邊_reurl,,知名媒體,,26,26,20,6,6,14,14,0,0,100.00%,76.92%,23.08%,53.85%,53.85%,0.00%,0.00%
20260127,10,闇碼科技股份有限公司,2992,縮短網址產生器-reurl-exchange,13856,CF_300x250_轉址失敗頁第二塊_reurl,,知名媒體,,16,16,16,0,0,16,16,0,0,100.00%,100.00%,0.00%,100.00%,100.00%,0.00%,0.00%
20260127,10,闇碼科技股份有限公司,2992,縮短網址產生器-reurl-exchange,13861,CF_300x250_網址下方右側(PB)_reurl,,知名媒體,,8,8,0,8,0,0,0,0,0,100.00%,0.00%,0.00%,0.00%,0.00%,0.00%,0.00%
20260127,10,第一網站股份有限公司,2768,czbooks,13903,(子)CF_300x250_banner_czbooks(直播),antifroud,,子聯播網,"5,376","5,376",5,"5,371",0,5,5,0,0,100.00%,0.09%,0.00%,0.09%,0.09%,0.00%,0.00%
20260127,10,第一網站股份有限公司,2768,czbooks,14036,MW_320x480_CZBOOKS,antifroud,,,130,130,1,129,0,1,1,0,0,100.00%,0.77%,0.00%,0.77%,0.77%,0.00%,0.00%
20260127,10,陳人鳳,480,飛格寵物家族_PC,1407,CF-728X90_上方通欄_飛格寵物家族,,,,19,19,1,18,0,1,1,0,0,100.00%,5.26%,0.00%,5.26%,5.26%,0.00%,0.00%
20260127,10,陳人鳳,480,飛格寵物家族_PC,1408,CF-300X250_內文_飛格寵物家族,,,,62,62,25,37,2,23,23,0,0,100.00%,40.32%,3.23%,37.10%,37.10%,0.00%,0.00%
20260127,10,飛凡傳播股份有限公司,1921,非凡新聞台-exchange,14188,MW_300x250_內文上方_非凡新聞-exchange,antifroud,知名媒體,,18,18,18,0,16,2,2,0,0,100.00%,100.00%,88.89%,11.11%,11.11%,0.00%,0.00%
20260127,10,闇碼科技股份有限公司,3048,縮短網址產生器-reurl,14210,MW_文中創意300x250_縮短網址產生器-reurl,,知名媒體,,379,379,211,168,157,54,54,0,0,100.00%,55.67%,41.42%,14.25%,14.25%,0.00%,0.00%
20260127,10,巨思文化股份有限公司,3052,經理人_HB,14238,MW_文章結束第一塊_300x250_經理人-HB,,知名媒體,,18,18,0,18,0,0,0,0,0,100.00%,0.00%,0.00%,0.00%,0.00%,0.00%,0.00%
20260127,10,巨思文化股份有限公司,3052,經理人_HB,14241,MW_300x250_內文下方_經理人-HB,,知名媒體,,18,18,0,18,0,0,0,0,0,100.00%,0.00%,0.00%,0.00%,0.00%,0.00%,0.00%
20260127,10,巨思文化股份有限公司,3053,數位時代_HB,14242,CF_300x250_內文下方左側_數位時代-HB,,知名媒體,,32,32,0,32,0,0,0,0,0,100.00%,0.00%,0.00%,0.00%,0.00%,0.00%,0.00%
20260127,10,巨思文化股份有限公司,3053,數位時代_HB,14243,CF_300x250_內文下方右側_數位時代-HB,,知名媒體,,32,32,0,32,0,0,0,0,0,100.00%,0.00%,0.00%,0.00%,0.00%,0.00%,0.00%
20260127,10,巨思文化股份有限公司,3053,數位時代_HB,14244,MW_300x250_文中第四塊_數位時代-HB,,知名媒體,,6,6,0,6,0,0,0,0,0,100.00%,0.00%,0.00%,0.00%,0.00%,0.00%,0.00%
20260127,10,巨思文化股份有限公司,3053,數位時代_HB,14246,MW_300x250_文章結束第一塊_數位時代-HB,,知名媒體,,14,14,0,14,0,0,0,0,0,100.00%,0.00%,0.00%,0.00%,0.00%,0.00%,0.00%
20260127,10,富盈數據股份有限公司,3059,塔科女子,14258,CF_336x280_全網_塔科女子,,知名媒體,,131,131,0,131,0,0,0,0,0,100.00%,0.00%,0.00%,0.00%,0.00%,0.00%,0.00%
20260127,10,CBROOT LTD,3003,包子漫畫-exchange,14291,MW_300x250_蓋板(PB)_包子漫畫,,,,297,297,0,297,0,0,0,0,0,100.00%,0.00%,0.00%,0.00%,0.00%,0.00%,0.00%
20260127,10,朱光宁,3152,石頭小說-exchange,14472,MW_336x280_Banner_石頭小說,,,,"2,865","2,865",6,"2,859",0,6,6,0,0,100.00%,0.21%,0.00%,0.21%,0.21%,0.00%,0.00%
20260127,10,朱光宁,3149,稷下書院-exchange,14748,MW_320x100_置底(PB)_稷下書院,,,,"21,094","21,094",148,"20,946",55,93,93,0,0,100.00%,0.70%,0.26%,0.44%,0.44%,0.00%,0.00%
20260127,10,巨思文化股份有限公司,3053,數位時代_HB,14764,MW_置底創意_(非展開)_數位時代_HB,,知名媒體,,254,254,0,254,0,0,0,0,0,100.00%,0.00%,0.00%,0.00%,0.00%,0.00%,0.00%
20260127,10,中天電視股份有限公司,3282,中天新聞網-exchange,14980,CF_970x250_內頁_PC置頂橫幅-中天新聞網-exchange,,知名媒體,,24,24,4,20,0,4,4,0,0,100.00%,16.67%,0.00%,16.67%,16.67%,0.00%,0.00%
20260127,10,曾憲敏,3327,85小說網_創意,15227,MW-300X250_85小說網_隨身影音PB,,,,12,12,0,12,0,0,0,0,0,100.00%,0.00%,0.00%,0.00%,0.00%,0.00%,0.00%
20260127,10,曾憲敏,3327,85小說網_創意,15228,MW-創意-85小說網,,,,387,387,0,387,0,0,0,0,0,100.00%,0.00%,0.00%,0.00%,0.00%,0.00%,0.00%
20260127,10,和運租車股份有限公司,2878,abc好車網,15249,CF_300x250_搜尋頁右側_abc好車網,,知名媒體,,6,6,0,6,0,0,0,0,0,100.00%,0.00%,0.00%,0.00%,0.00%,0.00%,0.00%
20260127,10,千晶文化事業股份有限公司,3336,Beauty 美人圈,15254,MW_置底創意(非展開)_ Beauty 美人圈,,知名媒體,,"1,123","1,123",0,"1,123",0,0,0,0,0,100.00%,0.00%,0.00%,0.00%,0.00%,0.00%,0.00%
20260127,10,中天電視股份有限公司,3282,中天新聞網-exchange,15859,CF_336x280_內頁_PC右側互動看板B-中天新聞網-exchange,,知名媒體,,286,286,22,264,6,16,16,0,0,100.00%,7.69%,2.10%,5.59%,5.59%,0.00%,0.00%
20260127,10,CBROOT LTD,3352,西瓜卡通-exchange,15970,CF_160x600_影音內容_西瓜卡通-exchange,,,,114,114,0,114,0,0,0,0,0,100.00%,0.00%,0.00%,0.00%,0.00%,0.00%,0.00%
20260127,10,時報資訊股份有限公司,2817,旺得富,16908,CF_970x250_MiddleBanner_旺得富,,知名媒體,,6,6,0,6,0,0,0,0,0,100.00%,0.00%,0.00%,0.00%,0.00%,0.00%,0.00%
20260127,10,時報資訊股份有限公司,2817,旺得富,16911,CF_300x250_Billboard_2nd_旺得富,,知名媒體,,20,20,0,20,0,0,0,0,0,100.00%,0.00%,0.00%,0.00%,0.00%,0.00%,0.00%
20260127,10,朱光宁,3360,提莫書屋-exchange,16957,MW_336x280banner_提莫書屋_exchange,,,,"14,258","14,255",15,"14,240",12,3,3,0,0,99.98%,0.11%,0.08%,0.02%,0.02%,0.00%,0.00%
20260127,10,朱光宁,3361,提莫書屋-mobile,16958,MW_置底創意_提莫書屋-mobile,,,,24,24,0,24,0,0,0,0,0,100.00%,0.00%,0.00%,0.00%,0.00%,0.00%,0.00%
20260127,10,朱光宁,3361,提莫書屋-mobile,16959,MW_320x480_文中創意_提莫書屋-mobile,,,,36,36,0,36,0,0,0,0,0,100.00%,0.00%,0.00%,0.00%,0.00%,0.00%,0.00%
20260127,10,欣發現股份有限公司,3365,Hami任務牆-mobile,16969,MW_置底創意_Hami任務牆,,知名媒體,,366,366,0,366,0,0,0,0,0,100.00%,0.00%,0.00%,0.00%,0.00%,0.00%,0.00%
20260127,10,欣發現股份有限公司,3364,女子學-mobile,16972,MW_置底創意_女子學,antifroud,,,589,589,10,579,9,1,1,0,0,100.00%,1.70%,1.53%,0.17%,0.17%,0.00%,0.00%
20260127,10,欣發現股份有限公司,3363,大人物-mobile,16973,MW_置底創意_大人物,,知名媒體,,174,174,4,170,0,4,4,0,0,100.00%,2.30%,0.00%,2.30%,2.30%,0.00%,0.00%
20260127,10,欣發現股份有限公司,3362,妞新聞-mobile,16974,MW_置底創意_妞新聞,,知名媒體,,6,6,0,6,0,0,0,0,0,100.00%,0.00%,0.00%,0.00%,0.00%,0.00%,0.00%
20260127,10,第一網站股份有限公司,2783,漫畫櫃manhuagui,17027,MW_320x480_蓋版_漫畫櫃manhuagui,,,,548,548,0,548,0,0,0,0,0,100.00%,0.00%,0.00%,0.00%,0.00%,0.00%,0.00%
20260127,10,艾得基客行銷顧問股份有限公司,3373,良醫健康網,17092,MW_置底創意_良醫健康網,,知名媒體,,140,140,0,140,0,0,0,0,0,100.00%,0.00%,0.00%,0.00%,0.00%,0.00%,0.00%
20260127,10,詠勝科技有限公司,3385,Mobile01_HB,17175,CF_970x90_橫幅Banner_Mobile01_HB,,知名媒體,,"1,516","1,516",41,"1,475",2,39,39,0,0,100.00%,2.70%,0.13%,2.57%,2.57%,0.00%,0.00%
20260127,10,詠勝科技有限公司,3385,Mobile01_HB,17176,CF_728x90_內頁橫幅Banner_7F_Mobile01_HB,,知名媒體,,48,48,0,48,0,0,0,0,0,100.00%,0.00%,0.00%,0.00%,0.00%,0.00%,0.00%
20260127,10,詠勝科技有限公司,3385,Mobile01_HB,17178,CF_300x250_頻道頁_大看板_Mobile01_HB,,知名媒體,,51,51,0,51,0,0,0,0,0,100.00%,0.00%,0.00%,0.00%,0.00%,0.00%,0.00%
20260127,10,詠勝科技有限公司,3385,Mobile01_HB,17179,CF_300x250_熱門大看板_Mobile01_HB,,知名媒體,,"1,829","1,829",51,"1,778",2,49,49,0,0,100.00%,2.79%,0.11%,2.68%,2.68%,0.00%,0.00%
20260127,10,詠勝科技有限公司,3385,Mobile01_HB,17180,CF_300x250_置底看板左_Mobile01_HB,,知名媒體,,697,697,6,691,2,4,4,0,0,100.00%,0.86%,0.29%,0.57%,0.57%,0.00%,0.00%
20260127,10,詠勝科技有限公司,3385,Mobile01_HB,17181,CF_300x250_置底看板中_Mobile01_HB,,知名媒體,,698,698,4,694,2,2,2,0,0,100.00%,0.57%,0.29%,0.29%,0.29%,0.00%,0.00%
20260127,10,詠勝科技有限公司,3385,Mobile01_HB,17182,CF_300x250_置底看板右_Mobile01_HB,,知名媒體,,6,6,2,4,0,2,2,0,0,100.00%,33.33%,0.00%,33.33%,33.33%,0.00%,0.00%
20260127,10,詠勝科技有限公司,3385,Mobile01_HB,17183,CF_300x600_大摩天_Mobile01_HB,,知名媒體,,886,886,12,874,0,12,12,0,0,100.00%,1.35%,0.00%,1.35%,1.35%,0.00%,0.00%
20260127,10,詠勝科技有限公司,3385,Mobile01_HB,17195,CF_300x600_特殊大摩天_Mobile01_HB,,知名媒體,,12,12,0,12,0,0,0,0,0,100.00%,0.00%,0.00%,0.00%,0.00%,0.00%,0.00%
20260127,10,詠勝科技有限公司,3385,Mobile01_HB,17196,CF_160x600_門神_right_Mobile01_HB,,知名媒體,,299,299,2,297,0,2,2,0,0,100.00%,0.67%,0.00%,0.67%,0.67%,0.00%,0.00%
20260127,10,詠勝科技有限公司,3385,Mobile01_HB,17197,CF_160x600_門神_left_Mobile01_HB,,知名媒體,,293,293,2,291,0,2,2,0,0,100.00%,0.68%,0.00%,0.68%,0.68%,0.00%,0.00%
20260127,10,朱光宁,3268,稷下書院-mobile,17207,MW_320x480_蓋版_稷下書院-mobile,,,,"2,692","2,692",4,"2,688",0,4,4,0,0,100.00%,0.15%,0.00%,0.15%,0.15%,0.00%,0.00%
20260127,10,李立娟,3395,vivi0視頻-exchange,17293,CF_336x280_Banner_vivi01視頻-exchange,antifroud,,,"38,112","38,112",76,"38,036",24,52,52,0,0,100.00%,0.20%,0.06%,0.14%,0.14%,0.00%,0.00%
20260127,10,李立娟,3395,vivi0視頻-exchange,17294,MW_336x280_Banner_vivi01視頻-exchange,antifroud,,,"43,415","43,415",52,"43,363",12,40,40,0,0,100.00%,0.12%,0.03%,0.09%,0.09%,0.00%,0.00%
20260127,10,李立娟,3395,vivi0視頻-exchange,17300,MW_320x100_置底(PB)_vivi01視頻-exchange,antifroud,,,"65,579","65,579",94,"65,485",14,80,80,0,0,100.00%,0.14%,0.02%,0.12%,0.12%,0.00%,0.00%
20260127,10,李立娟,3397,趣聞圖說-exchange,17309,MW_336x280_文中Banner_趣聞圖說-exchange,,,,12,12,0,12,0,0,0,0,0,100.00%,0.00%,0.00%,0.00%,0.00%,0.00%,0.00%
20260127,10,曾憲敏,601,85小說網_PC,1773,CF-300x250_85小說網_內文1,,,,30,30,0,30,0,0,0,0,0,100.00%,0.00%,0.00%,0.00%,0.00%,0.00%,0.00%
20260127,10,李立娟,3396,趣聞圖說-Mobile,17923,MW_置底創意(展開)_趣聞圖說-Mobile,,,,12,12,0,12,0,0,0,0,0,100.00%,0.00%,0.00%,0.00%,0.00%,0.00%,0.00%
20260127,10,第一網站股份有限公司,2768,czbooks,17927,MW_置底創意_czbook,,,,"9,361","9,361",19,"9,342",6,13,13,0,0,100.00%,0.20%,0.06%,0.14%,0.14%,0.00%,0.00%
20260127,10,時報資訊股份有限公司_工商時報,3427,工商時報-exchange,18003,CF_300x250_互動看板2_工商時報-exchange,,知名媒體,,55,55,0,55,0,0,0,0,0,100.00%,0.00%,0.00%,0.00%,0.00%,0.00%,0.00%
20260127,10,時報資訊股份有限公司_工商時報,3427,工商時報-exchange,18007,CF_336x280_文末右側看板_工商時報-exchange,,知名媒體,,68,68,2,66,0,2,2,0,0,100.00%,2.94%,0.00%,2.94%,2.94%,0.00%,0.00%
20260127,10,時報資訊股份有限公司_工商時報,3427,工商時報-exchange,18008,CF_336x280_文末左側看板_工商時報-exchange,,知名媒體,,50,50,0,50,0,0,0,0,0,100.00%,0.00%,0.00%,0.00%,0.00%,0.00%,0.00%
20260127,10,時報資訊股份有限公司_工商時報,3427,工商時報-exchange,18014,MW_300x250_文末Banner1_工商時報-exchange,,知名媒體,,132,132,0,132,0,0,0,0,0,100.00%,0.00%,0.00%,0.00%,0.00%,0.00%,0.00%
20260127,10,時報資訊股份有限公司_工商時報,3427,工商時報-exchange,18015,MW_300x250_文末Banner2_工商時報-exchange,,知名媒體,,244,244,2,242,0,2,2,0,0,100.00%,0.82%,0.00%,0.82%,0.82%,0.00%,0.00%
20260127,10,第一網站股份有限公司,3440,fsa_passback_first,18201,CF_336x280_fsa_passback_first,,,,"1,804","1,804",44,"1,760",23,21,21,0,0,100.00%,2.44%,1.27%,1.16%,1.16%,0.00%,0.00%
20260127,10,第一網站股份有限公司,3440,fsa_passback_first,18202,CF_300x250_fsa_passback_first,,,,"2,973","2,973",67,"2,906",4,63,63,0,0,100.00%,2.25%,0.13%,2.12%,2.12%,0.00%,0.00%
20260127,10,第一網站股份有限公司,3440,fsa_passback_first,18266,(子)CF_970x250_cfbanner_blog,,,子聯播網,923,923,0,923,0,0,0,0,0,100.00%,0.00%,0.00%,0.00%,0.00%,0.00%,0.00%
20260127,10,朱光宁,3268,稷下書院-mobile,18297,MW_置底創意(展開)_稷下書院-mobile,,,,256,256,0,256,0,0,0,0,0,100.00%,0.00%,0.00%,0.00%,0.00%,0.00%,0.00%
20260127,10,冰楓科技有限公司,3485,冰楓論壇-exchange,18487,CF_970x90_內文上方第一塊_冰楓論壇-exchange,,,,867,867,13,854,6,7,7,0,0,100.00%,1.50%,0.69%,0.81%,0.81%,0.00%,0.00%
20260127,10,冰楓科技有限公司,3485,冰楓論壇-exchange,18488,MW_320x100_內文上方第一塊_ 冰楓論壇-exchange,antifroud,,,73,73,0,73,0,0,0,0,0,100.00%,0.00%,0.00%,0.00%,0.00%,0.00%,0.00%
20260127,10,冰楓科技有限公司,3485,冰楓論壇-exchange,18492,MW_300x250_Banner_ 冰楓論壇-exchange,,,,360,360,0,360,0,0,0,0,0,100.00%,0.00%,0.00%,0.00%,0.00%,0.00%,0.00%
20260127,10,闇碼科技股份有限公司,3048,縮短網址產生器-reurl,18535,MW_蓋版_縮短網址產生器-reurl,,知名媒體,,12,12,0,12,0,0,0,0,0,100.00%,0.00%,0.00%,0.00%,0.00%,0.00%,0.00%
20260127,10,CBROOT LTD,3492,包子漫畫(特開流量)-exchange,18544,(子)CF_300x600_指定流量_包子漫畫(特開流量)-exchange,,,子聯播網,12,12,0,12,0,0,0,0,0,100.00%,0.00%,0.00%,0.00%,0.00%,0.00%,0.00%
20260127,10,CBROOT LTD,3492,包子漫畫(特開流量)-exchange,18557,CF_300x600_指定流量_包子漫畫(特開流量PB)-exchange,,,,169,169,2,167,0,2,2,0,0,100.00%,1.18%,0.00%,1.18%,1.18%,0.00%,0.00%
20260127,10,CBROOT LTD,3510,包子漫畫_twmanga-exchange,18732,MW_336x280_Banner_包子漫畫_twmanga,,,子聯播網,"15,604","15,604",36,"15,568",0,36,36,0,0,100.00%,0.23%,0.00%,0.23%,0.23%,0.00%,0.00%
20260127,10,CBROOT LTD,3510,包子漫畫_twmanga-exchange,18737,CF_970x90_Banner_ 包子漫畫_twmanga-exchange,,,,328,328,0,328,0,0,0,0,0,100.00%,0.00%,0.00%,0.00%,0.00%,0.00%,0.00%
20260127,10,闇碼科技股份有限公司,2992,縮短網址產生器-reurl-exchange,18876,CF_首頁連結bar下方_縮短網址產生器-reurl-exchange,,知名媒體,,6,6,0,6,0,0,0,0,0,100.00%,0.00%,0.00%,0.00%,0.00%,0.00%,0.00%
20260127,10,闇碼科技股份有限公司,2992,縮短網址產生器-reurl-exchange,18877,MW_首頁連結bar下方_縮短網址產生器-reurl-exchange,,知名媒體,,6,6,0,6,0,0,0,0,0,100.00%,0.00%,0.00%,0.00%,0.00%,0.00%,0.00%
20260127,10,舒禾驊,3535,荷花動漫筆記,18887,CF_336x280_文章頁文中_荷花動漫筆記,,,,22,22,0,22,0,0,0,0,0,100.00%,0.00%,0.00%,0.00%,0.00%,0.00%,0.00%
20260127,10,台灣英文新聞股份有限公司,3537,台灣英文新聞(new)-exchange,18924,CF_300x250_內容頁_右側看版_1_台灣英文新聞(new)-exchange,,知名媒體,,67,67,24,43,15,9,9,0,0,100.00%,35.82%,22.39%,13.43%,13.43%,0.00%,0.00%
20260127,10,艾得基客行銷顧問股份有限公司,3373,良醫健康網,19011,MW_320x480_文中創意_良醫健康網,,知名媒體,,6,6,0,6,0,0,0,0,0,100.00%,0.00%,0.00%,0.00%,0.00%,0.00%,0.00%
20260127,10,聯合線上股份有限公司,3549,UDN元氣網,19018,CF_首頁文章推薦第三格300x250_UDN元氣網,,知名媒體,,18,18,0,18,0,0,0,0,0,100.00%,0.00%,0.00%,0.00%,0.00%,0.00%,0.00%
20260127,10,艾得基客行銷顧問股份有限公司,3490,太報,19043,MW_置底創意(展開)_太報,,知名媒體,,32,32,0,32,0,0,0,0,0,100.00%,0.00%,0.00%,0.00%,0.00%,0.00%,0.00%
20260127,10,艾得基客行銷顧問股份有限公司,3552,玩具人,19044,MW_320x480_文中創意_玩具人,,知名媒體,,18,18,0,18,0,0,0,0,0,100.00%,0.00%,0.00%,0.00%,0.00%,0.00%,0.00%
20260127,10,先驅媒體社會企業股份有限公司,3554,新頭殼(R18),19047,(子)CF_300x250Banner_newtalk.tw_content_300250_1_新頭殼(R18),,知名媒體,子聯播網,6,6,0,6,0,0,0,0,0,100.00%,0.00%,0.00%,0.00%,0.00%,0.00%,0.00%
20260127,10,第一網站股份有限公司,2783,漫畫櫃manhuagui,20685,MW_300X250_manhuagui,antifroud,,,"5,570","5,570",32,"5,538",16,16,16,0,0,100.00%,0.57%,0.29%,0.29%,0.29%,0.00%,0.00%
20260127,10,德榕企業有限公司,3578,TW Bodhi_mobile,20707,MW_置底創意_TW Bodhi,,,,32,32,0,32,0,0,0,0,0,100.00%,0.00%,0.00%,0.00%,0.00%,0.00%,0.00%
20260127,10,德榕企業有限公司,3578,TW Bodhi_mobile,20708,MW_蓋板_TW Bodhi,,,,200,200,2,198,2,0,0,0,0,100.00%,1.00%,1.00%,0.00%,0.00%,0.00%,0.00%
20260127,10,德榕企業有限公司,3578,TW Bodhi_mobile,20719,MW_文中創意300x250_TW Bodhi,,,,6,6,0,6,0,0,0,0,0,100.00%,0.00%,0.00%,0.00%,0.00%,0.00%,0.00%
20260127,10,德榕企業有限公司,3581,忘憂書屋,20727,CF_336x280文章頁(RWD)_忘憂書屋,,,,84,84,0,84,0,0,0,0,0,100.00%,0.00%,0.00%,0.00%,0.00%,0.00%,0.00%
20260127,10,德榕企業有限公司,3582,忘憂書屋_mobile,20728,MW_文中創意300x250_忘憂書屋,,,,67,67,0,67,0,0,0,0,0,100.00%,0.00%,0.00%,0.00%,0.00%,0.00%,0.00%
20260127,10,德榕企業有限公司,3582,忘憂書屋_mobile,20729,MW_蓋板_忘憂書屋,,,,24,24,0,24,0,0,0,0,0,100.00%,0.00%,0.00%,0.00%,0.00%,0.00%,0.00%
20260127,10,德榕企業有限公司,3582,忘憂書屋_mobile,20730,MW_置底創意_忘憂書屋,,,,18,18,0,18,0,0,0,0,0,100.00%,0.00%,0.00%,0.00%,0.00%,0.00%,0.00%
20260127,10,第一網站股份有限公司,2916,KiKiNote,20731,CF_300x250_banner_kikinote (PB),,知名媒體,,213,213,0,213,0,0,0,0,0,100.00%,0.00%,0.00%,0.00%,0.00%,0.00%,0.00%
20260127,10,第一網站股份有限公司,2910,clickme,20735,(子)CF_300x250_banner_clickme(成人),,,子聯播網,"2,546","2,546",6,"2,540",0,6,6,0,0,100.00%,0.24%,0.00%,0.24%,0.24%,0.00%,0.00%
20260127,10,艾得基客行銷顧問股份有限公司,3490,太報,21317,MW_蓋版_太報,,知名媒體,,68,68,0,68,0,0,0,0,0,100.00%,0.00%,0.00%,0.00%,0.00%,0.00%,0.00%
20260127,10,第一網站股份有限公司,2768,czbooks,21412,(子)CF_970x250_banner_czbooks(限時段)-PB,,,子聯播網,"2,013","2,013",11,"2,002",8,3,3,0,0,100.00%,0.55%,0.40%,0.15%,0.15%,0.00%,0.00%
20260127,10,第一網站股份有限公司,3440,fsa_passback_first,21699,CF_336x280_fsa_passback_first,,,,"2,513","2,513",38,"2,475",0,38,38,0,0,100.00%,1.51%,0.00%,1.51%,1.51%,0.00%,0.00%
20260127,10,富盈數據股份有限公司,3653,TVBS-女人我最大_HB,21760,MW_文章三_336x280_TVBS-女人我最大_HB,,知名媒體,,43,43,0,43,0,0,0,0,0,100.00%,0.00%,0.00%,0.00%,0.00%,0.00%,0.00%
20260127,10,富盈數據股份有限公司,3653,TVBS-女人我最大_HB,21761,MW_文章四_336x280_TVBS-女人我最大_HB,,知名媒體,,472,472,3,469,0,3,3,0,0,100.00%,0.64%,0.00%,0.64%,0.64%,0.00%,0.00%
20260127,10,富盈數據股份有限公司,3653,TVBS-女人我最大_HB,21762,MW_文章置底_320x100_TVBS-女人我最大_HB,,知名媒體,,179,179,0,179,0,0,0,0,0,100.00%,0.00%,0.00%,0.00%,0.00%,0.00%,0.00%
20260127,10,富盈數據股份有限公司,3653,TVBS-女人我最大_HB,21763,MW_文中創意320x480_TVBS-女人我最大_HB,,知名媒體,,611,611,2,609,0,2,2,0,0,100.00%,0.33%,0.00%,0.33%,0.33%,0.00%,0.00%
20260127,10,富盈數據股份有限公司,3654,TVBS-健康2.0_HB,21764,CF_文章右側300x600_TVBS-健康2.0_HB,,知名媒體,,12,12,0,12,0,0,0,0,0,100.00%,0.00%,0.00%,0.00%,0.00%,0.00%,0.00%
20260127,10,富盈數據股份有限公司,3654,TVBS-健康2.0_HB,21765,MW_文章三_336x280_TVBS-健康2.0_HB,,知名媒體,,169,169,0,169,0,0,0,0,0,100.00%,0.00%,0.00%,0.00%,0.00%,0.00%,0.00%
20260127,10,富盈數據股份有限公司,3654,TVBS-健康2.0_HB,21767,MW_文章置底_320x100_TVBS-健康2.0_HB,,知名媒體,,121,121,0,121,0,0,0,0,0,100.00%,0.00%,0.00%,0.00%,0.00%,0.00%,0.00%
20260127,10,富盈數據股份有限公司,3654,TVBS-健康2.0_HB,21768,MW_文中創意320x480_TVBS-健康2.0_HB,,知名媒體,,"3,665","3,665",5,"3,660",2,3,3,0,0,100.00%,0.14%,0.05%,0.08%,0.08%,0.00%,0.00%
20260127,10,富盈數據股份有限公司,3655,TVBS-食尚玩家_HB,21770,MW_文章三_336x280_TVBS-食尚玩家_HB,,知名媒體,,"1,057","1,057",11,"1,046",0,11,11,0,0,100.00%,1.04%,0.00%,1.04%,1.04%,0.00%,0.00%
20260127,10,富盈數據股份有限公司,3655,TVBS-食尚玩家_HB,21771,MW_文章四_336x280_TVBS-食尚玩家_HB,,知名媒體,,48,48,3,45,0,3,3,0,0,100.00%,6.25%,0.00%,6.25%,6.25%,0.00%,0.00%
20260127,10,富盈數據股份有限公司,3655,TVBS-食尚玩家_HB,21773,MW_文中創意320x480_TVBS-食尚玩家_HB,,知名媒體,,62,62,0,62,0,0,0,0,0,100.00%,0.00%,0.00%,0.00%,0.00%,0.00%,0.00%
20260127,10,寶利拾股份有限公司,3652,愛料理_HB,21781,MW_置底創意(非展開)_愛料理_HB,,知名媒體,,6,6,0,6,0,0,0,0,0,100.00%,0.00%,0.00%,0.00%,0.00%,0.00%,0.00%
20260127,10,富盈數據股份有限公司,3654,TVBS-健康2.0_HB,21812,MW_文章一_336x280_TVBS-健康2.0_HB,,知名媒體,,675,675,2,673,0,2,2,0,0,100.00%,0.30%,0.00%,0.30%,0.30%,0.00%,0.00%
20260127,10,儂儂雜誌社股份有限公司(bella儂儂),2135,Bella儂儂_2024,21876,MW-300x250_文章標題上方1_Bella儂儂,,知名媒體,,136,136,0,136,0,0,0,0,0,100.00%,0.00%,0.00%,0.00%,0.00%,0.00%,0.00%
20260127,10,富盈數據股份有限公司,3680,TVBS-新聞網_HB,21898,CF_文章右側300x600_TVBS-新聞網_HB,,知名媒體,,50,50,0,50,0,0,0,0,0,100.00%,0.00%,0.00%,0.00%,0.00%,0.00%,0.00%
20260127,10,富盈數據股份有限公司,3680,TVBS-新聞網_HB,21899,MW_文章一_336x280_TVBS-新聞網_HB,,知名媒體,,"5,468","5,468",18,"5,450",0,18,18,0,0,100.00%,0.33%,0.00%,0.33%,0.33%,0.00%,0.00%
20260127,10,富盈數據股份有限公司,3680,TVBS-新聞網_HB,21900,MW_文章三_336x280_TVBS-新聞網_HB,,知名媒體,,309,309,0,309,0,0,0,0,0,100.00%,0.00%,0.00%,0.00%,0.00%,0.00%,0.00%
20260127,10,富盈數據股份有限公司,3680,TVBS-新聞網_HB,21902,MW_文章置底_320x100_TVBS-新聞網_HB,,知名媒體,,"5,911","5,911",6,"5,905",2,4,4,0,0,100.00%,0.10%,0.03%,0.07%,0.07%,0.00%,0.00%
20260127,10,富盈數據股份有限公司,3685,玩桌遊_mobile,21924,MW_置底創意(非展開)_玩桌遊-mobile,,,,72,72,0,72,0,0,0,0,0,100.00%,0.00%,0.00%,0.00%,0.00%,0.00%,0.00%
20260127,10,富盈數據股份有限公司,2615,熱血台中,21986,CF_336x280_全網_熱血台中,,,,74,74,0,74,0,0,0,0,0,100.00%,0.00%,0.00%,0.00%,0.00%,0.00%,0.00%
20260127,10,富盈數據股份有限公司,2615,熱血台中,21987,CF_336x280_全網_熱血台中,,,,70,70,0,70,0,0,0,0,0,100.00%,0.00%,0.00%,0.00%,0.00%,0.00%,0.00%
20260127,10,富盈數據股份有限公司,3703,繁體小說,22022,MW_置底創意(非展開)_繁體小說-mobile,,,,6,6,0,6,0,0,0,0,0,100.00%,0.00%,0.00%,0.00%,0.00%,0.00%,0.00%
20260127,10,富盈數據股份有限公司,3704,天天要聞,22030,CF_300 x 250 banner_天天要聞_cpc2,,,,"2,151","2,151",4,"2,147",0,4,4,0,0,100.00%,0.19%,0.00%,0.19%,0.19%,0.00%,0.00%
20260127,10,富盈數據股份有限公司,3703,繁體小說,22031,CF_300 x 250 banner_繁體小說_cpc2,,,,363,363,0,363,0,0,0,0,0,100.00%,0.00%,0.00%,0.00%,0.00%,0.00%,0.00%
20260127,10,朱光宁,3708,石頭小說,22045,CF_336 x 280 banner_石頭小說_cpc1.67,antifroud,,,654,654,0,654,0,0,0,0,0,100.00%,0.00%,0.00%,0.00%,0.00%,0.00%,0.00%
20260127,10,冠妍動力科技有限公司,484,小老婆汽機車資訊網,22058,MW_文中創意320x480_小老婆汽機車資訊網-測試,,知名媒體,,6,6,0,6,0,0,0,0,0,100.00%,0.00%,0.00%,0.00%,0.00%,0.00%,0.00%
20260127,10,朱光宁,3718,稷下書院2,22093,CF_336 x 280 banner_稷下書院2_cpc1.67,antifroud,,,"1,291","1,291",24,"1,267",0,24,24,0,0,100.00%,1.86%,0.00%,1.86%,1.86%,0.00%,0.00%
20260127,10,艾得基客行銷顧問股份有限公司,3719,遠見雜誌,22106,MW_蓋板_遠見_ESG遠見,,知名媒體,,26,26,0,26,0,0,0,0,0,100.00%,0.00%,0.00%,0.00%,0.00%,0.00%,0.00%
20260127,10,富盈數據股份有限公司,3680,TVBS-新聞網_HB,22131,CF_文中300x250_TVBS-新聞網_HB_1,,知名媒體,,12,12,0,12,0,0,0,0,0,100.00%,0.00%,0.00%,0.00%,0.00%,0.00%,0.00%
20260127,10,富盈數據股份有限公司,3680,TVBS-新聞網_HB,22132,CF_文中300x250_TVBS-新聞網_HB_2,,知名媒體,,152,152,2,150,0,2,2,0,0,100.00%,1.32%,0.00%,1.32%,1.32%,0.00%,0.00%
20260127,10,富盈數據股份有限公司,3680,TVBS-新聞網_HB,22133,CF_文中300x250_TVBS-新聞網_HB_3,,知名媒體,,320,320,4,316,2,2,2,0,0,100.00%,1.25%,0.62%,0.62%,0.62%,0.00%,0.00%
20260127,10,富盈數據股份有限公司,3730,Teepr 亮新聞 HB,22145,MW_336x280_文中創意_Teepr亮新聞 HB,,,,18,18,0,18,0,0,0,0,0,100.00%,0.00%,0.00%,0.00%,0.00%,0.00%,0.00%
20260127,10,冰楓科技有限公司,3485,冰楓論壇-exchange,22160,CF_300x250_Banner2_ 冰楓論壇-exchange,,,,6,6,0,6,0,0,0,0,0,100.00%,0.00%,0.00%,0.00%,0.00%,0.00%,0.00%
20260127,10,闇碼科技股份有限公司,3048,縮短網址產生器-reurl,22213,MW_蓋版_縮短網址產生器-reurl-2025.05(特殊供量),,知名媒體,,334,332,201,131,149,52,52,0,0,99.40%,60.54%,44.88%,15.66%,15.66%,0.00%,0.00%
20260127,10,艾得基客行銷顧問股份有限公司,3724,上報,22217,MW_置底創意(非展開)_上報,,知名媒體,,200,200,0,200,0,0,0,0,0,100.00%,0.00%,0.00%,0.00%,0.00%,0.00%,0.00%
20260127,10,艾得基客行銷顧問股份有限公司,3724,上報,22218,MW_置底(展開)_上報,,知名媒體,,70,70,0,70,0,0,0,0,0,100.00%,0.00%,0.00%,0.00%,0.00%,0.00%,0.00%
20260127,10,艾得基客行銷顧問股份有限公司,2689,Basketball Top5,22219,MW_置底(展開)_Basketball TOP5,,,,420,420,0,420,0,0,0,0,0,100.00%,0.00%,0.00%,0.00%,0.00%,0.00%,0.00%
20260127,10,欣發現股份有限公司,3363,大人物-mobile,22222,MW_蓋板_大人物,,知名媒體,,206,206,4,202,0,4,4,0,0,100.00%,1.94%,0.00%,1.94%,1.94%,0.00%,0.00%
20260127,10,朱光宁,3741,石頭小說3,22396,MW_置底_石頭小說3,,,,132,132,0,132,0,0,0,0,0,100.00%,0.00%,0.00%,0.00%,0.00%,0.00%,0.00%
20260127,10,朱光宁,3741,石頭小說3,22398,CF_336 x 280 banner_石頭小說3_cpc1.67,,,,"4,620","4,620",0,"4,620",0,0,0,0,0,100.00%,0.00%,0.00%,0.00%,0.00%,0.00%,0.00%
20260127,10,朱光宁,3741,石頭小說3,22399,CF_320 x 480 橫幅_石頭小說3,,,,24,24,0,24,0,0,0,0,0,100.00%,0.00%,0.00%,0.00%,0.00%,0.00%,0.00%
20260127,10,闇碼科技股份有限公司,3068,限時圖片-imgus,22406,MW_置底_imgus,antifroud,,,43,43,0,43,0,0,0,0,0,100.00%,0.00%,0.00%,0.00%,0.00%,0.00%,0.00%
20260127,10,第一網站股份有限公司,2783,漫畫櫃manhuagui,22443,MW_置底_manhuagui,antifroud,,,"7,763","7,763",37,"7,726",20,17,17,0,0,100.00%,0.48%,0.26%,0.22%,0.22%,0.00%,0.00%
20260127,10,艾得基客行銷顧問股份有限公司,3490,太報,22495,MW_300x250 BANNER_太報_CPM5,,知名媒體,子聯播網,18,18,0,18,0,0,0,0,0,100.00%,0.00%,0.00%,0.00%,0.00%,0.00%,0.00%
20260127,10,艾得基客行銷顧問股份有限公司,2689,Basketball Top5,22498,MW_300x250 Banner_Basketball TOP5_CPM5,,,子聯播網,812,812,1,811,0,1,1,0,0,100.00%,0.12%,0.00%,0.12%,0.12%,0.00%,0.00%
20260127,10,艾得基客行銷顧問股份有限公司,2578,鉅亨網,22507,MW_300x250_鉅亨網_直播用BN-1,,知名媒體,子聯播網,738,738,5,733,0,5,5,0,0,100.00%,0.68%,0.00%,0.68%,0.68%,0.00%,0.00%
20260127,10,艾得基客行銷顧問股份有限公司,3752,ＭoneyDJ,22514,MW_文中創意320x480_MoneyDJ,antifroud,知名媒體,,26,26,0,26,0,0,0,0,0,100.00%,0.00%,0.00%,0.00%,0.00%,0.00%,0.00%
20260127,10,艾得基客行銷顧問股份有限公司,3752,ＭoneyDJ,22515,MW_300x250 BANNER_MoneyDJ,antifroud,知名媒體,,20,20,0,20,0,0,0,0,0,100.00%,0.00%,0.00%,0.00%,0.00%,0.00%,0.00%
20260127,10,艾得基客行銷顧問股份有限公司,3373,良醫健康網,22732,MW_300x250_良醫健康網,,知名媒體,,6,6,0,6,0,0,0,0,0,100.00%,0.00%,0.00%,0.00%,0.00%,0.00%,0.00%
20260127,10,李承翰-webptt,718,Web批踢踢(RWD),2284,MW-蓋板_文中_Web批踢踢,antifroud,,,20,20,0,20,0,0,0,0,0,100.00%,0.00%,0.00%,0.00%,0.00%,0.00%,0.00%
20260127,10,英屬蓋曼群島商家庭傳媒股份有限公司城邦分公司,701,T客邦_Mobile,2647,MW_置底創意(展開)_T客邦,,知名媒體,,6,6,0,6,0,0,0,0,0,100.00%,0.00%,0.00%,0.00%,0.00%,0.00%,0.00%
20260127,10,麥智維,999,動漫戲說,3543,CF-728*90-內文上方-動漫戲說,antifroud,,,198,198,0,198,0,0,0,0,0,100.00%,0.00%,0.00%,0.00%,0.00%,0.00%,0.00%
20260127,10,肖偉彬,1287,紅櫻桃小說書庫,4678,CF-內文上方-300*250-紅櫻桃小說書庫,,,,36,36,0,36,0,0,0,0,0,100.00%,0.00%,0.00%,0.00%,0.00%,0.00%,0.00%
20260127,10,肖偉彬,1287,紅櫻桃小說書庫,4717,MW_文中創意300x250_紅櫻桃小說書庫,,,,24,24,0,24,0,0,0,0,0,100.00%,0.00%,0.00%,0.00%,0.00%,0.00%,0.00%
20260127,10,技達創意資訊有限公司,1299,泰好網,4733,CF-300*250-內文下方-泰好網,,,,24,24,0,24,0,0,0,0,0,100.00%,0.00%,0.00%,0.00%,0.00%,0.00%,0.00%
20260127,10,技達創意資訊有限公司,1299,泰好網,4734,MW-320*100-首頁、內文上方-泰好網,,,,6,6,0,6,0,0,0,0,0,100.00%,0.00%,0.00%,0.00%,0.00%,0.00%,0.00%
20260127,10,肖偉彬,1347,雲台書屋,4923,CF-上方通欄-300*250-雲台書屋,,,,18,18,0,18,0,0,0,0,0,100.00%,0.00%,0.00%,0.00%,0.00%,0.00%,0.00%
20260127,10,陈晋福,1367,電視超人,4997,CF-300X250-電視超人,,,,52,52,0,52,0,0,0,0,0,100.00%,0.00%,0.00%,0.00%,0.00%,0.00%,0.00%
20260127,10,麥智維,999,動漫戲說,6069,CF-300*250-首頁-動漫戲說,,,,53,53,0,53,0,0,0,0,0,100.00%,0.00%,0.00%,0.00%,0.00%,0.00%,0.00%
20260127,10,莊博凱,1676,夢遊電玩-exchange,6310,CF-160*600-網頁右側-夢遊電玩-exchange,,,,18,18,0,18,0,0,0,0,0,100.00%,0.00%,0.00%,0.00%,0.00%,0.00%,0.00%
20260127,10,精鏡傳媒股份有限公司,1060,鏡週刊,8250,MW_置底創意(非展開)_鏡週刊,,知名媒體,,12,12,0,12,0,0,0,0,0,100.00%,0.00%,0.00%,0.00%,0.00%,0.00%,0.00%
20260127,10,臺灣電視事業股份有限公司,52,台視,8313,PC-300x250_內文第一塊_台視財經,,知名媒體,,19,19,13,6,9,4,4,0,0,100.00%,68.42%,47.37%,21.05%,21.05%,0.00%,0.00%
20260127,10,布林遊國際有限公司,1692,Bring You,8393,CF-300X250-上方通欄右側_BringYou,,知名媒體,,6,6,0,6,0,0,0,0,0,100.00%,0.00%,0.00%,0.00%,0.00%,0.00%,0.00%
20260127,10,巧克科技新媒體股份有限公司,2127,LINE TV_Banner-exchange,8576,CF_336x280_戲劇-右側好康資訊下方_LINE TV-exchange,,知名媒體,,24,24,0,24,0,0,0,0,0,100.00%,0.00%,0.00%,0.00%,0.00%,0.00%,0.00%
20260127,10,巧克科技新媒體股份有限公司,2127,LINE TV_Banner-exchange,8577,CF_336x280_戲劇-右側好康資訊上方_LINE TV-exchange,,知名媒體,,76,76,0,76,0,0,0,0,0,100.00%,0.00%,0.00%,0.00%,0.00%,0.00%,0.00%
20260127,10,鳳梨傳媒股份有限公司,2190,民視新聞網-Exchange,8862,CF_970X90_分類新聞內頁上方_民視新聞(MCM),,知名媒體,,12,12,0,12,0,0,0,0,0,100.00%,0.00%,0.00%,0.00%,0.00%,0.00%,0.00%
20260127,10,冰楓科技有限公司,1711,冰楓短網址,9308,ＭＷ-300X250-跳轉頁下方-冰楓短網址,,,,6,6,0,6,0,0,0,0,0,100.00%,0.00%,0.00%,0.00%,0.00%,0.00%,0.00%
20260127,10,蔡瑞文,300,樂透彩幸運發財網,9470,MW-置底-樂透幸運發財網,antifroud,知名媒體,,10,10,0,10,0,0,0,0,0,100.00%,0.00%,0.00%,0.00%,0.00%,0.00%,0.00%
20260127,10,英屬維京群島商浩美數位有限公司台灣分公司,2275,TEEPR亮新聞-mobile,9804,MW_蓋版_TEEPR亮新聞-mobile,,,,6,6,0,6,0,0,0,0,0,100.00%,0.00%,0.00%,0.00%,0.00%,0.00%,0.00%
20260127,10,時報資訊股份有限公司,2335,中時電子報_2019,9887,MW-置底創意(非展開)中時電子報_2019,,知名媒體,,662,662,0,662,0,0,0,0,0,100.00%,0.00%,0.00%,0.00%,0.00%,0.00%,0.00%
20260127,11,英屬維京群島商浩美數位有限公司台灣分公司,2315,Teepr亮新聞-exchange,10012,CF_336x280Banner_Teepr亮新聞-exchange,,知名媒體,,571,571,50,521,31,19,19,0,0,100.00%,8.76%,5.43%,3.33%,3.33%,0.00%,0.00%
20260127,11,昱得資訊工作室,2528,數位書香,11080,CF_728x90_首頁上方_數位書香,antifroud,,,6,6,0,6,0,0,0,0,0,100.00%,0.00%,0.00%,0.00%,0.00%,0.00%,0.00%
20260127,11,昱得資訊工作室,2528,數位書香,11081,CF_160x600_首頁右側_數位書香,antifroud,,,170,170,0,170,0,0,0,0,0,100.00%,0.00%,0.00%,0.00%,0.00%,0.00%,0.00%
20260127,11,第一網站股份有限公司,2518,麻辣家族討論區(twbts),11082,CF-728X90-twbts,antifroud,,,"1,311","1,311",0,"1,311",0,0,0,0,0,100.00%,0.00%,0.00%,0.00%,0.00%,0.00%,0.00%
20260127,11,第一網站股份有限公司,2540,risu短網址,11260,MW-300X250-MB_page_left-risu,,知名媒體,,"6,039","6,039",4,"6,035",0,4,4,0,0,100.00%,0.07%,0.00%,0.07%,0.07%,0.00%,0.00%
20260127,11,第一網站股份有限公司,2492,ttshow,11273,MW-300X250-ttshow,,知名媒體,,12,12,0,12,0,0,0,0,0,100.00%,0.00%,0.00%,0.00%,0.00%,0.00%,0.00%
20260127,11,第一網站股份有限公司,2601,Meme梗圖倉庫,11443,CF-336X280-meme,,,,"2,184","2,184",36,"2,148",34,2,2,0,0,100.00%,1.65%,1.56%,0.09%,0.09%,0.00%,0.00%
20260127,11,第一網站股份有限公司,2540,risu短網址,11978,MW_變形蓋版_risu短網址,,知名媒體,,80,80,0,80,0,0,0,0,0,100.00%,0.00%,0.00%,0.00%,0.00%,0.00%,0.00%
20260127,11,第一網站股份有限公司,2540,risu短網址,11979,MW_置底創意_risu短網址(IOS),,知名媒體,,24,24,0,24,0,0,0,0,0,100.00%,0.00%,0.00%,0.00%,0.00%,0.00%,0.00%
20260127,11,第一網站股份有限公司,2540,risu短網址,12009,MW_置底創意_risu短網址(Android),,知名媒體,,12,12,0,12,0,0,0,0,0,100.00%,0.00%,0.00%,0.00%,0.00%,0.00%,0.00%
20260127,11,艾得基客行銷顧問股份有限公司,2578,鉅亨網,12070,MW_320x480_文中創意_鉅亨網,,知名媒體,,"10,080","10,080",94,"9,986",0,94,94,0,0,100.00%,0.93%,0.00%,0.93%,0.93%,0.00%,0.00%
20260127,11,葉志斌,2745,繁中寶可夢卡表生成器-奶爸工作室-exchange,12210,CF_728x90__文末__繁中寶可夢卡表生成器,,,,12,12,0,12,0,0,0,0,0,100.00%,0.00%,0.00%,0.00%,0.00%,0.00%,0.00%
20260127,11,第一網站股份有限公司,2540,risu短網址,12496,CF_300x250_popup(直播) _risu短網址,antifroud,知名媒體,,88,72,0,72,0,0,0,0,0,81.82%,0.00%,0.00%,0.00%,0.00%,0.00%,0.00%
20260127,11,時報資訊股份有限公司,2770,中時電子報_HB,12559,CF_300x250_右側互動看版_中時電子報_HB,,知名媒體,,"1,454","1,454",49,"1,405",2,47,47,0,0,100.00%,3.37%,0.14%,3.23%,3.23%,0.00%,0.00%
20260127,11,時報資訊股份有限公司,2770,中時電子報_HB,12560,CF_336x280_文中看板_中時電子報_HB,,知名媒體,,"1,417","1,417",49,"1,368",4,45,45,0,0,100.00%,3.46%,0.28%,3.18%,3.18%,0.00%,0.00%
20260127,11,時報資訊股份有限公司,2770,中時電子報_HB,12561,MW_300x250_內頁TOP Banner_中時電子報_HB,antifroud,知名媒體,,"17,446","17,446",54,"17,392",23,31,31,0,0,100.00%,0.31%,0.13%,0.18%,0.18%,0.00%,0.00%
20260127,11,第一網站股份有限公司,2768,czbooks,12570,CF_728x90_banner_czbooks,,,,"5,224","5,224",38,"5,186",26,12,12,0,0,100.00%,0.73%,0.50%,0.23%,0.23%,0.00%,0.00%
20260127,11,第一網站股份有限公司,2768,czbooks,12571,CF-300x600_Banner_czbooks,,,,240,240,2,238,2,0,0,0,0,100.00%,0.83%,0.83%,0.00%,0.00%,0.00%,0.00%
20260127,11,鳳梨傳媒股份有限公司,2190,民視新聞網-Exchange,12579,CF_300x250_右側第一塊_民視新聞網-Exchange(RWD)(MCM),,知名媒體,,"1,287","1,287",26,"1,261",7,19,19,0,0,100.00%,2.02%,0.54%,1.48%,1.48%,0.00%,0.00%
20260127,11,鳳梨傳媒股份有限公司,2190,民視新聞網-Exchange,12580,CF_300x250_內文文中左側_民視新聞網-Exchange(RWD)(MCM),,知名媒體,,"1,552","1,552",42,"1,510",6,36,36,0,0,100.00%,2.71%,0.39%,2.32%,2.32%,0.00%,0.00%
20260127,11,第一網站股份有限公司,2783,漫畫櫃manhuagui,12676,CF_728X90_manhuagui,antifroud,,,"50,511","50,511",226,"50,285",172,54,54,0,0,100.00%,0.45%,0.34%,0.11%,0.11%,0.00%,0.00%
20260127,11,艾得基客行銷顧問股份有限公司,2635,工商時報,12761,MW_320x480_文中創意_工商時報new,,知名媒體,,48,48,0,48,0,0,0,0,0,100.00%,0.00%,0.00%,0.00%,0.00%,0.00%,0.00%
20260127,11,第一網站股份有限公司,2801,damanwoo,12868,CF-300x250_Banner_damanwoo_大人物,,,,86,86,0,86,0,0,0,0,0,100.00%,0.00%,0.00%,0.00%,0.00%,0.00%,0.00%
20260127,11,第一網站股份有限公司,2820,星座好朋友(horofriend88),12966,MW_320x100_horofriend88,antifroud,,,62,62,0,62,0,0,0,0,0,100.00%,0.00%,0.00%,0.00%,0.00%,0.00%,0.00%
20260127,11,時報資訊股份有限公司,2335,中時電子報_2019,12974,MW-置底創意(展開)-中時電子報_2019,antifroud,知名媒體,,211,211,0,211,0,0,0,0,0,100.00%,0.00%,0.00%,0.00%,0.00%,0.00%,0.00%
20260127,11,第一網站股份有限公司,2838,mycard,13041,MW_320x480_加倍mycard,,,,12,12,12,0,0,12,12,0,0,100.00%,100.00%,0.00%,100.00%,100.00%,0.00%,0.00%
20260127,11,和運租車股份有限公司,2878,abc好車網,13368,CF_970x90_物件頁下方_abc好車網,,知名媒體,,6,6,0,6,0,0,0,0,0,100.00%,0.00%,0.00%,0.00%,0.00%,0.00%,0.00%
20260127,11,曾憲敏,202,85小說網,13445,MW_336X280_全量1_85小說網,,,,292,292,0,292,0,0,0,0,0,100.00%,0.00%,0.00%,0.00%,0.00%,0.00%,0.00%
20260127,11,曾憲敏,202,85小說網,13446,MW_336X280_全量2_85小說網,,,,"2,561","2,561",0,"2,561",0,0,0,0,0,100.00%,0.00%,0.00%,0.00%,0.00%,0.00%,0.00%
20260127,11,第一網站股份有限公司,2768,czbooks,13481,MW_300x250_banner_czbooks,antifroud,,子聯播網,"111,507","111,507",242,"111,265",99,143,143,0,0,100.00%,0.22%,0.09%,0.13%,0.13%,0.00%,0.00%
20260127,11,第一網站股份有限公司,2768,czbooks,13482,(子)CF_300x600_banner_czbooks(限時段),,,子聯播網,437,437,0,437,0,0,0,0,0,100.00%,0.00%,0.00%,0.00%,0.00%,0.00%,0.00%
20260127,11,第一網站股份有限公司,2768,czbooks,13483,(子)CF_970x250_banner_czbooks(限時段),,,子聯播網,571,571,0,571,0,0,0,0,0,100.00%,0.00%,0.00%,0.00%,0.00%,0.00%,0.00%
20260127,11,第一網站股份有限公司,2910,clickme,13548,(子)CF_300x250_banner_clickme(一般),,,子聯播網,"1,020","1,020",4,"1,016",4,0,0,0,0,100.00%,0.39%,0.39%,0.00%,0.00%,0.00%,0.00%
20260127,11,第一網站股份有限公司,2910,clickme,13549,CF_300x250_banner_clickme(一般),,,,622,622,0,622,0,0,0,0,0,100.00%,0.00%,0.00%,0.00%,0.00%,0.00%,0.00%
20260127,11,第一網站股份有限公司,2916,KiKiNote,13576,(子)CF_300x250_banner_kikinote,,知名媒體,子聯播網,"2,453","2,453",11,"2,442",11,0,0,0,0,100.00%,0.45%,0.45%,0.00%,0.00%,0.00%,0.00%
20260127,11,闇碼科技股份有限公司,2992,縮短網址產生器-reurl-exchange,13848,CF_300x250_轉址失敗_最右邊_reurl,,知名媒體,,18,18,8,10,0,8,8,0,0,100.00%,44.44%,0.00%,44.44%,44.44%,0.00%,0.00%
20260127,11,闇碼科技股份有限公司,2992,縮短網址產生器-reurl-exchange,13856,CF_300x250_轉址失敗頁第二塊_reurl,,知名媒體,,24,24,14,10,2,12,12,0,0,100.00%,58.33%,8.33%,50.00%,50.00%,0.00%,0.00%
20260127,11,闇碼科技股份有限公司,2992,縮短網址產生器-reurl-exchange,13860,CF_300x250_網址下方右側_reurl,,知名媒體,,6,6,0,6,0,0,0,0,0,100.00%,0.00%,0.00%,0.00%,0.00%,0.00%,0.00%
20260127,11,闇碼科技股份有限公司,2992,縮短網址產生器-reurl-exchange,13861,CF_300x250_網址下方右側(PB)_reurl,,知名媒體,,6,6,0,6,0,0,0,0,0,100.00%,0.00%,0.00%,0.00%,0.00%,0.00%,0.00%
20260127,11,第一網站股份有限公司,2768,czbooks,13903,(子)CF_300x250_banner_czbooks(直播),antifroud,,子聯播網,"14,879","14,879",0,"14,879",0,0,0,0,0,100.00%,0.00%,0.00%,0.00%,0.00%,0.00%,0.00%
20260127,11,第一網站股份有限公司,2768,czbooks,14036,MW_320x480_CZBOOKS,antifroud,,,124,124,2,122,2,0,0,0,0,100.00%,1.61%,1.61%,0.00%,0.00%,0.00%,0.00%
20260127,11,陳人鳳,480,飛格寵物家族_PC,1407,CF-728X90_上方通欄_飛格寵物家族,,,,24,24,3,21,0,3,3,0,0,100.00%,12.50%,0.00%,12.50%,12.50%,0.00%,0.00%
20260127,11,陳人鳳,480,飛格寵物家族_PC,1408,CF-300X250_內文_飛格寵物家族,,,,88,88,31,57,0,31,31,0,0,100.00%,35.23%,0.00%,35.23%,35.23%,0.00%,0.00%
20260127,11,飛凡傳播股份有限公司,1921,非凡新聞台-exchange,14188,MW_300x250_內文上方_非凡新聞-exchange,antifroud,知名媒體,,6,6,0,6,0,0,0,0,0,100.00%,0.00%,0.00%,0.00%,0.00%,0.00%,0.00%
20260127,11,闇碼科技股份有限公司,3048,縮短網址產生器-reurl,14210,MW_文中創意300x250_縮短網址產生器-reurl,,知名媒體,,270,270,155,115,115,40,40,0,0,100.00%,57.41%,42.59%,14.81%,14.81%,0.00%,0.00%
20260127,11,巨思文化股份有限公司,3052,經理人_HB,14238,MW_文章結束第一塊_300x250_經理人-HB,,知名媒體,,20,20,0,20,0,0,0,0,0,100.00%,0.00%,0.00%,0.00%,0.00%,0.00%,0.00%
20260127,11,巨思文化股份有限公司,3052,經理人_HB,14241,MW_300x250_內文下方_經理人-HB,,知名媒體,,14,14,0,14,0,0,0,0,0,100.00%,0.00%,0.00%,0.00%,0.00%,0.00%,0.00%
20260127,11,巨思文化股份有限公司,3053,數位時代_HB,14246,MW_300x250_文章結束第一塊_數位時代-HB,,知名媒體,,14,14,0,14,0,0,0,0,0,100.00%,0.00%,0.00%,0.00%,0.00%,0.00%,0.00%
20260127,11,富盈數據股份有限公司,3059,塔科女子,14258,CF_336x280_全網_塔科女子,,知名媒體,,154,154,0,154,0,0,0,0,0,100.00%,0.00%,0.00%,0.00%,0.00%,0.00%,0.00%
20260127,11,CBROOT LTD,3003,包子漫畫-exchange,14291,MW_300x250_蓋板(PB)_包子漫畫,,,,338,338,4,334,0,4,4,0,0,100.00%,1.18%,0.00%,1.18%,1.18%,0.00%,0.00%
20260127,11,朱光宁,3152,石頭小說-exchange,14472,MW_336x280_Banner_石頭小說,,,,"6,320","6,320",2,"6,318",0,2,2,0,0,100.00%,0.03%,0.00%,0.03%,0.03%,0.00%,0.00%
20260127,11,朱光宁,3268,稷下書院-mobile,14737,MW_置底創意(非展開)_稷下書院-mobile,,,,18,18,0,18,0,0,0,0,0,100.00%,0.00%,0.00%,0.00%,0.00%,0.00%,0.00%
20260127,11,朱光宁,3149,稷下書院-exchange,14748,MW_320x100_置底(PB)_稷下書院,,,,"21,367","21,367",131,"21,236",56,75,75,0,0,100.00%,0.61%,0.26%,0.35%,0.35%,0.00%,0.00%
20260127,11,巨思文化股份有限公司,3053,數位時代_HB,14764,MW_置底創意_(非展開)_數位時代_HB,,知名媒體,,172,172,2,170,0,2,2,0,0,100.00%,1.16%,0.00%,1.16%,1.16%,0.00%,0.00%
20260127,11,中天電視股份有限公司,3282,中天新聞網-exchange,14980,CF_970x250_內頁_PC置頂橫幅-中天新聞網-exchange,,知名媒體,,122,122,42,80,22,20,20,0,0,100.00%,34.43%,18.03%,16.39%,16.39%,0.00%,0.00%
20260127,11,曾憲敏,3327,85小說網_創意,15227,MW-300X250_85小說網_隨身影音PB,,,,18,18,0,18,0,0,0,0,0,100.00%,0.00%,0.00%,0.00%,0.00%,0.00%,0.00%
20260127,11,曾憲敏,3327,85小說網_創意,15228,MW-創意-85小說網,,,,190,190,0,190,0,0,0,0,0,100.00%,0.00%,0.00%,0.00%,0.00%,0.00%,0.00%
20260127,11,千晶文化事業股份有限公司,3336,Beauty 美人圈,15254,MW_置底創意(非展開)_ Beauty 美人圈,,知名媒體,,"1,375","1,375",0,"1,375",0,0,0,0,0,100.00%,0.00%,0.00%,0.00%,0.00%,0.00%,0.00%
20260127,11,中天電視股份有限公司,3282,中天新聞網-exchange,15859,CF_336x280_內頁_PC右側互動看板B-中天新聞網-exchange,,知名媒體,,594,594,102,492,74,28,28,0,0,100.00%,17.17%,12.46%,4.71%,4.71%,0.00%,0.00%
20260127,11,布林遊國際有限公司,2620,Bring You-exchange,15951,CF_300x600_右側通欄_BringYou-exchange,,知名媒體,,6,6,0,6,0,0,0,0,0,100.00%,0.00%,0.00%,0.00%,0.00%,0.00%,0.00%
20260127,11,CBROOT LTD,3352,西瓜卡通-exchange,15969,CF_728x90_影音內容_西瓜卡通-exchange,,,,6,6,0,6,0,0,0,0,0,100.00%,0.00%,0.00%,0.00%,0.00%,0.00%,0.00%
20260127,11,CBROOT LTD,3352,西瓜卡通-exchange,15970,CF_160x600_影音內容_西瓜卡通-exchange,,,,26,26,0,26,0,0,0,0,0,100.00%,0.00%,0.00%,0.00%,0.00%,0.00%,0.00%
20260127,11,時報資訊股份有限公司,2817,旺得富,16908,CF_970x250_MiddleBanner_旺得富,,知名媒體,,6,6,0,6,0,0,0,0,0,100.00%,0.00%,0.00%,0.00%,0.00%,0.00%,0.00%
20260127,11,時報資訊股份有限公司,2817,旺得富,16911,CF_300x250_Billboard_2nd_旺得富,,知名媒體,,18,18,0,18,0,0,0,0,0,100.00%,0.00%,0.00%,0.00%,0.00%,0.00%,0.00%
20260127,11,葉志斌,2745,繁中寶可夢卡表生成器-奶爸工作室-exchange,16950,CF_160x600_Banner_繁中寶可夢卡表生成器-奶爸工作室-exchange,,,,12,12,0,12,0,0,0,0,0,100.00%,0.00%,0.00%,0.00%,0.00%,0.00%,0.00%
20260127,11,朱光宁,3360,提莫書屋-exchange,16957,MW_336x280banner_提莫書屋_exchange,,,,"17,045","17,045",23,"17,022",12,11,11,0,0,100.00%,0.13%,0.07%,0.06%,0.06%,0.00%,0.00%
20260127,11,朱光宁,3361,提莫書屋-mobile,16958,MW_置底創意_提莫書屋-mobile,,,,66,66,0,66,0,0,0,0,0,100.00%,0.00%,0.00%,0.00%,0.00%,0.00%,0.00%
20260127,11,朱光宁,3361,提莫書屋-mobile,16959,MW_320x480_文中創意_提莫書屋-mobile,,,,62,62,0,62,0,0,0,0,0,100.00%,0.00%,0.00%,0.00%,0.00%,0.00%,0.00%
20260127,11,欣發現股份有限公司,3365,Hami任務牆-mobile,16969,MW_置底創意_Hami任務牆,,知名媒體,,121,121,0,121,0,0,0,0,0,100.00%,0.00%,0.00%,0.00%,0.00%,0.00%,0.00%
20260127,11,欣發現股份有限公司,3364,女子學-mobile,16972,MW_置底創意_女子學,antifroud,,,282,282,19,263,2,17,17,0,0,100.00%,6.74%,0.71%,6.03%,6.03%,0.00%,0.00%
20260127,11,欣發現股份有限公司,3363,大人物-mobile,16973,MW_置底創意_大人物,,知名媒體,,26,26,0,26,0,0,0,0,0,100.00%,0.00%,0.00%,0.00%,0.00%,0.00%,0.00%
20260127,11,欣發現股份有限公司,3362,妞新聞-mobile,16974,MW_置底創意_妞新聞,,知名媒體,,6,6,0,6,0,0,0,0,0,100.00%,0.00%,0.00%,0.00%,0.00%,0.00%,0.00%
20260127,11,朱光宁,3149,稷下書院-exchange,17003,(子)CF_336x280_Banner(指定流量)_稷下書院-exchange,,,子聯播網,6,6,0,6,0,0,0,0,0,100.00%,0.00%,0.00%,0.00%,0.00%,0.00%,0.00%
20260127,11,第一網站股份有限公司,2783,漫畫櫃manhuagui,17027,MW_320x480_蓋版_漫畫櫃manhuagui,,,,846,846,1,845,0,1,1,0,0,100.00%,0.12%,0.00%,0.12%,0.12%,0.00%,0.00%
20260127,11,艾得基客行銷顧問股份有限公司,3373,良醫健康網,17092,MW_置底創意_良醫健康網,,知名媒體,,129,129,0,129,0,0,0,0,0,100.00%,0.00%,0.00%,0.00%,0.00%,0.00%,0.00%
20260127,11,詠勝科技有限公司,3385,Mobile01_HB,17174,CF_970x250_超級橫幅_置底_Mobile01_HB,,知名媒體,,6,6,0,6,0,0,0,0,0,100.00%,0.00%,0.00%,0.00%,0.00%,0.00%,0.00%
20260127,11,詠勝科技有限公司,3385,Mobile01_HB,17175,CF_970x90_橫幅Banner_Mobile01_HB,,知名媒體,,"1,863","1,863",56,"1,807",0,56,56,0,0,100.00%,3.01%,0.00%,3.01%,3.01%,0.00%,0.00%
20260127,11,詠勝科技有限公司,3385,Mobile01_HB,17176,CF_728x90_內頁橫幅Banner_7F_Mobile01_HB,,知名媒體,,158,158,2,156,0,2,2,0,0,100.00%,1.27%,0.00%,1.27%,1.27%,0.00%,0.00%
20260127,11,詠勝科技有限公司,3385,Mobile01_HB,17178,CF_300x250_頻道頁_大看板_Mobile01_HB,,知名媒體,,12,12,0,12,0,0,0,0,0,100.00%,0.00%,0.00%,0.00%,0.00%,0.00%,0.00%
20260127,11,詠勝科技有限公司,3385,Mobile01_HB,17179,CF_300x250_熱門大看板_Mobile01_HB,,知名媒體,,668,668,20,648,0,20,20,0,0,100.00%,2.99%,0.00%,2.99%,2.99%,0.00%,0.00%
20260127,11,詠勝科技有限公司,3385,Mobile01_HB,17180,CF_300x250_置底看板左_Mobile01_HB,,知名媒體,,325,325,2,323,0,2,2,0,0,100.00%,0.62%,0.00%,0.62%,0.62%,0.00%,0.00%
20260127,11,詠勝科技有限公司,3385,Mobile01_HB,17181,CF_300x250_置底看板中_Mobile01_HB,,知名媒體,,312,312,0,312,0,0,0,0,0,100.00%,0.00%,0.00%,0.00%,0.00%,0.00%,0.00%
20260127,11,詠勝科技有限公司,3385,Mobile01_HB,17182,CF_300x250_置底看板右_Mobile01_HB,,知名媒體,,6,6,0,6,0,0,0,0,0,100.00%,0.00%,0.00%,0.00%,0.00%,0.00%,0.00%
20260127,11,詠勝科技有限公司,3385,Mobile01_HB,17183,CF_300x600_大摩天_Mobile01_HB,,知名媒體,,245,245,0,245,0,0,0,0,0,100.00%,0.00%,0.00%,0.00%,0.00%,0.00%,0.00%
20260127,11,朱光宁,3268,稷下書院-mobile,17207,MW_320x480_蓋版_稷下書院-mobile,,,,"1,877","1,877",2,"1,875",0,2,2,0,0,100.00%,0.11%,0.00%,0.11%,0.11%,0.00%,0.00%
20260127,11,李立娟,3395,vivi0視頻-exchange,17293,CF_336x280_Banner_vivi01視頻-exchange,antifroud,,,"47,499","47,499",72,"47,427",16,56,56,0,0,100.00%,0.15%,0.03%,0.12%,0.12%,0.00%,0.00%
20260127,11,李立娟,3395,vivi0視頻-exchange,17294,MW_336x280_Banner_vivi01視頻-exchange,antifroud,,,"45,313","45,285",80,"45,205",18,62,62,0,0,99.94%,0.18%,0.04%,0.14%,0.14%,0.00%,0.00%
20260127,11,李立娟,3395,vivi0視頻-exchange,17299,MW_300x250_蓋板(PB)-vivi01視頻-exchange,,,,14,14,0,14,0,0,0,0,0,100.00%,0.00%,0.00%,0.00%,0.00%,0.00%,0.00%
20260127,11,李立娟,3395,vivi0視頻-exchange,17300,MW_320x100_置底(PB)_vivi01視頻-exchange,antifroud,,,"69,399","69,377",120,"69,257",26,94,94,0,0,99.97%,0.17%,0.04%,0.14%,0.14%,0.00%,0.00%
20260127,11,李立娟,3397,趣聞圖說-exchange,17309,MW_336x280_文中Banner_趣聞圖說-exchange,,,,26,24,4,20,2,2,2,0,0,92.31%,16.67%,8.33%,8.33%,8.33%,0.00%,0.00%
20260127,11,曾憲敏,601,85小說網_PC,1773,CF-300x250_85小說網_內文1,,,,254,254,0,254,0,0,0,0,0,100.00%,0.00%,0.00%,0.00%,0.00%,0.00%,0.00%
20260127,11,李立娟,3396,趣聞圖說-Mobile,17923,MW_置底創意(展開)_趣聞圖說-Mobile,,,,64,64,0,64,0,0,0,0,0,100.00%,0.00%,0.00%,0.00%,0.00%,0.00%,0.00%
20260127,11,第一網站股份有限公司,2768,czbooks,17927,MW_置底創意_czbook,,,,"6,985","6,985",14,"6,971",6,8,8,0,0,100.00%,0.20%,0.09%,0.11%,0.11%,0.00%,0.00%
20260127,11,時報資訊股份有限公司_工商時報,3427,工商時報-exchange,18003,CF_300x250_互動看板2_工商時報-exchange,,知名媒體,,18,18,0,18,0,0,0,0,0,100.00%,0.00%,0.00%,0.00%,0.00%,0.00%,0.00%
20260127,11,時報資訊股份有限公司_工商時報,3427,工商時報-exchange,18007,CF_336x280_文末右側看板_工商時報-exchange,,知名媒體,,80,80,2,78,0,2,2,0,0,100.00%,2.50%,0.00%,2.50%,2.50%,0.00%,0.00%
20260127,11,時報資訊股份有限公司_工商時報,3427,工商時報-exchange,18008,CF_336x280_文末左側看板_工商時報-exchange,,知名媒體,,32,32,1,31,0,1,1,0,0,100.00%,3.12%,0.00%,3.12%,3.12%,0.00%,0.00%
20260127,11,時報資訊股份有限公司_工商時報,3427,工商時報-exchange,18014,MW_300x250_文末Banner1_工商時報-exchange,,知名媒體,,94,94,0,94,0,0,0,0,0,100.00%,0.00%,0.00%,0.00%,0.00%,0.00%,0.00%
20260127,11,時報資訊股份有限公司_工商時報,3427,工商時報-exchange,18015,MW_300x250_文末Banner2_工商時報-exchange,,知名媒體,,230,230,0,230,0,0,0,0,0,100.00%,0.00%,0.00%,0.00%,0.00%,0.00%,0.00%
20260127,11,第一網站股份有限公司,3440,fsa_passback_first,18201,CF_336x280_fsa_passback_first,,,,"2,399","2,399",68,"2,331",28,40,40,0,0,100.00%,2.83%,1.17%,1.67%,1.67%,0.00%,0.00%
20260127,11,第一網站股份有限公司,3440,fsa_passback_first,18202,CF_300x250_fsa_passback_first,,,,"3,972","3,972",133,"3,839",36,97,97,0,0,100.00%,3.35%,0.91%,2.44%,2.44%,0.00%,0.00%
20260127,11,第一網站股份有限公司,3440,fsa_passback_first,18266,(子)CF_970x250_cfbanner_blog,,,子聯播網,"2,919","2,919",0,"2,919",0,0,0,0,0,100.00%,0.00%,0.00%,0.00%,0.00%,0.00%,0.00%
20260127,11,莊博凱,3455,夢遊電玩,18269,300x250 Banner,,,,12,12,0,12,0,0,0,0,0,100.00%,0.00%,0.00%,0.00%,0.00%,0.00%,0.00%
20260127,11,朱光宁,3268,稷下書院-mobile,18297,MW_置底創意(展開)_稷下書院-mobile,,,,166,166,0,166,0,0,0,0,0,100.00%,0.00%,0.00%,0.00%,0.00%,0.00%,0.00%
20260127,11,冰楓科技有限公司,3485,冰楓論壇-exchange,18487,CF_970x90_內文上方第一塊_冰楓論壇-exchange,,,,742,740,2,738,0,2,2,0,0,99.73%,0.27%,0.00%,0.27%,0.27%,0.00%,0.00%
20260127,11,冰楓科技有限公司,3485,冰楓論壇-exchange,18488,MW_320x100_內文上方第一塊_ 冰楓論壇-exchange,antifroud,,,80,80,0,80,0,0,0,0,0,100.00%,0.00%,0.00%,0.00%,0.00%,0.00%,0.00%
20260127,11,冰楓科技有限公司,3485,冰楓論壇-exchange,18492,MW_300x250_Banner_ 冰楓論壇-exchange,,,,405,405,0,405,0,0,0,0,0,100.00%,0.00%,0.00%,0.00%,0.00%,0.00%,0.00%
20260127,11,闇碼科技股份有限公司,3048,縮短網址產生器-reurl,18535,MW_蓋版_縮短網址產生器-reurl,,知名媒體,,18,18,0,18,0,0,0,0,0,100.00%,0.00%,0.00%,0.00%,0.00%,0.00%,0.00%
20260127,11,CBROOT LTD,3492,包子漫畫(特開流量)-exchange,18544,(子)CF_300x600_指定流量_包子漫畫(特開流量)-exchange,,,子聯播網,248,248,0,248,0,0,0,0,0,100.00%,0.00%,0.00%,0.00%,0.00%,0.00%,0.00%
20260127,11,CBROOT LTD,3492,包子漫畫(特開流量)-exchange,18557,CF_300x600_指定流量_包子漫畫(特開流量PB)-exchange,,,,126,126,1,125,0,1,1,0,0,100.00%,0.79%,0.00%,0.79%,0.79%,0.00%,0.00%
20260127,11,CBROOT LTD,3510,包子漫畫_twmanga-exchange,18732,MW_336x280_Banner_包子漫畫_twmanga,,,子聯播網,"46,995","46,995",38,"46,957",0,38,38,0,0,100.00%,0.08%,0.00%,0.08%,0.08%,0.00%,0.00%
20260127,11,CBROOT LTD,3510,包子漫畫_twmanga-exchange,18737,CF_970x90_Banner_ 包子漫畫_twmanga-exchange,,,,319,319,1,318,0,1,1,0,0,100.00%,0.31%,0.00%,0.31%,0.31%,0.00%,0.00%
20260127,11,闇碼科技股份有限公司,2992,縮短網址產生器-reurl-exchange,18876,CF_首頁連結bar下方_縮短網址產生器-reurl-exchange,,知名媒體,,6,6,0,6,0,0,0,0,0,100.00%,0.00%,0.00%,0.00%,0.00%,0.00%,0.00%
20260127,11,舒禾驊,3535,荷花動漫筆記,18887,CF_336x280_文章頁文中_荷花動漫筆記,,,,6,6,0,6,0,0,0,0,0,100.00%,0.00%,0.00%,0.00%,0.00%,0.00%,0.00%
20260127,11,台灣英文新聞股份有限公司,3537,台灣英文新聞(new)-exchange,18914,MW_320x100_內文頁_置頂橫幅_台灣英文新聞(new)-exchange,,知名媒體,,6,6,0,6,0,0,0,0,0,100.00%,0.00%,0.00%,0.00%,0.00%,0.00%,0.00%
20260127,11,台灣英文新聞股份有限公司,3537,台灣英文新聞(new)-exchange,18924,CF_300x250_內容頁_右側看版_1_台灣英文新聞(new)-exchange,,知名媒體,,74,74,15,59,13,2,2,0,0,100.00%,20.27%,17.57%,2.70%,2.70%,0.00%,0.00%
20260127,11,台灣英文新聞股份有限公司,3537,台灣英文新聞(new)-exchange,18925,CF_300x600_內容頁_右側看版_2_台灣英文新聞(new)-exchange,,知名媒體,,18,18,0,18,0,0,0,0,0,100.00%,0.00%,0.00%,0.00%,0.00%,0.00%,0.00%
20260127,11,聯合線上股份有限公司,3549,UDN元氣網,19018,CF_首頁文章推薦第三格300x250_UDN元氣網,,知名媒體,,46,46,0,46,0,0,0,0,0,100.00%,0.00%,0.00%,0.00%,0.00%,0.00%,0.00%
20260127,11,艾得基客行銷顧問股份有限公司,3490,太報,19043,MW_置底創意(展開)_太報,,知名媒體,,32,32,0,32,0,0,0,0,0,100.00%,0.00%,0.00%,0.00%,0.00%,0.00%,0.00%
20260127,11,艾得基客行銷顧問股份有限公司,3552,玩具人,19044,MW_320x480_文中創意_玩具人,,知名媒體,,44,44,0,44,0,0,0,0,0,100.00%,0.00%,0.00%,0.00%,0.00%,0.00%,0.00%
20260127,11,先驅媒體社會企業股份有限公司,3554,新頭殼(R18),19047,(子)CF_300x250Banner_newtalk.tw_content_300250_1_新頭殼(R18),,知名媒體,子聯播網,12,12,0,12,0,0,0,0,0,100.00%,0.00%,0.00%,0.00%,0.00%,0.00%,0.00%
20260127,11,先驅媒體社會企業股份有限公司,3554,新頭殼(R18),19048,CF_970x250Banner_新頭殼(R18),antifroud,知名媒體,,6,6,2,4,2,0,0,0,0,100.00%,33.33%,33.33%,0.00%,0.00%,0.00%,0.00%
20260127,11,劉佳鑫,2886,哇哇3C日誌-mobile,20614,MW_文中創意320x480_哇哇3C日誌-mobile,,知名媒體,,8,8,0,8,0,0,0,0,0,100.00%,0.00%,0.00%,0.00%,0.00%,0.00%,0.00%
20260127,11,第一網站股份有限公司,2783,漫畫櫃manhuagui,20685,MW_300X250_manhuagui,antifroud,,,"7,025","7,025",39,"6,986",20,19,19,0,0,100.00%,0.56%,0.28%,0.27%,0.27%,0.00%,0.00%
20260127,11,德榕企業有限公司,3578,TW Bodhi_mobile,20708,MW_蓋板_TW Bodhi,,,,200,200,4,196,0,4,4,0,0,100.00%,2.00%,0.00%,2.00%,2.00%,0.00%,0.00%
20260127,11,德榕企業有限公司,3581,忘憂書屋,20727,CF_336x280文章頁(RWD)_忘憂書屋,,,,125,125,2,123,0,2,2,0,0,100.00%,1.60%,0.00%,1.60%,1.60%,0.00%,0.00%
20260127,11,德榕企業有限公司,3582,忘憂書屋_mobile,20728,MW_文中創意300x250_忘憂書屋,,,,59,59,0,59,0,0,0,0,0,100.00%,0.00%,0.00%,0.00%,0.00%,0.00%,0.00%
20260127,11,德榕企業有限公司,3582,忘憂書屋_mobile,20729,MW_蓋板_忘憂書屋,,,,24,24,0,24,0,0,0,0,0,100.00%,0.00%,0.00%,0.00%,0.00%,0.00%,0.00%
20260127,11,德榕企業有限公司,3582,忘憂書屋_mobile,20730,MW_置底創意_忘憂書屋,,,,18,18,0,18,0,0,0,0,0,100.00%,0.00%,0.00%,0.00%,0.00%,0.00%,0.00%
20260127,11,第一網站股份有限公司,2910,clickme,20735,(子)CF_300x250_banner_clickme(成人),,,子聯播網,"9,014","9,014",107,"8,907",74,33,33,0,0,100.00%,1.19%,0.82%,0.37%,0.37%,0.00%,0.00%
20260127,11,艾得基客行銷顧問股份有限公司,3490,太報,21317,MW_蓋版_太報,,知名媒體,,87,87,0,87,0,0,0,0,0,100.00%,0.00%,0.00%,0.00%,0.00%,0.00%,0.00%
20260127,11,第一網站股份有限公司,2768,czbooks,21412,(子)CF_970x250_banner_czbooks(限時段)-PB,,,子聯播網,"2,694","2,694",20,"2,674",14,6,6,0,0,100.00%,0.74%,0.52%,0.22%,0.22%,0.00%,0.00%
20260127,11,第一網站股份有限公司,3440,fsa_passback_first,21699,CF_336x280_fsa_passback_first,,,,"2,374","2,374",135,"2,239",24,111,111,0,0,100.00%,5.69%,1.01%,4.68%,4.68%,0.00%,0.00%
20260127,11,朱光宁,3269,石頭小說-mobile,21741,MW_320x480_蓋版_石頭小說-mobile,antifroud,,,6,5,1,4,0,1,1,0,0,83.33%,20.00%,0.00%,20.00%,20.00%,0.00%,0.00%
20260127,11,富盈數據股份有限公司,3653,TVBS-女人我最大_HB,21760,MW_文章三_336x280_TVBS-女人我最大_HB,,知名媒體,,54,54,0,54,0,0,0,0,0,100.00%,0.00%,0.00%,0.00%,0.00%,0.00%,0.00%
20260127,11,富盈數據股份有限公司,3653,TVBS-女人我最大_HB,21761,MW_文章四_336x280_TVBS-女人我最大_HB,,知名媒體,,822,822,2,820,0,2,2,0,0,100.00%,0.24%,0.00%,0.24%,0.24%,0.00%,0.00%
20260127,11,富盈數據股份有限公司,3653,TVBS-女人我最大_HB,21762,MW_文章置底_320x100_TVBS-女人我最大_HB,,知名媒體,,142,142,0,142,0,0,0,0,0,100.00%,0.00%,0.00%,0.00%,0.00%,0.00%,0.00%
20260127,11,富盈數據股份有限公司,3653,TVBS-女人我最大_HB,21763,MW_文中創意320x480_TVBS-女人我最大_HB,,知名媒體,,842,842,2,840,0,2,2,0,0,100.00%,0.24%,0.00%,0.24%,0.24%,0.00%,0.00%
20260127,11,富盈數據股份有限公司,3654,TVBS-健康2.0_HB,21765,MW_文章三_336x280_TVBS-健康2.0_HB,,知名媒體,,32,32,0,32,0,0,0,0,0,100.00%,0.00%,0.00%,0.00%,0.00%,0.00%,0.00%
20260127,11,富盈數據股份有限公司,3654,TVBS-健康2.0_HB,21767,MW_文章置底_320x100_TVBS-健康2.0_HB,,知名媒體,,72,72,0,72,0,0,0,0,0,100.00%,0.00%,0.00%,0.00%,0.00%,0.00%,0.00%
20260127,11,富盈數據股份有限公司,3654,TVBS-健康2.0_HB,21768,MW_文中創意320x480_TVBS-健康2.0_HB,,知名媒體,,"4,077","4,077",2,"4,075",0,2,2,0,0,100.00%,0.05%,0.00%,0.05%,0.05%,0.00%,0.00%
20260127,11,富盈數據股份有限公司,3655,TVBS-食尚玩家_HB,21770,MW_文章三_336x280_TVBS-食尚玩家_HB,,知名媒體,,"1,443","1,443",17,"1,426",0,17,17,0,0,100.00%,1.18%,0.00%,1.18%,1.18%,0.00%,0.00%
20260127,11,富盈數據股份有限公司,3655,TVBS-食尚玩家_HB,21771,MW_文章四_336x280_TVBS-食尚玩家_HB,,知名媒體,,44,44,2,42,0,2,2,0,0,100.00%,4.55%,0.00%,4.55%,4.55%,0.00%,0.00%
20260127,11,富盈數據股份有限公司,3655,TVBS-食尚玩家_HB,21773,MW_文中創意320x480_TVBS-食尚玩家_HB,,知名媒體,,54,54,0,54,0,0,0,0,0,100.00%,0.00%,0.00%,0.00%,0.00%,0.00%,0.00%
20260127,11,寶利拾股份有限公司,3652,愛料理_HB,21781,MW_置底創意(非展開)_愛料理_HB,,知名媒體,,12,12,0,12,0,0,0,0,0,100.00%,0.00%,0.00%,0.00%,0.00%,0.00%,0.00%
20260127,11,富盈數據股份有限公司,3654,TVBS-健康2.0_HB,21812,MW_文章一_336x280_TVBS-健康2.0_HB,,知名媒體,,152,152,0,152,0,0,0,0,0,100.00%,0.00%,0.00%,0.00%,0.00%,0.00%,0.00%
20260127,11,先驅媒體社會企業股份有限公司,3554,新頭殼(R18),21839,ＭＷ_336x280Banner_newtalk.tw_mobile_all_336280_2_新頭殼(R18),antifroud,知名媒體,,6,6,0,6,0,0,0,0,0,100.00%,0.00%,0.00%,0.00%,0.00%,0.00%,0.00%
20260127,11,儂儂雜誌社股份有限公司(bella儂儂),2135,Bella儂儂_2024,21876,MW-300x250_文章標題上方1_Bella儂儂,,知名媒體,,133,133,2,131,0,2,2,0,0,100.00%,1.50%,0.00%,1.50%,1.50%,0.00%,0.00%
20260127,11,富盈數據股份有限公司,3680,TVBS-新聞網_HB,21898,CF_文章右側300x600_TVBS-新聞網_HB,,知名媒體,,44,44,1,43,0,1,1,0,0,100.00%,2.27%,0.00%,2.27%,2.27%,0.00%,0.00%
20260127,11,富盈數據股份有限公司,3680,TVBS-新聞網_HB,21899,MW_文章一_336x280_TVBS-新聞網_HB,,知名媒體,,"4,333","4,333",24,"4,309",8,16,16,0,0,100.00%,0.55%,0.18%,0.37%,0.37%,0.00%,0.00%
20260127,11,富盈數據股份有限公司,3680,TVBS-新聞網_HB,21900,MW_文章三_336x280_TVBS-新聞網_HB,,知名媒體,,460,460,2,458,2,0,0,0,0,100.00%,0.43%,0.43%,0.00%,0.00%,0.00%,0.00%
20260127,11,富盈數據股份有限公司,3680,TVBS-新聞網_HB,21902,MW_文章置底_320x100_TVBS-新聞網_HB,,知名媒體,,"5,984","5,984",35,"5,949",11,24,24,0,0,100.00%,0.58%,0.18%,0.40%,0.40%,0.00%,0.00%
20260127,11,富盈數據股份有限公司,3685,玩桌遊_mobile,21924,MW_置底創意(非展開)_玩桌遊-mobile,,,,125,125,0,125,0,0,0,0,0,100.00%,0.00%,0.00%,0.00%,0.00%,0.00%,0.00%
20260127,11,富盈數據股份有限公司,2615,熱血台中,21986,CF_336x280_全網_熱血台中,,,,34,34,0,34,0,0,0,0,0,100.00%,0.00%,0.00%,0.00%,0.00%,0.00%,0.00%
20260127,11,富盈數據股份有限公司,2615,熱血台中,21987,CF_336x280_全網_熱血台中,,,,26,26,0,26,0,0,0,0,0,100.00%,0.00%,0.00%,0.00%,0.00%,0.00%,0.00%
20260127,11,富盈數據股份有限公司,3703,繁體小說,22022,MW_置底創意(非展開)_繁體小說-mobile,,,,6,6,0,6,0,0,0,0,0,100.00%,0.00%,0.00%,0.00%,0.00%,0.00%,0.00%
20260127,11,富盈數據股份有限公司,3704,天天要聞,22030,CF_300 x 250 banner_天天要聞_cpc2,,,,"4,104","4,104",12,"4,092",10,2,2,0,0,100.00%,0.29%,0.24%,0.05%,0.05%,0.00%,0.00%
20260127,11,富盈數據股份有限公司,3703,繁體小說,22031,CF_300 x 250 banner_繁體小說_cpc2,,,,593,593,3,590,0,3,3,0,0,100.00%,0.51%,0.00%,0.51%,0.51%,0.00%,0.00%
20260127,11,朱光宁,3708,石頭小說,22045,CF_336 x 280 banner_石頭小說_cpc1.67,antifroud,,,"2,197","2,197",32,"2,165",0,32,32,0,0,100.00%,1.46%,0.00%,1.46%,1.46%,0.00%,0.00%
20260127,11,冠妍動力科技有限公司,484,小老婆汽機車資訊網,22058,MW_文中創意320x480_小老婆汽機車資訊網-測試,,知名媒體,,12,12,0,12,0,0,0,0,0,100.00%,0.00%,0.00%,0.00%,0.00%,0.00%,0.00%
20260127,11,朱光宁,3718,稷下書院2,22093,CF_336 x 280 banner_稷下書院2_cpc1.67,antifroud,,,"3,763","3,763",66,"3,697",0,66,66,0,0,100.00%,1.75%,0.00%,1.75%,1.75%,0.00%,0.00%
20260127,11,富盈數據股份有限公司,3680,TVBS-新聞網_HB,22131,CF_文中300x250_TVBS-新聞網_HB_1,,知名媒體,,12,12,0,12,0,0,0,0,0,100.00%,0.00%,0.00%,0.00%,0.00%,0.00%,0.00%
20260127,11,富盈數據股份有限公司,3680,TVBS-新聞網_HB,22132,CF_文中300x250_TVBS-新聞網_HB_2,,知名媒體,,56,56,0,56,0,0,0,0,0,100.00%,0.00%,0.00%,0.00%,0.00%,0.00%,0.00%
20260127,11,富盈數據股份有限公司,3680,TVBS-新聞網_HB,22133,CF_文中300x250_TVBS-新聞網_HB_3,,知名媒體,,277,277,4,273,0,4,4,0,0,100.00%,1.44%,0.00%,1.44%,1.44%,0.00%,0.00%
20260127,11,富盈數據股份有限公司,3730,Teepr 亮新聞 HB,22145,MW_336x280_文中創意_Teepr亮新聞 HB,,,,6,6,0,6,0,0,0,0,0,100.00%,0.00%,0.00%,0.00%,0.00%,0.00%,0.00%
20260127,11,闇碼科技股份有限公司,3048,縮短網址產生器-reurl,22213,MW_蓋版_縮短網址產生器-reurl-2025.05(特殊供量),,知名媒體,,246,246,141,105,109,32,32,0,0,100.00%,57.32%,44.31%,13.01%,13.01%,0.00%,0.00%
20260127,11,艾得基客行銷顧問股份有限公司,3724,上報,22217,MW_置底創意(非展開)_上報,,知名媒體,,"1,021","1,021",0,"1,021",0,0,0,0,0,100.00%,0.00%,0.00%,0.00%,0.00%,0.00%,0.00%
20260127,11,艾得基客行銷顧問股份有限公司,3724,上報,22218,MW_置底(展開)_上報,,知名媒體,,431,431,0,431,0,0,0,0,0,100.00%,0.00%,0.00%,0.00%,0.00%,0.00%,0.00%
20260127,11,艾得基客行銷顧問股份有限公司,2689,Basketball Top5,22219,MW_置底(展開)_Basketball TOP5,,,,790,790,0,790,0,0,0,0,0,100.00%,0.00%,0.00%,0.00%,0.00%,0.00%,0.00%
20260127,11,欣發現股份有限公司,3363,大人物-mobile,22222,MW_蓋板_大人物,,知名媒體,,82,82,2,80,2,0,0,0,0,100.00%,2.44%,2.44%,0.00%,0.00%,0.00%,0.00%
20260127,11,朱光宁,3741,石頭小說3,22396,MW_置底_石頭小說3,,,,530,530,0,530,0,0,0,0,0,100.00%,0.00%,0.00%,0.00%,0.00%,0.00%,0.00%
20260127,11,朱光宁,3741,石頭小說3,22398,CF_336 x 280 banner_石頭小說3_cpc1.67,,,,"11,198","11,196",11,"11,185",0,11,11,0,0,99.98%,0.10%,0.00%,0.10%,0.10%,0.00%,0.00%
20260127,11,朱光宁,3741,石頭小說3,22399,CF_320 x 480 橫幅_石頭小說3,,,,62,62,0,62,0,0,0,0,0,100.00%,0.00%,0.00%,0.00%,0.00%,0.00%,0.00%
20260127,11,艾得基客行銷顧問股份有限公司,3724,上報,22405,MW_蓋版_上報,,知名媒體,,134,134,0,134,0,0,0,0,0,100.00%,0.00%,0.00%,0.00%,0.00%,0.00%,0.00%
20260127,11,闇碼科技股份有限公司,3068,限時圖片-imgus,22406,MW_置底_imgus,antifroud,,,168,168,0,168,0,0,0,0,0,100.00%,0.00%,0.00%,0.00%,0.00%,0.00%,0.00%
20260127,11,第一網站股份有限公司,2783,漫畫櫃manhuagui,22443,MW_置底_manhuagui,antifroud,,,"8,044","8,044",16,"8,028",3,13,13,0,0,100.00%,0.20%,0.04%,0.16%,0.16%,0.00%,0.00%
20260127,11,艾得基客行銷顧問股份有限公司,3490,太報,22495,MW_300x250 BANNER_太報_CPM5,,知名媒體,子聯播網,24,24,0,24,0,0,0,0,0,100.00%,0.00%,0.00%,0.00%,0.00%,0.00%,0.00%
20260127,11,艾得基客行銷顧問股份有限公司,2689,Basketball Top5,22498,MW_300x250 Banner_Basketball TOP5_CPM5,,,子聯播網,795,795,0,795,0,0,0,0,0,100.00%,0.00%,0.00%,0.00%,0.00%,0.00%,0.00%
20260127,11,艾得基客行銷顧問股份有限公司,2578,鉅亨網,22507,MW_300x250_鉅亨網_直播用BN-1,,知名媒體,子聯播網,823,823,4,819,0,4,4,0,0,100.00%,0.49%,0.00%,0.49%,0.49%,0.00%,0.00%
20260127,11,艾得基客行銷顧問股份有限公司,3752,ＭoneyDJ,22514,MW_文中創意320x480_MoneyDJ,antifroud,知名媒體,,44,44,0,44,0,0,0,0,0,100.00%,0.00%,0.00%,0.00%,0.00%,0.00%,0.00%
20260127,11,艾得基客行銷顧問股份有限公司,3752,ＭoneyDJ,22515,MW_300x250 BANNER_MoneyDJ,antifroud,知名媒體,,6,6,0,6,0,0,0,0,0,100.00%,0.00%,0.00%,0.00%,0.00%,0.00%,0.00%
20260127,11,艾得基客行銷顧問股份有限公司,3373,良醫健康網,22732,MW_300x250_良醫健康網,,知名媒體,,6,6,0,6,0,0,0,0,0,100.00%,0.00%,0.00%,0.00%,0.00%,0.00%,0.00%
20260127,11,李承翰-webptt,718,Web批踢踢(RWD),2284,MW-蓋板_文中_Web批踢踢,antifroud,,,38,38,0,38,0,0,0,0,0,100.00%,0.00%,0.00%,0.00%,0.00%,0.00%,0.00%
20260127,11,麥智維,999,動漫戲說,3543,CF-728*90-內文上方-動漫戲說,antifroud,,,229,229,0,229,0,0,0,0,0,100.00%,0.00%,0.00%,0.00%,0.00%,0.00%,0.00%
20260127,11,肖偉彬,1287,紅櫻桃小說書庫,4678,CF-內文上方-300*250-紅櫻桃小說書庫,,,,22,22,0,22,0,0,0,0,0,100.00%,0.00%,0.00%,0.00%,0.00%,0.00%,0.00%
20260127,11,肖偉彬,1287,紅櫻桃小說書庫,4717,MW_文中創意300x250_紅櫻桃小說書庫,,,,26,26,0,26,0,0,0,0,0,100.00%,0.00%,0.00%,0.00%,0.00%,0.00%,0.00%
20260127,11,技達創意資訊有限公司,1299,泰好網,4733,CF-300*250-內文下方-泰好網,,,,6,6,0,6,0,0,0,0,0,100.00%,0.00%,0.00%,0.00%,0.00%,0.00%,0.00%
20260127,11,陈晋福,1367,電視超人,4997,CF-300X250-電視超人,,,,12,12,0,12,0,0,0,0,0,100.00%,0.00%,0.00%,0.00%,0.00%,0.00%,0.00%
20260127,11,麥智維,999,動漫戲說,6069,CF-300*250-首頁-動漫戲說,,,,99,99,8,91,0,8,8,0,0,100.00%,8.08%,0.00%,8.08%,8.08%,0.00%,0.00%
20260127,11,莊博凱,1676,夢遊電玩-exchange,6310,CF-160*600-網頁右側-夢遊電玩-exchange,,,,12,12,0,12,0,0,0,0,0,100.00%,0.00%,0.00%,0.00%,0.00%,0.00%,0.00%
20260127,11,臺灣電視事業股份有限公司,52,台視,8313,PC-300x250_內文第一塊_台視財經,,知名媒體,,8,8,0,8,0,0,0,0,0,100.00%,0.00%,0.00%,0.00%,0.00%,0.00%,0.00%
20260127,11,巧克科技新媒體股份有限公司,2127,LINE TV_Banner-exchange,8576,CF_336x280_戲劇-右側好康資訊下方_LINE TV-exchange,,知名媒體,,24,24,2,22,0,2,2,0,0,100.00%,8.33%,0.00%,8.33%,8.33%,0.00%,0.00%
20260127,11,巧克科技新媒體股份有限公司,2127,LINE TV_Banner-exchange,8577,CF_336x280_戲劇-右側好康資訊上方_LINE TV-exchange,,知名媒體,,84,84,2,82,2,0,0,0,0,100.00%,2.38%,2.38%,0.00%,0.00%,0.00%,0.00%
20260127,11,鳳梨傳媒股份有限公司,2191,四季線上影視-Exchange,8860,CF_300X250_文章右側_今日最新上方_四季線上,antifroud,知名媒體,,22,11,11,0,1,10,10,0,0,50.00%,100.00%,9.09%,90.91%,90.91%,0.00%,0.00%
20260127,11,冰楓科技有限公司,2289,BFFile,9576,CF-300X600-下載頁上方-BFFile,,,,6,6,0,6,0,0,0,0,0,100.00%,0.00%,0.00%,0.00%,0.00%,0.00%,0.00%
20260127,11,時報資訊股份有限公司,2335,中時電子報_2019,9887,MW-置底創意(非展開)中時電子報_2019,,知名媒體,,933,933,0,933,0,0,0,0,0,100.00%,0.00%,0.00%,0.00%,0.00%,0.00%,0.00%
20260127,12,英屬維京群島商浩美數位有限公司台灣分公司,2315,Teepr亮新聞-exchange,10012,CF_336x280Banner_Teepr亮新聞-exchange,,知名媒體,,"2,381","2,381",34,"2,347",18,16,16,0,0,100.00%,1.43%,0.76%,0.67%,0.67%,0.00%,0.00%
20260127,12,昱得資訊工作室,2528,數位書香,11081,CF_160x600_首頁右側_數位書香,antifroud,,,355,355,0,355,0,0,0,0,0,100.00%,0.00%,0.00%,0.00%,0.00%,0.00%,0.00%
20260127,12,第一網站股份有限公司,2518,麻辣家族討論區(twbts),11082,CF-728X90-twbts,antifroud,,,"1,589","1,589",0,"1,589",0,0,0,0,0,100.00%,0.00%,0.00%,0.00%,0.00%,0.00%,0.00%
20260127,12,第一網站股份有限公司,2540,risu短網址,11260,MW-300X250-MB_page_left-risu,,知名媒體,,502,502,2,500,0,2,2,0,0,100.00%,0.40%,0.00%,0.40%,0.40%,0.00%,0.00%
20260127,12,第一網站股份有限公司,2492,ttshow,11273,MW-300X250-ttshow,,知名媒體,,12,12,0,12,0,0,0,0,0,100.00%,0.00%,0.00%,0.00%,0.00%,0.00%,0.00%
20260127,12,第一網站股份有限公司,2601,Meme梗圖倉庫,11443,CF-336X280-meme,,,,949,949,6,943,0,6,6,0,0,100.00%,0.63%,0.00%,0.63%,0.63%,0.00%,0.00%
20260127,12,艾得基客行銷顧問股份有限公司,2578,鉅亨網,12070,MW_320x480_文中創意_鉅亨網,,知名媒體,,"15,115","15,115",120,"14,995",7,113,113,0,0,100.00%,0.79%,0.05%,0.75%,0.75%,0.00%,0.00%
20260127,12,第一網站股份有限公司,2540,risu短網址,12496,CF_300x250_popup(直播) _risu短網址,antifroud,知名媒體,,12,12,0,12,0,0,0,0,0,100.00%,0.00%,0.00%,0.00%,0.00%,0.00%,0.00%
20260127,12,時報資訊股份有限公司,2770,中時電子報_HB,12559,CF_300x250_右側互動看版_中時電子報_HB,,知名媒體,,696,696,26,670,3,23,23,0,0,100.00%,3.74%,0.43%,3.30%,3.30%,0.00%,0.00%
20260127,12,時報資訊股份有限公司,2770,中時電子報_HB,12560,CF_336x280_文中看板_中時電子報_HB,,知名媒體,,681,681,23,658,5,18,18,0,0,100.00%,3.38%,0.73%,2.64%,2.64%,0.00%,0.00%
20260127,12,時報資訊股份有限公司,2770,中時電子報_HB,12561,MW_300x250_內頁TOP Banner_中時電子報_HB,antifroud,知名媒體,,"1,228","1,228",42,"1,186",26,16,16,0,0,100.00%,3.42%,2.12%,1.30%,1.30%,0.00%,0.00%
20260127,12,第一網站股份有限公司,2768,czbooks,12570,CF_728x90_banner_czbooks,,,,"51,662","51,662",233,"51,429",204,29,29,0,0,100.00%,0.45%,0.39%,0.06%,0.06%,0.00%,0.00%
20260127,12,鳳梨傳媒股份有限公司,2190,民視新聞網-Exchange,12579,CF_300x250_右側第一塊_民視新聞網-Exchange(RWD)(MCM),,知名媒體,,"7,017","7,017",59,"6,958",25,34,34,0,0,100.00%,0.84%,0.36%,0.48%,0.48%,0.00%,0.00%
20260127,12,鳳梨傳媒股份有限公司,2190,民視新聞網-Exchange,12580,CF_300x250_內文文中左側_民視新聞網-Exchange(RWD)(MCM),,知名媒體,,"7,765","7,765",92,"7,673",21,71,71,0,0,100.00%,1.18%,0.27%,0.91%,0.91%,0.00%,0.00%
20260127,12,第一網站股份有限公司,2783,漫畫櫃manhuagui,12676,CF_728X90_manhuagui,antifroud,,,"57,132","57,132",264,"56,868",166,98,98,0,0,100.00%,0.46%,0.29%,0.17%,0.17%,0.00%,0.00%
20260127,12,艾得基客行銷顧問股份有限公司,2635,工商時報,12761,MW_320x480_文中創意_工商時報new,,知名媒體,,58,58,0,58,0,0,0,0,0,100.00%,0.00%,0.00%,0.00%,0.00%,0.00%,0.00%
20260127,12,第一網站股份有限公司,2801,damanwoo,12868,CF-300x250_Banner_damanwoo_大人物,,,,54,54,0,54,0,0,0,0,0,100.00%,0.00%,0.00%,0.00%,0.00%,0.00%,0.00%
20260127,12,第一網站股份有限公司,2820,星座好朋友(horofriend88),12966,MW_320x100_horofriend88,antifroud,,,44,44,0,44,0,0,0,0,0,100.00%,0.00%,0.00%,0.00%,0.00%,0.00%,0.00%
20260127,12,時報資訊股份有限公司,2335,中時電子報_2019,12974,MW-置底創意(展開)-中時電子報_2019,antifroud,知名媒體,,216,216,2,214,0,2,2,0,0,100.00%,0.93%,0.00%,0.93%,0.93%,0.00%,0.00%
20260127,12,第一網站股份有限公司,2836,vivi01,13032,MW_置底創意_vivi01 ViVi視頻,,,,6,6,0,6,0,0,0,0,0,100.00%,0.00%,0.00%,0.00%,0.00%,0.00%,0.00%
20260127,12,第一網站股份有限公司,2838,mycard,13041,MW_320x480_加倍mycard,,,,215,215,215,0,0,215,215,0,0,100.00%,100.00%,0.00%,100.00%,100.00%,0.00%,0.00%
20260127,12,東森電視事業股份有限公司,2014,東森新聞網,13162,MW_置底創意(展開)_東森新聞網,antifroud,知名媒體,,307,307,0,307,0,0,0,0,0,100.00%,0.00%,0.00%,0.00%,0.00%,0.00%,0.00%
20260127,12,東森電視事業股份有限公司,2014,東森新聞網,13163,MW_文中創意320x480_東森新聞網,,知名媒體,,"4,088","4,088",6,"4,082",0,6,6,0,0,100.00%,0.15%,0.00%,0.15%,0.15%,0.00%,0.00%
20260127,12,第一網站股份有限公司,2862,Manhuaren,13254,MW_320x100_banner_manhuaren,,,,20,20,0,20,0,0,0,0,0,100.00%,0.00%,0.00%,0.00%,0.00%,0.00%,0.00%
20260127,12,和運租車股份有限公司,2878,abc好車網,13368,CF_970x90_物件頁下方_abc好車網,,知名媒體,,6,6,0,6,0,0,0,0,0,100.00%,0.00%,0.00%,0.00%,0.00%,0.00%,0.00%
20260127,12,譚謹恩,2885,Mr. & Mrs. Diary-exchange,13406,MW_300x250_內文文中-Mr. & Mrs. Diary-exchange,,,,6,6,0,6,0,0,0,0,0,100.00%,0.00%,0.00%,0.00%,0.00%,0.00%,0.00%
20260127,12,曾憲敏,202,85小說網,13445,MW_336X280_全量1_85小說網,,,,623,623,2,621,0,2,2,0,0,100.00%,0.32%,0.00%,0.32%,0.32%,0.00%,0.00%
20260127,12,曾憲敏,202,85小說網,13446,MW_336X280_全量2_85小說網,,,,"5,039","5,039",19,"5,020",0,19,19,0,0,100.00%,0.38%,0.00%,0.38%,0.38%,0.00%,0.00%
20260127,12,曾憲敏,601,85小說網_PC,13450,(子)CF_336x280_全量2_85小說網,,,子聯播網,148,148,0,148,0,0,0,0,0,100.00%,0.00%,0.00%,0.00%,0.00%,0.00%,0.00%
20260127,12,第一網站股份有限公司,2768,czbooks,13481,MW_300x250_banner_czbooks,antifroud,,子聯播網,"4,887","4,887",7,"4,880",4,3,3,0,0,100.00%,0.14%,0.08%,0.06%,0.06%,0.00%,0.00%
20260127,12,第一網站股份有限公司,2768,czbooks,13482,(子)CF_300x600_banner_czbooks(限時段),,,子聯播網,641,641,0,641,0,0,0,0,0,100.00%,0.00%,0.00%,0.00%,0.00%,0.00%,0.00%
20260127,12,第一網站股份有限公司,2768,czbooks,13483,(子)CF_970x250_banner_czbooks(限時段),,,子聯播網,"1,103","1,103",0,"1,103",0,0,0,0,0,100.00%,0.00%,0.00%,0.00%,0.00%,0.00%,0.00%
20260127,12,第一網站股份有限公司,2910,clickme,13548,(子)CF_300x250_banner_clickme(一般),,,子聯播網,664,664,0,664,0,0,0,0,0,100.00%,0.00%,0.00%,0.00%,0.00%,0.00%,0.00%
20260127,12,第一網站股份有限公司,2910,clickme,13549,CF_300x250_banner_clickme(一般),,,,806,806,0,806,0,0,0,0,0,100.00%,0.00%,0.00%,0.00%,0.00%,0.00%,0.00%
20260127,12,第一網站股份有限公司,2916,KiKiNote,13576,(子)CF_300x250_banner_kikinote,,知名媒體,子聯播網,"2,146","2,146",44,"2,102",36,8,8,0,0,100.00%,2.05%,1.68%,0.37%,0.37%,0.00%,0.00%
20260127,12,闇碼科技股份有限公司,2992,縮短網址產生器-reurl-exchange,13848,CF_300x250_轉址失敗_最右邊_reurl,,知名媒體,,216,216,195,21,1,194,194,0,0,100.00%,90.28%,0.46%,89.81%,89.81%,0.00%,0.00%
20260127,12,闇碼科技股份有限公司,2992,縮短網址產生器-reurl-exchange,13856,CF_300x250_轉址失敗頁第二塊_reurl,,知名媒體,,223,223,201,22,6,195,195,0,0,100.00%,90.13%,2.69%,87.44%,87.44%,0.00%,0.00%
20260127,12,第一網站股份有限公司,2768,czbooks,13903,(子)CF_300x250_banner_czbooks(直播),antifroud,,子聯播網,"18,711","18,711",0,"18,711",0,0,0,0,0,100.00%,0.00%,0.00%,0.00%,0.00%,0.00%,0.00%
20260127,12,第一網站股份有限公司,2768,czbooks,14036,MW_320x480_CZBOOKS,antifroud,,,72,72,0,72,0,0,0,0,0,100.00%,0.00%,0.00%,0.00%,0.00%,0.00%,0.00%
20260127,12,陳人鳳,480,飛格寵物家族_PC,1407,CF-728X90_上方通欄_飛格寵物家族,,,,30,30,7,23,0,7,7,0,0,100.00%,23.33%,0.00%,23.33%,23.33%,0.00%,0.00%
20260127,12,陳人鳳,480,飛格寵物家族_PC,1408,CF-300X250_內文_飛格寵物家族,,,,145,145,51,94,1,50,50,0,0,100.00%,35.17%,0.69%,34.48%,34.48%,0.00%,0.00%
20260127,12,東森電視事業股份有限公司,2014,東森新聞網,14097,MW_蓋版_東森新聞網,,知名媒體,,"1,914","1,914",2,"1,912",0,2,2,0,0,100.00%,0.10%,0.00%,0.10%,0.10%,0.00%,0.00%
20260127,12,飛凡傳播股份有限公司,1921,非凡新聞台-exchange,14188,MW_300x250_內文上方_非凡新聞-exchange,antifroud,知名媒體,,12,12,6,6,4,2,2,0,0,100.00%,50.00%,33.33%,16.67%,16.67%,0.00%,0.00%
20260127,12,闇碼科技股份有限公司,3048,縮短網址產生器-reurl,14210,MW_文中創意300x250_縮短網址產生器-reurl,,知名媒體,,620,620,455,165,219,236,236,0,0,100.00%,73.39%,35.32%,38.06%,38.06%,0.00%,0.00%
20260127,12,巨思文化股份有限公司,3052,經理人_HB,14240,CF_300x250_內文下方左側_經理人-HB,,知名媒體,,6,6,0,6,0,0,0,0,0,100.00%,0.00%,0.00%,0.00%,0.00%,0.00%,0.00%
20260127,12,巨思文化股份有限公司,3053,數位時代_HB,14242,CF_300x250_內文下方左側_數位時代-HB,,知名媒體,,6,6,0,6,0,0,0,0,0,100.00%,0.00%,0.00%,0.00%,0.00%,0.00%,0.00%
20260127,12,巨思文化股份有限公司,3053,數位時代_HB,14246,MW_300x250_文章結束第一塊_數位時代-HB,,知名媒體,,6,6,0,6,0,0,0,0,0,100.00%,0.00%,0.00%,0.00%,0.00%,0.00%,0.00%
20260127,12,富盈數據股份有限公司,3059,塔科女子,14258,CF_336x280_全網_塔科女子,,知名媒體,,16,16,0,16,0,0,0,0,0,100.00%,0.00%,0.00%,0.00%,0.00%,0.00%,0.00%
20260127,12,CBROOT LTD,3003,包子漫畫-exchange,14291,MW_300x250_蓋板(PB)_包子漫畫,,,,623,623,0,623,0,0,0,0,0,100.00%,0.00%,0.00%,0.00%,0.00%,0.00%,0.00%
20260127,12,朱光宁,3152,石頭小說-exchange,14472,MW_336x280_Banner_石頭小說,,,,"8,010","8,010",19,"7,991",0,19,19,0,0,100.00%,0.24%,0.00%,0.24%,0.24%,0.00%,0.00%
20260127,12,朱光宁,3149,稷下書院-exchange,14748,MW_320x100_置底(PB)_稷下書院,,,,"28,138","28,137",256,"27,881",142,114,114,0,0,100.00%,0.91%,0.50%,0.41%,0.41%,0.00%,0.00%
20260127,12,巨思文化股份有限公司,3053,數位時代_HB,14764,MW_置底創意_(非展開)_數位時代_HB,,知名媒體,,399,399,2,397,0,2,2,0,0,100.00%,0.50%,0.00%,0.50%,0.50%,0.00%,0.00%
20260127,12,中天電視股份有限公司,3282,中天新聞網-exchange,14980,CF_970x250_內頁_PC置頂橫幅-中天新聞網-exchange,,知名媒體,,110,110,24,86,20,4,4,0,0,100.00%,21.82%,18.18%,3.64%,3.64%,0.00%,0.00%
20260127,12,曾憲敏,3327,85小說網_創意,15227,MW-300X250_85小說網_隨身影音PB,,,,18,18,0,18,0,0,0,0,0,100.00%,0.00%,0.00%,0.00%,0.00%,0.00%,0.00%
20260127,12,曾憲敏,3327,85小說網_創意,15228,MW-創意-85小說網,,,,6,6,0,6,0,0,0,0,0,100.00%,0.00%,0.00%,0.00%,0.00%,0.00%,0.00%
20260127,12,千晶文化事業股份有限公司,3336,Beauty 美人圈,15254,MW_置底創意(非展開)_ Beauty 美人圈,,知名媒體,,"2,277","2,277",2,"2,275",0,2,2,0,0,100.00%,0.09%,0.00%,0.09%,0.09%,0.00%,0.00%
20260127,12,中天電視股份有限公司,3282,中天新聞網-exchange,15859,CF_336x280_內頁_PC右側互動看板B-中天新聞網-exchange,,知名媒體,,769,769,106,663,70,36,36,0,0,100.00%,13.78%,9.10%,4.68%,4.68%,0.00%,0.00%
20260127,12,CBROOT LTD,3352,西瓜卡通-exchange,15970,CF_160x600_影音內容_西瓜卡通-exchange,,,,6,6,0,6,0,0,0,0,0,100.00%,0.00%,0.00%,0.00%,0.00%,0.00%,0.00%
20260127,12,朱光宁,3360,提莫書屋-exchange,16957,MW_336x280banner_提莫書屋_exchange,,,,"21,240","21,239",63,"21,176",63,0,0,0,0,100.00%,0.30%,0.30%,0.00%,0.00%,0.00%,0.00%
20260127,12,朱光宁,3361,提莫書屋-mobile,16958,MW_置底創意_提莫書屋-mobile,,,,6,6,0,6,0,0,0,0,0,100.00%,0.00%,0.00%,0.00%,0.00%,0.00%,0.00%
20260127,12,朱光宁,3361,提莫書屋-mobile,16959,MW_320x480_文中創意_提莫書屋-mobile,,,,120,120,0,120,0,0,0,0,0,100.00%,0.00%,0.00%,0.00%,0.00%,0.00%,0.00%
20260127,12,欣發現股份有限公司,3365,Hami任務牆-mobile,16969,MW_置底創意_Hami任務牆,,知名媒體,,103,103,0,103,0,0,0,0,0,100.00%,0.00%,0.00%,0.00%,0.00%,0.00%,0.00%
20260127,12,欣發現股份有限公司,3364,女子學-mobile,16972,MW_置底創意_女子學,antifroud,,,83,83,2,81,0,2,2,0,0,100.00%,2.41%,0.00%,2.41%,2.41%,0.00%,0.00%
20260127,12,欣發現股份有限公司,3363,大人物-mobile,16973,MW_置底創意_大人物,,知名媒體,,104,104,2,102,0,2,2,0,0,100.00%,1.92%,0.00%,1.92%,1.92%,0.00%,0.00%
20260127,12,欣發現股份有限公司,3362,妞新聞-mobile,16974,MW_置底創意_妞新聞,,知名媒體,,6,6,0,6,0,0,0,0,0,100.00%,0.00%,0.00%,0.00%,0.00%,0.00%,0.00%
20260127,12,朱光宁,3149,稷下書院-exchange,17003,(子)CF_336x280_Banner(指定流量)_稷下書院-exchange,,,子聯播網,18,18,0,18,0,0,0,0,0,100.00%,0.00%,0.00%,0.00%,0.00%,0.00%,0.00%
20260127,12,第一網站股份有限公司,2783,漫畫櫃manhuagui,17027,MW_320x480_蓋版_漫畫櫃manhuagui,,,,114,114,0,114,0,0,0,0,0,100.00%,0.00%,0.00%,0.00%,0.00%,0.00%,0.00%
20260127,12,艾得基客行銷顧問股份有限公司,3373,良醫健康網,17092,MW_置底創意_良醫健康網,,知名媒體,,92,92,0,92,0,0,0,0,0,100.00%,0.00%,0.00%,0.00%,0.00%,0.00%,0.00%
20260127,12,詠勝科技有限公司,3385,Mobile01_HB,17178,CF_300x250_頻道頁_大看板_Mobile01_HB,,知名媒體,,6,6,0,6,0,0,0,0,0,100.00%,0.00%,0.00%,0.00%,0.00%,0.00%,0.00%
20260127,12,詠勝科技有限公司,3385,Mobile01_HB,17179,CF_300x250_熱門大看板_Mobile01_HB,,知名媒體,,276,276,9,267,4,5,5,0,0,100.00%,3.26%,1.45%,1.81%,1.81%,0.00%,0.00%
20260127,12,詠勝科技有限公司,3385,Mobile01_HB,17180,CF_300x250_置底看板左_Mobile01_HB,,知名媒體,,8,8,0,8,0,0,0,0,0,100.00%,0.00%,0.00%,0.00%,0.00%,0.00%,0.00%
20260127,12,詠勝科技有限公司,3385,Mobile01_HB,17181,CF_300x250_置底看板中_Mobile01_HB,,知名媒體,,30,30,0,30,0,0,0,0,0,100.00%,0.00%,0.00%,0.00%,0.00%,0.00%,0.00%
20260127,12,詠勝科技有限公司,3385,Mobile01_HB,17182,CF_300x250_置底看板右_Mobile01_HB,,知名媒體,,33,33,0,33,0,0,0,0,0,100.00%,0.00%,0.00%,0.00%,0.00%,0.00%,0.00%
20260127,12,詠勝科技有限公司,3385,Mobile01_HB,17183,CF_300x600_大摩天_Mobile01_HB,,知名媒體,,36,36,6,30,0,6,6,0,0,100.00%,16.67%,0.00%,16.67%,16.67%,0.00%,0.00%
20260127,12,朱光宁,3268,稷下書院-mobile,17207,MW_320x480_蓋版_稷下書院-mobile,,,,"1,079","1,079",0,"1,079",0,0,0,0,0,100.00%,0.00%,0.00%,0.00%,0.00%,0.00%,0.00%
20260127,12,中華電視股份有限公司,3389,華視-mobile,17230,MW_置底創意(非展開)_華視-mobile,,知名媒體,,161,161,0,161,0,0,0,0,0,100.00%,0.00%,0.00%,0.00%,0.00%,0.00%,0.00%
20260127,12,中華電視股份有限公司,3389,華視-mobile,17232,MW_文中創意320x480_華視-mobile,,知名媒體,,46,46,0,46,0,0,0,0,0,100.00%,0.00%,0.00%,0.00%,0.00%,0.00%,0.00%
20260127,12,李立娟,3395,vivi0視頻-exchange,17293,CF_336x280_Banner_vivi01視頻-exchange,antifroud,,,"45,169","45,169",102,"45,067",30,72,72,0,0,100.00%,0.23%,0.07%,0.16%,0.16%,0.00%,0.00%
20260127,12,李立娟,3395,vivi0視頻-exchange,17294,MW_336x280_Banner_vivi01視頻-exchange,antifroud,,,"53,780","53,780",84,"53,696",20,64,64,0,0,100.00%,0.16%,0.04%,0.12%,0.12%,0.00%,0.00%
20260127,12,李立娟,3395,vivi0視頻-exchange,17299,MW_300x250_蓋板(PB)-vivi01視頻-exchange,,,,6,6,0,6,0,0,0,0,0,100.00%,0.00%,0.00%,0.00%,0.00%,0.00%,0.00%
20260127,12,李立娟,3395,vivi0視頻-exchange,17300,MW_320x100_置底(PB)_vivi01視頻-exchange,antifroud,,,"84,839","84,839",129,"84,710",10,119,119,0,0,100.00%,0.15%,0.01%,0.14%,0.14%,0.00%,0.00%
20260127,12,李立娟,3397,趣聞圖說-exchange,17309,MW_336x280_文中Banner_趣聞圖說-exchange,,,,24,24,0,24,0,0,0,0,0,100.00%,0.00%,0.00%,0.00%,0.00%,0.00%,0.00%
20260127,12,曾憲敏,601,85小說網_PC,1773,CF-300x250_85小說網_內文1,,,,260,260,2,258,2,0,0,0,0,100.00%,0.77%,0.77%,0.00%,0.00%,0.00%,0.00%
20260127,12,李立娟,3396,趣聞圖說-Mobile,17923,MW_置底創意(展開)_趣聞圖說-Mobile,,,,42,42,0,42,0,0,0,0,0,100.00%,0.00%,0.00%,0.00%,0.00%,0.00%,0.00%
20260127,12,第一網站股份有限公司,2768,czbooks,17927,MW_置底創意_czbook,,,,"10,861","10,861",22,"10,839",2,20,20,0,0,100.00%,0.20%,0.02%,0.18%,0.18%,0.00%,0.00%
20260127,12,時報資訊股份有限公司_工商時報,3427,工商時報-exchange,18003,CF_300x250_互動看板2_工商時報-exchange,,知名媒體,,6,6,2,4,0,2,2,0,0,100.00%,33.33%,0.00%,33.33%,33.33%,0.00%,0.00%
20260127,12,時報資訊股份有限公司_工商時報,3427,工商時報-exchange,18007,CF_336x280_文末右側看板_工商時報-exchange,,知名媒體,,12,12,0,12,0,0,0,0,0,100.00%,0.00%,0.00%,0.00%,0.00%,0.00%,0.00%
20260127,12,時報資訊股份有限公司_工商時報,3427,工商時報-exchange,18014,MW_300x250_文末Banner1_工商時報-exchange,,知名媒體,,32,32,0,32,0,0,0,0,0,100.00%,0.00%,0.00%,0.00%,0.00%,0.00%,0.00%
20260127,12,時報資訊股份有限公司_工商時報,3427,工商時報-exchange,18015,MW_300x250_文末Banner2_工商時報-exchange,,知名媒體,,112,112,0,112,0,0,0,0,0,100.00%,0.00%,0.00%,0.00%,0.00%,0.00%,0.00%
20260127,12,第一網站股份有限公司,3440,fsa_passback_first,18201,CF_336x280_fsa_passback_first,,,,"1,936","1,936",64,"1,872",49,15,15,0,0,100.00%,3.31%,2.53%,0.77%,0.77%,0.00%,0.00%
20260127,12,第一網站股份有限公司,3440,fsa_passback_first,18202,CF_300x250_fsa_passback_first,,,,"4,500","4,500",107,"4,393",12,95,95,0,0,100.00%,2.38%,0.27%,2.11%,2.11%,0.00%,0.00%
20260127,12,第一網站股份有限公司,3440,fsa_passback_first,18266,(子)CF_970x250_cfbanner_blog,,,子聯播網,"4,659","4,659",7,"4,652",0,7,7,0,0,100.00%,0.15%,0.00%,0.15%,0.15%,0.00%,0.00%
20260127,12,莊博凱,3455,夢遊電玩,18269,300x250 Banner,,,,6,6,6,0,6,0,0,0,0,100.00%,100.00%,100.00%,0.00%,0.00%,0.00%,0.00%
20260127,12,朱光宁,3268,稷下書院-mobile,18297,MW_置底創意(展開)_稷下書院-mobile,,,,378,378,0,378,0,0,0,0,0,100.00%,0.00%,0.00%,0.00%,0.00%,0.00%,0.00%
20260127,12,冰楓科技有限公司,3485,冰楓論壇-exchange,18487,CF_970x90_內文上方第一塊_冰楓論壇-exchange,,,,731,731,26,705,22,4,4,0,0,100.00%,3.56%,3.01%,0.55%,0.55%,0.00%,0.00%
20260127,12,冰楓科技有限公司,3485,冰楓論壇-exchange,18488,MW_320x100_內文上方第一塊_ 冰楓論壇-exchange,antifroud,,,32,32,0,32,0,0,0,0,0,100.00%,0.00%,0.00%,0.00%,0.00%,0.00%,0.00%
20260127,12,冰楓科技有限公司,3485,冰楓論壇-exchange,18492,MW_300x250_Banner_ 冰楓論壇-exchange,,,,375,375,14,361,14,0,0,0,0,100.00%,3.73%,3.73%,0.00%,0.00%,0.00%,0.00%
20260127,12,CBROOT LTD,3492,包子漫畫(特開流量)-exchange,18544,(子)CF_300x600_指定流量_包子漫畫(特開流量)-exchange,,,子聯播網,322,322,0,322,0,0,0,0,0,100.00%,0.00%,0.00%,0.00%,0.00%,0.00%,0.00%
20260127,12,CBROOT LTD,3510,包子漫畫_twmanga-exchange,18732,MW_336x280_Banner_包子漫畫_twmanga,,,子聯播網,"1,918","1,918",0,"1,918",0,0,0,0,0,100.00%,0.00%,0.00%,0.00%,0.00%,0.00%,0.00%
20260127,12,CBROOT LTD,3510,包子漫畫_twmanga-exchange,18735,CF_336x280_Banner_包子漫畫_twmanga-exchange,,,,20,20,0,20,0,0,0,0,0,100.00%,0.00%,0.00%,0.00%,0.00%,0.00%,0.00%
20260127,12,CBROOT LTD,3510,包子漫畫_twmanga-exchange,18737,CF_970x90_Banner_ 包子漫畫_twmanga-exchange,,,,12,12,0,12,0,0,0,0,0,100.00%,0.00%,0.00%,0.00%,0.00%,0.00%,0.00%
20260127,12,舒禾驊,3535,荷花動漫筆記,18887,CF_336x280_文章頁文中_荷花動漫筆記,,,,31,31,0,31,0,0,0,0,0,100.00%,0.00%,0.00%,0.00%,0.00%,0.00%,0.00%
20260127,12,台灣英文新聞股份有限公司,3537,台灣英文新聞(new)-exchange,18924,CF_300x250_內容頁_右側看版_1_台灣英文新聞(new)-exchange,,知名媒體,,36,36,6,30,0,6,6,0,0,100.00%,16.67%,0.00%,16.67%,16.67%,0.00%,0.00%
20260127,12,聯合線上股份有限公司,3549,UDN元氣網,19018,CF_首頁文章推薦第三格300x250_UDN元氣網,,知名媒體,,25,25,0,25,0,0,0,0,0,100.00%,0.00%,0.00%,0.00%,0.00%,0.00%,0.00%
20260127,12,艾得基客行銷顧問股份有限公司,3490,太報,19043,MW_置底創意(展開)_太報,,知名媒體,,443,443,0,443,0,0,0,0,0,100.00%,0.00%,0.00%,0.00%,0.00%,0.00%,0.00%
20260127,12,艾得基客行銷顧問股份有限公司,3552,玩具人,19044,MW_320x480_文中創意_玩具人,,知名媒體,,74,74,3,71,0,3,3,0,0,100.00%,4.05%,0.00%,4.05%,4.05%,0.00%,0.00%
20260127,12,第一網站股份有限公司,2783,漫畫櫃manhuagui,20685,MW_300X250_manhuagui,antifroud,,,"7,030","7,030",41,"6,989",17,24,24,0,0,100.00%,0.58%,0.24%,0.34%,0.34%,0.00%,0.00%
20260127,12,德榕企業有限公司,3577,TW Bodhi,20705,(子)CF_336x280_文章頁(RWD)_TW Bodhi,antifroud,,子聯播網,6,6,0,6,0,0,0,0,0,100.00%,0.00%,0.00%,0.00%,0.00%,0.00%,0.00%
20260127,12,德榕企業有限公司,3578,TW Bodhi_mobile,20707,MW_置底創意_TW Bodhi,,,,30,30,1,29,0,1,1,0,0,100.00%,3.33%,0.00%,3.33%,3.33%,0.00%,0.00%
20260127,12,德榕企業有限公司,3578,TW Bodhi_mobile,20708,MW_蓋板_TW Bodhi,,,,308,308,9,299,0,9,9,0,0,100.00%,2.92%,0.00%,2.92%,2.92%,0.00%,0.00%
20260127,12,德榕企業有限公司,3581,忘憂書屋,20727,CF_336x280文章頁(RWD)_忘憂書屋,,,,94,94,2,92,0,2,2,0,0,100.00%,2.13%,0.00%,2.13%,2.13%,0.00%,0.00%
20260127,12,德榕企業有限公司,3582,忘憂書屋_mobile,20728,MW_文中創意300x250_忘憂書屋,,,,58,58,0,58,0,0,0,0,0,100.00%,0.00%,0.00%,0.00%,0.00%,0.00%,0.00%
20260127,12,德榕企業有限公司,3582,忘憂書屋_mobile,20729,MW_蓋板_忘憂書屋,,,,18,18,0,18,0,0,0,0,0,100.00%,0.00%,0.00%,0.00%,0.00%,0.00%,0.00%
20260127,12,德榕企業有限公司,3582,忘憂書屋_mobile,20730,MW_置底創意_忘憂書屋,,,,6,6,0,6,0,0,0,0,0,100.00%,0.00%,0.00%,0.00%,0.00%,0.00%,0.00%
20260127,12,第一網站股份有限公司,2910,clickme,20735,(子)CF_300x250_banner_clickme(成人),,,子聯播網,"8,349","8,349",129,"8,220",117,12,12,0,0,100.00%,1.55%,1.40%,0.14%,0.14%,0.00%,0.00%
20260127,12,第一網站股份有限公司,3440,fsa_passback_first,21699,CF_336x280_fsa_passback_first,,,,"1,419","1,419",50,"1,369",42,8,8,0,0,100.00%,3.52%,2.96%,0.56%,0.56%,0.00%,0.00%
20260127,12,朱光宁,3269,石頭小說-mobile,21741,MW_320x480_蓋版_石頭小說-mobile,antifroud,,,12,12,0,12,0,0,0,0,0,100.00%,0.00%,0.00%,0.00%,0.00%,0.00%,0.00%
20260127,12,富盈數據股份有限公司,3653,TVBS-女人我最大_HB,21760,MW_文章三_336x280_TVBS-女人我最大_HB,,知名媒體,,166,166,0,166,0,0,0,0,0,100.00%,0.00%,0.00%,0.00%,0.00%,0.00%,0.00%
20260127,12,富盈數據股份有限公司,3653,TVBS-女人我最大_HB,21761,MW_文章四_336x280_TVBS-女人我最大_HB,,知名媒體,,"2,109","2,109",3,"2,106",0,3,3,0,0,100.00%,0.14%,0.00%,0.14%,0.14%,0.00%,0.00%
20260127,12,富盈數據股份有限公司,3653,TVBS-女人我最大_HB,21763,MW_文中創意320x480_TVBS-女人我最大_HB,,知名媒體,,"1,469","1,469",2,"1,467",0,2,2,0,0,100.00%,0.14%,0.00%,0.14%,0.14%,0.00%,0.00%
20260127,12,富盈數據股份有限公司,3654,TVBS-健康2.0_HB,21765,MW_文章三_336x280_TVBS-健康2.0_HB,,知名媒體,,12,12,0,12,0,0,0,0,0,100.00%,0.00%,0.00%,0.00%,0.00%,0.00%,0.00%
20260127,12,富盈數據股份有限公司,3654,TVBS-健康2.0_HB,21768,MW_文中創意320x480_TVBS-健康2.0_HB,,知名媒體,,"13,179","13,179",15,"13,164",0,15,15,0,0,100.00%,0.11%,0.00%,0.11%,0.11%,0.00%,0.00%
20260127,12,富盈數據股份有限公司,3655,TVBS-食尚玩家_HB,21770,MW_文章三_336x280_TVBS-食尚玩家_HB,,知名媒體,,"2,517","2,517",12,"2,505",0,12,12,0,0,100.00%,0.48%,0.00%,0.48%,0.48%,0.00%,0.00%
20260127,12,富盈數據股份有限公司,3655,TVBS-食尚玩家_HB,21771,MW_文章四_336x280_TVBS-食尚玩家_HB,,知名媒體,,140,140,0,140,0,0,0,0,0,100.00%,0.00%,0.00%,0.00%,0.00%,0.00%,0.00%
20260127,12,富盈數據股份有限公司,3655,TVBS-食尚玩家_HB,21773,MW_文中創意320x480_TVBS-食尚玩家_HB,,知名媒體,,"2,125","2,125",0,"2,125",0,0,0,0,0,100.00%,0.00%,0.00%,0.00%,0.00%,0.00%,0.00%
20260127,12,寶利拾股份有限公司,3652,愛料理_HB,21781,MW_置底創意(非展開)_愛料理_HB,,知名媒體,,6,6,0,6,0,0,0,0,0,100.00%,0.00%,0.00%,0.00%,0.00%,0.00%,0.00%
20260127,12,富盈數據股份有限公司,3654,TVBS-健康2.0_HB,21812,MW_文章一_336x280_TVBS-健康2.0_HB,,知名媒體,,50,50,0,50,0,0,0,0,0,100.00%,0.00%,0.00%,0.00%,0.00%,0.00%,0.00%
20260127,12,先驅媒體社會企業股份有限公司,3554,新頭殼(R18),21839,ＭＷ_336x280Banner_newtalk.tw_mobile_all_336280_2_新頭殼(R18),antifroud,知名媒體,,8,8,0,8,0,0,0,0,0,100.00%,0.00%,0.00%,0.00%,0.00%,0.00%,0.00%
20260127,12,儂儂雜誌社股份有限公司(bella儂儂),2135,Bella儂儂_2024,21876,MW-300x250_文章標題上方1_Bella儂儂,,知名媒體,,342,342,2,340,2,0,0,0,0,100.00%,0.58%,0.58%,0.00%,0.00%,0.00%,0.00%
20260127,12,富盈數據股份有限公司,3680,TVBS-新聞網_HB,21899,MW_文章一_336x280_TVBS-新聞網_HB,,知名媒體,,"3,352","3,352",0,"3,352",0,0,0,0,0,100.00%,0.00%,0.00%,0.00%,0.00%,0.00%,0.00%
20260127,12,富盈數據股份有限公司,3680,TVBS-新聞網_HB,21900,MW_文章三_336x280_TVBS-新聞網_HB,,知名媒體,,"1,078","1,078",0,"1,078",0,0,0,0,0,100.00%,0.00%,0.00%,0.00%,0.00%,0.00%,0.00%
20260127,12,富盈數據股份有限公司,3680,TVBS-新聞網_HB,21902,MW_文章置底_320x100_TVBS-新聞網_HB,,知名媒體,,"2,876","2,876",0,"2,876",0,0,0,0,0,100.00%,0.00%,0.00%,0.00%,0.00%,0.00%,0.00%
20260127,12,富盈數據股份有限公司,3684,稅美人_mobile,21923,MW_置底創意(非展開)_稅美人-mobile,,,,6,6,0,6,0,0,0,0,0,100.00%,0.00%,0.00%,0.00%,0.00%,0.00%,0.00%
20260127,12,富盈數據股份有限公司,3685,玩桌遊_mobile,21924,MW_置底創意(非展開)_玩桌遊-mobile,,,,524,521,0,521,0,0,0,0,0,99.43%,0.00%,0.00%,0.00%,0.00%,0.00%,0.00%
20260127,12,富盈數據股份有限公司,2615,熱血台中,21986,CF_336x280_全網_熱血台中,,,,6,6,0,6,0,0,0,0,0,100.00%,0.00%,0.00%,0.00%,0.00%,0.00%,0.00%
20260127,12,富盈數據股份有限公司,2615,熱血台中,21987,CF_336x280_全網_熱血台中,,,,50,50,0,50,0,0,0,0,0,100.00%,0.00%,0.00%,0.00%,0.00%,0.00%,0.00%
20260127,12,富盈數據股份有限公司,3704,天天要聞,22030,CF_300 x 250 banner_天天要聞_cpc2,,,,922,922,12,910,2,10,10,0,0,100.00%,1.30%,0.22%,1.08%,1.08%,0.00%,0.00%
20260127,12,富盈數據股份有限公司,3703,繁體小說,22031,CF_300 x 250 banner_繁體小說_cpc2,,,,54,54,0,54,0,0,0,0,0,100.00%,0.00%,0.00%,0.00%,0.00%,0.00%,0.00%
20260127,12,朱光宁,3708,石頭小說,22045,CF_336 x 280 banner_石頭小說_cpc1.67,antifroud,,,"51,510","51,510",155,"51,355",102,53,53,0,0,100.00%,0.30%,0.20%,0.10%,0.10%,0.00%,0.00%
20260127,12,冠妍動力科技有限公司,484,小老婆汽機車資訊網,22058,MW_文中創意320x480_小老婆汽機車資訊網-測試,,知名媒體,,12,12,0,12,0,0,0,0,0,100.00%,0.00%,0.00%,0.00%,0.00%,0.00%,0.00%
20260127,12,朱光宁,3718,稷下書院2,22093,CF_336 x 280 banner_稷下書院2_cpc1.67,antifroud,,,"54,953","54,953",199,"54,754",48,151,151,0,0,100.00%,0.36%,0.09%,0.27%,0.27%,0.00%,0.00%
20260127,12,富盈數據股份有限公司,3680,TVBS-新聞網_HB,22131,CF_文中300x250_TVBS-新聞網_HB_1,,知名媒體,,6,6,0,6,0,0,0,0,0,100.00%,0.00%,0.00%,0.00%,0.00%,0.00%,0.00%
20260127,12,富盈數據股份有限公司,3680,TVBS-新聞網_HB,22132,CF_文中300x250_TVBS-新聞網_HB_2,,知名媒體,,42,42,1,41,0,1,1,0,0,100.00%,2.38%,0.00%,2.38%,2.38%,0.00%,0.00%
20260127,12,富盈數據股份有限公司,3680,TVBS-新聞網_HB,22133,CF_文中300x250_TVBS-新聞網_HB_3,,知名媒體,,129,129,5,124,0,5,5,0,0,100.00%,3.88%,0.00%,3.88%,3.88%,0.00%,0.00%
20260127,12,闇碼科技股份有限公司,3048,縮短網址產生器-reurl,22213,MW_蓋版_縮短網址產生器-reurl-2025.05(特殊供量),,知名媒體,,631,631,493,138,250,243,243,0,0,100.00%,78.13%,39.62%,38.51%,38.51%,0.00%,0.00%
20260127,12,艾得基客行銷顧問股份有限公司,3724,上報,22217,MW_置底創意(非展開)_上報,,知名媒體,,"1,353","1,353",4,"1,349",0,4,4,0,0,100.00%,0.30%,0.00%,0.30%,0.30%,0.00%,0.00%
20260127,12,艾得基客行銷顧問股份有限公司,3724,上報,22218,MW_置底(展開)_上報,,知名媒體,,"2,302","2,302",8,"2,294",0,8,8,0,0,100.00%,0.35%,0.00%,0.35%,0.35%,0.00%,0.00%
20260127,12,艾得基客行銷顧問股份有限公司,2689,Basketball Top5,22219,MW_置底(展開)_Basketball TOP5,,,,401,401,0,401,0,0,0,0,0,100.00%,0.00%,0.00%,0.00%,0.00%,0.00%,0.00%
20260127,12,欣發現股份有限公司,3363,大人物-mobile,22222,MW_蓋板_大人物,,知名媒體,,73,73,8,65,0,8,8,0,0,100.00%,10.96%,0.00%,10.96%,10.96%,0.00%,0.00%
20260127,12,朱光宁,3741,石頭小說3,22396,MW_置底_石頭小說3,,,,42,42,0,42,0,0,0,0,0,100.00%,0.00%,0.00%,0.00%,0.00%,0.00%,0.00%
20260127,12,朱光宁,3741,石頭小說3,22398,CF_336 x 280 banner_石頭小說3_cpc1.67,,,,"11,428","11,428",24,"11,404",0,24,24,0,0,100.00%,0.21%,0.00%,0.21%,0.21%,0.00%,0.00%
20260127,12,朱光宁,3741,石頭小說3,22399,CF_320 x 480 橫幅_石頭小說3,,,,18,18,0,18,0,0,0,0,0,100.00%,0.00%,0.00%,0.00%,0.00%,0.00%,0.00%
20260127,12,艾得基客行銷顧問股份有限公司,3724,上報,22405,MW_蓋版_上報,,知名媒體,,24,24,0,24,0,0,0,0,0,100.00%,0.00%,0.00%,0.00%,0.00%,0.00%,0.00%
20260127,12,闇碼科技股份有限公司,3068,限時圖片-imgus,22406,MW_置底_imgus,antifroud,,,86,86,0,86,0,0,0,0,0,100.00%,0.00%,0.00%,0.00%,0.00%,0.00%,0.00%
20260127,12,第一網站股份有限公司,2783,漫畫櫃manhuagui,22443,MW_置底_manhuagui,antifroud,,,"4,930","4,930",10,"4,920",0,10,10,0,0,100.00%,0.20%,0.00%,0.20%,0.20%,0.00%,0.00%
20260127,12,艾得基客行銷顧問股份有限公司,3490,太報,22495,MW_300x250 BANNER_太報_CPM5,,知名媒體,子聯播網,54,54,0,54,0,0,0,0,0,100.00%,0.00%,0.00%,0.00%,0.00%,0.00%,0.00%
20260127,12,艾得基客行銷顧問股份有限公司,2689,Basketball Top5,22498,MW_300x250 Banner_Basketball TOP5_CPM5,,,子聯播網,"1,075","1,075",0,"1,075",0,0,0,0,0,100.00%,0.00%,0.00%,0.00%,0.00%,0.00%,0.00%
20260127,12,艾得基客行銷顧問股份有限公司,2578,鉅亨網,22507,MW_300x250_鉅亨網_直播用BN-1,,知名媒體,子聯播網,"1,269","1,269",2,"1,267",0,2,2,0,0,100.00%,0.16%,0.00%,0.16%,0.16%,0.00%,0.00%
20260127,12,艾得基客行銷顧問股份有限公司,3752,ＭoneyDJ,22514,MW_文中創意320x480_MoneyDJ,antifroud,知名媒體,,92,92,0,92,0,0,0,0,0,100.00%,0.00%,0.00%,0.00%,0.00%,0.00%,0.00%
20260127,12,艾得基客行銷顧問股份有限公司,3752,ＭoneyDJ,22515,MW_300x250 BANNER_MoneyDJ,antifroud,知名媒體,,6,6,0,6,0,0,0,0,0,100.00%,0.00%,0.00%,0.00%,0.00%,0.00%,0.00%
20260127,12,李承翰-webptt,718,Web批踢踢(RWD),2284,MW-蓋板_文中_Web批踢踢,antifroud,,,18,18,0,18,0,0,0,0,0,100.00%,0.00%,0.00%,0.00%,0.00%,0.00%,0.00%
20260127,12,麥智維,999,動漫戲說,3543,CF-728*90-內文上方-動漫戲說,antifroud,,,252,252,0,252,0,0,0,0,0,100.00%,0.00%,0.00%,0.00%,0.00%,0.00%,0.00%
20260127,12,肖偉彬,1287,紅櫻桃小說書庫,4678,CF-內文上方-300*250-紅櫻桃小說書庫,,,,98,98,0,98,0,0,0,0,0,100.00%,0.00%,0.00%,0.00%,0.00%,0.00%,0.00%
20260127,12,肖偉彬,1286,龍騰世紀書庫,4716,CF-內文中間-300*250-龍騰世紀書庫,,,,6,6,0,6,0,0,0,0,0,100.00%,0.00%,0.00%,0.00%,0.00%,0.00%,0.00%
20260127,12,肖偉彬,1287,紅櫻桃小說書庫,4717,MW_文中創意300x250_紅櫻桃小說書庫,,,,6,6,0,6,0,0,0,0,0,100.00%,0.00%,0.00%,0.00%,0.00%,0.00%,0.00%
20260127,12,技達創意資訊有限公司,1299,泰好網,4733,CF-300*250-內文下方-泰好網,,,,6,6,0,6,0,0,0,0,0,100.00%,0.00%,0.00%,0.00%,0.00%,0.00%,0.00%
20260127,12,技達創意資訊有限公司,1299,泰好網,4734,MW-320*100-首頁、內文上方-泰好網,,,,12,12,0,12,0,0,0,0,0,100.00%,0.00%,0.00%,0.00%,0.00%,0.00%,0.00%
20260127,12,肖偉彬,1347,雲台書屋,4923,CF-上方通欄-300*250-雲台書屋,,,,6,6,0,6,0,0,0,0,0,100.00%,0.00%,0.00%,0.00%,0.00%,0.00%,0.00%
20260127,12,陈晋福,1367,電視超人,4997,CF-300X250-電視超人,,,,45,45,0,45,0,0,0,0,0,100.00%,0.00%,0.00%,0.00%,0.00%,0.00%,0.00%
20260127,12,麥智維,999,動漫戲說,6069,CF-300*250-首頁-動漫戲說,,,,90,90,6,84,6,0,0,0,0,100.00%,6.67%,6.67%,0.00%,0.00%,0.00%,0.00%
20260127,12,吳慧玲,2082,宅女懶懶子,8074,CF-內文中間_x0008_-300x250-宅女懶懶子,,,,7,7,0,7,0,0,0,0,0,100.00%,0.00%,0.00%,0.00%,0.00%,0.00%,0.00%
20260127,12,精鏡傳媒股份有限公司,1060,鏡週刊,8250,MW_置底創意(非展開)_鏡週刊,,知名媒體,,90,90,0,90,0,0,0,0,0,100.00%,0.00%,0.00%,0.00%,0.00%,0.00%,0.00%
20260127,12,臺灣電視事業股份有限公司,52,台視,8313,PC-300x250_內文第一塊_台視財經,,知名媒體,,25,25,0,25,0,0,0,0,0,100.00%,0.00%,0.00%,0.00%,0.00%,0.00%,0.00%
20260127,12,巧克科技新媒體股份有限公司,2127,LINE TV_Banner-exchange,8576,CF_336x280_戲劇-右側好康資訊下方_LINE TV-exchange,,知名媒體,,188,188,0,188,0,0,0,0,0,100.00%,0.00%,0.00%,0.00%,0.00%,0.00%,0.00%
20260127,12,巧克科技新媒體股份有限公司,2127,LINE TV_Banner-exchange,8577,CF_336x280_戲劇-右側好康資訊上方_LINE TV-exchange,,知名媒體,,296,296,2,294,0,2,2,0,0,100.00%,0.68%,0.00%,0.68%,0.68%,0.00%,0.00%
20260127,12,鳳梨傳媒股份有限公司,2190,民視新聞網-Exchange,8862,CF_970X90_分類新聞內頁上方_民視新聞(MCM),,知名媒體,,6,6,0,6,0,0,0,0,0,100.00%,0.00%,0.00%,0.00%,0.00%,0.00%,0.00%
20260127,12,見聞科技有限公司,2251,就是節目表,9233,MW-300x250-節目表文中-就是節目表,,,,19,19,0,19,0,0,0,0,0,100.00%,0.00%,0.00%,0.00%,0.00%,0.00%,0.00%
20260127,12,冰楓科技有限公司,1711,冰楓短網址,9307,CF-300X250-跳轉頁下方-冰楓短網址,,,,6,6,0,6,0,0,0,0,0,100.00%,0.00%,0.00%,0.00%,0.00%,0.00%,0.00%
20260127,13,英屬維京群島商浩美數位有限公司台灣分公司,2315,Teepr亮新聞-exchange,10012,CF_336x280Banner_Teepr亮新聞-exchange,,知名媒體,,"1,264","1,264",31,"1,233",13,18,18,0,0,100.00%,2.45%,1.03%,1.42%,1.42%,0.00%,0.00%
20260127,13,昱得資訊工作室,2528,數位書香,11080,CF_728x90_首頁上方_數位書香,antifroud,,,14,14,0,14,0,0,0,0,0,100.00%,0.00%,0.00%,0.00%,0.00%,0.00%,0.00%
20260127,13,昱得資訊工作室,2528,數位書香,11081,CF_160x600_首頁右側_數位書香,antifroud,,,427,427,0,427,0,0,0,0,0,100.00%,0.00%,0.00%,0.00%,0.00%,0.00%,0.00%
20260127,13,第一網站股份有限公司,2518,麻辣家族討論區(twbts),11082,CF-728X90-twbts,antifroud,,,854,854,0,854,0,0,0,0,0,100.00%,0.00%,0.00%,0.00%,0.00%,0.00%,0.00%
20260127,13,第一網站股份有限公司,2601,Meme梗圖倉庫,11443,CF-336X280-meme,,,,943,943,0,943,0,0,0,0,0,100.00%,0.00%,0.00%,0.00%,0.00%,0.00%,0.00%
20260127,13,艾得基客行銷顧問股份有限公司,2578,鉅亨網,12070,MW_320x480_文中創意_鉅亨網,,知名媒體,,"12,077","12,077",72,"12,005",0,72,72,0,0,100.00%,0.60%,0.00%,0.60%,0.60%,0.00%,0.00%
20260127,13,冰楓科技有限公司,1710,冰楓論壇,12511,MW_300x250_Banner_冰楓論壇-exchange,,,,12,12,0,12,0,0,0,0,0,100.00%,0.00%,0.00%,0.00%,0.00%,0.00%,0.00%
20260127,13,時報資訊股份有限公司,2770,中時電子報_HB,12559,CF_300x250_右側互動看版_中時電子報_HB,,知名媒體,,529,529,17,512,4,13,13,0,0,100.00%,3.21%,0.76%,2.46%,2.46%,0.00%,0.00%
20260127,13,時報資訊股份有限公司,2770,中時電子報_HB,12560,CF_336x280_文中看板_中時電子報_HB,,知名媒體,,492,492,15,477,5,10,10,0,0,100.00%,3.05%,1.02%,2.03%,2.03%,0.00%,0.00%
20260127,13,時報資訊股份有限公司,2770,中時電子報_HB,12561,MW_300x250_內頁TOP Banner_中時電子報_HB,antifroud,知名媒體,,981,981,29,952,17,12,12,0,0,100.00%,2.96%,1.73%,1.22%,1.22%,0.00%,0.00%
20260127,13,第一網站股份有限公司,2768,czbooks,12570,CF_728x90_banner_czbooks,,,,"61,957","61,957",177,"61,780",140,37,37,0,0,100.00%,0.29%,0.23%,0.06%,0.06%,0.00%,0.00%
20260127,13,鳳梨傳媒股份有限公司,2190,民視新聞網-Exchange,12579,CF_300x250_右側第一塊_民視新聞網-Exchange(RWD)(MCM),,知名媒體,,"3,702","3,702",53,"3,649",11,42,42,0,0,100.00%,1.43%,0.30%,1.13%,1.13%,0.00%,0.00%
20260127,13,鳳梨傳媒股份有限公司,2190,民視新聞網-Exchange,12580,CF_300x250_內文文中左側_民視新聞網-Exchange(RWD)(MCM),,知名媒體,,"3,973","3,973",82,"3,891",15,67,67,0,0,100.00%,2.06%,0.38%,1.69%,1.69%,0.00%,0.00%
20260127,13,第一網站股份有限公司,2783,漫畫櫃manhuagui,12676,CF_728X90_manhuagui,antifroud,,,"33,274","33,274",62,"33,212",12,50,50,0,0,100.00%,0.19%,0.04%,0.15%,0.15%,0.00%,0.00%
20260127,13,艾得基客行銷顧問股份有限公司,2635,工商時報,12761,MW_320x480_文中創意_工商時報new,,知名媒體,,22,22,0,22,0,0,0,0,0,100.00%,0.00%,0.00%,0.00%,0.00%,0.00%,0.00%
20260127,13,第一網站股份有限公司,2801,damanwoo,12868,CF-300x250_Banner_damanwoo_大人物,,,,30,30,0,30,0,0,0,0,0,100.00%,0.00%,0.00%,0.00%,0.00%,0.00%,0.00%
20260127,13,第一網站股份有限公司,2820,星座好朋友(horofriend88),12966,MW_320x100_horofriend88,antifroud,,,30,30,0,30,0,0,0,0,0,100.00%,0.00%,0.00%,0.00%,0.00%,0.00%,0.00%
20260127,13,時報資訊股份有限公司,2335,中時電子報_2019,12974,MW-置底創意(展開)-中時電子報_2019,antifroud,知名媒體,,54,54,0,54,0,0,0,0,0,100.00%,0.00%,0.00%,0.00%,0.00%,0.00%,0.00%
20260127,13,第一網站股份有限公司,2836,vivi01,13032,MW_置底創意_vivi01 ViVi視頻,,,,18,18,0,18,0,0,0,0,0,100.00%,0.00%,0.00%,0.00%,0.00%,0.00%,0.00%
20260127,13,第一網站股份有限公司,2838,mycard,13041,MW_320x480_加倍mycard,,,,35,35,35,0,0,35,35,0,0,100.00%,100.00%,0.00%,100.00%,100.00%,0.00%,0.00%
20260127,13,第一網站股份有限公司,2862,Manhuaren,13254,MW_320x100_banner_manhuaren,,,,6,6,0,6,0,0,0,0,0,100.00%,0.00%,0.00%,0.00%,0.00%,0.00%,0.00%
20260127,13,曾憲敏,202,85小說網,13445,MW_336X280_全量1_85小說網,,,,420,420,0,420,0,0,0,0,0,100.00%,0.00%,0.00%,0.00%,0.00%,0.00%,0.00%
20260127,13,曾憲敏,202,85小說網,13446,MW_336X280_全量2_85小說網,,,,"3,420","3,420",0,"3,420",0,0,0,0,0,100.00%,0.00%,0.00%,0.00%,0.00%,0.00%,0.00%
20260127,13,曾憲敏,601,85小說網_PC,13450,(子)CF_336x280_全量2_85小說網,,,子聯播網,216,216,0,216,0,0,0,0,0,100.00%,0.00%,0.00%,0.00%,0.00%,0.00%,0.00%
20260127,13,第一網站股份有限公司,2768,czbooks,13482,(子)CF_300x600_banner_czbooks(限時段),,,子聯播網,30,30,0,30,0,0,0,0,0,100.00%,0.00%,0.00%,0.00%,0.00%,0.00%,0.00%
20260127,13,第一網站股份有限公司,2768,czbooks,13483,(子)CF_970x250_banner_czbooks(限時段),,,子聯播網,32,32,0,32,0,0,0,0,0,100.00%,0.00%,0.00%,0.00%,0.00%,0.00%,0.00%
20260127,13,第一網站股份有限公司,2910,clickme,13548,(子)CF_300x250_banner_clickme(一般),,,子聯播網,181,181,0,181,0,0,0,0,0,100.00%,0.00%,0.00%,0.00%,0.00%,0.00%,0.00%
20260127,13,第一網站股份有限公司,2910,clickme,13549,CF_300x250_banner_clickme(一般),,,,752,752,0,752,0,0,0,0,0,100.00%,0.00%,0.00%,0.00%,0.00%,0.00%,0.00%
20260127,13,第一網站股份有限公司,2916,KiKiNote,13576,(子)CF_300x250_banner_kikinote,,知名媒體,子聯播網,"1,240","1,240",0,"1,240",0,0,0,0,0,100.00%,0.00%,0.00%,0.00%,0.00%,0.00%,0.00%
20260127,13,闇碼科技股份有限公司,2992,縮短網址產生器-reurl-exchange,13848,CF_300x250_轉址失敗_最右邊_reurl,,知名媒體,,6,6,2,4,0,2,2,0,0,100.00%,33.33%,0.00%,33.33%,33.33%,0.00%,0.00%
20260127,13,闇碼科技股份有限公司,2992,縮短網址產生器-reurl-exchange,13861,CF_300x250_網址下方右側(PB)_reurl,,知名媒體,,12,12,0,12,0,0,0,0,0,100.00%,0.00%,0.00%,0.00%,0.00%,0.00%,0.00%
20260127,13,第一網站股份有限公司,2768,czbooks,13903,(子)CF_300x250_banner_czbooks(直播),antifroud,,子聯播網,782,782,0,782,0,0,0,0,0,100.00%,0.00%,0.00%,0.00%,0.00%,0.00%,0.00%
20260127,13,第一網站股份有限公司,2768,czbooks,14036,MW_320x480_CZBOOKS,antifroud,,,102,102,0,102,0,0,0,0,0,100.00%,0.00%,0.00%,0.00%,0.00%,0.00%,0.00%
20260127,13,陳人鳳,480,飛格寵物家族_PC,1407,CF-728X90_上方通欄_飛格寵物家族,,,,12,12,2,10,0,2,2,0,0,100.00%,16.67%,0.00%,16.67%,16.67%,0.00%,0.00%
20260127,13,陳人鳳,480,飛格寵物家族_PC,1408,CF-300X250_內文_飛格寵物家族,,,,28,28,6,22,0,6,6,0,0,100.00%,21.43%,0.00%,21.43%,21.43%,0.00%,0.00%
20260127,13,飛凡傳播股份有限公司,1921,非凡新聞台-exchange,14188,MW_300x250_內文上方_非凡新聞-exchange,antifroud,知名媒體,,6,6,0,6,0,0,0,0,0,100.00%,0.00%,0.00%,0.00%,0.00%,0.00%,0.00%
20260127,13,闇碼科技股份有限公司,3048,縮短網址產生器-reurl,14210,MW_文中創意300x250_縮短網址產生器-reurl,,知名媒體,,266,266,100,166,58,42,42,0,0,100.00%,37.59%,21.80%,15.79%,15.79%,0.00%,0.00%
20260127,13,巨思文化股份有限公司,3053,數位時代_HB,14246,MW_300x250_文章結束第一塊_數位時代-HB,,知名媒體,,6,6,0,6,0,0,0,0,0,100.00%,0.00%,0.00%,0.00%,0.00%,0.00%,0.00%
20260127,13,鳳梨傳媒股份有限公司,2896,四季線上影視-Mobile,14247,MW_文中創意320x480_四季線上影視-Mobile,,知名媒體,,6,6,0,6,0,0,0,0,0,100.00%,0.00%,0.00%,0.00%,0.00%,0.00%,0.00%
20260127,13,富盈數據股份有限公司,3059,塔科女子,14258,CF_336x280_全網_塔科女子,,知名媒體,,19,19,0,19,0,0,0,0,0,100.00%,0.00%,0.00%,0.00%,0.00%,0.00%,0.00%
20260127,13,CBROOT LTD,3003,包子漫畫-exchange,14291,MW_300x250_蓋板(PB)_包子漫畫,,,,266,266,0,266,0,0,0,0,0,100.00%,0.00%,0.00%,0.00%,0.00%,0.00%,0.00%
20260127,13,朱光宁,3152,石頭小說-exchange,14472,MW_336x280_Banner_石頭小說,,,,295,295,0,295,0,0,0,0,0,100.00%,0.00%,0.00%,0.00%,0.00%,0.00%,0.00%
20260127,13,朱光宁,3149,稷下書院-exchange,14748,MW_320x100_置底(PB)_稷下書院,,,,"29,581","29,581",178,"29,403",82,96,96,0,0,100.00%,0.60%,0.28%,0.32%,0.32%,0.00%,0.00%
20260127,13,巨思文化股份有限公司,3053,數位時代_HB,14764,MW_置底創意_(非展開)_數位時代_HB,,知名媒體,,467,467,0,467,0,0,0,0,0,100.00%,0.00%,0.00%,0.00%,0.00%,0.00%,0.00%
20260127,13,中天電視股份有限公司,3282,中天新聞網-exchange,14980,CF_970x250_內頁_PC置頂橫幅-中天新聞網-exchange,,知名媒體,,150,150,40,110,20,20,20,0,0,100.00%,26.67%,13.33%,13.33%,13.33%,0.00%,0.00%
20260127,13,曾憲敏,3327,85小說網_創意,15227,MW-300X250_85小說網_隨身影音PB,,,,50,50,0,50,0,0,0,0,0,100.00%,0.00%,0.00%,0.00%,0.00%,0.00%,0.00%
20260127,13,曾憲敏,3327,85小說網_創意,15228,MW-創意-85小說網,,,,76,76,0,76,0,0,0,0,0,100.00%,0.00%,0.00%,0.00%,0.00%,0.00%,0.00%
20260127,13,千晶文化事業股份有限公司,3336,Beauty 美人圈,15254,MW_置底創意(非展開)_ Beauty 美人圈,,知名媒體,,"1,291","1,291",2,"1,289",0,2,2,0,0,100.00%,0.15%,0.00%,0.15%,0.15%,0.00%,0.00%
20260127,13,中天電視股份有限公司,3282,中天新聞網-exchange,15859,CF_336x280_內頁_PC右側互動看板B-中天新聞網-exchange,,知名媒體,,984,984,130,854,86,44,44,0,0,100.00%,13.21%,8.74%,4.47%,4.47%,0.00%,0.00%
20260127,13,CBROOT LTD,3352,西瓜卡通-exchange,15970,CF_160x600_影音內容_西瓜卡通-exchange,,,,6,6,0,6,0,0,0,0,0,100.00%,0.00%,0.00%,0.00%,0.00%,0.00%,0.00%
20260127,13,時報資訊股份有限公司,2817,旺得富,16911,CF_300x250_Billboard_2nd_旺得富,,知名媒體,,6,6,0,6,0,0,0,0,0,100.00%,0.00%,0.00%,0.00%,0.00%,0.00%,0.00%
20260127,13,朱光宁,3360,提莫書屋-exchange,16957,MW_336x280banner_提莫書屋_exchange,,,,"17,579","17,579",32,"17,547",18,14,14,0,0,100.00%,0.18%,0.10%,0.08%,0.08%,0.00%,0.00%
20260127,13,朱光宁,3361,提莫書屋-mobile,16959,MW_320x480_文中創意_提莫書屋-mobile,,,,68,68,0,68,0,0,0,0,0,100.00%,0.00%,0.00%,0.00%,0.00%,0.00%,0.00%
20260127,13,欣發現股份有限公司,3365,Hami任務牆-mobile,16969,MW_置底創意_Hami任務牆,,知名媒體,,44,44,0,44,0,0,0,0,0,100.00%,0.00%,0.00%,0.00%,0.00%,0.00%,0.00%
20260127,13,欣發現股份有限公司,3364,女子學-mobile,16972,MW_置底創意_女子學,antifroud,,,108,108,0,108,0,0,0,0,0,100.00%,0.00%,0.00%,0.00%,0.00%,0.00%,0.00%
20260127,13,欣發現股份有限公司,3363,大人物-mobile,16973,MW_置底創意_大人物,,知名媒體,,37,37,0,37,0,0,0,0,0,100.00%,0.00%,0.00%,0.00%,0.00%,0.00%,0.00%
20260127,13,第一網站股份有限公司,2783,漫畫櫃manhuagui,17027,MW_320x480_蓋版_漫畫櫃manhuagui,,,,134,134,0,134,0,0,0,0,0,100.00%,0.00%,0.00%,0.00%,0.00%,0.00%,0.00%
20260127,13,艾得基客行銷顧問股份有限公司,3373,良醫健康網,17092,MW_置底創意_良醫健康網,,知名媒體,,36,36,0,36,0,0,0,0,0,100.00%,0.00%,0.00%,0.00%,0.00%,0.00%,0.00%
20260127,13,詠勝科技有限公司,3385,Mobile01_HB,17179,CF_300x250_熱門大看板_Mobile01_HB,,知名媒體,,281,281,1,280,0,1,1,0,0,100.00%,0.36%,0.00%,0.36%,0.36%,0.00%,0.00%
20260127,13,詠勝科技有限公司,3385,Mobile01_HB,17180,CF_300x250_置底看板左_Mobile01_HB,,知名媒體,,60,60,2,58,2,0,0,0,0,100.00%,3.33%,3.33%,0.00%,0.00%,0.00%,0.00%
20260127,13,詠勝科技有限公司,3385,Mobile01_HB,17181,CF_300x250_置底看板中_Mobile01_HB,,知名媒體,,102,102,0,102,0,0,0,0,0,100.00%,0.00%,0.00%,0.00%,0.00%,0.00%,0.00%
20260127,13,詠勝科技有限公司,3385,Mobile01_HB,17182,CF_300x250_置底看板右_Mobile01_HB,,知名媒體,,12,12,0,12,0,0,0,0,0,100.00%,0.00%,0.00%,0.00%,0.00%,0.00%,0.00%
20260127,13,朱光宁,3268,稷下書院-mobile,17207,MW_320x480_蓋版_稷下書院-mobile,,,,"1,065","1,065",3,"1,062",0,3,3,0,0,100.00%,0.28%,0.00%,0.28%,0.28%,0.00%,0.00%
20260127,13,中華電視股份有限公司,3389,華視-mobile,17230,MW_置底創意(非展開)_華視-mobile,,知名媒體,,24,24,0,24,0,0,0,0,0,100.00%,0.00%,0.00%,0.00%,0.00%,0.00%,0.00%
20260127,13,李立娟,3395,vivi0視頻-exchange,17293,CF_336x280_Banner_vivi01視頻-exchange,antifroud,,,"42,874","42,874",82,"42,792",25,57,57,0,0,100.00%,0.19%,0.06%,0.13%,0.13%,0.00%,0.00%
20260127,13,李立娟,3395,vivi0視頻-exchange,17294,MW_336x280_Banner_vivi01視頻-exchange,antifroud,,,"44,701","44,701",123,"44,578",67,56,56,0,0,100.00%,0.28%,0.15%,0.13%,0.13%,0.00%,0.00%
20260127,13,李立娟,3395,vivi0視頻-exchange,17299,MW_300x250_蓋板(PB)-vivi01視頻-exchange,,,,12,12,0,12,0,0,0,0,0,100.00%,0.00%,0.00%,0.00%,0.00%,0.00%,0.00%
20260127,13,李立娟,3395,vivi0視頻-exchange,17300,MW_320x100_置底(PB)_vivi01視頻-exchange,antifroud,,,"69,426","69,426",158,"69,268",79,79,79,0,0,100.00%,0.23%,0.11%,0.11%,0.11%,0.00%,0.00%
20260127,13,李立娟,3397,趣聞圖說-exchange,17309,MW_336x280_文中Banner_趣聞圖說-exchange,,,,6,6,4,2,2,2,2,0,0,100.00%,66.67%,33.33%,33.33%,33.33%,0.00%,0.00%
20260127,13,曾憲敏,601,85小說網_PC,1773,CF-300x250_85小說網_內文1,,,,305,305,0,305,0,0,0,0,0,100.00%,0.00%,0.00%,0.00%,0.00%,0.00%,0.00%
20260127,13,李立娟,3396,趣聞圖說-Mobile,17923,MW_置底創意(展開)_趣聞圖說-Mobile,,,,86,86,0,86,0,0,0,0,0,100.00%,0.00%,0.00%,0.00%,0.00%,0.00%,0.00%
20260127,13,第一網站股份有限公司,2768,czbooks,17927,MW_置底創意_czbook,,,,"5,493","5,493",16,"5,477",4,12,12,0,0,100.00%,0.29%,0.07%,0.22%,0.22%,0.00%,0.00%
20260127,13,時報資訊股份有限公司_工商時報,3427,工商時報-exchange,18003,CF_300x250_互動看板2_工商時報-exchange,,知名媒體,,8,8,1,7,0,1,1,0,0,100.00%,12.50%,0.00%,12.50%,12.50%,0.00%,0.00%
20260127,13,時報資訊股份有限公司_工商時報,3427,工商時報-exchange,18014,MW_300x250_文末Banner1_工商時報-exchange,,知名媒體,,58,58,0,58,0,0,0,0,0,100.00%,0.00%,0.00%,0.00%,0.00%,0.00%,0.00%
20260127,13,時報資訊股份有限公司_工商時報,3427,工商時報-exchange,18015,MW_300x250_文末Banner2_工商時報-exchange,,知名媒體,,161,161,0,161,0,0,0,0,0,100.00%,0.00%,0.00%,0.00%,0.00%,0.00%,0.00%
20260127,13,第一網站股份有限公司,3440,fsa_passback_first,18201,CF_336x280_fsa_passback_first,,,,976,976,22,954,22,0,0,0,0,100.00%,2.25%,2.25%,0.00%,0.00%,0.00%,0.00%
20260127,13,第一網站股份有限公司,3440,fsa_passback_first,18202,CF_300x250_fsa_passback_first,,,,"4,699","4,699",98,"4,601",43,55,55,0,0,100.00%,2.09%,0.92%,1.17%,1.17%,0.00%,0.00%
20260127,13,第一網站股份有限公司,3440,fsa_passback_first,18266,(子)CF_970x250_cfbanner_blog,,,子聯播網,284,284,0,284,0,0,0,0,0,100.00%,0.00%,0.00%,0.00%,0.00%,0.00%,0.00%
20260127,13,莊博凱,3455,夢遊電玩,18269,300x250 Banner,,,,18,18,0,18,0,0,0,0,0,100.00%,0.00%,0.00%,0.00%,0.00%,0.00%,0.00%
20260127,13,朱光宁,3268,稷下書院-mobile,18297,MW_置底創意(展開)_稷下書院-mobile,,,,138,138,0,138,0,0,0,0,0,100.00%,0.00%,0.00%,0.00%,0.00%,0.00%,0.00%
20260127,13,冰楓科技有限公司,3485,冰楓論壇-exchange,18487,CF_970x90_內文上方第一塊_冰楓論壇-exchange,,,,985,985,11,974,6,5,5,0,0,100.00%,1.12%,0.61%,0.51%,0.51%,0.00%,0.00%
20260127,13,冰楓科技有限公司,3485,冰楓論壇-exchange,18488,MW_320x100_內文上方第一塊_ 冰楓論壇-exchange,antifroud,,,97,97,0,97,0,0,0,0,0,100.00%,0.00%,0.00%,0.00%,0.00%,0.00%,0.00%
20260127,13,冰楓科技有限公司,3485,冰楓論壇-exchange,18492,MW_300x250_Banner_ 冰楓論壇-exchange,,,,462,462,2,460,2,0,0,0,0,100.00%,0.43%,0.43%,0.00%,0.00%,0.00%,0.00%
20260127,13,闇碼科技股份有限公司,3048,縮短網址產生器-reurl,18535,MW_蓋版_縮短網址產生器-reurl,,知名媒體,,18,18,0,18,0,0,0,0,0,100.00%,0.00%,0.00%,0.00%,0.00%,0.00%,0.00%
20260127,13,CBROOT LTD,3492,包子漫畫(特開流量)-exchange,18544,(子)CF_300x600_指定流量_包子漫畫(特開流量)-exchange,,,子聯播網,12,12,0,12,0,0,0,0,0,100.00%,0.00%,0.00%,0.00%,0.00%,0.00%,0.00%
20260127,13,CBROOT LTD,3510,包子漫畫_twmanga-exchange,18737,CF_970x90_Banner_ 包子漫畫_twmanga-exchange,,,,46,46,0,46,0,0,0,0,0,100.00%,0.00%,0.00%,0.00%,0.00%,0.00%,0.00%
20260127,13,闇碼科技股份有限公司,2992,縮短網址產生器-reurl-exchange,18877,MW_首頁連結bar下方_縮短網址產生器-reurl-exchange,,知名媒體,,6,6,0,6,0,0,0,0,0,100.00%,0.00%,0.00%,0.00%,0.00%,0.00%,0.00%
20260127,13,舒禾驊,3535,荷花動漫筆記,18887,CF_336x280_文章頁文中_荷花動漫筆記,,,,6,6,0,6,0,0,0,0,0,100.00%,0.00%,0.00%,0.00%,0.00%,0.00%,0.00%
20260127,13,台灣英文新聞股份有限公司,3537,台灣英文新聞(new)-exchange,18924,CF_300x250_內容頁_右側看版_1_台灣英文新聞(new)-exchange,,知名媒體,,32,32,16,16,10,6,6,0,0,100.00%,50.00%,31.25%,18.75%,18.75%,0.00%,0.00%
20260127,13,台灣英文新聞股份有限公司,3537,台灣英文新聞(new)-exchange,18925,CF_300x600_內容頁_右側看版_2_台灣英文新聞(new)-exchange,,知名媒體,,6,6,0,6,0,0,0,0,0,100.00%,0.00%,0.00%,0.00%,0.00%,0.00%,0.00%
20260127,13,聯合線上股份有限公司,3549,UDN元氣網,19018,CF_首頁文章推薦第三格300x250_UDN元氣網,,知名媒體,,6,6,0,6,0,0,0,0,0,100.00%,0.00%,0.00%,0.00%,0.00%,0.00%,0.00%
20260127,13,艾得基客行銷顧問股份有限公司,3490,太報,19043,MW_置底創意(展開)_太報,,知名媒體,,273,273,1,272,0,1,1,0,0,100.00%,0.37%,0.00%,0.37%,0.37%,0.00%,0.00%
20260127,13,艾得基客行銷顧問股份有限公司,3552,玩具人,19044,MW_320x480_文中創意_玩具人,,知名媒體,,53,53,0,53,0,0,0,0,0,100.00%,0.00%,0.00%,0.00%,0.00%,0.00%,0.00%
20260127,13,先驅媒體社會企業股份有限公司,3554,新頭殼(R18),19047,(子)CF_300x250Banner_newtalk.tw_content_300250_1_新頭殼(R18),,知名媒體,子聯播網,6,6,0,6,0,0,0,0,0,100.00%,0.00%,0.00%,0.00%,0.00%,0.00%,0.00%
20260127,13,第一網站股份有限公司,2783,漫畫櫃manhuagui,20685,MW_300X250_manhuagui,antifroud,,,"6,183","6,183",43,"6,140",21,22,22,0,0,100.00%,0.70%,0.34%,0.36%,0.36%,0.00%,0.00%
20260127,13,德榕企業有限公司,3577,TW Bodhi,20705,(子)CF_336x280_文章頁(RWD)_TW Bodhi,antifroud,,子聯播網,12,12,0,12,0,0,0,0,0,100.00%,0.00%,0.00%,0.00%,0.00%,0.00%,0.00%
20260127,13,德榕企業有限公司,3578,TW Bodhi_mobile,20707,MW_置底創意_TW Bodhi,,,,18,18,0,18,0,0,0,0,0,100.00%,0.00%,0.00%,0.00%,0.00%,0.00%,0.00%
20260127,13,德榕企業有限公司,3578,TW Bodhi_mobile,20708,MW_蓋板_TW Bodhi,,,,232,232,0,232,0,0,0,0,0,100.00%,0.00%,0.00%,0.00%,0.00%,0.00%,0.00%
20260127,13,德榕企業有限公司,3578,TW Bodhi_mobile,20719,MW_文中創意300x250_TW Bodhi,,,,6,6,0,6,0,0,0,0,0,100.00%,0.00%,0.00%,0.00%,0.00%,0.00%,0.00%
20260127,13,德榕企業有限公司,3581,忘憂書屋,20727,CF_336x280文章頁(RWD)_忘憂書屋,,,,54,54,0,54,0,0,0,0,0,100.00%,0.00%,0.00%,0.00%,0.00%,0.00%,0.00%
20260127,13,德榕企業有限公司,3582,忘憂書屋_mobile,20728,MW_文中創意300x250_忘憂書屋,,,,62,62,0,62,0,0,0,0,0,100.00%,0.00%,0.00%,0.00%,0.00%,0.00%,0.00%
20260127,13,德榕企業有限公司,3582,忘憂書屋_mobile,20729,MW_蓋板_忘憂書屋,,,,12,12,0,12,0,0,0,0,0,100.00%,0.00%,0.00%,0.00%,0.00%,0.00%,0.00%
20260127,13,德榕企業有限公司,3582,忘憂書屋_mobile,20730,MW_置底創意_忘憂書屋,,,,32,32,0,32,0,0,0,0,0,100.00%,0.00%,0.00%,0.00%,0.00%,0.00%,0.00%
20260127,13,第一網站股份有限公司,2916,KiKiNote,20731,CF_300x250_banner_kikinote (PB),,知名媒體,,26,26,0,26,0,0,0,0,0,100.00%,0.00%,0.00%,0.00%,0.00%,0.00%,0.00%
20260127,13,第一網站股份有限公司,2910,clickme,20735,(子)CF_300x250_banner_clickme(成人),,,子聯播網,"5,691","5,691",15,"5,676",15,0,0,0,0,100.00%,0.26%,0.26%,0.00%,0.00%,0.00%,0.00%
20260127,13,第一網站股份有限公司,3440,fsa_passback_first,21699,CF_336x280_fsa_passback_first,,,,"1,639","1,639",3,"1,636",0,3,3,0,0,100.00%,0.18%,0.00%,0.18%,0.18%,0.00%,0.00%
20260127,13,富盈數據股份有限公司,3653,TVBS-女人我最大_HB,21760,MW_文章三_336x280_TVBS-女人我最大_HB,,知名媒體,,92,92,0,92,0,0,0,0,0,100.00%,0.00%,0.00%,0.00%,0.00%,0.00%,0.00%
20260127,13,富盈數據股份有限公司,3653,TVBS-女人我最大_HB,21761,MW_文章四_336x280_TVBS-女人我最大_HB,,知名媒體,,"1,007","1,007",0,"1,007",0,0,0,0,0,100.00%,0.00%,0.00%,0.00%,0.00%,0.00%,0.00%
20260127,13,富盈數據股份有限公司,3653,TVBS-女人我最大_HB,21763,MW_文中創意320x480_TVBS-女人我最大_HB,,知名媒體,,569,569,2,567,0,2,2,0,0,100.00%,0.35%,0.00%,0.35%,0.35%,0.00%,0.00%
20260127,13,富盈數據股份有限公司,3654,TVBS-健康2.0_HB,21765,MW_文章三_336x280_TVBS-健康2.0_HB,,知名媒體,,68,68,0,68,0,0,0,0,0,100.00%,0.00%,0.00%,0.00%,0.00%,0.00%,0.00%
20260127,13,富盈數據股份有限公司,3654,TVBS-健康2.0_HB,21768,MW_文中創意320x480_TVBS-健康2.0_HB,,知名媒體,,"7,762","7,762",15,"7,747",4,11,11,0,0,100.00%,0.19%,0.05%,0.14%,0.14%,0.00%,0.00%
20260127,13,富盈數據股份有限公司,3655,TVBS-食尚玩家_HB,21770,MW_文章三_336x280_TVBS-食尚玩家_HB,,知名媒體,,44,44,0,44,0,0,0,0,0,100.00%,0.00%,0.00%,0.00%,0.00%,0.00%,0.00%
20260127,13,富盈數據股份有限公司,3655,TVBS-食尚玩家_HB,21773,MW_文中創意320x480_TVBS-食尚玩家_HB,,知名媒體,,520,520,0,520,0,0,0,0,0,100.00%,0.00%,0.00%,0.00%,0.00%,0.00%,0.00%
20260127,13,富盈數據股份有限公司,3654,TVBS-健康2.0_HB,21812,MW_文章一_336x280_TVBS-健康2.0_HB,,知名媒體,,123,123,0,123,0,0,0,0,0,100.00%,0.00%,0.00%,0.00%,0.00%,0.00%,0.00%
20260127,13,儂儂雜誌社股份有限公司(bella儂儂),2135,Bella儂儂_2024,21876,MW-300x250_文章標題上方1_Bella儂儂,,知名媒體,,162,162,0,162,0,0,0,0,0,100.00%,0.00%,0.00%,0.00%,0.00%,0.00%,0.00%
20260127,13,富盈數據股份有限公司,3680,TVBS-新聞網_HB,21898,CF_文章右側300x600_TVBS-新聞網_HB,,知名媒體,,26,26,0,26,0,0,0,0,0,100.00%,0.00%,0.00%,0.00%,0.00%,0.00%,0.00%
20260127,13,富盈數據股份有限公司,3680,TVBS-新聞網_HB,21899,MW_文章一_336x280_TVBS-新聞網_HB,,知名媒體,,"4,259","4,259",6,"4,253",0,6,6,0,0,100.00%,0.14%,0.00%,0.14%,0.14%,0.00%,0.00%
20260127,13,富盈數據股份有限公司,3680,TVBS-新聞網_HB,21900,MW_文章三_336x280_TVBS-新聞網_HB,,知名媒體,,721,721,0,721,0,0,0,0,0,100.00%,0.00%,0.00%,0.00%,0.00%,0.00%,0.00%
20260127,13,富盈數據股份有限公司,3680,TVBS-新聞網_HB,21902,MW_文章置底_320x100_TVBS-新聞網_HB,,知名媒體,,"3,442","3,442",6,"3,436",0,6,6,0,0,100.00%,0.17%,0.00%,0.17%,0.17%,0.00%,0.00%
20260127,13,富盈數據股份有限公司,3684,稅美人_mobile,21923,MW_置底創意(非展開)_稅美人-mobile,,,,66,66,0,66,0,0,0,0,0,100.00%,0.00%,0.00%,0.00%,0.00%,0.00%,0.00%
20260127,13,富盈數據股份有限公司,3685,玩桌遊_mobile,21924,MW_置底創意(非展開)_玩桌遊-mobile,,,,140,140,0,140,0,0,0,0,0,100.00%,0.00%,0.00%,0.00%,0.00%,0.00%,0.00%
20260127,13,富盈數據股份有限公司,2615,熱血台中,21986,CF_336x280_全網_熱血台中,,,,18,18,0,18,0,0,0,0,0,100.00%,0.00%,0.00%,0.00%,0.00%,0.00%,0.00%
20260127,13,富盈數據股份有限公司,2615,熱血台中,21987,CF_336x280_全網_熱血台中,,,,36,36,0,36,0,0,0,0,0,100.00%,0.00%,0.00%,0.00%,0.00%,0.00%,0.00%
20260127,13,富盈數據股份有限公司,3704,天天要聞,22030,CF_300 x 250 banner_天天要聞_cpc2,,,,842,842,6,836,0,6,6,0,0,100.00%,0.71%,0.00%,0.71%,0.71%,0.00%,0.00%
20260127,13,富盈數據股份有限公司,3703,繁體小說,22031,CF_300 x 250 banner_繁體小說_cpc2,,,,58,58,0,58,0,0,0,0,0,100.00%,0.00%,0.00%,0.00%,0.00%,0.00%,0.00%
20260127,13,朱光宁,3708,石頭小說,22045,CF_336 x 280 banner_石頭小說_cpc1.67,antifroud,,,"66,070","66,070",219,"65,851",141,78,78,0,0,100.00%,0.33%,0.21%,0.12%,0.12%,0.00%,0.00%
20260127,13,冠妍動力科技有限公司,484,小老婆汽機車資訊網,22058,MW_文中創意320x480_小老婆汽機車資訊網-測試,,知名媒體,,6,6,0,6,0,0,0,0,0,100.00%,0.00%,0.00%,0.00%,0.00%,0.00%,0.00%
20260127,13,朱光宁,3718,稷下書院2,22093,CF_336 x 280 banner_稷下書院2_cpc1.67,antifroud,,,"68,467","68,467",317,"68,150",162,155,155,0,0,100.00%,0.46%,0.24%,0.23%,0.23%,0.00%,0.00%
20260127,13,富盈數據股份有限公司,3680,TVBS-新聞網_HB,22131,CF_文中300x250_TVBS-新聞網_HB_1,,知名媒體,,6,6,0,6,0,0,0,0,0,100.00%,0.00%,0.00%,0.00%,0.00%,0.00%,0.00%
20260127,13,富盈數據股份有限公司,3680,TVBS-新聞網_HB,22132,CF_文中300x250_TVBS-新聞網_HB_2,,知名媒體,,30,30,1,29,0,1,1,0,0,100.00%,3.33%,0.00%,3.33%,3.33%,0.00%,0.00%
20260127,13,富盈數據股份有限公司,3680,TVBS-新聞網_HB,22133,CF_文中300x250_TVBS-新聞網_HB_3,,知名媒體,,132,132,4,128,0,4,4,0,0,100.00%,3.03%,0.00%,3.03%,3.03%,0.00%,0.00%
20260127,13,格上汽車租賃股份有限公司,1975,行遍天下,22135,MW_置底創意(非展開)_行遍天下-mobile,,知名媒體,,6,6,6,0,0,6,6,0,0,100.00%,100.00%,0.00%,100.00%,100.00%,0.00%,0.00%
20260127,13,富盈數據股份有限公司,3730,Teepr 亮新聞 HB,22145,MW_336x280_文中創意_Teepr亮新聞 HB,,,,6,6,0,6,0,0,0,0,0,100.00%,0.00%,0.00%,0.00%,0.00%,0.00%,0.00%
20260127,13,冰楓科技有限公司,3485,冰楓論壇-exchange,22160,CF_300x250_Banner2_ 冰楓論壇-exchange,,,,24,24,0,24,0,0,0,0,0,100.00%,0.00%,0.00%,0.00%,0.00%,0.00%,0.00%
20260127,13,闇碼科技股份有限公司,3048,縮短網址產生器-reurl,22213,MW_蓋版_縮短網址產生器-reurl-2025.05(特殊供量),,知名媒體,,247,247,95,152,59,36,36,0,0,100.00%,38.46%,23.89%,14.57%,14.57%,0.00%,0.00%
20260127,13,艾得基客行銷顧問股份有限公司,3724,上報,22217,MW_置底創意(非展開)_上報,,知名媒體,,"2,687","2,687",10,"2,677",0,10,10,0,0,100.00%,0.37%,0.00%,0.37%,0.37%,0.00%,0.00%
20260127,13,艾得基客行銷顧問股份有限公司,3724,上報,22218,MW_置底(展開)_上報,,知名媒體,,"1,019","1,019",2,"1,017",0,2,2,0,0,100.00%,0.20%,0.00%,0.20%,0.20%,0.00%,0.00%
20260127,13,艾得基客行銷顧問股份有限公司,2689,Basketball Top5,22219,MW_置底(展開)_Basketball TOP5,,,,196,196,0,196,0,0,0,0,0,100.00%,0.00%,0.00%,0.00%,0.00%,0.00%,0.00%
20260127,13,欣發現股份有限公司,3363,大人物-mobile,22222,MW_蓋板_大人物,,知名媒體,,49,49,3,46,0,3,3,0,0,100.00%,6.12%,0.00%,6.12%,6.12%,0.00%,0.00%
20260127,13,艾得基客行銷顧問股份有限公司,3738,痞客邦,22226,MW_文章頁-置底-痞客邦,,知名媒體,,6,6,0,6,0,0,0,0,0,100.00%,0.00%,0.00%,0.00%,0.00%,0.00%,0.00%
20260127,13,朱光宁,3741,石頭小說3,22396,MW_置底_石頭小說3,,,,30,30,0,30,0,0,0,0,0,100.00%,0.00%,0.00%,0.00%,0.00%,0.00%,0.00%
20260127,13,朱光宁,3741,石頭小說3,22398,CF_336 x 280 banner_石頭小說3_cpc1.67,,,,"12,288","12,288",10,"12,278",0,10,10,0,0,100.00%,0.08%,0.00%,0.08%,0.08%,0.00%,0.00%
20260127,13,朱光宁,3741,石頭小說3,22399,CF_320 x 480 橫幅_石頭小說3,,,,20,20,0,20,0,0,0,0,0,100.00%,0.00%,0.00%,0.00%,0.00%,0.00%,0.00%
20260127,13,艾得基客行銷顧問股份有限公司,3724,上報,22405,MW_蓋版_上報,,知名媒體,,301,301,0,301,0,0,0,0,0,100.00%,0.00%,0.00%,0.00%,0.00%,0.00%,0.00%
20260127,13,闇碼科技股份有限公司,3068,限時圖片-imgus,22406,MW_置底_imgus,antifroud,,,69,69,0,69,0,0,0,0,0,100.00%,0.00%,0.00%,0.00%,0.00%,0.00%,0.00%
20260127,13,第一網站股份有限公司,2783,漫畫櫃manhuagui,22443,MW_置底_manhuagui,antifroud,,,"4,687","4,687",6,"4,681",0,6,6,0,0,100.00%,0.13%,0.00%,0.13%,0.13%,0.00%,0.00%
20260127,13,艾得基客行銷顧問股份有限公司,3490,太報,22495,MW_300x250 BANNER_太報_CPM5,,知名媒體,子聯播網,12,12,0,12,0,0,0,0,0,100.00%,0.00%,0.00%,0.00%,0.00%,0.00%,0.00%
20260127,13,艾得基客行銷顧問股份有限公司,2689,Basketball Top5,22498,MW_300x250 Banner_Basketball TOP5_CPM5,,,子聯播網,375,375,2,373,0,2,2,0,0,100.00%,0.53%,0.00%,0.53%,0.53%,0.00%,0.00%
20260127,13,艾得基客行銷顧問股份有限公司,2578,鉅亨網,22507,MW_300x250_鉅亨網_直播用BN-1,,知名媒體,子聯播網,805,805,4,801,0,4,4,0,0,100.00%,0.50%,0.00%,0.50%,0.50%,0.00%,0.00%
20260127,13,艾得基客行銷顧問股份有限公司,3752,ＭoneyDJ,22514,MW_文中創意320x480_MoneyDJ,antifroud,知名媒體,,96,96,0,96,0,0,0,0,0,100.00%,0.00%,0.00%,0.00%,0.00%,0.00%,0.00%
20260127,13,艾得基客行銷顧問股份有限公司,3752,ＭoneyDJ,22515,MW_300x250 BANNER_MoneyDJ,antifroud,知名媒體,,6,6,0,6,0,0,0,0,0,100.00%,0.00%,0.00%,0.00%,0.00%,0.00%,0.00%
20260127,13,李承翰-webptt,718,Web批踢踢(RWD),2284,MW-蓋板_文中_Web批踢踢,antifroud,,,26,26,0,26,0,0,0,0,0,100.00%,0.00%,0.00%,0.00%,0.00%,0.00%,0.00%
20260127,13,麥智維,999,動漫戲說,3543,CF-728*90-內文上方-動漫戲說,antifroud,,,136,136,0,136,0,0,0,0,0,100.00%,0.00%,0.00%,0.00%,0.00%,0.00%,0.00%
20260127,13,蔡建磊,1269,跑跑資訊站,4622,CF-300X250-內文右側-跑跑資訊站,,,,6,6,0,6,0,0,0,0,0,100.00%,0.00%,0.00%,0.00%,0.00%,0.00%,0.00%
20260127,13,肖偉彬,1287,紅櫻桃小說書庫,4678,CF-內文上方-300*250-紅櫻桃小說書庫,,,,20,20,0,20,0,0,0,0,0,100.00%,0.00%,0.00%,0.00%,0.00%,0.00%,0.00%
20260127,13,肖偉彬,1287,紅櫻桃小說書庫,4717,MW_文中創意300x250_紅櫻桃小說書庫,,,,6,6,0,6,0,0,0,0,0,100.00%,0.00%,0.00%,0.00%,0.00%,0.00%,0.00%
20260127,13,技達創意資訊有限公司,1299,泰好網,4734,MW-320*100-首頁、內文上方-泰好網,,,,6,6,0,6,0,0,0,0,0,100.00%,0.00%,0.00%,0.00%,0.00%,0.00%,0.00%
20260127,13,侯皓及,1346,3C老實說 · 氣象部落客勞倫斯,4920,MW-300x250-內文中間-3C老實說.氣象部落客勞倫斯,,,,6,6,6,0,2,4,4,0,0,100.00%,100.00%,33.33%,66.67%,66.67%,0.00%,0.00%
20260127,13,陈晋福,1367,電視超人,4997,CF-300X250-電視超人,,,,18,18,0,18,0,0,0,0,0,100.00%,0.00%,0.00%,0.00%,0.00%,0.00%,0.00%
20260127,13,麥智維,999,動漫戲說,6069,CF-300*250-首頁-動漫戲說,,,,30,30,0,30,0,0,0,0,0,100.00%,0.00%,0.00%,0.00%,0.00%,0.00%,0.00%
20260127,13,莊博凱,1676,夢遊電玩-exchange,6310,CF-160*600-網頁右側-夢遊電玩-exchange,,,,12,12,0,12,0,0,0,0,0,100.00%,0.00%,0.00%,0.00%,0.00%,0.00%,0.00%
20260127,13,精鏡傳媒股份有限公司,1060,鏡週刊,8249,MW_置底創意(展開)_鏡週刊,,知名媒體,,6,6,0,6,0,0,0,0,0,100.00%,0.00%,0.00%,0.00%,0.00%,0.00%,0.00%
20260127,13,精鏡傳媒股份有限公司,1060,鏡週刊,8250,MW_置底創意(非展開)_鏡週刊,,知名媒體,,"1,296","1,296",2,"1,294",0,2,2,0,0,100.00%,0.15%,0.00%,0.15%,0.15%,0.00%,0.00%
20260127,13,臺灣電視事業股份有限公司,52,台視,8313,PC-300x250_內文第一塊_台視財經,,知名媒體,,40,40,0,40,0,0,0,0,0,100.00%,0.00%,0.00%,0.00%,0.00%,0.00%,0.00%
20260127,13,布林遊國際有限公司,1692,Bring You,8393,CF-300X250-上方通欄右側_BringYou,,知名媒體,,6,6,0,6,0,0,0,0,0,100.00%,0.00%,0.00%,0.00%,0.00%,0.00%,0.00%
20260127,13,巧克科技新媒體股份有限公司,2127,LINE TV_Banner-exchange,8576,CF_336x280_戲劇-右側好康資訊下方_LINE TV-exchange,,知名媒體,,66,66,0,66,0,0,0,0,0,100.00%,0.00%,0.00%,0.00%,0.00%,0.00%,0.00%
20260127,13,巧克科技新媒體股份有限公司,2127,LINE TV_Banner-exchange,8577,CF_336x280_戲劇-右側好康資訊上方_LINE TV-exchange,,知名媒體,,89,89,0,89,0,0,0,0,0,100.00%,0.00%,0.00%,0.00%,0.00%,0.00%,0.00%
20260127,13,鳳梨傳媒股份有限公司,2190,民視新聞網-Exchange,8862,CF_970X90_分類新聞內頁上方_民視新聞(MCM),,知名媒體,,12,12,2,10,2,0,0,0,0,100.00%,16.67%,16.67%,0.00%,0.00%,0.00%,0.00%
20260127,13,見聞科技有限公司,2251,就是節目表,9233,MW-300x250-節目表文中-就是節目表,,,,12,12,0,12,0,0,0,0,0,100.00%,0.00%,0.00%,0.00%,0.00%,0.00%,0.00%
20260127,13,冰楓科技有限公司,2289,BFFile,9576,CF-300X600-下載頁上方-BFFile,,,,6,6,0,6,0,0,0,0,0,100.00%,0.00%,0.00%,0.00%,0.00%,0.00%,0.00%
20260127,14,英屬維京群島商浩美數位有限公司台灣分公司,2315,Teepr亮新聞-exchange,10012,CF_336x280Banner_Teepr亮新聞-exchange,,知名媒體,,825,825,28,797,11,17,17,0,0,100.00%,3.39%,1.33%,2.06%,2.06%,0.00%,0.00%
20260127,14,第一網站股份有限公司,2300,keketravel,10594,(子)CF_336x280_keketravel,,,子聯播網,8,8,0,8,0,0,0,0,0,100.00%,0.00%,0.00%,0.00%,0.00%,0.00%,0.00%
20260127,14,昱得資訊工作室,2528,數位書香,11080,CF_728x90_首頁上方_數位書香,antifroud,,,134,134,5,129,0,5,5,0,0,100.00%,3.73%,0.00%,3.73%,3.73%,0.00%,0.00%
20260127,14,昱得資訊工作室,2528,數位書香,11081,CF_160x600_首頁右側_數位書香,antifroud,,,"1,082","1,082",8,"1,074",0,8,8,0,0,100.00%,0.74%,0.00%,0.74%,0.74%,0.00%,0.00%
20260127,14,第一網站股份有限公司,2518,麻辣家族討論區(twbts),11082,CF-728X90-twbts,antifroud,,,"1,174","1,174",0,"1,174",0,0,0,0,0,100.00%,0.00%,0.00%,0.00%,0.00%,0.00%,0.00%
20260127,14,第一網站股份有限公司,2540,risu短網址,11260,MW-300X250-MB_page_left-risu,,知名媒體,,18,18,0,18,0,0,0,0,0,100.00%,0.00%,0.00%,0.00%,0.00%,0.00%,0.00%
20260127,14,第一網站股份有限公司,2492,ttshow,11273,MW-300X250-ttshow,,知名媒體,,18,18,0,18,0,0,0,0,0,100.00%,0.00%,0.00%,0.00%,0.00%,0.00%,0.00%
20260127,14,第一網站股份有限公司,2601,Meme梗圖倉庫,11443,CF-336X280-meme,,,,"1,404","1,404",4,"1,400",4,0,0,0,0,100.00%,0.28%,0.28%,0.00%,0.00%,0.00%,0.00%
20260127,14,艾得基客行銷顧問股份有限公司,2578,鉅亨網,12070,MW_320x480_文中創意_鉅亨網,,知名媒體,,"9,808","9,808",31,"9,777",2,29,29,0,0,100.00%,0.32%,0.02%,0.30%,0.30%,0.00%,0.00%
20260127,14,葉志斌,2745,繁中寶可夢卡表生成器-奶爸工作室-exchange,12210,CF_728x90__文末__繁中寶可夢卡表生成器,,,,12,12,0,12,0,0,0,0,0,100.00%,0.00%,0.00%,0.00%,0.00%,0.00%,0.00%
20260127,14,第一網站股份有限公司,2540,risu短網址,12496,CF_300x250_popup(直播) _risu短網址,antifroud,知名媒體,,6,6,0,6,0,0,0,0,0,100.00%,0.00%,0.00%,0.00%,0.00%,0.00%,0.00%
20260127,14,時報資訊股份有限公司,2770,中時電子報_HB,12559,CF_300x250_右側互動看版_中時電子報_HB,,知名媒體,,634,634,21,613,2,19,19,0,0,100.00%,3.31%,0.32%,3.00%,3.00%,0.00%,0.00%
20260127,14,時報資訊股份有限公司,2770,中時電子報_HB,12560,CF_336x280_文中看板_中時電子報_HB,,知名媒體,,609,609,20,589,1,19,19,0,0,100.00%,3.28%,0.16%,3.12%,3.12%,0.00%,0.00%
20260127,14,時報資訊股份有限公司,2770,中時電子報_HB,12561,MW_300x250_內頁TOP Banner_中時電子報_HB,antifroud,知名媒體,,"1,031","1,031",96,935,47,49,49,0,0,100.00%,9.31%,4.56%,4.75%,4.75%,0.00%,0.00%
20260127,14,第一網站股份有限公司,2768,czbooks,12570,CF_728x90_banner_czbooks,,,,"46,407","46,407",129,"46,278",89,40,40,0,0,100.00%,0.28%,0.19%,0.09%,0.09%,0.00%,0.00%
20260127,14,鳳梨傳媒股份有限公司,2190,民視新聞網-Exchange,12579,CF_300x250_右側第一塊_民視新聞網-Exchange(RWD)(MCM),,知名媒體,,"2,309","2,309",45,"2,264",19,26,26,0,0,100.00%,1.95%,0.82%,1.13%,1.13%,0.00%,0.00%
20260127,14,鳳梨傳媒股份有限公司,2190,民視新聞網-Exchange,12580,CF_300x250_內文文中左側_民視新聞網-Exchange(RWD)(MCM),,知名媒體,,"2,131","2,131",49,"2,082",20,29,29,0,0,100.00%,2.30%,0.94%,1.36%,1.36%,0.00%,0.00%
20260127,14,第一網站股份有限公司,2783,漫畫櫃manhuagui,12676,CF_728X90_manhuagui,antifroud,,,"40,420","40,420",120,"40,300",79,41,41,0,0,100.00%,0.30%,0.20%,0.10%,0.10%,0.00%,0.00%
20260127,14,艾得基客行銷顧問股份有限公司,2635,工商時報,12761,MW_320x480_文中創意_工商時報new,,知名媒體,,18,18,0,18,0,0,0,0,0,100.00%,0.00%,0.00%,0.00%,0.00%,0.00%,0.00%
20260127,14,金隼行銷股份有限公司,2786,91譜,12792,MW_置底創意_91譜,,知名媒體,,6,6,0,6,0,0,0,0,0,100.00%,0.00%,0.00%,0.00%,0.00%,0.00%,0.00%
20260127,14,第一網站股份有限公司,2801,damanwoo,12868,CF-300x250_Banner_damanwoo_大人物,,,,32,32,0,32,0,0,0,0,0,100.00%,0.00%,0.00%,0.00%,0.00%,0.00%,0.00%
20260127,14,第一網站股份有限公司,2820,星座好朋友(horofriend88),12966,MW_320x100_horofriend88,antifroud,,,596,596,6,590,4,2,2,0,0,100.00%,1.01%,0.67%,0.34%,0.34%,0.00%,0.00%
20260127,14,時報資訊股份有限公司,2335,中時電子報_2019,12974,MW-置底創意(展開)-中時電子報_2019,antifroud,知名媒體,,6,6,0,6,0,0,0,0,0,100.00%,0.00%,0.00%,0.00%,0.00%,0.00%,0.00%
20260127,14,第一網站股份有限公司,2836,vivi01,13032,MW_置底創意_vivi01 ViVi視頻,,,,30,30,0,30,0,0,0,0,0,100.00%,0.00%,0.00%,0.00%,0.00%,0.00%,0.00%
20260127,14,第一網站股份有限公司,2838,mycard,13041,MW_320x480_加倍mycard,,,,19,19,19,0,0,19,19,0,0,100.00%,100.00%,0.00%,100.00%,100.00%,0.00%,0.00%
20260127,14,和運租車股份有限公司,2878,abc好車網,13368,CF_970x90_物件頁下方_abc好車網,,知名媒體,,12,12,0,12,0,0,0,0,0,100.00%,0.00%,0.00%,0.00%,0.00%,0.00%,0.00%
20260127,14,曾憲敏,202,85小說網,13445,MW_336X280_全量1_85小說網,,,,336,336,0,336,0,0,0,0,0,100.00%,0.00%,0.00%,0.00%,0.00%,0.00%,0.00%
20260127,14,曾憲敏,202,85小說網,13446,MW_336X280_全量2_85小說網,,,,"2,680","2,680",1,"2,679",0,1,1,0,0,100.00%,0.04%,0.00%,0.04%,0.04%,0.00%,0.00%
20260127,14,曾憲敏,601,85小說網_PC,13450,(子)CF_336x280_全量2_85小說網,,,子聯播網,189,189,0,189,0,0,0,0,0,100.00%,0.00%,0.00%,0.00%,0.00%,0.00%,0.00%
20260127,14,第一網站股份有限公司,2768,czbooks,13482,(子)CF_300x600_banner_czbooks(限時段),,,子聯播網,95,95,0,95,0,0,0,0,0,100.00%,0.00%,0.00%,0.00%,0.00%,0.00%,0.00%
20260127,14,第一網站股份有限公司,2768,czbooks,13483,(子)CF_970x250_banner_czbooks(限時段),,,子聯播網,115,115,0,115,0,0,0,0,0,100.00%,0.00%,0.00%,0.00%,0.00%,0.00%,0.00%
20260127,14,第一網站股份有限公司,2910,clickme,13548,(子)CF_300x250_banner_clickme(一般),,,子聯播網,718,718,0,718,0,0,0,0,0,100.00%,0.00%,0.00%,0.00%,0.00%,0.00%,0.00%
20260127,14,第一網站股份有限公司,2910,clickme,13549,CF_300x250_banner_clickme(一般),,,,890,890,0,890,0,0,0,0,0,100.00%,0.00%,0.00%,0.00%,0.00%,0.00%,0.00%
20260127,14,第一網站股份有限公司,2916,KiKiNote,13576,(子)CF_300x250_banner_kikinote,,知名媒體,子聯播網,"2,057","2,057",22,"2,035",12,10,10,0,0,100.00%,1.07%,0.58%,0.49%,0.49%,0.00%,0.00%
20260127,14,闇碼科技股份有限公司,2992,縮短網址產生器-reurl-exchange,13848,CF_300x250_轉址失敗_最右邊_reurl,,知名媒體,,46,46,34,12,0,34,34,0,0,100.00%,73.91%,0.00%,73.91%,73.91%,0.00%,0.00%
20260127,14,闇碼科技股份有限公司,2992,縮短網址產生器-reurl-exchange,13856,CF_300x250_轉址失敗頁第二塊_reurl,,知名媒體,,40,40,28,12,0,28,28,0,0,100.00%,70.00%,0.00%,70.00%,70.00%,0.00%,0.00%
20260127,14,第一網站股份有限公司,2768,czbooks,13903,(子)CF_300x250_banner_czbooks(直播),antifroud,,子聯播網,"1,676","1,676",0,"1,676",0,0,0,0,0,100.00%,0.00%,0.00%,0.00%,0.00%,0.00%,0.00%
20260127,14,第一網站股份有限公司,2768,czbooks,14036,MW_320x480_CZBOOKS,antifroud,,,59,59,0,59,0,0,0,0,0,100.00%,0.00%,0.00%,0.00%,0.00%,0.00%,0.00%
20260127,14,陳人鳳,480,飛格寵物家族_PC,1407,CF-728X90_上方通欄_飛格寵物家族,,,,102,102,11,91,0,11,11,0,0,100.00%,10.78%,0.00%,10.78%,10.78%,0.00%,0.00%
20260127,14,陳人鳳,480,飛格寵物家族_PC,1408,CF-300X250_內文_飛格寵物家族,,,,70,70,17,53,0,17,17,0,0,100.00%,24.29%,0.00%,24.29%,24.29%,0.00%,0.00%
20260127,14,飛凡傳播股份有限公司,1921,非凡新聞台-exchange,14188,MW_300x250_內文上方_非凡新聞-exchange,antifroud,知名媒體,,7,7,7,0,5,2,2,0,0,100.00%,100.00%,71.43%,28.57%,28.57%,0.00%,0.00%
20260127,14,闇碼科技股份有限公司,3048,縮短網址產生器-reurl,14209,MW_置底創意_縮短網址產生器-reurl,,知名媒體,,6,6,0,6,0,0,0,0,0,100.00%,0.00%,0.00%,0.00%,0.00%,0.00%,0.00%
20260127,14,闇碼科技股份有限公司,3048,縮短網址產生器-reurl,14210,MW_文中創意300x250_縮短網址產生器-reurl,,知名媒體,,786,786,678,108,606,72,72,0,0,100.00%,86.26%,77.10%,9.16%,9.16%,0.00%,0.00%
20260127,14,巨思文化股份有限公司,3053,數位時代_HB,14242,CF_300x250_內文下方左側_數位時代-HB,,知名媒體,,9,9,3,6,1,2,2,0,0,100.00%,33.33%,11.11%,22.22%,22.22%,0.00%,0.00%
20260127,14,巨思文化股份有限公司,3053,數位時代_HB,14243,CF_300x250_內文下方右側_數位時代-HB,,知名媒體,,7,7,3,4,1,2,2,0,0,100.00%,42.86%,14.29%,28.57%,28.57%,0.00%,0.00%
20260127,14,巨思文化股份有限公司,3053,數位時代_HB,14246,MW_300x250_文章結束第一塊_數位時代-HB,,知名媒體,,6,6,0,6,0,0,0,0,0,100.00%,0.00%,0.00%,0.00%,0.00%,0.00%,0.00%
20260127,14,富盈數據股份有限公司,3059,塔科女子,14258,CF_336x280_全網_塔科女子,,知名媒體,,24,24,0,24,0,0,0,0,0,100.00%,0.00%,0.00%,0.00%,0.00%,0.00%,0.00%
20260127,14,CBROOT LTD,3003,包子漫畫-exchange,14291,MW_300x250_蓋板(PB)_包子漫畫,,,,451,451,2,449,0,2,2,0,0,100.00%,0.44%,0.00%,0.44%,0.44%,0.00%,0.00%
20260127,14,朱光宁,3152,石頭小說-exchange,14472,MW_336x280_Banner_石頭小說,,,,"1,753","1,753",1,"1,752",0,1,1,0,0,100.00%,0.06%,0.00%,0.06%,0.06%,0.00%,0.00%
20260127,14,朱光宁,3149,稷下書院-exchange,14748,MW_320x100_置底(PB)_稷下書院,,,,"24,530","24,530",188,"24,342",54,134,134,0,0,100.00%,0.77%,0.22%,0.55%,0.55%,0.00%,0.00%
20260127,14,巨思文化股份有限公司,3053,數位時代_HB,14764,MW_置底創意_(非展開)_數位時代_HB,,知名媒體,,218,218,6,212,0,6,6,0,0,100.00%,2.75%,0.00%,2.75%,2.75%,0.00%,0.00%
20260127,14,中天電視股份有限公司,3282,中天新聞網-exchange,14980,CF_970x250_內頁_PC置頂橫幅-中天新聞網-exchange,,知名媒體,,126,126,46,80,26,20,20,0,0,100.00%,36.51%,20.63%,15.87%,15.87%,0.00%,0.00%
20260127,14,曾憲敏,3327,85小說網_創意,15227,MW-300X250_85小說網_隨身影音PB,,,,18,18,0,18,0,0,0,0,0,100.00%,0.00%,0.00%,0.00%,0.00%,0.00%,0.00%
20260127,14,曾憲敏,3327,85小說網_創意,15228,MW-創意-85小說網,,,,90,90,0,90,0,0,0,0,0,100.00%,0.00%,0.00%,0.00%,0.00%,0.00%,0.00%
20260127,14,中天電視股份有限公司,3282,中天新聞網-exchange,15859,CF_336x280_內頁_PC右側互動看板B-中天新聞網-exchange,,知名媒體,,602,602,94,508,58,36,36,0,0,100.00%,15.61%,9.63%,5.98%,5.98%,0.00%,0.00%
20260127,14,布林遊國際有限公司,2620,Bring You-exchange,15951,CF_300x600_右側通欄_BringYou-exchange,,知名媒體,,12,12,0,12,0,0,0,0,0,100.00%,0.00%,0.00%,0.00%,0.00%,0.00%,0.00%
20260127,14,CBROOT LTD,3352,西瓜卡通-exchange,15970,CF_160x600_影音內容_西瓜卡通-exchange,,,,6,6,0,6,0,0,0,0,0,100.00%,0.00%,0.00%,0.00%,0.00%,0.00%,0.00%
20260127,14,葉志斌,2745,繁中寶可夢卡表生成器-奶爸工作室-exchange,16950,CF_160x600_Banner_繁中寶可夢卡表生成器-奶爸工作室-exchange,,,,6,6,0,6,0,0,0,0,0,100.00%,0.00%,0.00%,0.00%,0.00%,0.00%,0.00%
20260127,14,朱光宁,3360,提莫書屋-exchange,16957,MW_336x280banner_提莫書屋_exchange,,,,"17,342","17,342",89,"17,253",22,67,67,0,0,100.00%,0.51%,0.13%,0.39%,0.39%,0.00%,0.00%
20260127,14,朱光宁,3361,提莫書屋-mobile,16959,MW_320x480_文中創意_提莫書屋-mobile,,,,32,32,0,32,0,0,0,0,0,100.00%,0.00%,0.00%,0.00%,0.00%,0.00%,0.00%
20260127,14,欣發現股份有限公司,3365,Hami任務牆-mobile,16969,MW_置底創意_Hami任務牆,,知名媒體,,18,18,0,18,0,0,0,0,0,100.00%,0.00%,0.00%,0.00%,0.00%,0.00%,0.00%
20260127,14,欣發現股份有限公司,3364,女子學-mobile,16972,MW_置底創意_女子學,antifroud,,,152,152,1,151,0,1,1,0,0,100.00%,0.66%,0.00%,0.66%,0.66%,0.00%,0.00%
20260127,14,欣發現股份有限公司,3363,大人物-mobile,16973,MW_置底創意_大人物,,知名媒體,,6,6,1,5,0,1,1,0,0,100.00%,16.67%,0.00%,16.67%,16.67%,0.00%,0.00%
20260127,14,第一網站股份有限公司,2783,漫畫櫃manhuagui,17027,MW_320x480_蓋版_漫畫櫃manhuagui,,,,107,107,0,107,0,0,0,0,0,100.00%,0.00%,0.00%,0.00%,0.00%,0.00%,0.00%
20260127,14,艾得基客行銷顧問股份有限公司,3373,良醫健康網,17092,MW_置底創意_良醫健康網,,知名媒體,,56,56,0,56,0,0,0,0,0,100.00%,0.00%,0.00%,0.00%,0.00%,0.00%,0.00%
20260127,14,詠勝科技有限公司,3385,Mobile01_HB,17179,CF_300x250_熱門大看板_Mobile01_HB,,知名媒體,,180,180,0,180,0,0,0,0,0,100.00%,0.00%,0.00%,0.00%,0.00%,0.00%,0.00%
20260127,14,詠勝科技有限公司,3385,Mobile01_HB,17180,CF_300x250_置底看板左_Mobile01_HB,,知名媒體,,37,37,0,37,0,0,0,0,0,100.00%,0.00%,0.00%,0.00%,0.00%,0.00%,0.00%
20260127,14,詠勝科技有限公司,3385,Mobile01_HB,17181,CF_300x250_置底看板中_Mobile01_HB,,知名媒體,,45,45,0,45,0,0,0,0,0,100.00%,0.00%,0.00%,0.00%,0.00%,0.00%,0.00%
20260127,14,詠勝科技有限公司,3385,Mobile01_HB,17182,CF_300x250_置底看板右_Mobile01_HB,,知名媒體,,16,16,0,16,0,0,0,0,0,100.00%,0.00%,0.00%,0.00%,0.00%,0.00%,0.00%
20260127,14,朱光宁,3268,稷下書院-mobile,17207,MW_320x480_蓋版_稷下書院-mobile,,,,693,693,6,687,3,3,3,0,0,100.00%,0.87%,0.43%,0.43%,0.43%,0.00%,0.00%
20260127,14,李立娟,3395,vivi0視頻-exchange,17293,CF_336x280_Banner_vivi01視頻-exchange,antifroud,,,"45,435","45,435",93,"45,342",24,69,69,0,0,100.00%,0.20%,0.05%,0.15%,0.15%,0.00%,0.00%
20260127,14,李立娟,3395,vivi0視頻-exchange,17294,MW_336x280_Banner_vivi01視頻-exchange,antifroud,,,"45,634","45,608",138,"45,470",62,76,76,0,0,99.94%,0.30%,0.14%,0.17%,0.17%,0.00%,0.00%
20260127,14,李立娟,3395,vivi0視頻-exchange,17299,MW_300x250_蓋板(PB)-vivi01視頻-exchange,,,,12,12,0,12,0,0,0,0,0,100.00%,0.00%,0.00%,0.00%,0.00%,0.00%,0.00%
20260127,14,李立娟,3395,vivi0視頻-exchange,17300,MW_320x100_置底(PB)_vivi01視頻-exchange,antifroud,,,"75,219","75,219",113,"75,106",14,99,99,0,0,100.00%,0.15%,0.02%,0.13%,0.13%,0.00%,0.00%
20260127,14,李立娟,3397,趣聞圖說-exchange,17309,MW_336x280_文中Banner_趣聞圖說-exchange,,,,350,350,83,267,10,73,73,0,0,100.00%,23.71%,2.86%,20.86%,20.86%,0.00%,0.00%
20260127,14,曾憲敏,601,85小說網_PC,1773,CF-300x250_85小說網_內文1,,,,268,268,2,266,2,0,0,0,0,100.00%,0.75%,0.75%,0.00%,0.00%,0.00%,0.00%
20260127,14,李立娟,3396,趣聞圖說-Mobile,17923,MW_置底創意(展開)_趣聞圖說-Mobile,,,,36,36,0,36,0,0,0,0,0,100.00%,0.00%,0.00%,0.00%,0.00%,0.00%,0.00%
20260127,14,第一網站股份有限公司,2768,czbooks,17927,MW_置底創意_czbook,,,,"4,538","4,538",9,"4,529",0,9,9,0,0,100.00%,0.20%,0.00%,0.20%,0.20%,0.00%,0.00%
20260127,14,時報資訊股份有限公司_工商時報,3427,工商時報-exchange,18007,CF_336x280_文末右側看板_工商時報-exchange,,知名媒體,,6,6,0,6,0,0,0,0,0,100.00%,0.00%,0.00%,0.00%,0.00%,0.00%,0.00%
20260127,14,時報資訊股份有限公司_工商時報,3427,工商時報-exchange,18014,MW_300x250_文末Banner1_工商時報-exchange,,知名媒體,,76,76,0,76,0,0,0,0,0,100.00%,0.00%,0.00%,0.00%,0.00%,0.00%,0.00%
20260127,14,時報資訊股份有限公司_工商時報,3427,工商時報-exchange,18015,MW_300x250_文末Banner2_工商時報-exchange,,知名媒體,,92,92,0,92,0,0,0,0,0,100.00%,0.00%,0.00%,0.00%,0.00%,0.00%,0.00%
20260127,14,第一網站股份有限公司,3440,fsa_passback_first,18201,CF_336x280_fsa_passback_first,,,,"1,411","1,411",74,"1,337",40,34,34,0,0,100.00%,5.24%,2.83%,2.41%,2.41%,0.00%,0.00%
20260127,14,第一網站股份有限公司,3440,fsa_passback_first,18202,CF_300x250_fsa_passback_first,,,,"3,438","3,438",49,"3,389",14,35,35,0,0,100.00%,1.43%,0.41%,1.02%,1.02%,0.00%,0.00%
20260127,14,第一網站股份有限公司,3440,fsa_passback_first,18266,(子)CF_970x250_cfbanner_blog,,,子聯播網,462,462,0,462,0,0,0,0,0,100.00%,0.00%,0.00%,0.00%,0.00%,0.00%,0.00%
20260127,14,朱光宁,3268,稷下書院-mobile,18297,MW_置底創意(展開)_稷下書院-mobile,,,,144,144,0,144,0,0,0,0,0,100.00%,0.00%,0.00%,0.00%,0.00%,0.00%,0.00%
20260127,14,冰楓科技有限公司,3485,冰楓論壇-exchange,18487,CF_970x90_內文上方第一塊_冰楓論壇-exchange,,,,"1,020","1,020",11,"1,009",6,5,5,0,0,100.00%,1.08%,0.59%,0.49%,0.49%,0.00%,0.00%
20260127,14,冰楓科技有限公司,3485,冰楓論壇-exchange,18488,MW_320x100_內文上方第一塊_ 冰楓論壇-exchange,antifroud,,,71,71,0,71,0,0,0,0,0,100.00%,0.00%,0.00%,0.00%,0.00%,0.00%,0.00%
20260127,14,冰楓科技有限公司,3485,冰楓論壇-exchange,18492,MW_300x250_Banner_ 冰楓論壇-exchange,,,,429,429,0,429,0,0,0,0,0,100.00%,0.00%,0.00%,0.00%,0.00%,0.00%,0.00%
20260127,14,闇碼科技股份有限公司,3048,縮短網址產生器-reurl,18535,MW_蓋版_縮短網址產生器-reurl,,知名媒體,,14,14,0,14,0,0,0,0,0,100.00%,0.00%,0.00%,0.00%,0.00%,0.00%,0.00%
20260127,14,CBROOT LTD,3510,包子漫畫_twmanga-exchange,18737,CF_970x90_Banner_ 包子漫畫_twmanga-exchange,,,,102,102,0,102,0,0,0,0,0,100.00%,0.00%,0.00%,0.00%,0.00%,0.00%,0.00%
20260127,14,台灣英文新聞股份有限公司,3537,台灣英文新聞(new)-exchange,18924,CF_300x250_內容頁_右側看版_1_台灣英文新聞(new)-exchange,,知名媒體,,42,42,4,38,2,2,2,0,0,100.00%,9.52%,4.76%,4.76%,4.76%,0.00%,0.00%
20260127,14,聯合線上股份有限公司,3549,UDN元氣網,19018,CF_首頁文章推薦第三格300x250_UDN元氣網,,知名媒體,,6,6,0,6,0,0,0,0,0,100.00%,0.00%,0.00%,0.00%,0.00%,0.00%,0.00%
20260127,14,艾得基客行銷顧問股份有限公司,3490,太報,19043,MW_置底創意(展開)_太報,,知名媒體,,249,249,0,249,0,0,0,0,0,100.00%,0.00%,0.00%,0.00%,0.00%,0.00%,0.00%
20260127,14,艾得基客行銷顧問股份有限公司,3552,玩具人,19044,MW_320x480_文中創意_玩具人,,知名媒體,,42,42,0,42,0,0,0,0,0,100.00%,0.00%,0.00%,0.00%,0.00%,0.00%,0.00%
20260127,14,第一網站股份有限公司,2783,漫畫櫃manhuagui,20685,MW_300X250_manhuagui,antifroud,,,"5,194","5,194",31,"5,163",16,15,15,0,0,100.00%,0.60%,0.31%,0.29%,0.29%,0.00%,0.00%
20260127,14,德榕企業有限公司,3577,TW Bodhi,20705,(子)CF_336x280_文章頁(RWD)_TW Bodhi,antifroud,,子聯播網,12,12,0,12,0,0,0,0,0,100.00%,0.00%,0.00%,0.00%,0.00%,0.00%,0.00%
20260127,14,德榕企業有限公司,3578,TW Bodhi_mobile,20708,MW_蓋板_TW Bodhi,,,,243,243,4,239,0,4,4,0,0,100.00%,1.65%,0.00%,1.65%,1.65%,0.00%,0.00%
20260127,14,德榕企業有限公司,3581,忘憂書屋,20727,CF_336x280文章頁(RWD)_忘憂書屋,,,,134,134,0,134,0,0,0,0,0,100.00%,0.00%,0.00%,0.00%,0.00%,0.00%,0.00%
20260127,14,德榕企業有限公司,3582,忘憂書屋_mobile,20728,MW_文中創意300x250_忘憂書屋,,,,70,70,0,70,0,0,0,0,0,100.00%,0.00%,0.00%,0.00%,0.00%,0.00%,0.00%
20260127,14,德榕企業有限公司,3582,忘憂書屋_mobile,20729,MW_蓋板_忘憂書屋,,,,14,14,0,14,0,0,0,0,0,100.00%,0.00%,0.00%,0.00%,0.00%,0.00%,0.00%
20260127,14,第一網站股份有限公司,2916,KiKiNote,20731,CF_300x250_banner_kikinote (PB),,知名媒體,,20,20,0,20,0,0,0,0,0,100.00%,0.00%,0.00%,0.00%,0.00%,0.00%,0.00%
20260127,14,第一網站股份有限公司,2910,clickme,20735,(子)CF_300x250_banner_clickme(成人),,,子聯播網,"5,937","5,931",34,"5,897",24,10,10,0,0,99.90%,0.57%,0.40%,0.17%,0.17%,0.00%,0.00%
20260127,14,第一網站股份有限公司,3440,fsa_passback_first,21699,CF_336x280_fsa_passback_first,,,,"4,644","4,644",126,"4,518",31,95,95,0,0,100.00%,2.71%,0.67%,2.05%,2.05%,0.00%,0.00%
20260127,14,朱光宁,3269,石頭小說-mobile,21741,MW_320x480_蓋版_石頭小說-mobile,antifroud,,,6,6,0,6,0,0,0,0,0,100.00%,0.00%,0.00%,0.00%,0.00%,0.00%,0.00%
20260127,14,富盈數據股份有限公司,3653,TVBS-女人我最大_HB,21760,MW_文章三_336x280_TVBS-女人我最大_HB,,知名媒體,,6,6,0,6,0,0,0,0,0,100.00%,0.00%,0.00%,0.00%,0.00%,0.00%,0.00%
20260127,14,富盈數據股份有限公司,3653,TVBS-女人我最大_HB,21761,MW_文章四_336x280_TVBS-女人我最大_HB,,知名媒體,,556,556,2,554,0,2,2,0,0,100.00%,0.36%,0.00%,0.36%,0.36%,0.00%,0.00%
20260127,14,富盈數據股份有限公司,3653,TVBS-女人我最大_HB,21763,MW_文中創意320x480_TVBS-女人我最大_HB,,知名媒體,,295,295,0,295,0,0,0,0,0,100.00%,0.00%,0.00%,0.00%,0.00%,0.00%,0.00%
20260127,14,富盈數據股份有限公司,3654,TVBS-健康2.0_HB,21765,MW_文章三_336x280_TVBS-健康2.0_HB,,知名媒體,,7,7,0,7,0,0,0,0,0,100.00%,0.00%,0.00%,0.00%,0.00%,0.00%,0.00%
20260127,14,富盈數據股份有限公司,3654,TVBS-健康2.0_HB,21768,MW_文中創意320x480_TVBS-健康2.0_HB,,知名媒體,,"4,592","4,592",6,"4,586",0,6,6,0,0,100.00%,0.13%,0.00%,0.13%,0.13%,0.00%,0.00%
20260127,14,富盈數據股份有限公司,3655,TVBS-食尚玩家_HB,21773,MW_文中創意320x480_TVBS-食尚玩家_HB,,知名媒體,,210,210,0,210,0,0,0,0,0,100.00%,0.00%,0.00%,0.00%,0.00%,0.00%,0.00%
20260127,14,富盈數據股份有限公司,3654,TVBS-健康2.0_HB,21812,MW_文章一_336x280_TVBS-健康2.0_HB,,知名媒體,,65,65,0,65,0,0,0,0,0,100.00%,0.00%,0.00%,0.00%,0.00%,0.00%,0.00%
20260127,14,儂儂雜誌社股份有限公司(bella儂儂),2135,Bella儂儂_2024,21876,MW-300x250_文章標題上方1_Bella儂儂,,知名媒體,,98,98,0,98,0,0,0,0,0,100.00%,0.00%,0.00%,0.00%,0.00%,0.00%,0.00%
20260127,14,富盈數據股份有限公司,3680,TVBS-新聞網_HB,21898,CF_文章右側300x600_TVBS-新聞網_HB,,知名媒體,,12,12,0,12,0,0,0,0,0,100.00%,0.00%,0.00%,0.00%,0.00%,0.00%,0.00%
20260127,14,富盈數據股份有限公司,3680,TVBS-新聞網_HB,21899,MW_文章一_336x280_TVBS-新聞網_HB,,知名媒體,,"2,293","2,293",8,"2,285",2,6,6,0,0,100.00%,0.35%,0.09%,0.26%,0.26%,0.00%,0.00%
20260127,14,富盈數據股份有限公司,3680,TVBS-新聞網_HB,21900,MW_文章三_336x280_TVBS-新聞網_HB,,知名媒體,,339,339,2,337,0,2,2,0,0,100.00%,0.59%,0.00%,0.59%,0.59%,0.00%,0.00%
20260127,14,富盈數據股份有限公司,3680,TVBS-新聞網_HB,21902,MW_文章置底_320x100_TVBS-新聞網_HB,,知名媒體,,"2,592","2,592",22,"2,570",2,20,20,0,0,100.00%,0.85%,0.08%,0.77%,0.77%,0.00%,0.00%
20260127,14,富盈數據股份有限公司,3684,稅美人_mobile,21923,MW_置底創意(非展開)_稅美人-mobile,,,,427,427,2,425,0,2,2,0,0,100.00%,0.47%,0.00%,0.47%,0.47%,0.00%,0.00%
20260127,14,富盈數據股份有限公司,3685,玩桌遊_mobile,21924,MW_置底創意(非展開)_玩桌遊-mobile,,,,164,164,0,164,0,0,0,0,0,100.00%,0.00%,0.00%,0.00%,0.00%,0.00%,0.00%
20260127,14,富盈數據股份有限公司,2615,熱血台中,21986,CF_336x280_全網_熱血台中,,,,18,18,0,18,0,0,0,0,0,100.00%,0.00%,0.00%,0.00%,0.00%,0.00%,0.00%
20260127,14,富盈數據股份有限公司,2615,熱血台中,21987,CF_336x280_全網_熱血台中,,,,44,44,0,44,0,0,0,0,0,100.00%,0.00%,0.00%,0.00%,0.00%,0.00%,0.00%
20260127,14,富盈數據股份有限公司,3704,天天要聞,22030,CF_300 x 250 banner_天天要聞_cpc2,,,,731,731,2,729,0,2,2,0,0,100.00%,0.27%,0.00%,0.27%,0.27%,0.00%,0.00%
20260127,14,富盈數據股份有限公司,3703,繁體小說,22031,CF_300 x 250 banner_繁體小說_cpc2,,,,14,14,0,14,0,0,0,0,0,100.00%,0.00%,0.00%,0.00%,0.00%,0.00%,0.00%
20260127,14,朱光宁,3708,石頭小說,22045,CF_336 x 280 banner_石頭小說_cpc1.67,antifroud,,,"51,401","51,401",194,"51,207",36,158,158,0,0,100.00%,0.38%,0.07%,0.31%,0.31%,0.00%,0.00%
20260127,14,冠妍動力科技有限公司,484,小老婆汽機車資訊網,22058,MW_文中創意320x480_小老婆汽機車資訊網-測試,,知名媒體,,6,6,0,6,0,0,0,0,0,100.00%,0.00%,0.00%,0.00%,0.00%,0.00%,0.00%
20260127,14,朱光宁,3718,稷下書院2,22093,CF_336 x 280 banner_稷下書院2_cpc1.67,antifroud,,,"48,740","48,740",146,"48,594",116,30,30,0,0,100.00%,0.30%,0.24%,0.06%,0.06%,0.00%,0.00%
20260127,14,富盈數據股份有限公司,3680,TVBS-新聞網_HB,22131,CF_文中300x250_TVBS-新聞網_HB_1,,知名媒體,,26,26,0,26,0,0,0,0,0,100.00%,0.00%,0.00%,0.00%,0.00%,0.00%,0.00%
20260127,14,富盈數據股份有限公司,3680,TVBS-新聞網_HB,22132,CF_文中300x250_TVBS-新聞網_HB_2,,知名媒體,,42,42,0,42,0,0,0,0,0,100.00%,0.00%,0.00%,0.00%,0.00%,0.00%,0.00%
20260127,14,富盈數據股份有限公司,3680,TVBS-新聞網_HB,22133,CF_文中300x250_TVBS-新聞網_HB_3,,知名媒體,,126,126,2,124,0,2,2,0,0,100.00%,1.59%,0.00%,1.59%,1.59%,0.00%,0.00%
20260127,14,闇碼科技股份有限公司,3048,縮短網址產生器-reurl,22213,MW_蓋版_縮短網址產生器-reurl-2025.05(特殊供量),,知名媒體,,788,788,686,102,613,73,73,0,0,100.00%,87.06%,77.79%,9.26%,9.26%,0.00%,0.00%
20260127,14,艾得基客行銷顧問股份有限公司,3724,上報,22217,MW_置底創意(非展開)_上報,,知名媒體,,"1,968","1,968",8,"1,960",0,8,8,0,0,100.00%,0.41%,0.00%,0.41%,0.41%,0.00%,0.00%
20260127,14,艾得基客行銷顧問股份有限公司,3724,上報,22218,MW_置底(展開)_上報,,知名媒體,,"1,089","1,089",12,"1,077",0,12,12,0,0,100.00%,1.10%,0.00%,1.10%,1.10%,0.00%,0.00%
20260127,14,艾得基客行銷顧問股份有限公司,2689,Basketball Top5,22219,MW_置底(展開)_Basketball TOP5,,,,86,86,0,86,0,0,0,0,0,100.00%,0.00%,0.00%,0.00%,0.00%,0.00%,0.00%
20260127,14,欣發現股份有限公司,3363,大人物-mobile,22222,MW_蓋板_大人物,,知名媒體,,38,38,1,37,0,1,1,0,0,100.00%,2.63%,0.00%,2.63%,2.63%,0.00%,0.00%
20260127,14,艾得基客行銷顧問股份有限公司,3738,痞客邦,22226,MW_文章頁-置底-痞客邦,,知名媒體,,12,12,1,11,0,1,1,0,0,100.00%,8.33%,0.00%,8.33%,8.33%,0.00%,0.00%
20260127,14,朱光宁,3741,石頭小說3,22396,MW_置底_石頭小說3,,,,24,24,0,24,0,0,0,0,0,100.00%,0.00%,0.00%,0.00%,0.00%,0.00%,0.00%
20260127,14,朱光宁,3741,石頭小說3,22398,CF_336 x 280 banner_石頭小說3_cpc1.67,,,,"10,360","10,360",2,"10,358",0,2,2,0,0,100.00%,0.02%,0.00%,0.02%,0.02%,0.00%,0.00%
20260127,14,朱光宁,3741,石頭小說3,22399,CF_320 x 480 橫幅_石頭小說3,,,,20,20,0,20,0,0,0,0,0,100.00%,0.00%,0.00%,0.00%,0.00%,0.00%,0.00%
20260127,14,艾得基客行銷顧問股份有限公司,3724,上報,22405,MW_蓋版_上報,,知名媒體,,219,219,2,217,0,2,2,0,0,100.00%,0.91%,0.00%,0.91%,0.91%,0.00%,0.00%
20260127,14,闇碼科技股份有限公司,3068,限時圖片-imgus,22406,MW_置底_imgus,antifroud,,,159,159,0,159,0,0,0,0,0,100.00%,0.00%,0.00%,0.00%,0.00%,0.00%,0.00%
20260127,14,第一網站股份有限公司,2783,漫畫櫃manhuagui,22443,MW_置底_manhuagui,antifroud,,,"4,257","4,257",7,"4,250",0,7,7,0,0,100.00%,0.16%,0.00%,0.16%,0.16%,0.00%,0.00%
20260127,14,艾得基客行銷顧問股份有限公司,3490,太報,22495,MW_300x250 BANNER_太報_CPM5,,知名媒體,子聯播網,6,6,0,6,0,0,0,0,0,100.00%,0.00%,0.00%,0.00%,0.00%,0.00%,0.00%
20260127,14,艾得基客行銷顧問股份有限公司,2689,Basketball Top5,22498,MW_300x250 Banner_Basketball TOP5_CPM5,,,子聯播網,290,290,0,290,0,0,0,0,0,100.00%,0.00%,0.00%,0.00%,0.00%,0.00%,0.00%
20260127,14,艾得基客行銷顧問股份有限公司,2578,鉅亨網,22507,MW_300x250_鉅亨網_直播用BN-1,,知名媒體,子聯播網,782,782,5,777,4,1,1,0,0,100.00%,0.64%,0.51%,0.13%,0.13%,0.00%,0.00%
20260127,14,艾得基客行銷顧問股份有限公司,3752,ＭoneyDJ,22514,MW_文中創意320x480_MoneyDJ,antifroud,知名媒體,,46,46,0,46,0,0,0,0,0,100.00%,0.00%,0.00%,0.00%,0.00%,0.00%,0.00%
20260127,14,李承翰-webptt,718,Web批踢踢(RWD),2284,MW-蓋板_文中_Web批踢踢,antifroud,,,50,50,0,50,0,0,0,0,0,100.00%,0.00%,0.00%,0.00%,0.00%,0.00%,0.00%
20260127,14,麥智維,999,動漫戲說,3543,CF-728*90-內文上方-動漫戲說,antifroud,,,153,153,0,153,0,0,0,0,0,100.00%,0.00%,0.00%,0.00%,0.00%,0.00%,0.00%
20260127,14,蔡建磊,1269,跑跑資訊站,4622,CF-300X250-內文右側-跑跑資訊站,,,,6,6,0,6,0,0,0,0,0,100.00%,0.00%,0.00%,0.00%,0.00%,0.00%,0.00%
20260127,14,肖偉彬,1287,紅櫻桃小說書庫,4678,CF-內文上方-300*250-紅櫻桃小說書庫,,,,40,40,0,40,0,0,0,0,0,100.00%,0.00%,0.00%,0.00%,0.00%,0.00%,0.00%
20260127,14,肖偉彬,1286,龍騰世紀書庫,4716,CF-內文中間-300*250-龍騰世紀書庫,,,,6,6,0,6,0,0,0,0,0,100.00%,0.00%,0.00%,0.00%,0.00%,0.00%,0.00%
20260127,14,肖偉彬,1287,紅櫻桃小說書庫,4717,MW_文中創意300x250_紅櫻桃小說書庫,,,,6,6,0,6,0,0,0,0,0,100.00%,0.00%,0.00%,0.00%,0.00%,0.00%,0.00%
20260127,14,技達創意資訊有限公司,1299,泰好網,4733,CF-300*250-內文下方-泰好網,,,,24,24,0,24,0,0,0,0,0,100.00%,0.00%,0.00%,0.00%,0.00%,0.00%,0.00%
20260127,14,技達創意資訊有限公司,1299,泰好網,4734,MW-320*100-首頁、內文上方-泰好網,,,,6,6,0,6,0,0,0,0,0,100.00%,0.00%,0.00%,0.00%,0.00%,0.00%,0.00%
20260127,14,陈晋福,1367,電視超人,4997,CF-300X250-電視超人,,,,6,6,0,6,0,0,0,0,0,100.00%,0.00%,0.00%,0.00%,0.00%,0.00%,0.00%
20260127,14,麥智維,999,動漫戲說,6069,CF-300*250-首頁-動漫戲說,,,,26,26,0,26,0,0,0,0,0,100.00%,0.00%,0.00%,0.00%,0.00%,0.00%,0.00%
20260127,14,莊博凱,1676,夢遊電玩-exchange,6310,CF-160*600-網頁右側-夢遊電玩-exchange,,,,36,36,0,36,0,0,0,0,0,100.00%,0.00%,0.00%,0.00%,0.00%,0.00%,0.00%
20260127,14,吳慧玲,2082,宅女懶懶子,8073,CF-右側通欄第二塊-300x600-宅女懶懶子,antifroud,,,6,6,0,6,0,0,0,0,0,100.00%,0.00%,0.00%,0.00%,0.00%,0.00%,0.00%
20260127,14,精鏡傳媒股份有限公司,1060,鏡週刊,8249,MW_置底創意(展開)_鏡週刊,,知名媒體,,6,6,0,6,0,0,0,0,0,100.00%,0.00%,0.00%,0.00%,0.00%,0.00%,0.00%
20260127,14,精鏡傳媒股份有限公司,1060,鏡週刊,8250,MW_置底創意(非展開)_鏡週刊,,知名媒體,,"1,018","1,018",0,"1,018",0,0,0,0,0,100.00%,0.00%,0.00%,0.00%,0.00%,0.00%,0.00%
20260127,14,臺灣電視事業股份有限公司,52,台視,8313,PC-300x250_內文第一塊_台視財經,,知名媒體,,38,38,0,38,0,0,0,0,0,100.00%,0.00%,0.00%,0.00%,0.00%,0.00%,0.00%
20260127,14,布林遊國際有限公司,1692,Bring You,8393,CF-300X250-上方通欄右側_BringYou,,知名媒體,,32,32,0,32,0,0,0,0,0,100.00%,0.00%,0.00%,0.00%,0.00%,0.00%,0.00%
20260127,14,巧克科技新媒體股份有限公司,2127,LINE TV_Banner-exchange,8576,CF_336x280_戲劇-右側好康資訊下方_LINE TV-exchange,,知名媒體,,20,20,0,20,0,0,0,0,0,100.00%,0.00%,0.00%,0.00%,0.00%,0.00%,0.00%
20260127,14,巧克科技新媒體股份有限公司,2127,LINE TV_Banner-exchange,8577,CF_336x280_戲劇-右側好康資訊上方_LINE TV-exchange,,知名媒體,,64,64,0,64,0,0,0,0,0,100.00%,0.00%,0.00%,0.00%,0.00%,0.00%,0.00%
20260127,14,鳳梨傳媒股份有限公司,2190,民視新聞網-Exchange,8862,CF_970X90_分類新聞內頁上方_民視新聞(MCM),,知名媒體,,12,12,0,12,0,0,0,0,0,100.00%,0.00%,0.00%,0.00%,0.00%,0.00%,0.00%
20260127,15,英屬維京群島商浩美數位有限公司台灣分公司,2315,Teepr亮新聞-exchange,10012,CF_336x280Banner_Teepr亮新聞-exchange,,知名媒體,,"1,368","1,368",28,"1,340",10,18,18,0,0,100.00%,2.05%,0.73%,1.32%,1.32%,0.00%,0.00%
20260127,15,昱得資訊工作室,2528,數位書香,11080,CF_728x90_首頁上方_數位書香,antifroud,,,36,36,0,36,0,0,0,0,0,100.00%,0.00%,0.00%,0.00%,0.00%,0.00%,0.00%
20260127,15,昱得資訊工作室,2528,數位書香,11081,CF_160x600_首頁右側_數位書香,antifroud,,,756,756,0,756,0,0,0,0,0,100.00%,0.00%,0.00%,0.00%,0.00%,0.00%,0.00%
20260127,15,第一網站股份有限公司,2518,麻辣家族討論區(twbts),11082,CF-728X90-twbts,antifroud,,,419,419,0,419,0,0,0,0,0,100.00%,0.00%,0.00%,0.00%,0.00%,0.00%,0.00%
20260127,15,第一網站股份有限公司,2540,risu短網址,11260,MW-300X250-MB_page_left-risu,,知名媒體,,56,56,0,56,0,0,0,0,0,100.00%,0.00%,0.00%,0.00%,0.00%,0.00%,0.00%
20260127,15,第一網站股份有限公司,2492,ttshow,11273,MW-300X250-ttshow,,知名媒體,,41,41,8,33,2,6,6,0,0,100.00%,19.51%,4.88%,14.63%,14.63%,0.00%,0.00%
20260127,15,第一網站股份有限公司,2601,Meme梗圖倉庫,11443,CF-336X280-meme,,,,"1,409","1,409",0,"1,409",0,0,0,0,0,100.00%,0.00%,0.00%,0.00%,0.00%,0.00%,0.00%
20260127,15,艾得基客行銷顧問股份有限公司,2578,鉅亨網,12070,MW_320x480_文中創意_鉅亨網,,知名媒體,,"8,820","8,820",44,"8,776",2,42,42,0,0,100.00%,0.50%,0.02%,0.48%,0.48%,0.00%,0.00%
20260127,15,葉志斌,2745,繁中寶可夢卡表生成器-奶爸工作室-exchange,12210,CF_728x90__文末__繁中寶可夢卡表生成器,,,,6,6,0,6,0,0,0,0,0,100.00%,0.00%,0.00%,0.00%,0.00%,0.00%,0.00%
20260127,15,第一網站股份有限公司,2540,risu短網址,12496,CF_300x250_popup(直播) _risu短網址,antifroud,知名媒體,,6,6,0,6,0,0,0,0,0,100.00%,0.00%,0.00%,0.00%,0.00%,0.00%,0.00%
20260127,15,時報資訊股份有限公司,2770,中時電子報_HB,12559,CF_300x250_右側互動看版_中時電子報_HB,,知名媒體,,545,545,35,510,16,19,19,0,0,100.00%,6.42%,2.94%,3.49%,3.49%,0.00%,0.00%
20260127,15,時報資訊股份有限公司,2770,中時電子報_HB,12560,CF_336x280_文中看板_中時電子報_HB,,知名媒體,,531,531,38,493,17,21,21,0,0,100.00%,7.16%,3.20%,3.95%,3.95%,0.00%,0.00%
20260127,15,時報資訊股份有限公司,2770,中時電子報_HB,12561,MW_300x250_內頁TOP Banner_中時電子報_HB,antifroud,知名媒體,,833,833,23,810,13,10,10,0,0,100.00%,2.76%,1.56%,1.20%,1.20%,0.00%,0.00%
20260127,15,第一網站股份有限公司,2768,czbooks,12570,CF_728x90_banner_czbooks,,,,"3,961","3,961",24,"3,937",18,6,6,0,0,100.00%,0.61%,0.45%,0.15%,0.15%,0.00%,0.00%
20260127,15,鳳梨傳媒股份有限公司,2190,民視新聞網-Exchange,12579,CF_300x250_右側第一塊_民視新聞網-Exchange(RWD)(MCM),,知名媒體,,"1,749","1,749",30,"1,719",3,27,27,0,0,100.00%,1.72%,0.17%,1.54%,1.54%,0.00%,0.00%
20260127,15,鳳梨傳媒股份有限公司,2190,民視新聞網-Exchange,12580,CF_300x250_內文文中左側_民視新聞網-Exchange(RWD)(MCM),,知名媒體,,"1,777","1,777",43,"1,734",8,35,35,0,0,100.00%,2.42%,0.45%,1.97%,1.97%,0.00%,0.00%
20260127,15,第一網站股份有限公司,2783,漫畫櫃manhuagui,12676,CF_728X90_manhuagui,antifroud,,,"57,139","57,139",268,"56,871",208,60,60,0,0,100.00%,0.47%,0.36%,0.11%,0.11%,0.00%,0.00%
20260127,15,艾得基客行銷顧問股份有限公司,2635,工商時報,12761,MW_320x480_文中創意_工商時報new,,知名媒體,,36,36,0,36,0,0,0,0,0,100.00%,0.00%,0.00%,0.00%,0.00%,0.00%,0.00%
20260127,15,第一網站股份有限公司,2801,damanwoo,12868,CF-300x250_Banner_damanwoo_大人物,,,,64,64,0,64,0,0,0,0,0,100.00%,0.00%,0.00%,0.00%,0.00%,0.00%,0.00%
20260127,15,艾得基客行銷顧問股份有限公司,2266,嬰兒與母親,12869,MW_置底創意_嬰兒與母親,,知名媒體,,6,6,0,6,0,0,0,0,0,100.00%,0.00%,0.00%,0.00%,0.00%,0.00%,0.00%
20260127,15,第一網站股份有限公司,2820,星座好朋友(horofriend88),12966,MW_320x100_horofriend88,antifroud,,,128,128,0,128,0,0,0,0,0,100.00%,0.00%,0.00%,0.00%,0.00%,0.00%,0.00%
20260127,15,時報資訊股份有限公司,2335,中時電子報_2019,12974,MW-置底創意(展開)-中時電子報_2019,antifroud,知名媒體,,18,18,0,18,0,0,0,0,0,100.00%,0.00%,0.00%,0.00%,0.00%,0.00%,0.00%
20260127,15,第一網站股份有限公司,2836,vivi01,13032,MW_置底創意_vivi01 ViVi視頻,,,,72,72,0,72,0,0,0,0,0,100.00%,0.00%,0.00%,0.00%,0.00%,0.00%,0.00%
20260127,15,第一網站股份有限公司,2838,mycard,13041,MW_320x480_加倍mycard,,,,239,239,239,0,0,239,239,0,0,100.00%,100.00%,0.00%,100.00%,100.00%,0.00%,0.00%
20260127,15,東森電視事業股份有限公司,2014,東森新聞網,13162,MW_置底創意(展開)_東森新聞網,antifroud,知名媒體,,269,269,0,269,0,0,0,0,0,100.00%,0.00%,0.00%,0.00%,0.00%,0.00%,0.00%
20260127,15,和運租車股份有限公司,2878,abc好車網,13368,CF_970x90_物件頁下方_abc好車網,,知名媒體,,18,18,0,18,0,0,0,0,0,100.00%,0.00%,0.00%,0.00%,0.00%,0.00%,0.00%
20260127,15,曾憲敏,202,85小說網,13445,MW_336X280_全量1_85小說網,,,,366,366,0,366,0,0,0,0,0,100.00%,0.00%,0.00%,0.00%,0.00%,0.00%,0.00%
20260127,15,曾憲敏,202,85小說網,13446,MW_336X280_全量2_85小說網,,,,"2,503","2,503",0,"2,503",0,0,0,0,0,100.00%,0.00%,0.00%,0.00%,0.00%,0.00%,0.00%
20260127,15,第一網站股份有限公司,2910,clickme,13548,(子)CF_300x250_banner_clickme(一般),,,子聯播網,"1,677","1,677",0,"1,677",0,0,0,0,0,100.00%,0.00%,0.00%,0.00%,0.00%,0.00%,0.00%
20260127,15,第一網站股份有限公司,2910,clickme,13549,CF_300x250_banner_clickme(一般),,,,907,907,0,907,0,0,0,0,0,100.00%,0.00%,0.00%,0.00%,0.00%,0.00%,0.00%
20260127,15,第一網站股份有限公司,2916,KiKiNote,13576,(子)CF_300x250_banner_kikinote,,知名媒體,子聯播網,"2,659","2,659",26,"2,633",15,11,11,0,0,100.00%,0.98%,0.56%,0.41%,0.41%,0.00%,0.00%
20260127,15,闇碼科技股份有限公司,2992,縮短網址產生器-reurl-exchange,13848,CF_300x250_轉址失敗_最右邊_reurl,,知名媒體,,6,6,0,6,0,0,0,0,0,100.00%,0.00%,0.00%,0.00%,0.00%,0.00%,0.00%
20260127,15,闇碼科技股份有限公司,2992,縮短網址產生器-reurl-exchange,13856,CF_300x250_轉址失敗頁第二塊_reurl,,知名媒體,,12,12,0,12,0,0,0,0,0,100.00%,0.00%,0.00%,0.00%,0.00%,0.00%,0.00%
20260127,15,闇碼科技股份有限公司,2992,縮短網址產生器-reurl-exchange,13861,CF_300x250_網址下方右側(PB)_reurl,,知名媒體,,6,6,0,6,0,0,0,0,0,100.00%,0.00%,0.00%,0.00%,0.00%,0.00%,0.00%
20260127,15,第一網站股份有限公司,2768,czbooks,14036,MW_320x480_CZBOOKS,antifroud,,,34,34,0,34,0,0,0,0,0,100.00%,0.00%,0.00%,0.00%,0.00%,0.00%,0.00%
20260127,15,陳人鳳,480,飛格寵物家族_PC,1407,CF-728X90_上方通欄_飛格寵物家族,,,,12,12,0,12,0,0,0,0,0,100.00%,0.00%,0.00%,0.00%,0.00%,0.00%,0.00%
20260127,15,陳人鳳,480,飛格寵物家族_PC,1408,CF-300X250_內文_飛格寵物家族,,,,78,78,15,63,0,15,15,0,0,100.00%,19.23%,0.00%,19.23%,19.23%,0.00%,0.00%
20260127,15,東森電視事業股份有限公司,2014,東森新聞網,14097,MW_蓋版_東森新聞網,,知名媒體,,"1,886","1,886",2,"1,884",0,2,2,0,0,100.00%,0.11%,0.00%,0.11%,0.11%,0.00%,0.00%
20260127,15,闇碼科技股份有限公司,3048,縮短網址產生器-reurl,14210,MW_文中創意300x250_縮短網址產生器-reurl,,知名媒體,,204,204,50,154,38,12,12,0,0,100.00%,24.51%,18.63%,5.88%,5.88%,0.00%,0.00%
20260127,15,巨思文化股份有限公司,3052,經理人_HB,14238,MW_文章結束第一塊_300x250_經理人-HB,,知名媒體,,6,6,0,6,0,0,0,0,0,100.00%,0.00%,0.00%,0.00%,0.00%,0.00%,0.00%
20260127,15,巨思文化股份有限公司,3052,經理人_HB,14239,CF_300x250_內文下方右側_經理人-HB,,知名媒體,,6,6,1,5,0,1,1,0,0,100.00%,16.67%,0.00%,16.67%,16.67%,0.00%,0.00%
20260127,15,巨思文化股份有限公司,3052,經理人_HB,14240,CF_300x250_內文下方左側_經理人-HB,,知名媒體,,6,6,1,5,0,1,1,0,0,100.00%,16.67%,0.00%,16.67%,16.67%,0.00%,0.00%
20260127,15,巨思文化股份有限公司,3052,經理人_HB,14241,MW_300x250_內文下方_經理人-HB,,知名媒體,,6,6,0,6,0,0,0,0,0,100.00%,0.00%,0.00%,0.00%,0.00%,0.00%,0.00%
20260127,15,富盈數據股份有限公司,3059,塔科女子,14258,CF_336x280_全網_塔科女子,,知名媒體,,20,20,0,20,0,0,0,0,0,100.00%,0.00%,0.00%,0.00%,0.00%,0.00%,0.00%
20260127,15,CBROOT LTD,3003,包子漫畫-exchange,14291,MW_300x250_蓋板(PB)_包子漫畫,,,,327,327,2,325,0,2,2,0,0,100.00%,0.61%,0.00%,0.61%,0.61%,0.00%,0.00%
20260127,15,朱光宁,3152,石頭小說-exchange,14472,MW_336x280_Banner_石頭小說,,,,"7,458","7,458",1,"7,457",0,1,1,0,0,100.00%,0.01%,0.00%,0.01%,0.01%,0.00%,0.00%
20260127,15,朱光宁,3149,稷下書院-exchange,14748,MW_320x100_置底(PB)_稷下書院,,,,"22,870","22,860",173,"22,687",60,113,113,0,0,99.96%,0.76%,0.26%,0.49%,0.49%,0.00%,0.00%
20260127,15,巨思文化股份有限公司,3053,數位時代_HB,14764,MW_置底創意_(非展開)_數位時代_HB,,知名媒體,,204,204,0,204,0,0,0,0,0,100.00%,0.00%,0.00%,0.00%,0.00%,0.00%,0.00%
20260127,15,中天電視股份有限公司,3282,中天新聞網-exchange,14980,CF_970x250_內頁_PC置頂橫幅-中天新聞網-exchange,,知名媒體,,106,106,12,94,2,10,10,0,0,100.00%,11.32%,1.89%,9.43%,9.43%,0.00%,0.00%
20260127,15,曾憲敏,3327,85小說網_創意,15227,MW-300X250_85小說網_隨身影音PB,,,,6,6,0,6,0,0,0,0,0,100.00%,0.00%,0.00%,0.00%,0.00%,0.00%,0.00%
20260127,15,曾憲敏,3327,85小說網_創意,15228,MW-創意-85小說網,,,,12,12,0,12,0,0,0,0,0,100.00%,0.00%,0.00%,0.00%,0.00%,0.00%,0.00%
20260127,15,中天電視股份有限公司,3282,中天新聞網-exchange,15859,CF_336x280_內頁_PC右側互動看板B-中天新聞網-exchange,,知名媒體,,925,925,48,877,2,46,46,0,0,100.00%,5.19%,0.22%,4.97%,4.97%,0.00%,0.00%
20260127,15,布林遊國際有限公司,2620,Bring You-exchange,15951,CF_300x600_右側通欄_BringYou-exchange,,知名媒體,,6,6,0,6,0,0,0,0,0,100.00%,0.00%,0.00%,0.00%,0.00%,0.00%,0.00%
20260127,15,CBROOT LTD,3352,西瓜卡通-exchange,15970,CF_160x600_影音內容_西瓜卡通-exchange,,,,6,6,0,6,0,0,0,0,0,100.00%,0.00%,0.00%,0.00%,0.00%,0.00%,0.00%
20260127,15,朱光宁,3360,提莫書屋-exchange,16957,MW_336x280banner_提莫書屋_exchange,,,,"15,810","15,810",72,"15,738",36,36,36,0,0,100.00%,0.46%,0.23%,0.23%,0.23%,0.00%,0.00%
20260127,15,朱光宁,3361,提莫書屋-mobile,16959,MW_320x480_文中創意_提莫書屋-mobile,,,,56,56,0,56,0,0,0,0,0,100.00%,0.00%,0.00%,0.00%,0.00%,0.00%,0.00%
20260127,15,欣發現股份有限公司,3365,Hami任務牆-mobile,16969,MW_置底創意_Hami任務牆,,知名媒體,,14,14,0,14,0,0,0,0,0,100.00%,0.00%,0.00%,0.00%,0.00%,0.00%,0.00%
20260127,15,欣發現股份有限公司,3364,女子學-mobile,16972,MW_置底創意_女子學,antifroud,,,98,98,0,98,0,0,0,0,0,100.00%,0.00%,0.00%,0.00%,0.00%,0.00%,0.00%
20260127,15,欣發現股份有限公司,3363,大人物-mobile,16973,MW_置底創意_大人物,,知名媒體,,6,6,0,6,0,0,0,0,0,100.00%,0.00%,0.00%,0.00%,0.00%,0.00%,0.00%
20260127,15,第一網站股份有限公司,2783,漫畫櫃manhuagui,17027,MW_320x480_蓋版_漫畫櫃manhuagui,,,,54,54,0,54,0,0,0,0,0,100.00%,0.00%,0.00%,0.00%,0.00%,0.00%,0.00%
20260127,15,艾得基客行銷顧問股份有限公司,3373,良醫健康網,17092,MW_置底創意_良醫健康網,,知名媒體,,18,18,0,18,0,0,0,0,0,100.00%,0.00%,0.00%,0.00%,0.00%,0.00%,0.00%
20260127,15,詠勝科技有限公司,3385,Mobile01_HB,17179,CF_300x250_熱門大看板_Mobile01_HB,,知名媒體,,378,378,9,369,0,9,9,0,0,100.00%,2.38%,0.00%,2.38%,2.38%,0.00%,0.00%
20260127,15,詠勝科技有限公司,3385,Mobile01_HB,17180,CF_300x250_置底看板左_Mobile01_HB,,知名媒體,,91,91,0,91,0,0,0,0,0,100.00%,0.00%,0.00%,0.00%,0.00%,0.00%,0.00%
20260127,15,詠勝科技有限公司,3385,Mobile01_HB,17181,CF_300x250_置底看板中_Mobile01_HB,,知名媒體,,76,76,0,76,0,0,0,0,0,100.00%,0.00%,0.00%,0.00%,0.00%,0.00%,0.00%
20260127,15,詠勝科技有限公司,3385,Mobile01_HB,17182,CF_300x250_置底看板右_Mobile01_HB,,知名媒體,,18,18,0,18,0,0,0,0,0,100.00%,0.00%,0.00%,0.00%,0.00%,0.00%,0.00%
20260127,15,朱光宁,3268,稷下書院-mobile,17207,MW_320x480_蓋版_稷下書院-mobile,,,,"1,475","1,475",0,"1,475",0,0,0,0,0,100.00%,0.00%,0.00%,0.00%,0.00%,0.00%,0.00%
20260127,15,中華電視股份有限公司,3389,華視-mobile,17230,MW_置底創意(非展開)_華視-mobile,,知名媒體,,6,6,0,6,0,0,0,0,0,100.00%,0.00%,0.00%,0.00%,0.00%,0.00%,0.00%
20260127,15,李立娟,3395,vivi0視頻-exchange,17293,CF_336x280_Banner_vivi01視頻-exchange,antifroud,,,"45,403","45,403",225,"45,178",22,203,203,0,0,100.00%,0.50%,0.05%,0.45%,0.45%,0.00%,0.00%
20260127,15,李立娟,3395,vivi0視頻-exchange,17294,MW_336x280_Banner_vivi01視頻-exchange,antifroud,,,"43,526","43,526",195,"43,331",28,167,167,0,0,100.00%,0.45%,0.06%,0.38%,0.38%,0.00%,0.00%
20260127,15,李立娟,3395,vivi0視頻-exchange,17299,MW_300x250_蓋板(PB)-vivi01視頻-exchange,,,,6,6,0,6,0,0,0,0,0,100.00%,0.00%,0.00%,0.00%,0.00%,0.00%,0.00%
20260127,15,李立娟,3395,vivi0視頻-exchange,17300,MW_320x100_置底(PB)_vivi01視頻-exchange,antifroud,,,"74,883","74,883",113,"74,770",13,100,100,0,0,100.00%,0.15%,0.02%,0.13%,0.13%,0.00%,0.00%
20260127,15,李立娟,3397,趣聞圖說-exchange,17309,MW_336x280_文中Banner_趣聞圖說-exchange,,,,"1,367","1,367",426,941,13,413,413,0,0,100.00%,31.16%,0.95%,30.21%,30.21%,0.00%,0.00%
20260127,15,曾憲敏,601,85小說網_PC,1773,CF-300x250_85小說網_內文1,,,,400,400,0,400,0,0,0,0,0,100.00%,0.00%,0.00%,0.00%,0.00%,0.00%,0.00%
20260127,15,李立娟,3396,趣聞圖說-Mobile,17923,MW_置底創意(展開)_趣聞圖說-Mobile,,,,21,21,0,21,0,0,0,0,0,100.00%,0.00%,0.00%,0.00%,0.00%,0.00%,0.00%
20260127,15,第一網站股份有限公司,2768,czbooks,17927,MW_置底創意_czbook,,,,"4,748","4,748",11,"4,737",4,7,7,0,0,100.00%,0.23%,0.08%,0.15%,0.15%,0.00%,0.00%
20260127,15,時報資訊股份有限公司_工商時報,3427,工商時報-exchange,18003,CF_300x250_互動看板2_工商時報-exchange,,知名媒體,,6,6,0,6,0,0,0,0,0,100.00%,0.00%,0.00%,0.00%,0.00%,0.00%,0.00%
20260127,15,時報資訊股份有限公司_工商時報,3427,工商時報-exchange,18007,CF_336x280_文末右側看板_工商時報-exchange,,知名媒體,,13,13,0,13,0,0,0,0,0,100.00%,0.00%,0.00%,0.00%,0.00%,0.00%,0.00%
20260127,15,時報資訊股份有限公司_工商時報,3427,工商時報-exchange,18008,CF_336x280_文末左側看板_工商時報-exchange,,知名媒體,,14,14,1,13,0,1,1,0,0,100.00%,7.14%,0.00%,7.14%,7.14%,0.00%,0.00%
20260127,15,時報資訊股份有限公司_工商時報,3427,工商時報-exchange,18014,MW_300x250_文末Banner1_工商時報-exchange,,知名媒體,,85,85,0,85,0,0,0,0,0,100.00%,0.00%,0.00%,0.00%,0.00%,0.00%,0.00%
20260127,15,時報資訊股份有限公司_工商時報,3427,工商時報-exchange,18015,MW_300x250_文末Banner2_工商時報-exchange,,知名媒體,,125,125,0,125,0,0,0,0,0,100.00%,0.00%,0.00%,0.00%,0.00%,0.00%,0.00%
20260127,15,第一網站股份有限公司,3440,fsa_passback_first,18201,CF_336x280_fsa_passback_first,,,,"1,672","1,672",139,"1,533",104,35,35,0,0,100.00%,8.31%,6.22%,2.09%,2.09%,0.00%,0.00%
20260127,15,第一網站股份有限公司,3440,fsa_passback_first,18202,CF_300x250_fsa_passback_first,,,,"4,414","4,414",80,"4,334",21,59,59,0,0,100.00%,1.81%,0.48%,1.34%,1.34%,0.00%,0.00%
20260127,15,莊博凱,3455,夢遊電玩,18269,300x250 Banner,,,,6,6,0,6,0,0,0,0,0,100.00%,0.00%,0.00%,0.00%,0.00%,0.00%,0.00%
20260127,15,朱光宁,3268,稷下書院-mobile,18297,MW_置底創意(展開)_稷下書院-mobile,,,,162,162,2,160,0,2,2,0,0,100.00%,1.23%,0.00%,1.23%,1.23%,0.00%,0.00%
20260127,15,冰楓科技有限公司,3485,冰楓論壇-exchange,18487,CF_970x90_內文上方第一塊_冰楓論壇-exchange,,,,880,880,2,878,2,0,0,0,0,100.00%,0.23%,0.23%,0.00%,0.00%,0.00%,0.00%
20260127,15,冰楓科技有限公司,3485,冰楓論壇-exchange,18488,MW_320x100_內文上方第一塊_ 冰楓論壇-exchange,antifroud,,,78,78,0,78,0,0,0,0,0,100.00%,0.00%,0.00%,0.00%,0.00%,0.00%,0.00%
20260127,15,冰楓科技有限公司,3485,冰楓論壇-exchange,18492,MW_300x250_Banner_ 冰楓論壇-exchange,,,,448,448,8,440,8,0,0,0,0,100.00%,1.79%,1.79%,0.00%,0.00%,0.00%,0.00%
20260127,15,CBROOT LTD,3510,包子漫畫_twmanga-exchange,18737,CF_970x90_Banner_ 包子漫畫_twmanga-exchange,,,,57,57,0,57,0,0,0,0,0,100.00%,0.00%,0.00%,0.00%,0.00%,0.00%,0.00%
20260127,15,舒禾驊,3535,荷花動漫筆記,18887,CF_336x280_文章頁文中_荷花動漫筆記,,,,6,6,0,6,0,0,0,0,0,100.00%,0.00%,0.00%,0.00%,0.00%,0.00%,0.00%
20260127,15,台灣英文新聞股份有限公司,3537,台灣英文新聞(new)-exchange,18924,CF_300x250_內容頁_右側看版_1_台灣英文新聞(new)-exchange,,知名媒體,,44,44,8,36,4,4,4,0,0,100.00%,18.18%,9.09%,9.09%,9.09%,0.00%,0.00%
20260127,15,聯合線上股份有限公司,3549,UDN元氣網,19018,CF_首頁文章推薦第三格300x250_UDN元氣網,,知名媒體,,6,6,0,6,0,0,0,0,0,100.00%,0.00%,0.00%,0.00%,0.00%,0.00%,0.00%
20260127,15,艾得基客行銷顧問股份有限公司,3490,太報,19043,MW_置底創意(展開)_太報,,知名媒體,,400,400,0,400,0,0,0,0,0,100.00%,0.00%,0.00%,0.00%,0.00%,0.00%,0.00%
20260127,15,艾得基客行銷顧問股份有限公司,3552,玩具人,19044,MW_320x480_文中創意_玩具人,,知名媒體,,54,54,0,54,0,0,0,0,0,100.00%,0.00%,0.00%,0.00%,0.00%,0.00%,0.00%
20260127,15,先驅媒體社會企業股份有限公司,3554,新頭殼(R18),19046,MW_320x100Banner_newtalk.tw_mobile_photo_320100_1_新頭殼(R18),,知名媒體,,6,6,0,6,0,0,0,0,0,100.00%,0.00%,0.00%,0.00%,0.00%,0.00%,0.00%
20260127,15,先驅媒體社會企業股份有限公司,3554,新頭殼(R18),19047,(子)CF_300x250Banner_newtalk.tw_content_300250_1_新頭殼(R18),,知名媒體,子聯播網,6,6,0,6,0,0,0,0,0,100.00%,0.00%,0.00%,0.00%,0.00%,0.00%,0.00%
20260127,15,第一網站股份有限公司,2783,漫畫櫃manhuagui,20685,MW_300X250_manhuagui,antifroud,,,"5,382","5,382",22,"5,360",13,9,9,0,0,100.00%,0.41%,0.24%,0.17%,0.17%,0.00%,0.00%
20260127,15,德榕企業有限公司,3578,TW Bodhi_mobile,20708,MW_蓋板_TW Bodhi,,,,216,216,0,216,0,0,0,0,0,100.00%,0.00%,0.00%,0.00%,0.00%,0.00%,0.00%
20260127,15,德榕企業有限公司,3581,忘憂書屋,20727,CF_336x280文章頁(RWD)_忘憂書屋,,,,50,50,2,48,2,0,0,0,0,100.00%,4.00%,4.00%,0.00%,0.00%,0.00%,0.00%
20260127,15,德榕企業有限公司,3582,忘憂書屋_mobile,20728,MW_文中創意300x250_忘憂書屋,,,,42,42,0,42,0,0,0,0,0,100.00%,0.00%,0.00%,0.00%,0.00%,0.00%,0.00%
20260127,15,第一網站股份有限公司,2910,clickme,20735,(子)CF_300x250_banner_clickme(成人),,,子聯播網,"9,577","9,577",58,"9,519",54,4,4,0,0,100.00%,0.61%,0.56%,0.04%,0.04%,0.00%,0.00%
20260127,15,第一網站股份有限公司,3440,fsa_passback_first,21699,CF_336x280_fsa_passback_first,,,,"5,297","5,297",121,"5,176",8,113,113,0,0,100.00%,2.28%,0.15%,2.13%,2.13%,0.00%,0.00%
20260127,15,朱光宁,3269,石頭小說-mobile,21741,MW_320x480_蓋版_石頭小說-mobile,antifroud,,,6,6,0,6,0,0,0,0,0,100.00%,0.00%,0.00%,0.00%,0.00%,0.00%,0.00%
20260127,15,富盈數據股份有限公司,3653,TVBS-女人我最大_HB,21760,MW_文章三_336x280_TVBS-女人我最大_HB,,知名媒體,,44,44,0,44,0,0,0,0,0,100.00%,0.00%,0.00%,0.00%,0.00%,0.00%,0.00%
20260127,15,富盈數據股份有限公司,3653,TVBS-女人我最大_HB,21761,MW_文章四_336x280_TVBS-女人我最大_HB,,知名媒體,,572,572,0,572,0,0,0,0,0,100.00%,0.00%,0.00%,0.00%,0.00%,0.00%,0.00%
20260127,15,富盈數據股份有限公司,3653,TVBS-女人我最大_HB,21763,MW_文中創意320x480_TVBS-女人我最大_HB,,知名媒體,,297,297,0,297,0,0,0,0,0,100.00%,0.00%,0.00%,0.00%,0.00%,0.00%,0.00%
20260127,15,富盈數據股份有限公司,3654,TVBS-健康2.0_HB,21768,MW_文中創意320x480_TVBS-健康2.0_HB,,知名媒體,,"4,617","4,617",5,"4,612",0,5,5,0,0,100.00%,0.11%,0.00%,0.11%,0.11%,0.00%,0.00%
20260127,15,富盈數據股份有限公司,3655,TVBS-食尚玩家_HB,21770,MW_文章三_336x280_TVBS-食尚玩家_HB,,知名媒體,,8,8,0,8,0,0,0,0,0,100.00%,0.00%,0.00%,0.00%,0.00%,0.00%,0.00%
20260127,15,富盈數據股份有限公司,3655,TVBS-食尚玩家_HB,21773,MW_文中創意320x480_TVBS-食尚玩家_HB,,知名媒體,,183,183,2,181,0,2,2,0,0,100.00%,1.09%,0.00%,1.09%,1.09%,0.00%,0.00%
20260127,15,富盈數據股份有限公司,3654,TVBS-健康2.0_HB,21812,MW_文章一_336x280_TVBS-健康2.0_HB,,知名媒體,,50,50,2,48,0,2,2,0,0,100.00%,4.00%,0.00%,4.00%,4.00%,0.00%,0.00%
20260127,15,先驅媒體社會企業股份有限公司,3554,新頭殼(R18),21839,ＭＷ_336x280Banner_newtalk.tw_mobile_all_336280_2_新頭殼(R18),antifroud,知名媒體,,18,18,0,18,0,0,0,0,0,100.00%,0.00%,0.00%,0.00%,0.00%,0.00%,0.00%
20260127,15,儂儂雜誌社股份有限公司(bella儂儂),2135,Bella儂儂_2024,21876,MW-300x250_文章標題上方1_Bella儂儂,,知名媒體,,242,242,0,242,0,0,0,0,0,100.00%,0.00%,0.00%,0.00%,0.00%,0.00%,0.00%
20260127,15,富盈數據股份有限公司,3680,TVBS-新聞網_HB,21898,CF_文章右側300x600_TVBS-新聞網_HB,,知名媒體,,18,18,0,18,0,0,0,0,0,100.00%,0.00%,0.00%,0.00%,0.00%,0.00%,0.00%
20260127,15,富盈數據股份有限公司,3680,TVBS-新聞網_HB,21899,MW_文章一_336x280_TVBS-新聞網_HB,,知名媒體,,"2,378","2,378",2,"2,376",0,2,2,0,0,100.00%,0.08%,0.00%,0.08%,0.08%,0.00%,0.00%
20260127,15,富盈數據股份有限公司,3680,TVBS-新聞網_HB,21900,MW_文章三_336x280_TVBS-新聞網_HB,,知名媒體,,319,319,0,319,0,0,0,0,0,100.00%,0.00%,0.00%,0.00%,0.00%,0.00%,0.00%
20260127,15,富盈數據股份有限公司,3680,TVBS-新聞網_HB,21902,MW_文章置底_320x100_TVBS-新聞網_HB,,知名媒體,,"2,398","2,398",4,"2,394",2,2,2,0,0,100.00%,0.17%,0.08%,0.08%,0.08%,0.00%,0.00%
20260127,15,富盈數據股份有限公司,3684,稅美人_mobile,21923,MW_置底創意(非展開)_稅美人-mobile,,,,447,447,0,447,0,0,0,0,0,100.00%,0.00%,0.00%,0.00%,0.00%,0.00%,0.00%
20260127,15,富盈數據股份有限公司,3685,玩桌遊_mobile,21924,MW_置底創意(非展開)_玩桌遊-mobile,,,,238,238,0,238,0,0,0,0,0,100.00%,0.00%,0.00%,0.00%,0.00%,0.00%,0.00%
20260127,15,富盈數據股份有限公司,2615,熱血台中,21986,CF_336x280_全網_熱血台中,,,,32,32,0,32,0,0,0,0,0,100.00%,0.00%,0.00%,0.00%,0.00%,0.00%,0.00%
20260127,15,富盈數據股份有限公司,2615,熱血台中,21987,CF_336x280_全網_熱血台中,,,,34,34,0,34,0,0,0,0,0,100.00%,0.00%,0.00%,0.00%,0.00%,0.00%,0.00%
20260127,15,富盈數據股份有限公司,3704,天天要聞,22030,CF_300 x 250 banner_天天要聞_cpc2,,,,759,759,4,755,4,0,0,0,0,100.00%,0.53%,0.53%,0.00%,0.00%,0.00%,0.00%
20260127,15,富盈數據股份有限公司,3703,繁體小說,22031,CF_300 x 250 banner_繁體小說_cpc2,,,,46,46,0,46,0,0,0,0,0,100.00%,0.00%,0.00%,0.00%,0.00%,0.00%,0.00%
20260127,15,朱光宁,3708,石頭小說,22045,CF_336 x 280 banner_石頭小說_cpc1.67,antifroud,,,"3,178","3,178",18,"3,160",0,18,18,0,0,100.00%,0.57%,0.00%,0.57%,0.57%,0.00%,0.00%
20260127,15,冠妍動力科技有限公司,484,小老婆汽機車資訊網,22058,MW_文中創意320x480_小老婆汽機車資訊網-測試,,知名媒體,,6,6,0,6,0,0,0,0,0,100.00%,0.00%,0.00%,0.00%,0.00%,0.00%,0.00%
20260127,15,朱光宁,3718,稷下書院2,22093,CF_336 x 280 banner_稷下書院2_cpc1.67,antifroud,,,"2,785","2,785",0,"2,785",0,0,0,0,0,100.00%,0.00%,0.00%,0.00%,0.00%,0.00%,0.00%
20260127,15,富盈數據股份有限公司,3680,TVBS-新聞網_HB,22132,CF_文中300x250_TVBS-新聞網_HB_2,,知名媒體,,65,65,4,61,3,1,1,0,0,100.00%,6.15%,4.62%,1.54%,1.54%,0.00%,0.00%
20260127,15,富盈數據股份有限公司,3680,TVBS-新聞網_HB,22133,CF_文中300x250_TVBS-新聞網_HB_3,,知名媒體,,109,109,6,103,3,3,3,0,0,100.00%,5.50%,2.75%,2.75%,2.75%,0.00%,0.00%
20260127,15,富盈數據股份有限公司,3730,Teepr 亮新聞 HB,22145,MW_336x280_文中創意_Teepr亮新聞 HB,,,,14,14,0,14,0,0,0,0,0,100.00%,0.00%,0.00%,0.00%,0.00%,0.00%,0.00%
20260127,15,冰楓科技有限公司,3485,冰楓論壇-exchange,22160,CF_300x250_Banner2_ 冰楓論壇-exchange,,,,6,6,0,6,0,0,0,0,0,100.00%,0.00%,0.00%,0.00%,0.00%,0.00%,0.00%
20260127,15,闇碼科技股份有限公司,3048,縮短網址產生器-reurl,22213,MW_蓋版_縮短網址產生器-reurl-2025.05(特殊供量),,知名媒體,,135,135,27,108,15,12,12,0,0,100.00%,20.00%,11.11%,8.89%,8.89%,0.00%,0.00%
20260127,15,艾得基客行銷顧問股份有限公司,3724,上報,22217,MW_置底創意(非展開)_上報,,知名媒體,,530,530,2,528,0,2,2,0,0,100.00%,0.38%,0.00%,0.38%,0.38%,0.00%,0.00%
20260127,15,艾得基客行銷顧問股份有限公司,3724,上報,22218,MW_置底(展開)_上報,,知名媒體,,"1,135","1,135",0,"1,135",0,0,0,0,0,100.00%,0.00%,0.00%,0.00%,0.00%,0.00%,0.00%
20260127,15,欣發現股份有限公司,3363,大人物-mobile,22222,MW_蓋板_大人物,,知名媒體,,8,8,1,7,0,1,1,0,0,100.00%,12.50%,0.00%,12.50%,12.50%,0.00%,0.00%
20260127,15,朱光宁,3741,石頭小說3,22396,MW_置底_石頭小說3,,,,20,20,0,20,0,0,0,0,0,100.00%,0.00%,0.00%,0.00%,0.00%,0.00%,0.00%
20260127,15,朱光宁,3741,石頭小說3,22398,CF_336 x 280 banner_石頭小說3_cpc1.67,,,,"1,554","1,554",0,"1,554",0,0,0,0,0,100.00%,0.00%,0.00%,0.00%,0.00%,0.00%,0.00%
20260127,15,朱光宁,3741,石頭小說3,22399,CF_320 x 480 橫幅_石頭小說3,,,,36,36,0,36,0,0,0,0,0,100.00%,0.00%,0.00%,0.00%,0.00%,0.00%,0.00%
20260127,15,艾得基客行銷顧問股份有限公司,3724,上報,22405,MW_蓋版_上報,,知名媒體,,136,136,2,134,0,2,2,0,0,100.00%,1.47%,0.00%,1.47%,1.47%,0.00%,0.00%
20260127,15,闇碼科技股份有限公司,3068,限時圖片-imgus,22406,MW_置底_imgus,antifroud,,,167,167,2,165,0,2,2,0,0,100.00%,1.20%,0.00%,1.20%,1.20%,0.00%,0.00%
20260127,15,第一網站股份有限公司,2783,漫畫櫃manhuagui,22443,MW_置底_manhuagui,antifroud,,,"4,701","4,701",6,"4,695",0,6,6,0,0,100.00%,0.13%,0.00%,0.13%,0.13%,0.00%,0.00%
20260127,15,艾得基客行銷顧問股份有限公司,3490,太報,22495,MW_300x250 BANNER_太報_CPM5,,知名媒體,子聯播網,54,54,0,54,0,0,0,0,0,100.00%,0.00%,0.00%,0.00%,0.00%,0.00%,0.00%
20260127,15,艾得基客行銷顧問股份有限公司,2689,Basketball Top5,22498,MW_300x250 Banner_Basketball TOP5_CPM5,,,子聯播網,438,438,0,438,0,0,0,0,0,100.00%,0.00%,0.00%,0.00%,0.00%,0.00%,0.00%
20260127,15,艾得基客行銷顧問股份有限公司,2578,鉅亨網,22507,MW_300x250_鉅亨網_直播用BN-1,,知名媒體,子聯播網,"1,379","1,378",18,"1,360",0,18,18,0,0,99.93%,1.31%,0.00%,1.31%,1.31%,0.00%,0.00%
20260127,15,艾得基客行銷顧問股份有限公司,3752,ＭoneyDJ,22514,MW_文中創意320x480_MoneyDJ,antifroud,知名媒體,,50,50,0,50,0,0,0,0,0,100.00%,0.00%,0.00%,0.00%,0.00%,0.00%,0.00%
20260127,15,艾得基客行銷顧問股份有限公司,3752,ＭoneyDJ,22515,MW_300x250 BANNER_MoneyDJ,antifroud,知名媒體,,6,6,0,6,0,0,0,0,0,100.00%,0.00%,0.00%,0.00%,0.00%,0.00%,0.00%
20260127,15,李承翰-webptt,718,Web批踢踢(RWD),2284,MW-蓋板_文中_Web批踢踢,antifroud,,,44,44,0,44,0,0,0,0,0,100.00%,0.00%,0.00%,0.00%,0.00%,0.00%,0.00%
20260127,15,麥智維,999,動漫戲說,3543,CF-728*90-內文上方-動漫戲說,antifroud,,,297,297,0,297,0,0,0,0,0,100.00%,0.00%,0.00%,0.00%,0.00%,0.00%,0.00%
20260127,15,蔡建磊,1269,跑跑資訊站,4622,CF-300X250-內文右側-跑跑資訊站,,,,6,6,0,6,0,0,0,0,0,100.00%,0.00%,0.00%,0.00%,0.00%,0.00%,0.00%
20260127,15,肖偉彬,1287,紅櫻桃小說書庫,4678,CF-內文上方-300*250-紅櫻桃小說書庫,,,,26,26,0,26,0,0,0,0,0,100.00%,0.00%,0.00%,0.00%,0.00%,0.00%,0.00%
20260127,15,技達創意資訊有限公司,1299,泰好網,4733,CF-300*250-內文下方-泰好網,,,,30,30,0,30,0,0,0,0,0,100.00%,0.00%,0.00%,0.00%,0.00%,0.00%,0.00%
20260127,15,技達創意資訊有限公司,1299,泰好網,4734,MW-320*100-首頁、內文上方-泰好網,,,,26,26,0,26,0,0,0,0,0,100.00%,0.00%,0.00%,0.00%,0.00%,0.00%,0.00%
20260127,15,陈晋福,1367,電視超人,4997,CF-300X250-電視超人,,,,18,18,0,18,0,0,0,0,0,100.00%,0.00%,0.00%,0.00%,0.00%,0.00%,0.00%
20260127,15,麥智維,999,動漫戲說,6069,CF-300*250-首頁-動漫戲說,,,,128,128,6,122,6,0,0,0,0,100.00%,4.69%,4.69%,0.00%,0.00%,0.00%,0.00%
20260127,15,莊博凱,1676,夢遊電玩-exchange,6310,CF-160*600-網頁右側-夢遊電玩-exchange,,,,20,20,0,20,0,0,0,0,0,100.00%,0.00%,0.00%,0.00%,0.00%,0.00%,0.00%
20260127,15,精鏡傳媒股份有限公司,1060,鏡週刊,8250,MW_置底創意(非展開)_鏡週刊,,知名媒體,,627,625,0,625,0,0,0,0,0,99.68%,0.00%,0.00%,0.00%,0.00%,0.00%,0.00%
20260127,15,臺灣電視事業股份有限公司,52,台視,8313,PC-300x250_內文第一塊_台視財經,,知名媒體,,18,18,0,18,0,0,0,0,0,100.00%,0.00%,0.00%,0.00%,0.00%,0.00%,0.00%
20260127,15,布林遊國際有限公司,1692,Bring You,8393,CF-300X250-上方通欄右側_BringYou,,知名媒體,,18,18,0,18,0,0,0,0,0,100.00%,0.00%,0.00%,0.00%,0.00%,0.00%,0.00%
20260127,15,巧克科技新媒體股份有限公司,2127,LINE TV_Banner-exchange,8576,CF_336x280_戲劇-右側好康資訊下方_LINE TV-exchange,,知名媒體,,24,24,0,24,0,0,0,0,0,100.00%,0.00%,0.00%,0.00%,0.00%,0.00%,0.00%
20260127,15,巧克科技新媒體股份有限公司,2127,LINE TV_Banner-exchange,8577,CF_336x280_戲劇-右側好康資訊上方_LINE TV-exchange,,知名媒體,,6,6,0,6,0,0,0,0,0,100.00%,0.00%,0.00%,0.00%,0.00%,0.00%,0.00%
20260127,15,鳳梨傳媒股份有限公司,2190,民視新聞網-Exchange,8862,CF_970X90_分類新聞內頁上方_民視新聞(MCM),,知名媒體,,12,12,0,12,0,0,0,0,0,100.00%,0.00%,0.00%,0.00%,0.00%,0.00%,0.00%
20260127,16,愛七桃有限公司,2152,寶可夢資訊站,10008,MW-320X100-進入道館功能框下方-寶可夢資訊站,,,,19,19,0,19,0,0,0,0,0,100.00%,0.00%,0.00%,0.00%,0.00%,0.00%,0.00%
20260127,16,英屬維京群島商浩美數位有限公司台灣分公司,2315,Teepr亮新聞-exchange,10012,CF_336x280Banner_Teepr亮新聞-exchange,,知名媒體,,"1,939","1,939",35,"1,904",12,23,23,0,0,100.00%,1.81%,0.62%,1.19%,1.19%,0.00%,0.00%
20260127,16,昱得資訊工作室,2528,數位書香,11080,CF_728x90_首頁上方_數位書香,antifroud,,,40,40,0,40,0,0,0,0,0,100.00%,0.00%,0.00%,0.00%,0.00%,0.00%,0.00%
20260127,16,昱得資訊工作室,2528,數位書香,11081,CF_160x600_首頁右側_數位書香,antifroud,,,906,906,0,906,0,0,0,0,0,100.00%,0.00%,0.00%,0.00%,0.00%,0.00%,0.00%
20260127,16,第一網站股份有限公司,2518,麻辣家族討論區(twbts),11082,CF-728X90-twbts,antifroud,,,517,517,0,517,0,0,0,0,0,100.00%,0.00%,0.00%,0.00%,0.00%,0.00%,0.00%
20260127,16,第一網站股份有限公司,2540,risu短網址,11260,MW-300X250-MB_page_left-risu,,知名媒體,,6,6,0,6,0,0,0,0,0,100.00%,0.00%,0.00%,0.00%,0.00%,0.00%,0.00%
20260127,16,第一網站股份有限公司,2492,ttshow,11273,MW-300X250-ttshow,,知名媒體,,6,6,0,6,0,0,0,0,0,100.00%,0.00%,0.00%,0.00%,0.00%,0.00%,0.00%
20260127,16,第一網站股份有限公司,2601,Meme梗圖倉庫,11443,CF-336X280-meme,,,,"1,278","1,278",0,"1,278",0,0,0,0,0,100.00%,0.00%,0.00%,0.00%,0.00%,0.00%,0.00%
20260127,16,艾得基客行銷顧問股份有限公司,2578,鉅亨網,12070,MW_320x480_文中創意_鉅亨網,,知名媒體,,"4,614","4,614",6,"4,608",0,6,6,0,0,100.00%,0.13%,0.00%,0.13%,0.13%,0.00%,0.00%
20260127,16,第一網站股份有限公司,2540,risu短網址,12496,CF_300x250_popup(直播) _risu短網址,antifroud,知名媒體,,14,14,0,14,0,0,0,0,0,100.00%,0.00%,0.00%,0.00%,0.00%,0.00%,0.00%
20260127,16,時報資訊股份有限公司,2770,中時電子報_HB,12559,CF_300x250_右側互動看版_中時電子報_HB,,知名媒體,,611,611,18,593,9,9,9,0,0,100.00%,2.95%,1.47%,1.47%,1.47%,0.00%,0.00%
20260127,16,時報資訊股份有限公司,2770,中時電子報_HB,12560,CF_336x280_文中看板_中時電子報_HB,,知名媒體,,621,621,33,588,18,15,15,0,0,100.00%,5.31%,2.90%,2.42%,2.42%,0.00%,0.00%
20260127,16,時報資訊股份有限公司,2770,中時電子報_HB,12561,MW_300x250_內頁TOP Banner_中時電子報_HB,antifroud,知名媒體,,881,881,32,849,12,20,20,0,0,100.00%,3.63%,1.36%,2.27%,2.27%,0.00%,0.00%
20260127,16,第一網站股份有限公司,2768,czbooks,12570,CF_728x90_banner_czbooks,,,,"2,261","2,261",24,"2,237",24,0,0,0,0,100.00%,1.06%,1.06%,0.00%,0.00%,0.00%,0.00%
20260127,16,鳳梨傳媒股份有限公司,2190,民視新聞網-Exchange,12579,CF_300x250_右側第一塊_民視新聞網-Exchange(RWD)(MCM),,知名媒體,,"2,297","2,297",13,"2,284",4,9,9,0,0,100.00%,0.57%,0.17%,0.39%,0.39%,0.00%,0.00%
20260127,16,鳳梨傳媒股份有限公司,2190,民視新聞網-Exchange,12580,CF_300x250_內文文中左側_民視新聞網-Exchange(RWD)(MCM),,知名媒體,,"2,355","2,355",38,"2,317",7,31,31,0,0,100.00%,1.61%,0.30%,1.32%,1.32%,0.00%,0.00%
20260127,16,第一網站股份有限公司,2783,漫畫櫃manhuagui,12676,CF_728X90_manhuagui,antifroud,,,"7,790","7,790",10,"7,780",8,2,2,0,0,100.00%,0.13%,0.10%,0.03%,0.03%,0.00%,0.00%
20260127,16,艾得基客行銷顧問股份有限公司,2635,工商時報,12761,MW_320x480_文中創意_工商時報new,,知名媒體,,12,12,0,12,0,0,0,0,0,100.00%,0.00%,0.00%,0.00%,0.00%,0.00%,0.00%
20260127,16,金隼行銷股份有限公司,2786,91譜,12792,MW_置底創意_91譜,,知名媒體,,18,18,0,18,0,0,0,0,0,100.00%,0.00%,0.00%,0.00%,0.00%,0.00%,0.00%
20260127,16,第一網站股份有限公司,2801,damanwoo,12868,CF-300x250_Banner_damanwoo_大人物,,,,36,36,0,36,0,0,0,0,0,100.00%,0.00%,0.00%,0.00%,0.00%,0.00%,0.00%
20260127,16,時報資訊股份有限公司,2335,中時電子報_2019,12974,MW-置底創意(展開)-中時電子報_2019,antifroud,知名媒體,,12,12,0,12,0,0,0,0,0,100.00%,0.00%,0.00%,0.00%,0.00%,0.00%,0.00%
20260127,16,第一網站股份有限公司,2836,vivi01,13032,MW_置底創意_vivi01 ViVi視頻,,,,43,43,0,43,0,0,0,0,0,100.00%,0.00%,0.00%,0.00%,0.00%,0.00%,0.00%
20260127,16,第一網站股份有限公司,2862,Manhuaren,13254,MW_320x100_banner_manhuaren,,,,6,6,0,6,0,0,0,0,0,100.00%,0.00%,0.00%,0.00%,0.00%,0.00%,0.00%
20260127,16,和運租車股份有限公司,2878,abc好車網,13368,CF_970x90_物件頁下方_abc好車網,,知名媒體,,24,24,0,24,0,0,0,0,0,100.00%,0.00%,0.00%,0.00%,0.00%,0.00%,0.00%
20260127,16,譚謹恩,2885,Mr. & Mrs. Diary-exchange,13405,CF_970x250_內文文中_Mr. & Mrs. Diary-exchange,,,,9,9,0,9,0,0,0,0,0,100.00%,0.00%,0.00%,0.00%,0.00%,0.00%,0.00%
20260127,16,曾憲敏,202,85小說網,13445,MW_336X280_全量1_85小說網,,,,418,418,1,417,0,1,1,0,0,100.00%,0.24%,0.00%,0.24%,0.24%,0.00%,0.00%
20260127,16,曾憲敏,202,85小說網,13446,MW_336X280_全量2_85小說網,,,,"3,094","3,090",1,"3,089",0,1,1,0,0,99.87%,0.03%,0.00%,0.03%,0.03%,0.00%,0.00%
20260127,16,第一網站股份有限公司,2910,clickme,13548,(子)CF_300x250_banner_clickme(一般),,,子聯播網,52,52,0,52,0,0,0,0,0,100.00%,0.00%,0.00%,0.00%,0.00%,0.00%,0.00%
20260127,16,第一網站股份有限公司,2910,clickme,13549,CF_300x250_banner_clickme(一般),,,,277,277,0,277,0,0,0,0,0,100.00%,0.00%,0.00%,0.00%,0.00%,0.00%,0.00%
20260127,16,第一網站股份有限公司,2916,KiKiNote,13576,(子)CF_300x250_banner_kikinote,,知名媒體,子聯播網,119,119,0,119,0,0,0,0,0,100.00%,0.00%,0.00%,0.00%,0.00%,0.00%,0.00%
20260127,16,第一網站股份有限公司,2768,czbooks,13903,(子)CF_300x250_banner_czbooks(直播),antifroud,,子聯播網,"178,865","178,865",490,"178,375",317,173,173,0,0,100.00%,0.27%,0.18%,0.10%,0.10%,0.00%,0.00%
20260127,16,第一網站股份有限公司,2768,czbooks,14036,MW_320x480_CZBOOKS,antifroud,,,59,59,0,59,0,0,0,0,0,100.00%,0.00%,0.00%,0.00%,0.00%,0.00%,0.00%
20260127,16,陳人鳳,480,飛格寵物家族_PC,1407,CF-728X90_上方通欄_飛格寵物家族,,,,38,38,7,31,2,5,5,0,0,100.00%,18.42%,5.26%,13.16%,13.16%,0.00%,0.00%
20260127,16,陳人鳳,480,飛格寵物家族_PC,1408,CF-300X250_內文_飛格寵物家族,,,,74,74,26,48,0,26,26,0,0,100.00%,35.14%,0.00%,35.14%,35.14%,0.00%,0.00%
20260127,16,闇碼科技股份有限公司,3048,縮短網址產生器-reurl,14210,MW_文中創意300x250_縮短網址產生器-reurl,,知名媒體,,130,130,42,88,36,6,6,0,0,100.00%,32.31%,27.69%,4.62%,4.62%,0.00%,0.00%
20260127,16,巨思文化股份有限公司,3052,經理人_HB,14238,MW_文章結束第一塊_300x250_經理人-HB,,知名媒體,,7,7,0,7,0,0,0,0,0,100.00%,0.00%,0.00%,0.00%,0.00%,0.00%,0.00%
20260127,16,巨思文化股份有限公司,3052,經理人_HB,14241,MW_300x250_內文下方_經理人-HB,,知名媒體,,7,7,0,7,0,0,0,0,0,100.00%,0.00%,0.00%,0.00%,0.00%,0.00%,0.00%
20260127,16,巨思文化股份有限公司,3053,數位時代_HB,14242,CF_300x250_內文下方左側_數位時代-HB,,知名媒體,,12,12,0,12,0,0,0,0,0,100.00%,0.00%,0.00%,0.00%,0.00%,0.00%,0.00%
20260127,16,巨思文化股份有限公司,3053,數位時代_HB,14243,CF_300x250_內文下方右側_數位時代-HB,,知名媒體,,6,6,0,6,0,0,0,0,0,100.00%,0.00%,0.00%,0.00%,0.00%,0.00%,0.00%
20260127,16,巨思文化股份有限公司,3053,數位時代_HB,14246,MW_300x250_文章結束第一塊_數位時代-HB,,知名媒體,,12,12,0,12,0,0,0,0,0,100.00%,0.00%,0.00%,0.00%,0.00%,0.00%,0.00%
20260127,16,富盈數據股份有限公司,3059,塔科女子,14258,CF_336x280_全網_塔科女子,,知名媒體,,6,6,0,6,0,0,0,0,0,100.00%,0.00%,0.00%,0.00%,0.00%,0.00%,0.00%
20260127,16,CBROOT LTD,3003,包子漫畫-exchange,14291,MW_300x250_蓋板(PB)_包子漫畫,,,,114,114,0,114,0,0,0,0,0,100.00%,0.00%,0.00%,0.00%,0.00%,0.00%,0.00%
20260127,16,朱光宁,3152,石頭小說-exchange,14472,MW_336x280_Banner_石頭小說,,,,316,316,0,316,0,0,0,0,0,100.00%,0.00%,0.00%,0.00%,0.00%,0.00%,0.00%
20260127,16,第一網站股份有限公司,3259,lookit,14698,MW_336x280_Banner_lookit,,,,6,6,0,6,0,0,0,0,0,100.00%,0.00%,0.00%,0.00%,0.00%,0.00%,0.00%
20260127,16,朱光宁,3149,稷下書院-exchange,14748,MW_320x100_置底(PB)_稷下書院,,,,"23,667","23,667",89,"23,578",32,57,57,0,0,100.00%,0.38%,0.14%,0.24%,0.24%,0.00%,0.00%
20260127,16,巨思文化股份有限公司,3053,數位時代_HB,14764,MW_置底創意_(非展開)_數位時代_HB,,知名媒體,,238,238,0,238,0,0,0,0,0,100.00%,0.00%,0.00%,0.00%,0.00%,0.00%,0.00%
20260127,16,中天電視股份有限公司,3282,中天新聞網-exchange,14980,CF_970x250_內頁_PC置頂橫幅-中天新聞網-exchange,,知名媒體,,172,172,36,136,18,18,18,0,0,100.00%,20.93%,10.47%,10.47%,10.47%,0.00%,0.00%
20260127,16,葉志斌,3319,繁中寶可夢卡表生成器-奶爸工作室-mobile,15197,MW_置底創意_繁中寶可夢卡表生成器-奶爸工作室,,,,6,6,0,6,0,0,0,0,0,100.00%,0.00%,0.00%,0.00%,0.00%,0.00%,0.00%
20260127,16,中天電視股份有限公司,3282,中天新聞網-exchange,15859,CF_336x280_內頁_PC右側互動看板B-中天新聞網-exchange,,知名媒體,,"1,018","1,018",137,881,88,49,49,0,0,100.00%,13.46%,8.64%,4.81%,4.81%,0.00%,0.00%
20260127,16,CBROOT LTD,3352,西瓜卡通-exchange,15970,CF_160x600_影音內容_西瓜卡通-exchange,,,,14,14,0,14,0,0,0,0,0,100.00%,0.00%,0.00%,0.00%,0.00%,0.00%,0.00%
20260127,16,朱光宁,3360,提莫書屋-exchange,16957,MW_336x280banner_提莫書屋_exchange,,,,"16,067","16,067",107,"15,960",36,71,71,0,0,100.00%,0.67%,0.22%,0.44%,0.44%,0.00%,0.00%
20260127,16,朱光宁,3361,提莫書屋-mobile,16959,MW_320x480_文中創意_提莫書屋-mobile,,,,42,42,0,42,0,0,0,0,0,100.00%,0.00%,0.00%,0.00%,0.00%,0.00%,0.00%
20260127,16,欣發現股份有限公司,3364,女子學-mobile,16972,MW_置底創意_女子學,antifroud,,,140,140,0,140,0,0,0,0,0,100.00%,0.00%,0.00%,0.00%,0.00%,0.00%,0.00%
20260127,16,欣發現股份有限公司,3363,大人物-mobile,16973,MW_置底創意_大人物,,知名媒體,,6,6,0,6,0,0,0,0,0,100.00%,0.00%,0.00%,0.00%,0.00%,0.00%,0.00%
20260127,16,第一網站股份有限公司,2783,漫畫櫃manhuagui,17027,MW_320x480_蓋版_漫畫櫃manhuagui,,,,18,18,0,18,0,0,0,0,0,100.00%,0.00%,0.00%,0.00%,0.00%,0.00%,0.00%
20260127,16,艾得基客行銷顧問股份有限公司,3373,良醫健康網,17092,MW_置底創意_良醫健康網,,知名媒體,,36,36,0,36,0,0,0,0,0,100.00%,0.00%,0.00%,0.00%,0.00%,0.00%,0.00%
20260127,16,朱光宁,3268,稷下書院-mobile,17207,MW_320x480_蓋版_稷下書院-mobile,,,,479,479,0,479,0,0,0,0,0,100.00%,0.00%,0.00%,0.00%,0.00%,0.00%,0.00%
20260127,16,中華電視股份有限公司,3389,華視-mobile,17230,MW_置底創意(非展開)_華視-mobile,,知名媒體,,18,18,0,18,0,0,0,0,0,100.00%,0.00%,0.00%,0.00%,0.00%,0.00%,0.00%
20260127,16,李立娟,3395,vivi0視頻-exchange,17293,CF_336x280_Banner_vivi01視頻-exchange,antifroud,,,"40,810","40,810",65,"40,745",27,38,38,0,0,100.00%,0.16%,0.07%,0.09%,0.09%,0.00%,0.00%
20260127,16,李立娟,3395,vivi0視頻-exchange,17294,MW_336x280_Banner_vivi01視頻-exchange,antifroud,,,"27,345","27,301",62,"27,239",20,42,42,0,0,99.84%,0.23%,0.07%,0.15%,0.15%,0.00%,0.00%
20260127,16,李立娟,3395,vivi0視頻-exchange,17299,MW_300x250_蓋板(PB)-vivi01視頻-exchange,,,,12,12,0,12,0,0,0,0,0,100.00%,0.00%,0.00%,0.00%,0.00%,0.00%,0.00%
20260127,16,李立娟,3395,vivi0視頻-exchange,17300,MW_320x100_置底(PB)_vivi01視頻-exchange,antifroud,,,"3,804","3,804",8,"3,796",2,6,6,0,0,100.00%,0.21%,0.05%,0.16%,0.16%,0.00%,0.00%
20260127,16,李立娟,3397,趣聞圖說-exchange,17309,MW_336x280_文中Banner_趣聞圖說-exchange,,,,277,276,66,210,4,62,62,0,0,99.64%,23.91%,1.45%,22.46%,22.46%,0.00%,0.00%
20260127,16,曾憲敏,601,85小說網_PC,1773,CF-300x250_85小說網_內文1,,,,428,428,2,426,0,2,2,0,0,100.00%,0.47%,0.00%,0.47%,0.47%,0.00%,0.00%
20260127,16,李立娟,3396,趣聞圖說-Mobile,17923,MW_置底創意(展開)_趣聞圖說-Mobile,,,,42,42,0,42,0,0,0,0,0,100.00%,0.00%,0.00%,0.00%,0.00%,0.00%,0.00%
20260127,16,第一網站股份有限公司,2768,czbooks,17927,MW_置底創意_czbook,,,,"4,812","4,812",7,"4,805",2,5,5,0,0,100.00%,0.15%,0.04%,0.10%,0.10%,0.00%,0.00%
20260127,16,時報資訊股份有限公司_工商時報,3427,工商時報-exchange,18003,CF_300x250_互動看板2_工商時報-exchange,,知名媒體,,14,14,0,14,0,0,0,0,0,100.00%,0.00%,0.00%,0.00%,0.00%,0.00%,0.00%
20260127,16,時報資訊股份有限公司_工商時報,3427,工商時報-exchange,18007,CF_336x280_文末右側看板_工商時報-exchange,,知名媒體,,18,18,0,18,0,0,0,0,0,100.00%,0.00%,0.00%,0.00%,0.00%,0.00%,0.00%
20260127,16,時報資訊股份有限公司_工商時報,3427,工商時報-exchange,18008,CF_336x280_文末左側看板_工商時報-exchange,,知名媒體,,6,6,0,6,0,0,0,0,0,100.00%,0.00%,0.00%,0.00%,0.00%,0.00%,0.00%
20260127,16,時報資訊股份有限公司_工商時報,3427,工商時報-exchange,18014,MW_300x250_文末Banner1_工商時報-exchange,,知名媒體,,99,99,0,99,0,0,0,0,0,100.00%,0.00%,0.00%,0.00%,0.00%,0.00%,0.00%
20260127,16,時報資訊股份有限公司_工商時報,3427,工商時報-exchange,18015,MW_300x250_文末Banner2_工商時報-exchange,,知名媒體,,150,150,0,150,0,0,0,0,0,100.00%,0.00%,0.00%,0.00%,0.00%,0.00%,0.00%
20260127,16,第一網站股份有限公司,3440,fsa_passback_first,18201,CF_336x280_fsa_passback_first,,,,"1,875","1,875",68,"1,807",41,27,27,0,0,100.00%,3.63%,2.19%,1.44%,1.44%,0.00%,0.00%
20260127,16,第一網站股份有限公司,3440,fsa_passback_first,18202,CF_300x250_fsa_passback_first,,,,"4,445","4,445",102,"4,343",31,71,71,0,0,100.00%,2.29%,0.70%,1.60%,1.60%,0.00%,0.00%
20260127,16,朱光宁,3268,稷下書院-mobile,18297,MW_置底創意(展開)_稷下書院-mobile,,,,157,157,4,153,0,4,4,0,0,100.00%,2.55%,0.00%,2.55%,2.55%,0.00%,0.00%
20260127,16,冰楓科技有限公司,3485,冰楓論壇-exchange,18487,CF_970x90_內文上方第一塊_冰楓論壇-exchange,,,,862,862,38,824,30,8,8,0,0,100.00%,4.41%,3.48%,0.93%,0.93%,0.00%,0.00%
20260127,16,冰楓科技有限公司,3485,冰楓論壇-exchange,18488,MW_320x100_內文上方第一塊_ 冰楓論壇-exchange,antifroud,,,40,40,0,40,0,0,0,0,0,100.00%,0.00%,0.00%,0.00%,0.00%,0.00%,0.00%
20260127,16,冰楓科技有限公司,3485,冰楓論壇-exchange,18492,MW_300x250_Banner_ 冰楓論壇-exchange,,,,265,265,2,263,0,2,2,0,0,100.00%,0.75%,0.00%,0.75%,0.75%,0.00%,0.00%
20260127,16,闇碼科技股份有限公司,3048,縮短網址產生器-reurl,18535,MW_蓋版_縮短網址產生器-reurl,,知名媒體,,6,6,0,6,0,0,0,0,0,100.00%,0.00%,0.00%,0.00%,0.00%,0.00%,0.00%
20260127,16,CBROOT LTD,3510,包子漫畫_twmanga-exchange,18737,CF_970x90_Banner_ 包子漫畫_twmanga-exchange,,,,110,110,0,110,0,0,0,0,0,100.00%,0.00%,0.00%,0.00%,0.00%,0.00%,0.00%
20260127,16,舒禾驊,3535,荷花動漫筆記,18887,CF_336x280_文章頁文中_荷花動漫筆記,,,,18,18,3,15,0,3,3,0,0,100.00%,16.67%,0.00%,16.67%,16.67%,0.00%,0.00%
20260127,16,台灣英文新聞股份有限公司,3537,台灣英文新聞(new)-exchange,18924,CF_300x250_內容頁_右側看版_1_台灣英文新聞(new)-exchange,,知名媒體,,43,43,21,22,15,6,6,0,0,100.00%,48.84%,34.88%,13.95%,13.95%,0.00%,0.00%
20260127,16,聯合線上股份有限公司,3549,UDN元氣網,19018,CF_首頁文章推薦第三格300x250_UDN元氣網,,知名媒體,,39,39,0,39,0,0,0,0,0,100.00%,0.00%,0.00%,0.00%,0.00%,0.00%,0.00%
20260127,16,艾得基客行銷顧問股份有限公司,3490,太報,19043,MW_置底創意(展開)_太報,,知名媒體,,368,368,0,368,0,0,0,0,0,100.00%,0.00%,0.00%,0.00%,0.00%,0.00%,0.00%
20260127,16,艾得基客行銷顧問股份有限公司,3552,玩具人,19044,MW_320x480_文中創意_玩具人,,知名媒體,,140,140,0,140,0,0,0,0,0,100.00%,0.00%,0.00%,0.00%,0.00%,0.00%,0.00%
20260127,16,先驅媒體社會企業股份有限公司,3554,新頭殼(R18),19047,(子)CF_300x250Banner_newtalk.tw_content_300250_1_新頭殼(R18),,知名媒體,子聯播網,6,6,0,6,0,0,0,0,0,100.00%,0.00%,0.00%,0.00%,0.00%,0.00%,0.00%
20260127,16,第一網站股份有限公司,2783,漫畫櫃manhuagui,20685,MW_300X250_manhuagui,antifroud,,,"4,989","4,989",21,"4,968",17,4,4,0,0,100.00%,0.42%,0.34%,0.08%,0.08%,0.00%,0.00%
20260127,16,德榕企業有限公司,3578,TW Bodhi_mobile,20708,MW_蓋板_TW Bodhi,,,,358,358,2,356,0,2,2,0,0,100.00%,0.56%,0.00%,0.56%,0.56%,0.00%,0.00%
20260127,16,德榕企業有限公司,3581,忘憂書屋,20727,CF_336x280文章頁(RWD)_忘憂書屋,,,,58,58,0,58,0,0,0,0,0,100.00%,0.00%,0.00%,0.00%,0.00%,0.00%,0.00%
20260127,16,德榕企業有限公司,3582,忘憂書屋_mobile,20728,MW_文中創意300x250_忘憂書屋,,,,30,30,0,30,0,0,0,0,0,100.00%,0.00%,0.00%,0.00%,0.00%,0.00%,0.00%
20260127,16,德榕企業有限公司,3582,忘憂書屋_mobile,20729,MW_蓋板_忘憂書屋,,,,6,6,0,6,0,0,0,0,0,100.00%,0.00%,0.00%,0.00%,0.00%,0.00%,0.00%
20260127,16,第一網站股份有限公司,2916,KiKiNote,20731,CF_300x250_banner_kikinote (PB),,知名媒體,,138,138,0,138,0,0,0,0,0,100.00%,0.00%,0.00%,0.00%,0.00%,0.00%,0.00%
20260127,16,第一網站股份有限公司,2910,clickme,20735,(子)CF_300x250_banner_clickme(成人),,,子聯播網,587,587,0,587,0,0,0,0,0,100.00%,0.00%,0.00%,0.00%,0.00%,0.00%,0.00%
20260127,16,CBROOT LTD,3637,包子漫畫2024-exchange,21502,MW_336x280_Banner_包子漫畫2024-exchange,antifroud,,,7,7,0,7,0,0,0,0,0,100.00%,0.00%,0.00%,0.00%,0.00%,0.00%,0.00%
20260127,16,第一網站股份有限公司,3440,fsa_passback_first,21699,CF_336x280_fsa_passback_first,,,,"5,369","5,369",59,"5,310",0,59,59,0,0,100.00%,1.10%,0.00%,1.10%,1.10%,0.00%,0.00%
20260127,16,朱光宁,3269,石頭小說-mobile,21741,MW_320x480_蓋版_石頭小說-mobile,antifroud,,,6,6,0,6,0,0,0,0,0,100.00%,0.00%,0.00%,0.00%,0.00%,0.00%,0.00%
20260127,16,富盈數據股份有限公司,3653,TVBS-女人我最大_HB,21760,MW_文章三_336x280_TVBS-女人我最大_HB,,知名媒體,,12,12,0,12,0,0,0,0,0,100.00%,0.00%,0.00%,0.00%,0.00%,0.00%,0.00%
20260127,16,富盈數據股份有限公司,3653,TVBS-女人我最大_HB,21761,MW_文章四_336x280_TVBS-女人我最大_HB,,知名媒體,,446,446,2,444,0,2,2,0,0,100.00%,0.45%,0.00%,0.45%,0.45%,0.00%,0.00%
20260127,16,富盈數據股份有限公司,3653,TVBS-女人我最大_HB,21763,MW_文中創意320x480_TVBS-女人我最大_HB,,知名媒體,,315,315,0,315,0,0,0,0,0,100.00%,0.00%,0.00%,0.00%,0.00%,0.00%,0.00%
20260127,16,富盈數據股份有限公司,3654,TVBS-健康2.0_HB,21768,MW_文中創意320x480_TVBS-健康2.0_HB,,知名媒體,,"4,562","4,562",9,"4,553",2,7,7,0,0,100.00%,0.20%,0.04%,0.15%,0.15%,0.00%,0.00%
20260127,16,富盈數據股份有限公司,3655,TVBS-食尚玩家_HB,21773,MW_文中創意320x480_TVBS-食尚玩家_HB,,知名媒體,,117,117,0,117,0,0,0,0,0,100.00%,0.00%,0.00%,0.00%,0.00%,0.00%,0.00%
20260127,16,富盈數據股份有限公司,3653,TVBS-女人我最大_HB,21803,MW_文章一_336x280_TVBS-女人我最大_HB,,知名媒體,,6,6,0,6,0,0,0,0,0,100.00%,0.00%,0.00%,0.00%,0.00%,0.00%,0.00%
20260127,16,先驅媒體社會企業股份有限公司,3554,新頭殼(R18),21839,ＭＷ_336x280Banner_newtalk.tw_mobile_all_336280_2_新頭殼(R18),antifroud,知名媒體,,50,50,0,50,0,0,0,0,0,100.00%,0.00%,0.00%,0.00%,0.00%,0.00%,0.00%
20260127,16,先驅媒體社會企業股份有限公司,3554,新頭殼(R18),21840,ＭＷ_336x280Banner_newtalk.tw_mobile_all_336280_3_新頭殼(R18),,知名媒體,,6,6,0,6,0,0,0,0,0,100.00%,0.00%,0.00%,0.00%,0.00%,0.00%,0.00%
20260127,16,儂儂雜誌社股份有限公司(bella儂儂),2135,Bella儂儂_2024,21876,MW-300x250_文章標題上方1_Bella儂儂,,知名媒體,,183,183,1,182,0,1,1,0,0,100.00%,0.55%,0.00%,0.55%,0.55%,0.00%,0.00%
20260127,16,富盈數據股份有限公司,3680,TVBS-新聞網_HB,21898,CF_文章右側300x600_TVBS-新聞網_HB,,知名媒體,,12,12,0,12,0,0,0,0,0,100.00%,0.00%,0.00%,0.00%,0.00%,0.00%,0.00%
20260127,16,富盈數據股份有限公司,3680,TVBS-新聞網_HB,21899,MW_文章一_336x280_TVBS-新聞網_HB,,知名媒體,,"1,957","1,957",2,"1,955",0,2,2,0,0,100.00%,0.10%,0.00%,0.10%,0.10%,0.00%,0.00%
20260127,16,富盈數據股份有限公司,3680,TVBS-新聞網_HB,21900,MW_文章三_336x280_TVBS-新聞網_HB,,知名媒體,,168,168,0,168,0,0,0,0,0,100.00%,0.00%,0.00%,0.00%,0.00%,0.00%,0.00%
20260127,16,富盈數據股份有限公司,3680,TVBS-新聞網_HB,21902,MW_文章置底_320x100_TVBS-新聞網_HB,,知名媒體,,"2,175","2,175",6,"2,169",0,6,6,0,0,100.00%,0.28%,0.00%,0.28%,0.28%,0.00%,0.00%
20260127,16,富盈數據股份有限公司,3684,稅美人_mobile,21923,MW_置底創意(非展開)_稅美人-mobile,,,,"1,625","1,625",0,"1,625",0,0,0,0,0,100.00%,0.00%,0.00%,0.00%,0.00%,0.00%,0.00%
20260127,16,富盈數據股份有限公司,3685,玩桌遊_mobile,21924,MW_置底創意(非展開)_玩桌遊-mobile,,,,204,204,0,204,0,0,0,0,0,100.00%,0.00%,0.00%,0.00%,0.00%,0.00%,0.00%
20260127,16,富盈數據股份有限公司,2615,熱血台中,21986,CF_336x280_全網_熱血台中,,,,12,12,0,12,0,0,0,0,0,100.00%,0.00%,0.00%,0.00%,0.00%,0.00%,0.00%
20260127,16,富盈數據股份有限公司,2615,熱血台中,21987,CF_336x280_全網_熱血台中,,,,15,15,0,15,0,0,0,0,0,100.00%,0.00%,0.00%,0.00%,0.00%,0.00%,0.00%
20260127,16,富盈數據股份有限公司,3704,天天要聞,22030,CF_300 x 250 banner_天天要聞_cpc2,,,,821,821,7,814,4,3,3,0,0,100.00%,0.85%,0.49%,0.37%,0.37%,0.00%,0.00%
20260127,16,富盈數據股份有限公司,3703,繁體小說,22031,CF_300 x 250 banner_繁體小說_cpc2,,,,26,26,0,26,0,0,0,0,0,100.00%,0.00%,0.00%,0.00%,0.00%,0.00%,0.00%
20260127,16,朱光宁,3708,石頭小說,22045,CF_336 x 280 banner_石頭小說_cpc1.67,antifroud,,,194,194,2,192,0,2,2,0,0,100.00%,1.03%,0.00%,1.03%,1.03%,0.00%,0.00%
20260127,16,冠妍動力科技有限公司,484,小老婆汽機車資訊網,22058,MW_文中創意320x480_小老婆汽機車資訊網-測試,,知名媒體,,19,19,0,19,0,0,0,0,0,100.00%,0.00%,0.00%,0.00%,0.00%,0.00%,0.00%
20260127,16,朱光宁,3718,稷下書院2,22092,MW_置底創意(非展開)_稷下書院2,antifroud,,,"62,857","62,857",93,"62,764",2,91,91,0,0,100.00%,0.15%,0.00%,0.14%,0.14%,0.00%,0.00%
20260127,16,朱光宁,3718,稷下書院2,22093,CF_336 x 280 banner_稷下書院2_cpc1.67,antifroud,,,48,48,0,48,0,0,0,0,0,100.00%,0.00%,0.00%,0.00%,0.00%,0.00%,0.00%
20260127,16,富盈數據股份有限公司,3680,TVBS-新聞網_HB,22131,CF_文中300x250_TVBS-新聞網_HB_1,,知名媒體,,12,12,0,12,0,0,0,0,0,100.00%,0.00%,0.00%,0.00%,0.00%,0.00%,0.00%
20260127,16,富盈數據股份有限公司,3680,TVBS-新聞網_HB,22132,CF_文中300x250_TVBS-新聞網_HB_2,,知名媒體,,42,42,2,40,0,2,2,0,0,100.00%,4.76%,0.00%,4.76%,4.76%,0.00%,0.00%
20260127,16,富盈數據股份有限公司,3680,TVBS-新聞網_HB,22133,CF_文中300x250_TVBS-新聞網_HB_3,,知名媒體,,106,106,12,94,0,12,12,0,0,100.00%,11.32%,0.00%,11.32%,11.32%,0.00%,0.00%
20260127,16,闇碼科技股份有限公司,3048,縮短網址產生器-reurl,22213,MW_蓋版_縮短網址產生器-reurl-2025.05(特殊供量),,知名媒體,,149,149,83,66,69,14,14,0,0,100.00%,55.70%,46.31%,9.40%,9.40%,0.00%,0.00%
20260127,16,艾得基客行銷顧問股份有限公司,3724,上報,22217,MW_置底創意(非展開)_上報,,知名媒體,,194,194,0,194,0,0,0,0,0,100.00%,0.00%,0.00%,0.00%,0.00%,0.00%,0.00%
20260127,16,艾得基客行銷顧問股份有限公司,3724,上報,22218,MW_置底(展開)_上報,,知名媒體,,202,202,1,201,0,1,1,0,0,100.00%,0.50%,0.00%,0.50%,0.50%,0.00%,0.00%
20260127,16,欣發現股份有限公司,3363,大人物-mobile,22222,MW_蓋板_大人物,,知名媒體,,27,27,5,22,0,5,5,0,0,100.00%,18.52%,0.00%,18.52%,18.52%,0.00%,0.00%
20260127,16,朱光宁,3741,石頭小說3,22396,MW_置底_石頭小說3,,,,6,6,1,5,0,1,1,0,0,100.00%,16.67%,0.00%,16.67%,16.67%,0.00%,0.00%
20260127,16,朱光宁,3741,石頭小說3,22398,CF_336 x 280 banner_石頭小說3_cpc1.67,,,,206,206,0,206,0,0,0,0,0,100.00%,0.00%,0.00%,0.00%,0.00%,0.00%,0.00%
20260127,16,艾得基客行銷顧問股份有限公司,3724,上報,22405,MW_蓋版_上報,,知名媒體,,34,34,0,34,0,0,0,0,0,100.00%,0.00%,0.00%,0.00%,0.00%,0.00%,0.00%
20260127,16,闇碼科技股份有限公司,3068,限時圖片-imgus,22406,MW_置底_imgus,antifroud,,,166,166,0,166,0,0,0,0,0,100.00%,0.00%,0.00%,0.00%,0.00%,0.00%,0.00%
20260127,16,第一網站股份有限公司,2783,漫畫櫃manhuagui,22443,MW_置底_manhuagui,antifroud,,,"2,613","2,613",4,"2,609",0,4,4,0,0,100.00%,0.15%,0.00%,0.15%,0.15%,0.00%,0.00%
20260127,16,艾得基客行銷顧問股份有限公司,3490,太報,22495,MW_300x250 BANNER_太報_CPM5,,知名媒體,子聯播網,34,34,0,34,0,0,0,0,0,100.00%,0.00%,0.00%,0.00%,0.00%,0.00%,0.00%
20260127,16,艾得基客行銷顧問股份有限公司,2689,Basketball Top5,22498,MW_300x250 Banner_Basketball TOP5_CPM5,,,子聯播網,274,274,0,274,0,0,0,0,0,100.00%,0.00%,0.00%,0.00%,0.00%,0.00%,0.00%
20260127,16,艾得基客行銷顧問股份有限公司,2578,鉅亨網,22507,MW_300x250_鉅亨網_直播用BN-1,,知名媒體,子聯播網,"1,889","1,889",6,"1,883",0,6,6,0,0,100.00%,0.32%,0.00%,0.32%,0.32%,0.00%,0.00%
20260127,16,艾得基客行銷顧問股份有限公司,3752,ＭoneyDJ,22514,MW_文中創意320x480_MoneyDJ,antifroud,知名媒體,,66,66,0,66,0,0,0,0,0,100.00%,0.00%,0.00%,0.00%,0.00%,0.00%,0.00%
20260127,16,李承翰-webptt,718,Web批踢踢(RWD),2284,MW-蓋板_文中_Web批踢踢,antifroud,,,24,24,0,24,0,0,0,0,0,100.00%,0.00%,0.00%,0.00%,0.00%,0.00%,0.00%
20260127,16,麥智維,999,動漫戲說,3543,CF-728*90-內文上方-動漫戲說,antifroud,,,62,62,0,62,0,0,0,0,0,100.00%,0.00%,0.00%,0.00%,0.00%,0.00%,0.00%
20260127,16,技達創意資訊有限公司,1299,泰好網,4733,CF-300*250-內文下方-泰好網,,,,18,18,0,18,0,0,0,0,0,100.00%,0.00%,0.00%,0.00%,0.00%,0.00%,0.00%
20260127,16,技達創意資訊有限公司,1299,泰好網,4734,MW-320*100-首頁、內文上方-泰好網,,,,12,12,0,12,0,0,0,0,0,100.00%,0.00%,0.00%,0.00%,0.00%,0.00%,0.00%
20260127,16,肖偉彬,1347,雲台書屋,4923,CF-上方通欄-300*250-雲台書屋,,,,6,6,0,6,0,0,0,0,0,100.00%,0.00%,0.00%,0.00%,0.00%,0.00%,0.00%
20260127,16,麥智維,999,動漫戲說,6069,CF-300*250-首頁-動漫戲說,,,,32,32,0,32,0,0,0,0,0,100.00%,0.00%,0.00%,0.00%,0.00%,0.00%,0.00%
20260127,16,台灣時報社股份有限公司,1665,台灣時報電子報,6263,CF-300X600-右側通欄-台灣時報電子報,,,,6,6,0,6,0,0,0,0,0,100.00%,0.00%,0.00%,0.00%,0.00%,0.00%,0.00%
20260127,16,莊博凱,1676,夢遊電玩-exchange,6310,CF-160*600-網頁右側-夢遊電玩-exchange,,,,12,12,0,12,0,0,0,0,0,100.00%,0.00%,0.00%,0.00%,0.00%,0.00%,0.00%
20260127,16,全曜財經資訊股份有限公司,1902,Cmoney-Mobile,7293,MW_置底創意(非展開)_Cmoney,antifroud,知名媒體,,12,12,0,12,0,0,0,0,0,100.00%,0.00%,0.00%,0.00%,0.00%,0.00%,0.00%
20260127,16,精鏡傳媒股份有限公司,1060,鏡週刊,8249,MW_置底創意(展開)_鏡週刊,,知名媒體,,6,6,0,6,0,0,0,0,0,100.00%,0.00%,0.00%,0.00%,0.00%,0.00%,0.00%
20260127,16,精鏡傳媒股份有限公司,1060,鏡週刊,8250,MW_置底創意(非展開)_鏡週刊,,知名媒體,,531,531,0,531,0,0,0,0,0,100.00%,0.00%,0.00%,0.00%,0.00%,0.00%,0.00%
20260127,16,臺灣電視事業股份有限公司,52,台視,8313,PC-300x250_內文第一塊_台視財經,,知名媒體,,12,12,4,8,4,0,0,0,0,100.00%,33.33%,33.33%,0.00%,0.00%,0.00%,0.00%
20260127,16,布林遊國際有限公司,1692,Bring You,8393,CF-300X250-上方通欄右側_BringYou,,知名媒體,,24,24,0,24,0,0,0,0,0,100.00%,0.00%,0.00%,0.00%,0.00%,0.00%,0.00%
20260127,16,巧克科技新媒體股份有限公司,2127,LINE TV_Banner-exchange,8576,CF_336x280_戲劇-右側好康資訊下方_LINE TV-exchange,,知名媒體,,24,24,2,22,0,2,2,0,0,100.00%,8.33%,0.00%,8.33%,8.33%,0.00%,0.00%
20260127,16,鳳梨傳媒股份有限公司,2190,民視新聞網-Exchange,8862,CF_970X90_分類新聞內頁上方_民視新聞(MCM),,知名媒體,,18,18,0,18,0,0,0,0,0,100.00%,0.00%,0.00%,0.00%,0.00%,0.00%,0.00%
20260127,16,見聞科技有限公司,2251,就是節目表,9233,MW-300x250-節目表文中-就是節目表,,,,22,22,0,22,0,0,0,0,0,100.00%,0.00%,0.00%,0.00%,0.00%,0.00%,0.00%
20260127,16,蔡瑞文,300,樂透彩幸運發財網,9470,MW-置底-樂透幸運發財網,antifroud,知名媒體,,6,6,0,6,0,0,0,0,0,100.00%,0.00%,0.00%,0.00%,0.00%,0.00%,0.00%
20260127,17,英屬維京群島商浩美數位有限公司台灣分公司,2315,Teepr亮新聞-exchange,10012,CF_336x280Banner_Teepr亮新聞-exchange,,知名媒體,,"2,325","2,325",26,"2,299",8,18,18,0,0,100.00%,1.12%,0.34%,0.77%,0.77%,0.00%,0.00%
20260127,17,昱得資訊工作室,2528,數位書香,11080,CF_728x90_首頁上方_數位書香,antifroud,,,81,81,0,81,0,0,0,0,0,100.00%,0.00%,0.00%,0.00%,0.00%,0.00%,0.00%
20260127,17,昱得資訊工作室,2528,數位書香,11081,CF_160x600_首頁右側_數位書香,antifroud,,,860,860,0,860,0,0,0,0,0,100.00%,0.00%,0.00%,0.00%,0.00%,0.00%,0.00%
20260127,17,第一網站股份有限公司,2518,麻辣家族討論區(twbts),11082,CF-728X90-twbts,antifroud,,,889,889,0,889,0,0,0,0,0,100.00%,0.00%,0.00%,0.00%,0.00%,0.00%,0.00%
20260127,17,第一網站股份有限公司,2492,ttshow,11273,MW-300X250-ttshow,,知名媒體,,18,18,0,18,0,0,0,0,0,100.00%,0.00%,0.00%,0.00%,0.00%,0.00%,0.00%
20260127,17,第一網站股份有限公司,2601,Meme梗圖倉庫,11443,CF-336X280-meme,,,,469,469,0,469,0,0,0,0,0,100.00%,0.00%,0.00%,0.00%,0.00%,0.00%,0.00%
20260127,17,艾得基客行銷顧問股份有限公司,2578,鉅亨網,12070,MW_320x480_文中創意_鉅亨網,,知名媒體,,"4,011","4,011",30,"3,981",0,30,30,0,0,100.00%,0.75%,0.00%,0.75%,0.75%,0.00%,0.00%
20260127,17,葉志斌,2745,繁中寶可夢卡表生成器-奶爸工作室-exchange,12210,CF_728x90__文末__繁中寶可夢卡表生成器,,,,6,6,0,6,0,0,0,0,0,100.00%,0.00%,0.00%,0.00%,0.00%,0.00%,0.00%
20260127,17,時報資訊股份有限公司,2770,中時電子報_HB,12559,CF_300x250_右側互動看版_中時電子報_HB,,知名媒體,,586,586,31,555,12,19,19,0,0,100.00%,5.29%,2.05%,3.24%,3.24%,0.00%,0.00%
20260127,17,時報資訊股份有限公司,2770,中時電子報_HB,12560,CF_336x280_文中看板_中時電子報_HB,,知名媒體,,576,576,29,547,10,19,19,0,0,100.00%,5.03%,1.74%,3.30%,3.30%,0.00%,0.00%
20260127,17,時報資訊股份有限公司,2770,中時電子報_HB,12561,MW_300x250_內頁TOP Banner_中時電子報_HB,antifroud,知名媒體,,618,618,8,610,2,6,6,0,0,100.00%,1.29%,0.32%,0.97%,0.97%,0.00%,0.00%
20260127,17,第一網站股份有限公司,2768,czbooks,12570,CF_728x90_banner_czbooks,,,,"1,918","1,918",0,"1,918",0,0,0,0,0,100.00%,0.00%,0.00%,0.00%,0.00%,0.00%,0.00%
20260127,17,鳳梨傳媒股份有限公司,2190,民視新聞網-Exchange,12579,CF_300x250_右側第一塊_民視新聞網-Exchange(RWD)(MCM),,知名媒體,,"2,740","2,740",24,"2,716",3,21,21,0,0,100.00%,0.88%,0.11%,0.77%,0.77%,0.00%,0.00%
20260127,17,鳳梨傳媒股份有限公司,2190,民視新聞網-Exchange,12580,CF_300x250_內文文中左側_民視新聞網-Exchange(RWD)(MCM),,知名媒體,,"3,186","3,186",65,"3,121",11,54,54,0,0,100.00%,2.04%,0.35%,1.69%,1.69%,0.00%,0.00%
20260127,17,第一網站股份有限公司,2783,漫畫櫃manhuagui,12676,CF_728X90_manhuagui,antifroud,,,"4,707","4,707",62,"4,645",0,62,62,0,0,100.00%,1.32%,0.00%,1.32%,1.32%,0.00%,0.00%
20260127,17,艾得基客行銷顧問股份有限公司,2635,工商時報,12761,MW_320x480_文中創意_工商時報new,,知名媒體,,12,12,0,12,0,0,0,0,0,100.00%,0.00%,0.00%,0.00%,0.00%,0.00%,0.00%
20260127,17,第一網站股份有限公司,2801,damanwoo,12868,CF-300x250_Banner_damanwoo_大人物,,,,30,30,0,30,0,0,0,0,0,100.00%,0.00%,0.00%,0.00%,0.00%,0.00%,0.00%
20260127,17,第一網站股份有限公司,2820,星座好朋友(horofriend88),12966,MW_320x100_horofriend88,antifroud,,,18,18,0,18,0,0,0,0,0,100.00%,0.00%,0.00%,0.00%,0.00%,0.00%,0.00%
20260127,17,時報資訊股份有限公司,2335,中時電子報_2019,12974,MW-置底創意(展開)-中時電子報_2019,antifroud,知名媒體,,6,6,0,6,0,0,0,0,0,100.00%,0.00%,0.00%,0.00%,0.00%,0.00%,0.00%
20260127,17,第一網站股份有限公司,2836,vivi01,13032,MW_置底創意_vivi01 ViVi視頻,,,,42,42,0,42,0,0,0,0,0,100.00%,0.00%,0.00%,0.00%,0.00%,0.00%,0.00%
20260127,17,和運租車股份有限公司,2878,abc好車網,13368,CF_970x90_物件頁下方_abc好車網,,知名媒體,,12,12,0,12,0,0,0,0,0,100.00%,0.00%,0.00%,0.00%,0.00%,0.00%,0.00%
20260127,17,曾憲敏,202,85小說網,13445,MW_336X280_全量1_85小說網,,,,317,317,3,314,0,3,3,0,0,100.00%,0.95%,0.00%,0.95%,0.95%,0.00%,0.00%
20260127,17,曾憲敏,202,85小說網,13446,MW_336X280_全量2_85小說網,,,,"3,224","3,224",9,"3,215",0,9,9,0,0,100.00%,0.28%,0.00%,0.28%,0.28%,0.00%,0.00%
20260127,17,第一網站股份有限公司,2910,clickme,13549,CF_300x250_banner_clickme(一般),,,,514,514,0,514,0,0,0,0,0,100.00%,0.00%,0.00%,0.00%,0.00%,0.00%,0.00%
20260127,17,闇碼科技股份有限公司,2992,縮短網址產生器-reurl-exchange,13848,CF_300x250_轉址失敗_最右邊_reurl,,知名媒體,,6,6,5,1,0,5,5,0,0,100.00%,83.33%,0.00%,83.33%,83.33%,0.00%,0.00%
20260127,17,第一網站股份有限公司,2768,czbooks,13903,(子)CF_300x250_banner_czbooks(直播),antifroud,,子聯播網,"262,485","262,485","1,029","261,456",756,273,273,0,0,100.00%,0.39%,0.29%,0.10%,0.10%,0.00%,0.00%
20260127,17,第一網站股份有限公司,2768,czbooks,14036,MW_320x480_CZBOOKS,antifroud,,,50,50,0,50,0,0,0,0,0,100.00%,0.00%,0.00%,0.00%,0.00%,0.00%,0.00%
20260127,17,陳人鳳,480,飛格寵物家族_PC,1407,CF-728X90_上方通欄_飛格寵物家族,,,,244,154,94,60,22,72,72,0,0,63.11%,61.04%,14.29%,46.75%,46.75%,0.00%,0.00%
20260127,17,陳人鳳,480,飛格寵物家族_PC,1408,CF-300X250_內文_飛格寵物家族,,,,152,91,73,18,14,59,59,0,0,59.87%,80.22%,15.38%,64.84%,64.84%,0.00%,0.00%
20260127,17,闇碼科技股份有限公司,3048,縮短網址產生器-reurl,14210,MW_文中創意300x250_縮短網址產生器-reurl,,知名媒體,,98,98,12,86,4,8,8,0,0,100.00%,12.24%,4.08%,8.16%,8.16%,0.00%,0.00%
20260127,17,巨思文化股份有限公司,3052,經理人_HB,14238,MW_文章結束第一塊_300x250_經理人-HB,,知名媒體,,8,8,0,8,0,0,0,0,0,100.00%,0.00%,0.00%,0.00%,0.00%,0.00%,0.00%
20260127,17,巨思文化股份有限公司,3052,經理人_HB,14239,CF_300x250_內文下方右側_經理人-HB,,知名媒體,,6,6,0,6,0,0,0,0,0,100.00%,0.00%,0.00%,0.00%,0.00%,0.00%,0.00%
20260127,17,巨思文化股份有限公司,3052,經理人_HB,14240,CF_300x250_內文下方左側_經理人-HB,,知名媒體,,6,6,0,6,0,0,0,0,0,100.00%,0.00%,0.00%,0.00%,0.00%,0.00%,0.00%
20260127,17,巨思文化股份有限公司,3052,經理人_HB,14241,MW_300x250_內文下方_經理人-HB,,知名媒體,,8,8,0,8,0,0,0,0,0,100.00%,0.00%,0.00%,0.00%,0.00%,0.00%,0.00%
20260127,17,巨思文化股份有限公司,3053,數位時代_HB,14246,MW_300x250_文章結束第一塊_數位時代-HB,,知名媒體,,13,13,0,13,0,0,0,0,0,100.00%,0.00%,0.00%,0.00%,0.00%,0.00%,0.00%
20260127,17,富盈數據股份有限公司,3059,塔科女子,14258,CF_336x280_全網_塔科女子,,知名媒體,,6,6,0,6,0,0,0,0,0,100.00%,0.00%,0.00%,0.00%,0.00%,0.00%,0.00%
20260127,17,CBROOT LTD,3003,包子漫畫-exchange,14291,MW_300x250_蓋板(PB)_包子漫畫,,,,144,144,0,144,0,0,0,0,0,100.00%,0.00%,0.00%,0.00%,0.00%,0.00%,0.00%
20260127,17,朱光宁,3149,稷下書院-exchange,14748,MW_320x100_置底(PB)_稷下書院,,,,"25,412","25,405",101,"25,304",35,66,66,0,0,99.97%,0.40%,0.14%,0.26%,0.26%,0.00%,0.00%
20260127,17,巨思文化股份有限公司,3053,數位時代_HB,14764,MW_置底創意_(非展開)_數位時代_HB,,知名媒體,,258,258,1,257,0,1,1,0,0,100.00%,0.39%,0.00%,0.39%,0.39%,0.00%,0.00%
20260127,17,中天電視股份有限公司,3282,中天新聞網-exchange,14980,CF_970x250_內頁_PC置頂橫幅-中天新聞網-exchange,,知名媒體,,94,94,18,76,6,12,12,0,0,100.00%,19.15%,6.38%,12.77%,12.77%,0.00%,0.00%
20260127,17,曾憲敏,3327,85小說網_創意,15228,MW-創意-85小說網,,,,6,6,0,6,0,0,0,0,0,100.00%,0.00%,0.00%,0.00%,0.00%,0.00%,0.00%
20260127,17,和運租車股份有限公司,2878,abc好車網,15249,CF_300x250_搜尋頁右側_abc好車網,,知名媒體,,8,8,0,8,0,0,0,0,0,100.00%,0.00%,0.00%,0.00%,0.00%,0.00%,0.00%
20260127,17,中天電視股份有限公司,3282,中天新聞網-exchange,15859,CF_336x280_內頁_PC右側互動看板B-中天新聞網-exchange,,知名媒體,,545,545,78,467,42,36,36,0,0,100.00%,14.31%,7.71%,6.61%,6.61%,0.00%,0.00%
20260127,17,布林遊國際有限公司,2620,Bring You-exchange,15951,CF_300x600_右側通欄_BringYou-exchange,,知名媒體,,6,6,0,6,0,0,0,0,0,100.00%,0.00%,0.00%,0.00%,0.00%,0.00%,0.00%
20260127,17,CBROOT LTD,3352,西瓜卡通-exchange,15970,CF_160x600_影音內容_西瓜卡通-exchange,,,,12,12,0,12,0,0,0,0,0,100.00%,0.00%,0.00%,0.00%,0.00%,0.00%,0.00%
20260127,17,朱光宁,3360,提莫書屋-exchange,16957,MW_336x280banner_提莫書屋_exchange,,,,"17,038","17,038",77,"16,961",64,13,13,0,0,100.00%,0.45%,0.38%,0.08%,0.08%,0.00%,0.00%
20260127,17,朱光宁,3361,提莫書屋-mobile,16959,MW_320x480_文中創意_提莫書屋-mobile,,,,60,60,0,60,0,0,0,0,0,100.00%,0.00%,0.00%,0.00%,0.00%,0.00%,0.00%
20260127,17,欣發現股份有限公司,3364,女子學-mobile,16972,MW_置底創意_女子學,antifroud,,,96,96,0,96,0,0,0,0,0,100.00%,0.00%,0.00%,0.00%,0.00%,0.00%,0.00%
20260127,17,第一網站股份有限公司,2783,漫畫櫃manhuagui,17027,MW_320x480_蓋版_漫畫櫃manhuagui,,,,30,30,0,30,0,0,0,0,0,100.00%,0.00%,0.00%,0.00%,0.00%,0.00%,0.00%
20260127,17,朱光宁,3268,稷下書院-mobile,17207,MW_320x480_蓋版_稷下書院-mobile,,,,490,490,2,488,0,2,2,0,0,100.00%,0.41%,0.00%,0.41%,0.41%,0.00%,0.00%
20260127,17,中華電視股份有限公司,3389,華視-mobile,17230,MW_置底創意(非展開)_華視-mobile,,知名媒體,,6,6,0,6,0,0,0,0,0,100.00%,0.00%,0.00%,0.00%,0.00%,0.00%,0.00%
20260127,17,李立娟,3395,vivi0視頻-exchange,17293,CF_336x280_Banner_vivi01視頻-exchange,antifroud,,,"33,747","33,747",38,"33,709",4,34,34,0,0,100.00%,0.11%,0.01%,0.10%,0.10%,0.00%,0.00%
20260127,17,李立娟,3395,vivi0視頻-exchange,17294,MW_336x280_Banner_vivi01視頻-exchange,antifroud,,,"19,849","19,849",30,"19,819",4,26,26,0,0,100.00%,0.15%,0.02%,0.13%,0.13%,0.00%,0.00%
20260127,17,李立娟,3395,vivi0視頻-exchange,17300,MW_320x100_置底(PB)_vivi01視頻-exchange,antifroud,,,"1,121","1,121",0,"1,121",0,0,0,0,0,100.00%,0.00%,0.00%,0.00%,0.00%,0.00%,0.00%
20260127,17,李立娟,3397,趣聞圖說-exchange,17309,MW_336x280_文中Banner_趣聞圖說-exchange,,,,"2,116","2,116",627,"1,489",20,607,607,0,0,100.00%,29.63%,0.95%,28.69%,28.69%,0.00%,0.00%
20260127,17,曾憲敏,601,85小說網_PC,1773,CF-300x250_85小說網_內文1,,,,281,281,2,279,0,2,2,0,0,100.00%,0.71%,0.00%,0.71%,0.71%,0.00%,0.00%
20260127,17,李立娟,3396,趣聞圖說-Mobile,17923,MW_置底創意(展開)_趣聞圖說-Mobile,,,,25,25,0,25,0,0,0,0,0,100.00%,0.00%,0.00%,0.00%,0.00%,0.00%,0.00%
20260127,17,第一網站股份有限公司,2768,czbooks,17927,MW_置底創意_czbook,,,,"2,190","2,190",11,"2,179",2,9,9,0,0,100.00%,0.50%,0.09%,0.41%,0.41%,0.00%,0.00%
20260127,17,時報資訊股份有限公司_工商時報,3427,工商時報-exchange,18014,MW_300x250_文末Banner1_工商時報-exchange,,知名媒體,,102,102,2,100,0,2,2,0,0,100.00%,1.96%,0.00%,1.96%,1.96%,0.00%,0.00%
20260127,17,時報資訊股份有限公司_工商時報,3427,工商時報-exchange,18015,MW_300x250_文末Banner2_工商時報-exchange,,知名媒體,,168,168,2,166,0,2,2,0,0,100.00%,1.19%,0.00%,1.19%,1.19%,0.00%,0.00%
20260127,17,第一網站股份有限公司,3440,fsa_passback_first,18201,CF_336x280_fsa_passback_first,,,,142,142,0,142,0,0,0,0,0,100.00%,0.00%,0.00%,0.00%,0.00%,0.00%,0.00%
20260127,17,第一網站股份有限公司,3440,fsa_passback_first,18202,CF_300x250_fsa_passback_first,,,,"4,454","4,454",112,"4,342",13,99,99,0,0,100.00%,2.51%,0.29%,2.22%,2.22%,0.00%,0.00%
20260127,17,莊博凱,3455,夢遊電玩,18269,300x250 Banner,,,,6,6,0,6,0,0,0,0,0,100.00%,0.00%,0.00%,0.00%,0.00%,0.00%,0.00%
20260127,17,時報資訊股份有限公司_工商時報,3427,工商時報-exchange,18278,CF_336x280_文中-MiddleBillboard_工商時報-exchange,,知名媒體,,6,6,0,6,0,0,0,0,0,100.00%,0.00%,0.00%,0.00%,0.00%,0.00%,0.00%
20260127,17,朱光宁,3268,稷下書院-mobile,18297,MW_置底創意(展開)_稷下書院-mobile,,,,32,32,1,31,0,1,1,0,0,100.00%,3.12%,0.00%,3.12%,3.12%,0.00%,0.00%
20260127,17,冰楓科技有限公司,3485,冰楓論壇-exchange,18487,CF_970x90_內文上方第一塊_冰楓論壇-exchange,,,,988,988,10,978,10,0,0,0,0,100.00%,1.01%,1.01%,0.00%,0.00%,0.00%,0.00%
20260127,17,冰楓科技有限公司,3485,冰楓論壇-exchange,18488,MW_320x100_內文上方第一塊_ 冰楓論壇-exchange,antifroud,,,12,12,0,12,0,0,0,0,0,100.00%,0.00%,0.00%,0.00%,0.00%,0.00%,0.00%
20260127,17,冰楓科技有限公司,3485,冰楓論壇-exchange,18492,MW_300x250_Banner_ 冰楓論壇-exchange,,,,267,267,16,251,16,0,0,0,0,100.00%,5.99%,5.99%,0.00%,0.00%,0.00%,0.00%
20260127,17,CBROOT LTD,3510,包子漫畫_twmanga-exchange,18737,CF_970x90_Banner_ 包子漫畫_twmanga-exchange,,,,66,66,0,66,0,0,0,0,0,100.00%,0.00%,0.00%,0.00%,0.00%,0.00%,0.00%
20260127,17,台灣英文新聞股份有限公司,3537,台灣英文新聞(new)-exchange,18914,MW_320x100_內文頁_置頂橫幅_台灣英文新聞(new)-exchange,,知名媒體,,10,10,10,0,8,2,2,0,0,100.00%,100.00%,80.00%,20.00%,20.00%,0.00%,0.00%
20260127,17,台灣英文新聞股份有限公司,3537,台灣英文新聞(new)-exchange,18924,CF_300x250_內容頁_右側看版_1_台灣英文新聞(new)-exchange,,知名媒體,,36,36,10,26,10,0,0,0,0,100.00%,27.78%,27.78%,0.00%,0.00%,0.00%,0.00%
20260127,17,艾得基客行銷顧問股份有限公司,3373,良醫健康網,19009,MW_蓋板_良醫健康網,,知名媒體,,51,51,1,50,0,1,1,0,0,100.00%,1.96%,0.00%,1.96%,1.96%,0.00%,0.00%
20260127,17,聯合線上股份有限公司,3549,UDN元氣網,19018,CF_首頁文章推薦第三格300x250_UDN元氣網,,知名媒體,,6,6,0,6,0,0,0,0,0,100.00%,0.00%,0.00%,0.00%,0.00%,0.00%,0.00%
20260127,17,聯合線上股份有限公司,3549,UDN元氣網,19019,CF_文章頁右上300x250_UDN元氣網,,知名媒體,,6,6,0,6,0,0,0,0,0,100.00%,0.00%,0.00%,0.00%,0.00%,0.00%,0.00%
20260127,17,艾得基客行銷顧問股份有限公司,3490,太報,19043,MW_置底創意(展開)_太報,,知名媒體,,384,384,0,384,0,0,0,0,0,100.00%,0.00%,0.00%,0.00%,0.00%,0.00%,0.00%
20260127,17,艾得基客行銷顧問股份有限公司,3552,玩具人,19044,MW_320x480_文中創意_玩具人,,知名媒體,,143,143,1,142,0,1,1,0,0,100.00%,0.70%,0.00%,0.70%,0.70%,0.00%,0.00%
20260127,17,第一網站股份有限公司,2783,漫畫櫃manhuagui,20685,MW_300X250_manhuagui,antifroud,,,"2,194","2,194",3,"2,191",2,1,1,0,0,100.00%,0.14%,0.09%,0.05%,0.05%,0.00%,0.00%
20260127,17,德榕企業有限公司,3578,TW Bodhi_mobile,20708,MW_蓋板_TW Bodhi,,,,245,245,0,245,0,0,0,0,0,100.00%,0.00%,0.00%,0.00%,0.00%,0.00%,0.00%
20260127,17,德榕企業有限公司,3581,忘憂書屋,20727,CF_336x280文章頁(RWD)_忘憂書屋,,,,6,6,0,6,0,0,0,0,0,100.00%,0.00%,0.00%,0.00%,0.00%,0.00%,0.00%
20260127,17,德榕企業有限公司,3582,忘憂書屋_mobile,20728,MW_文中創意300x250_忘憂書屋,,,,26,26,0,26,0,0,0,0,0,100.00%,0.00%,0.00%,0.00%,0.00%,0.00%,0.00%
20260127,17,第一網站股份有限公司,2916,KiKiNote,20731,CF_300x250_banner_kikinote (PB),,知名媒體,,112,112,0,112,0,0,0,0,0,100.00%,0.00%,0.00%,0.00%,0.00%,0.00%,0.00%
20260127,17,第一網站股份有限公司,3440,fsa_passback_first,21699,CF_336x280_fsa_passback_first,,,,"3,625","3,625",121,"3,504",102,19,19,0,0,100.00%,3.34%,2.81%,0.52%,0.52%,0.00%,0.00%
20260127,17,富盈數據股份有限公司,3653,TVBS-女人我最大_HB,21760,MW_文章三_336x280_TVBS-女人我最大_HB,,知名媒體,,8,8,0,8,0,0,0,0,0,100.00%,0.00%,0.00%,0.00%,0.00%,0.00%,0.00%
20260127,17,富盈數據股份有限公司,3653,TVBS-女人我最大_HB,21761,MW_文章四_336x280_TVBS-女人我最大_HB,,知名媒體,,550,550,0,550,0,0,0,0,0,100.00%,0.00%,0.00%,0.00%,0.00%,0.00%,0.00%
20260127,17,富盈數據股份有限公司,3653,TVBS-女人我最大_HB,21763,MW_文中創意320x480_TVBS-女人我最大_HB,,知名媒體,,391,391,4,387,0,4,4,0,0,100.00%,1.02%,0.00%,1.02%,1.02%,0.00%,0.00%
20260127,17,富盈數據股份有限公司,3654,TVBS-健康2.0_HB,21768,MW_文中創意320x480_TVBS-健康2.0_HB,,知名媒體,,"3,309","3,309",0,"3,309",0,0,0,0,0,100.00%,0.00%,0.00%,0.00%,0.00%,0.00%,0.00%
20260127,17,富盈數據股份有限公司,3655,TVBS-食尚玩家_HB,21773,MW_文中創意320x480_TVBS-食尚玩家_HB,,知名媒體,,147,147,0,147,0,0,0,0,0,100.00%,0.00%,0.00%,0.00%,0.00%,0.00%,0.00%
20260127,17,先驅媒體社會企業股份有限公司,3554,新頭殼(R18),21839,ＭＷ_336x280Banner_newtalk.tw_mobile_all_336280_2_新頭殼(R18),antifroud,知名媒體,,6,6,0,6,0,0,0,0,0,100.00%,0.00%,0.00%,0.00%,0.00%,0.00%,0.00%
20260127,17,儂儂雜誌社股份有限公司(bella儂儂),2135,Bella儂儂_2024,21876,MW-300x250_文章標題上方1_Bella儂儂,,知名媒體,,270,270,0,270,0,0,0,0,0,100.00%,0.00%,0.00%,0.00%,0.00%,0.00%,0.00%
20260127,17,富盈數據股份有限公司,3680,TVBS-新聞網_HB,21898,CF_文章右側300x600_TVBS-新聞網_HB,,知名媒體,,6,6,0,6,0,0,0,0,0,100.00%,0.00%,0.00%,0.00%,0.00%,0.00%,0.00%
20260127,17,富盈數據股份有限公司,3680,TVBS-新聞網_HB,21899,MW_文章一_336x280_TVBS-新聞網_HB,,知名媒體,,"2,343","2,343",7,"2,336",2,5,5,0,0,100.00%,0.30%,0.09%,0.21%,0.21%,0.00%,0.00%
20260127,17,富盈數據股份有限公司,3680,TVBS-新聞網_HB,21900,MW_文章三_336x280_TVBS-新聞網_HB,,知名媒體,,170,170,0,170,0,0,0,0,0,100.00%,0.00%,0.00%,0.00%,0.00%,0.00%,0.00%
20260127,17,富盈數據股份有限公司,3680,TVBS-新聞網_HB,21902,MW_文章置底_320x100_TVBS-新聞網_HB,,知名媒體,,"2,800","2,800",9,"2,791",2,7,7,0,0,100.00%,0.32%,0.07%,0.25%,0.25%,0.00%,0.00%
20260127,17,富盈數據股份有限公司,3684,稅美人_mobile,21923,MW_置底創意(非展開)_稅美人-mobile,,,,"2,538","2,538",0,"2,538",0,0,0,0,0,100.00%,0.00%,0.00%,0.00%,0.00%,0.00%,0.00%
20260127,17,富盈數據股份有限公司,3685,玩桌遊_mobile,21924,MW_置底創意(非展開)_玩桌遊-mobile,,,,206,206,0,206,0,0,0,0,0,100.00%,0.00%,0.00%,0.00%,0.00%,0.00%,0.00%
20260127,17,富盈數據股份有限公司,2615,熱血台中,21986,CF_336x280_全網_熱血台中,,,,30,30,0,30,0,0,0,0,0,100.00%,0.00%,0.00%,0.00%,0.00%,0.00%,0.00%
20260127,17,富盈數據股份有限公司,2615,熱血台中,21987,CF_336x280_全網_熱血台中,,,,32,32,0,32,0,0,0,0,0,100.00%,0.00%,0.00%,0.00%,0.00%,0.00%,0.00%
20260127,17,富盈數據股份有限公司,3704,天天要聞,22030,CF_300 x 250 banner_天天要聞_cpc2,,,,732,732,6,726,0,6,6,0,0,100.00%,0.82%,0.00%,0.82%,0.82%,0.00%,0.00%
20260127,17,富盈數據股份有限公司,3703,繁體小說,22031,CF_300 x 250 banner_繁體小說_cpc2,,,,12,12,0,12,0,0,0,0,0,100.00%,0.00%,0.00%,0.00%,0.00%,0.00%,0.00%
20260127,17,冠妍動力科技有限公司,484,小老婆汽機車資訊網,22058,MW_文中創意320x480_小老婆汽機車資訊網-測試,,知名媒體,,6,6,0,6,0,0,0,0,0,100.00%,0.00%,0.00%,0.00%,0.00%,0.00%,0.00%
20260127,17,朱光宁,3718,稷下書院2,22092,MW_置底創意(非展開)_稷下書院2,antifroud,,,"117,835","117,835",149,"117,686",6,143,143,0,0,100.00%,0.13%,0.01%,0.12%,0.12%,0.00%,0.00%
20260127,17,富盈數據股份有限公司,3680,TVBS-新聞網_HB,22131,CF_文中300x250_TVBS-新聞網_HB_1,,知名媒體,,6,6,0,6,0,0,0,0,0,100.00%,0.00%,0.00%,0.00%,0.00%,0.00%,0.00%
20260127,17,富盈數據股份有限公司,3680,TVBS-新聞網_HB,22132,CF_文中300x250_TVBS-新聞網_HB_2,,知名媒體,,12,12,0,12,0,0,0,0,0,100.00%,0.00%,0.00%,0.00%,0.00%,0.00%,0.00%
20260127,17,富盈數據股份有限公司,3680,TVBS-新聞網_HB,22133,CF_文中300x250_TVBS-新聞網_HB_3,,知名媒體,,60,60,11,49,4,7,7,0,0,100.00%,18.33%,6.67%,11.67%,11.67%,0.00%,0.00%
20260127,17,富盈數據股份有限公司,3730,Teepr 亮新聞 HB,22145,MW_336x280_文中創意_Teepr亮新聞 HB,,,,18,18,0,18,0,0,0,0,0,100.00%,0.00%,0.00%,0.00%,0.00%,0.00%,0.00%
20260127,17,闇碼科技股份有限公司,3048,縮短網址產生器-reurl,22213,MW_蓋版_縮短網址產生器-reurl-2025.05(特殊供量),,知名媒體,,126,126,74,52,53,21,21,0,0,100.00%,58.73%,42.06%,16.67%,16.67%,0.00%,0.00%
20260127,17,艾得基客行銷顧問股份有限公司,3724,上報,22217,MW_置底創意(非展開)_上報,,知名媒體,,222,222,0,222,0,0,0,0,0,100.00%,0.00%,0.00%,0.00%,0.00%,0.00%,0.00%
20260127,17,艾得基客行銷顧問股份有限公司,3724,上報,22218,MW_置底(展開)_上報,,知名媒體,,171,171,0,171,0,0,0,0,0,100.00%,0.00%,0.00%,0.00%,0.00%,0.00%,0.00%
20260127,17,欣發現股份有限公司,3363,大人物-mobile,22222,MW_蓋板_大人物,,知名媒體,,13,13,1,12,0,1,1,0,0,100.00%,7.69%,0.00%,7.69%,7.69%,0.00%,0.00%
20260127,17,朱光宁,3741,石頭小說3,22396,MW_置底_石頭小說3,,,,12,12,0,12,0,0,0,0,0,100.00%,0.00%,0.00%,0.00%,0.00%,0.00%,0.00%
20260127,17,朱光宁,3741,石頭小說3,22398,CF_336 x 280 banner_石頭小說3_cpc1.67,,,,211,211,0,211,0,0,0,0,0,100.00%,0.00%,0.00%,0.00%,0.00%,0.00%,0.00%
20260127,17,朱光宁,3741,石頭小說3,22399,CF_320 x 480 橫幅_石頭小說3,,,,12,12,0,12,0,0,0,0,0,100.00%,0.00%,0.00%,0.00%,0.00%,0.00%,0.00%
20260127,17,艾得基客行銷顧問股份有限公司,3724,上報,22405,MW_蓋版_上報,,知名媒體,,16,16,0,16,0,0,0,0,0,100.00%,0.00%,0.00%,0.00%,0.00%,0.00%,0.00%
20260127,17,闇碼科技股份有限公司,3068,限時圖片-imgus,22406,MW_置底_imgus,antifroud,,,169,169,0,169,0,0,0,0,0,100.00%,0.00%,0.00%,0.00%,0.00%,0.00%,0.00%
20260127,17,第一網站股份有限公司,2783,漫畫櫃manhuagui,22443,MW_置底_manhuagui,antifroud,,,"2,299","2,299",4,"2,295",4,0,0,0,0,100.00%,0.17%,0.17%,0.00%,0.00%,0.00%,0.00%
20260127,17,艾得基客行銷顧問股份有限公司,3490,太報,22495,MW_300x250 BANNER_太報_CPM5,,知名媒體,子聯播網,6,6,0,6,0,0,0,0,0,100.00%,0.00%,0.00%,0.00%,0.00%,0.00%,0.00%
20260127,17,艾得基客行銷顧問股份有限公司,2689,Basketball Top5,22498,MW_300x250 Banner_Basketball TOP5_CPM5,,,子聯播網,209,209,0,209,0,0,0,0,0,100.00%,0.00%,0.00%,0.00%,0.00%,0.00%,0.00%
20260127,17,艾得基客行銷顧問股份有限公司,2578,鉅亨網,22507,MW_300x250_鉅亨網_直播用BN-1,,知名媒體,子聯播網,"1,534","1,534",4,"1,530",0,4,4,0,0,100.00%,0.26%,0.00%,0.26%,0.26%,0.00%,0.00%
20260127,17,艾得基客行銷顧問股份有限公司,3752,ＭoneyDJ,22514,MW_文中創意320x480_MoneyDJ,antifroud,知名媒體,,62,62,0,62,0,0,0,0,0,100.00%,0.00%,0.00%,0.00%,0.00%,0.00%,0.00%
20260127,17,巨思文化股份有限公司,3053,數位時代_HB,22741,MW_文中創意320x480_第一塊_數位時代_HB,,知名媒體,,6,6,0,6,0,0,0,0,0,100.00%,0.00%,0.00%,0.00%,0.00%,0.00%,0.00%
20260127,17,李承翰-webptt,718,Web批踢踢(RWD),2284,MW-蓋板_文中_Web批踢踢,antifroud,,,54,54,0,54,0,0,0,0,0,100.00%,0.00%,0.00%,0.00%,0.00%,0.00%,0.00%
20260127,17,麥智維,999,動漫戲說,3543,CF-728*90-內文上方-動漫戲說,antifroud,,,135,135,0,135,0,0,0,0,0,100.00%,0.00%,0.00%,0.00%,0.00%,0.00%,0.00%
20260127,17,肖偉彬,1287,紅櫻桃小說書庫,4678,CF-內文上方-300*250-紅櫻桃小說書庫,,,,14,14,0,14,0,0,0,0,0,100.00%,0.00%,0.00%,0.00%,0.00%,0.00%,0.00%
20260127,17,技達創意資訊有限公司,1299,泰好網,4733,CF-300*250-內文下方-泰好網,,,,6,6,0,6,0,0,0,0,0,100.00%,0.00%,0.00%,0.00%,0.00%,0.00%,0.00%
20260127,17,技達創意資訊有限公司,1299,泰好網,4734,MW-320*100-首頁、內文上方-泰好網,,,,6,6,0,6,0,0,0,0,0,100.00%,0.00%,0.00%,0.00%,0.00%,0.00%,0.00%
20260127,17,肖偉彬,1347,雲台書屋,4923,CF-上方通欄-300*250-雲台書屋,,,,6,6,0,6,0,0,0,0,0,100.00%,0.00%,0.00%,0.00%,0.00%,0.00%,0.00%
20260127,17,陈晋福,1367,電視超人,4997,CF-300X250-電視超人,,,,24,24,0,24,0,0,0,0,0,100.00%,0.00%,0.00%,0.00%,0.00%,0.00%,0.00%
20260127,17,莊博凱,1676,夢遊電玩-exchange,6310,CF-160*600-網頁右側-夢遊電玩-exchange,,,,6,6,0,6,0,0,0,0,0,100.00%,0.00%,0.00%,0.00%,0.00%,0.00%,0.00%
20260127,17,精鏡傳媒股份有限公司,1060,鏡週刊,8250,MW_置底創意(非展開)_鏡週刊,,知名媒體,,603,603,2,601,0,2,2,0,0,100.00%,0.33%,0.00%,0.33%,0.33%,0.00%,0.00%
20260127,17,臺灣電視事業股份有限公司,52,台視,8313,PC-300x250_內文第一塊_台視財經,,知名媒體,,16,16,0,16,0,0,0,0,0,100.00%,0.00%,0.00%,0.00%,0.00%,0.00%,0.00%
20260127,17,布林遊國際有限公司,1692,Bring You,8393,CF-300X250-上方通欄右側_BringYou,,知名媒體,,6,6,0,6,0,0,0,0,0,100.00%,0.00%,0.00%,0.00%,0.00%,0.00%,0.00%
20260127,17,巧克科技新媒體股份有限公司,2127,LINE TV_Banner-exchange,8576,CF_336x280_戲劇-右側好康資訊下方_LINE TV-exchange,,知名媒體,,92,92,0,92,0,0,0,0,0,100.00%,0.00%,0.00%,0.00%,0.00%,0.00%,0.00%
20260127,17,鳳梨傳媒股份有限公司,2190,民視新聞網-Exchange,8862,CF_970X90_分類新聞內頁上方_民視新聞(MCM),,知名媒體,,26,26,0,26,0,0,0,0,0,100.00%,0.00%,0.00%,0.00%,0.00%,0.00%,0.00%
20260127,17,見聞科技有限公司,2251,就是節目表,9233,MW-300x250-節目表文中-就是節目表,,,,6,6,0,6,0,0,0,0,0,100.00%,0.00%,0.00%,0.00%,0.00%,0.00%,0.00%
20260127,17,蔡瑞文,300,樂透彩幸運發財網,9470,MW-置底-樂透幸運發財網,antifroud,知名媒體,,12,12,0,12,0,0,0,0,0,100.00%,0.00%,0.00%,0.00%,0.00%,0.00%,0.00%
20260127,18,英屬維京群島商浩美數位有限公司台灣分公司,2315,Teepr亮新聞-exchange,10012,CF_336x280Banner_Teepr亮新聞-exchange,,知名媒體,,88,88,0,88,0,0,0,0,0,100.00%,0.00%,0.00%,0.00%,0.00%,0.00%,0.00%
20260127,18,昱得資訊工作室,2528,數位書香,11081,CF_160x600_首頁右側_數位書香,antifroud,,,42,42,0,42,0,0,0,0,0,100.00%,0.00%,0.00%,0.00%,0.00%,0.00%,0.00%
20260127,18,第一網站股份有限公司,2518,麻辣家族討論區(twbts),11082,CF-728X90-twbts,antifroud,,,146,146,0,146,0,0,0,0,0,100.00%,0.00%,0.00%,0.00%,0.00%,0.00%,0.00%
20260127,18,第一網站股份有限公司,2601,Meme梗圖倉庫,11443,CF-336X280-meme,,,,99,99,0,99,0,0,0,0,0,100.00%,0.00%,0.00%,0.00%,0.00%,0.00%,0.00%
20260127,18,艾得基客行銷顧問股份有限公司,2578,鉅亨網,12070,MW_320x480_文中創意_鉅亨網,,知名媒體,,406,406,3,403,0,3,3,0,0,100.00%,0.74%,0.00%,0.74%,0.74%,0.00%,0.00%
20260127,18,時報資訊股份有限公司,2770,中時電子報_HB,12559,CF_300x250_右側互動看版_中時電子報_HB,,知名媒體,,307,307,16,291,12,4,4,0,0,100.00%,5.21%,3.91%,1.30%,1.30%,0.00%,0.00%
20260127,18,時報資訊股份有限公司,2770,中時電子報_HB,12560,CF_336x280_文中看板_中時電子報_HB,,知名媒體,,324,324,16,308,12,4,4,0,0,100.00%,4.94%,3.70%,1.23%,1.23%,0.00%,0.00%
20260127,18,時報資訊股份有限公司,2770,中時電子報_HB,12561,MW_300x250_內頁TOP Banner_中時電子報_HB,antifroud,知名媒體,,"2,284","2,284",39,"2,245",25,14,14,0,0,100.00%,1.71%,1.09%,0.61%,0.61%,0.00%,0.00%
20260127,18,第一網站股份有限公司,2768,czbooks,12570,CF_728x90_banner_czbooks,,,,97,97,0,97,0,0,0,0,0,100.00%,0.00%,0.00%,0.00%,0.00%,0.00%,0.00%
20260127,18,第一網站股份有限公司,2768,czbooks,12571,CF-300x600_Banner_czbooks,,,,306,306,2,304,2,0,0,0,0,100.00%,0.65%,0.65%,0.00%,0.00%,0.00%,0.00%
20260127,18,鳳梨傳媒股份有限公司,2190,民視新聞網-Exchange,12579,CF_300x250_右側第一塊_民視新聞網-Exchange(RWD)(MCM),,知名媒體,,109,109,4,105,2,2,2,0,0,100.00%,3.67%,1.83%,1.83%,1.83%,0.00%,0.00%
20260127,18,鳳梨傳媒股份有限公司,2190,民視新聞網-Exchange,12580,CF_300x250_內文文中左側_民視新聞網-Exchange(RWD)(MCM),,知名媒體,,208,208,5,203,3,2,2,0,0,100.00%,2.40%,1.44%,0.96%,0.96%,0.00%,0.00%
20260127,18,第一網站股份有限公司,2783,漫畫櫃manhuagui,12676,CF_728X90_manhuagui,antifroud,,,964,964,6,958,0,6,6,0,0,100.00%,0.62%,0.00%,0.62%,0.62%,0.00%,0.00%
20260127,18,第一網站股份有限公司,2820,星座好朋友(horofriend88),12966,MW_320x100_horofriend88,antifroud,,,6,6,0,6,0,0,0,0,0,100.00%,0.00%,0.00%,0.00%,0.00%,0.00%,0.00%
20260127,18,曾憲敏,202,85小說網,13445,MW_336X280_全量1_85小說網,,,,26,26,0,26,0,0,0,0,0,100.00%,0.00%,0.00%,0.00%,0.00%,0.00%,0.00%
20260127,18,曾憲敏,202,85小說網,13446,MW_336X280_全量2_85小說網,,,,162,162,0,162,0,0,0,0,0,100.00%,0.00%,0.00%,0.00%,0.00%,0.00%,0.00%
20260127,18,第一網站股份有限公司,2768,czbooks,13481,MW_300x250_banner_czbooks,antifroud,,子聯播網,"2,035","2,035",6,"2,029",2,4,4,0,0,100.00%,0.29%,0.10%,0.20%,0.20%,0.00%,0.00%
20260127,18,第一網站股份有限公司,2910,clickme,13549,CF_300x250_banner_clickme(一般),,,,9,9,0,9,0,0,0,0,0,100.00%,0.00%,0.00%,0.00%,0.00%,0.00%,0.00%
20260127,18,第一網站股份有限公司,2768,czbooks,13903,(子)CF_300x250_banner_czbooks(直播),antifroud,,子聯播網,"17,825","17,825",80,"17,745",50,30,30,0,0,100.00%,0.45%,0.28%,0.17%,0.17%,0.00%,0.00%
20260127,18,第一網站股份有限公司,2783,漫畫櫃manhuagui,13904,(子)CF_300x250_banner_manhuagui(直播),antifroud,,子聯播網,"1,331","1,331",26,"1,305",0,26,26,0,0,100.00%,1.95%,0.00%,1.95%,1.95%,0.00%,0.00%
20260127,18,第一網站股份有限公司,2768,czbooks,14036,MW_320x480_CZBOOKS,antifroud,,,44,44,0,44,0,0,0,0,0,100.00%,0.00%,0.00%,0.00%,0.00%,0.00%,0.00%
20260127,18,闇碼科技股份有限公司,3048,縮短網址產生器-reurl,14210,MW_文中創意300x250_縮短網址產生器-reurl,,知名媒體,,18,18,4,14,0,4,4,0,0,100.00%,22.22%,0.00%,22.22%,22.22%,0.00%,0.00%
20260127,18,巨思文化股份有限公司,3053,數位時代_HB,14242,CF_300x250_內文下方左側_數位時代-HB,,知名媒體,,6,6,0,6,0,0,0,0,0,100.00%,0.00%,0.00%,0.00%,0.00%,0.00%,0.00%
20260127,18,巨思文化股份有限公司,3053,數位時代_HB,14243,CF_300x250_內文下方右側_數位時代-HB,,知名媒體,,6,6,0,6,0,0,0,0,0,100.00%,0.00%,0.00%,0.00%,0.00%,0.00%,0.00%
20260127,18,巨思文化股份有限公司,3053,數位時代_HB,14244,MW_300x250_文中第四塊_數位時代-HB,,知名媒體,,6,6,0,6,0,0,0,0,0,100.00%,0.00%,0.00%,0.00%,0.00%,0.00%,0.00%
20260127,18,巨思文化股份有限公司,3053,數位時代_HB,14246,MW_300x250_文章結束第一塊_數位時代-HB,,知名媒體,,32,32,0,32,0,0,0,0,0,100.00%,0.00%,0.00%,0.00%,0.00%,0.00%,0.00%
20260127,18,富盈數據股份有限公司,3059,塔科女子,14258,CF_336x280_全網_塔科女子,,知名媒體,,6,6,0,6,0,0,0,0,0,100.00%,0.00%,0.00%,0.00%,0.00%,0.00%,0.00%
20260127,18,CBROOT LTD,3003,包子漫畫-exchange,14291,MW_300x250_蓋板(PB)_包子漫畫,,,,30,30,0,30,0,0,0,0,0,100.00%,0.00%,0.00%,0.00%,0.00%,0.00%,0.00%
20260127,18,朱光宁,3149,稷下書院-exchange,14748,MW_320x100_置底(PB)_稷下書院,,,,"1,744","1,744",8,"1,736",2,6,6,0,0,100.00%,0.46%,0.11%,0.34%,0.34%,0.00%,0.00%
20260127,18,巨思文化股份有限公司,3053,數位時代_HB,14764,MW_置底創意_(非展開)_數位時代_HB,,知名媒體,,61,61,0,61,0,0,0,0,0,100.00%,0.00%,0.00%,0.00%,0.00%,0.00%,0.00%
20260127,18,中天電視股份有限公司,3283,中天新聞網-mobile,14931,MW_320x480_蓋版_中天新聞網-mobile,antifroud,知名媒體,,99,99,0,99,0,0,0,0,0,100.00%,0.00%,0.00%,0.00%,0.00%,0.00%,0.00%
20260127,18,中天電視股份有限公司,3282,中天新聞網-exchange,14980,CF_970x250_內頁_PC置頂橫幅-中天新聞網-exchange,,知名媒體,,6,6,2,4,0,2,2,0,0,100.00%,33.33%,0.00%,33.33%,33.33%,0.00%,0.00%
20260127,18,中天電視股份有限公司,3282,中天新聞網-exchange,15859,CF_336x280_內頁_PC右側互動看板B-中天新聞網-exchange,,知名媒體,,12,12,2,10,2,0,0,0,0,100.00%,16.67%,16.67%,0.00%,0.00%,0.00%,0.00%
20260127,18,朱光宁,3360,提莫書屋-exchange,16957,MW_336x280banner_提莫書屋_exchange,,,,"1,045","1,045",10,"1,035",6,4,4,0,0,100.00%,0.96%,0.57%,0.38%,0.38%,0.00%,0.00%
20260127,18,欣發現股份有限公司,3364,女子學-mobile,16972,MW_置底創意_女子學,antifroud,,,6,6,0,6,0,0,0,0,0,100.00%,0.00%,0.00%,0.00%,0.00%,0.00%,0.00%
20260127,18,第一網站股份有限公司,2783,漫畫櫃manhuagui,17027,MW_320x480_蓋版_漫畫櫃manhuagui,,,,24,24,0,24,0,0,0,0,0,100.00%,0.00%,0.00%,0.00%,0.00%,0.00%,0.00%
20260127,18,朱光宁,3268,稷下書院-mobile,17207,MW_320x480_蓋版_稷下書院-mobile,,,,246,246,0,246,0,0,0,0,0,100.00%,0.00%,0.00%,0.00%,0.00%,0.00%,0.00%
20260127,18,李立娟,3395,vivi0視頻-exchange,17293,CF_336x280_Banner_vivi01視頻-exchange,antifroud,,,"4,496","4,496",6,"4,490",0,6,6,0,0,100.00%,0.13%,0.00%,0.13%,0.13%,0.00%,0.00%
20260127,18,李立娟,3395,vivi0視頻-exchange,17294,MW_336x280_Banner_vivi01視頻-exchange,antifroud,,,"2,505","2,505",6,"2,499",0,6,6,0,0,100.00%,0.24%,0.00%,0.24%,0.24%,0.00%,0.00%
20260127,18,李立娟,3395,vivi0視頻-exchange,17300,MW_320x100_置底(PB)_vivi01視頻-exchange,antifroud,,,953,953,0,953,0,0,0,0,0,100.00%,0.00%,0.00%,0.00%,0.00%,0.00%,0.00%
20260127,18,第一網站股份有限公司,2768,czbooks,17927,MW_置底創意_czbook,,,,255,255,0,255,0,0,0,0,0,100.00%,0.00%,0.00%,0.00%,0.00%,0.00%,0.00%
20260127,18,時報資訊股份有限公司_工商時報,3427,工商時報-exchange,18014,MW_300x250_文末Banner1_工商時報-exchange,,知名媒體,,126,126,0,126,0,0,0,0,0,100.00%,0.00%,0.00%,0.00%,0.00%,0.00%,0.00%
20260127,18,時報資訊股份有限公司_工商時報,3427,工商時報-exchange,18015,MW_300x250_文末Banner2_工商時報-exchange,,知名媒體,,142,142,0,142,0,0,0,0,0,100.00%,0.00%,0.00%,0.00%,0.00%,0.00%,0.00%
20260127,18,第一網站股份有限公司,3440,fsa_passback_first,18201,CF_336x280_fsa_passback_first,,,,16,16,0,16,0,0,0,0,0,100.00%,0.00%,0.00%,0.00%,0.00%,0.00%,0.00%
20260127,18,第一網站股份有限公司,3440,fsa_passback_first,18202,CF_300x250_fsa_passback_first,,,,206,206,2,204,0,2,2,0,0,100.00%,0.97%,0.00%,0.97%,0.97%,0.00%,0.00%
20260127,18,冰楓科技有限公司,3485,冰楓論壇-exchange,18487,CF_970x90_內文上方第一塊_冰楓論壇-exchange,,,,51,51,0,51,0,0,0,0,0,100.00%,0.00%,0.00%,0.00%,0.00%,0.00%,0.00%
20260127,18,冰楓科技有限公司,3485,冰楓論壇-exchange,18492,MW_300x250_Banner_ 冰楓論壇-exchange,,,,22,22,0,22,0,0,0,0,0,100.00%,0.00%,0.00%,0.00%,0.00%,0.00%,0.00%
20260127,18,CBROOT LTD,3492,包子漫畫(特開流量)-exchange,18546,(子)CF_300x250_指定時段_包子漫畫(特開流量)-exchange,,,子聯播網,"2,390","2,390",0,"2,390",0,0,0,0,0,100.00%,0.00%,0.00%,0.00%,0.00%,0.00%,0.00%
20260127,18,CBROOT LTD,3492,包子漫畫(特開流量)-exchange,18557,CF_300x600_指定流量_包子漫畫(特開流量PB)-exchange,,,,339,339,8,331,0,8,8,0,0,100.00%,2.36%,0.00%,2.36%,2.36%,0.00%,0.00%
20260127,18,CBROOT LTD,3510,包子漫畫_twmanga-exchange,18732,MW_336x280_Banner_包子漫畫_twmanga,,,子聯播網,"3,917","3,917",11,"3,906",0,11,11,0,0,100.00%,0.28%,0.00%,0.28%,0.28%,0.00%,0.00%
20260127,18,闇碼科技股份有限公司,2992,縮短網址產生器-reurl-exchange,18876,CF_首頁連結bar下方_縮短網址產生器-reurl-exchange,,知名媒體,,6,6,0,6,0,0,0,0,0,100.00%,0.00%,0.00%,0.00%,0.00%,0.00%,0.00%
20260127,18,台灣英文新聞股份有限公司,3537,台灣英文新聞(new)-exchange,18924,CF_300x250_內容頁_右側看版_1_台灣英文新聞(new)-exchange,,知名媒體,,6,6,2,4,0,2,2,0,0,100.00%,33.33%,0.00%,33.33%,33.33%,0.00%,0.00%
20260127,18,艾得基客行銷顧問股份有限公司,3373,良醫健康網,19009,MW_蓋板_良醫健康網,,知名媒體,,6,6,0,6,0,0,0,0,0,100.00%,0.00%,0.00%,0.00%,0.00%,0.00%,0.00%
20260127,18,艾得基客行銷顧問股份有限公司,3490,太報,19043,MW_置底創意(展開)_太報,,知名媒體,,32,32,0,32,0,0,0,0,0,100.00%,0.00%,0.00%,0.00%,0.00%,0.00%,0.00%
20260127,18,艾得基客行銷顧問股份有限公司,3552,玩具人,19044,MW_320x480_文中創意_玩具人,,知名媒體,,7,7,0,7,0,0,0,0,0,100.00%,0.00%,0.00%,0.00%,0.00%,0.00%,0.00%
20260127,18,第一網站股份有限公司,2783,漫畫櫃manhuagui,20685,MW_300X250_manhuagui,antifroud,,,476,476,1,475,0,1,1,0,0,100.00%,0.21%,0.00%,0.21%,0.21%,0.00%,0.00%
20260127,18,德榕企業有限公司,3578,TW Bodhi_mobile,20708,MW_蓋板_TW Bodhi,,,,36,36,0,36,0,0,0,0,0,100.00%,0.00%,0.00%,0.00%,0.00%,0.00%,0.00%
20260127,18,德榕企業有限公司,3581,忘憂書屋,20727,CF_336x280文章頁(RWD)_忘憂書屋,,,,12,12,0,12,0,0,0,0,0,100.00%,0.00%,0.00%,0.00%,0.00%,0.00%,0.00%
20260127,18,德榕企業有限公司,3582,忘憂書屋_mobile,20728,MW_文中創意300x250_忘憂書屋,,,,12,12,0,12,0,0,0,0,0,100.00%,0.00%,0.00%,0.00%,0.00%,0.00%,0.00%
20260127,18,第一網站股份有限公司,2916,KiKiNote,20731,CF_300x250_banner_kikinote (PB),,知名媒體,,20,20,0,20,0,0,0,0,0,100.00%,0.00%,0.00%,0.00%,0.00%,0.00%,0.00%
20260127,18,艾得基客行銷顧問股份有限公司,3490,太報,21317,MW_蓋版_太報,,知名媒體,,6,3,0,3,0,0,0,0,0,50.00%,0.00%,0.00%,0.00%,0.00%,0.00%,0.00%
20260127,18,第一網站股份有限公司,3440,fsa_passback_first,21699,CF_336x280_fsa_passback_first,,,,30,30,4,26,4,0,0,0,0,100.00%,13.33%,13.33%,0.00%,0.00%,0.00%,0.00%
20260127,18,富盈數據股份有限公司,3653,TVBS-女人我最大_HB,21760,MW_文章三_336x280_TVBS-女人我最大_HB,,知名媒體,,6,6,0,6,0,0,0,0,0,100.00%,0.00%,0.00%,0.00%,0.00%,0.00%,0.00%
20260127,18,富盈數據股份有限公司,3653,TVBS-女人我最大_HB,21761,MW_文章四_336x280_TVBS-女人我最大_HB,,知名媒體,,44,44,0,44,0,0,0,0,0,100.00%,0.00%,0.00%,0.00%,0.00%,0.00%,0.00%
20260127,18,富盈數據股份有限公司,3653,TVBS-女人我最大_HB,21763,MW_文中創意320x480_TVBS-女人我最大_HB,,知名媒體,,42,42,0,42,0,0,0,0,0,100.00%,0.00%,0.00%,0.00%,0.00%,0.00%,0.00%
20260127,18,富盈數據股份有限公司,3654,TVBS-健康2.0_HB,21768,MW_文中創意320x480_TVBS-健康2.0_HB,,知名媒體,,423,423,0,423,0,0,0,0,0,100.00%,0.00%,0.00%,0.00%,0.00%,0.00%,0.00%
20260127,18,富盈數據股份有限公司,3653,TVBS-女人我最大_HB,21803,MW_文章一_336x280_TVBS-女人我最大_HB,,知名媒體,,20,20,0,20,0,0,0,0,0,100.00%,0.00%,0.00%,0.00%,0.00%,0.00%,0.00%
20260127,18,儂儂雜誌社股份有限公司(bella儂儂),2135,Bella儂儂_2024,21876,MW-300x250_文章標題上方1_Bella儂儂,,知名媒體,,12,12,0,12,0,0,0,0,0,100.00%,0.00%,0.00%,0.00%,0.00%,0.00%,0.00%
20260127,18,富盈數據股份有限公司,3680,TVBS-新聞網_HB,21899,MW_文章一_336x280_TVBS-新聞網_HB,,知名媒體,,"2,653","2,653",4,"2,649",0,4,4,0,0,100.00%,0.15%,0.00%,0.15%,0.15%,0.00%,0.00%
20260127,18,富盈數據股份有限公司,3680,TVBS-新聞網_HB,21900,MW_文章三_336x280_TVBS-新聞網_HB,,知名媒體,,298,298,0,298,0,0,0,0,0,100.00%,0.00%,0.00%,0.00%,0.00%,0.00%,0.00%
20260127,18,富盈數據股份有限公司,3680,TVBS-新聞網_HB,21901,MW_文章四_336x280_TVBS-新聞網_HB,,知名媒體,,26,26,0,26,0,0,0,0,0,100.00%,0.00%,0.00%,0.00%,0.00%,0.00%,0.00%
20260127,18,富盈數據股份有限公司,3680,TVBS-新聞網_HB,21902,MW_文章置底_320x100_TVBS-新聞網_HB,,知名媒體,,"2,889","2,889",4,"2,885",0,4,4,0,0,100.00%,0.14%,0.00%,0.14%,0.14%,0.00%,0.00%
20260127,18,富盈數據股份有限公司,3684,稅美人_mobile,21923,MW_置底創意(非展開)_稅美人-mobile,,,,132,132,0,132,0,0,0,0,0,100.00%,0.00%,0.00%,0.00%,0.00%,0.00%,0.00%
20260127,18,富盈數據股份有限公司,3685,玩桌遊_mobile,21924,MW_置底創意(非展開)_玩桌遊-mobile,,,,26,26,0,26,0,0,0,0,0,100.00%,0.00%,0.00%,0.00%,0.00%,0.00%,0.00%
20260127,18,富盈數據股份有限公司,3704,天天要聞,22030,CF_300 x 250 banner_天天要聞_cpc2,,,,763,763,12,751,0,12,12,0,0,100.00%,1.57%,0.00%,1.57%,1.57%,0.00%,0.00%
20260127,18,朱光宁,3718,稷下書院2,22092,MW_置底創意(非展開)_稷下書院2,antifroud,,,"10,165","10,165",8,"10,157",0,8,8,0,0,100.00%,0.08%,0.00%,0.08%,0.08%,0.00%,0.00%
20260127,18,富盈數據股份有限公司,3680,TVBS-新聞網_HB,22132,CF_文中300x250_TVBS-新聞網_HB_2,,知名媒體,,16,16,0,16,0,0,0,0,0,100.00%,0.00%,0.00%,0.00%,0.00%,0.00%,0.00%
20260127,18,富盈數據股份有限公司,3680,TVBS-新聞網_HB,22133,CF_文中300x250_TVBS-新聞網_HB_3,,知名媒體,,48,48,2,46,2,0,0,0,0,100.00%,4.17%,4.17%,0.00%,0.00%,0.00%,0.00%
20260127,18,富盈數據股份有限公司,3730,Teepr 亮新聞 HB,22145,MW_336x280_文中創意_Teepr亮新聞 HB,,,,6,6,0,6,0,0,0,0,0,100.00%,0.00%,0.00%,0.00%,0.00%,0.00%,0.00%
20260127,18,闇碼科技股份有限公司,3048,縮短網址產生器-reurl,22213,MW_蓋版_縮短網址產生器-reurl-2025.05(特殊供量),,知名媒體,,600,600,590,10,586,4,4,0,0,100.00%,98.33%,97.67%,0.67%,0.67%,0.00%,0.00%
20260127,18,艾得基客行銷顧問股份有限公司,3724,上報,22217,MW_置底創意(非展開)_上報,,知名媒體,,6,6,0,6,0,0,0,0,0,100.00%,0.00%,0.00%,0.00%,0.00%,0.00%,0.00%
20260127,18,艾得基客行銷顧問股份有限公司,3724,上報,22218,MW_置底(展開)_上報,,知名媒體,,12,12,0,12,0,0,0,0,0,100.00%,0.00%,0.00%,0.00%,0.00%,0.00%,0.00%
20260127,18,朱光宁,3741,石頭小說3,22396,MW_置底_石頭小說3,,,,30,30,0,30,0,0,0,0,0,100.00%,0.00%,0.00%,0.00%,0.00%,0.00%,0.00%
20260127,18,朱光宁,3741,石頭小說3,22398,CF_336 x 280 banner_石頭小說3_cpc1.67,,,,"1,250","1,250",0,"1,250",0,0,0,0,0,100.00%,0.00%,0.00%,0.00%,0.00%,0.00%,0.00%
20260127,18,朱光宁,3741,石頭小說3,22399,CF_320 x 480 橫幅_石頭小說3,,,,18,18,0,18,0,0,0,0,0,100.00%,0.00%,0.00%,0.00%,0.00%,0.00%,0.00%
20260127,18,闇碼科技股份有限公司,3068,限時圖片-imgus,22406,MW_置底_imgus,antifroud,,,30,30,0,30,0,0,0,0,0,100.00%,0.00%,0.00%,0.00%,0.00%,0.00%,0.00%
20260127,18,第一網站股份有限公司,2783,漫畫櫃manhuagui,22443,MW_置底_manhuagui,antifroud,,,"1,410","1,410",6,"1,404",2,4,4,0,0,100.00%,0.43%,0.14%,0.28%,0.28%,0.00%,0.00%
20260127,18,艾得基客行銷顧問股份有限公司,2689,Basketball Top5,22498,MW_300x250 Banner_Basketball TOP5_CPM5,,,子聯播網,12,12,0,12,0,0,0,0,0,100.00%,0.00%,0.00%,0.00%,0.00%,0.00%,0.00%
20260127,18,艾得基客行銷顧問股份有限公司,2578,鉅亨網,22507,MW_300x250_鉅亨網_直播用BN-1,,知名媒體,子聯播網,152,152,2,150,0,2,2,0,0,100.00%,1.32%,0.00%,1.32%,1.32%,0.00%,0.00%
20260127,18,技達創意資訊有限公司,1299,泰好網,4734,MW-320*100-首頁、內文上方-泰好網,,,,6,6,0,6,0,0,0,0,0,100.00%,0.00%,0.00%,0.00%,0.00%,0.00%,0.00%
20260127,18,精鏡傳媒股份有限公司,1060,鏡週刊,8250,MW_置底創意(非展開)_鏡週刊,,知名媒體,,18,18,0,18,0,0,0,0,0,100.00%,0.00%,0.00%,0.00%,0.00%,0.00%,0.00%
20260127,18,鳳梨傳媒股份有限公司,2190,民視新聞網-Exchange,8862,CF_970X90_分類新聞內頁上方_民視新聞(MCM),,知名媒體,,6,6,0,6,0,0,0,0,0,100.00%,0.00%,0.00%,0.00%,0.00%,0.00%,0.00%
