日期,小時,供應商名稱,網站,網站名稱,版位編號,版位名稱,antifroud,知名媒體,子聯播網,Total Tracked Ads,Reduced Value Inventory (RVI) Ads,Incentivized Browsing (RVI) Ads,Proxy Server (RVI) Ads,seeThrough Ads,Invisible URL Ads,Total Eligible Ads for Site Quality,% Reduced Value Inventory (RVI) Ads,% seeThrough Ads,Invisible URL rate,% Incentivized Browsing (RVI) Ads,% Proxy Server (RVI) Ads
20260126,15,英屬維京群島商浩美數位有限公司台灣分公司,2315,Teepr亮新聞-exchange,10012,CF_336x280Banner_Teepr亮新聞-exchange,,知名媒體,,584,12,0,12,396,0,584,2.05%,67.81%,0.00%,0.00%,2.05%
20260126,15,第一網站股份有限公司,2300,keketravel,10594,(子)CF_336x280_keketravel,,,子聯播網,8,0,0,0,8,0,8,0.00%,100.00%,0.00%,0.00%,0.00%
20260126,15,昱得資訊工作室,2528,數位書香,11080,CF_728x90_首頁上方_數位書香,antifroud,,,7,0,0,0,7,0,7,0.00%,100.00%,0.00%,0.00%,0.00%
20260126,15,昱得資訊工作室,2528,數位書香,11081,CF_160x600_首頁右側_數位書香,antifroud,,,438,0,0,0,438,0,438,0.00%,100.00%,0.00%,0.00%,0.00%
20260126,15,第一網站股份有限公司,2540,risu短網址,11260,MW-300X250-MB_page_left-risu,,知名媒體,,12,0,0,0,12,0,12,0.00%,100.00%,0.00%,0.00%,0.00%
20260126,15,第一網站股份有限公司,2492,ttshow,11273,MW-300X250-ttshow,,知名媒體,,12,0,0,0,12,0,12,0.00%,100.00%,0.00%,0.00%,0.00%
20260126,15,第一網站股份有限公司,2601,Meme梗圖倉庫,11443,CF-336X280-meme,,,,353,12,0,12,336,0,353,3.40%,95.18%,0.00%,0.00%,3.40%
20260126,15,艾得基客行銷顧問股份有限公司,2578,鉅亨網,12070,MW_320x480_文中創意_鉅亨網,,知名媒體,,"7,747",401,0,401,"6,241",0,7747,5.18%,80.56%,0.00%,0.00%,5.18%
20260126,15,時報資訊股份有限公司,2770,中時電子報_HB,12561,MW_300x250_內頁TOP Banner_中時電子報_HB,antifroud,知名媒體,,"7,717",958,0,958,"6,321",0,7717,12.41%,81.91%,0.00%,0.00%,12.41%
20260126,15,第一網站股份有限公司,2768,czbooks,12570,CF_728x90_banner_czbooks,,,,"62,948",680,0,680,"62,822",0,62948,1.08%,99.80%,0.00%,0.00%,1.08%
20260126,15,鳳梨傳媒股份有限公司,2190,民視新聞網-Exchange,12579,CF_300x250_右側第一塊_民視新聞網-Exchange(RWD)(MCM),,知名媒體,,"3,969",140,0,140,"3,157",0,3969,3.53%,79.54%,0.00%,0.00%,3.53%
20260126,15,鳳梨傳媒股份有限公司,2190,民視新聞網-Exchange,12580,CF_300x250_內文文中左側_民視新聞網-Exchange(RWD)(MCM),,知名媒體,,"4,391",111,0,111,"3,671",0,4391,2.53%,83.60%,0.00%,0.00%,2.53%
20260126,15,第一網站股份有限公司,2783,漫畫櫃manhuagui,12676,CF_728X90_manhuagui,antifroud,,,"42,582","5,334",0,"5,334","38,699",0,42582,12.53%,90.88%,0.00%,0.00%,12.53%
20260126,15,艾得基客行銷顧問股份有限公司,2635,工商時報,12761,MW_320x480_文中創意_工商時報new,,知名媒體,,310,28,0,28,245,0,310,9.03%,79.03%,0.00%,0.00%,9.03%
20260126,15,第一網站股份有限公司,2801,damanwoo,12868,CF-300x250_Banner_damanwoo_大人物,,,,6,0,0,0,6,0,6,0.00%,100.00%,0.00%,0.00%,0.00%
20260126,15,第一網站股份有限公司,2820,星座好朋友(horofriend88),12966,MW_320x100_horofriend88,antifroud,,,80,0,0,0,56,0,80,0.00%,70.00%,0.00%,0.00%,0.00%
20260126,15,第一網站股份有限公司,2836,vivi01,13032,MW_置底創意_vivi01 ViVi視頻,,,,6,0,0,0,5,0,6,0.00%,83.33%,0.00%,0.00%,0.00%
20260126,15,東森電視事業股份有限公司,2014,東森新聞網,13162,MW_置底創意(展開)_東森新聞網,antifroud,知名媒體,,338,4,0,4,201,0,338,1.18%,59.47%,0.00%,0.00%,1.18%
20260126,15,曾憲敏,202,85小說網,13445,MW_336X280_全量1_85小說網,,,,236,76,0,76,170,0,236,32.20%,72.03%,0.00%,0.00%,32.20%
20260126,15,曾憲敏,202,85小說網,13446,MW_336X280_全量2_85小說網,,,,"2,721",746,0,746,"2,029",0,2721,27.42%,74.57%,0.00%,0.00%,27.42%
20260126,15,曾憲敏,601,85小說網_PC,13450,(子)CF_336x280_全量2_85小說網,,,子聯播網,314,6,0,6,314,0,314,1.91%,100.00%,0.00%,0.00%,1.91%
20260126,15,第一網站股份有限公司,2768,czbooks,13481,MW_300x250_banner_czbooks,antifroud,,子聯播網,"45,272","10,954",0,"10,954","34,970",0,45272,24.20%,77.24%,0.00%,0.00%,24.20%
20260126,15,第一網站股份有限公司,2910,clickme,13548,(子)CF_300x250_banner_clickme(一般),,,子聯播網,760,106,0,106,745,0,760,13.95%,98.03%,0.00%,0.00%,13.95%
20260126,15,第一網站股份有限公司,2910,clickme,13549,CF_300x250_banner_clickme(一般),,,,745,154,0,154,555,0,745,20.67%,74.50%,0.00%,0.00%,20.67%
20260126,15,第一網站股份有限公司,2916,KiKiNote,13576,(子)CF_300x250_banner_kikinote,,知名媒體,子聯播網,"1,890",76,0,76,"1,834",0,1890,4.02%,97.04%,0.00%,0.00%,4.02%
20260126,15,闇碼科技股份有限公司,2992,縮短網址產生器-reurl-exchange,13848,CF_300x250_轉址失敗_最右邊_reurl,,知名媒體,,6,0,0,0,6,0,6,0.00%,100.00%,0.00%,0.00%,0.00%
20260126,15,闇碼科技股份有限公司,2992,縮短網址產生器-reurl-exchange,13856,CF_300x250_轉址失敗頁第二塊_reurl,,知名媒體,,6,0,0,0,6,0,6,0.00%,100.00%,0.00%,0.00%,0.00%
20260126,15,第一網站股份有限公司,2768,czbooks,13903,(子)CF_300x250_banner_czbooks(直播),antifroud,,子聯播網,"240,645","26,801",0,"26,801","233,555",0,240645,11.14%,97.05%,0.00%,0.00%,11.14%
20260126,15,第一網站股份有限公司,2768,czbooks,14036,MW_320x480_CZBOOKS,antifroud,,,672,235,0,235,486,0,672,34.97%,72.32%,0.00%,0.00%,34.97%
20260126,15,陳人鳳,480,飛格寵物家族_PC,1407,CF-728X90_上方通欄_飛格寵物家族,,,,26,4,0,4,22,0,26,15.38%,84.62%,0.00%,0.00%,15.38%
20260126,15,陳人鳳,480,飛格寵物家族_PC,1408,CF-300X250_內文_飛格寵物家族,,,,92,0,0,0,89,0,92,0.00%,96.74%,0.00%,0.00%,0.00%
20260126,15,東森電視事業股份有限公司,2014,東森新聞網,14097,MW_蓋版_東森新聞網,,知名媒體,,"1,893",22,0,22,"1,300",0,1893,1.16%,68.67%,0.00%,0.00%,1.16%
20260126,15,闇碼科技股份有限公司,3048,縮短網址產生器-reurl,14210,MW_文中創意300x250_縮短網址產生器-reurl,,知名媒體,,146,12,0,12,116,0,146,8.22%,79.45%,0.00%,0.00%,8.22%
20260126,15,朱漢崴,3050,查電話_exchange,14221,MW_336x280_查電話首頁_最新回報下方 _whocll 查電話,,,,6,2,0,2,3,0,6,33.33%,50.00%,0.00%,0.00%,33.33%
20260126,15,富盈數據股份有限公司,3059,塔科女子,14258,CF_336x280_全網_塔科女子,,知名媒體,,132,55,0,55,76,0,132,41.67%,57.58%,0.00%,0.00%,41.67%
20260126,15,CBROOT LTD,3003,包子漫畫-exchange,14291,MW_300x250_蓋板(PB)_包子漫畫,,,,235,141,0,141,131,0,235,60.00%,55.74%,0.00%,0.00%,60.00%
20260126,15,朱光宁,3152,石頭小說-exchange,14472,MW_336x280_Banner_石頭小說,,,,"5,538","1,429",0,"1,429","4,660",0,5538,25.80%,84.15%,0.00%,0.00%,25.80%
20260126,15,朱光宁,3268,稷下書院-mobile,14737,MW_置底創意(非展開)_稷下書院-mobile,,,,6,2,0,2,5,0,6,33.33%,83.33%,0.00%,0.00%,33.33%
20260126,15,朱光宁,3149,稷下書院-exchange,14748,MW_320x100_置底(PB)_稷下書院,,,,"19,120","6,206",0,"6,206","14,136",0,19120,32.46%,73.93%,0.00%,0.00%,32.46%
20260126,15,巨思文化股份有限公司,3053,數位時代_HB,14764,MW_置底創意_(非展開)_數位時代_HB,,知名媒體,,80,19,0,19,56,0,80,23.75%,70.00%,0.00%,0.00%,23.75%
20260126,15,曾憲敏,3327,85小說網_創意,15228,MW-創意-85小說網,,,,409,111,0,111,297,0,409,27.14%,72.62%,0.00%,0.00%,27.14%
20260126,15,千晶文化事業股份有限公司,3336,Beauty 美人圈,15254,MW_置底創意(非展開)_ Beauty 美人圈,,知名媒體,,516,20,0,20,432,0,516,3.88%,83.72%,0.00%,0.00%,3.88%
20260126,15,中天電視股份有限公司,3282,中天新聞網-exchange,15859,CF_336x280_內頁_PC右側互動看板B-中天新聞網-exchange,,知名媒體,,"1,320",22,0,22,"1,220",0,1320,1.67%,92.42%,0.00%,0.00%,1.67%
20260126,15,CBROOT LTD,3352,西瓜卡通-exchange,15970,CF_160x600_影音內容_西瓜卡通-exchange,,,,6,0,0,0,6,0,6,0.00%,100.00%,0.00%,0.00%,0.00%
20260126,15,朱光宁,3360,提莫書屋-exchange,16957,MW_336x280banner_提莫書屋_exchange,,,,"14,213","3,596",0,"3,596","11,037",0,14213,25.30%,77.65%,0.00%,0.00%,25.30%
20260126,15,朱光宁,3361,提莫書屋-mobile,16958,MW_置底創意_提莫書屋-mobile,,,,88,32,0,32,61,0,88,36.36%,69.32%,0.00%,0.00%,36.36%
20260126,15,朱光宁,3361,提莫書屋-mobile,16959,MW_320x480_文中創意_提莫書屋-mobile,,,,48,16,0,16,33,0,48,33.33%,68.75%,0.00%,0.00%,33.33%
20260126,15,欣發現股份有限公司,3365,Hami任務牆-mobile,16969,MW_置底創意_Hami任務牆,,知名媒體,,6,2,0,2,4,0,6,33.33%,66.67%,0.00%,0.00%,33.33%
20260126,15,欣發現股份有限公司,3364,女子學-mobile,16972,MW_置底創意_女子學,antifroud,,,74,20,0,20,60,0,74,27.03%,81.08%,0.00%,0.00%,27.03%
20260126,15,欣發現股份有限公司,3363,大人物-mobile,16973,MW_置底創意_大人物,,知名媒體,,12,6,0,6,10,0,12,50.00%,83.33%,0.00%,0.00%,50.00%
20260126,15,第一網站股份有限公司,2783,漫畫櫃manhuagui,17027,MW_320x480_蓋版_漫畫櫃manhuagui,,,,"1,204",296,0,296,889,0,1204,24.58%,73.84%,0.00%,0.00%,24.58%
20260126,15,朱光宁,3268,稷下書院-mobile,17207,MW_320x480_蓋版_稷下書院-mobile,,,,"11,893","3,733",0,"3,733","8,197",0,11893,31.39%,68.92%,0.00%,0.00%,31.39%
20260126,15,李立娟,3395,vivi0視頻-exchange,17293,CF_336x280_Banner_vivi01視頻-exchange,antifroud,,,"27,907",75,0,75,"20,411",0,27907,0.27%,73.14%,0.00%,0.00%,0.27%
20260126,15,李立娟,3395,vivi0視頻-exchange,17294,MW_336x280_Banner_vivi01視頻-exchange,antifroud,,,"38,927",78,0,78,"28,147",0,38927,0.20%,72.31%,0.00%,0.00%,0.20%
20260126,15,李立娟,3395,vivi0視頻-exchange,17300,MW_320x100_置底(PB)_vivi01視頻-exchange,antifroud,,,"47,211",121,0,121,"34,835",0,47211,0.26%,73.79%,0.00%,0.00%,0.26%
20260126,15,李立娟,3397,趣聞圖說-exchange,17309,MW_336x280_文中Banner_趣聞圖說-exchange,,,,656,14,0,14,655,0,656,2.13%,99.85%,0.00%,0.00%,2.13%
20260126,15,曾憲敏,601,85小說網_PC,1773,CF-300x250_85小說網_內文1,,,,345,56,0,56,317,0,345,16.23%,91.88%,0.00%,0.00%,16.23%
20260126,15,李立娟,3396,趣聞圖說-Mobile,17923,MW_置底創意(展開)_趣聞圖說-Mobile,,,,12,0,0,0,11,0,12,0.00%,91.67%,0.00%,0.00%,0.00%
20260126,15,第一網站股份有限公司,2768,czbooks,17927,MW_置底創意_czbook,,,,"6,403","2,046",0,"2,046","4,630",0,6403,31.95%,72.31%,0.00%,0.00%,31.95%
20260126,15,第一網站股份有限公司,3440,fsa_passback_first,18201,CF_336x280_fsa_passback_first,,,,28,0,0,0,28,0,28,0.00%,100.00%,0.00%,0.00%,0.00%
20260126,15,第一網站股份有限公司,3440,fsa_passback_first,18202,CF_300x250_fsa_passback_first,,,,"3,302",276,0,276,"3,120",0,3302,8.36%,94.49%,0.00%,0.00%,8.36%
20260126,15,朱光宁,3268,稷下書院-mobile,18297,MW_置底創意(展開)_稷下書院-mobile,,,,112,34,0,34,80,0,112,30.36%,71.43%,0.00%,0.00%,30.36%
20260126,15,冰楓科技有限公司,3485,冰楓論壇-exchange,18487,CF_970x90_內文上方第一塊_冰楓論壇-exchange,,,,413,43,0,43,404,0,413,10.41%,97.82%,0.00%,0.00%,10.41%
20260126,15,冰楓科技有限公司,3485,冰楓論壇-exchange,18488,MW_320x100_內文上方第一塊_ 冰楓論壇-exchange,antifroud,,,18,2,0,2,17,0,18,11.11%,94.44%,0.00%,0.00%,11.11%
20260126,15,冰楓科技有限公司,3485,冰楓論壇-exchange,18492,MW_300x250_Banner_ 冰楓論壇-exchange,,,,190,0,0,0,190,0,190,0.00%,100.00%,0.00%,0.00%,0.00%
20260126,15,闇碼科技股份有限公司,3048,縮短網址產生器-reurl,18535,MW_蓋版_縮短網址產生器-reurl,,知名媒體,,19,0,0,0,16,0,19,0.00%,84.21%,0.00%,0.00%,0.00%
20260126,15,CBROOT LTD,3510,包子漫畫_twmanga-exchange,18732,MW_336x280_Banner_包子漫畫_twmanga,,,子聯播網,"32,266","15,804",0,"15,804","19,714",0,32266,48.98%,61.10%,0.00%,0.00%,48.98%
20260126,15,CBROOT LTD,3510,包子漫畫_twmanga-exchange,18737,CF_970x90_Banner_ 包子漫畫_twmanga-exchange,,,,46,6,0,6,43,0,46,13.04%,93.48%,0.00%,0.00%,13.04%
20260126,15,舒禾驊,3535,荷花動漫筆記,18887,CF_336x280_文章頁文中_荷花動漫筆記,,,,22,0,0,0,22,0,22,0.00%,100.00%,0.00%,0.00%,0.00%
20260126,15,台灣英文新聞股份有限公司,3537,台灣英文新聞(new)-exchange,18924,CF_300x250_內容頁_右側看版_1_台灣英文新聞(new)-exchange,,知名媒體,,84,4,0,4,64,0,84,4.76%,76.19%,0.00%,0.00%,4.76%
20260126,15,艾得基客行銷顧問股份有限公司,3552,玩具人,19044,MW_320x480_文中創意_玩具人,,知名媒體,,30,4,0,4,23,0,30,13.33%,76.67%,0.00%,0.00%,13.33%
20260126,15,第一網站股份有限公司,2783,漫畫櫃manhuagui,20685,MW_300X250_manhuagui,antifroud,,,"3,317",842,0,842,"2,513",0,3317,25.38%,75.76%,0.00%,0.00%,25.38%
20260126,15,德榕企業有限公司,3577,TW Bodhi,20705,(子)CF_336x280_文章頁(RWD)_TW Bodhi,antifroud,,子聯播網,12,0,0,0,12,0,12,0.00%,100.00%,0.00%,0.00%,0.00%
20260126,15,德榕企業有限公司,3578,TW Bodhi_mobile,20708,MW_蓋板_TW Bodhi,,,,251,73,0,73,186,0,251,29.08%,74.10%,0.00%,0.00%,29.08%
20260126,15,德榕企業有限公司,3578,TW Bodhi_mobile,20719,MW_文中創意300x250_TW Bodhi,,,,6,0,0,0,5,0,6,0.00%,83.33%,0.00%,0.00%,0.00%
20260126,15,德榕企業有限公司,3581,忘憂書屋,20727,CF_336x280文章頁(RWD)_忘憂書屋,,,,92,19,0,19,76,0,92,20.65%,82.61%,0.00%,0.00%,20.65%
20260126,15,德榕企業有限公司,3582,忘憂書屋_mobile,20728,MW_文中創意300x250_忘憂書屋,,,,6,0,0,0,6,0,6,0.00%,100.00%,0.00%,0.00%,0.00%
20260126,15,德榕企業有限公司,3582,忘憂書屋_mobile,20729,MW_蓋板_忘憂書屋,,,,6,2,0,2,4,0,6,33.33%,66.67%,0.00%,0.00%,33.33%
20260126,15,第一網站股份有限公司,2910,clickme,20735,(子)CF_300x250_banner_clickme(成人),,,子聯播網,"8,134",926,0,926,"7,674",0,8134,11.38%,94.34%,0.00%,0.00%,11.38%
20260126,15,第一網站股份有限公司,3440,fsa_passback_first,21699,CF_336x280_fsa_passback_first,,,,"2,648",269,0,269,"2,506",0,2648,10.16%,94.64%,0.00%,0.00%,10.16%
20260126,15,富盈數據股份有限公司,3653,TVBS-女人我最大_HB,21760,MW_文章三_336x280_TVBS-女人我最大_HB,,知名媒體,,12,2,0,2,7,0,12,16.67%,58.33%,0.00%,0.00%,16.67%
20260126,15,富盈數據股份有限公司,3653,TVBS-女人我最大_HB,21761,MW_文章四_336x280_TVBS-女人我最大_HB,,知名媒體,,262,30,0,30,190,0,262,11.45%,72.52%,0.00%,0.00%,11.45%
20260126,15,富盈數據股份有限公司,3653,TVBS-女人我最大_HB,21763,MW_文中創意320x480_TVBS-女人我最大_HB,,知名媒體,,104,12,0,12,64,0,104,11.54%,61.54%,0.00%,0.00%,11.54%
20260126,15,富盈數據股份有限公司,3654,TVBS-健康2.0_HB,21768,MW_文中創意320x480_TVBS-健康2.0_HB,,知名媒體,,"2,955",480,0,480,"2,229",0,2955,16.24%,75.43%,0.00%,0.00%,16.24%
20260126,15,富盈數據股份有限公司,3655,TVBS-食尚玩家_HB,21773,MW_文中創意320x480_TVBS-食尚玩家_HB,,知名媒體,,251,34,0,34,175,0,251,13.55%,69.72%,0.00%,0.00%,13.55%
20260126,15,儂儂雜誌社股份有限公司(bella儂儂),2135,Bella儂儂_2024,21876,MW-300x250_文章標題上方1_Bella儂儂,,知名媒體,,538,54,0,54,427,0,538,10.04%,79.37%,0.00%,0.00%,10.04%
20260126,15,富盈數據股份有限公司,3684,稅美人_mobile,21923,MW_置底創意(非展開)_稅美人-mobile,,,,301,100,0,100,217,0,301,33.22%,72.09%,0.00%,0.00%,33.22%
20260126,15,富盈數據股份有限公司,3685,玩桌遊_mobile,21924,MW_置底創意(非展開)_玩桌遊-mobile,,,,263,71,0,71,197,0,263,27.00%,74.90%,0.00%,0.00%,27.00%
20260126,15,富盈數據股份有限公司,2615,熱血台中,21986,CF_336x280_全網_熱血台中,,,,6,0,0,0,6,0,6,0.00%,100.00%,0.00%,0.00%,0.00%
20260126,15,富盈數據股份有限公司,2615,熱血台中,21987,CF_336x280_全網_熱血台中,,,,12,0,0,0,12,0,12,0.00%,100.00%,0.00%,0.00%,0.00%
20260126,15,富盈數據股份有限公司,3704,天天要聞,22030,CF_300 x 250 banner_天天要聞_cpc2,,,,"1,332",325,0,325,"1,011",0,1332,24.40%,75.90%,0.00%,0.00%,24.40%
20260126,15,富盈數據股份有限公司,3703,繁體小說,22031,CF_300 x 250 banner_繁體小說_cpc2,,,,148,60,0,60,109,0,148,40.54%,73.65%,0.00%,0.00%,40.54%
20260126,15,朱光宁,3708,石頭小說,22045,CF_336 x 280 banner_石頭小說_cpc1.67,antifroud,,,"69,605",538,0,538,"69,605",0,69605,0.77%,100.00%,0.00%,0.00%,0.77%
20260126,15,噗浪股份有限公司,58,Plurk_Mobile,22054,MA_(1)300 x 250 橫幅_Plurk,,知名媒體,,6,0,0,0,2,0,6,0.00%,33.33%,0.00%,0.00%,0.00%
20260126,15,朱光宁,3718,稷下書院2,22093,CF_336 x 280 banner_稷下書院2_cpc1.67,antifroud,,,"65,049",394,0,394,"65,048",0,65049,0.61%,100.00%,0.00%,0.00%,0.61%
20260126,15,闇碼科技股份有限公司,3048,縮短網址產生器-reurl,22213,MW_蓋版_縮短網址產生器-reurl-2025.05(特殊供量),,知名媒體,,178,12,0,12,151,0,178,6.74%,84.83%,0.00%,0.00%,6.74%
20260126,15,艾得基客行銷顧問股份有限公司,3724,上報,22217,MW_置底創意(非展開)_上報,,知名媒體,,377,37,0,37,288,0,377,9.81%,76.39%,0.00%,0.00%,9.81%
20260126,15,艾得基客行銷顧問股份有限公司,3724,上報,22218,MW_置底(展開)_上報,,知名媒體,,455,36,0,36,358,0,455,7.91%,78.68%,0.00%,0.00%,7.91%
20260126,15,艾得基客行銷顧問股份有限公司,2689,Basketball Top5,22219,MW_置底(展開)_Basketball TOP5,,,,56,0,0,0,35,0,56,0.00%,62.50%,0.00%,0.00%,0.00%
20260126,15,欣發現股份有限公司,3363,大人物-mobile,22222,MW_蓋板_大人物,,知名媒體,,50,4,0,4,48,0,50,8.00%,96.00%,0.00%,0.00%,8.00%
20260126,15,艾得基客行銷顧問股份有限公司,3738,痞客邦,22223,MW_中繼頁_置底創意(展開)-痞客邦_Mobile,,知名媒體,,"3,609","1,028",0,"1,028","2,428",0,3609,28.48%,67.28%,0.00%,0.00%,28.48%
20260126,15,艾得基客行銷顧問股份有限公司,3738,痞客邦,22226,MW_文章頁-置底-痞客邦,,知名媒體,,"3,244","1,198",0,"1,198","1,890",0,3244,36.93%,58.26%,0.00%,0.00%,36.93%
20260126,15,朱光宁,3741,石頭小說3,22396,MW_置底_石頭小說3,,,,218,81,0,81,151,0,218,37.16%,69.27%,0.00%,0.00%,37.16%
20260126,15,朱光宁,3741,石頭小說3,22398,CF_336 x 280 banner_石頭小說3_cpc1.67,,,,"14,238","1,376",0,"1,376","13,269",0,14238,9.66%,93.19%,0.00%,0.00%,9.66%
20260126,15,朱光宁,3741,石頭小說3,22399,CF_320 x 480 橫幅_石頭小說3,,,,72,24,0,24,55,0,72,33.33%,76.39%,0.00%,0.00%,33.33%
20260126,15,闇碼科技股份有限公司,3068,限時圖片-imgus,22406,MW_置底_imgus,antifroud,,,246,4,0,4,161,0,246,1.63%,65.45%,0.00%,0.00%,1.63%
20260126,15,第一網站股份有限公司,2783,漫畫櫃manhuagui,22443,MW_置底_manhuagui,antifroud,,,"17,614","4,471",0,"4,471","13,250",0,17614,25.38%,75.22%,0.00%,0.00%,25.38%
20260126,15,艾得基客行銷顧問股份有限公司,3490,太報,22495,MW_300x250 BANNER_太報_CPM5,,知名媒體,子聯播網,30,6,0,6,20,0,30,20.00%,66.67%,0.00%,0.00%,20.00%
20260126,15,艾得基客行銷顧問股份有限公司,2689,Basketball Top5,22498,MW_300x250 Banner_Basketball TOP5_CPM5,,,子聯播網,161,2,0,2,102,0,161,1.24%,63.35%,0.00%,0.00%,1.24%
20260126,15,艾得基客行銷顧問股份有限公司,2578,鉅亨網,22507,MW_300x250_鉅亨網_直播用BN-1,,知名媒體,子聯播網,"2,178",123,0,123,"1,769",0,2178,5.65%,81.22%,0.00%,0.00%,5.65%
20260126,15,艾得基客行銷顧問股份有限公司,3752,ＭoneyDJ,22514,MW_文中創意320x480_MoneyDJ,antifroud,知名媒體,,32,6,0,6,25,0,32,18.75%,78.12%,0.00%,0.00%,18.75%
20260126,15,艾得基客行銷顧問股份有限公司,3752,ＭoneyDJ,22515,MW_300x250 BANNER_MoneyDJ,antifroud,知名媒體,,12,0,0,0,8,0,12,0.00%,66.67%,0.00%,0.00%,0.00%
20260126,15,李承翰-webptt,718,Web批踢踢(RWD),2284,MW-蓋板_文中_Web批踢踢,antifroud,,,45,9,0,9,44,0,45,20.00%,97.78%,0.00%,0.00%,20.00%
20260126,15,肖偉彬,1287,紅櫻桃小說書庫,4678,CF-內文上方-300*250-紅櫻桃小說書庫,,,,32,24,0,24,20,0,32,75.00%,62.50%,0.00%,0.00%,75.00%
20260126,15,肖偉彬,1287,紅櫻桃小說書庫,4717,MW_文中創意300x250_紅櫻桃小說書庫,,,,6,0,0,0,6,0,6,0.00%,100.00%,0.00%,0.00%,0.00%
20260126,15,技達創意資訊有限公司,1299,泰好網,4734,MW-320*100-首頁、內文上方-泰好網,,,,30,0,0,0,30,0,30,0.00%,100.00%,0.00%,0.00%,0.00%
20260126,15,肖偉彬,1347,雲台書屋,4923,CF-上方通欄-300*250-雲台書屋,,,,6,0,0,0,0,0,6,0.00%,0.00%,0.00%,0.00%,0.00%
20260126,15,陈晋福,1367,電視超人,4997,CF-300X250-電視超人,,,,57,18,0,18,45,0,57,31.58%,78.95%,0.00%,0.00%,31.58%
20260126,15,麥智維,999,動漫戲說,6069,CF-300*250-首頁-動漫戲說,,,,62,11,0,11,60,0,62,17.74%,96.77%,0.00%,0.00%,17.74%
20260126,15,精鏡傳媒股份有限公司,1060,鏡週刊,8250,MW_置底創意(非展開)_鏡週刊,,知名媒體,,184,0,0,0,178,0,184,0.00%,96.74%,0.00%,0.00%,0.00%
20260126,15,布林遊國際有限公司,1692,Bring You,8393,CF-300X250-上方通欄右側_BringYou,,知名媒體,,24,2,0,2,23,0,24,8.33%,95.83%,0.00%,0.00%,8.33%
20260126,15,巧克科技新媒體股份有限公司,2127,LINE TV_Banner-exchange,8576,CF_336x280_戲劇-右側好康資訊下方_LINE TV-exchange,,知名媒體,,41,2,0,2,40,0,41,4.88%,97.56%,0.00%,0.00%,4.88%
20260126,15,巧克科技新媒體股份有限公司,2127,LINE TV_Banner-exchange,8577,CF_336x280_戲劇-右側好康資訊上方_LINE TV-exchange,,知名媒體,,62,2,0,2,61,0,62,3.23%,98.39%,0.00%,0.00%,3.23%
20260126,15,高政德,1015,小鎮資訊,9426,(子)CF_300x250_全網指定時段_小鎮資訊,,,子聯播網,6,0,0,0,6,0,6,0.00%,100.00%,0.00%,0.00%,0.00%
20260126,15,高政德,1015,小鎮資訊,9597,(子)CF_300x600_全網指定時段_小鎮資訊,,,子聯播網,6,0,0,0,6,0,6,0.00%,100.00%,0.00%,0.00%,0.00%
20260126,16,英屬維京群島商浩美數位有限公司台灣分公司,2315,Teepr亮新聞-exchange,10012,CF_336x280Banner_Teepr亮新聞-exchange,,知名媒體,,344,0,0,0,258,0,344,0.00%,75.00%,0.00%,0.00%,0.00%
20260126,16,第一網站股份有限公司,2300,keketravel,10594,(子)CF_336x280_keketravel,,,子聯播網,28,0,0,0,28,0,28,0.00%,100.00%,0.00%,0.00%,0.00%
20260126,16,昱得資訊工作室,2528,數位書香,11080,CF_728x90_首頁上方_數位書香,antifroud,,,26,0,0,0,26,0,26,0.00%,100.00%,0.00%,0.00%,0.00%
20260126,16,昱得資訊工作室,2528,數位書香,11081,CF_160x600_首頁右側_數位書香,antifroud,,,508,0,0,0,508,0,508,0.00%,100.00%,0.00%,0.00%,0.00%
20260126,16,第一網站股份有限公司,2518,麻辣家族討論區(twbts),11082,CF-728X90-twbts,antifroud,,,468,0,0,0,468,0,468,0.00%,100.00%,0.00%,0.00%,0.00%
20260126,16,第一網站股份有限公司,2492,ttshow,11273,MW-300X250-ttshow,,知名媒體,,18,6,0,6,15,0,18,33.33%,83.33%,0.00%,0.00%,33.33%
20260126,16,第一網站股份有限公司,2601,Meme梗圖倉庫,11443,CF-336X280-meme,,,,731,103,0,103,675,0,731,14.09%,92.34%,0.00%,0.00%,14.09%
20260126,16,艾得基客行銷顧問股份有限公司,2578,鉅亨網,12070,MW_320x480_文中創意_鉅亨網,,知名媒體,,"10,379",493,0,493,"8,410",0,10379,4.75%,81.03%,0.00%,0.00%,4.75%
20260126,16,葉志斌,2745,繁中寶可夢卡表生成器-奶爸工作室-exchange,12210,CF_728x90__文末__繁中寶可夢卡表生成器,,,,6,2,0,2,5,0,6,33.33%,83.33%,0.00%,0.00%,33.33%
20260126,16,冰楓科技有限公司,1710,冰楓論壇,12511,MW_300x250_Banner_冰楓論壇-exchange,,,,6,0,0,0,6,0,6,0.00%,100.00%,0.00%,0.00%,0.00%
20260126,16,時報資訊股份有限公司,2770,中時電子報_HB,12559,CF_300x250_右側互動看版_中時電子報_HB,,知名媒體,,616,44,0,44,580,0,616,7.14%,94.16%,0.00%,0.00%,7.14%
20260126,16,時報資訊股份有限公司,2770,中時電子報_HB,12560,CF_336x280_文中看板_中時電子報_HB,,知名媒體,,598,39,0,39,565,0,598,6.52%,94.48%,0.00%,0.00%,6.52%
20260126,16,時報資訊股份有限公司,2770,中時電子報_HB,12561,MW_300x250_內頁TOP Banner_中時電子報_HB,antifroud,知名媒體,,923,117,0,117,753,0,923,12.68%,81.58%,0.00%,0.00%,12.68%
20260126,16,第一網站股份有限公司,2768,czbooks,12570,CF_728x90_banner_czbooks,,,,"59,425",575,0,575,"59,185",0,59425,0.97%,99.60%,0.00%,0.00%,0.97%
20260126,16,鳳梨傳媒股份有限公司,2190,民視新聞網-Exchange,12579,CF_300x250_右側第一塊_民視新聞網-Exchange(RWD)(MCM),,知名媒體,,"5,561",157,0,157,"4,314",0,5561,2.82%,77.58%,0.00%,0.00%,2.82%
20260126,16,鳳梨傳媒股份有限公司,2190,民視新聞網-Exchange,12580,CF_300x250_內文文中左側_民視新聞網-Exchange(RWD)(MCM),,知名媒體,,"5,883",169,0,169,"4,841",0,5883,2.87%,82.29%,0.00%,0.00%,2.87%
20260126,16,第一網站股份有限公司,2783,漫畫櫃manhuagui,12676,CF_728X90_manhuagui,antifroud,,,"56,067","7,375",0,"7,375","51,073",0,56067,13.15%,91.09%,0.00%,0.00%,13.15%
20260126,16,艾得基客行銷顧問股份有限公司,2635,工商時報,12761,MW_320x480_文中創意_工商時報new,,知名媒體,,243,24,0,24,191,0,243,9.88%,78.60%,0.00%,0.00%,9.88%
20260126,16,金隼行銷股份有限公司,2786,91譜,12792,MW_置底創意_91譜,,知名媒體,,6,2,0,2,4,0,6,33.33%,66.67%,0.00%,0.00%,33.33%
20260126,16,第一網站股份有限公司,2801,damanwoo,12868,CF-300x250_Banner_damanwoo_大人物,,,,6,0,0,0,6,0,6,0.00%,100.00%,0.00%,0.00%,0.00%
20260126,16,永悅健康股份有限公司,2813,早安樂活,12926,MW_置底創意(展開)_早安樂活,,知名媒體,,188,6,0,6,163,0,188,3.19%,86.70%,0.00%,0.00%,3.19%
20260126,16,永悅健康股份有限公司,2813,早安樂活,12927,MW_置底創意(非展開)_早安樂活,,知名媒體,,210,6,0,6,178,0,210,2.86%,84.76%,0.00%,0.00%,2.86%
20260126,16,第一網站股份有限公司,2820,星座好朋友(horofriend88),12966,MW_320x100_horofriend88,antifroud,,,128,0,0,0,87,0,128,0.00%,67.97%,0.00%,0.00%,0.00%
20260126,16,時報資訊股份有限公司,2335,中時電子報_2019,12974,MW-置底創意(展開)-中時電子報_2019,antifroud,知名媒體,,14,4,0,4,10,0,14,28.57%,71.43%,0.00%,0.00%,28.57%
20260126,16,第一網站股份有限公司,2838,mycard,13041,MW_320x480_加倍mycard,,,,188,0,0,0,188,0,188,0.00%,100.00%,0.00%,0.00%,0.00%
20260126,16,曾憲敏,202,85小說網,13445,MW_336X280_全量1_85小說網,,,,347,90,0,90,273,0,347,25.94%,78.67%,0.00%,0.00%,25.94%
20260126,16,曾憲敏,202,85小說網,13446,MW_336X280_全量2_85小說網,,,,"2,909",847,0,847,"2,229",0,2909,29.12%,76.62%,0.00%,0.00%,29.12%
20260126,16,曾憲敏,601,85小說網_PC,13450,(子)CF_336x280_全量2_85小說網,,,子聯播網,252,2,0,2,252,0,252,0.79%,100.00%,0.00%,0.00%,0.79%
20260126,16,第一網站股份有限公司,2768,czbooks,13482,(子)CF_300x600_banner_czbooks(限時段),,,子聯播網,98,0,0,0,98,0,98,0.00%,100.00%,0.00%,0.00%,0.00%
20260126,16,第一網站股份有限公司,2768,czbooks,13483,(子)CF_970x250_banner_czbooks(限時段),,,子聯播網,168,0,0,0,168,0,168,0.00%,100.00%,0.00%,0.00%,0.00%
20260126,16,第一網站股份有限公司,2910,clickme,13548,(子)CF_300x250_banner_clickme(一般),,,子聯播網,805,25,0,25,796,0,805,3.11%,98.88%,0.00%,0.00%,3.11%
20260126,16,第一網站股份有限公司,2910,clickme,13549,CF_300x250_banner_clickme(一般),,,,"1,197",66,0,66,"1,029",0,1197,5.51%,85.96%,0.00%,0.00%,5.51%
20260126,16,第一網站股份有限公司,2916,KiKiNote,13576,(子)CF_300x250_banner_kikinote,,知名媒體,子聯播網,"2,189",84,0,84,"2,129",0,2189,3.84%,97.26%,0.00%,0.00%,3.84%
20260126,16,闇碼科技股份有限公司,2992,縮短網址產生器-reurl-exchange,13848,CF_300x250_轉址失敗_最右邊_reurl,,知名媒體,,6,0,0,0,4,0,6,0.00%,66.67%,0.00%,0.00%,0.00%
20260126,16,闇碼科技股份有限公司,2992,縮短網址產生器-reurl-exchange,13856,CF_300x250_轉址失敗頁第二塊_reurl,,知名媒體,,12,0,0,0,10,0,12,0.00%,83.33%,0.00%,0.00%,0.00%
20260126,16,第一網站股份有限公司,2768,czbooks,13903,(子)CF_300x250_banner_czbooks(直播),antifroud,,子聯播網,"305,897","29,867",0,"29,867","298,091",0,305897,9.76%,97.45%,0.00%,0.00%,9.76%
20260126,16,艾得基客行銷顧問股份有限公司,3738,痞客邦,13928,CF_300x600_全網版位_痞客邦,,知名媒體,,58,0,0,0,58,0,58,0.00%,100.00%,0.00%,0.00%,0.00%
20260126,16,第一網站股份有限公司,2768,czbooks,14036,MW_320x480_CZBOOKS,antifroud,,,"1,496",515,0,515,"1,029",0,1496,34.43%,68.78%,0.00%,0.00%,34.43%
20260126,16,第一網站股份有限公司,2601,Meme梗圖倉庫,14037,MW_320x480_meme,,,,6,2,0,2,4,0,6,33.33%,66.67%,0.00%,0.00%,33.33%
20260126,16,陳人鳳,480,飛格寵物家族_PC,1407,CF-728X90_上方通欄_飛格寵物家族,,,,48,7,0,7,41,0,48,14.58%,85.42%,0.00%,0.00%,14.58%
20260126,16,陳人鳳,480,飛格寵物家族_PC,1408,CF-300X250_內文_飛格寵物家族,,,,76,0,0,0,76,0,76,0.00%,100.00%,0.00%,0.00%,0.00%
20260126,16,飛凡傳播股份有限公司,1921,非凡新聞台-exchange,14188,MW_300x250_內文上方_非凡新聞-exchange,antifroud,知名媒體,,6,0,0,0,3,0,6,0.00%,50.00%,0.00%,0.00%,0.00%
20260126,16,闇碼科技股份有限公司,3048,縮短網址產生器-reurl,14210,MW_文中創意300x250_縮短網址產生器-reurl,,知名媒體,,207,4,0,4,169,0,207,1.93%,81.64%,0.00%,0.00%,1.93%
20260126,16,巨思文化股份有限公司,3052,經理人_HB,14238,MW_文章結束第一塊_300x250_經理人-HB,,知名媒體,,6,0,0,0,6,0,6,0.00%,100.00%,0.00%,0.00%,0.00%
20260126,16,巨思文化股份有限公司,3052,經理人_HB,14241,MW_300x250_內文下方_經理人-HB,,知名媒體,,6,0,0,0,6,0,6,0.00%,100.00%,0.00%,0.00%,0.00%
20260126,16,巨思文化股份有限公司,3053,數位時代_HB,14242,CF_300x250_內文下方左側_數位時代-HB,,知名媒體,,29,0,0,0,28,0,29,0.00%,96.55%,0.00%,0.00%,0.00%
20260126,16,巨思文化股份有限公司,3053,數位時代_HB,14243,CF_300x250_內文下方右側_數位時代-HB,,知名媒體,,35,0,0,0,35,0,35,0.00%,100.00%,0.00%,0.00%,0.00%
20260126,16,巨思文化股份有限公司,3053,數位時代_HB,14246,MW_300x250_文章結束第一塊_數位時代-HB,,知名媒體,,12,2,0,2,10,0,12,16.67%,83.33%,0.00%,0.00%,16.67%
20260126,16,富盈數據股份有限公司,3059,塔科女子,14258,CF_336x280_全網_塔科女子,,知名媒體,,202,57,0,57,162,0,202,28.22%,80.20%,0.00%,0.00%,28.22%
20260126,16,CBROOT LTD,3003,包子漫畫-exchange,14291,MW_300x250_蓋板(PB)_包子漫畫,,,,624,258,0,258,370,0,624,41.35%,59.29%,0.00%,0.00%,41.35%
20260126,16,朱光宁,3152,石頭小說-exchange,14472,MW_336x280_Banner_石頭小說,,,,"7,113","2,091",0,"2,091","5,805",0,7113,29.40%,81.61%,0.00%,0.00%,29.40%
20260126,16,朱光宁,3149,稷下書院-exchange,14748,MW_320x100_置底(PB)_稷下書院,,,,"23,284","7,472",0,"7,472","17,077",0,23284,32.09%,73.34%,0.00%,0.00%,32.09%
20260126,16,巨思文化股份有限公司,3053,數位時代_HB,14764,MW_置底創意_(非展開)_數位時代_HB,,知名媒體,,108,22,0,22,77,0,108,20.37%,71.30%,0.00%,0.00%,20.37%
20260126,16,中天電視股份有限公司,3282,中天新聞網-exchange,14980,CF_970x250_內頁_PC置頂橫幅-中天新聞網-exchange,,知名媒體,,52,0,0,0,47,0,52,0.00%,90.38%,0.00%,0.00%,0.00%
20260126,16,曾憲敏,3327,85小說網_創意,15227,MW-300X250_85小說網_隨身影音PB,,,,24,6,0,6,15,0,24,25.00%,62.50%,0.00%,0.00%,25.00%
20260126,16,曾憲敏,3327,85小說網_創意,15228,MW-創意-85小說網,,,,"1,248",387,0,387,936,0,1248,31.01%,75.00%,0.00%,0.00%,31.01%
20260126,16,中天電視股份有限公司,3282,中天新聞網-exchange,15859,CF_336x280_內頁_PC右側互動看板B-中天新聞網-exchange,,知名媒體,,876,18,0,18,809,0,876,2.05%,92.35%,0.00%,0.00%,2.05%
20260126,16,CBROOT LTD,3352,西瓜卡通-exchange,15969,CF_728x90_影音內容_西瓜卡通-exchange,,,,32,0,0,0,32,0,32,0.00%,100.00%,0.00%,0.00%,0.00%
20260126,16,CBROOT LTD,3352,西瓜卡通-exchange,15970,CF_160x600_影音內容_西瓜卡通-exchange,,,,128,0,0,0,128,0,128,0.00%,100.00%,0.00%,0.00%,0.00%
20260126,16,時報資訊股份有限公司,2817,旺得富,16910,CF_300x250_Billboard_1s_旺得富,,知名媒體,,12,0,0,0,12,0,12,0.00%,100.00%,0.00%,0.00%,0.00%
20260126,16,時報資訊股份有限公司,2817,旺得富,16911,CF_300x250_Billboard_2nd_旺得富,,知名媒體,,24,0,0,0,24,0,24,0.00%,100.00%,0.00%,0.00%,0.00%
20260126,16,葉志斌,2745,繁中寶可夢卡表生成器-奶爸工作室-exchange,16950,CF_160x600_Banner_繁中寶可夢卡表生成器-奶爸工作室-exchange,,,,12,2,0,2,11,0,12,16.67%,91.67%,0.00%,0.00%,16.67%
20260126,16,葉志斌,2745,繁中寶可夢卡表生成器-奶爸工作室-exchange,16951,CF_300x600_Banner_繁中寶可夢卡表生成器-奶爸工作室-exchange,,,,6,2,0,2,5,0,6,33.33%,83.33%,0.00%,0.00%,33.33%
20260126,16,朱光宁,3360,提莫書屋-exchange,16957,MW_336x280banner_提莫書屋_exchange,,,,"14,922","3,052",0,"3,052","12,209",0,14922,20.45%,81.82%,0.00%,0.00%,20.45%
20260126,16,朱光宁,3361,提莫書屋-mobile,16958,MW_置底創意_提莫書屋-mobile,,,,62,16,0,16,48,0,62,25.81%,77.42%,0.00%,0.00%,25.81%
20260126,16,朱光宁,3361,提莫書屋-mobile,16959,MW_320x480_文中創意_提莫書屋-mobile,,,,56,8,0,8,47,0,56,14.29%,83.93%,0.00%,0.00%,14.29%
20260126,16,欣發現股份有限公司,3364,女子學-mobile,16972,MW_置底創意_女子學,antifroud,,,32,0,0,0,32,0,32,0.00%,100.00%,0.00%,0.00%,0.00%
20260126,16,欣發現股份有限公司,3363,大人物-mobile,16973,MW_置底創意_大人物,,知名媒體,,6,0,0,0,5,0,6,0.00%,83.33%,0.00%,0.00%,0.00%
20260126,16,第一網站股份有限公司,2783,漫畫櫃manhuagui,17027,MW_320x480_蓋版_漫畫櫃manhuagui,,,,"6,639","1,619",0,"1,619","4,952",0,6639,24.39%,74.59%,0.00%,0.00%,24.39%
20260126,16,艾得基客行銷顧問股份有限公司,3373,良醫健康網,17092,MW_置底創意_良醫健康網,,知名媒體,,30,10,0,10,19,0,30,33.33%,63.33%,0.00%,0.00%,33.33%
20260126,16,朱光宁,3268,稷下書院-mobile,17207,MW_320x480_蓋版_稷下書院-mobile,,,,"35,498","11,107",0,"11,107","24,575",0,35498,31.29%,69.23%,0.00%,0.00%,31.29%
20260126,16,中華電視股份有限公司,3389,華視-mobile,17230,MW_置底創意(非展開)_華視-mobile,,知名媒體,,6,0,0,0,4,0,6,0.00%,66.67%,0.00%,0.00%,0.00%
20260126,16,李立娟,3395,vivi0視頻-exchange,17293,CF_336x280_Banner_vivi01視頻-exchange,antifroud,,,"32,562",109,0,109,"24,023",0,32562,0.33%,73.78%,0.00%,0.00%,0.33%
20260126,16,李立娟,3395,vivi0視頻-exchange,17294,MW_336x280_Banner_vivi01視頻-exchange,antifroud,,,"58,485",194,0,194,"42,914",0,58485,0.33%,73.38%,0.00%,0.00%,0.33%
20260126,16,李立娟,3395,vivi0視頻-exchange,17299,MW_300x250_蓋板(PB)-vivi01視頻-exchange,,,,6,0,0,0,6,0,6,0.00%,100.00%,0.00%,0.00%,0.00%
20260126,16,李立娟,3395,vivi0視頻-exchange,17300,MW_320x100_置底(PB)_vivi01視頻-exchange,antifroud,,,"44,201",138,0,138,"32,895",0,44201,0.31%,74.42%,0.00%,0.00%,0.31%
20260126,16,李立娟,3397,趣聞圖說-exchange,17309,MW_336x280_文中Banner_趣聞圖說-exchange,,,,"2,923",36,0,36,"2,920",0,2923,1.23%,99.90%,0.00%,0.00%,1.23%
20260126,16,曾憲敏,601,85小說網_PC,1773,CF-300x250_85小說網_內文1,,,,442,42,0,42,421,0,442,9.50%,95.25%,0.00%,0.00%,9.50%
20260126,16,李立娟,3396,趣聞圖說-Mobile,17923,MW_置底創意(展開)_趣聞圖說-Mobile,,,,18,0,0,0,16,0,18,0.00%,88.89%,0.00%,0.00%,0.00%
20260126,16,第一網站股份有限公司,2768,czbooks,17927,MW_置底創意_czbook,,,,"17,875","5,815",0,"5,815","12,744",0,17875,32.53%,71.30%,0.00%,0.00%,32.53%
20260126,16,時報資訊股份有限公司_工商時報,3427,工商時報-exchange,18003,CF_300x250_互動看板2_工商時報-exchange,,知名媒體,,8,0,0,0,7,0,8,0.00%,87.50%,0.00%,0.00%,0.00%
20260126,16,時報資訊股份有限公司_工商時報,3427,工商時報-exchange,18007,CF_336x280_文末右側看板_工商時報-exchange,,知名媒體,,26,0,0,0,25,0,26,0.00%,96.15%,0.00%,0.00%,0.00%
20260126,16,時報資訊股份有限公司_工商時報,3427,工商時報-exchange,18014,MW_300x250_文末Banner1_工商時報-exchange,,知名媒體,,106,10,0,10,90,0,106,9.43%,84.91%,0.00%,0.00%,9.43%
20260126,16,時報資訊股份有限公司_工商時報,3427,工商時報-exchange,18015,MW_300x250_文末Banner2_工商時報-exchange,,知名媒體,,198,22,0,22,156,0,198,11.11%,78.79%,0.00%,0.00%,11.11%
20260126,16,第一網站股份有限公司,3440,fsa_passback_first,18201,CF_336x280_fsa_passback_first,,,,"1,842",588,0,588,"1,590",0,1842,31.92%,86.32%,0.00%,0.00%,31.92%
20260126,16,第一網站股份有限公司,3440,fsa_passback_first,18202,CF_300x250_fsa_passback_first,,,,"2,999",251,0,251,"2,834",0,2999,8.37%,94.50%,0.00%,0.00%,8.37%
20260126,16,第一網站股份有限公司,3440,fsa_passback_first,18266,(子)CF_970x250_cfbanner_blog,,,子聯播網,"1,528",0,0,0,"1,528",0,1528,0.00%,100.00%,0.00%,0.00%,0.00%
20260126,16,莊博凱,3455,夢遊電玩,18269,300x250 Banner,,,,6,0,0,0,6,0,6,0.00%,100.00%,0.00%,0.00%,0.00%
20260126,16,朱光宁,3268,稷下書院-mobile,18297,MW_置底創意(展開)_稷下書院-mobile,,,,112,30,0,30,81,0,112,26.79%,72.32%,0.00%,0.00%,26.79%
20260126,16,冰楓科技有限公司,3485,冰楓論壇-exchange,18487,CF_970x90_內文上方第一塊_冰楓論壇-exchange,,,,"1,053",5,0,5,"1,041",0,1053,0.47%,98.86%,0.00%,0.00%,0.47%
20260126,16,冰楓科技有限公司,3485,冰楓論壇-exchange,18488,MW_320x100_內文上方第一塊_ 冰楓論壇-exchange,antifroud,,,12,0,0,0,12,0,12,0.00%,100.00%,0.00%,0.00%,0.00%
20260126,16,冰楓科技有限公司,3485,冰楓論壇-exchange,18491,CF_300x250_Banner_ 冰楓論壇-exchange,,,,6,0,0,0,6,0,6,0.00%,100.00%,0.00%,0.00%,0.00%
20260126,16,冰楓科技有限公司,3485,冰楓論壇-exchange,18492,MW_300x250_Banner_ 冰楓論壇-exchange,,,,500,5,0,5,496,0,500,1.00%,99.20%,0.00%,0.00%,1.00%
20260126,16,闇碼科技股份有限公司,3048,縮短網址產生器-reurl,18535,MW_蓋版_縮短網址產生器-reurl,,知名媒體,,30,2,0,2,23,0,30,6.67%,76.67%,0.00%,0.00%,6.67%
20260126,16,CBROOT LTD,3492,包子漫畫(特開流量)-exchange,18544,(子)CF_300x600_指定流量_包子漫畫(特開流量)-exchange,,,子聯播網,20,0,0,0,20,0,20,0.00%,100.00%,0.00%,0.00%,0.00%
20260126,16,CBROOT LTD,3510,包子漫畫_twmanga-exchange,18737,CF_970x90_Banner_ 包子漫畫_twmanga-exchange,,,,124,12,0,12,118,0,124,9.68%,95.16%,0.00%,0.00%,9.68%
20260126,16,闇碼科技股份有限公司,2992,縮短網址產生器-reurl-exchange,18876,CF_首頁連結bar下方_縮短網址產生器-reurl-exchange,,知名媒體,,6,0,0,0,6,0,6,0.00%,100.00%,0.00%,0.00%,0.00%
20260126,16,舒禾驊,3535,荷花動漫筆記,18887,CF_336x280_文章頁文中_荷花動漫筆記,,,,6,0,0,0,6,0,6,0.00%,100.00%,0.00%,0.00%,0.00%
20260126,16,台灣英文新聞股份有限公司,3537,台灣英文新聞(new)-exchange,18911,MW_300x250_首頁_ENDBANNER_5_台灣英文新聞(new)-exchange,,知名媒體,,6,0,0,0,6,0,6,0.00%,100.00%,0.00%,0.00%,0.00%
20260126,16,台灣英文新聞股份有限公司,3537,台灣英文新聞(new)-exchange,18914,MW_320x100_內文頁_置頂橫幅_台灣英文新聞(new)-exchange,,知名媒體,,9,0,0,0,9,0,9,0.00%,100.00%,0.00%,0.00%,0.00%
20260126,16,台灣英文新聞股份有限公司,3537,台灣英文新聞(new)-exchange,18924,CF_300x250_內容頁_右側看版_1_台灣英文新聞(new)-exchange,,知名媒體,,164,18,0,18,121,0,164,10.98%,73.78%,0.00%,0.00%,10.98%
20260126,16,艾得基客行銷顧問股份有限公司,3552,玩具人,19044,MW_320x480_文中創意_玩具人,,知名媒體,,36,4,0,4,24,0,36,11.11%,66.67%,0.00%,0.00%,11.11%
20260126,16,第一網站股份有限公司,2783,漫畫櫃manhuagui,20685,MW_300X250_manhuagui,antifroud,,,"6,620","1,763",0,"1,763","4,996",0,6620,26.63%,75.47%,0.00%,0.00%,26.63%
20260126,16,德榕企業有限公司,3577,TW Bodhi,20705,(子)CF_336x280_文章頁(RWD)_TW Bodhi,antifroud,,子聯播網,8,0,0,0,8,0,8,0.00%,100.00%,0.00%,0.00%,0.00%
20260126,16,德榕企業有限公司,3578,TW Bodhi_mobile,20708,MW_蓋板_TW Bodhi,,,,310,108,0,108,218,0,310,34.84%,70.32%,0.00%,0.00%,34.84%
20260126,16,德榕企業有限公司,3581,忘憂書屋,20727,CF_336x280文章頁(RWD)_忘憂書屋,,,,75,19,0,19,59,0,75,25.33%,78.67%,0.00%,0.00%,25.33%
20260126,16,德榕企業有限公司,3582,忘憂書屋_mobile,20729,MW_蓋板_忘憂書屋,,,,6,2,0,2,3,0,6,33.33%,50.00%,0.00%,0.00%,33.33%
20260126,16,第一網站股份有限公司,2910,clickme,20735,(子)CF_300x250_banner_clickme(成人),,,子聯播網,"11,691",890,0,890,"11,154",0,11691,7.61%,95.41%,0.00%,0.00%,7.61%
20260126,16,第一網站股份有限公司,3440,fsa_passback_first,21699,CF_336x280_fsa_passback_first,,,,"4,025",231,0,231,"3,971",0,4025,5.74%,98.66%,0.00%,0.00%,5.74%
20260126,16,第一網站股份有限公司,3440,fsa_passback_first,21702,(子)CF_970x250_cfbanner_blog,,,,6,0,0,0,6,0,6,0.00%,100.00%,0.00%,0.00%,0.00%
20260126,16,朱光宁,3269,石頭小說-mobile,21741,MW_320x480_蓋版_石頭小說-mobile,antifroud,,,6,0,0,0,5,0,6,0.00%,83.33%,0.00%,0.00%,0.00%
20260126,16,富盈數據股份有限公司,3653,TVBS-女人我最大_HB,21760,MW_文章三_336x280_TVBS-女人我最大_HB,,知名媒體,,30,6,0,6,23,0,30,20.00%,76.67%,0.00%,0.00%,20.00%
20260126,16,富盈數據股份有限公司,3653,TVBS-女人我最大_HB,21761,MW_文章四_336x280_TVBS-女人我最大_HB,,知名媒體,,272,36,0,36,187,0,272,13.24%,68.75%,0.00%,0.00%,13.24%
20260126,16,富盈數據股份有限公司,3653,TVBS-女人我最大_HB,21763,MW_文中創意320x480_TVBS-女人我最大_HB,,知名媒體,,171,19,0,19,117,0,171,11.11%,68.42%,0.00%,0.00%,11.11%
20260126,16,富盈數據股份有限公司,3654,TVBS-健康2.0_HB,21768,MW_文中創意320x480_TVBS-健康2.0_HB,,知名媒體,,"3,649",533,0,533,"2,712",0,3649,14.61%,74.32%,0.00%,0.00%,14.61%
20260126,16,富盈數據股份有限公司,3655,TVBS-食尚玩家_HB,21770,MW_文章三_336x280_TVBS-食尚玩家_HB,,知名媒體,,385,43,0,43,323,0,385,11.17%,83.90%,0.00%,0.00%,11.17%
20260126,16,富盈數據股份有限公司,3655,TVBS-食尚玩家_HB,21771,MW_文章四_336x280_TVBS-食尚玩家_HB,,知名媒體,,6,0,0,0,6,0,6,0.00%,100.00%,0.00%,0.00%,0.00%
20260126,16,富盈數據股份有限公司,3655,TVBS-食尚玩家_HB,21772,MW_文章置底_320x100_TVBS-食尚玩家_HB,,知名媒體,,6,2,0,2,4,0,6,33.33%,66.67%,0.00%,0.00%,33.33%
20260126,16,富盈數據股份有限公司,3655,TVBS-食尚玩家_HB,21773,MW_文中創意320x480_TVBS-食尚玩家_HB,,知名媒體,,226,25,0,25,164,0,226,11.06%,72.57%,0.00%,0.00%,11.06%
20260126,16,先驅媒體社會企業股份有限公司,3554,新頭殼(R18),21832,(子)CF_300x250Banner_newtalk.tw_all_300250_3_新頭殼(R18),antifroud,知名媒體,子聯播網,6,0,0,0,6,0,6,0.00%,100.00%,0.00%,0.00%,0.00%
20260126,16,先驅媒體社會企業股份有限公司,3554,新頭殼(R18),21833,(子)CF_300x250Banner_newtalk.tw_all_300250_4_新頭殼(R18),,知名媒體,子聯播網,6,0,0,0,6,0,6,0.00%,100.00%,0.00%,0.00%,0.00%
20260126,16,先驅媒體社會企業股份有限公司,3554,新頭殼(R18),21839,ＭＷ_336x280Banner_newtalk.tw_mobile_all_336280_2_新頭殼(R18),antifroud,知名媒體,,25,4,0,4,17,0,25,16.00%,68.00%,0.00%,0.00%,16.00%
20260126,16,儂儂雜誌社股份有限公司(bella儂儂),2135,Bella儂儂_2024,21876,MW-300x250_文章標題上方1_Bella儂儂,,知名媒體,,427,26,0,26,335,0,427,6.09%,78.45%,0.00%,0.00%,6.09%
20260126,16,富盈數據股份有限公司,3680,TVBS-新聞網_HB,21898,CF_文章右側300x600_TVBS-新聞網_HB,,知名媒體,,24,0,0,0,23,0,24,0.00%,95.83%,0.00%,0.00%,0.00%
20260126,16,富盈數據股份有限公司,3680,TVBS-新聞網_HB,21899,MW_文章一_336x280_TVBS-新聞網_HB,,知名媒體,,"2,100",55,0,55,"1,439",0,2100,2.62%,68.52%,0.00%,0.00%,2.62%
20260126,16,富盈數據股份有限公司,3680,TVBS-新聞網_HB,21900,MW_文章三_336x280_TVBS-新聞網_HB,,知名媒體,,133,4,0,4,88,0,133,3.01%,66.17%,0.00%,0.00%,3.01%
20260126,16,富盈數據股份有限公司,3680,TVBS-新聞網_HB,21902,MW_文章置底_320x100_TVBS-新聞網_HB,,知名媒體,,"1,474",49,0,49,"1,001",0,1474,3.32%,67.91%,0.00%,0.00%,3.32%
20260126,16,富盈數據股份有限公司,3684,稅美人_mobile,21923,MW_置底創意(非展開)_稅美人-mobile,,,,702,169,0,169,550,0,702,24.07%,78.35%,0.00%,0.00%,24.07%
20260126,16,富盈數據股份有限公司,3685,玩桌遊_mobile,21924,MW_置底創意(非展開)_玩桌遊-mobile,,,,312,110,0,110,233,0,312,35.26%,74.68%,0.00%,0.00%,35.26%
20260126,16,富盈數據股份有限公司,2615,熱血台中,21986,CF_336x280_全網_熱血台中,,,,56,6,0,6,47,0,56,10.71%,83.93%,0.00%,0.00%,10.71%
20260126,16,富盈數據股份有限公司,2615,熱血台中,21987,CF_336x280_全網_熱血台中,,,,109,14,0,14,85,0,109,12.84%,77.98%,0.00%,0.00%,12.84%
20260126,16,富盈數據股份有限公司,3703,繁體小說,22022,MW_置底創意(非展開)_繁體小說-mobile,,,,62,30,0,30,43,0,62,48.39%,69.35%,0.00%,0.00%,48.39%
20260126,16,富盈數據股份有限公司,3704,天天要聞,22030,CF_300 x 250 banner_天天要聞_cpc2,,,,717,171,0,171,591,0,717,23.85%,82.43%,0.00%,0.00%,23.85%
20260126,16,富盈數據股份有限公司,3703,繁體小說,22031,CF_300 x 250 banner_繁體小說_cpc2,,,,60,5,0,5,54,0,60,8.33%,90.00%,0.00%,0.00%,8.33%
20260126,16,朱光宁,3708,石頭小說,22045,CF_336 x 280 banner_石頭小說_cpc1.67,antifroud,,,"66,939",197,0,197,"66,939",0,66939,0.29%,100.00%,0.00%,0.00%,0.29%
20260126,16,朱光宁,3718,稷下書院2,22093,CF_336 x 280 banner_稷下書院2_cpc1.67,antifroud,,,"61,753",175,0,175,"61,750",0,61753,0.28%,100.00%,0.00%,0.00%,0.28%
20260126,16,艾得基客行銷顧問股份有限公司,3719,遠見雜誌,22100,MW_320x480_文中創意_遠見_健康遠見,,知名媒體,,12,0,0,0,7,0,12,0.00%,58.33%,0.00%,0.00%,0.00%
20260126,16,富盈數據股份有限公司,3680,TVBS-新聞網_HB,22132,CF_文中300x250_TVBS-新聞網_HB_2,,知名媒體,,42,0,0,0,39,0,42,0.00%,92.86%,0.00%,0.00%,0.00%
20260126,16,富盈數據股份有限公司,3680,TVBS-新聞網_HB,22133,CF_文中300x250_TVBS-新聞網_HB_3,,知名媒體,,144,2,0,2,135,0,144,1.39%,93.75%,0.00%,0.00%,1.39%
20260126,16,闇碼科技股份有限公司,3048,縮短網址產生器-reurl,22213,MW_蓋版_縮短網址產生器-reurl-2025.05(特殊供量),,知名媒體,,401,4,0,4,356,0,401,1.00%,88.78%,0.00%,0.00%,1.00%
20260126,16,艾得基客行銷顧問股份有限公司,3724,上報,22217,MW_置底創意(非展開)_上報,,知名媒體,,379,29,0,29,292,0,379,7.65%,77.04%,0.00%,0.00%,7.65%
20260126,16,艾得基客行銷顧問股份有限公司,3724,上報,22218,MW_置底(展開)_上報,,知名媒體,,830,74,0,74,669,0,830,8.92%,80.60%,0.00%,0.00%,8.92%
20260126,16,艾得基客行銷顧問股份有限公司,2689,Basketball Top5,22219,MW_置底(展開)_Basketball TOP5,,,,136,0,0,0,81,0,136,0.00%,59.56%,0.00%,0.00%,0.00%
20260126,16,欣發現股份有限公司,3363,大人物-mobile,22222,MW_蓋板_大人物,,知名媒體,,31,3,0,3,29,0,31,9.68%,93.55%,0.00%,0.00%,9.68%
20260126,16,艾得基客行銷顧問股份有限公司,3738,痞客邦,22226,MW_文章頁-置底-痞客邦,,知名媒體,,"1,201",450,0,450,712,0,1201,37.47%,59.28%,0.00%,0.00%,37.47%
20260126,16,朱光宁,3741,石頭小說3,22396,MW_置底_石頭小說3,,,,688,259,0,259,496,0,688,37.65%,72.09%,0.00%,0.00%,37.65%
20260126,16,朱光宁,3741,石頭小說3,22398,CF_336 x 280 banner_石頭小說3_cpc1.67,,,,"10,668",28,0,28,"10,653",0,10668,0.26%,99.86%,0.00%,0.00%,0.26%
20260126,16,朱光宁,3741,石頭小說3,22399,CF_320 x 480 橫幅_石頭小說3,,,,382,159,0,159,267,0,382,41.62%,69.90%,0.00%,0.00%,41.62%
20260126,16,艾得基客行銷顧問股份有限公司,3724,上報,22405,MW_蓋版_上報,,知名媒體,,33,3,0,3,26,0,33,9.09%,78.79%,0.00%,0.00%,9.09%
20260126,16,闇碼科技股份有限公司,3068,限時圖片-imgus,22406,MW_置底_imgus,antifroud,,,467,2,0,2,305,0,467,0.43%,65.31%,0.00%,0.00%,0.43%
20260126,16,第一網站股份有限公司,2783,漫畫櫃manhuagui,22443,MW_置底_manhuagui,antifroud,,,"70,408","17,988",0,"17,988","53,018",0,70408,25.55%,75.30%,0.00%,0.00%,25.55%
20260126,16,艾得基客行銷顧問股份有限公司,3490,太報,22495,MW_300x250 BANNER_太報_CPM5,,知名媒體,子聯播網,36,2,0,2,25,0,36,5.56%,69.44%,0.00%,0.00%,5.56%
20260126,16,艾得基客行銷顧問股份有限公司,2689,Basketball Top5,22498,MW_300x250 Banner_Basketball TOP5_CPM5,,,子聯播網,504,4,0,4,308,0,504,0.79%,61.11%,0.00%,0.00%,0.79%
20260126,16,艾得基客行銷顧問股份有限公司,2578,鉅亨網,22507,MW_300x250_鉅亨網_直播用BN-1,,知名媒體,子聯播網,"2,145",124,0,124,"1,750",0,2145,5.78%,81.59%,0.00%,0.00%,5.78%
20260126,16,艾得基客行銷顧問股份有限公司,3752,ＭoneyDJ,22514,MW_文中創意320x480_MoneyDJ,antifroud,知名媒體,,42,4,0,4,29,0,42,9.52%,69.05%,0.00%,0.00%,9.52%
20260126,16,艾得基客行銷顧問股份有限公司,3752,ＭoneyDJ,22515,MW_300x250 BANNER_MoneyDJ,antifroud,知名媒體,,12,2,0,2,8,0,12,16.67%,66.67%,0.00%,0.00%,16.67%
20260126,16,李承翰-webptt,718,Web批踢踢(RWD),2284,MW-蓋板_文中_Web批踢踢,antifroud,,,37,3,0,3,36,0,37,8.11%,97.30%,0.00%,0.00%,8.11%
20260126,16,麥智維,999,動漫戲說,3543,CF-728*90-內文上方-動漫戲說,antifroud,,,51,0,0,0,51,0,51,0.00%,100.00%,0.00%,0.00%,0.00%
20260126,16,蔡建磊,1269,跑跑資訊站,4622,CF-300X250-內文右側-跑跑資訊站,,,,12,0,0,0,12,0,12,0.00%,100.00%,0.00%,0.00%,0.00%
20260126,16,肖偉彬,1287,紅櫻桃小說書庫,4678,CF-內文上方-300*250-紅櫻桃小說書庫,,,,12,0,0,0,12,0,12,0.00%,100.00%,0.00%,0.00%,0.00%
20260126,16,技達創意資訊有限公司,1299,泰好網,4733,CF-300*250-內文下方-泰好網,,,,18,0,0,0,18,0,18,0.00%,100.00%,0.00%,0.00%,0.00%
20260126,16,技達創意資訊有限公司,1299,泰好網,4734,MW-320*100-首頁、內文上方-泰好網,,,,12,0,0,0,12,0,12,0.00%,100.00%,0.00%,0.00%,0.00%
20260126,16,肖偉彬,1347,雲台書屋,4923,CF-上方通欄-300*250-雲台書屋,,,,12,0,0,0,6,0,12,0.00%,50.00%,0.00%,0.00%,0.00%
20260126,16,陈晋福,1367,電視超人,4997,CF-300X250-電視超人,,,,12,6,0,6,9,0,12,50.00%,75.00%,0.00%,0.00%,50.00%
20260126,16,麥智維,999,動漫戲說,6069,CF-300*250-首頁-動漫戲說,,,,152,25,0,25,127,0,152,16.45%,83.55%,0.00%,0.00%,16.45%
20260126,16,莊博凱,1676,夢遊電玩-exchange,6310,CF-160*600-網頁右側-夢遊電玩-exchange,,,,12,0,0,0,12,0,12,0.00%,100.00%,0.00%,0.00%,0.00%
20260126,16,精鏡傳媒股份有限公司,1060,鏡週刊,8250,MW_置底創意(非展開)_鏡週刊,,知名媒體,,161,0,0,0,161,0,161,0.00%,100.00%,0.00%,0.00%,0.00%
20260126,16,臺灣電視事業股份有限公司,52,台視,8313,PC-300x250_內文第一塊_台視財經,,知名媒體,,18,2,0,2,16,0,18,11.11%,88.89%,0.00%,0.00%,11.11%
20260126,16,布林遊國際有限公司,1692,Bring You,8393,CF-300X250-上方通欄右側_BringYou,,知名媒體,,18,0,0,0,18,0,18,0.00%,100.00%,0.00%,0.00%,0.00%
20260126,16,巧克科技新媒體股份有限公司,2127,LINE TV_Banner-exchange,8576,CF_336x280_戲劇-右側好康資訊下方_LINE TV-exchange,,知名媒體,,18,2,0,2,18,0,18,11.11%,100.00%,0.00%,0.00%,11.11%
20260126,16,巧克科技新媒體股份有限公司,2127,LINE TV_Banner-exchange,8577,CF_336x280_戲劇-右側好康資訊上方_LINE TV-exchange,,知名媒體,,12,0,0,0,12,0,12,0.00%,100.00%,0.00%,0.00%,0.00%
20260126,16,鳳梨傳媒股份有限公司,2190,民視新聞網-Exchange,8862,CF_970X90_分類新聞內頁上方_民視新聞(MCM),,知名媒體,,12,0,0,0,12,0,12,0.00%,100.00%,0.00%,0.00%,0.00%
20260126,16,見聞科技有限公司,2251,就是節目表,9233,MW-300x250-節目表文中-就是節目表,,,,12,0,0,0,11,0,12,0.00%,91.67%,0.00%,0.00%,0.00%
20260126,17,愛七桃有限公司,2152,寶可夢資訊站,10008,MW-320X100-進入道館功能框下方-寶可夢資訊站,,,,6,0,0,0,5,0,6,0.00%,83.33%,0.00%,0.00%,0.00%
20260126,17,英屬維京群島商浩美數位有限公司台灣分公司,2315,Teepr亮新聞-exchange,10012,CF_336x280Banner_Teepr亮新聞-exchange,,知名媒體,,341,8,0,8,237,0,341,2.35%,69.50%,0.00%,0.00%,2.35%
20260126,17,第一網站股份有限公司,2300,keketravel,10594,(子)CF_336x280_keketravel,,,子聯播網,6,0,0,0,6,0,6,0.00%,100.00%,0.00%,0.00%,0.00%
20260126,17,昱得資訊工作室,2528,數位書香,11080,CF_728x90_首頁上方_數位書香,antifroud,,,18,0,0,0,18,0,18,0.00%,100.00%,0.00%,0.00%,0.00%
20260126,17,昱得資訊工作室,2528,數位書香,11081,CF_160x600_首頁右側_數位書香,antifroud,,,396,0,0,0,396,0,396,0.00%,100.00%,0.00%,0.00%,0.00%
20260126,17,第一網站股份有限公司,2518,麻辣家族討論區(twbts),11082,CF-728X90-twbts,antifroud,,,284,0,0,0,284,0,284,0.00%,100.00%,0.00%,0.00%,0.00%
20260126,17,第一網站股份有限公司,2492,ttshow,11273,MW-300X250-ttshow,,知名媒體,,26,0,0,0,23,0,26,0.00%,88.46%,0.00%,0.00%,0.00%
20260126,17,第一網站股份有限公司,2601,Meme梗圖倉庫,11443,CF-336X280-meme,,,,724,57,0,57,672,0,724,7.87%,92.82%,0.00%,0.00%,7.87%
20260126,17,艾得基客行銷顧問股份有限公司,2578,鉅亨網,12070,MW_320x480_文中創意_鉅亨網,,知名媒體,,"10,229",418,0,418,"8,298",0,10229,4.09%,81.12%,0.00%,0.00%,4.09%
20260126,17,葉志斌,2745,繁中寶可夢卡表生成器-奶爸工作室-exchange,12209,CF_336x280_文中_繁中寶可夢卡表生成器,,,,6,0,0,0,6,0,6,0.00%,100.00%,0.00%,0.00%,0.00%
20260126,17,葉志斌,2745,繁中寶可夢卡表生成器-奶爸工作室-exchange,12210,CF_728x90__文末__繁中寶可夢卡表生成器,,,,94,16,0,16,86,0,94,17.02%,91.49%,0.00%,0.00%,17.02%
20260126,17,時報資訊股份有限公司,2770,中時電子報_HB,12559,CF_300x250_右側互動看版_中時電子報_HB,,知名媒體,,545,50,0,50,515,0,545,9.17%,94.50%,0.00%,0.00%,9.17%
20260126,17,時報資訊股份有限公司,2770,中時電子報_HB,12560,CF_336x280_文中看板_中時電子報_HB,,知名媒體,,555,44,0,44,528,0,555,7.93%,95.14%,0.00%,0.00%,7.93%
20260126,17,時報資訊股份有限公司,2770,中時電子報_HB,12561,MW_300x250_內頁TOP Banner_中時電子報_HB,antifroud,知名媒體,,863,140,0,140,687,0,863,16.22%,79.61%,0.00%,0.00%,16.22%
20260126,17,第一網站股份有限公司,2768,czbooks,12570,CF_728x90_banner_czbooks,,,,"2,828",346,0,346,"2,564",0,2828,12.23%,90.66%,0.00%,0.00%,12.23%
20260126,17,鳳梨傳媒股份有限公司,2190,民視新聞網-Exchange,12579,CF_300x250_右側第一塊_民視新聞網-Exchange(RWD)(MCM),,知名媒體,,"4,780",128,0,128,"3,705",0,4780,2.68%,77.51%,0.00%,0.00%,2.68%
20260126,17,鳳梨傳媒股份有限公司,2190,民視新聞網-Exchange,12580,CF_300x250_內文文中左側_民視新聞網-Exchange(RWD)(MCM),,知名媒體,,"4,662",180,0,180,"3,738",0,4662,3.86%,80.18%,0.00%,0.00%,3.86%
20260126,17,第一網站股份有限公司,2783,漫畫櫃manhuagui,12676,CF_728X90_manhuagui,antifroud,,,"33,615","3,897",0,"3,897","30,825",0,33615,11.59%,91.70%,0.00%,0.00%,11.59%
20260126,17,艾得基客行銷顧問股份有限公司,2635,工商時報,12761,MW_320x480_文中創意_工商時報new,,知名媒體,,146,13,0,13,115,0,146,8.90%,78.77%,0.00%,0.00%,8.90%
20260126,17,第一網站股份有限公司,2801,damanwoo,12868,CF-300x250_Banner_damanwoo_大人物,,,,6,0,0,0,6,0,6,0.00%,100.00%,0.00%,0.00%,0.00%
20260126,17,艾得基客行銷顧問股份有限公司,2266,嬰兒與母親,12869,MW_置底創意_嬰兒與母親,,知名媒體,,6,4,0,4,4,0,6,66.67%,66.67%,0.00%,0.00%,66.67%
20260126,17,永悅健康股份有限公司,2813,早安樂活,12926,MW_置底創意(展開)_早安樂活,,知名媒體,,234,4,0,4,191,0,234,1.71%,81.62%,0.00%,0.00%,1.71%
20260126,17,永悅健康股份有限公司,2813,早安樂活,12927,MW_置底創意(非展開)_早安樂活,,知名媒體,,280,14,0,14,216,0,280,5.00%,77.14%,0.00%,0.00%,5.00%
20260126,17,第一網站股份有限公司,2820,星座好朋友(horofriend88),12966,MW_320x100_horofriend88,antifroud,,,12,0,0,0,8,0,12,0.00%,66.67%,0.00%,0.00%,0.00%
20260126,17,第一網站股份有限公司,2838,mycard,13041,MW_320x480_加倍mycard,,,,37,0,0,0,37,0,37,0.00%,100.00%,0.00%,0.00%,0.00%
20260126,17,曾憲敏,202,85小說網,13445,MW_336X280_全量1_85小說網,,,,423,122,0,122,327,0,423,28.84%,77.30%,0.00%,0.00%,28.84%
20260126,17,曾憲敏,202,85小說網,13446,MW_336X280_全量2_85小說網,,,,"3,489",900,0,900,"2,728",0,3489,25.80%,78.19%,0.00%,0.00%,25.80%
20260126,17,第一網站股份有限公司,2768,czbooks,13482,(子)CF_300x600_banner_czbooks(限時段),,,子聯播網,155,0,0,0,155,0,155,0.00%,100.00%,0.00%,0.00%,0.00%
20260126,17,第一網站股份有限公司,2768,czbooks,13483,(子)CF_970x250_banner_czbooks(限時段),,,子聯播網,203,0,0,0,203,0,203,0.00%,100.00%,0.00%,0.00%,0.00%
20260126,17,第一網站股份有限公司,2910,clickme,13548,(子)CF_300x250_banner_clickme(一般),,,子聯播網,458,8,0,8,453,0,458,1.75%,98.91%,0.00%,0.00%,1.75%
20260126,17,第一網站股份有限公司,2910,clickme,13549,CF_300x250_banner_clickme(一般),,,,878,109,0,109,719,0,878,12.41%,81.89%,0.00%,0.00%,12.41%
20260126,17,第一網站股份有限公司,2916,KiKiNote,13576,(子)CF_300x250_banner_kikinote,,知名媒體,子聯播網,808,42,0,42,776,0,808,5.20%,96.04%,0.00%,0.00%,5.20%
20260126,17,闇碼科技股份有限公司,2992,縮短網址產生器-reurl-exchange,13861,CF_300x250_網址下方右側(PB)_reurl,,知名媒體,,6,0,0,0,3,0,6,0.00%,50.00%,0.00%,0.00%,0.00%
20260126,17,第一網站股份有限公司,2768,czbooks,13903,(子)CF_300x250_banner_czbooks(直播),antifroud,,子聯播網,"252,210","28,511",0,"28,511","244,715",0,252210,11.30%,97.03%,0.00%,0.00%,11.30%
20260126,17,第一網站股份有限公司,2768,czbooks,14036,MW_320x480_CZBOOKS,antifroud,,,974,380,0,380,660,0,974,39.01%,67.76%,0.00%,0.00%,39.01%
20260126,17,陳人鳳,480,飛格寵物家族_PC,1407,CF-728X90_上方通欄_飛格寵物家族,,,,56,0,0,0,54,0,56,0.00%,96.43%,0.00%,0.00%,0.00%
20260126,17,陳人鳳,480,飛格寵物家族_PC,1408,CF-300X250_內文_飛格寵物家族,,,,66,0,0,0,66,0,66,0.00%,100.00%,0.00%,0.00%,0.00%
20260126,17,闇碼科技股份有限公司,3048,縮短網址產生器-reurl,14210,MW_文中創意300x250_縮短網址產生器-reurl,,知名媒體,,145,14,0,14,110,0,145,9.66%,75.86%,0.00%,0.00%,9.66%
20260126,17,巨思文化股份有限公司,3052,經理人_HB,14238,MW_文章結束第一塊_300x250_經理人-HB,,知名媒體,,6,2,0,2,4,0,6,33.33%,66.67%,0.00%,0.00%,33.33%
20260126,17,巨思文化股份有限公司,3052,經理人_HB,14241,MW_300x250_內文下方_經理人-HB,,知名媒體,,6,2,0,2,4,0,6,33.33%,66.67%,0.00%,0.00%,33.33%
20260126,17,巨思文化股份有限公司,3053,數位時代_HB,14242,CF_300x250_內文下方左側_數位時代-HB,,知名媒體,,12,0,0,0,12,0,12,0.00%,100.00%,0.00%,0.00%,0.00%
20260126,17,巨思文化股份有限公司,3053,數位時代_HB,14243,CF_300x250_內文下方右側_數位時代-HB,,知名媒體,,12,0,0,0,12,0,12,0.00%,100.00%,0.00%,0.00%,0.00%
20260126,17,巨思文化股份有限公司,3053,數位時代_HB,14246,MW_300x250_文章結束第一塊_數位時代-HB,,知名媒體,,6,0,0,0,4,0,6,0.00%,66.67%,0.00%,0.00%,0.00%
20260126,17,富盈數據股份有限公司,3059,塔科女子,14258,CF_336x280_全網_塔科女子,,知名媒體,,166,24,0,24,149,0,166,14.46%,89.76%,0.00%,0.00%,14.46%
20260126,17,CBROOT LTD,3003,包子漫畫-exchange,14291,MW_300x250_蓋板(PB)_包子漫畫,,,,227,125,0,125,135,0,227,55.07%,59.47%,0.00%,0.00%,55.07%
20260126,17,朱光宁,3152,石頭小說-exchange,14472,MW_336x280_Banner_石頭小說,,,,"2,484",712,0,712,"2,018",0,2484,28.66%,81.24%,0.00%,0.00%,28.66%
20260126,17,朱光宁,3149,稷下書院-exchange,14748,MW_320x100_置底(PB)_稷下書院,,,,"25,965","9,052",0,"9,052","19,082",0,25965,34.86%,73.49%,0.00%,0.00%,34.86%
20260126,17,巨思文化股份有限公司,3053,數位時代_HB,14764,MW_置底創意_(非展開)_數位時代_HB,,知名媒體,,68,10,0,10,49,0,68,14.71%,72.06%,0.00%,0.00%,14.71%
20260126,17,中天電視股份有限公司,3282,中天新聞網-exchange,14980,CF_970x250_內頁_PC置頂橫幅-中天新聞網-exchange,,知名媒體,,52,2,0,2,43,0,52,3.85%,82.69%,0.00%,0.00%,3.85%
20260126,17,曾憲敏,3327,85小說網_創意,15228,MW-創意-85小說網,,,,831,207,0,207,643,0,831,24.91%,77.38%,0.00%,0.00%,24.91%
20260126,17,中天電視股份有限公司,3282,中天新聞網-exchange,15859,CF_336x280_內頁_PC右側互動看板B-中天新聞網-exchange,,知名媒體,,603,10,0,10,539,0,603,1.66%,89.39%,0.00%,0.00%,1.66%
20260126,17,CBROOT LTD,3352,西瓜卡通-exchange,15970,CF_160x600_影音內容_西瓜卡通-exchange,,,,144,0,0,0,144,0,144,0.00%,100.00%,0.00%,0.00%,0.00%
20260126,17,時報資訊股份有限公司,2817,旺得富,16910,CF_300x250_Billboard_1s_旺得富,,知名媒體,,12,0,0,0,12,0,12,0.00%,100.00%,0.00%,0.00%,0.00%
20260126,17,時報資訊股份有限公司,2817,旺得富,16911,CF_300x250_Billboard_2nd_旺得富,,知名媒體,,6,0,0,0,6,0,6,0.00%,100.00%,0.00%,0.00%,0.00%
20260126,17,葉志斌,2745,繁中寶可夢卡表生成器-奶爸工作室-exchange,16950,CF_160x600_Banner_繁中寶可夢卡表生成器-奶爸工作室-exchange,,,,88,16,0,16,80,0,88,18.18%,90.91%,0.00%,0.00%,18.18%
20260126,17,葉志斌,2745,繁中寶可夢卡表生成器-奶爸工作室-exchange,16951,CF_300x600_Banner_繁中寶可夢卡表生成器-奶爸工作室-exchange,,,,70,14,0,14,63,0,70,20.00%,90.00%,0.00%,0.00%,20.00%
20260126,17,朱光宁,3360,提莫書屋-exchange,16957,MW_336x280banner_提莫書屋_exchange,,,,"16,475","3,916",0,"3,916","12,937",0,16475,23.77%,78.53%,0.00%,0.00%,23.77%
20260126,17,朱光宁,3361,提莫書屋-mobile,16958,MW_置底創意_提莫書屋-mobile,,,,62,22,0,22,48,0,62,35.48%,77.42%,0.00%,0.00%,35.48%
20260126,17,朱光宁,3361,提莫書屋-mobile,16959,MW_320x480_文中創意_提莫書屋-mobile,,,,62,18,0,18,46,0,62,29.03%,74.19%,0.00%,0.00%,29.03%
20260126,17,欣發現股份有限公司,3365,Hami任務牆-mobile,16969,MW_置底創意_Hami任務牆,,知名媒體,,12,0,0,0,10,0,12,0.00%,83.33%,0.00%,0.00%,0.00%
20260126,17,欣發現股份有限公司,3364,女子學-mobile,16972,MW_置底創意_女子學,antifroud,,,6,0,0,0,6,0,6,0.00%,100.00%,0.00%,0.00%,0.00%
20260126,17,欣發現股份有限公司,3363,大人物-mobile,16973,MW_置底創意_大人物,,知名媒體,,6,2,0,2,6,0,6,33.33%,100.00%,0.00%,0.00%,33.33%
20260126,17,第一網站股份有限公司,2820,星座好朋友(horofriend88),17026,MW_320x480_蓋版_星座好朋友(horofriend88),antifroud,,,6,0,0,0,3,0,6,0.00%,50.00%,0.00%,0.00%,0.00%
20260126,17,第一網站股份有限公司,2783,漫畫櫃manhuagui,17027,MW_320x480_蓋版_漫畫櫃manhuagui,,,,"4,229","1,062",0,"1,062","3,186",0,4229,25.11%,75.34%,0.00%,0.00%,25.11%
20260126,17,朱光宁,3268,稷下書院-mobile,17207,MW_320x480_蓋版_稷下書院-mobile,,,,"27,707","8,671",0,"8,671","19,121",0,27707,31.30%,69.01%,0.00%,0.00%,31.30%
20260126,17,中華電視股份有限公司,3389,華視-mobile,17230,MW_置底創意(非展開)_華視-mobile,,知名媒體,,6,0,0,0,6,0,6,0.00%,100.00%,0.00%,0.00%,0.00%
20260126,17,李立娟,3395,vivi0視頻-exchange,17293,CF_336x280_Banner_vivi01視頻-exchange,antifroud,,,"25,303",47,0,47,"18,701",0,25303,0.19%,73.91%,0.00%,0.00%,0.19%
20260126,17,李立娟,3395,vivi0視頻-exchange,17294,MW_336x280_Banner_vivi01視頻-exchange,antifroud,,,"46,812",110,0,110,"34,340",0,46812,0.23%,73.36%,0.00%,0.00%,0.23%
20260126,17,李立娟,3395,vivi0視頻-exchange,17300,MW_320x100_置底(PB)_vivi01視頻-exchange,antifroud,,,"2,243",10,0,10,"1,736",0,2243,0.45%,77.40%,0.00%,0.00%,0.45%
20260126,17,李立娟,3397,趣聞圖說-exchange,17309,MW_336x280_文中Banner_趣聞圖說-exchange,,,,958,5,0,5,958,0,958,0.52%,100.00%,0.00%,0.00%,0.52%
20260126,17,曾憲敏,601,85小說網_PC,1773,CF-300x250_85小說網_內文1,,,,192,26,0,26,179,0,192,13.54%,93.23%,0.00%,0.00%,13.54%
20260126,17,李立娟,3396,趣聞圖說-Mobile,17923,MW_置底創意(展開)_趣聞圖說-Mobile,,,,6,0,0,0,5,0,6,0.00%,83.33%,0.00%,0.00%,0.00%
20260126,17,第一網站股份有限公司,2768,czbooks,17927,MW_置底創意_czbook,,,,"15,957","5,260",0,"5,260","11,418",0,15957,32.96%,71.55%,0.00%,0.00%,32.96%
20260126,17,時報資訊股份有限公司_工商時報,3427,工商時報-exchange,18003,CF_300x250_互動看板2_工商時報-exchange,,知名媒體,,12,0,0,0,12,0,12,0.00%,100.00%,0.00%,0.00%,0.00%
20260126,17,時報資訊股份有限公司_工商時報,3427,工商時報-exchange,18007,CF_336x280_文末右側看板_工商時報-exchange,,知名媒體,,20,2,0,2,20,0,20,10.00%,100.00%,0.00%,0.00%,10.00%
20260126,17,時報資訊股份有限公司_工商時報,3427,工商時報-exchange,18014,MW_300x250_文末Banner1_工商時報-exchange,,知名媒體,,80,15,0,15,64,0,80,18.75%,80.00%,0.00%,0.00%,18.75%
20260126,17,時報資訊股份有限公司_工商時報,3427,工商時報-exchange,18015,MW_300x250_文末Banner2_工商時報-exchange,,知名媒體,,137,18,0,18,103,0,137,13.14%,75.18%,0.00%,0.00%,13.14%
20260126,17,第一網站股份有限公司,3440,fsa_passback_first,18201,CF_336x280_fsa_passback_first,,,,194,96,0,96,172,0,194,49.48%,88.66%,0.00%,0.00%,49.48%
20260126,17,第一網站股份有限公司,3440,fsa_passback_first,18202,CF_300x250_fsa_passback_first,,,,"3,785",273,0,273,"3,599",0,3785,7.21%,95.09%,0.00%,0.00%,7.21%
20260126,17,第一網站股份有限公司,3440,fsa_passback_first,18266,(子)CF_970x250_cfbanner_blog,,,子聯播網,"2,156",0,0,0,"2,156",0,2156,0.00%,100.00%,0.00%,0.00%,0.00%
20260126,17,莊博凱,3455,夢遊電玩,18269,300x250 Banner,,,,6,0,0,0,6,0,6,0.00%,100.00%,0.00%,0.00%,0.00%
20260126,17,時報資訊股份有限公司_工商時報,3427,工商時報-exchange,18278,CF_336x280_文中-MiddleBillboard_工商時報-exchange,,知名媒體,,8,0,0,0,8,0,8,0.00%,100.00%,0.00%,0.00%,0.00%
20260126,17,朱光宁,3268,稷下書院-mobile,18297,MW_置底創意(展開)_稷下書院-mobile,,,,116,35,0,35,84,0,116,30.17%,72.41%,0.00%,0.00%,30.17%
20260126,17,冰楓科技有限公司,3485,冰楓論壇-exchange,18487,CF_970x90_內文上方第一塊_冰楓論壇-exchange,,,,826,58,0,58,811,0,826,7.02%,98.18%,0.00%,0.00%,7.02%
20260126,17,冰楓科技有限公司,3485,冰楓論壇-exchange,18488,MW_320x100_內文上方第一塊_ 冰楓論壇-exchange,antifroud,,,6,0,0,0,6,0,6,0.00%,100.00%,0.00%,0.00%,0.00%
20260126,17,冰楓科技有限公司,3485,冰楓論壇-exchange,18492,MW_300x250_Banner_ 冰楓論壇-exchange,,,,402,27,0,27,398,0,402,6.72%,99.00%,0.00%,0.00%,6.72%
20260126,17,闇碼科技股份有限公司,3048,縮短網址產生器-reurl,18535,MW_蓋版_縮短網址產生器-reurl,,知名媒體,,24,2,0,2,14,0,24,8.33%,58.33%,0.00%,0.00%,8.33%
20260126,17,CBROOT LTD,3492,包子漫畫(特開流量)-exchange,18544,(子)CF_300x600_指定流量_包子漫畫(特開流量)-exchange,,,子聯播網,72,0,0,0,72,0,72,0.00%,100.00%,0.00%,0.00%,0.00%
20260126,17,CBROOT LTD,3510,包子漫畫_twmanga-exchange,18737,CF_970x90_Banner_ 包子漫畫_twmanga-exchange,,,,64,4,0,4,62,0,64,6.25%,96.88%,0.00%,0.00%,6.25%
20260126,17,台灣英文新聞股份有限公司,3537,台灣英文新聞(new)-exchange,18911,MW_300x250_首頁_ENDBANNER_5_台灣英文新聞(new)-exchange,,知名媒體,,6,2,0,2,5,0,6,33.33%,83.33%,0.00%,0.00%,33.33%
20260126,17,台灣英文新聞股份有限公司,3537,台灣英文新聞(new)-exchange,18924,CF_300x250_內容頁_右側看版_1_台灣英文新聞(new)-exchange,,知名媒體,,189,16,0,16,149,0,189,8.47%,78.84%,0.00%,0.00%,8.47%
20260126,17,艾得基客行銷顧問股份有限公司,3373,良醫健康網,19009,MW_蓋板_良醫健康網,,知名媒體,,125,51,0,51,85,0,125,40.80%,68.00%,0.00%,0.00%,40.80%
20260126,17,艾得基客行銷顧問股份有限公司,3373,良醫健康網,19010,MW_300x250_文中_良醫健康網,,知名媒體,,6,4,0,4,4,0,6,66.67%,66.67%,0.00%,0.00%,66.67%
20260126,17,聯合線上股份有限公司,3549,UDN元氣網,19018,CF_首頁文章推薦第三格300x250_UDN元氣網,,知名媒體,,6,2,0,2,5,0,6,33.33%,83.33%,0.00%,0.00%,33.33%
20260126,17,艾得基客行銷顧問股份有限公司,3552,玩具人,19044,MW_320x480_文中創意_玩具人,,知名媒體,,38,4,0,4,30,0,38,10.53%,78.95%,0.00%,0.00%,10.53%
20260126,17,第一網站股份有限公司,2783,漫畫櫃manhuagui,20685,MW_300X250_manhuagui,antifroud,,,"2,389",612,0,612,"1,857",0,2389,25.62%,77.73%,0.00%,0.00%,25.62%
20260126,17,德榕企業有限公司,3578,TW Bodhi_mobile,20708,MW_蓋板_TW Bodhi,,,,248,64,0,64,176,0,248,25.81%,70.97%,0.00%,0.00%,25.81%
20260126,17,德榕企業有限公司,3578,TW Bodhi_mobile,20719,MW_文中創意300x250_TW Bodhi,,,,6,2,0,2,5,0,6,33.33%,83.33%,0.00%,0.00%,33.33%
20260126,17,德榕企業有限公司,3581,忘憂書屋,20727,CF_336x280文章頁(RWD)_忘憂書屋,,,,12,2,0,2,11,0,12,16.67%,91.67%,0.00%,0.00%,16.67%
20260126,17,德榕企業有限公司,3582,忘憂書屋_mobile,20728,MW_文中創意300x250_忘憂書屋,,,,83,16,0,16,64,0,83,19.28%,77.11%,0.00%,0.00%,19.28%
20260126,17,德榕企業有限公司,3582,忘憂書屋_mobile,20729,MW_蓋板_忘憂書屋,,,,6,0,0,0,6,0,6,0.00%,100.00%,0.00%,0.00%,0.00%
20260126,17,第一網站股份有限公司,2910,clickme,20735,(子)CF_300x250_banner_clickme(成人),,,子聯播網,"4,762",232,0,232,"4,553",0,4762,4.87%,95.61%,0.00%,0.00%,4.87%
20260126,17,第一網站股份有限公司,3440,fsa_passback_first,21699,CF_336x280_fsa_passback_first,,,,"2,129",215,0,215,"2,118",0,2129,10.10%,99.48%,0.00%,0.00%,10.10%
20260126,17,朱光宁,3269,石頭小說-mobile,21741,MW_320x480_蓋版_石頭小說-mobile,antifroud,,,13,2,0,2,11,0,13,15.38%,84.62%,0.00%,0.00%,15.38%
20260126,17,富盈數據股份有限公司,3653,TVBS-女人我最大_HB,21760,MW_文章三_336x280_TVBS-女人我最大_HB,,知名媒體,,160,60,0,60,94,0,160,37.50%,58.75%,0.00%,0.00%,37.50%
20260126,17,富盈數據股份有限公司,3653,TVBS-女人我最大_HB,21761,MW_文章四_336x280_TVBS-女人我最大_HB,,知名媒體,,784,299,0,299,511,0,784,38.14%,65.18%,0.00%,0.00%,38.14%
20260126,17,富盈數據股份有限公司,3653,TVBS-女人我最大_HB,21763,MW_文中創意320x480_TVBS-女人我最大_HB,,知名媒體,,784,226,0,226,482,0,784,28.83%,61.48%,0.00%,0.00%,28.83%
20260126,17,富盈數據股份有限公司,3654,TVBS-健康2.0_HB,21768,MW_文中創意320x480_TVBS-健康2.0_HB,,知名媒體,,"3,852",495,0,495,"2,834",0,3852,12.85%,73.57%,0.00%,0.00%,12.85%
20260126,17,富盈數據股份有限公司,3655,TVBS-食尚玩家_HB,21770,MW_文章三_336x280_TVBS-食尚玩家_HB,,知名媒體,,331,46,0,46,267,0,331,13.90%,80.66%,0.00%,0.00%,13.90%
20260126,17,富盈數據股份有限公司,3655,TVBS-食尚玩家_HB,21771,MW_文章四_336x280_TVBS-食尚玩家_HB,,知名媒體,,6,0,0,0,6,0,6,0.00%,100.00%,0.00%,0.00%,0.00%
20260126,17,富盈數據股份有限公司,3655,TVBS-食尚玩家_HB,21772,MW_文章置底_320x100_TVBS-食尚玩家_HB,,知名媒體,,12,4,0,4,9,0,12,33.33%,75.00%,0.00%,0.00%,33.33%
20260126,17,富盈數據股份有限公司,3655,TVBS-食尚玩家_HB,21773,MW_文中創意320x480_TVBS-食尚玩家_HB,,知名媒體,,159,27,0,27,109,0,159,16.98%,68.55%,0.00%,0.00%,16.98%
20260126,17,先驅媒體社會企業股份有限公司,3554,新頭殼(R18),21830,(子)CF_300x250Banner_newtalk.tw_all_300250_1_新頭殼(R18),antifroud,知名媒體,子聯播網,6,0,0,0,6,0,6,0.00%,100.00%,0.00%,0.00%,0.00%
20260126,17,先驅媒體社會企業股份有限公司,3554,新頭殼(R18),21839,ＭＷ_336x280Banner_newtalk.tw_mobile_all_336280_2_新頭殼(R18),antifroud,知名媒體,,6,0,0,0,3,0,6,0.00%,50.00%,0.00%,0.00%,0.00%
20260126,17,儂儂雜誌社股份有限公司(bella儂儂),2135,Bella儂儂_2024,21876,MW-300x250_文章標題上方1_Bella儂儂,,知名媒體,,442,30,0,30,336,0,442,6.79%,76.02%,0.00%,0.00%,6.79%
20260126,17,富盈數據股份有限公司,3680,TVBS-新聞網_HB,21898,CF_文章右側300x600_TVBS-新聞網_HB,,知名媒體,,14,0,0,0,14,0,14,0.00%,100.00%,0.00%,0.00%,0.00%
20260126,17,富盈數據股份有限公司,3680,TVBS-新聞網_HB,21899,MW_文章一_336x280_TVBS-新聞網_HB,,知名媒體,,"2,333",80,0,80,"1,602",0,2333,3.43%,68.67%,0.00%,0.00%,3.43%
20260126,17,富盈數據股份有限公司,3680,TVBS-新聞網_HB,21900,MW_文章三_336x280_TVBS-新聞網_HB,,知名媒體,,138,2,0,2,90,0,138,1.45%,65.22%,0.00%,0.00%,1.45%
20260126,17,富盈數據股份有限公司,3680,TVBS-新聞網_HB,21902,MW_文章置底_320x100_TVBS-新聞網_HB,,知名媒體,,"1,718",81,0,81,"1,163",0,1718,4.71%,67.69%,0.00%,0.00%,4.71%
20260126,17,富盈數據股份有限公司,3684,稅美人_mobile,21923,MW_置底創意(非展開)_稅美人-mobile,,,,"2,949",967,0,967,"2,150",0,2949,32.79%,72.91%,0.00%,0.00%,32.79%
20260126,17,富盈數據股份有限公司,3685,玩桌遊_mobile,21924,MW_置底創意(非展開)_玩桌遊-mobile,,,,261,79,0,79,182,0,261,30.27%,69.73%,0.00%,0.00%,30.27%
20260126,17,富盈數據股份有限公司,2615,熱血台中,21986,CF_336x280_全網_熱血台中,,,,56,4,0,4,46,0,56,7.14%,82.14%,0.00%,0.00%,7.14%
20260126,17,富盈數據股份有限公司,2615,熱血台中,21987,CF_336x280_全網_熱血台中,,,,74,8,0,8,58,0,74,10.81%,78.38%,0.00%,0.00%,10.81%
20260126,17,富盈數據股份有限公司,3703,繁體小說,22022,MW_置底創意(非展開)_繁體小說-mobile,,,,42,10,0,10,31,0,42,23.81%,73.81%,0.00%,0.00%,23.81%
20260126,17,富盈數據股份有限公司,3704,天天要聞,22030,CF_300 x 250 banner_天天要聞_cpc2,,,,806,160,0,160,660,0,806,19.85%,81.89%,0.00%,0.00%,19.85%
20260126,17,富盈數據股份有限公司,3703,繁體小說,22031,CF_300 x 250 banner_繁體小說_cpc2,,,,50,6,0,6,47,0,50,12.00%,94.00%,0.00%,0.00%,12.00%
20260126,17,朱光宁,3708,石頭小說,22045,CF_336 x 280 banner_石頭小說_cpc1.67,antifroud,,,"1,065",0,0,0,"1,065",0,1065,0.00%,100.00%,0.00%,0.00%,0.00%
20260126,17,冠妍動力科技有限公司,484,小老婆汽機車資訊網,22058,MW_文中創意320x480_小老婆汽機車資訊網-測試,,知名媒體,,6,4,0,4,4,0,6,66.67%,66.67%,0.00%,0.00%,66.67%
20260126,17,朱光宁,3718,稷下書院2,22093,CF_336 x 280 banner_稷下書院2_cpc1.67,antifroud,,,"1,076",0,0,0,"1,076",0,1076,0.00%,100.00%,0.00%,0.00%,0.00%
20260126,17,艾得基客行銷顧問股份有限公司,3719,遠見雜誌,22100,MW_320x480_文中創意_遠見_健康遠見,,知名媒體,,12,2,0,2,10,0,12,16.67%,83.33%,0.00%,0.00%,16.67%
20260126,17,富盈數據股份有限公司,3680,TVBS-新聞網_HB,22131,CF_文中300x250_TVBS-新聞網_HB_1,,知名媒體,,6,0,0,0,6,0,6,0.00%,100.00%,0.00%,0.00%,0.00%
20260126,17,富盈數據股份有限公司,3680,TVBS-新聞網_HB,22132,CF_文中300x250_TVBS-新聞網_HB_2,,知名媒體,,30,0,0,0,29,0,30,0.00%,96.67%,0.00%,0.00%,0.00%
20260126,17,富盈數據股份有限公司,3680,TVBS-新聞網_HB,22133,CF_文中300x250_TVBS-新聞網_HB_3,,知名媒體,,126,0,0,0,121,0,126,0.00%,96.03%,0.00%,0.00%,0.00%
20260126,17,冰楓科技有限公司,3485,冰楓論壇-exchange,22160,CF_300x250_Banner2_ 冰楓論壇-exchange,,,,6,0,0,0,6,0,6,0.00%,100.00%,0.00%,0.00%,0.00%
20260126,17,闇碼科技股份有限公司,3048,縮短網址產生器-reurl,22213,MW_蓋版_縮短網址產生器-reurl-2025.05(特殊供量),,知名媒體,,570,20,0,20,534,0,570,3.51%,93.68%,0.00%,0.00%,3.51%
20260126,17,艾得基客行銷顧問股份有限公司,3724,上報,22217,MW_置底創意(非展開)_上報,,知名媒體,,670,80,0,80,521,0,670,11.94%,77.76%,0.00%,0.00%,11.94%
20260126,17,艾得基客行銷顧問股份有限公司,3724,上報,22218,MW_置底(展開)_上報,,知名媒體,,587,63,0,63,452,0,587,10.73%,77.00%,0.00%,0.00%,10.73%
20260126,17,艾得基客行銷顧問股份有限公司,2689,Basketball Top5,22219,MW_置底(展開)_Basketball TOP5,,,,224,8,0,8,139,0,224,3.57%,62.05%,0.00%,0.00%,3.57%
20260126,17,欣發現股份有限公司,3363,大人物-mobile,22222,MW_蓋板_大人物,,知名媒體,,6,0,0,0,6,0,6,0.00%,100.00%,0.00%,0.00%,0.00%
20260126,17,朱光宁,3741,石頭小說3,22396,MW_置底_石頭小說3,,,,492,160,0,160,377,0,492,32.52%,76.63%,0.00%,0.00%,32.52%
20260126,17,朱光宁,3741,石頭小說3,22398,CF_336 x 280 banner_石頭小說3_cpc1.67,,,,696,12,0,12,689,0,696,1.72%,98.99%,0.00%,0.00%,1.72%
20260126,17,朱光宁,3741,石頭小說3,22399,CF_320 x 480 橫幅_石頭小說3,,,,318,125,0,125,223,0,318,39.31%,70.13%,0.00%,0.00%,39.31%
20260126,17,艾得基客行銷顧問股份有限公司,2825,科技紫薇,22403,MW_蓋版_科技紫微,,,,18,8,0,8,10,0,18,44.44%,55.56%,0.00%,0.00%,44.44%
20260126,17,艾得基客行銷顧問股份有限公司,3724,上報,22405,MW_蓋版_上報,,知名媒體,,113,12,0,12,84,0,113,10.62%,74.34%,0.00%,0.00%,10.62%
20260126,17,闇碼科技股份有限公司,3068,限時圖片-imgus,22406,MW_置底_imgus,antifroud,,,166,0,0,0,107,0,166,0.00%,64.46%,0.00%,0.00%,0.00%
20260126,17,第一網站股份有限公司,2783,漫畫櫃manhuagui,22443,MW_置底_manhuagui,antifroud,,,"49,208","12,644",0,"12,644","37,517",0,49208,25.70%,76.24%,0.00%,0.00%,25.70%
20260126,17,艾得基客行銷顧問股份有限公司,3490,太報,22495,MW_300x250 BANNER_太報_CPM5,,知名媒體,子聯播網,24,2,0,2,16,0,24,8.33%,66.67%,0.00%,0.00%,8.33%
20260126,17,艾得基客行銷顧問股份有限公司,2689,Basketball Top5,22498,MW_300x250 Banner_Basketball TOP5_CPM5,,,子聯播網,479,6,0,6,286,0,479,1.25%,59.71%,0.00%,0.00%,1.25%
20260126,17,艾得基客行銷顧問股份有限公司,2578,鉅亨網,22507,MW_300x250_鉅亨網_直播用BN-1,,知名媒體,子聯播網,"2,808",102,0,102,"2,337",0,2808,3.63%,83.23%,0.00%,0.00%,3.63%
20260126,17,艾得基客行銷顧問股份有限公司,3752,ＭoneyDJ,22514,MW_文中創意320x480_MoneyDJ,antifroud,知名媒體,,26,2,0,2,20,0,26,7.69%,76.92%,0.00%,0.00%,7.69%
20260126,17,艾得基客行銷顧問股份有限公司,3752,ＭoneyDJ,22515,MW_300x250 BANNER_MoneyDJ,antifroud,知名媒體,,6,0,0,0,4,0,6,0.00%,66.67%,0.00%,0.00%,0.00%
20260126,17,艾得基客行銷顧問股份有限公司,3373,良醫健康網,22732,MW_300x250_良醫健康網,,知名媒體,,58,30,0,30,40,0,58,51.72%,68.97%,0.00%,0.00%,51.72%
20260126,17,李承翰-webptt,718,Web批踢踢(RWD),2284,MW-蓋板_文中_Web批踢踢,antifroud,,,18,0,0,0,18,0,18,0.00%,100.00%,0.00%,0.00%,0.00%
20260126,17,麥智維,999,動漫戲說,3543,CF-728*90-內文上方-動漫戲說,antifroud,,,62,6,0,6,59,0,62,9.68%,95.16%,0.00%,0.00%,9.68%
20260126,17,肖偉彬,1287,紅櫻桃小說書庫,4678,CF-內文上方-300*250-紅櫻桃小說書庫,,,,26,16,0,16,16,0,26,61.54%,61.54%,0.00%,0.00%,61.54%
20260126,17,技達創意資訊有限公司,1299,泰好網,4733,CF-300*250-內文下方-泰好網,,,,30,0,0,0,30,0,30,0.00%,100.00%,0.00%,0.00%,0.00%
20260126,17,技達創意資訊有限公司,1299,泰好網,4734,MW-320*100-首頁、內文上方-泰好網,,,,18,0,0,0,18,0,18,0.00%,100.00%,0.00%,0.00%,0.00%
20260126,17,陈晋福,1367,電視超人,4997,CF-300X250-電視超人,,,,20,0,0,0,20,0,20,0.00%,100.00%,0.00%,0.00%,0.00%
20260126,17,麥智維,999,動漫戲說,6069,CF-300*250-首頁-動漫戲說,,,,38,6,0,6,38,0,38,15.79%,100.00%,0.00%,0.00%,15.79%
20260126,17,全曜財經資訊股份有限公司,1902,Cmoney-Mobile,7293,MW_置底創意(非展開)_Cmoney,antifroud,知名媒體,,6,0,0,0,5,0,6,0.00%,83.33%,0.00%,0.00%,0.00%
20260126,17,精鏡傳媒股份有限公司,1060,鏡週刊,8250,MW_置底創意(非展開)_鏡週刊,,知名媒體,,148,0,0,0,146,0,148,0.00%,98.65%,0.00%,0.00%,0.00%
20260126,17,臺灣電視事業股份有限公司,52,台視,8313,PC-300x250_內文第一塊_台視財經,,知名媒體,,6,0,0,0,6,0,6,0.00%,100.00%,0.00%,0.00%,0.00%
20260126,17,布林遊國際有限公司,1692,Bring You,8393,CF-300X250-上方通欄右側_BringYou,,知名媒體,,12,0,0,0,12,0,12,0.00%,100.00%,0.00%,0.00%,0.00%
20260126,17,巧克科技新媒體股份有限公司,2127,LINE TV_Banner-exchange,8576,CF_336x280_戲劇-右側好康資訊下方_LINE TV-exchange,,知名媒體,,12,2,0,2,11,0,12,16.67%,91.67%,0.00%,0.00%,16.67%
20260126,17,巧克科技新媒體股份有限公司,2127,LINE TV_Banner-exchange,8577,CF_336x280_戲劇-右側好康資訊上方_LINE TV-exchange,,知名媒體,,56,2,0,2,55,0,56,3.57%,98.21%,0.00%,0.00%,3.57%
20260126,17,鳳梨傳媒股份有限公司,2190,民視新聞網-Exchange,8862,CF_970X90_分類新聞內頁上方_民視新聞(MCM),,知名媒體,,25,0,0,0,25,0,25,0.00%,100.00%,0.00%,0.00%,0.00%
20260126,17,見聞科技有限公司,2251,就是節目表,9233,MW-300x250-節目表文中-就是節目表,,,,6,0,0,0,6,0,6,0.00%,100.00%,0.00%,0.00%,0.00%
20260126,17,巧克科技新媒體股份有限公司,2127,LINE TV_Banner-exchange,9788,CF_970x250_首頁-戲劇列表第一塊_LINE TV-exchange,,知名媒體,,6,4,0,4,6,0,6,66.67%,100.00%,0.00%,0.00%,66.67%
20260126,18,愛七桃有限公司,2152,寶可夢資訊站,10008,MW-320X100-進入道館功能框下方-寶可夢資訊站,,,,18,2,0,2,16,0,18,11.11%,88.89%,0.00%,0.00%,11.11%
20260126,18,英屬維京群島商浩美數位有限公司台灣分公司,2315,Teepr亮新聞-exchange,10012,CF_336x280Banner_Teepr亮新聞-exchange,,知名媒體,,469,4,0,4,339,0,469,0.85%,72.28%,0.00%,0.00%,0.85%
20260126,18,昱得資訊工作室,2528,數位書香,11080,CF_728x90_首頁上方_數位書香,antifroud,,,50,0,0,0,50,0,50,0.00%,100.00%,0.00%,0.00%,0.00%
20260126,18,昱得資訊工作室,2528,數位書香,11081,CF_160x600_首頁右側_數位書香,antifroud,,,563,0,0,0,563,0,563,0.00%,100.00%,0.00%,0.00%,0.00%
20260126,18,第一網站股份有限公司,2518,麻辣家族討論區(twbts),11082,CF-728X90-twbts,antifroud,,,211,0,0,0,211,0,211,0.00%,100.00%,0.00%,0.00%,0.00%
20260126,18,第一網站股份有限公司,2601,Meme梗圖倉庫,11443,CF-336X280-meme,,,,332,25,0,25,311,0,332,7.53%,93.67%,0.00%,0.00%,7.53%
20260126,18,第一網站股份有限公司,2540,risu短網址,12496,CF_300x250_popup(直播) _risu短網址,antifroud,知名媒體,,24,0,0,0,24,0,24,0.00%,100.00%,0.00%,0.00%,0.00%
20260126,18,時報資訊股份有限公司,2770,中時電子報_HB,12559,CF_300x250_右側互動看版_中時電子報_HB,,知名媒體,,302,21,0,21,287,0,302,6.95%,95.03%,0.00%,0.00%,6.95%
20260126,18,時報資訊股份有限公司,2770,中時電子報_HB,12560,CF_336x280_文中看板_中時電子報_HB,,知名媒體,,272,18,0,18,260,0,272,6.62%,95.59%,0.00%,0.00%,6.62%
20260126,18,時報資訊股份有限公司,2770,中時電子報_HB,12561,MW_300x250_內頁TOP Banner_中時電子報_HB,antifroud,知名媒體,,"7,632",897,0,897,"6,121",0,7632,11.75%,80.20%,0.00%,0.00%,11.75%
20260126,18,第一網站股份有限公司,2768,czbooks,12570,CF_728x90_banner_czbooks,,,,"1,169",192,0,192,"1,020",0,1169,16.42%,87.25%,0.00%,0.00%,16.42%
20260126,18,第一網站股份有限公司,2768,czbooks,12571,CF-300x600_Banner_czbooks,,,,254,0,0,0,126,0,254,0.00%,49.61%,0.00%,0.00%,0.00%
20260126,18,鳳梨傳媒股份有限公司,2190,民視新聞網-Exchange,12579,CF_300x250_右側第一塊_民視新聞網-Exchange(RWD)(MCM),,知名媒體,,"3,465",137,0,137,"2,672",0,3465,3.95%,77.11%,0.00%,0.00%,3.95%
20260126,18,鳳梨傳媒股份有限公司,2190,民視新聞網-Exchange,12580,CF_300x250_內文文中左側_民視新聞網-Exchange(RWD)(MCM),,知名媒體,,"3,530",161,0,161,"2,781",0,3530,4.56%,78.78%,0.00%,0.00%,4.56%
20260126,18,第一網站股份有限公司,2783,漫畫櫃manhuagui,12676,CF_728X90_manhuagui,antifroud,,,"4,691",531,0,531,"4,320",0,4691,11.32%,92.09%,0.00%,0.00%,11.32%
20260126,18,艾得基客行銷顧問股份有限公司,2635,工商時報,12761,MW_320x480_文中創意_工商時報new,,知名媒體,,161,18,0,18,125,0,161,11.18%,77.64%,0.00%,0.00%,11.18%
20260126,18,第一網站股份有限公司,2801,damanwoo,12868,CF-300x250_Banner_damanwoo_大人物,,,,28,0,0,0,28,0,28,0.00%,100.00%,0.00%,0.00%,0.00%
20260126,18,永悅健康股份有限公司,2813,早安樂活,12927,MW_置底創意(非展開)_早安樂活,,知名媒體,,66,2,0,2,55,0,66,3.03%,83.33%,0.00%,0.00%,3.03%
20260126,18,第一網站股份有限公司,2820,星座好朋友(horofriend88),12966,MW_320x100_horofriend88,antifroud,,,30,0,0,0,24,0,30,0.00%,80.00%,0.00%,0.00%,0.00%
20260126,18,第一網站股份有限公司,2836,vivi01,13032,MW_置底創意_vivi01 ViVi視頻,,,,12,0,0,0,11,0,12,0.00%,91.67%,0.00%,0.00%,0.00%
20260126,18,第一網站股份有限公司,2838,mycard,13041,MW_320x480_加倍mycard,,,,645,0,0,0,645,0,645,0.00%,100.00%,0.00%,0.00%,0.00%
20260126,18,東森電視事業股份有限公司,2014,東森新聞網,13162,MW_置底創意(展開)_東森新聞網,antifroud,知名媒體,,359,10,0,10,215,0,359,2.79%,59.89%,0.00%,0.00%,2.79%
20260126,18,譚謹恩,2885,Mr. & Mrs. Diary-exchange,13403,CF_728x90_內文上方_ Mr. & Mrs. Diary-exchange,,,,6,0,0,0,6,0,6,0.00%,100.00%,0.00%,0.00%,0.00%
20260126,18,譚謹恩,2885,Mr. & Mrs. Diary-exchange,13405,CF_970x250_內文文中_Mr. & Mrs. Diary-exchange,,,,6,0,0,0,6,0,6,0.00%,100.00%,0.00%,0.00%,0.00%
20260126,18,曾憲敏,202,85小說網,13445,MW_336X280_全量1_85小說網,,,,527,152,0,152,409,0,527,28.84%,77.61%,0.00%,0.00%,28.84%
20260126,18,曾憲敏,202,85小說網,13446,MW_336X280_全量2_85小說網,,,,"4,380","1,306",0,"1,306","3,353",0,4380,29.82%,76.55%,0.00%,0.00%,29.82%
20260126,18,第一網站股份有限公司,2768,czbooks,13481,MW_300x250_banner_czbooks,antifroud,,子聯播網,"2,100",507,0,507,"1,624",0,2100,24.14%,77.33%,0.00%,0.00%,24.14%
20260126,18,第一網站股份有限公司,2910,clickme,13549,CF_300x250_banner_clickme(一般),,,,587,85,0,85,472,0,587,14.48%,80.41%,0.00%,0.00%,14.48%
20260126,18,闇碼科技股份有限公司,2992,縮短網址產生器-reurl-exchange,13848,CF_300x250_轉址失敗_最右邊_reurl,,知名媒體,,6,0,0,0,6,0,6,0.00%,100.00%,0.00%,0.00%,0.00%
20260126,18,闇碼科技股份有限公司,2992,縮短網址產生器-reurl-exchange,13856,CF_300x250_轉址失敗頁第二塊_reurl,,知名媒體,,6,0,0,0,6,0,6,0.00%,100.00%,0.00%,0.00%,0.00%
20260126,18,闇碼科技股份有限公司,2992,縮短網址產生器-reurl-exchange,13860,CF_300x250_網址下方右側_reurl,,知名媒體,,6,0,0,0,3,0,6,0.00%,50.00%,0.00%,0.00%,0.00%
20260126,18,闇碼科技股份有限公司,2992,縮短網址產生器-reurl-exchange,13861,CF_300x250_網址下方右側(PB)_reurl,,知名媒體,,35,0,0,0,29,0,35,0.00%,82.86%,0.00%,0.00%,0.00%
20260126,18,第一網站股份有限公司,2768,czbooks,13903,(子)CF_300x250_banner_czbooks(直播),antifroud,,子聯播網,"191,916","27,933",0,"27,933","184,684",0,191916,14.55%,96.23%,0.00%,0.00%,14.55%
20260126,18,第一網站股份有限公司,2783,漫畫櫃manhuagui,13904,(子)CF_300x250_banner_manhuagui(直播),antifroud,,子聯播網,"2,511",34,0,34,"2,497",0,2511,1.35%,99.44%,0.00%,0.00%,1.35%
20260126,18,第一網站股份有限公司,2768,czbooks,14036,MW_320x480_CZBOOKS,antifroud,,,50,8,0,8,43,0,50,16.00%,86.00%,0.00%,0.00%,16.00%
20260126,18,陳人鳳,480,飛格寵物家族_PC,1407,CF-728X90_上方通欄_飛格寵物家族,,,,38,0,0,0,38,0,38,0.00%,100.00%,0.00%,0.00%,0.00%
20260126,18,陳人鳳,480,飛格寵物家族_PC,1408,CF-300X250_內文_飛格寵物家族,,,,42,0,0,0,39,0,42,0.00%,92.86%,0.00%,0.00%,0.00%
20260126,18,東森電視事業股份有限公司,2014,東森新聞網,14097,MW_蓋版_東森新聞網,,知名媒體,,"1,910",28,0,28,"1,294",0,1910,1.47%,67.75%,0.00%,0.00%,1.47%
20260126,18,闇碼科技股份有限公司,3048,縮短網址產生器-reurl,14210,MW_文中創意300x250_縮短網址產生器-reurl,,知名媒體,,156,7,0,7,115,0,156,4.49%,73.72%,0.00%,0.00%,4.49%
20260126,18,巨思文化股份有限公司,3052,經理人_HB,14238,MW_文章結束第一塊_300x250_經理人-HB,,知名媒體,,26,2,0,2,18,0,26,7.69%,69.23%,0.00%,0.00%,7.69%
20260126,18,巨思文化股份有限公司,3052,經理人_HB,14241,MW_300x250_內文下方_經理人-HB,,知名媒體,,26,2,0,2,18,0,26,7.69%,69.23%,0.00%,0.00%,7.69%
20260126,18,巨思文化股份有限公司,3053,數位時代_HB,14242,CF_300x250_內文下方左側_數位時代-HB,,知名媒體,,7,0,0,0,7,0,7,0.00%,100.00%,0.00%,0.00%,0.00%
20260126,18,巨思文化股份有限公司,3053,數位時代_HB,14243,CF_300x250_內文下方右側_數位時代-HB,,知名媒體,,7,0,0,0,7,0,7,0.00%,100.00%,0.00%,0.00%,0.00%
20260126,18,巨思文化股份有限公司,3053,數位時代_HB,14244,MW_300x250_文中第四塊_數位時代-HB,,知名媒體,,20,10,0,10,14,0,20,50.00%,70.00%,0.00%,0.00%,50.00%
20260126,18,巨思文化股份有限公司,3053,數位時代_HB,14246,MW_300x250_文章結束第一塊_數位時代-HB,,知名媒體,,24,10,0,10,19,0,24,41.67%,79.17%,0.00%,0.00%,41.67%
20260126,18,富盈數據股份有限公司,3059,塔科女子,14258,CF_336x280_全網_塔科女子,,知名媒體,,102,15,0,15,70,0,102,14.71%,68.63%,0.00%,0.00%,14.71%
20260126,18,CBROOT LTD,3003,包子漫畫-exchange,14291,MW_300x250_蓋板(PB)_包子漫畫,,,,83,37,0,37,51,0,83,44.58%,61.45%,0.00%,0.00%,44.58%
20260126,18,朱光宁,3268,稷下書院-mobile,14737,MW_置底創意(非展開)_稷下書院-mobile,,,,14,2,0,2,10,0,14,14.29%,71.43%,0.00%,0.00%,14.29%
20260126,18,朱光宁,3149,稷下書院-exchange,14748,MW_320x100_置底(PB)_稷下書院,,,,"29,564","10,447",0,"10,447","21,721",0,29564,35.34%,73.47%,0.00%,0.00%,35.34%
20260126,18,巨思文化股份有限公司,3053,數位時代_HB,14764,MW_置底創意_(非展開)_數位時代_HB,,知名媒體,,270,94,0,94,188,0,270,34.81%,69.63%,0.00%,0.00%,34.81%
20260126,18,中天電視股份有限公司,3282,中天新聞網-exchange,14980,CF_970x250_內頁_PC置頂橫幅-中天新聞網-exchange,,知名媒體,,24,2,0,2,23,0,24,8.33%,95.83%,0.00%,0.00%,8.33%
20260126,18,曾憲敏,3327,85小說網_創意,15227,MW-300X250_85小說網_隨身影音PB,,,,6,2,0,2,5,0,6,33.33%,83.33%,0.00%,0.00%,33.33%
20260126,18,中天電視股份有限公司,3282,中天新聞網-exchange,15859,CF_336x280_內頁_PC右側互動看板B-中天新聞網-exchange,,知名媒體,,234,8,0,8,198,0,234,3.42%,84.62%,0.00%,0.00%,3.42%
20260126,18,CBROOT LTD,3352,西瓜卡通-exchange,15970,CF_160x600_影音內容_西瓜卡通-exchange,,,,226,0,0,0,226,0,226,0.00%,100.00%,0.00%,0.00%,0.00%
20260126,18,時報資訊股份有限公司,2817,旺得富,16910,CF_300x250_Billboard_1s_旺得富,,知名媒體,,12,0,0,0,12,0,12,0.00%,100.00%,0.00%,0.00%,0.00%
20260126,18,時報資訊股份有限公司,2817,旺得富,16911,CF_300x250_Billboard_2nd_旺得富,,知名媒體,,6,0,0,0,6,0,6,0.00%,100.00%,0.00%,0.00%,0.00%
20260126,18,葉志斌,2745,繁中寶可夢卡表生成器-奶爸工作室-exchange,16951,CF_300x600_Banner_繁中寶可夢卡表生成器-奶爸工作室-exchange,,,,6,2,0,2,5,0,6,33.33%,83.33%,0.00%,0.00%,33.33%
20260126,18,朱光宁,3360,提莫書屋-exchange,16957,MW_336x280banner_提莫書屋_exchange,,,,"17,831","5,172",0,"5,172","13,253",0,17831,29.01%,74.33%,0.00%,0.00%,29.01%
20260126,18,朱光宁,3361,提莫書屋-mobile,16958,MW_置底創意_提莫書屋-mobile,,,,116,30,0,30,86,0,116,25.86%,74.14%,0.00%,0.00%,25.86%
20260126,18,朱光宁,3361,提莫書屋-mobile,16959,MW_320x480_文中創意_提莫書屋-mobile,,,,76,8,0,8,63,0,76,10.53%,82.89%,0.00%,0.00%,10.53%
20260126,18,欣發現股份有限公司,3364,女子學-mobile,16972,MW_置底創意_女子學,antifroud,,,30,0,0,0,26,0,30,0.00%,86.67%,0.00%,0.00%,0.00%
20260126,18,第一網站股份有限公司,2783,漫畫櫃manhuagui,17027,MW_320x480_蓋版_漫畫櫃manhuagui,,,,36,6,0,6,26,0,36,16.67%,72.22%,0.00%,0.00%,16.67%
20260126,18,朱光宁,3268,稷下書院-mobile,17207,MW_320x480_蓋版_稷下書院-mobile,,,,598,171,0,171,430,0,598,28.60%,71.91%,0.00%,0.00%,28.60%
20260126,18,中華電視股份有限公司,3389,華視-mobile,17230,MW_置底創意(非展開)_華視-mobile,,知名媒體,,60,4,0,4,46,0,60,6.67%,76.67%,0.00%,0.00%,6.67%
20260126,18,中華電視股份有限公司,3389,華視-mobile,17232,MW_文中創意320x480_華視-mobile,,知名媒體,,12,0,0,0,7,0,12,0.00%,58.33%,0.00%,0.00%,0.00%
20260126,18,李立娟,3395,vivi0視頻-exchange,17293,CF_336x280_Banner_vivi01視頻-exchange,antifroud,,,"35,173",104,0,104,"26,054",0,35173,0.30%,74.07%,0.00%,0.00%,0.30%
20260126,18,李立娟,3395,vivi0視頻-exchange,17294,MW_336x280_Banner_vivi01視頻-exchange,antifroud,,,"25,636",64,0,64,"18,975",0,25636,0.25%,74.02%,0.00%,0.00%,0.25%
20260126,18,李立娟,3395,vivi0視頻-exchange,17300,MW_320x100_置底(PB)_vivi01視頻-exchange,antifroud,,,"2,091",0,0,0,"1,593",0,2091,0.00%,76.18%,0.00%,0.00%,0.00%
20260126,18,曾憲敏,601,85小說網_PC,1773,CF-300x250_85小說網_內文1,,,,112,20,0,20,102,0,112,17.86%,91.07%,0.00%,0.00%,17.86%
20260126,18,第一網站股份有限公司,2768,czbooks,17927,MW_置底創意_czbook,,,,"5,356","1,726",0,"1,726","3,863",0,5356,32.23%,72.12%,0.00%,0.00%,32.23%
20260126,18,第一網站股份有限公司,3420,ftvnews,17970,MW_300x250_內文_ftvnews,,知名媒體,,6,0,0,0,6,0,6,0.00%,100.00%,0.00%,0.00%,0.00%
20260126,18,時報資訊股份有限公司_工商時報,3427,工商時報-exchange,18007,CF_336x280_文末右側看板_工商時報-exchange,,知名媒體,,6,0,0,0,6,0,6,0.00%,100.00%,0.00%,0.00%,0.00%
20260126,18,時報資訊股份有限公司_工商時報,3427,工商時報-exchange,18014,MW_300x250_文末Banner1_工商時報-exchange,,知名媒體,,146,16,0,16,117,0,146,10.96%,80.14%,0.00%,0.00%,10.96%
20260126,18,時報資訊股份有限公司_工商時報,3427,工商時報-exchange,18015,MW_300x250_文末Banner2_工商時報-exchange,,知名媒體,,186,22,0,22,153,0,186,11.83%,82.26%,0.00%,0.00%,11.83%
20260126,18,第一網站股份有限公司,3440,fsa_passback_first,18201,CF_336x280_fsa_passback_first,,,,28,0,0,0,28,0,28,0.00%,100.00%,0.00%,0.00%,0.00%
20260126,18,第一網站股份有限公司,3440,fsa_passback_first,18202,CF_300x250_fsa_passback_first,,,,"2,120",240,0,240,"1,983",0,2120,11.32%,93.54%,0.00%,0.00%,11.32%
20260126,18,莊博凱,3455,夢遊電玩,18269,300x250 Banner,,,,6,0,0,0,6,0,6,0.00%,100.00%,0.00%,0.00%,0.00%
20260126,18,朱光宁,3268,稷下書院-mobile,18297,MW_置底創意(展開)_稷下書院-mobile,,,,96,26,0,26,67,0,96,27.08%,69.79%,0.00%,0.00%,27.08%
20260126,18,冰楓科技有限公司,3485,冰楓論壇-exchange,18487,CF_970x90_內文上方第一塊_冰楓論壇-exchange,,,,683,4,0,4,682,0,683,0.59%,99.85%,0.00%,0.00%,0.59%
20260126,18,冰楓科技有限公司,3485,冰楓論壇-exchange,18492,MW_300x250_Banner_ 冰楓論壇-exchange,,,,240,2,0,2,239,0,240,0.83%,99.58%,0.00%,0.00%,0.83%
20260126,18,CBROOT LTD,3492,包子漫畫(特開流量)-exchange,18546,(子)CF_300x250_指定時段_包子漫畫(特開流量)-exchange,,,子聯播網,"3,550",61,0,61,"3,526",0,3550,1.72%,99.32%,0.00%,0.00%,1.72%
20260126,18,CBROOT LTD,3492,包子漫畫(特開流量)-exchange,18557,CF_300x600_指定流量_包子漫畫(特開流量PB)-exchange,,,,"4,462",105,0,105,"4,409",0,4462,2.35%,98.81%,0.00%,0.00%,2.35%
20260126,18,CBROOT LTD,3510,包子漫畫_twmanga-exchange,18732,MW_336x280_Banner_包子漫畫_twmanga,,,子聯播網,"21,280","10,297",0,"10,297","14,678",0,21280,48.39%,68.98%,0.00%,0.00%,48.39%
20260126,18,CBROOT LTD,3510,包子漫畫_twmanga-exchange,18737,CF_970x90_Banner_ 包子漫畫_twmanga-exchange,,,,12,0,0,0,12,0,12,0.00%,100.00%,0.00%,0.00%,0.00%
20260126,18,闇碼科技股份有限公司,2992,縮短網址產生器-reurl-exchange,18876,CF_首頁連結bar下方_縮短網址產生器-reurl-exchange,,知名媒體,,12,4,0,4,10,0,12,33.33%,83.33%,0.00%,0.00%,33.33%
20260126,18,台灣英文新聞股份有限公司,3537,台灣英文新聞(new)-exchange,18924,CF_300x250_內容頁_右側看版_1_台灣英文新聞(new)-exchange,,知名媒體,,49,4,0,4,38,0,49,8.16%,77.55%,0.00%,0.00%,8.16%
20260126,18,台灣英文新聞股份有限公司,3537,台灣英文新聞(new)-exchange,18925,CF_300x600_內容頁_右側看版_2_台灣英文新聞(new)-exchange,,知名媒體,,6,0,0,0,6,0,6,0.00%,100.00%,0.00%,0.00%,0.00%
20260126,18,艾得基客行銷顧問股份有限公司,3373,良醫健康網,19009,MW_蓋板_良醫健康網,,知名媒體,,19,4,0,4,13,0,19,21.05%,68.42%,0.00%,0.00%,21.05%
20260126,18,聯合線上股份有限公司,3549,UDN元氣網,19018,CF_首頁文章推薦第三格300x250_UDN元氣網,,知名媒體,,6,0,0,0,6,0,6,0.00%,100.00%,0.00%,0.00%,0.00%
20260126,18,艾得基客行銷顧問股份有限公司,3552,玩具人,19044,MW_320x480_文中創意_玩具人,,知名媒體,,108,12,0,12,80,0,108,11.11%,74.07%,0.00%,0.00%,11.11%
20260126,18,第一網站股份有限公司,2783,漫畫櫃manhuagui,20685,MW_300X250_manhuagui,antifroud,,,"3,658",988,0,988,"2,778",0,3658,27.01%,75.94%,0.00%,0.00%,27.01%
20260126,18,德榕企業有限公司,3578,TW Bodhi_mobile,20707,MW_置底創意_TW Bodhi,,,,44,14,0,14,35,0,44,31.82%,79.55%,0.00%,0.00%,31.82%
20260126,18,德榕企業有限公司,3578,TW Bodhi_mobile,20708,MW_蓋板_TW Bodhi,,,,489,144,0,144,351,0,489,29.45%,71.78%,0.00%,0.00%,29.45%
20260126,18,德榕企業有限公司,3581,忘憂書屋,20727,CF_336x280文章頁(RWD)_忘憂書屋,,,,112,30,0,30,80,0,112,26.79%,71.43%,0.00%,0.00%,26.79%
20260126,18,德榕企業有限公司,3582,忘憂書屋_mobile,20728,MW_文中創意300x250_忘憂書屋,,,,18,0,0,0,17,0,18,0.00%,94.44%,0.00%,0.00%,0.00%
20260126,18,德榕企業有限公司,3582,忘憂書屋_mobile,20729,MW_蓋板_忘憂書屋,,,,82,30,0,30,56,0,82,36.59%,68.29%,0.00%,0.00%,36.59%
20260126,18,德榕企業有限公司,3582,忘憂書屋_mobile,20730,MW_置底創意_忘憂書屋,,,,58,18,0,18,43,0,58,31.03%,74.14%,0.00%,0.00%,31.03%
20260126,18,第一網站股份有限公司,2916,KiKiNote,20731,CF_300x250_banner_kikinote (PB),,知名媒體,,192,0,0,0,192,0,192,0.00%,100.00%,0.00%,0.00%,0.00%
20260126,18,第一網站股份有限公司,3440,fsa_passback_first,21699,CF_336x280_fsa_passback_first,,,,56,2,0,2,53,0,56,3.57%,94.64%,0.00%,0.00%,3.57%
20260126,18,富盈數據股份有限公司,3653,TVBS-女人我最大_HB,21760,MW_文章三_336x280_TVBS-女人我最大_HB,,知名媒體,,358,49,0,49,225,0,358,13.69%,62.85%,0.00%,0.00%,13.69%
20260126,18,富盈數據股份有限公司,3653,TVBS-女人我最大_HB,21761,MW_文章四_336x280_TVBS-女人我最大_HB,,知名媒體,,"1,513",268,0,268,947,0,1513,17.71%,62.59%,0.00%,0.00%,17.71%
20260126,18,富盈數據股份有限公司,3653,TVBS-女人我最大_HB,21763,MW_文中創意320x480_TVBS-女人我最大_HB,,知名媒體,,"1,356",230,0,230,842,0,1356,16.96%,62.09%,0.00%,0.00%,16.96%
20260126,18,富盈數據股份有限公司,3654,TVBS-健康2.0_HB,21768,MW_文中創意320x480_TVBS-健康2.0_HB,,知名媒體,,"4,695",540,0,540,"3,416",0,4695,11.50%,72.76%,0.00%,0.00%,11.50%
20260126,18,富盈數據股份有限公司,3655,TVBS-食尚玩家_HB,21770,MW_文章三_336x280_TVBS-食尚玩家_HB,,知名媒體,,146,20,0,20,116,0,146,13.70%,79.45%,0.00%,0.00%,13.70%
20260126,18,富盈數據股份有限公司,3655,TVBS-食尚玩家_HB,21773,MW_文中創意320x480_TVBS-食尚玩家_HB,,知名媒體,,507,49,0,49,347,0,507,9.66%,68.44%,0.00%,0.00%,9.66%
20260126,18,寶利拾股份有限公司,3652,愛料理_HB,21778,MW_Recipes_Top_336x280banner_愛料理_HB,,知名媒體,,6,2,0,2,3,0,6,33.33%,50.00%,0.00%,0.00%,33.33%
20260126,18,寶利拾股份有限公司,3652,愛料理_HB,21779,MW_Recipes_Middle_336x280banner_愛料理_HB,,知名媒體,,6,2,0,2,3,0,6,33.33%,50.00%,0.00%,0.00%,33.33%
20260126,18,先驅媒體社會企業股份有限公司,3554,新頭殼(R18),21839,ＭＷ_336x280Banner_newtalk.tw_mobile_all_336280_2_新頭殼(R18),antifroud,知名媒體,,211,22,0,22,166,0,211,10.43%,78.67%,0.00%,0.00%,10.43%
20260126,18,儂儂雜誌社股份有限公司(bella儂儂),2135,Bella儂儂_2024,21876,MW-300x250_文章標題上方1_Bella儂儂,,知名媒體,,714,44,0,44,566,0,714,6.16%,79.27%,0.00%,0.00%,6.16%
20260126,18,富盈數據股份有限公司,3680,TVBS-新聞網_HB,21899,MW_文章一_336x280_TVBS-新聞網_HB,,知名媒體,,"2,399",48,0,48,"1,643",0,2399,2.00%,68.49%,0.00%,0.00%,2.00%
20260126,18,富盈數據股份有限公司,3680,TVBS-新聞網_HB,21900,MW_文章三_336x280_TVBS-新聞網_HB,,知名媒體,,130,12,0,12,83,0,130,9.23%,63.85%,0.00%,0.00%,9.23%
20260126,18,富盈數據股份有限公司,3680,TVBS-新聞網_HB,21902,MW_文章置底_320x100_TVBS-新聞網_HB,,知名媒體,,"1,814",47,0,47,"1,238",0,1814,2.59%,68.25%,0.00%,0.00%,2.59%
20260126,18,富盈數據股份有限公司,3684,稅美人_mobile,21923,MW_置底創意(非展開)_稅美人-mobile,,,,"2,904",823,0,823,"2,177",0,2904,28.34%,74.97%,0.00%,0.00%,28.34%
20260126,18,富盈數據股份有限公司,3685,玩桌遊_mobile,21924,MW_置底創意(非展開)_玩桌遊-mobile,,,,246,79,0,79,166,0,246,32.11%,67.48%,0.00%,0.00%,32.11%
20260126,18,富盈數據股份有限公司,2615,熱血台中,21986,CF_336x280_全網_熱血台中,,,,68,12,0,12,59,0,68,17.65%,86.76%,0.00%,0.00%,17.65%
20260126,18,富盈數據股份有限公司,2615,熱血台中,21987,CF_336x280_全網_熱血台中,,,,110,20,0,20,75,0,110,18.18%,68.18%,0.00%,0.00%,18.18%
20260126,18,富盈數據股份有限公司,3703,繁體小說,22022,MW_置底創意(非展開)_繁體小說-mobile,,,,6,0,0,0,4,0,6,0.00%,66.67%,0.00%,0.00%,0.00%
20260126,18,富盈數據股份有限公司,3704,天天要聞,22030,CF_300 x 250 banner_天天要聞_cpc2,,,,839,183,0,183,673,0,839,21.81%,80.21%,0.00%,0.00%,21.81%
20260126,18,富盈數據股份有限公司,3703,繁體小說,22031,CF_300 x 250 banner_繁體小說_cpc2,,,,13,2,0,2,10,0,13,15.38%,76.92%,0.00%,0.00%,15.38%
20260126,18,冠妍動力科技有限公司,484,小老婆汽機車資訊網,22058,MW_文中創意320x480_小老婆汽機車資訊網-測試,,知名媒體,,20,2,0,2,16,0,20,10.00%,80.00%,0.00%,0.00%,10.00%
20260126,18,富盈數據股份有限公司,3680,TVBS-新聞網_HB,22132,CF_文中300x250_TVBS-新聞網_HB_2,,知名媒體,,6,0,0,0,5,0,6,0.00%,83.33%,0.00%,0.00%,0.00%
20260126,18,富盈數據股份有限公司,3680,TVBS-新聞網_HB,22133,CF_文中300x250_TVBS-新聞網_HB_3,,知名媒體,,32,0,0,0,31,0,32,0.00%,96.88%,0.00%,0.00%,0.00%
20260126,18,闇碼科技股份有限公司,3048,縮短網址產生器-reurl,22213,MW_蓋版_縮短網址產生器-reurl-2025.05(特殊供量),,知名媒體,,245,13,0,13,190,0,245,5.31%,77.55%,0.00%,0.00%,5.31%
20260126,18,艾得基客行銷顧問股份有限公司,3490,太報,22216,MW_置底創意(非展開)_太報,,知名媒體,,38,2,0,2,28,0,38,5.26%,73.68%,0.00%,0.00%,5.26%
20260126,18,艾得基客行銷顧問股份有限公司,3724,上報,22217,MW_置底創意(非展開)_上報,,知名媒體,,"1,146",131,0,131,870,0,1146,11.43%,75.92%,0.00%,0.00%,11.43%
20260126,18,艾得基客行銷顧問股份有限公司,3724,上報,22218,MW_置底(展開)_上報,,知名媒體,,150,30,0,30,105,0,150,20.00%,70.00%,0.00%,0.00%,20.00%
20260126,18,艾得基客行銷顧問股份有限公司,2689,Basketball Top5,22219,MW_置底(展開)_Basketball TOP5,,,,303,4,0,4,195,0,303,1.32%,64.36%,0.00%,0.00%,1.32%
20260126,18,欣發現股份有限公司,3363,大人物-mobile,22222,MW_蓋板_大人物,,知名媒體,,18,0,0,0,17,0,18,0.00%,94.44%,0.00%,0.00%,0.00%
20260126,18,朱光宁,3741,石頭小說3,22396,MW_置底_石頭小說3,,,,450,169,0,169,328,0,450,37.56%,72.89%,0.00%,0.00%,37.56%
20260126,18,朱光宁,3741,石頭小說3,22398,CF_336 x 280 banner_石頭小說3_cpc1.67,,,,"17,790","4,614",0,"4,614","14,800",0,17790,25.94%,83.19%,0.00%,0.00%,25.94%
20260126,18,朱光宁,3741,石頭小說3,22399,CF_320 x 480 橫幅_石頭小說3,,,,114,43,0,43,80,0,114,37.72%,70.18%,0.00%,0.00%,37.72%
20260126,18,艾得基客行銷顧問股份有限公司,3724,上報,22405,MW_蓋版_上報,,知名媒體,,280,26,0,26,212,0,280,9.29%,75.71%,0.00%,0.00%,9.29%
20260126,18,闇碼科技股份有限公司,3068,限時圖片-imgus,22406,MW_置底_imgus,antifroud,,,141,2,0,2,94,0,141,1.42%,66.67%,0.00%,0.00%,1.42%
20260126,18,第一網站股份有限公司,2783,漫畫櫃manhuagui,22443,MW_置底_manhuagui,antifroud,,,"2,586",697,0,697,"1,925",0,2586,26.95%,74.44%,0.00%,0.00%,26.95%
20260126,18,艾得基客行銷顧問股份有限公司,3490,太報,22495,MW_300x250 BANNER_太報_CPM5,,知名媒體,子聯播網,90,8,0,8,63,0,90,8.89%,70.00%,0.00%,0.00%,8.89%
20260126,18,艾得基客行銷顧問股份有限公司,2689,Basketball Top5,22498,MW_300x250 Banner_Basketball TOP5_CPM5,,,子聯播網,60,2,0,2,38,0,60,3.33%,63.33%,0.00%,0.00%,3.33%
20260126,18,艾得基客行銷顧問股份有限公司,2578,鉅亨網,22507,MW_300x250_鉅亨網_直播用BN-1,,知名媒體,子聯播網,"4,738",255,0,255,"3,831",0,4738,5.38%,80.86%,0.00%,0.00%,5.38%
20260126,18,艾得基客行銷顧問股份有限公司,3752,ＭoneyDJ,22514,MW_文中創意320x480_MoneyDJ,antifroud,知名媒體,,44,8,0,8,35,0,44,18.18%,79.55%,0.00%,0.00%,18.18%
20260126,18,李承翰-webptt,718,Web批踢踢(RWD),2284,MW-蓋板_文中_Web批踢踢,antifroud,,,12,0,0,0,12,0,12,0.00%,100.00%,0.00%,0.00%,0.00%
20260126,18,麥智維,999,動漫戲說,3543,CF-728*90-內文上方-動漫戲說,antifroud,,,124,23,0,23,116,0,124,18.55%,93.55%,0.00%,0.00%,18.55%
20260126,18,技達創意資訊有限公司,1299,泰好網,4733,CF-300*250-內文下方-泰好網,,,,6,0,0,0,6,0,6,0.00%,100.00%,0.00%,0.00%,0.00%
20260126,18,陈晋福,1367,電視超人,4997,CF-300X250-電視超人,,,,18,6,0,6,12,0,18,33.33%,66.67%,0.00%,0.00%,33.33%
20260126,18,麥智維,999,動漫戲說,6069,CF-300*250-首頁-動漫戲說,,,,6,0,0,0,6,0,6,0.00%,100.00%,0.00%,0.00%,0.00%
20260126,18,吳慧玲,2082,宅女懶懶子,8073,CF-右側通欄第二塊-300x600-宅女懶懶子,antifroud,,,6,0,0,0,6,0,6,0.00%,100.00%,0.00%,0.00%,0.00%
20260126,18,精鏡傳媒股份有限公司,1060,鏡週刊,8250,MW_置底創意(非展開)_鏡週刊,,知名媒體,,109,0,0,0,102,0,109,0.00%,93.58%,0.00%,0.00%,0.00%
20260126,18,臺灣電視事業股份有限公司,52,台視,8313,PC-300x250_內文第一塊_台視財經,,知名媒體,,6,2,0,2,4,0,6,33.33%,66.67%,0.00%,0.00%,33.33%
20260126,18,巧克科技新媒體股份有限公司,2127,LINE TV_Banner-exchange,8576,CF_336x280_戲劇-右側好康資訊下方_LINE TV-exchange,,知名媒體,,38,0,0,0,38,0,38,0.00%,100.00%,0.00%,0.00%,0.00%
20260126,18,巧克科技新媒體股份有限公司,2127,LINE TV_Banner-exchange,8577,CF_336x280_戲劇-右側好康資訊上方_LINE TV-exchange,,知名媒體,,96,0,0,0,96,0,96,0.00%,100.00%,0.00%,0.00%,0.00%
20260126,18,鳳梨傳媒股份有限公司,2190,民視新聞網-Exchange,8862,CF_970X90_分類新聞內頁上方_民視新聞(MCM),,知名媒體,,12,0,0,0,12,0,12,0.00%,100.00%,0.00%,0.00%,0.00%
20260126,18,見聞科技有限公司,2251,就是節目表,9233,MW-300x250-節目表文中-就是節目表,,,,6,2,0,2,5,0,6,33.33%,83.33%,0.00%,0.00%,33.33%
20260126,18,蔡瑞文,300,樂透彩幸運發財網,9470,MW-置底-樂透幸運發財網,antifroud,知名媒體,,6,0,0,0,4,0,6,0.00%,66.67%,0.00%,0.00%,0.00%
20260126,18,時報資訊股份有限公司,2335,中時電子報_2019,9883,ＭＷ-320x480-蓋板-中時電子報_2019,antifroud,知名媒體,,683,51,0,51,491,0,683,7.47%,71.89%,0.00%,0.00%,7.47%
20260126,19,英屬維京群島商浩美數位有限公司台灣分公司,2315,Teepr亮新聞-exchange,10012,CF_336x280Banner_Teepr亮新聞-exchange,,知名媒體,,"1,000",20,0,20,697,0,1000,2.00%,69.70%,0.00%,0.00%,2.00%
20260126,19,第一網站股份有限公司,2300,keketravel,10594,(子)CF_336x280_keketravel,,,子聯播網,50,0,0,0,50,0,50,0.00%,100.00%,0.00%,0.00%,0.00%
20260126,19,昱得資訊工作室,2528,數位書香,11080,CF_728x90_首頁上方_數位書香,antifroud,,,48,0,0,0,48,0,48,0.00%,100.00%,0.00%,0.00%,0.00%
20260126,19,昱得資訊工作室,2528,數位書香,11081,CF_160x600_首頁右側_數位書香,antifroud,,,625,0,0,0,625,0,625,0.00%,100.00%,0.00%,0.00%,0.00%
20260126,19,第一網站股份有限公司,2518,麻辣家族討論區(twbts),11082,CF-728X90-twbts,antifroud,,,130,0,0,0,130,0,130,0.00%,100.00%,0.00%,0.00%,0.00%
20260126,19,第一網站股份有限公司,2540,risu短網址,11260,MW-300X250-MB_page_left-risu,,知名媒體,,13,7,0,7,10,0,13,53.85%,76.92%,0.00%,0.00%,53.85%
20260126,19,第一網站股份有限公司,2492,ttshow,11273,MW-300X250-ttshow,,知名媒體,,6,0,0,0,6,0,6,0.00%,100.00%,0.00%,0.00%,0.00%
20260126,19,第一網站股份有限公司,2601,Meme梗圖倉庫,11443,CF-336X280-meme,,,,153,40,0,40,124,0,153,26.14%,81.05%,0.00%,0.00%,26.14%
20260126,19,第一網站股份有限公司,2540,risu短網址,12496,CF_300x250_popup(直播) _risu短網址,antifroud,知名媒體,,6,0,0,0,6,0,6,0.00%,100.00%,0.00%,0.00%,0.00%
20260126,19,時報資訊股份有限公司,2770,中時電子報_HB,12559,CF_300x250_右側互動看版_中時電子報_HB,,知名媒體,,238,22,0,22,223,0,238,9.24%,93.70%,0.00%,0.00%,9.24%
20260126,19,時報資訊股份有限公司,2770,中時電子報_HB,12560,CF_336x280_文中看板_中時電子報_HB,,知名媒體,,221,20,0,20,208,0,221,9.05%,94.12%,0.00%,0.00%,9.05%
20260126,19,時報資訊股份有限公司,2770,中時電子報_HB,12561,MW_300x250_內頁TOP Banner_中時電子報_HB,antifroud,知名媒體,,930,170,0,170,731,0,930,18.28%,78.60%,0.00%,0.00%,18.28%
20260126,19,第一網站股份有限公司,2768,czbooks,12570,CF_728x90_banner_czbooks,,,,"32,884",628,0,628,"32,618",0,32884,1.91%,99.19%,0.00%,0.00%,1.91%
20260126,19,鳳梨傳媒股份有限公司,2190,民視新聞網-Exchange,12579,CF_300x250_右側第一塊_民視新聞網-Exchange(RWD)(MCM),,知名媒體,,"9,707",386,0,386,"7,524",0,9707,3.98%,77.51%,0.00%,0.00%,3.98%
20260126,19,鳳梨傳媒股份有限公司,2190,民視新聞網-Exchange,12580,CF_300x250_內文文中左側_民視新聞網-Exchange(RWD)(MCM),,知名媒體,,"9,150",342,0,342,"7,173",0,9150,3.74%,78.39%,0.00%,0.00%,3.74%
20260126,19,第一網站股份有限公司,2783,漫畫櫃manhuagui,12676,CF_728X90_manhuagui,antifroud,,,"39,898","4,984",0,"4,984","36,323",0,39898,12.49%,91.04%,0.00%,0.00%,12.49%
20260126,19,艾得基客行銷顧問股份有限公司,2635,工商時報,12761,MW_320x480_文中創意_工商時報new,,知名媒體,,176,16,0,16,138,0,176,9.09%,78.41%,0.00%,0.00%,9.09%
20260126,19,金隼行銷股份有限公司,2786,91譜,12792,MW_置底創意_91譜,,知名媒體,,6,4,0,4,4,0,6,66.67%,66.67%,0.00%,0.00%,66.67%
20260126,19,第一網站股份有限公司,2801,damanwoo,12868,CF-300x250_Banner_damanwoo_大人物,,,,50,0,0,0,50,0,50,0.00%,100.00%,0.00%,0.00%,0.00%
20260126,19,永悅健康股份有限公司,2813,早安樂活,12927,MW_置底創意(非展開)_早安樂活,,知名媒體,,32,2,0,2,25,0,32,6.25%,78.12%,0.00%,0.00%,6.25%
20260126,19,徐致淦,2818,rate.cx免費投票器,12943,CF_300x250_投票結果_rate.cx免費投票器,,,,139,83,0,83,86,0,139,59.71%,61.87%,0.00%,0.00%,59.71%
20260126,19,徐致淦,2818,rate.cx免費投票器,12944,MW_300x250_投票結果_rate.cx免費投票器,,,,137,83,0,83,83,0,137,60.58%,60.58%,0.00%,0.00%,60.58%
20260126,19,第一網站股份有限公司,2820,星座好朋友(horofriend88),12966,MW_320x100_horofriend88,antifroud,,,6,0,0,0,6,0,6,0.00%,100.00%,0.00%,0.00%,0.00%
20260126,19,第一網站股份有限公司,2836,vivi01,13032,MW_置底創意_vivi01 ViVi視頻,,,,6,0,0,0,5,0,6,0.00%,83.33%,0.00%,0.00%,0.00%
20260126,19,第一網站股份有限公司,2838,mycard,13041,MW_320x480_加倍mycard,,,,53,0,0,0,53,0,53,0.00%,100.00%,0.00%,0.00%,0.00%
20260126,19,曾憲敏,202,85小說網,13445,MW_336X280_全量1_85小說網,,,,766,230,0,230,584,0,766,30.03%,76.24%,0.00%,0.00%,30.03%
20260126,19,曾憲敏,202,85小說網,13446,MW_336X280_全量2_85小說網,,,,"5,195","1,550",0,"1,550","3,902",0,5195,29.84%,75.11%,0.00%,0.00%,29.84%
20260126,19,曾憲敏,601,85小說網_PC,13450,(子)CF_336x280_全量2_85小說網,,,子聯播網,122,0,0,0,122,0,122,0.00%,100.00%,0.00%,0.00%,0.00%
20260126,19,第一網站股份有限公司,2768,czbooks,13481,MW_300x250_banner_czbooks,antifroud,,子聯播網,"40,096",217,0,217,"40,031",0,40096,0.54%,99.84%,0.00%,0.00%,0.54%
20260126,19,第一網站股份有限公司,2768,czbooks,13482,(子)CF_300x600_banner_czbooks(限時段),,,子聯播網,"22,245",156,0,156,"22,241",0,22245,0.70%,99.98%,0.00%,0.00%,0.70%
20260126,19,第一網站股份有限公司,2768,czbooks,13483,(子)CF_970x250_banner_czbooks(限時段),,,子聯播網,"24,883",172,0,172,"24,879",0,24883,0.69%,99.98%,0.00%,0.00%,0.69%
20260126,19,第一網站股份有限公司,2910,clickme,13548,(子)CF_300x250_banner_clickme(一般),,,子聯播網,517,36,0,36,485,0,517,6.96%,93.81%,0.00%,0.00%,6.96%
20260126,19,第一網站股份有限公司,2910,clickme,13549,CF_300x250_banner_clickme(一般),,,,315,61,0,61,240,0,315,19.37%,76.19%,0.00%,0.00%,19.37%
20260126,19,第一網站股份有限公司,2916,KiKiNote,13576,(子)CF_300x250_banner_kikinote,,知名媒體,子聯播網,981,187,0,187,836,0,981,19.06%,85.22%,0.00%,0.00%,19.06%
20260126,19,闇碼科技股份有限公司,2992,縮短網址產生器-reurl-exchange,13858,CF_300x250_網址下方左側_reurl,,知名媒體,,8,0,0,0,8,0,8,0.00%,100.00%,0.00%,0.00%,0.00%
20260126,19,闇碼科技股份有限公司,2992,縮短網址產生器-reurl-exchange,13861,CF_300x250_網址下方右側(PB)_reurl,,知名媒體,,78,0,0,0,76,0,78,0.00%,97.44%,0.00%,0.00%,0.00%
20260126,19,第一網站股份有限公司,2768,czbooks,13903,(子)CF_300x250_banner_czbooks(直播),antifroud,,子聯播網,"221,986","35,994",0,"35,994","212,667",0,221986,16.21%,95.80%,0.00%,0.00%,16.21%
20260126,19,第一網站股份有限公司,2783,漫畫櫃manhuagui,13904,(子)CF_300x250_banner_manhuagui(直播),antifroud,,子聯播網,"58,635",615,0,615,"58,625",0,58635,1.05%,99.98%,0.00%,0.00%,1.05%
20260126,19,第一網站股份有限公司,2768,czbooks,14036,MW_320x480_CZBOOKS,antifroud,,,114,27,0,27,90,0,114,23.68%,78.95%,0.00%,0.00%,23.68%
20260126,19,陳人鳳,480,飛格寵物家族_PC,1407,CF-728X90_上方通欄_飛格寵物家族,,,,19,2,0,2,14,0,19,10.53%,73.68%,0.00%,0.00%,10.53%
20260126,19,陳人鳳,480,飛格寵物家族_PC,1408,CF-300X250_內文_飛格寵物家族,,,,96,10,0,10,88,0,96,10.42%,91.67%,0.00%,0.00%,10.42%
20260126,19,闇碼科技股份有限公司,3048,縮短網址產生器-reurl,14210,MW_文中創意300x250_縮短網址產生器-reurl,,知名媒體,,247,13,0,13,191,0,247,5.26%,77.33%,0.00%,0.00%,5.26%
20260126,19,巨思文化股份有限公司,3052,經理人_HB,14238,MW_文章結束第一塊_300x250_經理人-HB,,知名媒體,,42,6,0,6,31,0,42,14.29%,73.81%,0.00%,0.00%,14.29%
20260126,19,巨思文化股份有限公司,3052,經理人_HB,14241,MW_300x250_內文下方_經理人-HB,,知名媒體,,42,6,0,6,31,0,42,14.29%,73.81%,0.00%,0.00%,14.29%
20260126,19,巨思文化股份有限公司,3053,數位時代_HB,14244,MW_300x250_文中第四塊_數位時代-HB,,知名媒體,,6,4,0,4,4,0,6,66.67%,66.67%,0.00%,0.00%,66.67%
20260126,19,巨思文化股份有限公司,3053,數位時代_HB,14246,MW_300x250_文章結束第一塊_數位時代-HB,,知名媒體,,12,6,0,6,7,0,12,50.00%,58.33%,0.00%,0.00%,50.00%
20260126,19,富盈數據股份有限公司,3059,塔科女子,14258,CF_336x280_全網_塔科女子,,知名媒體,,354,101,0,101,286,0,354,28.53%,80.79%,0.00%,0.00%,28.53%
20260126,19,CBROOT LTD,3003,包子漫畫-exchange,14291,MW_300x250_蓋板(PB)_包子漫畫,,,,126,52,0,52,88,0,126,41.27%,69.84%,0.00%,0.00%,41.27%
20260126,19,朱光宁,3152,石頭小說-exchange,14472,MW_336x280_Banner_石頭小說,,,,"4,020","1,326",0,"1,326","3,187",0,4020,32.99%,79.28%,0.00%,0.00%,32.99%
20260126,19,朱光宁,3268,稷下書院-mobile,14737,MW_置底創意(非展開)_稷下書院-mobile,,,,12,8,0,8,8,0,12,66.67%,66.67%,0.00%,0.00%,66.67%
20260126,19,朱光宁,3149,稷下書院-exchange,14748,MW_320x100_置底(PB)_稷下書院,,,,"29,482","10,208",0,"10,208","21,702",0,29482,34.62%,73.61%,0.00%,0.00%,34.62%
20260126,19,巨思文化股份有限公司,3053,數位時代_HB,14764,MW_置底創意_(非展開)_數位時代_HB,,知名媒體,,105,28,0,28,66,0,105,26.67%,62.86%,0.00%,0.00%,26.67%
20260126,19,中天電視股份有限公司,3282,中天新聞網-exchange,14980,CF_970x250_內頁_PC置頂橫幅-中天新聞網-exchange,,知名媒體,,68,0,0,0,59,0,68,0.00%,86.76%,0.00%,0.00%,0.00%
20260126,19,CBROOT LTD,3305,包子漫畫NEW-exchange,15143,(子)CF_970x250_Banner(直播)_包子漫畫(kukuc.co),,,子聯播網,12,0,0,0,12,0,12,0.00%,100.00%,0.00%,0.00%,0.00%
20260126,19,CBROOT LTD,3305,包子漫畫NEW-exchange,15145,(子)CF_970x250_指定流量Banner_包子漫畫(kukuc.co),antifroud,,子聯播網,990,0,0,0,990,0,990,0.00%,100.00%,0.00%,0.00%,0.00%
20260126,19,曾憲敏,3327,85小說網_創意,15228,MW-創意-85小說網,,,,24,12,0,12,16,0,24,50.00%,66.67%,0.00%,0.00%,50.00%
20260126,19,中天電視股份有限公司,3282,中天新聞網-exchange,15859,CF_336x280_內頁_PC右側互動看板B-中天新聞網-exchange,,知名媒體,,284,2,0,2,227,0,284,0.70%,79.93%,0.00%,0.00%,0.70%
20260126,19,CBROOT LTD,3352,西瓜卡通-exchange,15969,CF_728x90_影音內容_西瓜卡通-exchange,,,,52,0,0,0,52,0,52,0.00%,100.00%,0.00%,0.00%,0.00%
20260126,19,CBROOT LTD,3352,西瓜卡通-exchange,15970,CF_160x600_影音內容_西瓜卡通-exchange,,,,190,0,0,0,190,0,190,0.00%,100.00%,0.00%,0.00%,0.00%
20260126,19,時報資訊股份有限公司,2817,旺得富,16911,CF_300x250_Billboard_2nd_旺得富,,知名媒體,,26,0,0,0,26,0,26,0.00%,100.00%,0.00%,0.00%,0.00%
20260126,19,朱光宁,3360,提莫書屋-exchange,16957,MW_336x280banner_提莫書屋_exchange,,,,"19,154","5,405",0,"5,405","14,234",0,19154,28.22%,74.31%,0.00%,0.00%,28.22%
20260126,19,朱光宁,3361,提莫書屋-mobile,16958,MW_置底創意_提莫書屋-mobile,,,,56,21,0,21,40,0,56,37.50%,71.43%,0.00%,0.00%,37.50%
20260126,19,朱光宁,3361,提莫書屋-mobile,16959,MW_320x480_文中創意_提莫書屋-mobile,,,,104,20,0,20,82,0,104,19.23%,78.85%,0.00%,0.00%,19.23%
20260126,19,欣發現股份有限公司,3365,Hami任務牆-mobile,16969,MW_置底創意_Hami任務牆,,知名媒體,,8,0,0,0,8,0,8,0.00%,100.00%,0.00%,0.00%,0.00%
20260126,19,欣發現股份有限公司,3364,女子學-mobile,16972,MW_置底創意_女子學,antifroud,,,14,0,0,0,14,0,14,0.00%,100.00%,0.00%,0.00%,0.00%
20260126,19,欣發現股份有限公司,3363,大人物-mobile,16973,MW_置底創意_大人物,,知名媒體,,6,2,0,2,5,0,6,33.33%,83.33%,0.00%,0.00%,33.33%
20260126,19,朱光宁,3149,稷下書院-exchange,17003,(子)CF_336x280_Banner(指定流量)_稷下書院-exchange,,,子聯播網,"1,641",98,0,98,"1,640",0,1641,5.97%,99.94%,0.00%,0.00%,5.97%
20260126,19,第一網站股份有限公司,2783,漫畫櫃manhuagui,17027,MW_320x480_蓋版_漫畫櫃manhuagui,,,,59,19,0,19,39,0,59,32.20%,66.10%,0.00%,0.00%,32.20%
20260126,19,朱光宁,3149,稷下書院-exchange,17095,(子)MW_336x280_Banner_稷下書院-exchange,antifroud,,,"11,402",146,0,146,"11,384",0,11402,1.28%,99.84%,0.00%,0.00%,1.28%
20260126,19,詠勝科技有限公司,3385,Mobile01_HB,17174,CF_970x250_超級橫幅_置底_Mobile01_HB,,知名媒體,,6,0,0,0,6,0,6,0.00%,100.00%,0.00%,0.00%,0.00%
20260126,19,詠勝科技有限公司,3385,Mobile01_HB,17178,CF_300x250_頻道頁_大看板_Mobile01_HB,,知名媒體,,105,0,0,0,105,0,105,0.00%,100.00%,0.00%,0.00%,0.00%
20260126,19,詠勝科技有限公司,3385,Mobile01_HB,17179,CF_300x250_熱門大看板_Mobile01_HB,,知名媒體,,"8,563",2,0,2,"8,563",0,8563,0.02%,100.00%,0.00%,0.00%,0.02%
20260126,19,詠勝科技有限公司,3385,Mobile01_HB,17183,CF_300x600_大摩天_Mobile01_HB,,知名媒體,,"3,011",2,0,2,"3,011",0,3011,0.07%,100.00%,0.00%,0.00%,0.07%
20260126,19,朱光宁,3268,稷下書院-mobile,17207,MW_320x480_蓋版_稷下書院-mobile,,,,567,175,0,175,391,0,567,30.86%,68.96%,0.00%,0.00%,30.86%
20260126,19,中華電視股份有限公司,3389,華視-mobile,17230,MW_置底創意(非展開)_華視-mobile,,知名媒體,,12,4,0,4,7,0,12,33.33%,58.33%,0.00%,0.00%,33.33%
20260126,19,李立娟,3395,vivi0視頻-exchange,17293,CF_336x280_Banner_vivi01視頻-exchange,antifroud,,,"33,565",122,0,122,"24,790",0,33565,0.36%,73.86%,0.00%,0.00%,0.36%
20260126,19,李立娟,3395,vivi0視頻-exchange,17294,MW_336x280_Banner_vivi01視頻-exchange,antifroud,,,"24,954",85,0,85,"18,453",0,24954,0.34%,73.95%,0.00%,0.00%,0.34%
20260126,19,李立娟,3397,趣聞圖說-exchange,17297,(子)MW_336x280_Banner_趣聞圖說-exchange,antifroud,,,"21,544",57,0,57,"17,930",0,21544,0.26%,83.23%,0.00%,0.00%,0.26%
20260126,19,李立娟,3395,vivi0視頻-exchange,17299,MW_300x250_蓋板(PB)-vivi01視頻-exchange,,,,6,0,0,0,6,0,6,0.00%,100.00%,0.00%,0.00%,0.00%
20260126,19,李立娟,3395,vivi0視頻-exchange,17300,MW_320x100_置底(PB)_vivi01視頻-exchange,antifroud,,,965,0,0,0,729,0,965,0.00%,75.54%,0.00%,0.00%,0.00%
20260126,19,曾憲敏,601,85小說網_PC,1773,CF-300x250_85小說網_內文1,,,,162,22,0,22,152,0,162,13.58%,93.83%,0.00%,0.00%,13.58%
20260126,19,第一網站股份有限公司,2768,czbooks,17927,MW_置底創意_czbook,,,,"7,068","2,361",0,"2,361","5,090",0,7068,33.40%,72.01%,0.00%,0.00%,33.40%
20260126,19,時報資訊股份有限公司_工商時報,3427,工商時報-exchange,18014,MW_300x250_文末Banner1_工商時報-exchange,,知名媒體,,151,26,0,26,118,0,151,17.22%,78.15%,0.00%,0.00%,17.22%
20260126,19,時報資訊股份有限公司_工商時報,3427,工商時報-exchange,18015,MW_300x250_文末Banner2_工商時報-exchange,,知名媒體,,190,22,0,22,158,0,190,11.58%,83.16%,0.00%,0.00%,11.58%
20260126,19,第一網站股份有限公司,3440,fsa_passback_first,18202,CF_300x250_fsa_passback_first,,,,"2,822",359,0,359,"2,603",0,2822,12.72%,92.24%,0.00%,0.00%,12.72%
20260126,19,第一網站股份有限公司,3440,fsa_passback_first,18266,(子)CF_970x250_cfbanner_blog,,,子聯播網,808,0,0,0,808,0,808,0.00%,100.00%,0.00%,0.00%,0.00%
20260126,19,莊博凱,3455,夢遊電玩,18269,300x250 Banner,,,,24,0,0,0,24,0,24,0.00%,100.00%,0.00%,0.00%,0.00%
20260126,19,朱光宁,3268,稷下書院-mobile,18297,MW_置底創意(展開)_稷下書院-mobile,,,,264,82,0,82,193,0,264,31.06%,73.11%,0.00%,0.00%,31.06%
20260126,19,冰楓科技有限公司,3485,冰楓論壇-exchange,18487,CF_970x90_內文上方第一塊_冰楓論壇-exchange,,,,"1,301",13,0,13,"1,299",0,1301,1.00%,99.85%,0.00%,0.00%,1.00%
20260126,19,冰楓科技有限公司,3485,冰楓論壇-exchange,18488,MW_320x100_內文上方第一塊_ 冰楓論壇-exchange,antifroud,,,28,0,0,0,26,0,28,0.00%,92.86%,0.00%,0.00%,0.00%
20260126,19,冰楓科技有限公司,3485,冰楓論壇-exchange,18492,MW_300x250_Banner_ 冰楓論壇-exchange,,,,563,4,0,4,561,0,563,0.71%,99.64%,0.00%,0.00%,0.71%
20260126,19,闇碼科技股份有限公司,3048,縮短網址產生器-reurl,18535,MW_蓋版_縮短網址產生器-reurl,,知名媒體,,6,2,0,2,4,0,6,33.33%,66.67%,0.00%,0.00%,33.33%
20260126,19,CBROOT LTD,3492,包子漫畫(特開流量)-exchange,18544,(子)CF_300x600_指定流量_包子漫畫(特開流量)-exchange,,,子聯播網,"7,804",101,0,101,"7,804",0,7804,1.29%,100.00%,0.00%,0.00%,1.29%
20260126,19,CBROOT LTD,3492,包子漫畫(特開流量)-exchange,18545,(子)CF_970x250_指定時段_包子漫畫(特開流量)-exchange,,,子聯播網,"56,445",884,0,884,"56,445",0,56445,1.57%,100.00%,0.00%,0.00%,1.57%
20260126,19,CBROOT LTD,3492,包子漫畫(特開流量)-exchange,18546,(子)CF_300x250_指定時段_包子漫畫(特開流量)-exchange,,,子聯播網,"186,576","3,753",0,"3,753","186,576",0,186576,2.01%,100.00%,0.00%,0.00%,2.01%
20260126,19,CBROOT LTD,3492,包子漫畫(特開流量)-exchange,18558,CF_970x250_指定時段_包子漫畫(特開流量PB)-exchange,,,,75,0,0,0,75,0,75,0.00%,100.00%,0.00%,0.00%,0.00%
20260126,19,CBROOT LTD,3510,包子漫畫_twmanga-exchange,18732,MW_336x280_Banner_包子漫畫_twmanga,,,子聯播網,"15,346","1,025",0,"1,025","15,261",0,15346,6.68%,99.45%,0.00%,0.00%,6.68%
20260126,19,CBROOT LTD,3510,包子漫畫_twmanga-exchange,18735,CF_336x280_Banner_包子漫畫_twmanga-exchange,,,,59,0,0,0,59,0,59,0.00%,100.00%,0.00%,0.00%,0.00%
20260126,19,CBROOT LTD,3510,包子漫畫_twmanga-exchange,18736,CF_970x250_ 包子漫畫_twmanga-exchange,,,,382,6,0,6,382,0,382,1.57%,100.00%,0.00%,0.00%,1.57%
20260126,19,舒禾驊,3535,荷花動漫筆記,18887,CF_336x280_文章頁文中_荷花動漫筆記,,,,16,0,0,0,16,0,16,0.00%,100.00%,0.00%,0.00%,0.00%
20260126,19,台灣英文新聞股份有限公司,3537,台灣英文新聞(new)-exchange,18924,CF_300x250_內容頁_右側看版_1_台灣英文新聞(new)-exchange,,知名媒體,,103,8,0,8,84,0,103,7.77%,81.55%,0.00%,0.00%,7.77%
20260126,19,艾得基客行銷顧問股份有限公司,3373,良醫健康網,19009,MW_蓋板_良醫健康網,,知名媒體,,6,4,0,4,3,0,6,66.67%,50.00%,0.00%,0.00%,66.67%
20260126,19,聯合線上股份有限公司,3548,UDN遊戲角落,19015,CF_文章頁右上300x250_UDN遊戲角落,,知名媒體,,6,0,0,0,6,0,6,0.00%,100.00%,0.00%,0.00%,0.00%
20260126,19,聯合線上股份有限公司,3549,UDN元氣網,19018,CF_首頁文章推薦第三格300x250_UDN元氣網,,知名媒體,,6,0,0,0,6,0,6,0.00%,100.00%,0.00%,0.00%,0.00%
20260126,19,艾得基客行銷顧問股份有限公司,3552,玩具人,19044,MW_320x480_文中創意_玩具人,,知名媒體,,66,6,0,6,54,0,66,9.09%,81.82%,0.00%,0.00%,9.09%
20260126,19,第一網站股份有限公司,2783,漫畫櫃manhuagui,20685,MW_300X250_manhuagui,antifroud,,,"2,642",712,0,712,"2,017",0,2642,26.95%,76.34%,0.00%,0.00%,26.95%
20260126,19,德榕企業有限公司,3578,TW Bodhi_mobile,20707,MW_置底創意_TW Bodhi,,,,73,20,0,20,55,0,73,27.40%,75.34%,0.00%,0.00%,27.40%
20260126,19,德榕企業有限公司,3578,TW Bodhi_mobile,20708,MW_蓋板_TW Bodhi,,,,673,206,0,206,476,0,673,30.61%,70.73%,0.00%,0.00%,30.61%
20260126,19,德榕企業有限公司,3578,TW Bodhi_mobile,20719,MW_文中創意300x250_TW Bodhi,,,,6,2,0,2,4,0,6,33.33%,66.67%,0.00%,0.00%,33.33%
20260126,19,德榕企業有限公司,3581,忘憂書屋,20727,CF_336x280文章頁(RWD)_忘憂書屋,,,,36,0,0,0,36,0,36,0.00%,100.00%,0.00%,0.00%,0.00%
20260126,19,德榕企業有限公司,3582,忘憂書屋_mobile,20728,MW_文中創意300x250_忘憂書屋,,,,34,8,0,8,27,0,34,23.53%,79.41%,0.00%,0.00%,23.53%
20260126,19,德榕企業有限公司,3582,忘憂書屋_mobile,20730,MW_置底創意_忘憂書屋,,,,78,17,0,17,58,0,78,21.79%,74.36%,0.00%,0.00%,21.79%
20260126,19,第一網站股份有限公司,2916,KiKiNote,20731,CF_300x250_banner_kikinote (PB),,知名媒體,,20,0,0,0,20,0,20,0.00%,100.00%,0.00%,0.00%,0.00%
20260126,19,第一網站股份有限公司,2910,clickme,20735,(子)CF_300x250_banner_clickme(成人),,,子聯播網,"6,650",379,0,379,"6,354",0,6650,5.70%,95.55%,0.00%,0.00%,5.70%
20260126,19,第一網站股份有限公司,2768,czbooks,21412,(子)CF_970x250_banner_czbooks(限時段)-PB,,,子聯播網,16,0,0,0,16,0,16,0.00%,100.00%,0.00%,0.00%,0.00%
20260126,19,第一網站股份有限公司,3440,fsa_passback_first,21699,CF_336x280_fsa_passback_first,,,,12,6,0,6,9,0,12,50.00%,75.00%,0.00%,0.00%,50.00%
20260126,19,第一網站股份有限公司,3440,fsa_passback_first,21702,(子)CF_970x250_cfbanner_blog,,,,32,0,0,0,32,0,32,0.00%,100.00%,0.00%,0.00%,0.00%
20260126,19,富盈數據股份有限公司,3653,TVBS-女人我最大_HB,21760,MW_文章三_336x280_TVBS-女人我最大_HB,,知名媒體,,142,22,0,22,94,0,142,15.49%,66.20%,0.00%,0.00%,15.49%
20260126,19,富盈數據股份有限公司,3653,TVBS-女人我最大_HB,21761,MW_文章四_336x280_TVBS-女人我最大_HB,,知名媒體,,"1,095",163,0,163,735,0,1095,14.89%,67.12%,0.00%,0.00%,14.89%
20260126,19,富盈數據股份有限公司,3653,TVBS-女人我最大_HB,21763,MW_文中創意320x480_TVBS-女人我最大_HB,,知名媒體,,"1,044",142,0,142,675,0,1044,13.60%,64.66%,0.00%,0.00%,13.60%
20260126,19,富盈數據股份有限公司,3654,TVBS-健康2.0_HB,21764,CF_文章右側300x600_TVBS-健康2.0_HB,,知名媒體,,6,0,0,0,6,0,6,0.00%,100.00%,0.00%,0.00%,0.00%
20260126,19,富盈數據股份有限公司,3654,TVBS-健康2.0_HB,21768,MW_文中創意320x480_TVBS-健康2.0_HB,,知名媒體,,"6,263",828,0,828,"4,583",0,6263,13.22%,73.18%,0.00%,0.00%,13.22%
20260126,19,富盈數據股份有限公司,3655,TVBS-食尚玩家_HB,21770,MW_文章三_336x280_TVBS-食尚玩家_HB,,知名媒體,,691,172,0,172,511,0,691,24.89%,73.95%,0.00%,0.00%,24.89%
20260126,19,富盈數據股份有限公司,3655,TVBS-食尚玩家_HB,21772,MW_文章置底_320x100_TVBS-食尚玩家_HB,,知名媒體,,66,33,0,33,38,0,66,50.00%,57.58%,0.00%,0.00%,50.00%
20260126,19,富盈數據股份有限公司,3655,TVBS-食尚玩家_HB,21773,MW_文中創意320x480_TVBS-食尚玩家_HB,,知名媒體,,"1,194",294,0,294,826,0,1194,24.62%,69.18%,0.00%,0.00%,24.62%
20260126,19,寶利拾股份有限公司,3652,愛料理_HB,21778,MW_Recipes_Top_336x280banner_愛料理_HB,,知名媒體,,6,0,0,0,5,0,6,0.00%,83.33%,0.00%,0.00%,0.00%
20260126,19,富盈數據股份有限公司,3653,TVBS-女人我最大_HB,21803,MW_文章一_336x280_TVBS-女人我最大_HB,,知名媒體,,20,0,0,0,12,0,20,0.00%,60.00%,0.00%,0.00%,0.00%
20260126,19,先驅媒體社會企業股份有限公司,3554,新頭殼(R18),21839,ＭＷ_336x280Banner_newtalk.tw_mobile_all_336280_2_新頭殼(R18),antifroud,知名媒體,,24,4,0,4,22,0,24,16.67%,91.67%,0.00%,0.00%,16.67%
20260126,19,先驅媒體社會企業股份有限公司,3554,新頭殼(R18),21840,ＭＷ_336x280Banner_newtalk.tw_mobile_all_336280_3_新頭殼(R18),,知名媒體,,6,0,0,0,6,0,6,0.00%,100.00%,0.00%,0.00%,0.00%
20260126,19,儂儂雜誌社股份有限公司(bella儂儂),2135,Bella儂儂_2024,21876,MW-300x250_文章標題上方1_Bella儂儂,,知名媒體,,"1,070",97,0,97,841,0,1070,9.07%,78.60%,0.00%,0.00%,9.07%
20260126,19,富盈數據股份有限公司,3680,TVBS-新聞網_HB,21898,CF_文章右側300x600_TVBS-新聞網_HB,,知名媒體,,36,0,0,0,36,0,36,0.00%,100.00%,0.00%,0.00%,0.00%
20260126,19,富盈數據股份有限公司,3680,TVBS-新聞網_HB,21899,MW_文章一_336x280_TVBS-新聞網_HB,,知名媒體,,"2,786",49,0,49,"1,882",0,2786,1.76%,67.55%,0.00%,0.00%,1.76%
20260126,19,富盈數據股份有限公司,3680,TVBS-新聞網_HB,21900,MW_文章三_336x280_TVBS-新聞網_HB,,知名媒體,,82,6,0,6,56,0,82,7.32%,68.29%,0.00%,0.00%,7.32%
20260126,19,富盈數據股份有限公司,3680,TVBS-新聞網_HB,21902,MW_文章置底_320x100_TVBS-新聞網_HB,,知名媒體,,"2,067",54,0,54,"1,371",0,2067,2.61%,66.33%,0.00%,0.00%,2.61%
20260126,19,富盈數據股份有限公司,3684,稅美人_mobile,21923,MW_置底創意(非展開)_稅美人-mobile,,,,"4,439","1,427",0,"1,427","3,280",0,4439,32.15%,73.89%,0.00%,0.00%,32.15%
20260126,19,富盈數據股份有限公司,3685,玩桌遊_mobile,21924,MW_置底創意(非展開)_玩桌遊-mobile,,,,334,126,0,126,220,0,334,37.72%,65.87%,0.00%,0.00%,37.72%
20260126,19,富盈數據股份有限公司,2615,熱血台中,21986,CF_336x280_全網_熱血台中,,,,105,8,0,8,89,0,105,7.62%,84.76%,0.00%,0.00%,7.62%
20260126,19,富盈數據股份有限公司,2615,熱血台中,21987,CF_336x280_全網_熱血台中,,,,110,2,0,2,88,0,110,1.82%,80.00%,0.00%,0.00%,1.82%
20260126,19,富盈數據股份有限公司,3704,天天要聞,22030,CF_300 x 250 banner_天天要聞_cpc2,,,,"3,003",244,0,244,"2,813",0,3003,8.13%,93.67%,0.00%,0.00%,8.13%
20260126,19,富盈數據股份有限公司,3703,繁體小說,22031,CF_300 x 250 banner_繁體小說_cpc2,,,,108,0,0,0,108,0,108,0.00%,100.00%,0.00%,0.00%,0.00%
20260126,19,朱光宁,3708,石頭小說,22045,CF_336 x 280 banner_石頭小說_cpc1.67,antifroud,,,"134,581",405,0,405,"134,366",0,134581,0.30%,99.84%,0.00%,0.00%,0.30%
20260126,19,冠妍動力科技有限公司,484,小老婆汽機車資訊網,22058,MW_文中創意320x480_小老婆汽機車資訊網-測試,,知名媒體,,12,2,0,2,9,0,12,16.67%,75.00%,0.00%,0.00%,16.67%
20260126,19,朱光宁,3718,稷下書院2,22093,CF_336 x 280 banner_稷下書院2_cpc1.67,antifroud,,,"108,966",297,0,297,"108,878",0,108966,0.27%,99.92%,0.00%,0.00%,0.27%
20260126,19,富盈數據股份有限公司,3680,TVBS-新聞網_HB,22131,CF_文中300x250_TVBS-新聞網_HB_1,,知名媒體,,6,0,0,0,6,0,6,0.00%,100.00%,0.00%,0.00%,0.00%
20260126,19,富盈數據股份有限公司,3680,TVBS-新聞網_HB,22132,CF_文中300x250_TVBS-新聞網_HB_2,,知名媒體,,170,4,0,4,168,0,170,2.35%,98.82%,0.00%,0.00%,2.35%
20260126,19,富盈數據股份有限公司,3680,TVBS-新聞網_HB,22133,CF_文中300x250_TVBS-新聞網_HB_3,,知名媒體,,582,4,0,4,578,0,582,0.69%,99.31%,0.00%,0.00%,0.69%
20260126,19,富盈數據股份有限公司,3730,Teepr 亮新聞 HB,22145,MW_336x280_文中創意_Teepr亮新聞 HB,,,,6,0,0,0,5,0,6,0.00%,83.33%,0.00%,0.00%,0.00%
20260126,19,闇碼科技股份有限公司,3048,縮短網址產生器-reurl,22213,MW_蓋版_縮短網址產生器-reurl-2025.05(特殊供量),,知名媒體,,334,8,0,8,282,0,334,2.40%,84.43%,0.00%,0.00%,2.40%
20260126,19,艾得基客行銷顧問股份有限公司,3724,上報,22217,MW_置底創意(非展開)_上報,,知名媒體,,"1,224",135,0,135,922,0,1224,11.03%,75.33%,0.00%,0.00%,11.03%
20260126,19,艾得基客行銷顧問股份有限公司,3724,上報,22218,MW_置底(展開)_上報,,知名媒體,,863,90,0,90,660,0,863,10.43%,76.48%,0.00%,0.00%,10.43%
20260126,19,艾得基客行銷顧問股份有限公司,2689,Basketball Top5,22219,MW_置底(展開)_Basketball TOP5,,,,80,4,0,4,48,0,80,5.00%,60.00%,0.00%,0.00%,5.00%
20260126,19,欣發現股份有限公司,3363,大人物-mobile,22222,MW_蓋板_大人物,,知名媒體,,12,0,0,0,11,0,12,0.00%,91.67%,0.00%,0.00%,0.00%
20260126,19,朱光宁,3741,石頭小說3,22396,MW_置底_石頭小說3,,,,20,4,0,4,16,0,20,20.00%,80.00%,0.00%,0.00%,20.00%
20260126,19,朱光宁,3741,石頭小說3,22398,CF_336 x 280 banner_石頭小說3_cpc1.67,,,,"11,905",167,0,167,"11,876",0,11905,1.40%,99.76%,0.00%,0.00%,1.40%
20260126,19,朱光宁,3741,石頭小說3,22399,CF_320 x 480 橫幅_石頭小說3,,,,6,0,0,0,5,0,6,0.00%,83.33%,0.00%,0.00%,0.00%
20260126,19,闇碼科技股份有限公司,3068,限時圖片-imgus,22406,MW_置底_imgus,antifroud,,,60,0,0,0,41,0,60,0.00%,68.33%,0.00%,0.00%,0.00%
20260126,19,第一網站股份有限公司,2783,漫畫櫃manhuagui,22443,MW_置底_manhuagui,antifroud,,,"2,536",644,0,644,"1,928",0,2536,25.39%,76.03%,0.00%,0.00%,25.39%
20260126,19,艾得基客行銷顧問股份有限公司,3490,太報,22495,MW_300x250 BANNER_太報_CPM5,,知名媒體,子聯播網,36,0,0,0,29,0,36,0.00%,80.56%,0.00%,0.00%,0.00%
20260126,19,艾得基客行銷顧問股份有限公司,2689,Basketball Top5,22498,MW_300x250 Banner_Basketball TOP5_CPM5,,,子聯播網,110,2,0,2,67,0,110,1.82%,60.91%,0.00%,0.00%,1.82%
20260126,19,艾得基客行銷顧問股份有限公司,2578,鉅亨網,22507,MW_300x250_鉅亨網_直播用BN-1,,知名媒體,子聯播網,"4,835",297,0,297,"3,922",0,4835,6.14%,81.12%,0.00%,0.00%,6.14%
20260126,19,艾得基客行銷顧問股份有限公司,3752,ＭoneyDJ,22514,MW_文中創意320x480_MoneyDJ,antifroud,知名媒體,,72,8,0,8,56,0,72,11.11%,77.78%,0.00%,0.00%,11.11%
20260126,19,李承翰-webptt,718,Web批踢踢(RWD),2284,MW-蓋板_文中_Web批踢踢,antifroud,,,24,0,0,0,24,0,24,0.00%,100.00%,0.00%,0.00%,0.00%
20260126,19,麥智維,999,動漫戲說,3543,CF-728*90-內文上方-動漫戲說,antifroud,,,64,0,0,0,64,0,64,0.00%,100.00%,0.00%,0.00%,0.00%
20260126,19,技達創意資訊有限公司,1299,泰好網,4734,MW-320*100-首頁、內文上方-泰好網,,,,24,6,0,6,24,0,24,25.00%,100.00%,0.00%,0.00%,25.00%
20260126,19,陈晋福,1367,電視超人,4997,CF-300X250-電視超人,,,,62,0,0,0,62,0,62,0.00%,100.00%,0.00%,0.00%,0.00%
20260126,19,麥智維,999,動漫戲說,6069,CF-300*250-首頁-動漫戲說,,,,26,10,0,10,21,0,26,38.46%,80.77%,0.00%,0.00%,38.46%
20260126,19,全曜財經資訊股份有限公司,1902,Cmoney-Mobile,7293,MW_置底創意(非展開)_Cmoney,antifroud,知名媒體,,46,0,0,0,25,0,46,0.00%,54.35%,0.00%,0.00%,0.00%
20260126,19,精鏡傳媒股份有限公司,1060,鏡週刊,8250,MW_置底創意(非展開)_鏡週刊,,知名媒體,,12,0,0,0,11,0,12,0.00%,91.67%,0.00%,0.00%,0.00%
20260126,19,巧克科技新媒體股份有限公司,2127,LINE TV_Banner-exchange,8576,CF_336x280_戲劇-右側好康資訊下方_LINE TV-exchange,,知名媒體,,55,0,0,0,54,0,55,0.00%,98.18%,0.00%,0.00%,0.00%
20260126,19,巧克科技新媒體股份有限公司,2127,LINE TV_Banner-exchange,8577,CF_336x280_戲劇-右側好康資訊上方_LINE TV-exchange,,知名媒體,,88,4,0,4,85,0,88,4.55%,96.59%,0.00%,0.00%,4.55%
20260126,19,見聞科技有限公司,2251,就是節目表,9233,MW-300x250-節目表文中-就是節目表,,,,6,0,0,0,5,0,6,0.00%,83.33%,0.00%,0.00%,0.00%
20260126,19,高政德,1015,小鎮資訊,9426,(子)CF_300x250_全網指定時段_小鎮資訊,,,子聯播網,6,0,0,0,6,0,6,0.00%,100.00%,0.00%,0.00%,0.00%
20260126,19,蔡瑞文,300,樂透彩幸運發財網,9470,MW-置底-樂透幸運發財網,antifroud,知名媒體,,50,16,0,16,39,0,50,32.00%,78.00%,0.00%,0.00%,32.00%
20260126,19,高政德,1015,小鎮資訊,9597,(子)CF_300x600_全網指定時段_小鎮資訊,,,子聯播網,15,0,0,0,15,0,15,0.00%,100.00%,0.00%,0.00%,0.00%
20260126,20,英屬維京群島商浩美數位有限公司台灣分公司,2315,Teepr亮新聞-exchange,10012,CF_336x280Banner_Teepr亮新聞-exchange,,知名媒體,,905,6,0,6,657,0,905,0.66%,72.60%,0.00%,0.00%,0.66%
20260126,20,第一網站股份有限公司,2300,keketravel,10594,(子)CF_336x280_keketravel,,,子聯播網,75,0,0,0,75,0,75,0.00%,100.00%,0.00%,0.00%,0.00%
20260126,20,昱得資訊工作室,2528,數位書香,11080,CF_728x90_首頁上方_數位書香,antifroud,,,32,0,0,0,32,0,32,0.00%,100.00%,0.00%,0.00%,0.00%
20260126,20,昱得資訊工作室,2528,數位書香,11081,CF_160x600_首頁右側_數位書香,antifroud,,,710,0,0,0,710,0,710,0.00%,100.00%,0.00%,0.00%,0.00%
20260126,20,第一網站股份有限公司,2518,麻辣家族討論區(twbts),11082,CF-728X90-twbts,antifroud,,,150,0,0,0,150,0,150,0.00%,100.00%,0.00%,0.00%,0.00%
20260126,20,第一網站股份有限公司,2492,ttshow,11273,MW-300X250-ttshow,,知名媒體,,18,6,0,6,15,0,18,33.33%,83.33%,0.00%,0.00%,33.33%
20260126,20,第一網站股份有限公司,2601,Meme梗圖倉庫,11443,CF-336X280-meme,,,,209,29,0,29,185,0,209,13.88%,88.52%,0.00%,0.00%,13.88%
20260126,20,第一網站股份有限公司,2540,risu短網址,12496,CF_300x250_popup(直播) _risu短網址,antifroud,知名媒體,,42,0,0,0,42,0,42,0.00%,100.00%,0.00%,0.00%,0.00%
20260126,20,時報資訊股份有限公司,2770,中時電子報_HB,12559,CF_300x250_右側互動看版_中時電子報_HB,,知名媒體,,95,12,0,12,84,0,95,12.63%,88.42%,0.00%,0.00%,12.63%
20260126,20,時報資訊股份有限公司,2770,中時電子報_HB,12560,CF_336x280_文中看板_中時電子報_HB,,知名媒體,,85,8,0,8,76,0,85,9.41%,89.41%,0.00%,0.00%,9.41%
20260126,20,時報資訊股份有限公司,2770,中時電子報_HB,12561,MW_300x250_內頁TOP Banner_中時電子報_HB,antifroud,知名媒體,,625,57,0,57,523,0,625,9.12%,83.68%,0.00%,0.00%,9.12%
20260126,20,第一網站股份有限公司,2768,czbooks,12570,CF_728x90_banner_czbooks,,,,"58,637","2,284",0,"2,284","57,661",0,58637,3.90%,98.34%,0.00%,0.00%,3.90%
20260126,20,鳳梨傳媒股份有限公司,2190,民視新聞網-Exchange,12579,CF_300x250_右側第一塊_民視新聞網-Exchange(RWD)(MCM),,知名媒體,,"5,289",234,0,234,"4,079",0,5289,4.42%,77.12%,0.00%,0.00%,4.42%
20260126,20,鳳梨傳媒股份有限公司,2190,民視新聞網-Exchange,12580,CF_300x250_內文文中左側_民視新聞網-Exchange(RWD)(MCM),,知名媒體,,"4,989",223,0,223,"3,870",0,4989,4.47%,77.57%,0.00%,0.00%,4.47%
20260126,20,第一網站股份有限公司,2783,漫畫櫃manhuagui,12676,CF_728X90_manhuagui,antifroud,,,"63,606","8,219",0,"8,219","57,666",0,63606,12.92%,90.66%,0.00%,0.00%,12.92%
20260126,20,艾得基客行銷顧問股份有限公司,2635,工商時報,12761,MW_320x480_文中創意_工商時報new,,知名媒體,,259,21,0,21,214,0,259,8.11%,82.63%,0.00%,0.00%,8.11%
20260126,20,金隼行銷股份有限公司,2786,91譜,12792,MW_置底創意_91譜,,知名媒體,,6,0,0,0,4,0,6,0.00%,66.67%,0.00%,0.00%,0.00%
20260126,20,第一網站股份有限公司,2801,damanwoo,12868,CF-300x250_Banner_damanwoo_大人物,,,,36,0,0,0,36,0,36,0.00%,100.00%,0.00%,0.00%,0.00%
20260126,20,永悅健康股份有限公司,2813,早安樂活,12927,MW_置底創意(非展開)_早安樂活,,知名媒體,,24,2,0,2,16,0,24,8.33%,66.67%,0.00%,0.00%,8.33%
20260126,20,第一網站股份有限公司,2820,星座好朋友(horofriend88),12966,MW_320x100_horofriend88,antifroud,,,58,0,0,0,35,0,58,0.00%,60.34%,0.00%,0.00%,0.00%
20260126,20,第一網站股份有限公司,2836,vivi01,13032,MW_置底創意_vivi01 ViVi視頻,,,,6,0,0,0,5,0,6,0.00%,83.33%,0.00%,0.00%,0.00%
20260126,20,第一網站股份有限公司,2862,Manhuaren,13254,MW_320x100_banner_manhuaren,,,,6,2,0,2,5,0,6,33.33%,83.33%,0.00%,0.00%,33.33%
20260126,20,譚謹恩,2885,Mr. & Mrs. Diary-exchange,13406,MW_300x250_內文文中-Mr. & Mrs. Diary-exchange,,,,9,0,0,0,9,0,9,0.00%,100.00%,0.00%,0.00%,0.00%
20260126,20,曾憲敏,202,85小說網,13445,MW_336X280_全量1_85小說網,,,,848,221,0,221,651,0,848,26.06%,76.77%,0.00%,0.00%,26.06%
20260126,20,曾憲敏,202,85小說網,13446,MW_336X280_全量2_85小說網,,,,"6,197","1,555",0,"1,555","4,721",0,6197,25.09%,76.18%,0.00%,0.00%,25.09%
20260126,20,曾憲敏,601,85小說網_PC,13450,(子)CF_336x280_全量2_85小說網,,,子聯播網,230,0,0,0,230,0,230,0.00%,100.00%,0.00%,0.00%,0.00%
20260126,20,第一網站股份有限公司,2768,czbooks,13481,MW_300x250_banner_czbooks,antifroud,,子聯播網,"212,617","1,087",0,"1,087","212,217",0,212617,0.51%,99.81%,0.00%,0.00%,0.51%
20260126,20,第一網站股份有限公司,2768,czbooks,13482,(子)CF_300x600_banner_czbooks(限時段),,,子聯播網,"59,714",545,0,545,"59,652",0,59714,0.91%,99.90%,0.00%,0.00%,0.91%
20260126,20,第一網站股份有限公司,2768,czbooks,13483,(子)CF_970x250_banner_czbooks(限時段),,,子聯播網,"65,716",682,0,682,"65,652",0,65716,1.04%,99.90%,0.00%,0.00%,1.04%
20260126,20,第一網站股份有限公司,2910,clickme,13548,(子)CF_300x250_banner_clickme(一般),,,子聯播網,"1,243",67,0,67,"1,167",0,1243,5.39%,93.89%,0.00%,0.00%,5.39%
20260126,20,第一網站股份有限公司,2910,clickme,13549,CF_300x250_banner_clickme(一般),,,,235,28,0,28,169,0,235,11.91%,71.91%,0.00%,0.00%,11.91%
20260126,20,第一網站股份有限公司,2916,KiKiNote,13576,(子)CF_300x250_banner_kikinote,,知名媒體,子聯播網,"2,159",527,0,527,"1,736",0,2159,24.41%,80.41%,0.00%,0.00%,24.41%
20260126,20,闇碼科技股份有限公司,2992,縮短網址產生器-reurl-exchange,13848,CF_300x250_轉址失敗_最右邊_reurl,,知名媒體,,12,0,0,0,10,0,12,0.00%,83.33%,0.00%,0.00%,0.00%
20260126,20,闇碼科技股份有限公司,2992,縮短網址產生器-reurl-exchange,13856,CF_300x250_轉址失敗頁第二塊_reurl,,知名媒體,,18,0,0,0,16,0,18,0.00%,88.89%,0.00%,0.00%,0.00%
20260126,20,闇碼科技股份有限公司,2992,縮短網址產生器-reurl-exchange,13858,CF_300x250_網址下方左側_reurl,,知名媒體,,24,0,0,0,18,0,24,0.00%,75.00%,0.00%,0.00%,0.00%
20260126,20,闇碼科技股份有限公司,2992,縮短網址產生器-reurl-exchange,13860,CF_300x250_網址下方右側_reurl,,知名媒體,,32,0,0,0,29,0,32,0.00%,90.62%,0.00%,0.00%,0.00%
20260126,20,闇碼科技股份有限公司,2992,縮短網址產生器-reurl-exchange,13861,CF_300x250_網址下方右側(PB)_reurl,,知名媒體,,"2,978",0,0,0,"2,974",0,2978,0.00%,99.87%,0.00%,0.00%,0.00%
20260126,20,第一網站股份有限公司,2768,czbooks,13903,(子)CF_300x250_banner_czbooks(直播),antifroud,,子聯播網,"260,185","43,968",0,"43,968","248,665",0,260185,16.90%,95.57%,0.00%,0.00%,16.90%
20260126,20,第一網站股份有限公司,2783,漫畫櫃manhuagui,13904,(子)CF_300x250_banner_manhuagui(直播),antifroud,,子聯播網,"176,516","2,467",0,"2,467","176,507",0,176516,1.40%,99.99%,0.00%,0.00%,1.40%
20260126,20,第一網站股份有限公司,2768,czbooks,14036,MW_320x480_CZBOOKS,antifroud,,,87,20,0,20,72,0,87,22.99%,82.76%,0.00%,0.00%,22.99%
20260126,20,陳人鳳,480,飛格寵物家族_PC,1407,CF-728X90_上方通欄_飛格寵物家族,,,,18,0,0,0,17,0,18,0.00%,94.44%,0.00%,0.00%,0.00%
20260126,20,陳人鳳,480,飛格寵物家族_PC,1408,CF-300X250_內文_飛格寵物家族,,,,52,0,0,0,50,0,52,0.00%,96.15%,0.00%,0.00%,0.00%
20260126,20,飛凡傳播股份有限公司,1921,非凡新聞台-exchange,14188,MW_300x250_內文上方_非凡新聞-exchange,antifroud,知名媒體,,6,2,0,2,4,0,6,33.33%,66.67%,0.00%,0.00%,33.33%
20260126,20,飛凡傳播股份有限公司,1921,非凡新聞台-exchange,14189,CF_300x600_右側下方_非凡新聞-exchange,antifroud,知名媒體,,6,0,0,0,6,0,6,0.00%,100.00%,0.00%,0.00%,0.00%
20260126,20,闇碼科技股份有限公司,3048,縮短網址產生器-reurl,14210,MW_文中創意300x250_縮短網址產生器-reurl,,知名媒體,,"3,225",22,0,22,"3,134",0,3225,0.68%,97.18%,0.00%,0.00%,0.68%
20260126,20,巨思文化股份有限公司,3052,經理人_HB,14238,MW_文章結束第一塊_300x250_經理人-HB,,知名媒體,,12,2,0,2,9,0,12,16.67%,75.00%,0.00%,0.00%,16.67%
20260126,20,巨思文化股份有限公司,3052,經理人_HB,14241,MW_300x250_內文下方_經理人-HB,,知名媒體,,12,2,0,2,9,0,12,16.67%,75.00%,0.00%,0.00%,16.67%
20260126,20,富盈數據股份有限公司,3059,塔科女子,14258,CF_336x280_全網_塔科女子,,知名媒體,,546,30,0,30,501,0,546,5.49%,91.76%,0.00%,0.00%,5.49%
20260126,20,CBROOT LTD,3003,包子漫畫-exchange,14291,MW_300x250_蓋板(PB)_包子漫畫,,,,554,121,0,121,446,0,554,21.84%,80.51%,0.00%,0.00%,21.84%
20260126,20,朱光宁,3152,石頭小說-exchange,14472,MW_336x280_Banner_石頭小說,,,,"6,124","2,128",0,"2,128","4,862",0,6124,34.75%,79.39%,0.00%,0.00%,34.75%
20260126,20,朱光宁,3149,稷下書院-exchange,14748,MW_320x100_置底(PB)_稷下書院,,,,"33,034","11,462",0,"11,462","24,538",0,33034,34.70%,74.28%,0.00%,0.00%,34.70%
20260126,20,巨思文化股份有限公司,3053,數位時代_HB,14764,MW_置底創意_(非展開)_數位時代_HB,,知名媒體,,48,12,0,12,30,0,48,25.00%,62.50%,0.00%,0.00%,25.00%
20260126,20,中天電視股份有限公司,3282,中天新聞網-exchange,14980,CF_970x250_內頁_PC置頂橫幅-中天新聞網-exchange,,知名媒體,,272,0,0,0,246,0,272,0.00%,90.44%,0.00%,0.00%,0.00%
20260126,20,CBROOT LTD,3305,包子漫畫NEW-exchange,15145,(子)CF_970x250_指定流量Banner_包子漫畫(kukuc.co),antifroud,,子聯播網,"1,745",0,0,0,"1,745",0,1745,0.00%,100.00%,0.00%,0.00%,0.00%
20260126,20,曾憲敏,3327,85小說網_創意,15227,MW-300X250_85小說網_隨身影音PB,,,,6,4,0,4,4,0,6,66.67%,66.67%,0.00%,0.00%,66.67%
20260126,20,曾憲敏,3327,85小說網_創意,15228,MW-創意-85小說網,,,,44,12,0,12,36,0,44,27.27%,81.82%,0.00%,0.00%,27.27%
20260126,20,中天電視股份有限公司,3282,中天新聞網-exchange,15859,CF_336x280_內頁_PC右側互動看板B-中天新聞網-exchange,,知名媒體,,401,6,0,6,327,0,401,1.50%,81.55%,0.00%,0.00%,1.50%
20260126,20,CBROOT LTD,3352,西瓜卡通-exchange,15969,CF_728x90_影音內容_西瓜卡通-exchange,,,,86,0,0,0,86,0,86,0.00%,100.00%,0.00%,0.00%,0.00%
20260126,20,CBROOT LTD,3352,西瓜卡通-exchange,15970,CF_160x600_影音內容_西瓜卡通-exchange,,,,441,0,0,0,441,0,441,0.00%,100.00%,0.00%,0.00%,0.00%
20260126,20,時報資訊股份有限公司,2817,旺得富,16910,CF_300x250_Billboard_1s_旺得富,,知名媒體,,30,2,0,2,28,0,30,6.67%,93.33%,0.00%,0.00%,6.67%
20260126,20,時報資訊股份有限公司,2817,旺得富,16911,CF_300x250_Billboard_2nd_旺得富,,知名媒體,,55,0,0,0,52,0,55,0.00%,94.55%,0.00%,0.00%,0.00%
20260126,20,葉志斌,2745,繁中寶可夢卡表生成器-奶爸工作室-exchange,16950,CF_160x600_Banner_繁中寶可夢卡表生成器-奶爸工作室-exchange,,,,6,0,0,0,6,0,6,0.00%,100.00%,0.00%,0.00%,0.00%
20260126,20,葉志斌,2745,繁中寶可夢卡表生成器-奶爸工作室-exchange,16951,CF_300x600_Banner_繁中寶可夢卡表生成器-奶爸工作室-exchange,,,,213,0,0,0,213,0,213,0.00%,100.00%,0.00%,0.00%,0.00%
20260126,20,朱光宁,3360,提莫書屋-exchange,16957,MW_336x280banner_提莫書屋_exchange,,,,"21,113","5,871",0,"5,871","15,938",0,21113,27.81%,75.49%,0.00%,0.00%,27.81%
20260126,20,朱光宁,3361,提莫書屋-mobile,16959,MW_320x480_文中創意_提莫書屋-mobile,,,,118,22,0,22,93,0,118,18.64%,78.81%,0.00%,0.00%,18.64%
20260126,20,朱光宁,3149,稷下書院-exchange,17003,(子)CF_336x280_Banner(指定流量)_稷下書院-exchange,,,子聯播網,"7,749",427,0,427,"7,727",0,7749,5.51%,99.72%,0.00%,0.00%,5.51%
20260126,20,第一網站股份有限公司,2783,漫畫櫃manhuagui,17027,MW_320x480_蓋版_漫畫櫃manhuagui,,,,18,6,0,6,13,0,18,33.33%,72.22%,0.00%,0.00%,33.33%
20260126,20,朱光宁,3149,稷下書院-exchange,17095,(子)MW_336x280_Banner_稷下書院-exchange,antifroud,,,"26,845",230,0,230,"26,819",0,26845,0.86%,99.90%,0.00%,0.00%,0.86%
20260126,20,詠勝科技有限公司,3385,Mobile01_HB,17174,CF_970x250_超級橫幅_置底_Mobile01_HB,,知名媒體,,12,0,0,0,12,0,12,0.00%,100.00%,0.00%,0.00%,0.00%
20260126,20,詠勝科技有限公司,3385,Mobile01_HB,17178,CF_300x250_頻道頁_大看板_Mobile01_HB,,知名媒體,,286,0,0,0,286,0,286,0.00%,100.00%,0.00%,0.00%,0.00%
20260126,20,詠勝科技有限公司,3385,Mobile01_HB,17179,CF_300x250_熱門大看板_Mobile01_HB,,知名媒體,,"12,753",6,0,6,"12,753",0,12753,0.05%,100.00%,0.00%,0.00%,0.05%
20260126,20,詠勝科技有限公司,3385,Mobile01_HB,17183,CF_300x600_大摩天_Mobile01_HB,,知名媒體,,"6,355",2,0,2,"6,355",0,6355,0.03%,100.00%,0.00%,0.00%,0.03%
20260126,20,朱光宁,3268,稷下書院-mobile,17207,MW_320x480_蓋版_稷下書院-mobile,,,,618,185,0,185,425,0,618,29.94%,68.77%,0.00%,0.00%,29.94%
20260126,20,中華電視股份有限公司,3389,華視-mobile,17230,MW_置底創意(非展開)_華視-mobile,,知名媒體,,12,0,0,0,10,0,12,0.00%,83.33%,0.00%,0.00%,0.00%
20260126,20,李立娟,3395,vivi0視頻-exchange,17293,CF_336x280_Banner_vivi01視頻-exchange,antifroud,,,"34,991",119,0,119,"25,312",0,34991,0.34%,72.34%,0.00%,0.00%,0.34%
20260126,20,李立娟,3395,vivi0視頻-exchange,17294,MW_336x280_Banner_vivi01視頻-exchange,antifroud,,,"25,842",97,0,97,"18,910",0,25842,0.38%,73.18%,0.00%,0.00%,0.38%
20260126,20,李立娟,3397,趣聞圖說-exchange,17297,(子)MW_336x280_Banner_趣聞圖說-exchange,antifroud,,,"112,472",443,0,443,"92,177",0,112472,0.39%,81.96%,0.00%,0.00%,0.39%
20260126,20,李立娟,3395,vivi0視頻-exchange,17299,MW_300x250_蓋板(PB)-vivi01視頻-exchange,,,,52,0,0,0,47,0,52,0.00%,90.38%,0.00%,0.00%,0.00%
20260126,20,李立娟,3395,vivi0視頻-exchange,17300,MW_320x100_置底(PB)_vivi01視頻-exchange,antifroud,,,"1,059",6,0,6,800,0,1059,0.57%,75.54%,0.00%,0.00%,0.57%
20260126,20,李立娟,3397,趣聞圖說-exchange,17309,MW_336x280_文中Banner_趣聞圖說-exchange,,,,6,0,0,0,6,0,6,0.00%,100.00%,0.00%,0.00%,0.00%
20260126,20,曾憲敏,601,85小說網_PC,1773,CF-300x250_85小說網_內文1,,,,274,72,0,72,240,0,274,26.28%,87.59%,0.00%,0.00%,26.28%
20260126,20,第一網站股份有限公司,2768,czbooks,17927,MW_置底創意_czbook,,,,"3,754","1,190",0,"1,190","2,706",0,3754,31.70%,72.08%,0.00%,0.00%,31.70%
20260126,20,第一網站股份有限公司,3420,ftvnews,17970,MW_300x250_內文_ftvnews,,知名媒體,,18,0,0,0,17,0,18,0.00%,94.44%,0.00%,0.00%,0.00%
20260126,20,時報資訊股份有限公司_工商時報,3427,工商時報-exchange,18003,CF_300x250_互動看板2_工商時報-exchange,,知名媒體,,18,0,0,0,18,0,18,0.00%,100.00%,0.00%,0.00%,0.00%
20260126,20,時報資訊股份有限公司_工商時報,3427,工商時報-exchange,18014,MW_300x250_文末Banner1_工商時報-exchange,,知名媒體,,95,10,0,10,74,0,95,10.53%,77.89%,0.00%,0.00%,10.53%
20260126,20,時報資訊股份有限公司_工商時報,3427,工商時報-exchange,18015,MW_300x250_文末Banner2_工商時報-exchange,,知名媒體,,120,18,0,18,99,0,120,15.00%,82.50%,0.00%,0.00%,15.00%
20260126,20,第一網站股份有限公司,3440,fsa_passback_first,18202,CF_300x250_fsa_passback_first,,,,267,100,0,100,204,0,267,37.45%,76.40%,0.00%,0.00%,37.45%
20260126,20,第一網站股份有限公司,3440,fsa_passback_first,18266,(子)CF_970x250_cfbanner_blog,,,子聯播網,639,0,0,0,639,0,639,0.00%,100.00%,0.00%,0.00%,0.00%
20260126,20,莊博凱,3455,夢遊電玩,18269,300x250 Banner,,,,18,0,0,0,18,0,18,0.00%,100.00%,0.00%,0.00%,0.00%
20260126,20,朱光宁,3268,稷下書院-mobile,18297,MW_置底創意(展開)_稷下書院-mobile,,,,228,68,0,68,168,0,228,29.82%,73.68%,0.00%,0.00%,29.82%
20260126,20,冰楓科技有限公司,3485,冰楓論壇-exchange,18487,CF_970x90_內文上方第一塊_冰楓論壇-exchange,,,,"1,383",78,0,78,"1,347",0,1383,5.64%,97.40%,0.00%,0.00%,5.64%
20260126,20,冰楓科技有限公司,3485,冰楓論壇-exchange,18488,MW_320x100_內文上方第一塊_ 冰楓論壇-exchange,antifroud,,,12,0,0,0,12,0,12,0.00%,100.00%,0.00%,0.00%,0.00%
20260126,20,冰楓科技有限公司,3485,冰楓論壇-exchange,18492,MW_300x250_Banner_ 冰楓論壇-exchange,,,,549,18,0,18,539,0,549,3.28%,98.18%,0.00%,0.00%,3.28%
20260126,20,CBROOT LTD,3492,包子漫畫(特開流量)-exchange,18544,(子)CF_300x600_指定流量_包子漫畫(特開流量)-exchange,,,子聯播網,"27,544",617,0,617,"27,544",0,27544,2.24%,100.00%,0.00%,0.00%,2.24%
20260126,20,CBROOT LTD,3492,包子漫畫(特開流量)-exchange,18545,(子)CF_970x250_指定時段_包子漫畫(特開流量)-exchange,,,子聯播網,"195,515","5,356",0,"5,356","195,515",0,195515,2.74%,100.00%,0.00%,0.00%,2.74%
20260126,20,CBROOT LTD,3492,包子漫畫(特開流量)-exchange,18546,(子)CF_300x250_指定時段_包子漫畫(特開流量)-exchange,,,子聯播網,"450,247","8,422",0,"8,422","450,247",0,450247,1.87%,100.00%,0.00%,0.00%,1.87%
20260126,20,CBROOT LTD,3510,包子漫畫_twmanga-exchange,18732,MW_336x280_Banner_包子漫畫_twmanga,,,子聯播網,"93,229","1,685",0,"1,685","91,933",0,93229,1.81%,98.61%,0.00%,0.00%,1.81%
20260126,20,CBROOT LTD,3510,包子漫畫_twmanga-exchange,18735,CF_336x280_Banner_包子漫畫_twmanga-exchange,,,,230,0,0,0,230,0,230,0.00%,100.00%,0.00%,0.00%,0.00%
20260126,20,CBROOT LTD,3510,包子漫畫_twmanga-exchange,18736,CF_970x250_ 包子漫畫_twmanga-exchange,,,,"2,293",80,0,80,"2,293",0,2293,3.49%,100.00%,0.00%,0.00%,3.49%
20260126,20,第一網站股份有限公司,3516,ezneering,18756,(子)CF_300x250_Banner_ezneering,,,子聯播網,6,0,0,0,6,0,6,0.00%,100.00%,0.00%,0.00%,0.00%
20260126,20,台灣英文新聞股份有限公司,3537,台灣英文新聞(new)-exchange,18924,CF_300x250_內容頁_右側看版_1_台灣英文新聞(new)-exchange,,知名媒體,,158,18,0,18,134,0,158,11.39%,84.81%,0.00%,0.00%,11.39%
20260126,20,台灣英文新聞股份有限公司,3537,台灣英文新聞(new)-exchange,18925,CF_300x600_內容頁_右側看版_2_台灣英文新聞(new)-exchange,,知名媒體,,82,2,0,2,82,0,82,2.44%,100.00%,0.00%,0.00%,2.44%
20260126,20,艾得基客行銷顧問股份有限公司,3373,良醫健康網,19009,MW_蓋板_良醫健康網,,知名媒體,,6,0,0,0,6,0,6,0.00%,100.00%,0.00%,0.00%,0.00%
20260126,20,艾得基客行銷顧問股份有限公司,3373,良醫健康網,19010,MW_300x250_文中_良醫健康網,,知名媒體,,6,0,0,0,6,0,6,0.00%,100.00%,0.00%,0.00%,0.00%
20260126,20,聯合線上股份有限公司,3549,UDN元氣網,19018,CF_首頁文章推薦第三格300x250_UDN元氣網,,知名媒體,,6,2,0,2,5,0,6,33.33%,83.33%,0.00%,0.00%,33.33%
20260126,20,艾得基客行銷顧問股份有限公司,3552,玩具人,19044,MW_320x480_文中創意_玩具人,,知名媒體,,145,21,0,21,104,0,145,14.48%,71.72%,0.00%,0.00%,14.48%
20260126,20,先驅媒體社會企業股份有限公司,3554,新頭殼(R18),19047,(子)CF_300x250Banner_newtalk.tw_content_300250_1_新頭殼(R18),,知名媒體,子聯播網,12,0,0,0,12,0,12,0.00%,100.00%,0.00%,0.00%,0.00%
20260126,20,第一網站股份有限公司,2783,漫畫櫃manhuagui,20685,MW_300X250_manhuagui,antifroud,,,"3,238",905,0,905,"2,467",0,3238,27.95%,76.19%,0.00%,0.00%,27.95%
20260126,20,德榕企業有限公司,3578,TW Bodhi_mobile,20707,MW_置底創意_TW Bodhi,,,,42,14,0,14,31,0,42,33.33%,73.81%,0.00%,0.00%,33.33%
20260126,20,德榕企業有限公司,3578,TW Bodhi_mobile,20708,MW_蓋板_TW Bodhi,,,,736,227,0,227,524,0,736,30.84%,71.20%,0.00%,0.00%,30.84%
20260126,20,德榕企業有限公司,3581,忘憂書屋,20727,CF_336x280文章頁(RWD)_忘憂書屋,,,,130,8,0,8,120,0,130,6.15%,92.31%,0.00%,0.00%,6.15%
20260126,20,德榕企業有限公司,3582,忘憂書屋_mobile,20728,MW_文中創意300x250_忘憂書屋,,,,7,0,0,0,6,0,7,0.00%,85.71%,0.00%,0.00%,0.00%
20260126,20,德榕企業有限公司,3582,忘憂書屋_mobile,20729,MW_蓋板_忘憂書屋,,,,6,0,0,0,3,0,6,0.00%,50.00%,0.00%,0.00%,0.00%
20260126,20,德榕企業有限公司,3582,忘憂書屋_mobile,20730,MW_置底創意_忘憂書屋,,,,54,14,0,14,37,0,54,25.93%,68.52%,0.00%,0.00%,25.93%
20260126,20,第一網站股份有限公司,2910,clickme,20735,(子)CF_300x250_banner_clickme(成人),,,子聯播網,"13,424",986,0,986,"12,636",0,13424,7.35%,94.13%,0.00%,0.00%,7.35%
20260126,20,朱光宁,3269,石頭小說-mobile,21741,MW_320x480_蓋版_石頭小說-mobile,antifroud,,,6,4,0,4,4,0,6,66.67%,66.67%,0.00%,0.00%,66.67%
20260126,20,富盈數據股份有限公司,3653,TVBS-女人我最大_HB,21760,MW_文章三_336x280_TVBS-女人我最大_HB,,知名媒體,,158,18,0,18,99,0,158,11.39%,62.66%,0.00%,0.00%,11.39%
20260126,20,富盈數據股份有限公司,3653,TVBS-女人我最大_HB,21761,MW_文章四_336x280_TVBS-女人我最大_HB,,知名媒體,,946,141,0,141,655,0,946,14.90%,69.24%,0.00%,0.00%,14.90%
20260126,20,富盈數據股份有限公司,3653,TVBS-女人我最大_HB,21763,MW_文中創意320x480_TVBS-女人我最大_HB,,知名媒體,,"1,152",122,0,122,737,0,1152,10.59%,63.98%,0.00%,0.00%,10.59%
20260126,20,富盈數據股份有限公司,3654,TVBS-健康2.0_HB,21768,MW_文中創意320x480_TVBS-健康2.0_HB,,知名媒體,,"1,551",197,0,197,"1,164",0,1551,12.70%,75.05%,0.00%,0.00%,12.70%
20260126,20,富盈數據股份有限公司,3655,TVBS-食尚玩家_HB,21770,MW_文章三_336x280_TVBS-食尚玩家_HB,,知名媒體,,682,68,0,68,530,0,682,9.97%,77.71%,0.00%,0.00%,9.97%
20260126,20,富盈數據股份有限公司,3655,TVBS-食尚玩家_HB,21771,MW_文章四_336x280_TVBS-食尚玩家_HB,,知名媒體,,6,0,0,0,6,0,6,0.00%,100.00%,0.00%,0.00%,0.00%
20260126,20,富盈數據股份有限公司,3655,TVBS-食尚玩家_HB,21772,MW_文章置底_320x100_TVBS-食尚玩家_HB,,知名媒體,,24,0,0,0,14,0,24,0.00%,58.33%,0.00%,0.00%,0.00%
20260126,20,富盈數據股份有限公司,3655,TVBS-食尚玩家_HB,21773,MW_文中創意320x480_TVBS-食尚玩家_HB,,知名媒體,,902,130,0,130,617,0,902,14.41%,68.40%,0.00%,0.00%,14.41%
20260126,20,富盈數據股份有限公司,3653,TVBS-女人我最大_HB,21803,MW_文章一_336x280_TVBS-女人我最大_HB,,知名媒體,,12,0,0,0,7,0,12,0.00%,58.33%,0.00%,0.00%,0.00%
20260126,20,先驅媒體社會企業股份有限公司,3554,新頭殼(R18),21831,(子)CF_300x250Banner_newtalk.tw_all_300250_2_新頭殼(R18),,知名媒體,子聯播網,6,0,0,0,6,0,6,0.00%,100.00%,0.00%,0.00%,0.00%
20260126,20,先驅媒體社會企業股份有限公司,3554,新頭殼(R18),21839,ＭＷ_336x280Banner_newtalk.tw_mobile_all_336280_2_新頭殼(R18),antifroud,知名媒體,,164,6,0,6,158,0,164,3.66%,96.34%,0.00%,0.00%,3.66%
20260126,20,儂儂雜誌社股份有限公司(bella儂儂),2135,Bella儂儂_2024,21876,MW-300x250_文章標題上方1_Bella儂儂,,知名媒體,,"1,006",104,0,104,775,0,1006,10.34%,77.04%,0.00%,0.00%,10.34%
20260126,20,富盈數據股份有限公司,3680,TVBS-新聞網_HB,21898,CF_文章右側300x600_TVBS-新聞網_HB,,知名媒體,,64,0,0,0,64,0,64,0.00%,100.00%,0.00%,0.00%,0.00%
20260126,20,富盈數據股份有限公司,3680,TVBS-新聞網_HB,21899,MW_文章一_336x280_TVBS-新聞網_HB,,知名媒體,,"2,729",56,0,56,"1,863",0,2729,2.05%,68.27%,0.00%,0.00%,2.05%
20260126,20,富盈數據股份有限公司,3680,TVBS-新聞網_HB,21900,MW_文章三_336x280_TVBS-新聞網_HB,,知名媒體,,153,8,0,8,99,0,153,5.23%,64.71%,0.00%,0.00%,5.23%
20260126,20,富盈數據股份有限公司,3680,TVBS-新聞網_HB,21902,MW_文章置底_320x100_TVBS-新聞網_HB,,知名媒體,,"2,035",54,0,54,"1,364",0,2035,2.65%,67.03%,0.00%,0.00%,2.65%
20260126,20,富盈數據股份有限公司,3684,稅美人_mobile,21923,MW_置底創意(非展開)_稅美人-mobile,,,,"3,532","1,057",0,"1,057","2,584",0,3532,29.93%,73.16%,0.00%,0.00%,29.93%
20260126,20,富盈數據股份有限公司,3685,玩桌遊_mobile,21924,MW_置底創意(非展開)_玩桌遊-mobile,,,,543,177,0,177,375,0,543,32.60%,69.06%,0.00%,0.00%,32.60%
20260126,20,富盈數據股份有限公司,2615,熱血台中,21986,CF_336x280_全網_熱血台中,,,,146,2,0,2,130,0,146,1.37%,89.04%,0.00%,0.00%,1.37%
20260126,20,富盈數據股份有限公司,2615,熱血台中,21987,CF_336x280_全網_熱血台中,,,,116,4,0,4,92,0,116,3.45%,79.31%,0.00%,0.00%,3.45%
20260126,20,富盈數據股份有限公司,3703,繁體小說,22022,MW_置底創意(非展開)_繁體小說-mobile,,,,6,0,0,0,6,0,6,0.00%,100.00%,0.00%,0.00%,0.00%
20260126,20,富盈數據股份有限公司,3704,天天要聞,22030,CF_300 x 250 banner_天天要聞_cpc2,,,,"4,871",281,0,281,"4,681",0,4871,5.77%,96.10%,0.00%,0.00%,5.77%
20260126,20,富盈數據股份有限公司,3703,繁體小說,22031,CF_300 x 250 banner_繁體小說_cpc2,,,,248,2,0,2,246,0,248,0.81%,99.19%,0.00%,0.00%,0.81%
20260126,20,朱光宁,3708,石頭小說,22045,CF_336 x 280 banner_石頭小說_cpc1.67,antifroud,,,"299,664",985,0,985,"299,223",0,299664,0.33%,99.85%,0.00%,0.00%,0.33%
20260126,20,朱光宁,3718,稷下書院2,22093,CF_336 x 280 banner_稷下書院2_cpc1.67,antifroud,,,"231,508",588,0,588,"231,309",0,231508,0.25%,99.91%,0.00%,0.00%,0.25%
20260126,20,艾得基客行銷顧問股份有限公司,3719,遠見雜誌,22105,MW_蓋板_遠見_遠見雜誌,,知名媒體,,6,0,0,0,4,0,6,0.00%,66.67%,0.00%,0.00%,0.00%
20260126,20,富盈數據股份有限公司,3680,TVBS-新聞網_HB,22131,CF_文中300x250_TVBS-新聞網_HB_1,,知名媒體,,56,0,0,0,56,0,56,0.00%,100.00%,0.00%,0.00%,0.00%
20260126,20,富盈數據股份有限公司,3680,TVBS-新聞網_HB,22132,CF_文中300x250_TVBS-新聞網_HB_2,,知名媒體,,438,0,0,0,437,0,438,0.00%,99.77%,0.00%,0.00%,0.00%
20260126,20,富盈數據股份有限公司,3680,TVBS-新聞網_HB,22133,CF_文中300x250_TVBS-新聞網_HB_3,,知名媒體,,"1,114",2,0,2,"1,113",0,1114,0.18%,99.91%,0.00%,0.00%,0.18%
20260126,20,富盈數據股份有限公司,3730,Teepr 亮新聞 HB,22145,MW_336x280_文中創意_Teepr亮新聞 HB,,,,6,0,0,0,4,0,6,0.00%,66.67%,0.00%,0.00%,0.00%
20260126,20,闇碼科技股份有限公司,3048,縮短網址產生器-reurl,22213,MW_蓋版_縮短網址產生器-reurl-2025.05(特殊供量),,知名媒體,,"3,160",14,0,14,"3,087",0,3160,0.44%,97.69%,0.00%,0.00%,0.44%
20260126,20,艾得基客行銷顧問股份有限公司,3724,上報,22217,MW_置底創意(非展開)_上報,,知名媒體,,806,100,0,100,606,0,806,12.41%,75.19%,0.00%,0.00%,12.41%
20260126,20,艾得基客行銷顧問股份有限公司,3724,上報,22218,MW_置底(展開)_上報,,知名媒體,,564,56,0,56,435,0,564,9.93%,77.13%,0.00%,0.00%,9.93%
20260126,20,艾得基客行銷顧問股份有限公司,2689,Basketball Top5,22219,MW_置底(展開)_Basketball TOP5,,,,72,2,0,2,50,0,72,2.78%,69.44%,0.00%,0.00%,2.78%
20260126,20,朱光宁,3741,石頭小說3,22398,CF_336 x 280 banner_石頭小說3_cpc1.67,,,,"24,954",345,0,345,"24,811",0,24954,1.38%,99.43%,0.00%,0.00%,1.38%
20260126,20,艾得基客行銷顧問股份有限公司,3724,上報,22405,MW_蓋版_上報,,知名媒體,,34,2,0,2,27,0,34,5.88%,79.41%,0.00%,0.00%,5.88%
20260126,20,闇碼科技股份有限公司,3068,限時圖片-imgus,22406,MW_置底_imgus,antifroud,,,801,4,0,4,532,0,801,0.50%,66.42%,0.00%,0.00%,0.50%
20260126,20,第一網站股份有限公司,2783,漫畫櫃manhuagui,22443,MW_置底_manhuagui,antifroud,,,"2,155",604,0,604,"1,603",0,2155,28.03%,74.39%,0.00%,0.00%,28.03%
20260126,20,艾得基客行銷顧問股份有限公司,2689,Basketball Top5,22498,MW_300x250 Banner_Basketball TOP5_CPM5,,,子聯播網,278,2,0,2,188,0,278,0.72%,67.63%,0.00%,0.00%,0.72%
20260126,20,艾得基客行銷顧問股份有限公司,2578,鉅亨網,22507,MW_300x250_鉅亨網_直播用BN-1,,知名媒體,子聯播網,"5,015",254,0,254,"4,102",0,5015,5.06%,81.79%,0.00%,0.00%,5.06%
20260126,20,艾得基客行銷顧問股份有限公司,3724,上報,22512,MW_300x250_上報_直播用BN-3,,知名媒體,子聯播網,6,0,0,0,6,0,6,0.00%,100.00%,0.00%,0.00%,0.00%
20260126,20,艾得基客行銷顧問股份有限公司,3752,ＭoneyDJ,22514,MW_文中創意320x480_MoneyDJ,antifroud,知名媒體,,84,14,0,14,65,0,84,16.67%,77.38%,0.00%,0.00%,16.67%
20260126,20,李承翰-webptt,718,Web批踢踢(RWD),2284,MW-蓋板_文中_Web批踢踢,antifroud,,,12,0,0,0,12,0,12,0.00%,100.00%,0.00%,0.00%,0.00%
20260126,20,麥智維,999,動漫戲說,3543,CF-728*90-內文上方-動漫戲說,antifroud,,,68,0,0,0,68,0,68,0.00%,100.00%,0.00%,0.00%,0.00%
20260126,20,麥智維,999,動漫戲說,3544,CF-728*90-列表上方-動漫戲說,,,,6,0,0,0,6,0,6,0.00%,100.00%,0.00%,0.00%,0.00%
20260126,20,陈晋福,1367,電視超人,4997,CF-300X250-電視超人,,,,48,0,0,0,48,0,48,0.00%,100.00%,0.00%,0.00%,0.00%
20260126,20,麥智維,999,動漫戲說,6069,CF-300*250-首頁-動漫戲說,,,,122,14,0,14,109,0,122,11.48%,89.34%,0.00%,0.00%,11.48%
20260126,20,精鏡傳媒股份有限公司,1060,鏡週刊,8250,MW_置底創意(非展開)_鏡週刊,,知名媒體,,30,0,0,0,29,0,30,0.00%,96.67%,0.00%,0.00%,0.00%
20260126,20,布林遊國際有限公司,1692,Bring You,8393,CF-300X250-上方通欄右側_BringYou,,知名媒體,,8,0,0,0,8,0,8,0.00%,100.00%,0.00%,0.00%,0.00%
20260126,20,巧克科技新媒體股份有限公司,2127,LINE TV_Banner-exchange,8576,CF_336x280_戲劇-右側好康資訊下方_LINE TV-exchange,,知名媒體,,44,4,0,4,41,0,44,9.09%,93.18%,0.00%,0.00%,9.09%
20260126,20,巧克科技新媒體股份有限公司,2127,LINE TV_Banner-exchange,8577,CF_336x280_戲劇-右側好康資訊上方_LINE TV-exchange,,知名媒體,,36,0,0,0,35,0,36,0.00%,97.22%,0.00%,0.00%,0.00%
20260126,20,鳳梨傳媒股份有限公司,2190,民視新聞網-Exchange,8862,CF_970X90_分類新聞內頁上方_民視新聞(MCM),,知名媒體,,6,0,0,0,6,0,6,0.00%,100.00%,0.00%,0.00%,0.00%
20260126,20,見聞科技有限公司,2251,就是節目表,9233,MW-300x250-節目表文中-就是節目表,,,,43,6,0,6,37,0,43,13.95%,86.05%,0.00%,0.00%,13.95%
20260126,20,蔡瑞文,300,樂透彩幸運發財網,9470,MW-置底-樂透幸運發財網,antifroud,知名媒體,,42,5,0,5,34,0,42,11.90%,80.95%,0.00%,0.00%,11.90%
20260126,20,巧克科技新媒體股份有限公司,2127,LINE TV_Banner-exchange,9788,CF_970x250_首頁-戲劇列表第一塊_LINE TV-exchange,,知名媒體,,6,0,0,0,6,0,6,0.00%,100.00%,0.00%,0.00%,0.00%
20260126,21,英屬維京群島商浩美數位有限公司台灣分公司,2315,Teepr亮新聞-exchange,10012,CF_336x280Banner_Teepr亮新聞-exchange,,知名媒體,,"1,028",19,0,19,739,0,1028,1.85%,71.89%,0.00%,0.00%,1.85%
20260126,21,第一網站股份有限公司,2300,keketravel,10594,(子)CF_336x280_keketravel,,,子聯播網,66,0,0,0,66,0,66,0.00%,100.00%,0.00%,0.00%,0.00%
20260126,21,昱得資訊工作室,2528,數位書香,11080,CF_728x90_首頁上方_數位書香,antifroud,,,60,0,0,0,60,0,60,0.00%,100.00%,0.00%,0.00%,0.00%
20260126,21,昱得資訊工作室,2528,數位書香,11081,CF_160x600_首頁右側_數位書香,antifroud,,,834,0,0,0,834,0,834,0.00%,100.00%,0.00%,0.00%,0.00%
20260126,21,第一網站股份有限公司,2518,麻辣家族討論區(twbts),11082,CF-728X90-twbts,antifroud,,,175,0,0,0,175,0,175,0.00%,100.00%,0.00%,0.00%,0.00%
20260126,21,第一網站股份有限公司,2540,risu短網址,11260,MW-300X250-MB_page_left-risu,,知名媒體,,6,6,0,6,3,0,6,100.00%,50.00%,0.00%,0.00%,100.00%
20260126,21,第一網站股份有限公司,2492,ttshow,11273,MW-300X250-ttshow,,知名媒體,,12,0,0,0,12,0,12,0.00%,100.00%,0.00%,0.00%,0.00%
20260126,21,第一網站股份有限公司,2601,Meme梗圖倉庫,11443,CF-336X280-meme,,,,160,61,0,61,127,0,160,38.12%,79.38%,0.00%,0.00%,38.12%
20260126,21,葉志斌,2745,繁中寶可夢卡表生成器-奶爸工作室-exchange,12210,CF_728x90__文末__繁中寶可夢卡表生成器,,,,24,0,0,0,24,0,24,0.00%,100.00%,0.00%,0.00%,0.00%
20260126,21,第一網站股份有限公司,2540,risu短網址,12496,CF_300x250_popup(直播) _risu短網址,antifroud,知名媒體,,14,0,0,0,14,0,14,0.00%,100.00%,0.00%,0.00%,0.00%
20260126,21,第一網站股份有限公司,2768,czbooks,12570,CF_728x90_banner_czbooks,,,,"66,535","2,405",0,"2,405","65,459",0,66535,3.61%,98.38%,0.00%,0.00%,3.61%
20260126,21,鳳梨傳媒股份有限公司,2190,民視新聞網-Exchange,12579,CF_300x250_右側第一塊_民視新聞網-Exchange(RWD)(MCM),,知名媒體,,"4,518",195,0,195,"3,288",0,4518,4.32%,72.78%,0.00%,0.00%,4.32%
20260126,21,鳳梨傳媒股份有限公司,2190,民視新聞網-Exchange,12580,CF_300x250_內文文中左側_民視新聞網-Exchange(RWD)(MCM),,知名媒體,,"4,152",183,0,183,"3,145",0,4152,4.41%,75.75%,0.00%,0.00%,4.41%
20260126,21,第一網站股份有限公司,2783,漫畫櫃manhuagui,12676,CF_728X90_manhuagui,antifroud,,,"82,939","11,834",0,"11,834","74,537",0,82939,14.27%,89.87%,0.00%,0.00%,14.27%
20260126,21,艾得基客行銷顧問股份有限公司,2635,工商時報,12761,MW_320x480_文中創意_工商時報new,,知名媒體,,289,28,0,28,232,0,289,9.69%,80.28%,0.00%,0.00%,9.69%
20260126,21,第一網站股份有限公司,2801,damanwoo,12868,CF-300x250_Banner_damanwoo_大人物,,,,6,0,0,0,6,0,6,0.00%,100.00%,0.00%,0.00%,0.00%
20260126,21,永悅健康股份有限公司,2813,早安樂活,12927,MW_置底創意(非展開)_早安樂活,,知名媒體,,12,0,0,0,9,0,12,0.00%,75.00%,0.00%,0.00%,0.00%
20260126,21,第一網站股份有限公司,2820,星座好朋友(horofriend88),12966,MW_320x100_horofriend88,antifroud,,,40,0,0,0,29,0,40,0.00%,72.50%,0.00%,0.00%,0.00%
20260126,21,第一網站股份有限公司,2836,vivi01,13032,MW_置底創意_vivi01 ViVi視頻,,,,12,0,0,0,9,0,12,0.00%,75.00%,0.00%,0.00%,0.00%
20260126,21,和運租車股份有限公司,2878,abc好車網,13368,CF_970x90_物件頁下方_abc好車網,,知名媒體,,6,0,0,0,3,0,6,0.00%,50.00%,0.00%,0.00%,0.00%
20260126,21,曾憲敏,202,85小說網,13445,MW_336X280_全量1_85小說網,,,,788,246,0,246,591,0,788,31.22%,75.00%,0.00%,0.00%,31.22%
20260126,21,曾憲敏,202,85小說網,13446,MW_336X280_全量2_85小說網,,,,"7,160","1,979",0,"1,979","5,439",0,7160,27.64%,75.96%,0.00%,0.00%,27.64%
20260126,21,曾憲敏,601,85小說網_PC,13450,(子)CF_336x280_全量2_85小說網,,,子聯播網,370,4,0,4,370,0,370,1.08%,100.00%,0.00%,0.00%,1.08%
20260126,21,第一網站股份有限公司,2768,czbooks,13481,MW_300x250_banner_czbooks,antifroud,,子聯播網,"230,708","1,322",0,"1,322","230,307",0,230708,0.57%,99.83%,0.00%,0.00%,0.57%
20260126,21,第一網站股份有限公司,2768,czbooks,13482,(子)CF_300x600_banner_czbooks(限時段),,,子聯播網,"67,726",538,0,538,"67,679",0,67726,0.79%,99.93%,0.00%,0.00%,0.79%
20260126,21,第一網站股份有限公司,2768,czbooks,13483,(子)CF_970x250_banner_czbooks(限時段),,,子聯播網,"75,078",594,0,594,"75,002",0,75078,0.79%,99.90%,0.00%,0.00%,0.79%
20260126,21,第一網站股份有限公司,2910,clickme,13548,(子)CF_300x250_banner_clickme(一般),,,子聯播網,"2,279",303,0,303,"2,085",0,2279,13.30%,91.49%,0.00%,0.00%,13.30%
20260126,21,第一網站股份有限公司,2910,clickme,13549,CF_300x250_banner_clickme(一般),,,,328,43,0,43,268,0,328,13.11%,81.71%,0.00%,0.00%,13.11%
20260126,21,第一網站股份有限公司,2916,KiKiNote,13576,(子)CF_300x250_banner_kikinote,,知名媒體,子聯播網,"2,273",658,0,658,"1,748",0,2273,28.95%,76.90%,0.00%,0.00%,28.95%
20260126,21,闇碼科技股份有限公司,2992,縮短網址產生器-reurl-exchange,13848,CF_300x250_轉址失敗_最右邊_reurl,,知名媒體,,6,2,0,2,4,0,6,33.33%,66.67%,0.00%,0.00%,33.33%
20260126,21,闇碼科技股份有限公司,2992,縮短網址產生器-reurl-exchange,13856,CF_300x250_轉址失敗頁第二塊_reurl,,知名媒體,,12,2,0,2,10,0,12,16.67%,83.33%,0.00%,0.00%,16.67%
20260126,21,闇碼科技股份有限公司,2992,縮短網址產生器-reurl-exchange,13858,CF_300x250_網址下方左側_reurl,,知名媒體,,12,0,0,0,12,0,12,0.00%,100.00%,0.00%,0.00%,0.00%
20260126,21,闇碼科技股份有限公司,2992,縮短網址產生器-reurl-exchange,13860,CF_300x250_網址下方右側_reurl,,知名媒體,,24,0,0,0,23,0,24,0.00%,95.83%,0.00%,0.00%,0.00%
20260126,21,闇碼科技股份有限公司,2992,縮短網址產生器-reurl-exchange,13861,CF_300x250_網址下方右側(PB)_reurl,,知名媒體,,150,0,0,0,144,0,150,0.00%,96.00%,0.00%,0.00%,0.00%
20260126,21,第一網站股份有限公司,2768,czbooks,13903,(子)CF_300x250_banner_czbooks(直播),antifroud,,子聯播網,"296,168","51,414",0,"51,414","282,596",0,296168,17.36%,95.42%,0.00%,0.00%,17.36%
20260126,21,第一網站股份有限公司,2783,漫畫櫃manhuagui,13904,(子)CF_300x250_banner_manhuagui(直播),antifroud,,子聯播網,"211,151","3,701",0,"3,701","211,083",0,211151,1.75%,99.97%,0.00%,0.00%,1.75%
20260126,21,第一網站股份有限公司,2768,czbooks,14036,MW_320x480_CZBOOKS,antifroud,,,89,16,0,16,75,0,89,17.98%,84.27%,0.00%,0.00%,17.98%
20260126,21,陳人鳳,480,飛格寵物家族_PC,1407,CF-728X90_上方通欄_飛格寵物家族,,,,6,0,0,0,6,0,6,0.00%,100.00%,0.00%,0.00%,0.00%
20260126,21,陳人鳳,480,飛格寵物家族_PC,1408,CF-300X250_內文_飛格寵物家族,,,,94,6,0,6,88,0,94,6.38%,93.62%,0.00%,0.00%,6.38%
20260126,21,飛凡傳播股份有限公司,1921,非凡新聞台-exchange,14188,MW_300x250_內文上方_非凡新聞-exchange,antifroud,知名媒體,,6,0,0,0,4,0,6,0.00%,66.67%,0.00%,0.00%,0.00%
20260126,21,闇碼科技股份有限公司,3048,縮短網址產生器-reurl,14210,MW_文中創意300x250_縮短網址產生器-reurl,,知名媒體,,459,29,0,29,360,0,459,6.32%,78.43%,0.00%,0.00%,6.32%
20260126,21,巨思文化股份有限公司,3052,經理人_HB,14241,MW_300x250_內文下方_經理人-HB,,知名媒體,,6,0,0,0,6,0,6,0.00%,100.00%,0.00%,0.00%,0.00%
20260126,21,富盈數據股份有限公司,3059,塔科女子,14258,CF_336x280_全網_塔科女子,,知名媒體,,636,13,0,13,623,0,636,2.04%,97.96%,0.00%,0.00%,2.04%
20260126,21,CBROOT LTD,3003,包子漫畫-exchange,14291,MW_300x250_蓋板(PB)_包子漫畫,,,,322,42,0,42,283,0,322,13.04%,87.89%,0.00%,0.00%,13.04%
20260126,21,朱光宁,3152,石頭小說-exchange,14472,MW_336x280_Banner_石頭小說,,,,"7,571","2,517",0,"2,517","6,050",0,7571,33.25%,79.91%,0.00%,0.00%,33.25%
20260126,21,朱光宁,3149,稷下書院-exchange,14748,MW_320x100_置底(PB)_稷下書院,,,,"36,243","12,594",0,"12,594","26,761",0,36243,34.75%,73.84%,0.00%,0.00%,34.75%
20260126,21,巨思文化股份有限公司,3053,數位時代_HB,14764,MW_置底創意_(非展開)_數位時代_HB,,知名媒體,,121,36,0,36,83,0,121,29.75%,68.60%,0.00%,0.00%,29.75%
20260126,21,中天電視股份有限公司,3282,中天新聞網-exchange,14980,CF_970x250_內頁_PC置頂橫幅-中天新聞網-exchange,,知名媒體,,436,0,0,0,367,0,436,0.00%,84.17%,0.00%,0.00%,0.00%
20260126,21,CBROOT LTD,3305,包子漫畫NEW-exchange,15143,(子)CF_970x250_Banner(直播)_包子漫畫(kukuc.co),,,子聯播網,8,0,0,0,8,0,8,0.00%,100.00%,0.00%,0.00%,0.00%
20260126,21,CBROOT LTD,3305,包子漫畫NEW-exchange,15145,(子)CF_970x250_指定流量Banner_包子漫畫(kukuc.co),antifroud,,子聯播網,"1,446",0,0,0,"1,446",0,1446,0.00%,100.00%,0.00%,0.00%,0.00%
20260126,21,曾憲敏,3327,85小說網_創意,15227,MW-300X250_85小說網_隨身影音PB,,,,18,6,0,6,12,0,18,33.33%,66.67%,0.00%,0.00%,33.33%
20260126,21,曾憲敏,3327,85小說網_創意,15228,MW-創意-85小說網,,,,20,6,0,6,16,0,20,30.00%,80.00%,0.00%,0.00%,30.00%
20260126,21,中天電視股份有限公司,3282,中天新聞網-exchange,15859,CF_336x280_內頁_PC右側互動看板B-中天新聞網-exchange,,知名媒體,,659,15,0,15,529,0,659,2.28%,80.27%,0.00%,0.00%,2.28%
20260126,21,CBROOT LTD,3352,西瓜卡通-exchange,15969,CF_728x90_影音內容_西瓜卡通-exchange,,,,30,0,0,0,30,0,30,0.00%,100.00%,0.00%,0.00%,0.00%
20260126,21,CBROOT LTD,3352,西瓜卡通-exchange,15970,CF_160x600_影音內容_西瓜卡通-exchange,,,,280,0,0,0,280,0,280,0.00%,100.00%,0.00%,0.00%,0.00%
20260126,21,時報資訊股份有限公司,2817,旺得富,16910,CF_300x250_Billboard_1s_旺得富,,知名媒體,,6,0,0,0,6,0,6,0.00%,100.00%,0.00%,0.00%,0.00%
20260126,21,時報資訊股份有限公司,2817,旺得富,16911,CF_300x250_Billboard_2nd_旺得富,,知名媒體,,18,0,0,0,18,0,18,0.00%,100.00%,0.00%,0.00%,0.00%
20260126,21,葉志斌,2745,繁中寶可夢卡表生成器-奶爸工作室-exchange,16950,CF_160x600_Banner_繁中寶可夢卡表生成器-奶爸工作室-exchange,,,,6,0,0,0,6,0,6,0.00%,100.00%,0.00%,0.00%,0.00%
20260126,21,葉志斌,2745,繁中寶可夢卡表生成器-奶爸工作室-exchange,16951,CF_300x600_Banner_繁中寶可夢卡表生成器-奶爸工作室-exchange,,,,601,0,0,0,601,0,601,0.00%,100.00%,0.00%,0.00%,0.00%
20260126,21,朱光宁,3360,提莫書屋-exchange,16957,MW_336x280banner_提莫書屋_exchange,,,,"23,231","6,563",0,"6,563","17,588",0,23231,28.25%,75.71%,0.00%,0.00%,28.25%
20260126,21,朱光宁,3361,提莫書屋-mobile,16959,MW_320x480_文中創意_提莫書屋-mobile,,,,160,36,0,36,128,0,160,22.50%,80.00%,0.00%,0.00%,22.50%
20260126,21,欣發現股份有限公司,3365,Hami任務牆-mobile,16969,MW_置底創意_Hami任務牆,,知名媒體,,6,2,0,2,5,0,6,33.33%,83.33%,0.00%,0.00%,33.33%
20260126,21,欣發現股份有限公司,3364,女子學-mobile,16972,MW_置底創意_女子學,antifroud,,,47,13,0,13,26,0,47,27.66%,55.32%,0.00%,0.00%,27.66%
20260126,21,欣發現股份有限公司,3363,大人物-mobile,16973,MW_置底創意_大人物,,知名媒體,,6,4,0,4,4,0,6,66.67%,66.67%,0.00%,0.00%,66.67%
20260126,21,朱光宁,3149,稷下書院-exchange,17003,(子)CF_336x280_Banner(指定流量)_稷下書院-exchange,,,子聯播網,"7,772",220,0,220,"7,744",0,7772,2.83%,99.64%,0.00%,0.00%,2.83%
20260126,21,第一網站股份有限公司,2820,星座好朋友(horofriend88),17026,MW_320x480_蓋版_星座好朋友(horofriend88),antifroud,,,6,0,0,0,5,0,6,0.00%,83.33%,0.00%,0.00%,0.00%
20260126,21,第一網站股份有限公司,2783,漫畫櫃manhuagui,17027,MW_320x480_蓋版_漫畫櫃manhuagui,,,,18,6,0,6,12,0,18,33.33%,66.67%,0.00%,0.00%,33.33%
20260126,21,艾得基客行銷顧問股份有限公司,3373,良醫健康網,17092,MW_置底創意_良醫健康網,,知名媒體,,30,8,0,8,23,0,30,26.67%,76.67%,0.00%,0.00%,26.67%
20260126,21,朱光宁,3149,稷下書院-exchange,17095,(子)MW_336x280_Banner_稷下書院-exchange,antifroud,,,"27,339",279,0,279,"27,315",0,27339,1.02%,99.91%,0.00%,0.00%,1.02%
20260126,21,詠勝科技有限公司,3385,Mobile01_HB,17174,CF_970x250_超級橫幅_置底_Mobile01_HB,,知名媒體,,32,0,0,0,32,0,32,0.00%,100.00%,0.00%,0.00%,0.00%
20260126,21,詠勝科技有限公司,3385,Mobile01_HB,17178,CF_300x250_頻道頁_大看板_Mobile01_HB,,知名媒體,,198,0,0,0,198,0,198,0.00%,100.00%,0.00%,0.00%,0.00%
20260126,21,詠勝科技有限公司,3385,Mobile01_HB,17179,CF_300x250_熱門大看板_Mobile01_HB,,知名媒體,,"17,764",55,0,55,"17,755",0,17764,0.31%,99.95%,0.00%,0.00%,0.31%
20260126,21,詠勝科技有限公司,3385,Mobile01_HB,17183,CF_300x600_大摩天_Mobile01_HB,,知名媒體,,"6,794",20,0,20,"6,794",0,6794,0.29%,100.00%,0.00%,0.00%,0.29%
20260126,21,朱光宁,3268,稷下書院-mobile,17207,MW_320x480_蓋版_稷下書院-mobile,,,,553,180,0,180,388,0,553,32.55%,70.16%,0.00%,0.00%,32.55%
20260126,21,李立娟,3395,vivi0視頻-exchange,17293,CF_336x280_Banner_vivi01視頻-exchange,antifroud,,,"30,554",127,0,127,"21,712",0,30554,0.42%,71.06%,0.00%,0.00%,0.42%
20260126,21,李立娟,3395,vivi0視頻-exchange,17294,MW_336x280_Banner_vivi01視頻-exchange,antifroud,,,"22,765",77,0,77,"16,435",0,22765,0.34%,72.19%,0.00%,0.00%,0.34%
20260126,21,李立娟,3397,趣聞圖說-exchange,17297,(子)MW_336x280_Banner_趣聞圖說-exchange,antifroud,,,"126,593",447,0,447,"102,898",0,126593,0.35%,81.28%,0.00%,0.00%,0.35%
20260126,21,李立娟,3395,vivi0視頻-exchange,17299,MW_300x250_蓋板(PB)-vivi01視頻-exchange,,,,140,0,0,0,135,0,140,0.00%,96.43%,0.00%,0.00%,0.00%
20260126,21,李立娟,3395,vivi0視頻-exchange,17300,MW_320x100_置底(PB)_vivi01視頻-exchange,antifroud,,,571,4,0,4,416,0,571,0.70%,72.85%,0.00%,0.00%,0.70%
20260126,21,李立娟,3397,趣聞圖說-exchange,17309,MW_336x280_文中Banner_趣聞圖說-exchange,,,,19,7,0,7,19,0,19,36.84%,100.00%,0.00%,0.00%,36.84%
20260126,21,曾憲敏,601,85小說網_PC,1773,CF-300x250_85小說網_內文1,,,,417,116,0,116,360,0,417,27.82%,86.33%,0.00%,0.00%,27.82%
20260126,21,第一網站股份有限公司,2768,czbooks,17927,MW_置底創意_czbook,,,,126,52,0,52,91,0,126,41.27%,72.22%,0.00%,0.00%,41.27%
20260126,21,第一網站股份有限公司,3420,ftvnews,17970,MW_300x250_內文_ftvnews,,知名媒體,,6,0,0,0,5,0,6,0.00%,83.33%,0.00%,0.00%,0.00%
20260126,21,時報資訊股份有限公司_工商時報,3427,工商時報-exchange,18003,CF_300x250_互動看板2_工商時報-exchange,,知名媒體,,18,0,0,0,18,0,18,0.00%,100.00%,0.00%,0.00%,0.00%
20260126,21,時報資訊股份有限公司_工商時報,3427,工商時報-exchange,18014,MW_300x250_文末Banner1_工商時報-exchange,,知名媒體,,6,0,0,0,5,0,6,0.00%,83.33%,0.00%,0.00%,0.00%
20260126,21,第一網站股份有限公司,3440,fsa_passback_first,18202,CF_300x250_fsa_passback_first,,,,91,22,0,22,62,0,91,24.18%,68.13%,0.00%,0.00%,24.18%
20260126,21,第一網站股份有限公司,3440,fsa_passback_first,18266,(子)CF_970x250_cfbanner_blog,,,子聯播網,160,0,0,0,160,0,160,0.00%,100.00%,0.00%,0.00%,0.00%
20260126,21,莊博凱,3455,夢遊電玩,18269,300x250 Banner,,,,52,0,0,0,50,0,52,0.00%,96.15%,0.00%,0.00%,0.00%
20260126,21,朱光宁,3268,稷下書院-mobile,18297,MW_置底創意(展開)_稷下書院-mobile,,,,6,4,0,4,4,0,6,66.67%,66.67%,0.00%,0.00%,66.67%
20260126,21,冰楓科技有限公司,3485,冰楓論壇-exchange,18487,CF_970x90_內文上方第一塊_冰楓論壇-exchange,,,,"1,544",18,0,18,"1,535",0,1544,1.17%,99.42%,0.00%,0.00%,1.17%
20260126,21,冰楓科技有限公司,3485,冰楓論壇-exchange,18492,MW_300x250_Banner_ 冰楓論壇-exchange,,,,673,0,0,0,673,0,673,0.00%,100.00%,0.00%,0.00%,0.00%
20260126,21,闇碼科技股份有限公司,3048,縮短網址產生器-reurl,18535,MW_蓋版_縮短網址產生器-reurl,,知名媒體,,12,4,0,4,7,0,12,33.33%,58.33%,0.00%,0.00%,33.33%
20260126,21,CBROOT LTD,3492,包子漫畫(特開流量)-exchange,18544,(子)CF_300x600_指定流量_包子漫畫(特開流量)-exchange,,,子聯播網,"28,766",537,0,537,"28,766",0,28766,1.87%,100.00%,0.00%,0.00%,1.87%
20260126,21,CBROOT LTD,3492,包子漫畫(特開流量)-exchange,18545,(子)CF_970x250_指定時段_包子漫畫(特開流量)-exchange,,,子聯播網,"204,330","3,647",0,"3,647","204,330",0,204330,1.78%,100.00%,0.00%,0.00%,1.78%
20260126,21,CBROOT LTD,3492,包子漫畫(特開流量)-exchange,18546,(子)CF_300x250_指定時段_包子漫畫(特開流量)-exchange,,,子聯播網,"503,823","5,339",0,"5,339","503,779",0,503823,1.06%,99.99%,0.00%,0.00%,1.06%
20260126,21,CBROOT LTD,3510,包子漫畫_twmanga-exchange,18732,MW_336x280_Banner_包子漫畫_twmanga,,,子聯播網,"105,883","1,696",0,"1,696","105,068",0,105883,1.60%,99.23%,0.00%,0.00%,1.60%
20260126,21,CBROOT LTD,3510,包子漫畫_twmanga-exchange,18735,CF_336x280_Banner_包子漫畫_twmanga-exchange,,,,"1,391",0,0,0,"1,391",0,1391,0.00%,100.00%,0.00%,0.00%,0.00%
20260126,21,CBROOT LTD,3510,包子漫畫_twmanga-exchange,18736,CF_970x250_ 包子漫畫_twmanga-exchange,,,,"2,615",94,0,94,"2,615",0,2615,3.59%,100.00%,0.00%,0.00%,3.59%
20260126,21,台灣英文新聞股份有限公司,3537,台灣英文新聞(new)-exchange,18923,CF_300x600_列表頁_右側看版_台灣英文新聞(new)-exchange,,知名媒體,,6,0,0,0,6,0,6,0.00%,100.00%,0.00%,0.00%,0.00%
20260126,21,台灣英文新聞股份有限公司,3537,台灣英文新聞(new)-exchange,18924,CF_300x250_內容頁_右側看版_1_台灣英文新聞(new)-exchange,,知名媒體,,157,12,0,12,127,0,157,7.64%,80.89%,0.00%,0.00%,7.64%
20260126,21,台灣英文新聞股份有限公司,3537,台灣英文新聞(new)-exchange,18925,CF_300x600_內容頁_右側看版_2_台灣英文新聞(new)-exchange,,知名媒體,,43,0,0,0,39,0,43,0.00%,90.70%,0.00%,0.00%,0.00%
20260126,21,艾得基客行銷顧問股份有限公司,3373,良醫健康網,19011,MW_320x480_文中創意_良醫健康網,,知名媒體,,6,4,0,4,4,0,6,66.67%,66.67%,0.00%,0.00%,66.67%
20260126,21,艾得基客行銷顧問股份有限公司,3552,玩具人,19044,MW_320x480_文中創意_玩具人,,知名媒體,,321,36,0,36,242,0,321,11.21%,75.39%,0.00%,0.00%,11.21%
20260126,21,先驅媒體社會企業股份有限公司,3554,新頭殼(R18),19047,(子)CF_300x250Banner_newtalk.tw_content_300250_1_新頭殼(R18),,知名媒體,子聯播網,6,0,0,0,6,0,6,0.00%,100.00%,0.00%,0.00%,0.00%
20260126,21,第一網站股份有限公司,2783,漫畫櫃manhuagui,20685,MW_300X250_manhuagui,antifroud,,,"3,719",906,0,906,"2,871",0,3719,24.36%,77.20%,0.00%,0.00%,24.36%
20260126,21,德榕企業有限公司,3578,TW Bodhi_mobile,20708,MW_蓋板_TW Bodhi,,,,756,226,0,226,541,0,756,29.89%,71.56%,0.00%,0.00%,29.89%
20260126,21,德榕企業有限公司,3581,忘憂書屋,20727,CF_336x280文章頁(RWD)_忘憂書屋,,,,220,4,0,4,218,0,220,1.82%,99.09%,0.00%,0.00%,1.82%
20260126,21,德榕企業有限公司,3582,忘憂書屋_mobile,20728,MW_文中創意300x250_忘憂書屋,,,,24,4,0,4,21,0,24,16.67%,87.50%,0.00%,0.00%,16.67%
20260126,21,第一網站股份有限公司,2910,clickme,20735,(子)CF_300x250_banner_clickme(成人),,,子聯播網,"15,483","1,225",0,"1,225","14,736",0,15483,7.91%,95.18%,0.00%,0.00%,7.91%
20260126,21,第一網站股份有限公司,3440,fsa_passback_first,21699,CF_336x280_fsa_passback_first,,,,64,64,0,64,32,0,64,100.00%,50.00%,0.00%,0.00%,100.00%
20260126,21,朱光宁,3269,石頭小說-mobile,21741,MW_320x480_蓋版_石頭小說-mobile,antifroud,,,18,4,0,4,16,0,18,22.22%,88.89%,0.00%,0.00%,22.22%
20260126,21,富盈數據股份有限公司,3653,TVBS-女人我最大_HB,21761,MW_文章四_336x280_TVBS-女人我最大_HB,,知名媒體,,8,0,0,0,5,0,8,0.00%,62.50%,0.00%,0.00%,0.00%
20260126,21,富盈數據股份有限公司,3653,TVBS-女人我最大_HB,21763,MW_文中創意320x480_TVBS-女人我最大_HB,,知名媒體,,"3,706",529,0,529,"2,425",0,3706,14.27%,65.43%,0.00%,0.00%,14.27%
20260126,21,富盈數據股份有限公司,3654,TVBS-健康2.0_HB,21764,CF_文章右側300x600_TVBS-健康2.0_HB,,知名媒體,,18,0,0,0,18,0,18,0.00%,100.00%,0.00%,0.00%,0.00%
20260126,21,富盈數據股份有限公司,3655,TVBS-食尚玩家_HB,21770,MW_文章三_336x280_TVBS-食尚玩家_HB,,知名媒體,,293,48,0,48,249,0,293,16.38%,84.98%,0.00%,0.00%,16.38%
20260126,21,富盈數據股份有限公司,3655,TVBS-食尚玩家_HB,21771,MW_文章四_336x280_TVBS-食尚玩家_HB,,知名媒體,,6,2,0,2,5,0,6,33.33%,83.33%,0.00%,0.00%,33.33%
20260126,21,富盈數據股份有限公司,3655,TVBS-食尚玩家_HB,21772,MW_文章置底_320x100_TVBS-食尚玩家_HB,,知名媒體,,12,4,0,4,6,0,12,33.33%,50.00%,0.00%,0.00%,33.33%
20260126,21,富盈數據股份有限公司,3655,TVBS-食尚玩家_HB,21773,MW_文中創意320x480_TVBS-食尚玩家_HB,,知名媒體,,418,75,0,75,285,0,418,17.94%,68.18%,0.00%,0.00%,17.94%
20260126,21,寶利拾股份有限公司,3652,愛料理_HB,21781,MW_置底創意(非展開)_愛料理_HB,,知名媒體,,6,2,0,2,4,0,6,33.33%,66.67%,0.00%,0.00%,33.33%
20260126,21,先驅媒體社會企業股份有限公司,3554,新頭殼(R18),21830,(子)CF_300x250Banner_newtalk.tw_all_300250_1_新頭殼(R18),antifroud,知名媒體,子聯播網,6,0,0,0,6,0,6,0.00%,100.00%,0.00%,0.00%,0.00%
20260126,21,先驅媒體社會企業股份有限公司,3554,新頭殼(R18),21839,ＭＷ_336x280Banner_newtalk.tw_mobile_all_336280_2_新頭殼(R18),antifroud,知名媒體,,201,4,0,4,193,0,201,1.99%,96.02%,0.00%,0.00%,1.99%
20260126,21,儂儂雜誌社股份有限公司(bella儂儂),2135,Bella儂儂_2024,21876,MW-300x250_文章標題上方1_Bella儂儂,,知名媒體,,"1,425",106,0,106,"1,111",0,1425,7.44%,77.96%,0.00%,0.00%,7.44%
20260126,21,富盈數據股份有限公司,3680,TVBS-新聞網_HB,21898,CF_文章右側300x600_TVBS-新聞網_HB,,知名媒體,,95,0,0,0,95,0,95,0.00%,100.00%,0.00%,0.00%,0.00%
20260126,21,富盈數據股份有限公司,3685,玩桌遊_mobile,21924,MW_置底創意(非展開)_玩桌遊-mobile,,,,674,232,0,232,476,0,674,34.42%,70.62%,0.00%,0.00%,34.42%
20260126,21,富盈數據股份有限公司,2615,熱血台中,21986,CF_336x280_全網_熱血台中,,,,202,22,0,22,184,0,202,10.89%,91.09%,0.00%,0.00%,10.89%
20260126,21,富盈數據股份有限公司,2615,熱血台中,21987,CF_336x280_全網_熱血台中,,,,95,22,0,22,74,0,95,23.16%,77.89%,0.00%,0.00%,23.16%
20260126,21,富盈數據股份有限公司,3704,天天要聞,22030,CF_300 x 250 banner_天天要聞_cpc2,,,,"4,736",68,0,68,"4,700",0,4736,1.44%,99.24%,0.00%,0.00%,1.44%
20260126,21,富盈數據股份有限公司,3703,繁體小說,22031,CF_300 x 250 banner_繁體小說_cpc2,,,,457,0,0,0,456,0,457,0.00%,99.78%,0.00%,0.00%,0.00%
20260126,21,朱光宁,3708,石頭小說,22045,CF_336 x 280 banner_石頭小說_cpc1.67,antifroud,,,"311,251",836,0,836,"310,773",0,311251,0.27%,99.85%,0.00%,0.00%,0.27%
20260126,21,冠妍動力科技有限公司,484,小老婆汽機車資訊網,22058,MW_文中創意320x480_小老婆汽機車資訊網-測試,,知名媒體,,25,8,0,8,15,0,25,32.00%,60.00%,0.00%,0.00%,32.00%
20260126,21,朱光宁,3718,稷下書院2,22093,CF_336 x 280 banner_稷下書院2_cpc1.67,antifroud,,,"244,969",486,0,486,"244,746",0,244969,0.20%,99.91%,0.00%,0.00%,0.20%
20260126,21,富盈數據股份有限公司,3680,TVBS-新聞網_HB,22131,CF_文中300x250_TVBS-新聞網_HB_1,,知名媒體,,86,0,0,0,86,0,86,0.00%,100.00%,0.00%,0.00%,0.00%
20260126,21,富盈數據股份有限公司,3680,TVBS-新聞網_HB,22132,CF_文中300x250_TVBS-新聞網_HB_2,,知名媒體,,524,2,0,2,523,0,524,0.38%,99.81%,0.00%,0.00%,0.38%
20260126,21,富盈數據股份有限公司,3680,TVBS-新聞網_HB,22133,CF_文中300x250_TVBS-新聞網_HB_3,,知名媒體,,"1,291",2,0,2,"1,290",0,1291,0.15%,99.92%,0.00%,0.00%,0.15%
20260126,21,冰楓科技有限公司,3485,冰楓論壇-exchange,22160,CF_300x250_Banner2_ 冰楓論壇-exchange,,,,12,0,0,0,12,0,12,0.00%,100.00%,0.00%,0.00%,0.00%
20260126,21,闇碼科技股份有限公司,3048,縮短網址產生器-reurl,22213,MW_蓋版_縮短網址產生器-reurl-2025.05(特殊供量),,知名媒體,,302,24,0,24,224,0,302,7.95%,74.17%,0.00%,0.00%,7.95%
20260126,21,艾得基客行銷顧問股份有限公司,3724,上報,22217,MW_置底創意(非展開)_上報,,知名媒體,,294,26,0,26,220,0,294,8.84%,74.83%,0.00%,0.00%,8.84%
20260126,21,艾得基客行銷顧問股份有限公司,3724,上報,22218,MW_置底(展開)_上報,,知名媒體,,205,31,0,31,164,0,205,15.12%,80.00%,0.00%,0.00%,15.12%
20260126,21,欣發現股份有限公司,3363,大人物-mobile,22222,MW_蓋板_大人物,,知名媒體,,6,0,0,0,6,0,6,0.00%,100.00%,0.00%,0.00%,0.00%
20260126,21,朱光宁,3741,石頭小說3,22398,CF_336 x 280 banner_石頭小說3_cpc1.67,,,,"26,460",371,0,371,"26,288",0,26460,1.40%,99.35%,0.00%,0.00%,1.40%
20260126,21,朱光宁,3741,石頭小說3,22399,CF_320 x 480 橫幅_石頭小說3,,,,14,4,0,4,11,0,14,28.57%,78.57%,0.00%,0.00%,28.57%
20260126,21,艾得基客行銷顧問股份有限公司,3724,上報,22405,MW_蓋版_上報,,知名媒體,,50,2,0,2,39,0,50,4.00%,78.00%,0.00%,0.00%,4.00%
20260126,21,闇碼科技股份有限公司,3068,限時圖片-imgus,22406,MW_置底_imgus,antifroud,,,780,4,0,4,515,0,780,0.51%,66.03%,0.00%,0.00%,0.51%
20260126,21,第一網站股份有限公司,2783,漫畫櫃manhuagui,22443,MW_置底_manhuagui,antifroud,,,"1,601",370,0,370,"1,194",0,1601,23.11%,74.58%,0.00%,0.00%,23.11%
20260126,21,艾得基客行銷顧問股份有限公司,2689,Basketball Top5,22498,MW_300x250 Banner_Basketball TOP5_CPM5,,,子聯播網,84,0,0,0,60,0,84,0.00%,71.43%,0.00%,0.00%,0.00%
20260126,21,艾得基客行銷顧問股份有限公司,2578,鉅亨網,22507,MW_300x250_鉅亨網_直播用BN-1,,知名媒體,子聯播網,"5,269",339,0,339,"4,277",0,5269,6.43%,81.17%,0.00%,0.00%,6.43%
20260126,21,艾得基客行銷顧問股份有限公司,3752,ＭoneyDJ,22514,MW_文中創意320x480_MoneyDJ,antifroud,知名媒體,,155,25,0,25,117,0,155,16.13%,75.48%,0.00%,0.00%,16.13%
20260126,21,艾得基客行銷顧問股份有限公司,3373,良醫健康網,22732,MW_300x250_良醫健康網,,知名媒體,,6,0,0,0,6,0,6,0.00%,100.00%,0.00%,0.00%,0.00%
20260126,21,李承翰-webptt,718,Web批踢踢(RWD),2284,MW-蓋板_文中_Web批踢踢,antifroud,,,48,6,0,6,48,0,48,12.50%,100.00%,0.00%,0.00%,12.50%
20260126,21,麥智維,999,動漫戲說,3543,CF-728*90-內文上方-動漫戲說,antifroud,,,6,0,0,0,6,0,6,0.00%,100.00%,0.00%,0.00%,0.00%
20260126,21,技達創意資訊有限公司,1299,泰好網,4733,CF-300*250-內文下方-泰好網,,,,6,0,0,0,6,0,6,0.00%,100.00%,0.00%,0.00%,0.00%
20260126,21,技達創意資訊有限公司,1299,泰好網,4734,MW-320*100-首頁、內文上方-泰好網,,,,18,0,0,0,18,0,18,0.00%,100.00%,0.00%,0.00%,0.00%
20260126,21,陈晋福,1367,電視超人,4997,CF-300X250-電視超人,,,,32,0,0,0,32,0,32,0.00%,100.00%,0.00%,0.00%,0.00%
20260126,21,麥智維,999,動漫戲說,6069,CF-300*250-首頁-動漫戲說,,,,175,36,0,36,150,0,175,20.57%,85.71%,0.00%,0.00%,20.57%
20260126,21,精鏡傳媒股份有限公司,1060,鏡週刊,8250,MW_置底創意(非展開)_鏡週刊,,知名媒體,,68,0,0,0,65,0,68,0.00%,95.59%,0.00%,0.00%,0.00%
20260126,21,巧克科技新媒體股份有限公司,2127,LINE TV_Banner-exchange,8576,CF_336x280_戲劇-右側好康資訊下方_LINE TV-exchange,,知名媒體,,60,0,0,0,60,0,60,0.00%,100.00%,0.00%,0.00%,0.00%
20260126,21,見聞科技有限公司,2251,就是節目表,9233,MW-300x250-節目表文中-就是節目表,,,,8,2,0,2,7,0,8,25.00%,87.50%,0.00%,0.00%,25.00%
20260126,22,英屬維京群島商浩美數位有限公司台灣分公司,2315,Teepr亮新聞-exchange,10012,CF_336x280Banner_Teepr亮新聞-exchange,,知名媒體,,734,20,0,20,531,0,734,2.72%,72.34%,0.00%,0.00%,2.72%
20260126,22,第一網站股份有限公司,2300,keketravel,10594,(子)CF_336x280_keketravel,,,子聯播網,116,0,0,0,110,0,116,0.00%,94.83%,0.00%,0.00%,0.00%
20260126,22,昱得資訊工作室,2528,數位書香,11080,CF_728x90_首頁上方_數位書香,antifroud,,,68,0,0,0,68,0,68,0.00%,100.00%,0.00%,0.00%,0.00%
20260126,22,昱得資訊工作室,2528,數位書香,11081,CF_160x600_首頁右側_數位書香,antifroud,,,"1,109",0,0,0,"1,109",0,1109,0.00%,100.00%,0.00%,0.00%,0.00%
20260126,22,第一網站股份有限公司,2518,麻辣家族討論區(twbts),11082,CF-728X90-twbts,antifroud,,,286,0,0,0,286,0,286,0.00%,100.00%,0.00%,0.00%,0.00%
20260126,22,第一網站股份有限公司,2540,risu短網址,11260,MW-300X250-MB_page_left-risu,,知名媒體,,6,6,0,6,3,0,6,100.00%,50.00%,0.00%,0.00%,100.00%
20260126,22,第一網站股份有限公司,2492,ttshow,11273,MW-300X250-ttshow,,知名媒體,,30,0,0,0,21,0,30,0.00%,70.00%,0.00%,0.00%,0.00%
20260126,22,第一網站股份有限公司,2601,Meme梗圖倉庫,11443,CF-336X280-meme,,,,84,6,0,6,79,0,84,7.14%,94.05%,0.00%,0.00%,7.14%
20260126,22,葉志斌,2745,繁中寶可夢卡表生成器-奶爸工作室-exchange,12209,CF_336x280_文中_繁中寶可夢卡表生成器,,,,6,0,0,0,6,0,6,0.00%,100.00%,0.00%,0.00%,0.00%
20260126,22,葉志斌,2745,繁中寶可夢卡表生成器-奶爸工作室-exchange,12210,CF_728x90__文末__繁中寶可夢卡表生成器,,,,6,0,0,0,6,0,6,0.00%,100.00%,0.00%,0.00%,0.00%
20260126,22,第一網站股份有限公司,2540,risu短網址,12496,CF_300x250_popup(直播) _risu短網址,antifroud,知名媒體,,14,0,0,0,14,0,14,0.00%,100.00%,0.00%,0.00%,0.00%
20260126,22,冰楓科技有限公司,1710,冰楓論壇,12511,MW_300x250_Banner_冰楓論壇-exchange,,,,6,0,0,0,6,0,6,0.00%,100.00%,0.00%,0.00%,0.00%
20260126,22,第一網站股份有限公司,2768,czbooks,12570,CF_728x90_banner_czbooks,,,,"67,186","2,051",0,"2,051","66,275",0,67186,3.05%,98.64%,0.00%,0.00%,3.05%
20260126,22,鳳梨傳媒股份有限公司,2190,民視新聞網-Exchange,12579,CF_300x250_右側第一塊_民視新聞網-Exchange(RWD)(MCM),,知名媒體,,"3,495",191,0,191,"2,561",0,3495,5.46%,73.28%,0.00%,0.00%,5.46%
20260126,22,鳳梨傳媒股份有限公司,2190,民視新聞網-Exchange,12580,CF_300x250_內文文中左側_民視新聞網-Exchange(RWD)(MCM),,知名媒體,,"3,548",159,0,159,"2,595",0,3548,4.48%,73.14%,0.00%,0.00%,4.48%
20260126,22,第一網站股份有限公司,2783,漫畫櫃manhuagui,12676,CF_728X90_manhuagui,antifroud,,,"98,305","13,883",0,"13,883","88,445",0,98305,14.12%,89.97%,0.00%,0.00%,14.12%
20260126,22,第一網站股份有限公司,2801,damanwoo,12868,CF-300x250_Banner_damanwoo_大人物,,,,12,0,0,0,12,0,12,0.00%,100.00%,0.00%,0.00%,0.00%
20260126,22,第一網站股份有限公司,2820,星座好朋友(horofriend88),12966,MW_320x100_horofriend88,antifroud,,,6,0,0,0,3,0,6,0.00%,50.00%,0.00%,0.00%,0.00%
20260126,22,第一網站股份有限公司,2836,vivi01,13032,MW_置底創意_vivi01 ViVi視頻,,,,12,0,0,0,11,0,12,0.00%,91.67%,0.00%,0.00%,0.00%
20260126,22,和運租車股份有限公司,2878,abc好車網,13368,CF_970x90_物件頁下方_abc好車網,,知名媒體,,13,2,0,2,11,0,13,15.38%,84.62%,0.00%,0.00%,15.38%
20260126,22,曾憲敏,202,85小說網,13445,MW_336X280_全量1_85小說網,,,,"1,236",326,0,326,937,0,1236,26.38%,75.81%,0.00%,0.00%,26.38%
20260126,22,曾憲敏,202,85小說網,13446,MW_336X280_全量2_85小說網,,,,"8,052","2,230",0,"2,230","6,034",0,8052,27.69%,74.94%,0.00%,0.00%,27.69%
20260126,22,曾憲敏,601,85小說網_PC,13450,(子)CF_336x280_全量2_85小說網,,,子聯播網,244,0,0,0,244,0,244,0.00%,100.00%,0.00%,0.00%,0.00%
20260126,22,第一網站股份有限公司,2768,czbooks,13481,MW_300x250_banner_czbooks,antifroud,,子聯播網,"117,321",757,0,757,"117,086",0,117321,0.65%,99.80%,0.00%,0.00%,0.65%
20260126,22,第一網站股份有限公司,2768,czbooks,13482,(子)CF_300x600_banner_czbooks(限時段),,,子聯播網,"66,008",411,0,411,"65,941",0,66008,0.62%,99.90%,0.00%,0.00%,0.62%
20260126,22,第一網站股份有限公司,2768,czbooks,13483,(子)CF_970x250_banner_czbooks(限時段),,,子聯播網,"71,331",452,0,452,"71,246",0,71331,0.63%,99.88%,0.00%,0.00%,0.63%
20260126,22,第一網站股份有限公司,2910,clickme,13548,(子)CF_300x250_banner_clickme(一般),,,子聯播網,"1,836",178,0,178,"1,573",0,1836,9.69%,85.68%,0.00%,0.00%,9.69%
20260126,22,第一網站股份有限公司,2910,clickme,13549,CF_300x250_banner_clickme(一般),,,,128,30,0,30,108,0,128,23.44%,84.38%,0.00%,0.00%,23.44%
20260126,22,第一網站股份有限公司,2916,KiKiNote,13576,(子)CF_300x250_banner_kikinote,,知名媒體,子聯播網,"2,070",457,0,457,"1,608",0,2070,22.08%,77.68%,0.00%,0.00%,22.08%
20260126,22,闇碼科技股份有限公司,2992,縮短網址產生器-reurl-exchange,13858,CF_300x250_網址下方左側_reurl,,知名媒體,,18,4,0,4,14,0,18,22.22%,77.78%,0.00%,0.00%,22.22%
20260126,22,闇碼科技股份有限公司,2992,縮短網址產生器-reurl-exchange,13860,CF_300x250_網址下方右側_reurl,,知名媒體,,24,4,0,4,17,0,24,16.67%,70.83%,0.00%,0.00%,16.67%
20260126,22,闇碼科技股份有限公司,2992,縮短網址產生器-reurl-exchange,13861,CF_300x250_網址下方右側(PB)_reurl,,知名媒體,,55,4,0,4,47,0,55,7.27%,85.45%,0.00%,0.00%,7.27%
20260126,22,第一網站股份有限公司,2768,czbooks,13903,(子)CF_300x250_banner_czbooks(直播),antifroud,,子聯播網,"301,346","56,138",0,"56,138","286,507",0,301346,18.63%,95.08%,0.00%,0.00%,18.63%
20260126,22,第一網站股份有限公司,2783,漫畫櫃manhuagui,13904,(子)CF_300x250_banner_manhuagui(直播),antifroud,,子聯播網,"180,799","1,197",0,"1,197","180,720",0,180799,0.66%,99.96%,0.00%,0.00%,0.66%
20260126,22,陳人鳳,480,飛格寵物家族_PC,1407,CF-728X90_上方通欄_飛格寵物家族,,,,80,12,0,12,70,0,80,15.00%,87.50%,0.00%,0.00%,15.00%
20260126,22,陳人鳳,480,飛格寵物家族_PC,1408,CF-300X250_內文_飛格寵物家族,,,,91,6,0,6,86,0,91,6.59%,94.51%,0.00%,0.00%,6.59%
20260126,22,飛凡傳播股份有限公司,1921,非凡新聞台-exchange,14188,MW_300x250_內文上方_非凡新聞-exchange,antifroud,知名媒體,,6,2,0,2,4,0,6,33.33%,66.67%,0.00%,0.00%,33.33%
20260126,22,飛凡傳播股份有限公司,1921,非凡新聞台-exchange,14189,CF_300x600_右側下方_非凡新聞-exchange,antifroud,知名媒體,,19,0,0,0,19,0,19,0.00%,100.00%,0.00%,0.00%,0.00%
20260126,22,闇碼科技股份有限公司,3048,縮短網址產生器-reurl,14210,MW_文中創意300x250_縮短網址產生器-reurl,,知名媒體,,297,26,0,26,206,0,297,8.75%,69.36%,0.00%,0.00%,8.75%
20260126,22,富盈數據股份有限公司,3059,塔科女子,14258,CF_336x280_全網_塔科女子,,知名媒體,,96,14,0,14,83,0,96,14.58%,86.46%,0.00%,0.00%,14.58%
20260126,22,CBROOT LTD,3003,包子漫畫-exchange,14291,MW_300x250_蓋板(PB)_包子漫畫,,,,191,29,0,29,173,0,191,15.18%,90.58%,0.00%,0.00%,15.18%
20260126,22,朱光宁,3152,石頭小說-exchange,14472,MW_336x280_Banner_石頭小說,,,,"9,716","3,910",0,"3,910","7,287",0,9716,40.24%,75.00%,0.00%,0.00%,40.24%
20260126,22,朱光宁,3149,稷下書院-exchange,14748,MW_320x100_置底(PB)_稷下書院,,,,"40,354","14,141",0,"14,141","29,593",0,40354,35.04%,73.33%,0.00%,0.00%,35.04%
20260126,22,巨思文化股份有限公司,3053,數位時代_HB,14764,MW_置底創意_(非展開)_數位時代_HB,,知名媒體,,63,28,0,28,37,0,63,44.44%,58.73%,0.00%,0.00%,44.44%
20260126,22,中天電視股份有限公司,3282,中天新聞網-exchange,14980,CF_970x250_內頁_PC置頂橫幅-中天新聞網-exchange,,知名媒體,,155,0,0,0,132,0,155,0.00%,85.16%,0.00%,0.00%,0.00%
20260126,22,CBROOT LTD,3305,包子漫畫NEW-exchange,15143,(子)CF_970x250_Banner(直播)_包子漫畫(kukuc.co),,,子聯播網,82,0,0,0,82,0,82,0.00%,100.00%,0.00%,0.00%,0.00%
20260126,22,CBROOT LTD,3305,包子漫畫NEW-exchange,15145,(子)CF_970x250_指定流量Banner_包子漫畫(kukuc.co),antifroud,,子聯播網,"1,810",0,0,0,"1,810",0,1810,0.00%,100.00%,0.00%,0.00%,0.00%
20260126,22,曾憲敏,3327,85小說網_創意,15228,MW-創意-85小說網,,,,24,10,0,10,16,0,24,41.67%,66.67%,0.00%,0.00%,41.67%
20260126,22,和運租車股份有限公司,2878,abc好車網,15249,CF_300x250_搜尋頁右側_abc好車網,,知名媒體,,6,2,0,2,4,0,6,33.33%,66.67%,0.00%,0.00%,33.33%
20260126,22,中天電視股份有限公司,3282,中天新聞網-exchange,15859,CF_336x280_內頁_PC右側互動看板B-中天新聞網-exchange,,知名媒體,,636,12,0,12,519,0,636,1.89%,81.60%,0.00%,0.00%,1.89%
20260126,22,CBROOT LTD,3352,西瓜卡通-exchange,15969,CF_728x90_影音內容_西瓜卡通-exchange,,,,80,0,0,0,80,0,80,0.00%,100.00%,0.00%,0.00%,0.00%
20260126,22,CBROOT LTD,3352,西瓜卡通-exchange,15970,CF_160x600_影音內容_西瓜卡通-exchange,,,,134,0,0,0,134,0,134,0.00%,100.00%,0.00%,0.00%,0.00%
20260126,22,時報資訊股份有限公司,2817,旺得富,16910,CF_300x250_Billboard_1s_旺得富,,知名媒體,,12,0,0,0,12,0,12,0.00%,100.00%,0.00%,0.00%,0.00%
20260126,22,時報資訊股份有限公司,2817,旺得富,16911,CF_300x250_Billboard_2nd_旺得富,,知名媒體,,18,0,0,0,17,0,18,0.00%,94.44%,0.00%,0.00%,0.00%
20260126,22,葉志斌,2745,繁中寶可夢卡表生成器-奶爸工作室-exchange,16951,CF_300x600_Banner_繁中寶可夢卡表生成器-奶爸工作室-exchange,,,,"1,067",0,0,0,"1,067",0,1067,0.00%,100.00%,0.00%,0.00%,0.00%
20260126,22,朱光宁,3360,提莫書屋-exchange,16957,MW_336x280banner_提莫書屋_exchange,,,,"24,637","6,720",0,"6,720","18,892",0,24637,27.28%,76.68%,0.00%,0.00%,27.28%
20260126,22,朱光宁,3361,提莫書屋-mobile,16959,MW_320x480_文中創意_提莫書屋-mobile,,,,108,14,0,14,87,0,108,12.96%,80.56%,0.00%,0.00%,12.96%
20260126,22,欣發現股份有限公司,3364,女子學-mobile,16972,MW_置底創意_女子學,antifroud,,,105,97,0,97,59,0,105,92.38%,56.19%,0.00%,0.00%,92.38%
20260126,22,朱光宁,3149,稷下書院-exchange,17003,(子)CF_336x280_Banner(指定流量)_稷下書院-exchange,,,子聯播網,"3,391",112,0,112,"3,377",0,3391,3.30%,99.59%,0.00%,0.00%,3.30%
20260126,22,第一網站股份有限公司,2783,漫畫櫃manhuagui,17027,MW_320x480_蓋版_漫畫櫃manhuagui,,,,66,24,0,24,48,0,66,36.36%,72.73%,0.00%,0.00%,36.36%
20260126,22,朱光宁,3149,稷下書院-exchange,17095,(子)MW_336x280_Banner_稷下書院-exchange,antifroud,,,"29,541",523,0,523,"29,512",0,29541,1.77%,99.90%,0.00%,0.00%,1.77%
20260126,22,詠勝科技有限公司,3385,Mobile01_HB,17174,CF_970x250_超級橫幅_置底_Mobile01_HB,,知名媒體,,6,0,0,0,6,0,6,0.00%,100.00%,0.00%,0.00%,0.00%
20260126,22,詠勝科技有限公司,3385,Mobile01_HB,17178,CF_300x250_頻道頁_大看板_Mobile01_HB,,知名媒體,,60,0,0,0,60,0,60,0.00%,100.00%,0.00%,0.00%,0.00%
20260126,22,詠勝科技有限公司,3385,Mobile01_HB,17179,CF_300x250_熱門大看板_Mobile01_HB,,知名媒體,,"4,927",14,0,14,"4,926",0,4927,0.28%,99.98%,0.00%,0.00%,0.28%
20260126,22,詠勝科技有限公司,3385,Mobile01_HB,17183,CF_300x600_大摩天_Mobile01_HB,,知名媒體,,"2,278",0,0,0,"2,278",0,2278,0.00%,100.00%,0.00%,0.00%,0.00%
20260126,22,朱光宁,3268,稷下書院-mobile,17207,MW_320x480_蓋版_稷下書院-mobile,,,,300,102,0,102,209,0,300,34.00%,69.67%,0.00%,0.00%,34.00%
20260126,22,中華電視股份有限公司,3389,華視-mobile,17230,MW_置底創意(非展開)_華視-mobile,,知名媒體,,12,2,0,2,8,0,12,16.67%,66.67%,0.00%,0.00%,16.67%
20260126,22,李立娟,3395,vivi0視頻-exchange,17293,CF_336x280_Banner_vivi01視頻-exchange,antifroud,,,698,0,0,0,520,0,698,0.00%,74.50%,0.00%,0.00%,0.00%
20260126,22,李立娟,3395,vivi0視頻-exchange,17294,MW_336x280_Banner_vivi01視頻-exchange,antifroud,,,"5,728",35,0,35,"4,088",0,5728,0.61%,71.37%,0.00%,0.00%,0.61%
20260126,22,李立娟,3397,趣聞圖說-exchange,17297,(子)MW_336x280_Banner_趣聞圖說-exchange,antifroud,,,"59,265",235,0,235,"48,538",0,59265,0.40%,81.90%,0.00%,0.00%,0.40%
20260126,22,李立娟,3395,vivi0視頻-exchange,17299,MW_300x250_蓋板(PB)-vivi01視頻-exchange,,,,76,0,0,0,74,0,76,0.00%,97.37%,0.00%,0.00%,0.00%
20260126,22,李立娟,3395,vivi0視頻-exchange,17300,MW_320x100_置底(PB)_vivi01視頻-exchange,antifroud,,,632,4,0,4,476,0,632,0.63%,75.32%,0.00%,0.00%,0.63%
20260126,22,李立娟,3397,趣聞圖說-exchange,17309,MW_336x280_文中Banner_趣聞圖說-exchange,,,,14,0,0,0,14,0,14,0.00%,100.00%,0.00%,0.00%,0.00%
20260126,22,曾憲敏,601,85小說網_PC,1773,CF-300x250_85小說網_內文1,,,,292,66,0,66,260,0,292,22.60%,89.04%,0.00%,0.00%,22.60%
20260126,22,第一網站股份有限公司,2768,czbooks,17927,MW_置底創意_czbook,,,,40,15,0,15,30,0,40,37.50%,75.00%,0.00%,0.00%,37.50%
20260126,22,時報資訊股份有限公司_工商時報,3427,工商時報-exchange,18003,CF_300x250_互動看板2_工商時報-exchange,,知名媒體,,30,0,0,0,30,0,30,0.00%,100.00%,0.00%,0.00%,0.00%
20260126,22,第一網站股份有限公司,3440,fsa_passback_first,18202,CF_300x250_fsa_passback_first,,,,"1,387",247,0,247,"1,219",0,1387,17.81%,87.89%,0.00%,0.00%,17.81%
20260126,22,第一網站股份有限公司,3440,fsa_passback_first,18266,(子)CF_970x250_cfbanner_blog,,,子聯播網,"1,017",138,0,138,"1,017",0,1017,13.57%,100.00%,0.00%,0.00%,13.57%
20260126,22,莊博凱,3455,夢遊電玩,18269,300x250 Banner,,,,20,0,0,0,20,0,20,0.00%,100.00%,0.00%,0.00%,0.00%
20260126,22,冰楓科技有限公司,3485,冰楓論壇-exchange,18487,CF_970x90_內文上方第一塊_冰楓論壇-exchange,,,,868,54,0,54,840,0,868,6.22%,96.77%,0.00%,0.00%,6.22%
20260126,22,冰楓科技有限公司,3485,冰楓論壇-exchange,18488,MW_320x100_內文上方第一塊_ 冰楓論壇-exchange,antifroud,,,6,0,0,0,6,0,6,0.00%,100.00%,0.00%,0.00%,0.00%
20260126,22,冰楓科技有限公司,3485,冰楓論壇-exchange,18492,MW_300x250_Banner_ 冰楓論壇-exchange,,,,300,9,0,9,299,0,300,3.00%,99.67%,0.00%,0.00%,3.00%
20260126,22,CBROOT LTD,3492,包子漫畫(特開流量)-exchange,18544,(子)CF_300x600_指定流量_包子漫畫(特開流量)-exchange,,,子聯播網,"22,759",582,0,582,"22,745",0,22759,2.56%,99.94%,0.00%,0.00%,2.56%
20260126,22,CBROOT LTD,3492,包子漫畫(特開流量)-exchange,18545,(子)CF_970x250_指定時段_包子漫畫(特開流量)-exchange,,,子聯播網,"88,328",593,0,593,"88,300",0,88328,0.67%,99.97%,0.00%,0.00%,0.67%
20260126,22,CBROOT LTD,3492,包子漫畫(特開流量)-exchange,18546,(子)CF_300x250_指定時段_包子漫畫(特開流量)-exchange,,,子聯播網,"219,438","2,015",0,"2,015","219,352",0,219438,0.92%,99.96%,0.00%,0.00%,0.92%
20260126,22,CBROOT LTD,3492,包子漫畫(特開流量)-exchange,18558,CF_970x250_指定時段_包子漫畫(特開流量PB)-exchange,,,,"62,451",436,0,436,"62,451",0,62451,0.70%,100.00%,0.00%,0.00%,0.70%
20260126,22,CBROOT LTD,3510,包子漫畫_twmanga-exchange,18732,MW_336x280_Banner_包子漫畫_twmanga,,,子聯播網,"53,615",615,0,615,"53,235",0,53615,1.15%,99.29%,0.00%,0.00%,1.15%
20260126,22,CBROOT LTD,3510,包子漫畫_twmanga-exchange,18735,CF_336x280_Banner_包子漫畫_twmanga-exchange,,,,472,6,0,6,472,0,472,1.27%,100.00%,0.00%,0.00%,1.27%
20260126,22,CBROOT LTD,3510,包子漫畫_twmanga-exchange,18736,CF_970x250_ 包子漫畫_twmanga-exchange,,,,893,54,0,54,893,0,893,6.05%,100.00%,0.00%,0.00%,6.05%
20260126,22,第一網站股份有限公司,3516,ezneering,18756,(子)CF_300x250_Banner_ezneering,,,子聯播網,14,0,0,0,14,0,14,0.00%,100.00%,0.00%,0.00%,0.00%
20260126,22,舒禾驊,3535,荷花動漫筆記,18887,CF_336x280_文章頁文中_荷花動漫筆記,,,,32,0,0,0,32,0,32,0.00%,100.00%,0.00%,0.00%,0.00%
20260126,22,台灣英文新聞股份有限公司,3537,台灣英文新聞(new)-exchange,18924,CF_300x250_內容頁_右側看版_1_台灣英文新聞(new)-exchange,,知名媒體,,131,15,0,15,109,0,131,11.45%,83.21%,0.00%,0.00%,11.45%
20260126,22,台灣英文新聞股份有限公司,3537,台灣英文新聞(new)-exchange,18925,CF_300x600_內容頁_右側看版_2_台灣英文新聞(new)-exchange,,知名媒體,,14,0,0,0,14,0,14,0.00%,100.00%,0.00%,0.00%,0.00%
20260126,22,聯合線上股份有限公司,3442,UDN聯合新聞網,19031,MW_置底創意_UDN聯合新聞網,antifroud,知名媒體,,6,0,0,0,3,0,6,0.00%,50.00%,0.00%,0.00%,0.00%
20260126,22,艾得基客行銷顧問股份有限公司,3552,玩具人,19044,MW_320x480_文中創意_玩具人,,知名媒體,,245,34,0,34,174,0,245,13.88%,71.02%,0.00%,0.00%,13.88%
20260126,22,第一網站股份有限公司,2783,漫畫櫃manhuagui,20685,MW_300X250_manhuagui,antifroud,,,40,10,0,10,31,0,40,25.00%,77.50%,0.00%,0.00%,25.00%
20260126,22,德榕企業有限公司,3578,TW Bodhi_mobile,20708,MW_蓋板_TW Bodhi,,,,818,333,0,333,555,0,818,40.71%,67.85%,0.00%,0.00%,40.71%
20260126,22,德榕企業有限公司,3581,忘憂書屋,20727,CF_336x280文章頁(RWD)_忘憂書屋,,,,178,0,0,0,176,0,178,0.00%,98.88%,0.00%,0.00%,0.00%
20260126,22,第一網站股份有限公司,2910,clickme,20735,(子)CF_300x250_banner_clickme(成人),,,子聯播網,"13,324","1,156",0,"1,156","12,357",0,13324,8.68%,92.74%,0.00%,0.00%,8.68%
20260126,22,富盈數據股份有限公司,3653,TVBS-女人我最大_HB,21761,MW_文章四_336x280_TVBS-女人我最大_HB,,知名媒體,,6,2,0,2,4,0,6,33.33%,66.67%,0.00%,0.00%,33.33%
20260126,22,富盈數據股份有限公司,3653,TVBS-女人我最大_HB,21763,MW_文中創意320x480_TVBS-女人我最大_HB,,知名媒體,,"3,122",438,0,438,"2,017",0,3122,14.03%,64.61%,0.00%,0.00%,14.03%
20260126,22,富盈數據股份有限公司,3655,TVBS-食尚玩家_HB,21770,MW_文章三_336x280_TVBS-食尚玩家_HB,,知名媒體,,110,6,0,6,90,0,110,5.45%,81.82%,0.00%,0.00%,5.45%
20260126,22,富盈數據股份有限公司,3655,TVBS-食尚玩家_HB,21773,MW_文中創意320x480_TVBS-食尚玩家_HB,,知名媒體,,"1,047",120,0,120,721,0,1047,11.46%,68.86%,0.00%,0.00%,11.46%
20260126,22,先驅媒體社會企業股份有限公司,3554,新頭殼(R18),21830,(子)CF_300x250Banner_newtalk.tw_all_300250_1_新頭殼(R18),antifroud,知名媒體,子聯播網,6,0,0,0,6,0,6,0.00%,100.00%,0.00%,0.00%,0.00%
20260126,22,先驅媒體社會企業股份有限公司,3554,新頭殼(R18),21831,(子)CF_300x250Banner_newtalk.tw_all_300250_2_新頭殼(R18),,知名媒體,子聯播網,6,0,0,0,6,0,6,0.00%,100.00%,0.00%,0.00%,0.00%
20260126,22,先驅媒體社會企業股份有限公司,3554,新頭殼(R18),21839,ＭＷ_336x280Banner_newtalk.tw_mobile_all_336280_2_新頭殼(R18),antifroud,知名媒體,,80,0,0,0,78,0,80,0.00%,97.50%,0.00%,0.00%,0.00%
20260126,22,儂儂雜誌社股份有限公司(bella儂儂),2135,Bella儂儂_2024,21876,MW-300x250_文章標題上方1_Bella儂儂,,知名媒體,,"1,424",142,0,142,"1,070",0,1424,9.97%,75.14%,0.00%,0.00%,9.97%
20260126,22,富盈數據股份有限公司,3680,TVBS-新聞網_HB,21898,CF_文章右側300x600_TVBS-新聞網_HB,,知名媒體,,34,0,0,0,34,0,34,0.00%,100.00%,0.00%,0.00%,0.00%
20260126,22,富盈數據股份有限公司,3685,玩桌遊_mobile,21924,MW_置底創意(非展開)_玩桌遊-mobile,,,,461,175,0,175,317,0,461,37.96%,68.76%,0.00%,0.00%,37.96%
20260126,22,富盈數據股份有限公司,2615,熱血台中,21986,CF_336x280_全網_熱血台中,,,,64,10,0,10,59,0,64,15.62%,92.19%,0.00%,0.00%,15.62%
20260126,22,富盈數據股份有限公司,2615,熱血台中,21987,CF_336x280_全網_熱血台中,,,,39,11,0,11,34,0,39,28.21%,87.18%,0.00%,0.00%,28.21%
20260126,22,富盈數據股份有限公司,3704,天天要聞,22030,CF_300 x 250 banner_天天要聞_cpc2,,,,"2,558",62,0,62,"2,523",0,2558,2.42%,98.63%,0.00%,0.00%,2.42%
20260126,22,富盈數據股份有限公司,3703,繁體小說,22031,CF_300 x 250 banner_繁體小說_cpc2,,,,217,18,0,18,207,0,217,8.29%,95.39%,0.00%,0.00%,8.29%
20260126,22,朱光宁,3708,石頭小說,22045,CF_336 x 280 banner_石頭小說_cpc1.67,antifroud,,,"321,059","1,139",0,"1,139","320,701",0,321059,0.35%,99.89%,0.00%,0.00%,0.35%
20260126,22,冠妍動力科技有限公司,484,小老婆汽機車資訊網,22058,MW_文中創意320x480_小老婆汽機車資訊網-測試,,知名媒體,,30,10,0,10,23,0,30,33.33%,76.67%,0.00%,0.00%,33.33%
20260126,22,朱光宁,3718,稷下書院2,22093,CF_336 x 280 banner_稷下書院2_cpc1.67,antifroud,,,"253,939",564,0,564,"253,763",0,253939,0.22%,99.93%,0.00%,0.00%,0.22%
20260126,22,富盈數據股份有限公司,3680,TVBS-新聞網_HB,22131,CF_文中300x250_TVBS-新聞網_HB_1,,知名媒體,,12,0,0,0,12,0,12,0.00%,100.00%,0.00%,0.00%,0.00%
20260126,22,富盈數據股份有限公司,3680,TVBS-新聞網_HB,22132,CF_文中300x250_TVBS-新聞網_HB_2,,知名媒體,,96,0,0,0,95,0,96,0.00%,98.96%,0.00%,0.00%,0.00%
20260126,22,富盈數據股份有限公司,3680,TVBS-新聞網_HB,22133,CF_文中300x250_TVBS-新聞網_HB_3,,知名媒體,,179,0,0,0,179,0,179,0.00%,100.00%,0.00%,0.00%,0.00%
20260126,22,富盈數據股份有限公司,3730,Teepr 亮新聞 HB,22145,MW_336x280_文中創意_Teepr亮新聞 HB,,,,6,0,0,0,3,0,6,0.00%,50.00%,0.00%,0.00%,0.00%
20260126,22,闇碼科技股份有限公司,3048,縮短網址產生器-reurl,22213,MW_蓋版_縮短網址產生器-reurl-2025.05(特殊供量),,知名媒體,,289,26,0,26,218,0,289,9.00%,75.43%,0.00%,0.00%,9.00%
20260126,22,欣發現股份有限公司,3363,大人物-mobile,22222,MW_蓋板_大人物,,知名媒體,,6,4,0,4,4,0,6,66.67%,66.67%,0.00%,0.00%,66.67%
20260126,22,朱光宁,3741,石頭小說3,22398,CF_336 x 280 banner_石頭小說3_cpc1.67,,,,"26,730",460,0,460,"26,575",0,26730,1.72%,99.42%,0.00%,0.00%,1.72%
20260126,22,朱光宁,3741,石頭小說3,22399,CF_320 x 480 橫幅_石頭小說3,,,,26,6,0,6,21,0,26,23.08%,80.77%,0.00%,0.00%,23.08%
20260126,22,闇碼科技股份有限公司,3068,限時圖片-imgus,22406,MW_置底_imgus,antifroud,,,358,0,0,0,235,0,358,0.00%,65.64%,0.00%,0.00%,0.00%
20260126,22,第一網站股份有限公司,2783,漫畫櫃manhuagui,22443,MW_置底_manhuagui,antifroud,,,"1,421",384,0,384,"1,044",0,1421,27.02%,73.47%,0.00%,0.00%,27.02%
20260126,22,艾得基客行銷顧問股份有限公司,2578,鉅亨網,22507,MW_300x250_鉅亨網_直播用BN-1,,知名媒體,子聯播網,7,0,0,0,6,0,7,0.00%,85.71%,0.00%,0.00%,0.00%
20260126,22,李承翰-webptt,718,Web批踢踢(RWD),2284,MW-蓋板_文中_Web批踢踢,antifroud,,,50,6,0,6,48,0,50,12.00%,96.00%,0.00%,0.00%,12.00%
20260126,22,麥智維,999,動漫戲說,3543,CF-728*90-內文上方-動漫戲說,antifroud,,,30,8,0,8,28,0,30,26.67%,93.33%,0.00%,0.00%,26.67%
20260126,22,肖偉彬,1287,紅櫻桃小說書庫,4678,CF-內文上方-300*250-紅櫻桃小說書庫,,,,6,2,0,2,5,0,6,33.33%,83.33%,0.00%,0.00%,33.33%
20260126,22,技達創意資訊有限公司,1299,泰好網,4734,MW-320*100-首頁、內文上方-泰好網,,,,24,0,0,0,24,0,24,0.00%,100.00%,0.00%,0.00%,0.00%
20260126,22,陈晋福,1367,電視超人,4997,CF-300X250-電視超人,,,,8,8,0,8,8,0,8,100.00%,100.00%,0.00%,0.00%,100.00%
20260126,22,麥智維,999,動漫戲說,6069,CF-300*250-首頁-動漫戲說,,,,166,42,0,42,132,0,166,25.30%,79.52%,0.00%,0.00%,25.30%
20260126,22,精鏡傳媒股份有限公司,1060,鏡週刊,8250,MW_置底創意(非展開)_鏡週刊,,知名媒體,,69,0,0,0,67,0,69,0.00%,97.10%,0.00%,0.00%,0.00%
20260126,22,臺灣電視事業股份有限公司,52,台視,8313,PC-300x250_內文第一塊_台視財經,,知名媒體,,6,2,0,2,4,0,6,33.33%,66.67%,0.00%,0.00%,33.33%
20260126,22,布林遊國際有限公司,1692,Bring You,8393,CF-300X250-上方通欄右側_BringYou,,知名媒體,,6,0,0,0,6,0,6,0.00%,100.00%,0.00%,0.00%,0.00%
20260126,22,巧克科技新媒體股份有限公司,2127,LINE TV_Banner-exchange,8576,CF_336x280_戲劇-右側好康資訊下方_LINE TV-exchange,,知名媒體,,38,0,0,0,37,0,38,0.00%,97.37%,0.00%,0.00%,0.00%
20260126,23,英屬維京群島商浩美數位有限公司台灣分公司,2315,Teepr亮新聞-exchange,10012,CF_336x280Banner_Teepr亮新聞-exchange,,知名媒體,,156,2,0,2,110,0,156,1.28%,70.51%,0.00%,0.00%,1.28%
20260126,23,昱得資訊工作室,2528,數位書香,11080,CF_728x90_首頁上方_數位書香,antifroud,,,82,0,0,0,82,0,82,0.00%,100.00%,0.00%,0.00%,0.00%
20260126,23,昱得資訊工作室,2528,數位書香,11081,CF_160x600_首頁右側_數位書香,antifroud,,,"1,016",0,0,0,"1,016",0,1016,0.00%,100.00%,0.00%,0.00%,0.00%
20260126,23,第一網站股份有限公司,2518,麻辣家族討論區(twbts),11082,CF-728X90-twbts,antifroud,,,139,0,0,0,139,0,139,0.00%,100.00%,0.00%,0.00%,0.00%
20260126,23,第一網站股份有限公司,2540,risu短網址,11260,MW-300X250-MB_page_left-risu,,知名媒體,,6,0,0,0,6,0,6,0.00%,100.00%,0.00%,0.00%,0.00%
20260126,23,第一網站股份有限公司,2492,ttshow,11273,MW-300X250-ttshow,,知名媒體,,18,0,0,0,18,0,18,0.00%,100.00%,0.00%,0.00%,0.00%
20260126,23,第一網站股份有限公司,2601,Meme梗圖倉庫,11443,CF-336X280-meme,,,,24,6,0,6,21,0,24,25.00%,87.50%,0.00%,0.00%,25.00%
20260126,23,葉志斌,2745,繁中寶可夢卡表生成器-奶爸工作室-exchange,12210,CF_728x90__文末__繁中寶可夢卡表生成器,,,,34,0,0,0,34,0,34,0.00%,100.00%,0.00%,0.00%,0.00%
20260126,23,第一網站股份有限公司,2768,czbooks,12570,CF_728x90_banner_czbooks,,,,"49,582","1,907",0,"1,907","48,792",0,49582,3.85%,98.41%,0.00%,0.00%,3.85%
20260126,23,鳳梨傳媒股份有限公司,2190,民視新聞網-Exchange,12579,CF_300x250_右側第一塊_民視新聞網-Exchange(RWD)(MCM),,知名媒體,,"1,459",99,0,99,"1,055",0,1459,6.79%,72.31%,0.00%,0.00%,6.79%
20260126,23,鳳梨傳媒股份有限公司,2190,民視新聞網-Exchange,12580,CF_300x250_內文文中左側_民視新聞網-Exchange(RWD)(MCM),,知名媒體,,"1,488",80,0,80,"1,094",0,1488,5.38%,73.52%,0.00%,0.00%,5.38%
20260126,23,第一網站股份有限公司,2783,漫畫櫃manhuagui,12676,CF_728X90_manhuagui,antifroud,,,"78,977","13,073",0,"13,073","70,038",0,78977,16.55%,88.68%,0.00%,0.00%,16.55%
20260126,23,第一網站股份有限公司,2801,damanwoo,12868,CF-300x250_Banner_damanwoo_大人物,,,,6,0,0,0,6,0,6,0.00%,100.00%,0.00%,0.00%,0.00%
20260126,23,第一網站股份有限公司,2820,星座好朋友(horofriend88),12966,MW_320x100_horofriend88,antifroud,,,8,0,0,0,5,0,8,0.00%,62.50%,0.00%,0.00%,0.00%
20260126,23,曾憲敏,202,85小說網,13445,MW_336X280_全量1_85小說網,,,,"1,072",310,0,310,811,0,1072,28.92%,75.65%,0.00%,0.00%,28.92%
20260126,23,曾憲敏,202,85小說網,13446,MW_336X280_全量2_85小說網,,,,"8,152","2,316",0,"2,316","6,052",0,8152,28.41%,74.24%,0.00%,0.00%,28.41%
20260126,23,曾憲敏,601,85小說網_PC,13450,(子)CF_336x280_全量2_85小說網,,,子聯播網,182,2,0,2,182,0,182,1.10%,100.00%,0.00%,0.00%,1.10%
20260126,23,第一網站股份有限公司,2768,czbooks,13482,(子)CF_300x600_banner_czbooks(限時段),,,子聯播網,"3,247",6,0,6,"3,246",0,3247,0.18%,99.97%,0.00%,0.00%,0.18%
20260126,23,第一網站股份有限公司,2768,czbooks,13483,(子)CF_970x250_banner_czbooks(限時段),,,子聯播網,"3,749",6,0,6,"3,747",0,3749,0.16%,99.95%,0.00%,0.00%,0.16%
20260126,23,第一網站股份有限公司,2910,clickme,13548,(子)CF_300x250_banner_clickme(一般),,,子聯播網,"2,464",211,0,211,"2,227",0,2464,8.56%,90.38%,0.00%,0.00%,8.56%
20260126,23,第一網站股份有限公司,2910,clickme,13549,CF_300x250_banner_clickme(一般),,,,26,0,0,0,26,0,26,0.00%,100.00%,0.00%,0.00%,0.00%
20260126,23,第一網站股份有限公司,2916,KiKiNote,13576,(子)CF_300x250_banner_kikinote,,知名媒體,子聯播網,"1,569",456,0,456,"1,199",0,1569,29.06%,76.42%,0.00%,0.00%,29.06%
20260126,23,闇碼科技股份有限公司,2992,縮短網址產生器-reurl-exchange,13848,CF_300x250_轉址失敗_最右邊_reurl,,知名媒體,,6,0,0,0,6,0,6,0.00%,100.00%,0.00%,0.00%,0.00%
20260126,23,闇碼科技股份有限公司,2992,縮短網址產生器-reurl-exchange,13856,CF_300x250_轉址失敗頁第二塊_reurl,,知名媒體,,18,0,0,0,14,0,18,0.00%,77.78%,0.00%,0.00%,0.00%
20260126,23,第一網站股份有限公司,2768,czbooks,13903,(子)CF_300x250_banner_czbooks(直播),antifroud,,子聯播網,"266,108","54,851",0,"54,851","251,561",0,266108,20.61%,94.53%,0.00%,0.00%,20.61%
20260126,23,陳人鳳,480,飛格寵物家族_PC,1407,CF-728X90_上方通欄_飛格寵物家族,,,,54,4,0,4,52,0,54,7.41%,96.30%,0.00%,0.00%,7.41%
20260126,23,陳人鳳,480,飛格寵物家族_PC,1408,CF-300X250_內文_飛格寵物家族,,,,104,10,0,10,99,0,104,9.62%,95.19%,0.00%,0.00%,9.62%
20260126,23,闇碼科技股份有限公司,3048,縮短網址產生器-reurl,14210,MW_文中創意300x250_縮短網址產生器-reurl,,知名媒體,,179,18,0,18,123,0,179,10.06%,68.72%,0.00%,0.00%,10.06%
20260126,23,巨思文化股份有限公司,3052,經理人_HB,14238,MW_文章結束第一塊_300x250_經理人-HB,,知名媒體,,6,0,0,0,4,0,6,0.00%,66.67%,0.00%,0.00%,0.00%
20260126,23,巨思文化股份有限公司,3052,經理人_HB,14241,MW_300x250_內文下方_經理人-HB,,知名媒體,,6,0,0,0,4,0,6,0.00%,66.67%,0.00%,0.00%,0.00%
20260126,23,富盈數據股份有限公司,3059,塔科女子,14258,CF_336x280_全網_塔科女子,,知名媒體,,36,6,0,6,33,0,36,16.67%,91.67%,0.00%,0.00%,16.67%
20260126,23,朱光宁,3152,石頭小說-exchange,14472,MW_336x280_Banner_石頭小說,,,,"6,794","2,790",0,"2,790","5,161",0,6794,41.07%,75.96%,0.00%,0.00%,41.07%
20260126,23,朱光宁,3149,稷下書院-exchange,14748,MW_320x100_置底(PB)_稷下書院,,,,"40,499","14,111",0,"14,111","29,689",0,40499,34.84%,73.31%,0.00%,0.00%,34.84%
20260126,23,CBROOT LTD,3305,包子漫畫NEW-exchange,15145,(子)CF_970x250_指定流量Banner_包子漫畫(kukuc.co),antifroud,,子聯播網,827,0,0,0,827,0,827,0.00%,100.00%,0.00%,0.00%,0.00%
20260126,23,和運租車股份有限公司,2878,abc好車網,15249,CF_300x250_搜尋頁右側_abc好車網,,知名媒體,,6,2,0,2,4,0,6,33.33%,66.67%,0.00%,0.00%,33.33%
20260126,23,中天電視股份有限公司,3282,中天新聞網-exchange,15859,CF_336x280_內頁_PC右側互動看板B-中天新聞網-exchange,,知名媒體,,132,4,0,4,111,0,132,3.03%,84.09%,0.00%,0.00%,3.03%
20260126,23,CBROOT LTD,3352,西瓜卡通-exchange,15970,CF_160x600_影音內容_西瓜卡通-exchange,,,,118,0,0,0,118,0,118,0.00%,100.00%,0.00%,0.00%,0.00%
20260126,23,葉志斌,2745,繁中寶可夢卡表生成器-奶爸工作室-exchange,16950,CF_160x600_Banner_繁中寶可夢卡表生成器-奶爸工作室-exchange,,,,24,0,0,0,24,0,24,0.00%,100.00%,0.00%,0.00%,0.00%
20260126,23,葉志斌,2745,繁中寶可夢卡表生成器-奶爸工作室-exchange,16951,CF_300x600_Banner_繁中寶可夢卡表生成器-奶爸工作室-exchange,,,,48,0,0,0,48,0,48,0.00%,100.00%,0.00%,0.00%,0.00%
20260126,23,朱光宁,3360,提莫書屋-exchange,16957,MW_336x280banner_提莫書屋_exchange,,,,"23,084","6,858",0,"6,858","17,605",0,23084,29.71%,76.26%,0.00%,0.00%,29.71%
20260126,23,朱光宁,3361,提莫書屋-mobile,16959,MW_320x480_文中創意_提莫書屋-mobile,,,,112,22,0,22,88,0,112,19.64%,78.57%,0.00%,0.00%,19.64%
20260126,23,欣發現股份有限公司,3364,女子學-mobile,16972,MW_置底創意_女子學,antifroud,,,42,42,0,42,21,0,42,100.00%,50.00%,0.00%,0.00%,100.00%
20260126,23,朱光宁,3149,稷下書院-exchange,17095,(子)MW_336x280_Banner_稷下書院-exchange,antifroud,,,"1,546",12,0,12,"1,546",0,1546,0.78%,100.00%,0.00%,0.00%,0.78%
20260126,23,李立娟,3395,vivi0視頻-exchange,17294,MW_336x280_Banner_vivi01視頻-exchange,antifroud,,,6,0,0,0,6,0,6,0.00%,100.00%,0.00%,0.00%,0.00%
20260126,23,李立娟,3395,vivi0視頻-exchange,17300,MW_320x100_置底(PB)_vivi01視頻-exchange,antifroud,,,6,0,0,0,6,0,6,0.00%,100.00%,0.00%,0.00%,0.00%
20260126,23,李立娟,3397,趣聞圖說-exchange,17309,MW_336x280_文中Banner_趣聞圖說-exchange,,,,6,0,0,0,6,0,6,0.00%,100.00%,0.00%,0.00%,0.00%
20260126,23,曾憲敏,601,85小說網_PC,1773,CF-300x250_85小說網_內文1,,,,166,30,0,30,151,0,166,18.07%,90.96%,0.00%,0.00%,18.07%
20260126,23,第一網站股份有限公司,3440,fsa_passback_first,18202,CF_300x250_fsa_passback_first,,,,"6,735",852,0,852,"6,064",0,6735,12.65%,90.04%,0.00%,0.00%,12.65%
20260126,23,第一網站股份有限公司,3440,fsa_passback_first,18266,(子)CF_970x250_cfbanner_blog,,,子聯播網,30,0,0,0,30,0,30,0.00%,100.00%,0.00%,0.00%,0.00%
20260126,23,冰楓科技有限公司,3485,冰楓論壇-exchange,18487,CF_970x90_內文上方第一塊_冰楓論壇-exchange,,,,842,40,0,40,824,0,842,4.75%,97.86%,0.00%,0.00%,4.75%
20260126,23,冰楓科技有限公司,3485,冰楓論壇-exchange,18492,MW_300x250_Banner_ 冰楓論壇-exchange,,,,370,0,0,0,369,0,370,0.00%,99.73%,0.00%,0.00%,0.00%
20260126,23,CBROOT LTD,3492,包子漫畫(特開流量)-exchange,18544,(子)CF_300x600_指定流量_包子漫畫(特開流量)-exchange,,,子聯播網,"1,057",0,0,0,"1,057",0,1057,0.00%,100.00%,0.00%,0.00%,0.00%
20260126,23,CBROOT LTD,3492,包子漫畫(特開流量)-exchange,18558,CF_970x250_指定時段_包子漫畫(特開流量PB)-exchange,,,,"9,755",0,0,0,"9,755",0,9755,0.00%,100.00%,0.00%,0.00%,0.00%
20260126,23,舒禾驊,3535,荷花動漫筆記,18887,CF_336x280_文章頁文中_荷花動漫筆記,,,,16,0,0,0,16,0,16,0.00%,100.00%,0.00%,0.00%,0.00%
20260126,23,艾得基客行銷顧問股份有限公司,3552,玩具人,19044,MW_320x480_文中創意_玩具人,,知名媒體,,201,34,0,34,150,0,201,16.92%,74.63%,0.00%,0.00%,16.92%
20260126,23,第一網站股份有限公司,2783,漫畫櫃manhuagui,20685,MW_300X250_manhuagui,antifroud,,,6,4,0,4,3,0,6,66.67%,50.00%,0.00%,0.00%,66.67%
20260126,23,德榕企業有限公司,3577,TW Bodhi,20705,(子)CF_336x280_文章頁(RWD)_TW Bodhi,antifroud,,子聯播網,6,0,0,0,6,0,6,0.00%,100.00%,0.00%,0.00%,0.00%
20260126,23,德榕企業有限公司,3578,TW Bodhi_mobile,20708,MW_蓋板_TW Bodhi,,,,725,262,0,262,495,0,725,36.14%,68.28%,0.00%,0.00%,36.14%
20260126,23,德榕企業有限公司,3581,忘憂書屋,20727,CF_336x280文章頁(RWD)_忘憂書屋,,,,6,0,0,0,6,0,6,0.00%,100.00%,0.00%,0.00%,0.00%
20260126,23,第一網站股份有限公司,2910,clickme,20735,(子)CF_300x250_banner_clickme(成人),,,子聯播網,"14,336","1,288",0,"1,288","13,083",0,14336,8.98%,91.26%,0.00%,0.00%,8.98%
20260126,23,富盈數據股份有限公司,3653,TVBS-女人我最大_HB,21763,MW_文中創意320x480_TVBS-女人我最大_HB,,知名媒體,,"1,722",201,0,201,"1,119",0,1722,11.67%,64.98%,0.00%,0.00%,11.67%
20260126,23,富盈數據股份有限公司,3655,TVBS-食尚玩家_HB,21770,MW_文章三_336x280_TVBS-食尚玩家_HB,,知名媒體,,58,12,0,12,40,0,58,20.69%,68.97%,0.00%,0.00%,20.69%
20260126,23,富盈數據股份有限公司,3655,TVBS-食尚玩家_HB,21773,MW_文中創意320x480_TVBS-食尚玩家_HB,,知名媒體,,306,23,0,23,216,0,306,7.52%,70.59%,0.00%,0.00%,7.52%
20260126,23,儂儂雜誌社股份有限公司(bella儂儂),2135,Bella儂儂_2024,21876,MW-300x250_文章標題上方1_Bella儂儂,,知名媒體,,855,66,0,66,640,0,855,7.72%,74.85%,0.00%,0.00%,7.72%
20260126,23,富盈數據股份有限公司,2615,熱血台中,21986,CF_336x280_全網_熱血台中,,,,28,0,0,0,20,0,28,0.00%,71.43%,0.00%,0.00%,0.00%
20260126,23,富盈數據股份有限公司,2615,熱血台中,21987,CF_336x280_全網_熱血台中,,,,44,0,0,0,32,0,44,0.00%,72.73%,0.00%,0.00%,0.00%
20260126,23,富盈數據股份有限公司,3704,天天要聞,22030,CF_300 x 250 banner_天天要聞_cpc2,,,,34,14,0,14,27,0,34,41.18%,79.41%,0.00%,0.00%,41.18%
20260126,23,富盈數據股份有限公司,3703,繁體小說,22031,CF_300 x 250 banner_繁體小說_cpc2,,,,6,0,0,0,6,0,6,0.00%,100.00%,0.00%,0.00%,0.00%
20260126,23,朱光宁,3708,石頭小說,22045,CF_336 x 280 banner_石頭小說_cpc1.67,antifroud,,,"65,578",222,0,222,"65,563",0,65578,0.34%,99.98%,0.00%,0.00%,0.34%
20260126,23,冠妍動力科技有限公司,484,小老婆汽機車資訊網,22058,MW_文中創意320x480_小老婆汽機車資訊網-測試,,知名媒體,,6,4,0,4,3,0,6,66.67%,50.00%,0.00%,0.00%,66.67%
20260126,23,朱光宁,3718,稷下書院2,22093,CF_336 x 280 banner_稷下書院2_cpc1.67,antifroud,,,"58,162",46,0,46,"58,153",0,58162,0.08%,99.98%,0.00%,0.00%,0.08%
20260126,23,闇碼科技股份有限公司,3048,縮短網址產生器-reurl,22213,MW_蓋版_縮短網址產生器-reurl-2025.05(特殊供量),,知名媒體,,375,18,0,18,319,0,375,4.80%,85.07%,0.00%,0.00%,4.80%
20260126,23,朱光宁,3741,石頭小說3,22398,CF_336 x 280 banner_石頭小說3_cpc1.67,,,,"7,789",86,0,86,"7,700",0,7789,1.10%,98.86%,0.00%,0.00%,1.10%
20260126,23,闇碼科技股份有限公司,3068,限時圖片-imgus,22406,MW_置底_imgus,antifroud,,,195,0,0,0,134,0,195,0.00%,68.72%,0.00%,0.00%,0.00%
20260126,23,李承翰-webptt,718,Web批踢踢(RWD),2284,MW-蓋板_文中_Web批踢踢,antifroud,,,78,21,0,21,73,0,78,26.92%,93.59%,0.00%,0.00%,26.92%
20260126,23,麥智維,999,動漫戲說,3543,CF-728*90-內文上方-動漫戲說,antifroud,,,12,0,0,0,12,0,12,0.00%,100.00%,0.00%,0.00%,0.00%
20260126,23,技達創意資訊有限公司,1299,泰好網,4733,CF-300*250-內文下方-泰好網,,,,8,0,0,0,8,0,8,0.00%,100.00%,0.00%,0.00%,0.00%
20260126,23,技達創意資訊有限公司,1299,泰好網,4734,MW-320*100-首頁、內文上方-泰好網,,,,30,0,0,0,30,0,30,0.00%,100.00%,0.00%,0.00%,0.00%
20260126,23,陈晋福,1367,電視超人,4997,CF-300X250-電視超人,,,,30,0,0,0,30,0,30,0.00%,100.00%,0.00%,0.00%,0.00%
20260126,23,麥智維,999,動漫戲說,6069,CF-300*250-首頁-動漫戲說,,,,68,18,0,18,58,0,68,26.47%,85.29%,0.00%,0.00%,26.47%
20260126,23,巧克科技新媒體股份有限公司,2127,LINE TV_Banner-exchange,8576,CF_336x280_戲劇-右側好康資訊下方_LINE TV-exchange,,知名媒體,,18,0,0,0,17,0,18,0.00%,94.44%,0.00%,0.00%,0.00%
20260127,00,英屬維京群島商浩美數位有限公司台灣分公司,2315,Teepr亮新聞-exchange,10012,CF_336x280Banner_Teepr亮新聞-exchange,,知名媒體,,61,4,0,4,45,0,61,6.56%,73.77%,0.00%,0.00%,6.56%
20260127,00,昱得資訊工作室,2528,數位書香,11080,CF_728x90_首頁上方_數位書香,antifroud,,,42,0,0,0,42,0,42,0.00%,100.00%,0.00%,0.00%,0.00%
20260127,00,昱得資訊工作室,2528,數位書香,11081,CF_160x600_首頁右側_數位書香,antifroud,,,646,0,0,0,646,0,646,0.00%,100.00%,0.00%,0.00%,0.00%
20260127,00,第一網站股份有限公司,2518,麻辣家族討論區(twbts),11082,CF-728X90-twbts,antifroud,,,"1,949",0,0,0,"1,949",0,1949,0.00%,100.00%,0.00%,0.00%,0.00%
20260127,00,第一網站股份有限公司,2540,risu短網址,11260,MW-300X250-MB_page_left-risu,,知名媒體,,20,14,0,14,13,0,20,70.00%,65.00%,0.00%,0.00%,70.00%
20260127,00,第一網站股份有限公司,2492,ttshow,11273,MW-300X250-ttshow,,知名媒體,,6,0,0,0,6,0,6,0.00%,100.00%,0.00%,0.00%,0.00%
20260127,00,第一網站股份有限公司,2601,Meme梗圖倉庫,11443,CF-336X280-meme,,,,278,94,0,94,205,0,278,33.81%,73.74%,0.00%,0.00%,33.81%
20260127,00,艾得基客行銷顧問股份有限公司,2578,鉅亨網,12070,MW_320x480_文中創意_鉅亨網,,知名媒體,,"6,252",458,0,458,"4,898",0,6252,7.33%,78.34%,0.00%,0.00%,7.33%
20260127,00,第一網站股份有限公司,2540,risu短網址,12496,CF_300x250_popup(直播) _risu短網址,antifroud,知名媒體,,6,0,0,0,6,0,6,0.00%,100.00%,0.00%,0.00%,0.00%
20260127,00,時報資訊股份有限公司,2770,中時電子報_HB,12559,CF_300x250_右側互動看版_中時電子報_HB,,知名媒體,,91,9,0,9,81,0,91,9.89%,89.01%,0.00%,0.00%,9.89%
20260127,00,時報資訊股份有限公司,2770,中時電子報_HB,12560,CF_336x280_文中看板_中時電子報_HB,,知名媒體,,92,8,0,8,84,0,92,8.70%,91.30%,0.00%,0.00%,8.70%
20260127,00,時報資訊股份有限公司,2770,中時電子報_HB,12561,MW_300x250_內頁TOP Banner_中時電子報_HB,antifroud,知名媒體,,936,125,0,125,736,0,936,13.35%,78.63%,0.00%,0.00%,13.35%
20260127,00,第一網站股份有限公司,2768,czbooks,12570,CF_728x90_banner_czbooks,,,,"4,422","1,240",0,"1,240","3,764",0,4422,28.04%,85.12%,0.00%,0.00%,28.04%
20260127,00,第一網站股份有限公司,2768,czbooks,12571,CF-300x600_Banner_czbooks,,,,"1,720",4,0,4,860,0,1720,0.23%,50.00%,0.00%,0.00%,0.23%
20260127,00,鳳梨傳媒股份有限公司,2190,民視新聞網-Exchange,12579,CF_300x250_右側第一塊_民視新聞網-Exchange(RWD)(MCM),,知名媒體,,406,19,0,19,308,0,406,4.68%,75.86%,0.00%,0.00%,4.68%
20260127,00,鳳梨傳媒股份有限公司,2190,民視新聞網-Exchange,12580,CF_300x250_內文文中左側_民視新聞網-Exchange(RWD)(MCM),,知名媒體,,419,20,0,20,321,0,419,4.77%,76.61%,0.00%,0.00%,4.77%
20260127,00,第一網站股份有限公司,2783,漫畫櫃manhuagui,12676,CF_728X90_manhuagui,antifroud,,,"61,990","9,879",0,"9,879","54,611",0,61990,15.94%,88.10%,0.00%,0.00%,15.94%
20260127,00,第一網站股份有限公司,2820,星座好朋友(horofriend88),12966,MW_320x100_horofriend88,antifroud,,,170,0,0,0,114,0,170,0.00%,67.06%,0.00%,0.00%,0.00%
20260127,00,第一網站股份有限公司,2836,vivi01,13032,MW_置底創意_vivi01 ViVi視頻,,,,12,0,0,0,9,0,12,0.00%,75.00%,0.00%,0.00%,0.00%
20260127,00,第一網站股份有限公司,2838,mycard,13041,MW_320x480_加倍mycard,,,,"3,020",0,0,0,"3,020",0,3020,0.00%,100.00%,0.00%,0.00%,0.00%
20260127,00,第一網站股份有限公司,2862,Manhuaren,13254,MW_320x100_banner_manhuaren,,,,30,5,0,5,20,0,30,16.67%,66.67%,0.00%,0.00%,16.67%
20260127,00,和運租車股份有限公司,2878,abc好車網,13368,CF_970x90_物件頁下方_abc好車網,,知名媒體,,8,0,0,0,6,0,8,0.00%,75.00%,0.00%,0.00%,0.00%
20260127,00,譚謹恩,2885,Mr. & Mrs. Diary-exchange,13403,CF_728x90_內文上方_ Mr. & Mrs. Diary-exchange,,,,6,0,0,0,6,0,6,0.00%,100.00%,0.00%,0.00%,0.00%
20260127,00,譚謹恩,2885,Mr. & Mrs. Diary-exchange,13405,CF_970x250_內文文中_Mr. & Mrs. Diary-exchange,,,,6,0,0,0,6,0,6,0.00%,100.00%,0.00%,0.00%,0.00%
20260127,00,曾憲敏,202,85小說網,13445,MW_336X280_全量1_85小說網,,,,426,113,0,113,336,0,426,26.53%,78.87%,0.00%,0.00%,26.53%
20260127,00,曾憲敏,202,85小說網,13446,MW_336X280_全量2_85小說網,,,,"1,940",550,0,550,"1,470",0,1940,28.35%,75.77%,0.00%,0.00%,28.35%
20260127,00,第一網站股份有限公司,2910,clickme,13549,CF_300x250_banner_clickme(一般),,,,"2,114",369,0,369,"1,581",0,2114,17.46%,74.79%,0.00%,0.00%,17.46%
20260127,00,第一網站股份有限公司,2768,czbooks,14036,MW_320x480_CZBOOKS,antifroud,,,"2,112",734,0,734,"1,474",0,2112,34.75%,69.79%,0.00%,0.00%,34.75%
20260127,00,陳人鳳,480,飛格寵物家族_PC,1407,CF-728X90_上方通欄_飛格寵物家族,,,,30,4,0,4,28,0,30,13.33%,93.33%,0.00%,0.00%,13.33%
20260127,00,陳人鳳,480,飛格寵物家族_PC,1408,CF-300X250_內文_飛格寵物家族,,,,121,6,0,6,99,0,121,4.96%,81.82%,0.00%,0.00%,4.96%
20260127,00,闇碼科技股份有限公司,3048,縮短網址產生器-reurl,14210,MW_文中創意300x250_縮短網址產生器-reurl,,知名媒體,,94,4,0,4,71,0,94,4.26%,75.53%,0.00%,0.00%,4.26%
20260127,00,巨思文化股份有限公司,3052,經理人_HB,14238,MW_文章結束第一塊_300x250_經理人-HB,,知名媒體,,20,4,0,4,12,0,20,20.00%,60.00%,0.00%,0.00%,20.00%
20260127,00,巨思文化股份有限公司,3052,經理人_HB,14241,MW_300x250_內文下方_經理人-HB,,知名媒體,,14,2,0,2,9,0,14,14.29%,64.29%,0.00%,0.00%,14.29%
20260127,00,巨思文化股份有限公司,3053,數位時代_HB,14246,MW_300x250_文章結束第一塊_數位時代-HB,,知名媒體,,6,0,0,0,4,0,6,0.00%,66.67%,0.00%,0.00%,0.00%
20260127,00,富盈數據股份有限公司,3059,塔科女子,14258,CF_336x280_全網_塔科女子,,知名媒體,,159,56,0,56,102,0,159,35.22%,64.15%,0.00%,0.00%,35.22%
20260127,00,CBROOT LTD,3003,包子漫畫-exchange,14291,MW_300x250_蓋板(PB)_包子漫畫,,,,"1,321",513,0,513,912,0,1321,38.83%,69.04%,0.00%,0.00%,38.83%
20260127,00,巨思文化股份有限公司,3052,經理人_HB,14735,MW_文中創意320x480_第二塊_數位時代_HB,,知名媒體,,6,2,0,2,3,0,6,33.33%,50.00%,0.00%,0.00%,33.33%
20260127,00,朱光宁,3149,稷下書院-exchange,14748,MW_320x100_置底(PB)_稷下書院,,,,32,16,0,16,24,0,32,50.00%,75.00%,0.00%,0.00%,50.00%
20260127,00,巨思文化股份有限公司,3053,數位時代_HB,14764,MW_置底創意_(非展開)_數位時代_HB,,知名媒體,,36,8,0,8,22,0,36,22.22%,61.11%,0.00%,0.00%,22.22%
20260127,00,鳳梨傳媒股份有限公司,3277,民視新聞網-Mobile,14772,MW_置底創意_民視新聞-Mobile,,知名媒體,,"4,937",257,0,257,"3,477",0,4937,5.21%,70.43%,0.00%,0.00%,5.21%
20260127,00,曾憲敏,3327,85小說網_創意,15227,MW-300X250_85小說網_隨身影音PB,,,,104,32,0,32,76,0,104,30.77%,73.08%,0.00%,0.00%,30.77%
20260127,00,曾憲敏,3327,85小說網_創意,15228,MW-創意-85小說網,,,,"1,145",285,0,285,891,0,1145,24.89%,77.82%,0.00%,0.00%,24.89%
20260127,00,中天電視股份有限公司,3282,中天新聞網-exchange,15859,CF_336x280_內頁_PC右側互動看板B-中天新聞網-exchange,,知名媒體,,66,2,0,2,59,0,66,3.03%,89.39%,0.00%,0.00%,3.03%
20260127,00,CBROOT LTD,3352,西瓜卡通-exchange,15969,CF_728x90_影音內容_西瓜卡通-exchange,,,,26,2,0,2,25,0,26,7.69%,96.15%,0.00%,0.00%,7.69%
20260127,00,CBROOT LTD,3352,西瓜卡通-exchange,15970,CF_160x600_影音內容_西瓜卡通-exchange,,,,341,0,0,0,341,0,341,0.00%,100.00%,0.00%,0.00%,0.00%
20260127,00,朱光宁,3360,提莫書屋-exchange,16957,MW_336x280banner_提莫書屋_exchange,,,,"18,178","5,005",0,"5,005","13,945",0,18178,27.53%,76.71%,0.00%,0.00%,27.53%
20260127,00,朱光宁,3361,提莫書屋-mobile,16958,MW_置底創意_提莫書屋-mobile,,,,110,22,0,22,85,0,110,20.00%,77.27%,0.00%,0.00%,20.00%
20260127,00,朱光宁,3361,提莫書屋-mobile,16959,MW_320x480_文中創意_提莫書屋-mobile,,,,141,42,0,42,102,0,141,29.79%,72.34%,0.00%,0.00%,29.79%
20260127,00,巧克科技新媒體股份有限公司,1494,LINE TV,16964,CF_336x280_影音暫停頁_LINE TV,,知名媒體,,496,28,0,28,478,0,496,5.65%,96.37%,0.00%,0.00%,5.65%
20260127,00,欣發現股份有限公司,3365,Hami任務牆-mobile,16969,MW_置底創意_Hami任務牆,,知名媒體,,160,22,0,22,147,0,160,13.75%,91.88%,0.00%,0.00%,13.75%
20260127,00,欣發現股份有限公司,3364,女子學-mobile,16972,MW_置底創意_女子學,antifroud,,,"1,010",444,0,444,601,0,1010,43.96%,59.50%,0.00%,0.00%,43.96%
20260127,00,欣發現股份有限公司,3363,大人物-mobile,16973,MW_置底創意_大人物,,知名媒體,,93,20,0,20,76,0,93,21.51%,81.72%,0.00%,0.00%,21.51%
20260127,00,欣發現股份有限公司,3362,妞新聞-mobile,16974,MW_置底創意_妞新聞,,知名媒體,,6,0,0,0,6,0,6,0.00%,100.00%,0.00%,0.00%,0.00%
20260127,00,第一網站股份有限公司,2783,漫畫櫃manhuagui,17027,MW_320x480_蓋版_漫畫櫃manhuagui,,,,"12,530","3,277",0,"3,277","9,091",0,12530,26.15%,72.55%,0.00%,0.00%,26.15%
20260127,00,詠勝科技有限公司,3385,Mobile01_HB,17175,CF_970x90_橫幅Banner_Mobile01_HB,,知名媒體,,513,75,0,75,466,0,513,14.62%,90.84%,0.00%,0.00%,14.62%
20260127,00,詠勝科技有限公司,3385,Mobile01_HB,17178,CF_300x250_頻道頁_大看板_Mobile01_HB,,知名媒體,,6,0,0,0,6,0,6,0.00%,100.00%,0.00%,0.00%,0.00%
20260127,00,詠勝科技有限公司,3385,Mobile01_HB,17179,CF_300x250_熱門大看板_Mobile01_HB,,知名媒體,,615,89,0,89,561,0,615,14.47%,91.22%,0.00%,0.00%,14.47%
20260127,00,詠勝科技有限公司,3385,Mobile01_HB,17180,CF_300x250_置底看板左_Mobile01_HB,,知名媒體,,105,16,0,16,93,0,105,15.24%,88.57%,0.00%,0.00%,15.24%
20260127,00,詠勝科技有限公司,3385,Mobile01_HB,17181,CF_300x250_置底看板中_Mobile01_HB,,知名媒體,,111,19,0,19,98,0,111,17.12%,88.29%,0.00%,0.00%,17.12%
20260127,00,詠勝科技有限公司,3385,Mobile01_HB,17183,CF_300x600_大摩天_Mobile01_HB,,知名媒體,,261,30,0,30,243,0,261,11.49%,93.10%,0.00%,0.00%,11.49%
20260127,00,詠勝科技有限公司,3385,Mobile01_HB,17196,CF_160x600_門神_right_Mobile01_HB,,知名媒體,,24,0,0,0,24,0,24,0.00%,100.00%,0.00%,0.00%,0.00%
20260127,00,詠勝科技有限公司,3385,Mobile01_HB,17197,CF_160x600_門神_left_Mobile01_HB,,知名媒體,,24,0,0,0,24,0,24,0.00%,100.00%,0.00%,0.00%,0.00%
20260127,00,詠勝科技有限公司,3385,Mobile01_HB,17204,MW_300x250_文中Banner(interscroller)_Mobile01_HB,,知名媒體,,207,121,0,121,121,0,207,58.45%,58.45%,0.00%,0.00%,58.45%
20260127,00,朱光宁,3268,稷下書院-mobile,17207,MW_320x480_蓋版_稷下書院-mobile,,,,"42,437","14,147",0,"14,147","29,094",0,42437,33.34%,68.56%,0.00%,0.00%,33.34%
20260127,00,艾得基客行銷顧問股份有限公司,3391,UDN聯合新聞網,17236,MW_置底創意_UDN聯合新聞,,知名媒體,,"12,837",8,0,8,"12,837",0,12837,0.06%,100.00%,0.00%,0.00%,0.06%
20260127,00,李立娟,3395,vivi0視頻-exchange,17293,CF_336x280_Banner_vivi01視頻-exchange,antifroud,,,"38,152",223,0,223,"26,636",0,38152,0.58%,69.82%,0.00%,0.00%,0.58%
20260127,00,李立娟,3395,vivi0視頻-exchange,17294,MW_336x280_Banner_vivi01視頻-exchange,antifroud,,,"49,068",248,0,248,"34,050",0,49068,0.51%,69.39%,0.00%,0.00%,0.51%
20260127,00,李立娟,3395,vivi0視頻-exchange,17299,MW_300x250_蓋板(PB)-vivi01視頻-exchange,,,,6,0,0,0,6,0,6,0.00%,100.00%,0.00%,0.00%,0.00%
20260127,00,李立娟,3395,vivi0視頻-exchange,17300,MW_320x100_置底(PB)_vivi01視頻-exchange,antifroud,,,"62,546",333,0,333,"43,524",0,62546,0.53%,69.59%,0.00%,0.00%,0.53%
20260127,00,李立娟,3397,趣聞圖說-exchange,17309,MW_336x280_文中Banner_趣聞圖說-exchange,,,,18,0,0,0,18,0,18,0.00%,100.00%,0.00%,0.00%,0.00%
20260127,00,曾憲敏,601,85小說網_PC,1773,CF-300x250_85小說網_內文1,,,,12,6,0,6,9,0,12,50.00%,75.00%,0.00%,0.00%,50.00%
20260127,00,李立娟,3396,趣聞圖說-Mobile,17923,MW_置底創意(展開)_趣聞圖說-Mobile,,,,42,0,0,0,36,0,42,0.00%,85.71%,0.00%,0.00%,0.00%
20260127,00,第一網站股份有限公司,2768,czbooks,17927,MW_置底創意_czbook,,,,"19,875","6,884",0,"6,884","13,965",0,19875,34.64%,70.26%,0.00%,0.00%,34.64%
20260127,00,時報資訊股份有限公司_工商時報,3427,工商時報-exchange,18014,MW_300x250_文末Banner1_工商時報-exchange,,知名媒體,,12,2,0,2,7,0,12,16.67%,58.33%,0.00%,0.00%,16.67%
20260127,00,時報資訊股份有限公司_工商時報,3427,工商時報-exchange,18015,MW_300x250_文末Banner2_工商時報-exchange,,知名媒體,,194,20,0,20,153,0,194,10.31%,78.87%,0.00%,0.00%,10.31%
20260127,00,第一網站股份有限公司,3440,fsa_passback_first,18201,CF_336x280_fsa_passback_first,,,,121,39,0,39,103,0,121,32.23%,85.12%,0.00%,0.00%,32.23%
20260127,00,第一網站股份有限公司,3440,fsa_passback_first,18202,CF_300x250_fsa_passback_first,,,,446,58,0,58,396,0,446,13.00%,88.79%,0.00%,0.00%,13.00%
20260127,00,冰楓科技有限公司,3485,冰楓論壇-exchange,18487,CF_970x90_內文上方第一塊_冰楓論壇-exchange,,,,"1,091",31,0,31,"1,079",0,1091,2.84%,98.90%,0.00%,0.00%,2.84%
20260127,00,冰楓科技有限公司,3485,冰楓論壇-exchange,18488,MW_320x100_內文上方第一塊_ 冰楓論壇-exchange,antifroud,,,142,12,0,12,132,0,142,8.45%,92.96%,0.00%,0.00%,8.45%
20260127,00,冰楓科技有限公司,3485,冰楓論壇-exchange,18492,MW_300x250_Banner_ 冰楓論壇-exchange,,,,345,20,0,20,337,0,345,5.80%,97.68%,0.00%,0.00%,5.80%
20260127,00,闇碼科技股份有限公司,3048,縮短網址產生器-reurl,18535,MW_蓋版_縮短網址產生器-reurl,,知名媒體,,6,2,0,2,4,0,6,33.33%,66.67%,0.00%,0.00%,33.33%
20260127,00,CBROOT LTD,3492,包子漫畫(特開流量)-exchange,18557,CF_300x600_指定流量_包子漫畫(特開流量PB)-exchange,,,,120,2,0,2,117,0,120,1.67%,97.50%,0.00%,0.00%,1.67%
20260127,00,CBROOT LTD,3492,包子漫畫(特開流量)-exchange,18558,CF_970x250_指定時段_包子漫畫(特開流量PB)-exchange,,,,"1,605",137,0,137,"1,495",0,1605,8.54%,93.15%,0.00%,0.00%,8.54%
20260127,00,CBROOT LTD,3510,包子漫畫_twmanga-exchange,18737,CF_970x90_Banner_ 包子漫畫_twmanga-exchange,,,,44,6,0,6,41,0,44,13.64%,93.18%,0.00%,0.00%,13.64%
20260127,00,台灣英文新聞股份有限公司,3537,台灣英文新聞(new)-exchange,18924,CF_300x250_內容頁_右側看版_1_台灣英文新聞(new)-exchange,,知名媒體,,6,2,0,2,5,0,6,33.33%,83.33%,0.00%,0.00%,33.33%
20260127,00,聯合線上股份有限公司,3442,UDN聯合新聞網,19031,MW_置底創意_UDN聯合新聞網,antifroud,知名媒體,,"4,219",680,0,680,"2,090",0,4219,16.12%,49.54%,0.00%,0.00%,16.12%
20260127,00,聯合線上股份有限公司,3549,UDN元氣網,19033,MW_置底創意_UDN元氣網,,知名媒體,,178,22,0,22,136,0,178,12.36%,76.40%,0.00%,0.00%,12.36%
20260127,00,艾得基客行銷顧問股份有限公司,3552,玩具人,19044,MW_320x480_文中創意_玩具人,,知名媒體,,66,16,0,16,45,0,66,24.24%,68.18%,0.00%,0.00%,24.24%
20260127,00,第一網站股份有限公司,2783,漫畫櫃manhuagui,20685,MW_300X250_manhuagui,antifroud,,,"20,084","5,792",0,"5,792","14,947",0,20084,28.84%,74.42%,0.00%,0.00%,28.84%
20260127,00,德榕企業有限公司,3578,TW Bodhi_mobile,20707,MW_置底創意_TW Bodhi,,,,114,32,0,32,79,0,114,28.07%,69.30%,0.00%,0.00%,28.07%
20260127,00,德榕企業有限公司,3578,TW Bodhi_mobile,20708,MW_蓋板_TW Bodhi,,,,266,106,0,106,167,0,266,39.85%,62.78%,0.00%,0.00%,39.85%
20260127,00,德榕企業有限公司,3581,忘憂書屋,20727,CF_336x280文章頁(RWD)_忘憂書屋,,,,119,42,0,42,81,0,119,35.29%,68.07%,0.00%,0.00%,35.29%
20260127,00,德榕企業有限公司,3582,忘憂書屋_mobile,20729,MW_蓋板_忘憂書屋,,,,104,40,0,40,69,0,104,38.46%,66.35%,0.00%,0.00%,38.46%
20260127,00,德榕企業有限公司,3582,忘憂書屋_mobile,20730,MW_置底創意_忘憂書屋,,,,146,56,0,56,99,0,146,38.36%,67.81%,0.00%,0.00%,38.36%
20260127,00,第一網站股份有限公司,2916,KiKiNote,20731,CF_300x250_banner_kikinote (PB),,知名媒體,,44,0,0,0,44,0,44,0.00%,100.00%,0.00%,0.00%,0.00%
20260127,00,艾得基客行銷顧問股份有限公司,3490,太報,21317,MW_蓋版_太報,,知名媒體,,6,0,0,0,4,0,6,0.00%,66.67%,0.00%,0.00%,0.00%
20260127,00,第一網站股份有限公司,2768,czbooks,21412,(子)CF_970x250_banner_czbooks(限時段)-PB,,,子聯播網,"3,351",873,0,873,"2,891",0,3351,26.05%,86.27%,0.00%,0.00%,26.05%
20260127,00,第一網站股份有限公司,3440,fsa_passback_first,21699,CF_336x280_fsa_passback_first,,,,280,46,0,46,257,0,280,16.43%,91.79%,0.00%,0.00%,16.43%
20260127,00,富盈數據股份有限公司,3653,TVBS-女人我最大_HB,21761,MW_文章四_336x280_TVBS-女人我最大_HB,,知名媒體,,102,22,0,22,60,0,102,21.57%,58.82%,0.00%,0.00%,21.57%
20260127,00,富盈數據股份有限公司,3653,TVBS-女人我最大_HB,21763,MW_文中創意320x480_TVBS-女人我最大_HB,,知名媒體,,157,24,0,24,98,0,157,15.29%,62.42%,0.00%,0.00%,15.29%
20260127,00,富盈數據股份有限公司,3654,TVBS-健康2.0_HB,21765,MW_文章三_336x280_TVBS-健康2.0_HB,,知名媒體,,160,14,0,14,106,0,160,8.75%,66.25%,0.00%,0.00%,8.75%
20260127,00,富盈數據股份有限公司,3654,TVBS-健康2.0_HB,21768,MW_文中創意320x480_TVBS-健康2.0_HB,,知名媒體,,666,159,0,159,454,0,666,23.87%,68.17%,0.00%,0.00%,23.87%
20260127,00,富盈數據股份有限公司,3655,TVBS-食尚玩家_HB,21770,MW_文章三_336x280_TVBS-食尚玩家_HB,,知名媒體,,110,22,0,22,84,0,110,20.00%,76.36%,0.00%,0.00%,20.00%
20260127,00,富盈數據股份有限公司,3655,TVBS-食尚玩家_HB,21773,MW_文中創意320x480_TVBS-食尚玩家_HB,,知名媒體,,54,12,0,12,34,0,54,22.22%,62.96%,0.00%,0.00%,22.22%
20260127,00,儂儂雜誌社股份有限公司(bella儂儂),2135,Bella儂儂_2024,21876,MW-300x250_文章標題上方1_Bella儂儂,,知名媒體,,120,13,0,13,89,0,120,10.83%,74.17%,0.00%,0.00%,10.83%
20260127,00,富盈數據股份有限公司,3680,TVBS-新聞網_HB,21899,MW_文章一_336x280_TVBS-新聞網_HB,,知名媒體,,"8,033",177,0,177,"5,128",0,8033,2.20%,63.84%,0.00%,0.00%,2.20%
20260127,00,富盈數據股份有限公司,3680,TVBS-新聞網_HB,21900,MW_文章三_336x280_TVBS-新聞網_HB,,知名媒體,,104,22,0,22,69,0,104,21.15%,66.35%,0.00%,0.00%,21.15%
20260127,00,富盈數據股份有限公司,3680,TVBS-新聞網_HB,21902,MW_文章置底_320x100_TVBS-新聞網_HB,,知名媒體,,"6,443",199,0,199,"4,107",0,6443,3.09%,63.74%,0.00%,0.00%,3.09%
20260127,00,富盈數據股份有限公司,3684,稅美人_mobile,21923,MW_置底創意(非展開)_稅美人-mobile,,,,6,2,0,2,5,0,6,33.33%,83.33%,0.00%,0.00%,33.33%
20260127,00,富盈數據股份有限公司,3685,玩桌遊_mobile,21924,MW_置底創意(非展開)_玩桌遊-mobile,,,,124,58,0,58,84,0,124,46.77%,67.74%,0.00%,0.00%,46.77%
20260127,00,富盈數據股份有限公司,2615,熱血台中,21986,CF_336x280_全網_熱血台中,,,,128,0,0,0,80,0,128,0.00%,62.50%,0.00%,0.00%,0.00%
20260127,00,富盈數據股份有限公司,2615,熱血台中,21987,CF_336x280_全網_熱血台中,,,,175,1,0,1,115,0,175,0.57%,65.71%,0.00%,0.00%,0.57%
20260127,00,富盈數據股份有限公司,3704,天天要聞,22030,CF_300 x 250 banner_天天要聞_cpc2,,,,486,134,0,134,370,0,486,27.57%,76.13%,0.00%,0.00%,27.57%
20260127,00,富盈數據股份有限公司,3703,繁體小說,22031,CF_300 x 250 banner_繁體小說_cpc2,,,,268,97,0,97,194,0,268,36.19%,72.39%,0.00%,0.00%,36.19%
20260127,00,冠妍動力科技有限公司,484,小老婆汽機車資訊網,22058,MW_文中創意320x480_小老婆汽機車資訊網-測試,,知名媒體,,6,0,0,0,5,0,6,0.00%,83.33%,0.00%,0.00%,0.00%
20260127,00,英屬蓋曼群島商家庭傳媒股份有限公司城邦分公司,701,T客邦_Mobile,2213,MW_置底創意(非展開)_T客邦,,知名媒體,,6,0,0,0,6,0,6,0.00%,100.00%,0.00%,0.00%,0.00%
20260127,00,富盈數據股份有限公司,3680,TVBS-新聞網_HB,22132,CF_文中300x250_TVBS-新聞網_HB_2,,知名媒體,,6,0,0,0,5,0,6,0.00%,83.33%,0.00%,0.00%,0.00%
20260127,00,富盈數據股份有限公司,3680,TVBS-新聞網_HB,22133,CF_文中300x250_TVBS-新聞網_HB_3,,知名媒體,,24,2,0,2,20,0,24,8.33%,83.33%,0.00%,0.00%,8.33%
20260127,00,闇碼科技股份有限公司,3048,縮短網址產生器-reurl,22213,MW_蓋版_縮短網址產生器-reurl-2025.05(特殊供量),,知名媒體,,88,6,0,6,70,0,88,6.82%,79.55%,0.00%,0.00%,6.82%
20260127,00,欣發現股份有限公司,3362,妞新聞-mobile,22221,MW_蓋板_妞新聞,,知名媒體,,24,6,0,6,16,0,24,25.00%,66.67%,0.00%,0.00%,25.00%
20260127,00,欣發現股份有限公司,3363,大人物-mobile,22222,MW_蓋板_大人物,,知名媒體,,87,21,0,21,75,0,87,24.14%,86.21%,0.00%,0.00%,24.14%
20260127,00,朱光宁,3741,石頭小說3,22396,MW_置底_石頭小說3,,,,383,171,0,171,261,0,383,44.65%,68.15%,0.00%,0.00%,44.65%
20260127,00,朱光宁,3741,石頭小說3,22398,CF_336 x 280 banner_石頭小說3_cpc1.67,,,,"2,018",625,0,625,"1,636",0,2018,30.97%,81.07%,0.00%,0.00%,30.97%
20260127,00,朱光宁,3741,石頭小說3,22399,CF_320 x 480 橫幅_石頭小說3,,,,434,190,0,190,298,0,434,43.78%,68.66%,0.00%,0.00%,43.78%
20260127,00,艾得基客行銷顧問股份有限公司,2825,科技紫薇,22403,MW_蓋版_科技紫微,,,,24,5,0,5,16,0,24,20.83%,66.67%,0.00%,0.00%,20.83%
20260127,00,闇碼科技股份有限公司,3068,限時圖片-imgus,22406,MW_置底_imgus,antifroud,,,"1,546",321,0,321,"1,002",0,1546,20.76%,64.81%,0.00%,0.00%,20.76%
20260127,00,第一網站股份有限公司,2783,漫畫櫃manhuagui,22443,MW_置底_manhuagui,antifroud,,,"78,209","21,613",0,"21,613","57,381",0,78209,27.63%,73.37%,0.00%,0.00%,27.63%
20260127,00,艾得基客行銷顧問股份有限公司,3752,ＭoneyDJ,22515,MW_300x250 BANNER_MoneyDJ,antifroud,知名媒體,,135,27,0,27,101,0,135,20.00%,74.81%,0.00%,0.00%,20.00%
20260127,00,李承翰-webptt,718,Web批踢踢(RWD),2284,MW-蓋板_文中_Web批踢踢,antifroud,,,62,20,0,20,58,0,62,32.26%,93.55%,0.00%,0.00%,32.26%
20260127,00,麥智維,999,動漫戲說,3543,CF-728*90-內文上方-動漫戲說,antifroud,,,"1,104",29,0,29,"1,067",0,1104,2.63%,96.65%,0.00%,0.00%,2.63%
20260127,00,肖偉彬,1286,龍騰世紀書庫,4673,CF-內文下方-728*90-龍騰世紀書庫,,,,6,0,0,0,5,0,6,0.00%,83.33%,0.00%,0.00%,0.00%
20260127,00,肖偉彬,1287,紅櫻桃小說書庫,4678,CF-內文上方-300*250-紅櫻桃小說書庫,,,,47,11,0,11,38,0,47,23.40%,80.85%,0.00%,0.00%,23.40%
20260127,00,肖偉彬,1287,紅櫻桃小說書庫,4717,MW_文中創意300x250_紅櫻桃小說書庫,,,,18,0,0,0,16,0,18,0.00%,88.89%,0.00%,0.00%,0.00%
20260127,00,技達創意資訊有限公司,1299,泰好網,4733,CF-300*250-內文下方-泰好網,,,,6,0,0,0,6,0,6,0.00%,100.00%,0.00%,0.00%,0.00%
20260127,00,技達創意資訊有限公司,1299,泰好網,4734,MW-320*100-首頁、內文上方-泰好網,,,,40,0,0,0,40,0,40,0.00%,100.00%,0.00%,0.00%,0.00%
20260127,00,陈晋福,1367,電視超人,4997,CF-300X250-電視超人,,,,13,0,0,0,13,0,13,0.00%,100.00%,0.00%,0.00%,0.00%
20260127,00,麥智維,999,動漫戲說,6069,CF-300*250-首頁-動漫戲說,,,,51,12,0,12,43,0,51,23.53%,84.31%,0.00%,0.00%,23.53%
20260127,00,莊博凱,1676,夢遊電玩-exchange,6309,CF-336x280_內文上方_夢遊電玩-exchange,,,,13,0,0,0,13,0,13,0.00%,100.00%,0.00%,0.00%,0.00%
20260127,00,莊博凱,1676,夢遊電玩-exchange,6310,CF-160*600-網頁右側-夢遊電玩-exchange,,,,6,0,0,0,6,0,6,0.00%,100.00%,0.00%,0.00%,0.00%
20260127,00,精鏡傳媒股份有限公司,1060,鏡週刊,8250,MW_置底創意(非展開)_鏡週刊,,知名媒體,,18,0,0,0,13,0,18,0.00%,72.22%,0.00%,0.00%,0.00%
20260127,00,巧克科技新媒體股份有限公司,2127,LINE TV_Banner-exchange,8576,CF_336x280_戲劇-右側好康資訊下方_LINE TV-exchange,,知名媒體,,191,22,0,22,181,0,191,11.52%,94.76%,0.00%,0.00%,11.52%
20260127,00,巧克科技新媒體股份有限公司,2127,LINE TV_Banner-exchange,8577,CF_336x280_戲劇-右側好康資訊上方_LINE TV-exchange,,知名媒體,,571,28,0,28,558,0,571,4.90%,97.72%,0.00%,0.00%,4.90%
20260127,00,見聞科技有限公司,2251,就是節目表,9233,MW-300x250-節目表文中-就是節目表,,,,136,2,0,2,135,0,136,1.47%,99.26%,0.00%,0.00%,1.47%
20260127,01,英屬維京群島商浩美數位有限公司台灣分公司,2315,Teepr亮新聞-exchange,10012,CF_336x280Banner_Teepr亮新聞-exchange,,知名媒體,,12,0,0,0,9,0,12,0.00%,75.00%,0.00%,0.00%,0.00%
20260127,01,昱得資訊工作室,2528,數位書香,11080,CF_728x90_首頁上方_數位書香,antifroud,,,42,0,0,0,42,0,42,0.00%,100.00%,0.00%,0.00%,0.00%
20260127,01,昱得資訊工作室,2528,數位書香,11081,CF_160x600_首頁右側_數位書香,antifroud,,,617,0,0,0,617,0,617,0.00%,100.00%,0.00%,0.00%,0.00%
20260127,01,第一網站股份有限公司,2518,麻辣家族討論區(twbts),11082,CF-728X90-twbts,antifroud,,,"1,787",0,0,0,"1,787",0,1787,0.00%,100.00%,0.00%,0.00%,0.00%
20260127,01,第一網站股份有限公司,2540,risu短網址,11260,MW-300X250-MB_page_left-risu,,知名媒體,,200,152,0,152,106,0,200,76.00%,53.00%,0.00%,0.00%,76.00%
20260127,01,第一網站股份有限公司,2492,ttshow,11273,MW-300X250-ttshow,,知名媒體,,18,0,0,0,18,0,18,0.00%,100.00%,0.00%,0.00%,0.00%
20260127,01,第一網站股份有限公司,2601,Meme梗圖倉庫,11443,CF-336X280-meme,,,,442,85,0,85,360,0,442,19.23%,81.45%,0.00%,0.00%,19.23%
20260127,01,第一網站股份有限公司,2540,risu短網址,11978,MW_變形蓋版_risu短網址,,知名媒體,,60,48,0,48,31,0,60,80.00%,51.67%,0.00%,0.00%,80.00%
20260127,01,第一網站股份有限公司,2540,risu短網址,11979,MW_置底創意_risu短網址(IOS),,知名媒體,,20,18,0,18,10,0,20,90.00%,50.00%,0.00%,0.00%,90.00%
20260127,01,第一網站股份有限公司,2540,risu短網址,12009,MW_置底創意_risu短網址(Android),,知名媒體,,6,0,0,0,6,0,6,0.00%,100.00%,0.00%,0.00%,0.00%
20260127,01,艾得基客行銷顧問股份有限公司,2578,鉅亨網,12070,MW_320x480_文中創意_鉅亨網,,知名媒體,,"2,153",189,0,189,"1,658",0,2153,8.78%,77.01%,0.00%,0.00%,8.78%
20260127,01,第一網站股份有限公司,2540,risu短網址,12496,CF_300x250_popup(直播) _risu短網址,antifroud,知名媒體,,12,0,0,0,12,0,12,0.00%,100.00%,0.00%,0.00%,0.00%
20260127,01,時報資訊股份有限公司,2770,中時電子報_HB,12559,CF_300x250_右側互動看版_中時電子報_HB,,知名媒體,,12,4,0,4,9,0,12,33.33%,75.00%,0.00%,0.00%,33.33%
20260127,01,時報資訊股份有限公司,2770,中時電子報_HB,12560,CF_336x280_文中看板_中時電子報_HB,,知名媒體,,12,4,0,4,9,0,12,33.33%,75.00%,0.00%,0.00%,33.33%
20260127,01,時報資訊股份有限公司,2770,中時電子報_HB,12561,MW_300x250_內頁TOP Banner_中時電子報_HB,antifroud,知名媒體,,796,119,0,119,625,0,796,14.95%,78.52%,0.00%,0.00%,14.95%
20260127,01,第一網站股份有限公司,2768,czbooks,12570,CF_728x90_banner_czbooks,,,,"4,356","1,184",0,"1,184","3,732",0,4356,27.18%,85.67%,0.00%,0.00%,27.18%
20260127,01,第一網站股份有限公司,2768,czbooks,12571,CF-300x600_Banner_czbooks,,,,"1,675",8,0,8,837,0,1675,0.48%,49.97%,0.00%,0.00%,0.48%
20260127,01,鳳梨傳媒股份有限公司,2190,民視新聞網-Exchange,12579,CF_300x250_右側第一塊_民視新聞網-Exchange(RWD)(MCM),,知名媒體,,80,4,0,4,58,0,80,5.00%,72.50%,0.00%,0.00%,5.00%
20260127,01,鳳梨傳媒股份有限公司,2190,民視新聞網-Exchange,12580,CF_300x250_內文文中左側_民視新聞網-Exchange(RWD)(MCM),,知名媒體,,64,0,0,0,47,0,64,0.00%,73.44%,0.00%,0.00%,0.00%
20260127,01,第一網站股份有限公司,2783,漫畫櫃manhuagui,12676,CF_728X90_manhuagui,antifroud,,,"40,896","6,350",0,"6,350","36,185",0,40896,15.53%,88.48%,0.00%,0.00%,15.53%
20260127,01,第一網站股份有限公司,2801,damanwoo,12868,CF-300x250_Banner_damanwoo_大人物,,,,8,0,0,0,8,0,8,0.00%,100.00%,0.00%,0.00%,0.00%
20260127,01,第一網站股份有限公司,2820,星座好朋友(horofriend88),12966,MW_320x100_horofriend88,antifroud,,,36,2,0,2,24,0,36,5.56%,66.67%,0.00%,0.00%,5.56%
20260127,01,第一網站股份有限公司,2862,Manhuaren,13254,MW_320x100_banner_manhuaren,,,,18,4,0,4,12,0,18,22.22%,66.67%,0.00%,0.00%,22.22%
20260127,01,和運租車股份有限公司,2878,abc好車網,13368,CF_970x90_物件頁下方_abc好車網,,知名媒體,,6,2,0,2,4,0,6,33.33%,66.67%,0.00%,0.00%,33.33%
20260127,01,曾憲敏,202,85小說網,13445,MW_336X280_全量1_85小說網,,,,174,53,0,53,135,0,174,30.46%,77.59%,0.00%,0.00%,30.46%
20260127,01,曾憲敏,202,85小說網,13446,MW_336X280_全量2_85小說網,,,,942,299,0,299,712,0,942,31.74%,75.58%,0.00%,0.00%,31.74%
20260127,01,第一網站股份有限公司,2910,clickme,13549,CF_300x250_banner_clickme(一般),,,,"1,144",201,0,201,900,0,1144,17.57%,78.67%,0.00%,0.00%,17.57%
20260127,01,第一網站股份有限公司,2768,czbooks,14036,MW_320x480_CZBOOKS,antifroud,,,740,275,0,275,502,0,740,37.16%,67.84%,0.00%,0.00%,37.16%
20260127,01,陳人鳳,480,飛格寵物家族_PC,1407,CF-728X90_上方通欄_飛格寵物家族,,,,8,0,0,0,6,0,8,0.00%,75.00%,0.00%,0.00%,0.00%
20260127,01,陳人鳳,480,飛格寵物家族_PC,1408,CF-300X250_內文_飛格寵物家族,,,,115,18,0,18,106,0,115,15.65%,92.17%,0.00%,0.00%,15.65%
20260127,01,闇碼科技股份有限公司,3048,縮短網址產生器-reurl,14210,MW_文中創意300x250_縮短網址產生器-reurl,,知名媒體,,62,4,0,4,48,0,62,6.45%,77.42%,0.00%,0.00%,6.45%
20260127,01,巨思文化股份有限公司,3052,經理人_HB,14238,MW_文章結束第一塊_300x250_經理人-HB,,知名媒體,,12,0,0,0,7,0,12,0.00%,58.33%,0.00%,0.00%,0.00%
20260127,01,巨思文化股份有限公司,3052,經理人_HB,14241,MW_300x250_內文下方_經理人-HB,,知名媒體,,6,0,0,0,4,0,6,0.00%,66.67%,0.00%,0.00%,0.00%
20260127,01,富盈數據股份有限公司,3059,塔科女子,14258,CF_336x280_全網_塔科女子,,知名媒體,,117,61,0,61,87,0,117,52.14%,74.36%,0.00%,0.00%,52.14%
20260127,01,CBROOT LTD,3003,包子漫畫-exchange,14291,MW_300x250_蓋板(PB)_包子漫畫,,,,"2,425",964,0,964,"1,654",0,2425,39.75%,68.21%,0.00%,0.00%,39.75%
20260127,01,朱光宁,3268,稷下書院-mobile,14737,MW_置底創意(非展開)_稷下書院-mobile,,,,12,2,0,2,8,0,12,16.67%,66.67%,0.00%,0.00%,16.67%
20260127,01,朱光宁,3149,稷下書院-exchange,14748,MW_320x100_置底(PB)_稷下書院,,,,"21,872","7,727",0,"7,727","15,741",0,21872,35.33%,71.97%,0.00%,0.00%,35.33%
20260127,01,巨思文化股份有限公司,3053,數位時代_HB,14764,MW_置底創意_(非展開)_數位時代_HB,,知名媒體,,6,0,0,0,4,0,6,0.00%,66.67%,0.00%,0.00%,0.00%
20260127,01,鳳梨傳媒股份有限公司,3277,民視新聞網-Mobile,14772,MW_置底創意_民視新聞-Mobile,,知名媒體,,6,2,0,2,3,0,6,33.33%,50.00%,0.00%,0.00%,33.33%
20260127,01,曾憲敏,3327,85小說網_創意,15227,MW-300X250_85小說網_隨身影音PB,,,,36,14,0,14,25,0,36,38.89%,69.44%,0.00%,0.00%,38.89%
20260127,01,曾憲敏,3327,85小說網_創意,15228,MW-創意-85小說網,,,,334,86,0,86,259,0,334,25.75%,77.54%,0.00%,0.00%,25.75%
20260127,01,CBROOT LTD,3352,西瓜卡通-exchange,15969,CF_728x90_影音內容_西瓜卡通-exchange,,,,12,0,0,0,12,0,12,0.00%,100.00%,0.00%,0.00%,0.00%
20260127,01,CBROOT LTD,3352,西瓜卡通-exchange,15970,CF_160x600_影音內容_西瓜卡通-exchange,,,,540,0,0,0,540,0,540,0.00%,100.00%,0.00%,0.00%,0.00%
20260127,01,朱光宁,3360,提莫書屋-exchange,16957,MW_336x280banner_提莫書屋_exchange,,,,"11,934","3,459",0,"3,459","9,344",0,11934,28.98%,78.30%,0.00%,0.00%,28.98%
20260127,01,朱光宁,3361,提莫書屋-mobile,16958,MW_置底創意_提莫書屋-mobile,,,,44,18,0,18,32,0,44,40.91%,72.73%,0.00%,0.00%,40.91%
20260127,01,朱光宁,3361,提莫書屋-mobile,16959,MW_320x480_文中創意_提莫書屋-mobile,,,,24,6,0,6,18,0,24,25.00%,75.00%,0.00%,0.00%,25.00%
20260127,01,巧克科技新媒體股份有限公司,1494,LINE TV,16964,CF_336x280_影音暫停頁_LINE TV,,知名媒體,,26,0,0,0,26,0,26,0.00%,100.00%,0.00%,0.00%,0.00%
20260127,01,欣發現股份有限公司,3365,Hami任務牆-mobile,16969,MW_置底創意_Hami任務牆,,知名媒體,,36,8,0,8,29,0,36,22.22%,80.56%,0.00%,0.00%,22.22%
20260127,01,欣發現股份有限公司,3364,女子學-mobile,16972,MW_置底創意_女子學,antifroud,,,296,68,0,68,171,0,296,22.97%,57.77%,0.00%,0.00%,22.97%
20260127,01,欣發現股份有限公司,3363,大人物-mobile,16973,MW_置底創意_大人物,,知名媒體,,12,0,0,0,9,0,12,0.00%,75.00%,0.00%,0.00%,0.00%
20260127,01,欣發現股份有限公司,3362,妞新聞-mobile,16974,MW_置底創意_妞新聞,,知名媒體,,6,2,0,2,5,0,6,33.33%,83.33%,0.00%,0.00%,33.33%
20260127,01,第一網站股份有限公司,2783,漫畫櫃manhuagui,17027,MW_320x480_蓋版_漫畫櫃manhuagui,,,,"6,970","1,702",0,"1,702","5,246",0,6970,24.42%,75.27%,0.00%,0.00%,24.42%
20260127,01,詠勝科技有限公司,3385,Mobile01_HB,17175,CF_970x90_橫幅Banner_Mobile01_HB,,知名媒體,,197,22,0,22,184,0,197,11.17%,93.40%,0.00%,0.00%,11.17%
20260127,01,詠勝科技有限公司,3385,Mobile01_HB,17176,CF_728x90_內頁橫幅Banner_7F_Mobile01_HB,,知名媒體,,14,0,0,0,14,0,14,0.00%,100.00%,0.00%,0.00%,0.00%
20260127,01,詠勝科技有限公司,3385,Mobile01_HB,17179,CF_300x250_熱門大看板_Mobile01_HB,,知名媒體,,333,38,0,38,314,0,333,11.41%,94.29%,0.00%,0.00%,11.41%
20260127,01,詠勝科技有限公司,3385,Mobile01_HB,17180,CF_300x250_置底看板左_Mobile01_HB,,知名媒體,,88,4,0,4,85,0,88,4.55%,96.59%,0.00%,0.00%,4.55%
20260127,01,詠勝科技有限公司,3385,Mobile01_HB,17181,CF_300x250_置底看板中_Mobile01_HB,,知名媒體,,100,6,0,6,97,0,100,6.00%,97.00%,0.00%,0.00%,6.00%
20260127,01,詠勝科技有限公司,3385,Mobile01_HB,17183,CF_300x600_大摩天_Mobile01_HB,,知名媒體,,78,6,0,6,75,0,78,7.69%,96.15%,0.00%,0.00%,7.69%
20260127,01,詠勝科技有限公司,3385,Mobile01_HB,17196,CF_160x600_門神_right_Mobile01_HB,,知名媒體,,46,2,0,2,45,0,46,4.35%,97.83%,0.00%,0.00%,4.35%
20260127,01,詠勝科技有限公司,3385,Mobile01_HB,17197,CF_160x600_門神_left_Mobile01_HB,,知名媒體,,52,2,0,2,51,0,52,3.85%,98.08%,0.00%,0.00%,3.85%
20260127,01,詠勝科技有限公司,3385,Mobile01_HB,17204,MW_300x250_文中Banner(interscroller)_Mobile01_HB,,知名媒體,,187,113,0,113,104,0,187,60.43%,55.61%,0.00%,0.00%,60.43%
20260127,01,朱光宁,3268,稷下書院-mobile,17207,MW_320x480_蓋版_稷下書院-mobile,,,,"16,825","5,699",0,"5,699","11,560",0,16825,33.87%,68.71%,0.00%,0.00%,33.87%
20260127,01,艾得基客行銷顧問股份有限公司,3391,UDN聯合新聞網,17236,MW_置底創意_UDN聯合新聞,,知名媒體,,"3,918",0,0,0,"3,918",0,3918,0.00%,100.00%,0.00%,0.00%,0.00%
20260127,01,李立娟,3395,vivi0視頻-exchange,17293,CF_336x280_Banner_vivi01視頻-exchange,antifroud,,,"26,292",135,0,135,"18,687",0,26292,0.51%,71.07%,0.00%,0.00%,0.51%
20260127,01,李立娟,3395,vivi0視頻-exchange,17294,MW_336x280_Banner_vivi01視頻-exchange,antifroud,,,"28,865",150,0,150,"20,394",0,28865,0.52%,70.65%,0.00%,0.00%,0.52%
20260127,01,李立娟,3395,vivi0視頻-exchange,17299,MW_300x250_蓋板(PB)-vivi01視頻-exchange,,,,6,0,0,0,4,0,6,0.00%,66.67%,0.00%,0.00%,0.00%
20260127,01,李立娟,3395,vivi0視頻-exchange,17300,MW_320x100_置底(PB)_vivi01視頻-exchange,antifroud,,,"40,648",200,0,200,"28,623",0,40648,0.49%,70.42%,0.00%,0.00%,0.49%
20260127,01,第一網站股份有限公司,2768,czbooks,17927,MW_置底創意_czbook,,,,"10,836","3,801",0,"3,801","7,584",0,10836,35.08%,69.99%,0.00%,0.00%,35.08%
20260127,01,時報資訊股份有限公司_工商時報,3427,工商時報-exchange,18015,MW_300x250_文末Banner2_工商時報-exchange,,知名媒體,,122,10,0,10,101,0,122,8.20%,82.79%,0.00%,0.00%,8.20%
20260127,01,第一網站股份有限公司,3440,fsa_passback_first,18201,CF_336x280_fsa_passback_first,,,,"1,782",764,0,764,"1,434",0,1782,42.87%,80.47%,0.00%,0.00%,42.87%
20260127,01,第一網站股份有限公司,3440,fsa_passback_first,18202,CF_300x250_fsa_passback_first,,,,"1,522",208,0,208,"1,390",0,1522,13.67%,91.33%,0.00%,0.00%,13.67%
20260127,01,莊博凱,3455,夢遊電玩,18269,300x250 Banner,,,,6,0,0,0,6,0,6,0.00%,100.00%,0.00%,0.00%,0.00%
20260127,01,朱光宁,3268,稷下書院-mobile,18297,MW_置底創意(展開)_稷下書院-mobile,,,,746,271,0,271,527,0,746,36.33%,70.64%,0.00%,0.00%,36.33%
20260127,01,冰楓科技有限公司,3485,冰楓論壇-exchange,18487,CF_970x90_內文上方第一塊_冰楓論壇-exchange,,,,686,88,0,88,662,0,686,12.83%,96.50%,0.00%,0.00%,12.83%
20260127,01,冰楓科技有限公司,3485,冰楓論壇-exchange,18488,MW_320x100_內文上方第一塊_ 冰楓論壇-exchange,antifroud,,,72,5,0,5,66,0,72,6.94%,91.67%,0.00%,0.00%,6.94%
20260127,01,冰楓科技有限公司,3485,冰楓論壇-exchange,18492,MW_300x250_Banner_ 冰楓論壇-exchange,,,,286,59,0,59,266,0,286,20.63%,93.01%,0.00%,0.00%,20.63%
20260127,01,CBROOT LTD,3492,包子漫畫(特開流量)-exchange,18557,CF_300x600_指定流量_包子漫畫(特開流量PB)-exchange,,,,229,10,0,10,224,0,229,4.37%,97.82%,0.00%,0.00%,4.37%
20260127,01,CBROOT LTD,3510,包子漫畫_twmanga-exchange,18737,CF_970x90_Banner_ 包子漫畫_twmanga-exchange,,,,509,202,0,202,410,0,509,39.69%,80.55%,0.00%,0.00%,39.69%
20260127,01,舒禾驊,3535,荷花動漫筆記,18887,CF_336x280_文章頁文中_荷花動漫筆記,,,,6,0,0,0,6,0,6,0.00%,100.00%,0.00%,0.00%,0.00%
20260127,01,台灣英文新聞股份有限公司,3537,台灣英文新聞(new)-exchange,18914,MW_320x100_內文頁_置頂橫幅_台灣英文新聞(new)-exchange,,知名媒體,,6,0,0,0,4,0,6,0.00%,66.67%,0.00%,0.00%,0.00%
20260127,01,台灣英文新聞股份有限公司,3537,台灣英文新聞(new)-exchange,18924,CF_300x250_內容頁_右側看版_1_台灣英文新聞(new)-exchange,,知名媒體,,12,0,0,0,11,0,12,0.00%,91.67%,0.00%,0.00%,0.00%
20260127,01,台灣英文新聞股份有限公司,3537,台灣英文新聞(new)-exchange,18925,CF_300x600_內容頁_右側看版_2_台灣英文新聞(new)-exchange,,知名媒體,,6,0,0,0,4,0,6,0.00%,66.67%,0.00%,0.00%,0.00%
20260127,01,聯合線上股份有限公司,3442,UDN聯合新聞網,19031,MW_置底創意_UDN聯合新聞網,antifroud,知名媒體,,901,144,0,144,449,0,901,15.98%,49.83%,0.00%,0.00%,15.98%
20260127,01,聯合線上股份有限公司,3549,UDN元氣網,19033,MW_置底創意_UDN元氣網,,知名媒體,,80,6,0,6,64,0,80,7.50%,80.00%,0.00%,0.00%,7.50%
20260127,01,艾得基客行銷顧問股份有限公司,3552,玩具人,19044,MW_320x480_文中創意_玩具人,,知名媒體,,12,0,0,0,9,0,12,0.00%,75.00%,0.00%,0.00%,0.00%
20260127,01,第一網站股份有限公司,2783,漫畫櫃manhuagui,20685,MW_300X250_manhuagui,antifroud,,,"17,287","4,778",0,"4,778","13,073",0,17287,27.64%,75.62%,0.00%,0.00%,27.64%
20260127,01,德榕企業有限公司,3578,TW Bodhi_mobile,20707,MW_置底創意_TW Bodhi,,,,54,32,0,32,29,0,54,59.26%,53.70%,0.00%,0.00%,59.26%
20260127,01,德榕企業有限公司,3578,TW Bodhi_mobile,20708,MW_蓋板_TW Bodhi,,,,142,53,0,53,89,0,142,37.32%,62.68%,0.00%,0.00%,37.32%
20260127,01,德榕企業有限公司,3581,忘憂書屋,20727,CF_336x280文章頁(RWD)_忘憂書屋,,,,48,22,0,22,29,0,48,45.83%,60.42%,0.00%,0.00%,45.83%
20260127,01,德榕企業有限公司,3582,忘憂書屋_mobile,20729,MW_蓋板_忘憂書屋,,,,60,20,0,20,41,0,60,33.33%,68.33%,0.00%,0.00%,33.33%
20260127,01,德榕企業有限公司,3582,忘憂書屋_mobile,20730,MW_置底創意_忘憂書屋,,,,48,18,0,18,28,0,48,37.50%,58.33%,0.00%,0.00%,37.50%
20260127,01,第一網站股份有限公司,2916,KiKiNote,20731,CF_300x250_banner_kikinote (PB),,知名媒體,,56,0,0,0,56,0,56,0.00%,100.00%,0.00%,0.00%,0.00%
20260127,01,第一網站股份有限公司,2768,czbooks,21412,(子)CF_970x250_banner_czbooks(限時段)-PB,,,子聯播網,"3,906",991,0,991,"3,382",0,3906,25.37%,86.58%,0.00%,0.00%,25.37%
20260127,01,第一網站股份有限公司,3440,fsa_passback_first,21699,CF_336x280_fsa_passback_first,,,,447,182,0,182,358,0,447,40.72%,80.09%,0.00%,0.00%,40.72%
20260127,01,富盈數據股份有限公司,3653,TVBS-女人我最大_HB,21761,MW_文章四_336x280_TVBS-女人我最大_HB,,知名媒體,,82,8,0,8,51,0,82,9.76%,62.20%,0.00%,0.00%,9.76%
20260127,01,富盈數據股份有限公司,3653,TVBS-女人我最大_HB,21762,MW_文章置底_320x100_TVBS-女人我最大_HB,,知名媒體,,50,6,0,6,34,0,50,12.00%,68.00%,0.00%,0.00%,12.00%
20260127,01,富盈數據股份有限公司,3653,TVBS-女人我最大_HB,21763,MW_文中創意320x480_TVBS-女人我最大_HB,,知名媒體,,53,12,0,12,37,0,53,22.64%,69.81%,0.00%,0.00%,22.64%
20260127,01,富盈數據股份有限公司,3654,TVBS-健康2.0_HB,21765,MW_文章三_336x280_TVBS-健康2.0_HB,,知名媒體,,117,9,0,9,84,0,117,7.69%,71.79%,0.00%,0.00%,7.69%
20260127,01,富盈數據股份有限公司,3654,TVBS-健康2.0_HB,21768,MW_文中創意320x480_TVBS-健康2.0_HB,,知名媒體,,214,47,0,47,139,0,214,21.96%,64.95%,0.00%,0.00%,21.96%
20260127,01,富盈數據股份有限公司,3655,TVBS-食尚玩家_HB,21770,MW_文章三_336x280_TVBS-食尚玩家_HB,,知名媒體,,12,2,0,2,10,0,12,16.67%,83.33%,0.00%,0.00%,16.67%
20260127,01,富盈數據股份有限公司,3654,TVBS-健康2.0_HB,21812,MW_文章一_336x280_TVBS-健康2.0_HB,,知名媒體,,118,8,0,8,89,0,118,6.78%,75.42%,0.00%,0.00%,6.78%
20260127,01,儂儂雜誌社股份有限公司(bella儂儂),2135,Bella儂儂_2024,21876,MW-300x250_文章標題上方1_Bella儂儂,,知名媒體,,68,8,0,8,53,0,68,11.76%,77.94%,0.00%,0.00%,11.76%
20260127,01,富盈數據股份有限公司,3680,TVBS-新聞網_HB,21899,MW_文章一_336x280_TVBS-新聞網_HB,,知名媒體,,"2,148",49,0,49,"1,485",0,2148,2.28%,69.13%,0.00%,0.00%,2.28%
20260127,01,富盈數據股份有限公司,3680,TVBS-新聞網_HB,21902,MW_文章置底_320x100_TVBS-新聞網_HB,,知名媒體,,"1,561",18,0,18,"1,418",0,1561,1.15%,90.84%,0.00%,0.00%,1.15%
20260127,01,富盈數據股份有限公司,3685,玩桌遊_mobile,21924,MW_置底創意(非展開)_玩桌遊-mobile,,,,559,240,0,240,375,0,559,42.93%,67.08%,0.00%,0.00%,42.93%
20260127,01,富盈數據股份有限公司,2615,熱血台中,21986,CF_336x280_全網_熱血台中,,,,104,4,0,4,78,0,104,3.85%,75.00%,0.00%,0.00%,3.85%
20260127,01,富盈數據股份有限公司,2615,熱血台中,21987,CF_336x280_全網_熱血台中,,,,183,30,0,30,134,0,183,16.39%,73.22%,0.00%,0.00%,16.39%
20260127,01,富盈數據股份有限公司,3704,天天要聞,22030,CF_300 x 250 banner_天天要聞_cpc2,,,,731,185,0,185,578,0,731,25.31%,79.07%,0.00%,0.00%,25.31%
20260127,01,富盈數據股份有限公司,3703,繁體小說,22031,CF_300 x 250 banner_繁體小說_cpc2,,,,228,103,0,103,162,0,228,45.18%,71.05%,0.00%,0.00%,45.18%
20260127,01,闇碼科技股份有限公司,3048,縮短網址產生器-reurl,22213,MW_蓋版_縮短網址產生器-reurl-2025.05(特殊供量),,知名媒體,,55,6,0,6,47,0,55,10.91%,85.45%,0.00%,0.00%,10.91%
20260127,01,欣發現股份有限公司,3363,大人物-mobile,22222,MW_蓋板_大人物,,知名媒體,,6,2,0,2,4,0,6,33.33%,66.67%,0.00%,0.00%,33.33%
20260127,01,朱光宁,3741,石頭小說3,22396,MW_置底_石頭小說3,,,,243,89,0,89,179,0,243,36.63%,73.66%,0.00%,0.00%,36.63%
20260127,01,朱光宁,3741,石頭小說3,22398,CF_336 x 280 banner_石頭小說3_cpc1.67,,,,"2,569",697,0,697,"2,138",0,2569,27.13%,83.22%,0.00%,0.00%,27.13%
20260127,01,朱光宁,3741,石頭小說3,22399,CF_320 x 480 橫幅_石頭小說3,,,,77,33,0,33,51,0,77,42.86%,66.23%,0.00%,0.00%,42.86%
20260127,01,闇碼科技股份有限公司,3068,限時圖片-imgus,22406,MW_置底_imgus,antifroud,,,602,165,0,165,395,0,602,27.41%,65.61%,0.00%,0.00%,27.41%
20260127,01,第一網站股份有限公司,2783,漫畫櫃manhuagui,22443,MW_置底_manhuagui,antifroud,,,"46,103","11,755",0,"11,755","34,389",0,46103,25.50%,74.59%,0.00%,0.00%,25.50%
20260127,01,艾得基客行銷顧問股份有限公司,3752,ＭoneyDJ,22515,MW_300x250 BANNER_MoneyDJ,antifroud,知名媒體,,12,2,0,2,9,0,12,16.67%,75.00%,0.00%,0.00%,16.67%
20260127,01,李承翰-webptt,718,Web批踢踢(RWD),2284,MW-蓋板_文中_Web批踢踢,antifroud,,,26,14,0,14,22,0,26,53.85%,84.62%,0.00%,0.00%,53.85%
20260127,01,麥智維,999,動漫戲說,3543,CF-728*90-內文上方-動漫戲說,antifroud,,,496,13,0,13,485,0,496,2.62%,97.78%,0.00%,0.00%,2.62%
20260127,01,肖偉彬,1287,紅櫻桃小說書庫,4678,CF-內文上方-300*250-紅櫻桃小說書庫,,,,32,10,0,10,18,0,32,31.25%,56.25%,0.00%,0.00%,31.25%
20260127,01,肖偉彬,1286,龍騰世紀書庫,4716,CF-內文中間-300*250-龍騰世紀書庫,,,,6,2,0,2,5,0,6,33.33%,83.33%,0.00%,0.00%,33.33%
20260127,01,技達創意資訊有限公司,1299,泰好網,4733,CF-300*250-內文下方-泰好網,,,,12,0,0,0,12,0,12,0.00%,100.00%,0.00%,0.00%,0.00%
20260127,01,技達創意資訊有限公司,1299,泰好網,4734,MW-320*100-首頁、內文上方-泰好網,,,,12,0,0,0,12,0,12,0.00%,100.00%,0.00%,0.00%,0.00%
20260127,01,陈晋福,1367,電視超人,4997,CF-300X250-電視超人,,,,21,0,0,0,21,0,21,0.00%,100.00%,0.00%,0.00%,0.00%
20260127,01,麥智維,999,動漫戲說,6069,CF-300*250-首頁-動漫戲說,,,,20,16,0,16,12,0,20,80.00%,60.00%,0.00%,0.00%,80.00%
20260127,01,台灣時報社股份有限公司,1665,台灣時報電子報,6263,CF-300X600-右側通欄-台灣時報電子報,,,,6,0,0,0,6,0,6,0.00%,100.00%,0.00%,0.00%,0.00%
20260127,01,莊博凱,1676,夢遊電玩-exchange,6310,CF-160*600-網頁右側-夢遊電玩-exchange,,,,6,0,0,0,6,0,6,0.00%,100.00%,0.00%,0.00%,0.00%
20260127,01,巧克科技新媒體股份有限公司,2127,LINE TV_Banner-exchange,8576,CF_336x280_戲劇-右側好康資訊下方_LINE TV-exchange,,知名媒體,,20,0,0,0,20,0,20,0.00%,100.00%,0.00%,0.00%,0.00%
20260127,01,巧克科技新媒體股份有限公司,2127,LINE TV_Banner-exchange,8577,CF_336x280_戲劇-右側好康資訊上方_LINE TV-exchange,,知名媒體,,45,4,0,4,42,0,45,8.89%,93.33%,0.00%,0.00%,8.89%
20260127,01,冰楓科技有限公司,1711,冰楓短網址,9308,ＭＷ-300X250-跳轉頁下方-冰楓短網址,,,,6,0,0,0,6,0,6,0.00%,100.00%,0.00%,0.00%,0.00%
20260127,01,冰楓科技有限公司,2289,BFFile,9576,CF-300X600-下載頁上方-BFFile,,,,12,0,0,0,12,0,12,0.00%,100.00%,0.00%,0.00%,0.00%
20260127,02,英屬維京群島商浩美數位有限公司台灣分公司,2315,Teepr亮新聞-exchange,10012,CF_336x280Banner_Teepr亮新聞-exchange,,知名媒體,,6,0,0,0,6,0,6,0.00%,100.00%,0.00%,0.00%,0.00%
20260127,02,昱得資訊工作室,2528,數位書香,11080,CF_728x90_首頁上方_數位書香,antifroud,,,36,0,0,0,36,0,36,0.00%,100.00%,0.00%,0.00%,0.00%
20260127,02,昱得資訊工作室,2528,數位書香,11081,CF_160x600_首頁右側_數位書香,antifroud,,,860,0,0,0,860,0,860,0.00%,100.00%,0.00%,0.00%,0.00%
20260127,02,第一網站股份有限公司,2518,麻辣家族討論區(twbts),11082,CF-728X90-twbts,antifroud,,,"2,145",0,0,0,"2,145",0,2145,0.00%,100.00%,0.00%,0.00%,0.00%
20260127,02,第一網站股份有限公司,2540,risu短網址,11260,MW-300X250-MB_page_left-risu,,知名媒體,,111,85,0,85,58,0,111,76.58%,52.25%,0.00%,0.00%,76.58%
20260127,02,第一網站股份有限公司,2492,ttshow,11273,MW-300X250-ttshow,,知名媒體,,26,0,0,0,26,0,26,0.00%,100.00%,0.00%,0.00%,0.00%
20260127,02,第一網站股份有限公司,2601,Meme梗圖倉庫,11443,CF-336X280-meme,,,,305,99,0,99,257,0,305,32.46%,84.26%,0.00%,0.00%,32.46%
20260127,02,第一網站股份有限公司,2540,risu短網址,11978,MW_變形蓋版_risu短網址,,知名媒體,,30,22,0,22,15,0,30,73.33%,50.00%,0.00%,0.00%,73.33%
20260127,02,第一網站股份有限公司,2540,risu短網址,11979,MW_置底創意_risu短網址(IOS),,知名媒體,,31,29,0,29,15,0,31,93.55%,48.39%,0.00%,0.00%,93.55%
20260127,02,艾得基客行銷顧問股份有限公司,2578,鉅亨網,12070,MW_320x480_文中創意_鉅亨網,,知名媒體,,740,62,0,62,580,0,740,8.38%,78.38%,0.00%,0.00%,8.38%
20260127,02,第一網站股份有限公司,2540,risu短網址,12496,CF_300x250_popup(直播) _risu短網址,antifroud,知名媒體,,42,0,0,0,42,0,42,0.00%,100.00%,0.00%,0.00%,0.00%
20260127,02,時報資訊股份有限公司,2770,中時電子報_HB,12560,CF_336x280_文中看板_中時電子報_HB,,知名媒體,,6,0,0,0,6,0,6,0.00%,100.00%,0.00%,0.00%,0.00%
20260127,02,時報資訊股份有限公司,2770,中時電子報_HB,12561,MW_300x250_內頁TOP Banner_中時電子報_HB,antifroud,知名媒體,,422,49,0,49,325,0,422,11.61%,77.01%,0.00%,0.00%,11.61%
20260127,02,第一網站股份有限公司,2768,czbooks,12570,CF_728x90_banner_czbooks,,,,"2,789",812,0,812,"2,372",0,2789,29.11%,85.05%,0.00%,0.00%,29.11%
20260127,02,第一網站股份有限公司,2768,czbooks,12571,CF-300x600_Banner_czbooks,,,,266,2,0,2,133,0,266,0.75%,50.00%,0.00%,0.00%,0.75%
20260127,02,鳳梨傳媒股份有限公司,2190,民視新聞網-Exchange,12579,CF_300x250_右側第一塊_民視新聞網-Exchange(RWD)(MCM),,知名媒體,,30,2,0,2,24,0,30,6.67%,80.00%,0.00%,0.00%,6.67%
20260127,02,鳳梨傳媒股份有限公司,2190,民視新聞網-Exchange,12580,CF_300x250_內文文中左側_民視新聞網-Exchange(RWD)(MCM),,知名媒體,,30,0,0,0,25,0,30,0.00%,83.33%,0.00%,0.00%,0.00%
20260127,02,第一網站股份有限公司,2783,漫畫櫃manhuagui,12676,CF_728X90_manhuagui,antifroud,,,"28,161","5,372",0,"5,372","24,237",0,28161,19.08%,86.07%,0.00%,0.00%,19.08%
20260127,02,第一網站股份有限公司,2801,damanwoo,12868,CF-300x250_Banner_damanwoo_大人物,,,,6,0,0,0,6,0,6,0.00%,100.00%,0.00%,0.00%,0.00%
20260127,02,第一網站股份有限公司,2820,星座好朋友(horofriend88),12966,MW_320x100_horofriend88,antifroud,,,12,0,0,0,10,0,12,0.00%,83.33%,0.00%,0.00%,0.00%
20260127,02,第一網站股份有限公司,2862,Manhuaren,13254,MW_320x100_banner_manhuaren,,,,6,4,0,4,4,0,6,66.67%,66.67%,0.00%,0.00%,66.67%
20260127,02,譚謹恩,2885,Mr. & Mrs. Diary-exchange,13406,MW_300x250_內文文中-Mr. & Mrs. Diary-exchange,,,,6,6,0,6,3,0,6,100.00%,50.00%,0.00%,0.00%,100.00%
20260127,02,曾憲敏,202,85小說網,13445,MW_336X280_全量1_85小說網,,,,48,12,0,12,39,0,48,25.00%,81.25%,0.00%,0.00%,25.00%
20260127,02,曾憲敏,202,85小說網,13446,MW_336X280_全量2_85小說網,,,,416,116,0,116,321,0,416,27.88%,77.16%,0.00%,0.00%,27.88%
20260127,02,第一網站股份有限公司,2910,clickme,13549,CF_300x250_banner_clickme(一般),,,,"1,470",248,0,248,"1,097",0,1470,16.87%,74.63%,0.00%,0.00%,16.87%
20260127,02,第一網站股份有限公司,2768,czbooks,14036,MW_320x480_CZBOOKS,antifroud,,,221,78,0,78,150,0,221,35.29%,67.87%,0.00%,0.00%,35.29%
20260127,02,陳人鳳,480,飛格寵物家族_PC,1407,CF-728X90_上方通欄_飛格寵物家族,,,,25,4,0,4,22,0,25,16.00%,88.00%,0.00%,0.00%,16.00%
20260127,02,陳人鳳,480,飛格寵物家族_PC,1408,CF-300X250_內文_飛格寵物家族,,,,45,0,0,0,45,0,45,0.00%,100.00%,0.00%,0.00%,0.00%
20260127,02,闇碼科技股份有限公司,3048,縮短網址產生器-reurl,14210,MW_文中創意300x250_縮短網址產生器-reurl,,知名媒體,,"4,296",2,0,2,"4,281",0,4296,0.05%,99.65%,0.00%,0.00%,0.05%
20260127,02,富盈數據股份有限公司,3059,塔科女子,14258,CF_336x280_全網_塔科女子,,知名媒體,,101,59,0,59,61,0,101,58.42%,60.40%,0.00%,0.00%,58.42%
20260127,02,CBROOT LTD,3003,包子漫畫-exchange,14291,MW_300x250_蓋板(PB)_包子漫畫,,,,"2,221",962,0,962,"1,408",0,2221,43.31%,63.39%,0.00%,0.00%,43.31%
20260127,02,朱光宁,3268,稷下書院-mobile,14737,MW_置底創意(非展開)_稷下書院-mobile,,,,14,8,0,8,9,0,14,57.14%,64.29%,0.00%,0.00%,57.14%
20260127,02,朱光宁,3149,稷下書院-exchange,14748,MW_320x100_置底(PB)_稷下書院,,,,"14,684","5,305",0,"5,305","10,634",0,14684,36.13%,72.42%,0.00%,0.00%,36.13%
20260127,02,曾憲敏,3327,85小說網_創意,15228,MW-創意-85小說網,,,,88,18,0,18,71,0,88,20.45%,80.68%,0.00%,0.00%,20.45%
20260127,02,CBROOT LTD,3352,西瓜卡通-exchange,15969,CF_728x90_影音內容_西瓜卡通-exchange,,,,24,4,0,4,22,0,24,16.67%,91.67%,0.00%,0.00%,16.67%
20260127,02,CBROOT LTD,3352,西瓜卡通-exchange,15970,CF_160x600_影音內容_西瓜卡通-exchange,,,,334,0,0,0,334,0,334,0.00%,100.00%,0.00%,0.00%,0.00%
20260127,02,朱光宁,3360,提莫書屋-exchange,16957,MW_336x280banner_提莫書屋_exchange,,,,"8,435","2,394",0,"2,394","6,457",0,8435,28.38%,76.55%,0.00%,0.00%,28.38%
20260127,02,朱光宁,3361,提莫書屋-mobile,16958,MW_置底創意_提莫書屋-mobile,,,,18,4,0,4,15,0,18,22.22%,83.33%,0.00%,0.00%,22.22%
20260127,02,朱光宁,3361,提莫書屋-mobile,16959,MW_320x480_文中創意_提莫書屋-mobile,,,,12,2,0,2,8,0,12,16.67%,66.67%,0.00%,0.00%,16.67%
20260127,02,欣發現股份有限公司,3365,Hami任務牆-mobile,16969,MW_置底創意_Hami任務牆,,知名媒體,,6,4,0,4,4,0,6,66.67%,66.67%,0.00%,0.00%,66.67%
20260127,02,欣發現股份有限公司,3364,女子學-mobile,16972,MW_置底創意_女子學,antifroud,,,30,0,0,0,24,0,30,0.00%,80.00%,0.00%,0.00%,0.00%
20260127,02,第一網站股份有限公司,2783,漫畫櫃manhuagui,17027,MW_320x480_蓋版_漫畫櫃manhuagui,,,,"4,479","1,250",0,"1,250","3,289",0,4479,27.91%,73.43%,0.00%,0.00%,27.91%
20260127,02,詠勝科技有限公司,3385,Mobile01_HB,17175,CF_970x90_橫幅Banner_Mobile01_HB,,知名媒體,,136,12,0,12,128,0,136,8.82%,94.12%,0.00%,0.00%,8.82%
20260127,02,詠勝科技有限公司,3385,Mobile01_HB,17176,CF_728x90_內頁橫幅Banner_7F_Mobile01_HB,,知名媒體,,8,0,0,0,8,0,8,0.00%,100.00%,0.00%,0.00%,0.00%
20260127,02,詠勝科技有限公司,3385,Mobile01_HB,17179,CF_300x250_熱門大看板_Mobile01_HB,,知名媒體,,162,14,0,14,152,0,162,8.64%,93.83%,0.00%,0.00%,8.64%
20260127,02,詠勝科技有限公司,3385,Mobile01_HB,17180,CF_300x250_置底看板左_Mobile01_HB,,知名媒體,,54,6,0,6,49,0,54,11.11%,90.74%,0.00%,0.00%,11.11%
20260127,02,詠勝科技有限公司,3385,Mobile01_HB,17181,CF_300x250_置底看板中_Mobile01_HB,,知名媒體,,54,6,0,6,49,0,54,11.11%,90.74%,0.00%,0.00%,11.11%
20260127,02,詠勝科技有限公司,3385,Mobile01_HB,17183,CF_300x600_大摩天_Mobile01_HB,,知名媒體,,56,2,0,2,53,0,56,3.57%,94.64%,0.00%,0.00%,3.57%
20260127,02,詠勝科技有限公司,3385,Mobile01_HB,17204,MW_300x250_文中Banner(interscroller)_Mobile01_HB,,知名媒體,,80,44,0,44,53,0,80,55.00%,66.25%,0.00%,0.00%,55.00%
20260127,02,朱光宁,3268,稷下書院-mobile,17207,MW_320x480_蓋版_稷下書院-mobile,,,,"9,288","3,182",0,"3,182","6,386",0,9288,34.26%,68.76%,0.00%,0.00%,34.26%
20260127,02,艾得基客行銷顧問股份有限公司,3391,UDN聯合新聞網,17236,MW_置底創意_UDN聯合新聞,,知名媒體,,128,0,0,0,128,0,128,0.00%,100.00%,0.00%,0.00%,0.00%
20260127,02,李立娟,3395,vivi0視頻-exchange,17293,CF_336x280_Banner_vivi01視頻-exchange,antifroud,,,"17,419",99,0,99,"12,258",0,17419,0.57%,70.37%,0.00%,0.00%,0.57%
20260127,02,李立娟,3395,vivi0視頻-exchange,17294,MW_336x280_Banner_vivi01視頻-exchange,antifroud,,,"19,175",115,0,115,"13,387",0,19175,0.60%,69.81%,0.00%,0.00%,0.60%
20260127,02,李立娟,3395,vivi0視頻-exchange,17299,MW_300x250_蓋板(PB)-vivi01視頻-exchange,,,,6,0,0,0,5,0,6,0.00%,83.33%,0.00%,0.00%,0.00%
20260127,02,李立娟,3395,vivi0視頻-exchange,17300,MW_320x100_置底(PB)_vivi01視頻-exchange,antifroud,,,"27,259",100,0,100,"19,155",0,27259,0.37%,70.27%,0.00%,0.00%,0.37%
20260127,02,曾憲敏,601,85小說網_PC,1773,CF-300x250_85小說網_內文1,,,,6,4,0,4,4,0,6,66.67%,66.67%,0.00%,0.00%,66.67%
20260127,02,李立娟,3396,趣聞圖說-Mobile,17923,MW_置底創意(展開)_趣聞圖說-Mobile,,,,6,0,0,0,5,0,6,0.00%,83.33%,0.00%,0.00%,0.00%
20260127,02,第一網站股份有限公司,2768,czbooks,17927,MW_置底創意_czbook,,,,"5,763","2,102",0,"2,102","4,068",0,5763,36.47%,70.59%,0.00%,0.00%,36.47%
20260127,02,時報資訊股份有限公司_工商時報,3427,工商時報-exchange,18014,MW_300x250_文末Banner1_工商時報-exchange,,知名媒體,,6,0,0,0,4,0,6,0.00%,66.67%,0.00%,0.00%,0.00%
20260127,02,時報資訊股份有限公司_工商時報,3427,工商時報-exchange,18015,MW_300x250_文末Banner2_工商時報-exchange,,知名媒體,,68,12,0,12,51,0,68,17.65%,75.00%,0.00%,0.00%,17.65%
20260127,02,第一網站股份有限公司,3440,fsa_passback_first,18201,CF_336x280_fsa_passback_first,,,,"1,942",814,0,814,"1,578",0,1942,41.92%,81.26%,0.00%,0.00%,41.92%
20260127,02,第一網站股份有限公司,3440,fsa_passback_first,18202,CF_300x250_fsa_passback_first,,,,"2,784",205,0,205,"2,669",0,2784,7.36%,95.87%,0.00%,0.00%,7.36%
20260127,02,朱光宁,3268,稷下書院-mobile,18297,MW_置底創意(展開)_稷下書院-mobile,,,,289,104,0,104,212,0,289,35.99%,73.36%,0.00%,0.00%,35.99%
20260127,02,冰楓科技有限公司,3485,冰楓論壇-exchange,18487,CF_970x90_內文上方第一塊_冰楓論壇-exchange,,,,302,0,0,0,302,0,302,0.00%,100.00%,0.00%,0.00%,0.00%
20260127,02,冰楓科技有限公司,3485,冰楓論壇-exchange,18488,MW_320x100_內文上方第一塊_ 冰楓論壇-exchange,antifroud,,,56,0,0,0,55,0,56,0.00%,98.21%,0.00%,0.00%,0.00%
20260127,02,冰楓科技有限公司,3485,冰楓論壇-exchange,18492,MW_300x250_Banner_ 冰楓論壇-exchange,,,,138,12,0,12,138,0,138,8.70%,100.00%,0.00%,0.00%,8.70%
20260127,02,CBROOT LTD,3492,包子漫畫(特開流量)-exchange,18557,CF_300x600_指定流量_包子漫畫(特開流量PB)-exchange,,,,192,4,0,4,189,0,192,2.08%,98.44%,0.00%,0.00%,2.08%
20260127,02,CBROOT LTD,3510,包子漫畫_twmanga-exchange,18737,CF_970x90_Banner_ 包子漫畫_twmanga-exchange,,,,108,14,0,14,97,0,108,12.96%,89.81%,0.00%,0.00%,12.96%
20260127,02,舒禾驊,3535,荷花動漫筆記,18887,CF_336x280_文章頁文中_荷花動漫筆記,,,,6,0,0,0,6,0,6,0.00%,100.00%,0.00%,0.00%,0.00%
20260127,02,台灣英文新聞股份有限公司,3537,台灣英文新聞(new)-exchange,18924,CF_300x250_內容頁_右側看版_1_台灣英文新聞(new)-exchange,,知名媒體,,12,0,0,0,11,0,12,0.00%,91.67%,0.00%,0.00%,0.00%
20260127,02,第一網站股份有限公司,2783,漫畫櫃manhuagui,20685,MW_300X250_manhuagui,antifroud,,,"14,010","4,286",0,"4,286","10,402",0,14010,30.59%,74.25%,0.00%,0.00%,30.59%
20260127,02,德榕企業有限公司,3578,TW Bodhi_mobile,20707,MW_置底創意_TW Bodhi,,,,12,6,0,6,6,0,12,50.00%,50.00%,0.00%,0.00%,50.00%
20260127,02,德榕企業有限公司,3578,TW Bodhi_mobile,20708,MW_蓋板_TW Bodhi,,,,30,18,0,18,17,0,30,60.00%,56.67%,0.00%,0.00%,60.00%
20260127,02,德榕企業有限公司,3581,忘憂書屋,20727,CF_336x280文章頁(RWD)_忘憂書屋,,,,12,4,0,4,10,0,12,33.33%,83.33%,0.00%,0.00%,33.33%
20260127,02,德榕企業有限公司,3582,忘憂書屋_mobile,20729,MW_蓋板_忘憂書屋,,,,18,10,0,10,10,0,18,55.56%,55.56%,0.00%,0.00%,55.56%
20260127,02,第一網站股份有限公司,2916,KiKiNote,20731,CF_300x250_banner_kikinote (PB),,知名媒體,,30,0,0,0,30,0,30,0.00%,100.00%,0.00%,0.00%,0.00%
20260127,02,第一網站股份有限公司,2768,czbooks,21412,(子)CF_970x250_banner_czbooks(限時段)-PB,,,子聯播網,"2,907",817,0,817,"2,480",0,2907,28.10%,85.31%,0.00%,0.00%,28.10%
20260127,02,第一網站股份有限公司,3440,fsa_passback_first,21699,CF_336x280_fsa_passback_first,,,,559,143,0,143,488,0,559,25.58%,87.30%,0.00%,0.00%,25.58%
20260127,02,富盈數據股份有限公司,3653,TVBS-女人我最大_HB,21761,MW_文章四_336x280_TVBS-女人我最大_HB,,知名媒體,,54,12,0,12,38,0,54,22.22%,70.37%,0.00%,0.00%,22.22%
20260127,02,富盈數據股份有限公司,3653,TVBS-女人我最大_HB,21762,MW_文章置底_320x100_TVBS-女人我最大_HB,,知名媒體,,6,0,0,0,3,0,6,0.00%,50.00%,0.00%,0.00%,0.00%
20260127,02,富盈數據股份有限公司,3653,TVBS-女人我最大_HB,21763,MW_文中創意320x480_TVBS-女人我最大_HB,,知名媒體,,24,4,0,4,13,0,24,16.67%,54.17%,0.00%,0.00%,16.67%
20260127,02,富盈數據股份有限公司,3654,TVBS-健康2.0_HB,21765,MW_文章三_336x280_TVBS-健康2.0_HB,,知名媒體,,52,10,0,10,31,0,52,19.23%,59.62%,0.00%,0.00%,19.23%
20260127,02,富盈數據股份有限公司,3654,TVBS-健康2.0_HB,21768,MW_文中創意320x480_TVBS-健康2.0_HB,,知名媒體,,42,14,0,14,25,0,42,33.33%,59.52%,0.00%,0.00%,33.33%
20260127,02,富盈數據股份有限公司,3655,TVBS-食尚玩家_HB,21770,MW_文章三_336x280_TVBS-食尚玩家_HB,,知名媒體,,6,0,0,0,6,0,6,0.00%,100.00%,0.00%,0.00%,0.00%
20260127,02,富盈數據股份有限公司,3655,TVBS-食尚玩家_HB,21773,MW_文中創意320x480_TVBS-食尚玩家_HB,,知名媒體,,6,0,0,0,5,0,6,0.00%,83.33%,0.00%,0.00%,0.00%
20260127,02,富盈數據股份有限公司,3654,TVBS-健康2.0_HB,21812,MW_文章一_336x280_TVBS-健康2.0_HB,,知名媒體,,46,8,0,8,30,0,46,17.39%,65.22%,0.00%,0.00%,17.39%
20260127,02,儂儂雜誌社股份有限公司(bella儂儂),2135,Bella儂儂_2024,21876,MW-300x250_文章標題上方1_Bella儂儂,,知名媒體,,18,0,0,0,14,0,18,0.00%,77.78%,0.00%,0.00%,0.00%
20260127,02,富盈數據股份有限公司,3680,TVBS-新聞網_HB,21899,MW_文章一_336x280_TVBS-新聞網_HB,,知名媒體,,"2,731",93,0,93,"1,793",0,2731,3.41%,65.65%,0.00%,0.00%,3.41%
20260127,02,富盈數據股份有限公司,3680,TVBS-新聞網_HB,21902,MW_文章置底_320x100_TVBS-新聞網_HB,,知名媒體,,"3,040",120,0,120,"1,998",0,3040,3.95%,65.72%,0.00%,0.00%,3.95%
20260127,02,富盈數據股份有限公司,3685,玩桌遊_mobile,21924,MW_置底創意(非展開)_玩桌遊-mobile,,,,126,58,0,58,79,0,126,46.03%,62.70%,0.00%,0.00%,46.03%
20260127,02,富盈數據股份有限公司,2615,熱血台中,21986,CF_336x280_全網_熱血台中,,,,30,0,0,0,18,0,30,0.00%,60.00%,0.00%,0.00%,0.00%
20260127,02,富盈數據股份有限公司,2615,熱血台中,21987,CF_336x280_全網_熱血台中,,,,110,24,0,24,67,0,110,21.82%,60.91%,0.00%,0.00%,21.82%
20260127,02,富盈數據股份有限公司,3704,天天要聞,22030,CF_300 x 250 banner_天天要聞_cpc2,,,,512,178,0,178,390,0,512,34.77%,76.17%,0.00%,0.00%,34.77%
20260127,02,富盈數據股份有限公司,3703,繁體小說,22031,CF_300 x 250 banner_繁體小說_cpc2,,,,163,67,0,67,128,0,163,41.10%,78.53%,0.00%,0.00%,41.10%
20260127,02,冰楓科技有限公司,3485,冰楓論壇-exchange,22160,CF_300x250_Banner2_ 冰楓論壇-exchange,,,,6,0,0,0,6,0,6,0.00%,100.00%,0.00%,0.00%,0.00%
20260127,02,闇碼科技股份有限公司,3048,縮短網址產生器-reurl,22213,MW_蓋版_縮短網址產生器-reurl-2025.05(特殊供量),,知名媒體,,"4,278",0,0,0,"4,265",0,4278,0.00%,99.70%,0.00%,0.00%,0.00%
20260127,02,欣發現股份有限公司,3363,大人物-mobile,22222,MW_蓋板_大人物,,知名媒體,,18,0,0,0,18,0,18,0.00%,100.00%,0.00%,0.00%,0.00%
20260127,02,朱光宁,3741,石頭小說3,22396,MW_置底_石頭小說3,,,,154,50,0,50,119,0,154,32.47%,77.27%,0.00%,0.00%,32.47%
20260127,02,朱光宁,3741,石頭小說3,22398,CF_336 x 280 banner_石頭小說3_cpc1.67,,,,"1,975",472,0,472,"1,665",0,1975,23.90%,84.30%,0.00%,0.00%,23.90%
20260127,02,朱光宁,3741,石頭小說3,22399,CF_320 x 480 橫幅_石頭小說3,,,,37,19,0,19,27,0,37,51.35%,72.97%,0.00%,0.00%,51.35%
20260127,02,闇碼科技股份有限公司,3068,限時圖片-imgus,22406,MW_置底_imgus,antifroud,,,54,14,0,14,36,0,54,25.93%,66.67%,0.00%,0.00%,25.93%
20260127,02,第一網站股份有限公司,2783,漫畫櫃manhuagui,22443,MW_置底_manhuagui,antifroud,,,"36,233","10,655",0,"10,655","26,432",0,36233,29.41%,72.95%,0.00%,0.00%,29.41%
20260127,02,李承翰-webptt,718,Web批踢踢(RWD),2284,MW-蓋板_文中_Web批踢踢,antifroud,,,44,4,0,4,39,0,44,9.09%,88.64%,0.00%,0.00%,9.09%
20260127,02,李承翰-webptt,718,Web批踢踢(RWD),2290,MW-300x250&336x280_第一塊_Web批踢踢(RWD),,,,6,6,0,6,3,0,6,100.00%,50.00%,0.00%,0.00%,100.00%
20260127,02,麥智維,999,動漫戲說,3543,CF-728*90-內文上方-動漫戲說,antifroud,,,331,19,0,19,319,0,331,5.74%,96.37%,0.00%,0.00%,5.74%
20260127,02,蔡建磊,1269,跑跑資訊站,4622,CF-300X250-內文右側-跑跑資訊站,,,,12,0,0,0,12,0,12,0.00%,100.00%,0.00%,0.00%,0.00%
20260127,02,肖偉彬,1287,紅櫻桃小說書庫,4678,CF-內文上方-300*250-紅櫻桃小說書庫,,,,21,17,0,17,10,0,21,80.95%,47.62%,0.00%,0.00%,80.95%
20260127,02,肖偉彬,1286,龍騰世紀書庫,4716,CF-內文中間-300*250-龍騰世紀書庫,,,,6,4,0,4,4,0,6,66.67%,66.67%,0.00%,0.00%,66.67%
20260127,02,肖偉彬,1287,紅櫻桃小說書庫,4717,MW_文中創意300x250_紅櫻桃小說書庫,,,,12,4,0,4,10,0,12,33.33%,83.33%,0.00%,0.00%,33.33%
20260127,02,技達創意資訊有限公司,1299,泰好網,4734,MW-320*100-首頁、內文上方-泰好網,,,,6,0,0,0,6,0,6,0.00%,100.00%,0.00%,0.00%,0.00%
20260127,02,陈晋福,1367,電視超人,4997,CF-300X250-電視超人,,,,6,0,0,0,6,0,6,0.00%,100.00%,0.00%,0.00%,0.00%
20260127,02,麥智維,999,動漫戲說,6069,CF-300*250-首頁-動漫戲說,,,,26,4,0,4,22,0,26,15.38%,84.62%,0.00%,0.00%,15.38%
20260127,02,巧克科技新媒體股份有限公司,2127,LINE TV_Banner-exchange,8577,CF_336x280_戲劇-右側好康資訊上方_LINE TV-exchange,,知名媒體,,6,0,0,0,6,0,6,0.00%,100.00%,0.00%,0.00%,0.00%
20260127,03,英屬維京群島商浩美數位有限公司台灣分公司,2315,Teepr亮新聞-exchange,10012,CF_336x280Banner_Teepr亮新聞-exchange,,知名媒體,,18,0,0,0,16,0,18,0.00%,88.89%,0.00%,0.00%,0.00%
20260127,03,昱得資訊工作室,2528,數位書香,11080,CF_728x90_首頁上方_數位書香,antifroud,,,42,0,0,0,42,0,42,0.00%,100.00%,0.00%,0.00%,0.00%
20260127,03,昱得資訊工作室,2528,數位書香,11081,CF_160x600_首頁右側_數位書香,antifroud,,,841,0,0,0,841,0,841,0.00%,100.00%,0.00%,0.00%,0.00%
20260127,03,第一網站股份有限公司,2518,麻辣家族討論區(twbts),11082,CF-728X90-twbts,antifroud,,,"2,387",0,0,0,"2,386",0,2387,0.00%,99.96%,0.00%,0.00%,0.00%
20260127,03,第一網站股份有限公司,2540,risu短網址,11260,MW-300X250-MB_page_left-risu,,知名媒體,,6,6,0,6,3,0,6,100.00%,50.00%,0.00%,0.00%,100.00%
20260127,03,第一網站股份有限公司,2492,ttshow,11273,MW-300X250-ttshow,,知名媒體,,6,0,0,0,6,0,6,0.00%,100.00%,0.00%,0.00%,0.00%
20260127,03,第一網站股份有限公司,2601,Meme梗圖倉庫,11443,CF-336X280-meme,,,,365,31,0,31,344,0,365,8.49%,94.25%,0.00%,0.00%,8.49%
20260127,03,艾得基客行銷顧問股份有限公司,2578,鉅亨網,12070,MW_320x480_文中創意_鉅亨網,,知名媒體,,362,16,0,16,290,0,362,4.42%,80.11%,0.00%,0.00%,4.42%
20260127,03,時報資訊股份有限公司,2770,中時電子報_HB,12559,CF_300x250_右側互動看版_中時電子報_HB,,知名媒體,,12,2,0,2,11,0,12,16.67%,91.67%,0.00%,0.00%,16.67%
20260127,03,時報資訊股份有限公司,2770,中時電子報_HB,12561,MW_300x250_內頁TOP Banner_中時電子報_HB,antifroud,知名媒體,,266,34,0,34,210,0,266,12.78%,78.95%,0.00%,0.00%,12.78%
20260127,03,第一網站股份有限公司,2768,czbooks,12570,CF_728x90_banner_czbooks,,,,"1,598",450,0,450,"1,356",0,1598,28.16%,84.86%,0.00%,0.00%,28.16%
20260127,03,第一網站股份有限公司,2768,czbooks,12571,CF-300x600_Banner_czbooks,,,,18,0,0,0,9,0,18,0.00%,50.00%,0.00%,0.00%,0.00%
20260127,03,鳳梨傳媒股份有限公司,2190,民視新聞網-Exchange,12579,CF_300x250_右側第一塊_民視新聞網-Exchange(RWD)(MCM),,知名媒體,,6,4,0,4,4,0,6,66.67%,66.67%,0.00%,0.00%,66.67%
20260127,03,鳳梨傳媒股份有限公司,2190,民視新聞網-Exchange,12580,CF_300x250_內文文中左側_民視新聞網-Exchange(RWD)(MCM),,知名媒體,,12,0,0,0,10,0,12,0.00%,83.33%,0.00%,0.00%,0.00%
20260127,03,第一網站股份有限公司,2783,漫畫櫃manhuagui,12676,CF_728X90_manhuagui,antifroud,,,"16,983","3,157",0,"3,157","14,762",0,16983,18.59%,86.92%,0.00%,0.00%,18.59%
20260127,03,第一網站股份有限公司,2801,damanwoo,12868,CF-300x250_Banner_damanwoo_大人物,,,,6,0,0,0,6,0,6,0.00%,100.00%,0.00%,0.00%,0.00%
20260127,03,第一網站股份有限公司,2820,星座好朋友(horofriend88),12966,MW_320x100_horofriend88,antifroud,,,18,0,0,0,12,0,18,0.00%,66.67%,0.00%,0.00%,0.00%
20260127,03,第一網站股份有限公司,2862,Manhuaren,13254,MW_320x100_banner_manhuaren,,,,6,4,0,4,4,0,6,66.67%,66.67%,0.00%,0.00%,66.67%
20260127,03,譚謹恩,2885,Mr. & Mrs. Diary-exchange,13405,CF_970x250_內文文中_Mr. & Mrs. Diary-exchange,,,,6,0,0,0,6,0,6,0.00%,100.00%,0.00%,0.00%,0.00%
20260127,03,曾憲敏,202,85小說網,13445,MW_336X280_全量1_85小說網,,,,18,6,0,6,15,0,18,33.33%,83.33%,0.00%,0.00%,33.33%
20260127,03,曾憲敏,202,85小說網,13446,MW_336X280_全量2_85小說網,,,,192,92,0,92,134,0,192,47.92%,69.79%,0.00%,0.00%,47.92%
20260127,03,第一網站股份有限公司,2910,clickme,13549,CF_300x250_banner_clickme(一般),,,,699,78,0,78,569,0,699,11.16%,81.40%,0.00%,0.00%,11.16%
20260127,03,第一網站股份有限公司,2768,czbooks,14036,MW_320x480_CZBOOKS,antifroud,,,50,21,0,21,33,0,50,42.00%,66.00%,0.00%,0.00%,42.00%
20260127,03,陳人鳳,480,飛格寵物家族_PC,1407,CF-728X90_上方通欄_飛格寵物家族,,,,12,4,0,4,10,0,12,33.33%,83.33%,0.00%,0.00%,33.33%
20260127,03,陳人鳳,480,飛格寵物家族_PC,1408,CF-300X250_內文_飛格寵物家族,,,,44,6,0,6,41,0,44,13.64%,93.18%,0.00%,0.00%,13.64%
20260127,03,闇碼科技股份有限公司,3048,縮短網址產生器-reurl,14210,MW_文中創意300x250_縮短網址產生器-reurl,,知名媒體,,40,2,0,2,32,0,40,5.00%,80.00%,0.00%,0.00%,5.00%
20260127,03,富盈數據股份有限公司,3059,塔科女子,14258,CF_336x280_全網_塔科女子,,知名媒體,,132,76,0,76,88,0,132,57.58%,66.67%,0.00%,0.00%,57.58%
20260127,03,CBROOT LTD,3003,包子漫畫-exchange,14291,MW_300x250_蓋板(PB)_包子漫畫,,,,"1,408",616,0,616,897,0,1408,43.75%,63.71%,0.00%,0.00%,43.75%
20260127,03,朱光宁,3149,稷下書院-exchange,14748,MW_320x100_置底(PB)_稷下書院,,,,"9,099","3,229",0,"3,229","6,686",0,9099,35.49%,73.48%,0.00%,0.00%,35.49%
20260127,03,曾憲敏,3327,85小說網_創意,15227,MW-300X250_85小說網_隨身影音PB,,,,12,4,0,4,9,0,12,33.33%,75.00%,0.00%,0.00%,33.33%
20260127,03,曾憲敏,3327,85小說網_創意,15228,MW-創意-85小說網,,,,92,28,0,28,71,0,92,30.43%,77.17%,0.00%,0.00%,30.43%
20260127,03,CBROOT LTD,3352,西瓜卡通-exchange,15969,CF_728x90_影音內容_西瓜卡通-exchange,,,,12,0,0,0,12,0,12,0.00%,100.00%,0.00%,0.00%,0.00%
20260127,03,CBROOT LTD,3352,西瓜卡通-exchange,15970,CF_160x600_影音內容_西瓜卡通-exchange,,,,454,0,0,0,454,0,454,0.00%,100.00%,0.00%,0.00%,0.00%
20260127,03,朱光宁,3360,提莫書屋-exchange,16957,MW_336x280banner_提莫書屋_exchange,,,,"6,052","1,968",0,"1,968","4,461",0,6052,32.52%,73.71%,0.00%,0.00%,32.52%
20260127,03,朱光宁,3361,提莫書屋-mobile,16958,MW_置底創意_提莫書屋-mobile,,,,6,4,0,4,3,0,6,66.67%,50.00%,0.00%,0.00%,66.67%
20260127,03,朱光宁,3361,提莫書屋-mobile,16959,MW_320x480_文中創意_提莫書屋-mobile,,,,6,4,0,4,4,0,6,66.67%,66.67%,0.00%,0.00%,66.67%
20260127,03,欣發現股份有限公司,3363,大人物-mobile,16973,MW_置底創意_大人物,,知名媒體,,12,6,0,6,8,0,12,50.00%,66.67%,0.00%,0.00%,50.00%
20260127,03,第一網站股份有限公司,2783,漫畫櫃manhuagui,17027,MW_320x480_蓋版_漫畫櫃manhuagui,,,,"2,016",503,0,503,"1,534",0,2016,24.95%,76.09%,0.00%,0.00%,24.95%
20260127,03,詠勝科技有限公司,3385,Mobile01_HB,17175,CF_970x90_橫幅Banner_Mobile01_HB,,知名媒體,,54,2,0,2,52,0,54,3.70%,96.30%,0.00%,0.00%,3.70%
20260127,03,詠勝科技有限公司,3385,Mobile01_HB,17179,CF_300x250_熱門大看板_Mobile01_HB,,知名媒體,,109,10,0,10,102,0,109,9.17%,93.58%,0.00%,0.00%,9.17%
20260127,03,詠勝科技有限公司,3385,Mobile01_HB,17204,MW_300x250_文中Banner(interscroller)_Mobile01_HB,,知名媒體,,6,2,0,2,3,0,6,33.33%,50.00%,0.00%,0.00%,33.33%
20260127,03,朱光宁,3268,稷下書院-mobile,17207,MW_320x480_蓋版_稷下書院-mobile,,,,"5,536","1,808",0,"1,808","3,909",0,5536,32.66%,70.61%,0.00%,0.00%,32.66%
20260127,03,艾得基客行銷顧問股份有限公司,3391,UDN聯合新聞網,17236,MW_置底創意_UDN聯合新聞,,知名媒體,,94,0,0,0,94,0,94,0.00%,100.00%,0.00%,0.00%,0.00%
20260127,03,李立娟,3395,vivi0視頻-exchange,17293,CF_336x280_Banner_vivi01視頻-exchange,antifroud,,,"15,059",120,0,120,"10,839",0,15059,0.80%,71.98%,0.00%,0.00%,0.80%
20260127,03,李立娟,3395,vivi0視頻-exchange,17294,MW_336x280_Banner_vivi01視頻-exchange,antifroud,,,"14,629",114,0,114,"10,633",0,14629,0.78%,72.68%,0.00%,0.00%,0.78%
20260127,03,李立娟,3395,vivi0視頻-exchange,17300,MW_320x100_置底(PB)_vivi01視頻-exchange,antifroud,,,"19,318",110,0,110,"13,988",0,19318,0.57%,72.41%,0.00%,0.00%,0.57%
20260127,03,第一網站股份有限公司,2768,czbooks,17927,MW_置底創意_czbook,,,,"2,749",950,0,950,"1,958",0,2749,34.56%,71.23%,0.00%,0.00%,34.56%
20260127,03,時報資訊股份有限公司_工商時報,3427,工商時報-exchange,18003,CF_300x250_互動看板2_工商時報-exchange,,知名媒體,,36,0,0,0,36,0,36,0.00%,100.00%,0.00%,0.00%,0.00%
20260127,03,時報資訊股份有限公司_工商時報,3427,工商時報-exchange,18007,CF_336x280_文末右側看板_工商時報-exchange,,知名媒體,,12,0,0,0,12,0,12,0.00%,100.00%,0.00%,0.00%,0.00%
20260127,03,時報資訊股份有限公司_工商時報,3427,工商時報-exchange,18008,CF_336x280_文末左側看板_工商時報-exchange,,知名媒體,,20,0,0,0,20,0,20,0.00%,100.00%,0.00%,0.00%,0.00%
20260127,03,時報資訊股份有限公司_工商時報,3427,工商時報-exchange,18015,MW_300x250_文末Banner2_工商時報-exchange,,知名媒體,,12,0,0,0,10,0,12,0.00%,83.33%,0.00%,0.00%,0.00%
20260127,03,第一網站股份有限公司,3440,fsa_passback_first,18201,CF_336x280_fsa_passback_first,,,,"1,032",434,0,434,809,0,1032,42.05%,78.39%,0.00%,0.00%,42.05%
20260127,03,第一網站股份有限公司,3440,fsa_passback_first,18202,CF_300x250_fsa_passback_first,,,,"8,537",466,0,466,"8,368",0,8537,5.46%,98.02%,0.00%,0.00%,5.46%
20260127,03,莊博凱,3455,夢遊電玩,18269,300x250 Banner,,,,12,0,0,0,12,0,12,0.00%,100.00%,0.00%,0.00%,0.00%
20260127,03,時報資訊股份有限公司_工商時報,3427,工商時報-exchange,18278,CF_336x280_文中-MiddleBillboard_工商時報-exchange,,知名媒體,,26,0,0,0,26,0,26,0.00%,100.00%,0.00%,0.00%,0.00%
20260127,03,朱光宁,3268,稷下書院-mobile,18297,MW_置底創意(展開)_稷下書院-mobile,,,,133,28,0,28,105,0,133,21.05%,78.95%,0.00%,0.00%,21.05%
20260127,03,冰楓科技有限公司,3485,冰楓論壇-exchange,18487,CF_970x90_內文上方第一塊_冰楓論壇-exchange,,,,206,51,0,51,196,0,206,24.76%,95.15%,0.00%,0.00%,24.76%
20260127,03,冰楓科技有限公司,3485,冰楓論壇-exchange,18488,MW_320x100_內文上方第一塊_ 冰楓論壇-exchange,antifroud,,,44,2,0,2,41,0,44,4.55%,93.18%,0.00%,0.00%,4.55%
20260127,03,冰楓科技有限公司,3485,冰楓論壇-exchange,18492,MW_300x250_Banner_ 冰楓論壇-exchange,,,,96,28,0,28,86,0,96,29.17%,89.58%,0.00%,0.00%,29.17%
20260127,03,闇碼科技股份有限公司,3048,縮短網址產生器-reurl,18535,MW_蓋版_縮短網址產生器-reurl,,知名媒體,,6,0,0,0,4,0,6,0.00%,66.67%,0.00%,0.00%,0.00%
20260127,03,CBROOT LTD,3492,包子漫畫(特開流量)-exchange,18557,CF_300x600_指定流量_包子漫畫(特開流量PB)-exchange,,,,106,4,0,4,104,0,106,3.77%,98.11%,0.00%,0.00%,3.77%
20260127,03,CBROOT LTD,3510,包子漫畫_twmanga-exchange,18737,CF_970x90_Banner_ 包子漫畫_twmanga-exchange,,,,154,48,0,48,130,0,154,31.17%,84.42%,0.00%,0.00%,31.17%
20260127,03,第一網站股份有限公司,2783,漫畫櫃manhuagui,20685,MW_300X250_manhuagui,antifroud,,,"9,128","2,462",0,"2,462","6,866",0,9128,26.97%,75.22%,0.00%,0.00%,26.97%
20260127,03,德榕企業有限公司,3578,TW Bodhi_mobile,20708,MW_蓋板_TW Bodhi,,,,18,6,0,6,11,0,18,33.33%,61.11%,0.00%,0.00%,33.33%
20260127,03,德榕企業有限公司,3581,忘憂書屋,20727,CF_336x280文章頁(RWD)_忘憂書屋,,,,12,4,0,4,9,0,12,33.33%,75.00%,0.00%,0.00%,33.33%
20260127,03,德榕企業有限公司,3582,忘憂書屋_mobile,20729,MW_蓋板_忘憂書屋,,,,18,6,0,6,12,0,18,33.33%,66.67%,0.00%,0.00%,33.33%
20260127,03,第一網站股份有限公司,2916,KiKiNote,20731,CF_300x250_banner_kikinote (PB),,知名媒體,,6,0,0,0,6,0,6,0.00%,100.00%,0.00%,0.00%,0.00%
20260127,03,第一網站股份有限公司,2768,czbooks,21412,(子)CF_970x250_banner_czbooks(限時段)-PB,,,子聯播網,"1,863",474,0,474,"1,607",0,1863,25.44%,86.26%,0.00%,0.00%,25.44%
20260127,03,第一網站股份有限公司,3440,fsa_passback_first,21699,CF_336x280_fsa_passback_first,,,,390,110,0,110,335,0,390,28.21%,85.90%,0.00%,0.00%,28.21%
20260127,03,富盈數據股份有限公司,3653,TVBS-女人我最大_HB,21761,MW_文章四_336x280_TVBS-女人我最大_HB,,知名媒體,,12,2,0,2,7,0,12,16.67%,58.33%,0.00%,0.00%,16.67%
20260127,03,富盈數據股份有限公司,3654,TVBS-健康2.0_HB,21768,MW_文中創意320x480_TVBS-健康2.0_HB,,知名媒體,,12,2,0,2,7,0,12,16.67%,58.33%,0.00%,0.00%,16.67%
20260127,03,富盈數據股份有限公司,3655,TVBS-食尚玩家_HB,21770,MW_文章三_336x280_TVBS-食尚玩家_HB,,知名媒體,,6,0,0,0,6,0,6,0.00%,100.00%,0.00%,0.00%,0.00%
20260127,03,富盈數據股份有限公司,3654,TVBS-健康2.0_HB,21812,MW_文章一_336x280_TVBS-健康2.0_HB,,知名媒體,,12,0,0,0,9,0,12,0.00%,75.00%,0.00%,0.00%,0.00%
20260127,03,儂儂雜誌社股份有限公司(bella儂儂),2135,Bella儂儂_2024,21876,MW-300x250_文章標題上方1_Bella儂儂,,知名媒體,,6,0,0,0,5,0,6,0.00%,83.33%,0.00%,0.00%,0.00%
20260127,03,富盈數據股份有限公司,3680,TVBS-新聞網_HB,21899,MW_文章一_336x280_TVBS-新聞網_HB,,知名媒體,,"1,996",72,0,72,"1,309",0,1996,3.61%,65.58%,0.00%,0.00%,3.61%
20260127,03,富盈數據股份有限公司,3680,TVBS-新聞網_HB,21900,MW_文章三_336x280_TVBS-新聞網_HB,,知名媒體,,6,0,0,0,6,0,6,0.00%,100.00%,0.00%,0.00%,0.00%
20260127,03,富盈數據股份有限公司,3680,TVBS-新聞網_HB,21902,MW_文章置底_320x100_TVBS-新聞網_HB,,知名媒體,,"2,353",110,0,110,"1,536",0,2353,4.67%,65.28%,0.00%,0.00%,4.67%
20260127,03,富盈數據股份有限公司,3685,玩桌遊_mobile,21924,MW_置底創意(非展開)_玩桌遊-mobile,,,,40,10,0,10,24,0,40,25.00%,60.00%,0.00%,0.00%,25.00%
20260127,03,富盈數據股份有限公司,2615,熱血台中,21986,CF_336x280_全網_熱血台中,,,,76,6,0,6,62,0,76,7.89%,81.58%,0.00%,0.00%,7.89%
20260127,03,富盈數據股份有限公司,2615,熱血台中,21987,CF_336x280_全網_熱血台中,,,,116,10,0,10,92,0,116,8.62%,79.31%,0.00%,0.00%,8.62%
20260127,03,富盈數據股份有限公司,3704,天天要聞,22030,CF_300 x 250 banner_天天要聞_cpc2,,,,437,107,0,107,357,0,437,24.49%,81.69%,0.00%,0.00%,24.49%
20260127,03,富盈數據股份有限公司,3703,繁體小說,22031,CF_300 x 250 banner_繁體小說_cpc2,,,,273,108,0,108,177,0,273,39.56%,64.84%,0.00%,0.00%,39.56%
20260127,03,闇碼科技股份有限公司,3048,縮短網址產生器-reurl,22213,MW_蓋版_縮短網址產生器-reurl-2025.05(特殊供量),,知名媒體,,16,0,0,0,13,0,16,0.00%,81.25%,0.00%,0.00%,0.00%
20260127,03,朱光宁,3741,石頭小說3,22396,MW_置底_石頭小說3,,,,66,12,0,12,56,0,66,18.18%,84.85%,0.00%,0.00%,18.18%
20260127,03,朱光宁,3741,石頭小說3,22398,CF_336 x 280 banner_石頭小說3_cpc1.67,,,,"2,162",455,0,455,"1,862",0,2162,21.05%,86.12%,0.00%,0.00%,21.05%
20260127,03,朱光宁,3741,石頭小說3,22399,CF_320 x 480 橫幅_石頭小說3,,,,12,2,0,2,8,0,12,16.67%,66.67%,0.00%,0.00%,16.67%
20260127,03,闇碼科技股份有限公司,3068,限時圖片-imgus,22406,MW_置底_imgus,antifroud,,,26,4,0,4,19,0,26,15.38%,73.08%,0.00%,0.00%,15.38%
20260127,03,第一網站股份有限公司,2783,漫畫櫃manhuagui,22443,MW_置底_manhuagui,antifroud,,,"22,716","6,040",0,"6,040","16,819",0,22716,26.59%,74.04%,0.00%,0.00%,26.59%
20260127,03,李承翰-webptt,718,Web批踢踢(RWD),2284,MW-蓋板_文中_Web批踢踢,antifroud,,,14,4,0,4,10,0,14,28.57%,71.43%,0.00%,0.00%,28.57%
20260127,03,麥智維,999,動漫戲說,3543,CF-728*90-內文上方-動漫戲說,antifroud,,,436,0,0,0,436,0,436,0.00%,100.00%,0.00%,0.00%,0.00%
20260127,03,蔡建磊,1269,跑跑資訊站,4622,CF-300X250-內文右側-跑跑資訊站,,,,6,0,0,0,6,0,6,0.00%,100.00%,0.00%,0.00%,0.00%
20260127,03,肖偉彬,1286,龍騰世紀書庫,4673,CF-內文下方-728*90-龍騰世紀書庫,,,,6,0,0,0,6,0,6,0.00%,100.00%,0.00%,0.00%,0.00%
20260127,03,肖偉彬,1287,紅櫻桃小說書庫,4678,CF-內文上方-300*250-紅櫻桃小說書庫,,,,6,0,0,0,6,0,6,0.00%,100.00%,0.00%,0.00%,0.00%
20260127,03,技達創意資訊有限公司,1299,泰好網,4733,CF-300*250-內文下方-泰好網,,,,6,0,0,0,6,0,6,0.00%,100.00%,0.00%,0.00%,0.00%
20260127,03,技達創意資訊有限公司,1299,泰好網,4734,MW-320*100-首頁、內文上方-泰好網,,,,36,0,0,0,36,0,36,0.00%,100.00%,0.00%,0.00%,0.00%
20260127,03,麥智維,999,動漫戲說,6069,CF-300*250-首頁-動漫戲說,,,,6,0,0,0,6,0,6,0.00%,100.00%,0.00%,0.00%,0.00%
20260127,04,昱得資訊工作室,2528,數位書香,11080,CF_728x90_首頁上方_數位書香,antifroud,,,32,0,0,0,32,0,32,0.00%,100.00%,0.00%,0.00%,0.00%
20260127,04,昱得資訊工作室,2528,數位書香,11081,CF_160x600_首頁右側_數位書香,antifroud,,,984,0,0,0,984,0,984,0.00%,100.00%,0.00%,0.00%,0.00%
20260127,04,第一網站股份有限公司,2518,麻辣家族討論區(twbts),11082,CF-728X90-twbts,antifroud,,,"2,309",0,0,0,"2,309",0,2309,0.00%,100.00%,0.00%,0.00%,0.00%
20260127,04,第一網站股份有限公司,2492,ttshow,11273,MW-300X250-ttshow,,知名媒體,,12,0,0,0,12,0,12,0.00%,100.00%,0.00%,0.00%,0.00%
20260127,04,第一網站股份有限公司,2601,Meme梗圖倉庫,11443,CF-336X280-meme,,,,135,36,0,36,111,0,135,26.67%,82.22%,0.00%,0.00%,26.67%
20260127,04,艾得基客行銷顧問股份有限公司,2578,鉅亨網,12070,MW_320x480_文中創意_鉅亨網,,知名媒體,,453,20,0,20,386,0,453,4.42%,85.21%,0.00%,0.00%,4.42%
20260127,04,第一網站股份有限公司,2540,risu短網址,12496,CF_300x250_popup(直播) _risu短網址,antifroud,知名媒體,,6,0,0,0,6,0,6,0.00%,100.00%,0.00%,0.00%,0.00%
20260127,04,時報資訊股份有限公司,2770,中時電子報_HB,12561,MW_300x250_內頁TOP Banner_中時電子報_HB,antifroud,知名媒體,,284,39,0,39,229,0,284,13.73%,80.63%,0.00%,0.00%,13.73%
20260127,04,第一網站股份有限公司,2768,czbooks,12570,CF_728x90_banner_czbooks,,,,"1,131",306,0,306,974,0,1131,27.06%,86.12%,0.00%,0.00%,27.06%
20260127,04,第一網站股份有限公司,2768,czbooks,12571,CF-300x600_Banner_czbooks,,,,64,0,0,0,33,0,64,0.00%,51.56%,0.00%,0.00%,0.00%
20260127,04,鳳梨傳媒股份有限公司,2190,民視新聞網-Exchange,12580,CF_300x250_內文文中左側_民視新聞網-Exchange(RWD)(MCM),,知名媒體,,12,0,0,0,12,0,12,0.00%,100.00%,0.00%,0.00%,0.00%
20260127,04,第一網站股份有限公司,2783,漫畫櫃manhuagui,12676,CF_728X90_manhuagui,antifroud,,,"10,264","1,449",0,"1,449","9,138",0,10264,14.12%,89.03%,0.00%,0.00%,14.12%
20260127,04,第一網站股份有限公司,2801,damanwoo,12868,CF-300x250_Banner_damanwoo_大人物,,,,6,0,0,0,6,0,6,0.00%,100.00%,0.00%,0.00%,0.00%
20260127,04,第一網站股份有限公司,2820,星座好朋友(horofriend88),12966,MW_320x100_horofriend88,antifroud,,,18,0,0,0,10,0,18,0.00%,55.56%,0.00%,0.00%,0.00%
20260127,04,第一網站股份有限公司,2838,mycard,13041,MW_320x480_加倍mycard,,,,12,0,0,0,12,0,12,0.00%,100.00%,0.00%,0.00%,0.00%
20260127,04,第一網站股份有限公司,2862,Manhuaren,13254,MW_320x100_banner_manhuaren,,,,24,2,0,2,21,0,24,8.33%,87.50%,0.00%,0.00%,8.33%
20260127,04,曾憲敏,202,85小說網,13445,MW_336X280_全量1_85小說網,,,,14,2,0,2,12,0,14,14.29%,85.71%,0.00%,0.00%,14.29%
20260127,04,曾憲敏,202,85小說網,13446,MW_336X280_全量2_85小說網,,,,140,34,0,34,108,0,140,24.29%,77.14%,0.00%,0.00%,24.29%
20260127,04,第一網站股份有限公司,2910,clickme,13549,CF_300x250_banner_clickme(一般),,,,741,101,0,101,604,0,741,13.63%,81.51%,0.00%,0.00%,13.63%
20260127,04,第一網站股份有限公司,2768,czbooks,14036,MW_320x480_CZBOOKS,antifroud,,,18,6,0,6,12,0,18,33.33%,66.67%,0.00%,0.00%,33.33%
20260127,04,陳人鳳,480,飛格寵物家族_PC,1407,CF-728X90_上方通欄_飛格寵物家族,,,,12,4,0,4,10,0,12,33.33%,83.33%,0.00%,0.00%,33.33%
20260127,04,陳人鳳,480,飛格寵物家族_PC,1408,CF-300X250_內文_飛格寵物家族,,,,52,2,0,2,51,0,52,3.85%,98.08%,0.00%,0.00%,3.85%
20260127,04,闇碼科技股份有限公司,3048,縮短網址產生器-reurl,14210,MW_文中創意300x250_縮短網址產生器-reurl,,知名媒體,,20,2,0,2,15,0,20,10.00%,75.00%,0.00%,0.00%,10.00%
20260127,04,富盈數據股份有限公司,3059,塔科女子,14258,CF_336x280_全網_塔科女子,,知名媒體,,118,54,0,54,75,0,118,45.76%,63.56%,0.00%,0.00%,45.76%
20260127,04,CBROOT LTD,3003,包子漫畫-exchange,14291,MW_300x250_蓋板(PB)_包子漫畫,,,,937,438,0,438,598,0,937,46.74%,63.82%,0.00%,0.00%,46.74%
20260127,04,朱光宁,3268,稷下書院-mobile,14737,MW_置底創意(非展開)_稷下書院-mobile,,,,6,2,0,2,4,0,6,33.33%,66.67%,0.00%,0.00%,33.33%
20260127,04,朱光宁,3149,稷下書院-exchange,14748,MW_320x100_置底(PB)_稷下書院,,,,"7,665","2,699",0,"2,699","5,541",0,7665,35.21%,72.29%,0.00%,0.00%,35.21%
20260127,04,曾憲敏,3327,85小說網_創意,15228,MW-創意-85小說網,,,,34,10,0,10,27,0,34,29.41%,79.41%,0.00%,0.00%,29.41%
20260127,04,中天電視股份有限公司,3282,中天新聞網-exchange,15859,CF_336x280_內頁_PC右側互動看板B-中天新聞網-exchange,,知名媒體,,6,0,0,0,6,0,6,0.00%,100.00%,0.00%,0.00%,0.00%
20260127,04,CBROOT LTD,3352,西瓜卡通-exchange,15970,CF_160x600_影音內容_西瓜卡通-exchange,,,,526,0,0,0,526,0,526,0.00%,100.00%,0.00%,0.00%,0.00%
20260127,04,朱光宁,3360,提莫書屋-exchange,16957,MW_336x280banner_提莫書屋_exchange,,,,"6,591","1,813",0,"1,813","5,172",0,6591,27.51%,78.47%,0.00%,0.00%,27.51%
20260127,04,朱光宁,3361,提莫書屋-mobile,16958,MW_置底創意_提莫書屋-mobile,,,,6,0,0,0,6,0,6,0.00%,100.00%,0.00%,0.00%,0.00%
20260127,04,欣發現股份有限公司,3365,Hami任務牆-mobile,16969,MW_置底創意_Hami任務牆,,知名媒體,,25,2,0,2,24,0,25,8.00%,96.00%,0.00%,0.00%,8.00%
20260127,04,欣發現股份有限公司,3364,女子學-mobile,16972,MW_置底創意_女子學,antifroud,,,6,0,0,0,6,0,6,0.00%,100.00%,0.00%,0.00%,0.00%
20260127,04,第一網站股份有限公司,2783,漫畫櫃manhuagui,17027,MW_320x480_蓋版_漫畫櫃manhuagui,,,,970,226,0,226,733,0,970,23.30%,75.57%,0.00%,0.00%,23.30%
20260127,04,詠勝科技有限公司,3385,Mobile01_HB,17175,CF_970x90_橫幅Banner_Mobile01_HB,,知名媒體,,62,4,0,4,60,0,62,6.45%,96.77%,0.00%,0.00%,6.45%
20260127,04,詠勝科技有限公司,3385,Mobile01_HB,17179,CF_300x250_熱門大看板_Mobile01_HB,,知名媒體,,70,8,0,8,66,0,70,11.43%,94.29%,0.00%,0.00%,11.43%
20260127,04,詠勝科技有限公司,3385,Mobile01_HB,17183,CF_300x600_大摩天_Mobile01_HB,,知名媒體,,6,0,0,0,6,0,6,0.00%,100.00%,0.00%,0.00%,0.00%
20260127,04,詠勝科技有限公司,3385,Mobile01_HB,17204,MW_300x250_文中Banner(interscroller)_Mobile01_HB,,知名媒體,,6,2,0,2,3,0,6,33.33%,50.00%,0.00%,0.00%,33.33%
20260127,04,朱光宁,3268,稷下書院-mobile,17207,MW_320x480_蓋版_稷下書院-mobile,,,,"3,647","1,145",0,"1,145","2,568",0,3647,31.40%,70.41%,0.00%,0.00%,31.40%
20260127,04,艾得基客行銷顧問股份有限公司,3391,UDN聯合新聞網,17236,MW_置底創意_UDN聯合新聞,,知名媒體,,74,0,0,0,74,0,74,0.00%,100.00%,0.00%,0.00%,0.00%
20260127,04,李立娟,3395,vivi0視頻-exchange,17293,CF_336x280_Banner_vivi01視頻-exchange,antifroud,,,"11,316",64,0,64,"8,434",0,11316,0.57%,74.53%,0.00%,0.00%,0.57%
20260127,04,李立娟,3395,vivi0視頻-exchange,17294,MW_336x280_Banner_vivi01視頻-exchange,antifroud,,,"11,698",55,0,55,"8,731",0,11698,0.47%,74.64%,0.00%,0.00%,0.47%
20260127,04,李立娟,3395,vivi0視頻-exchange,17300,MW_320x100_置底(PB)_vivi01視頻-exchange,antifroud,,,"16,311",75,0,75,"12,232",0,16311,0.46%,74.99%,0.00%,0.00%,0.46%
20260127,04,第一網站股份有限公司,2768,czbooks,17927,MW_置底創意_czbook,,,,"1,277",408,0,408,925,0,1277,31.95%,72.44%,0.00%,0.00%,31.95%
20260127,04,時報資訊股份有限公司_工商時報,3427,工商時報-exchange,18015,MW_300x250_文末Banner2_工商時報-exchange,,知名媒體,,31,2,0,2,29,0,31,6.45%,93.55%,0.00%,0.00%,6.45%
20260127,04,第一網站股份有限公司,3440,fsa_passback_first,18201,CF_336x280_fsa_passback_first,,,,"1,304",902,0,902,869,0,1304,69.17%,66.64%,0.00%,0.00%,69.17%
20260127,04,第一網站股份有限公司,3440,fsa_passback_first,18202,CF_300x250_fsa_passback_first,,,,"2,802",180,0,180,"2,732",0,2802,6.42%,97.50%,0.00%,0.00%,6.42%
20260127,04,朱光宁,3268,稷下書院-mobile,18297,MW_置底創意(展開)_稷下書院-mobile,,,,61,9,0,9,49,0,61,14.75%,80.33%,0.00%,0.00%,14.75%
20260127,04,冰楓科技有限公司,3485,冰楓論壇-exchange,18487,CF_970x90_內文上方第一塊_冰楓論壇-exchange,,,,246,30,0,30,246,0,246,12.20%,100.00%,0.00%,0.00%,12.20%
20260127,04,冰楓科技有限公司,3485,冰楓論壇-exchange,18488,MW_320x100_內文上方第一塊_ 冰楓論壇-exchange,antifroud,,,18,4,0,4,17,0,18,22.22%,94.44%,0.00%,0.00%,22.22%
20260127,04,冰楓科技有限公司,3485,冰楓論壇-exchange,18492,MW_300x250_Banner_ 冰楓論壇-exchange,,,,78,28,0,28,78,0,78,35.90%,100.00%,0.00%,0.00%,35.90%
20260127,04,CBROOT LTD,3492,包子漫畫(特開流量)-exchange,18557,CF_300x600_指定流量_包子漫畫(特開流量PB)-exchange,,,,112,0,0,0,112,0,112,0.00%,100.00%,0.00%,0.00%,0.00%
20260127,04,CBROOT LTD,3510,包子漫畫_twmanga-exchange,18737,CF_970x90_Banner_ 包子漫畫_twmanga-exchange,,,,85,65,0,65,54,0,85,76.47%,63.53%,0.00%,0.00%,76.47%
20260127,04,台灣英文新聞股份有限公司,3537,台灣英文新聞(new)-exchange,18924,CF_300x250_內容頁_右側看版_1_台灣英文新聞(new)-exchange,,知名媒體,,6,2,0,2,4,0,6,33.33%,66.67%,0.00%,0.00%,33.33%
20260127,04,第一網站股份有限公司,2783,漫畫櫃manhuagui,20685,MW_300X250_manhuagui,antifroud,,,"6,610","1,880",0,"1,880","4,962",0,6610,28.44%,75.07%,0.00%,0.00%,28.44%
20260127,04,德榕企業有限公司,3578,TW Bodhi_mobile,20708,MW_蓋板_TW Bodhi,,,,12,6,0,6,9,0,12,50.00%,75.00%,0.00%,0.00%,50.00%
20260127,04,德榕企業有限公司,3581,忘憂書屋,20727,CF_336x280文章頁(RWD)_忘憂書屋,,,,12,4,0,4,8,0,12,33.33%,66.67%,0.00%,0.00%,33.33%
20260127,04,第一網站股份有限公司,2916,KiKiNote,20731,CF_300x250_banner_kikinote (PB),,知名媒體,,16,0,0,0,16,0,16,0.00%,100.00%,0.00%,0.00%,0.00%
20260127,04,第一網站股份有限公司,2768,czbooks,21412,(子)CF_970x250_banner_czbooks(限時段)-PB,,,子聯播網,"1,361",331,0,331,"1,188",0,1361,24.32%,87.29%,0.00%,0.00%,24.32%
20260127,04,第一網站股份有限公司,3440,fsa_passback_first,21699,CF_336x280_fsa_passback_first,,,,160,34,0,34,151,0,160,21.25%,94.38%,0.00%,0.00%,21.25%
20260127,04,富盈數據股份有限公司,3653,TVBS-女人我最大_HB,21763,MW_文中創意320x480_TVBS-女人我最大_HB,,知名媒體,,8,2,0,2,5,0,8,25.00%,62.50%,0.00%,0.00%,25.00%
20260127,04,富盈數據股份有限公司,3654,TVBS-健康2.0_HB,21765,MW_文章三_336x280_TVBS-健康2.0_HB,,知名媒體,,26,10,0,10,14,0,26,38.46%,53.85%,0.00%,0.00%,38.46%
20260127,04,富盈數據股份有限公司,3654,TVBS-健康2.0_HB,21768,MW_文中創意320x480_TVBS-健康2.0_HB,,知名媒體,,24,2,0,2,17,0,24,8.33%,70.83%,0.00%,0.00%,8.33%
20260127,04,富盈數據股份有限公司,3655,TVBS-食尚玩家_HB,21770,MW_文章三_336x280_TVBS-食尚玩家_HB,,知名媒體,,13,0,0,0,11,0,13,0.00%,84.62%,0.00%,0.00%,0.00%
20260127,04,富盈數據股份有限公司,3654,TVBS-健康2.0_HB,21812,MW_文章一_336x280_TVBS-健康2.0_HB,,知名媒體,,6,0,0,0,4,0,6,0.00%,66.67%,0.00%,0.00%,0.00%
20260127,04,儂儂雜誌社股份有限公司(bella儂儂),2135,Bella儂儂_2024,21876,MW-300x250_文章標題上方1_Bella儂儂,,知名媒體,,6,0,0,0,5,0,6,0.00%,83.33%,0.00%,0.00%,0.00%
20260127,04,富盈數據股份有限公司,3680,TVBS-新聞網_HB,21899,MW_文章一_336x280_TVBS-新聞網_HB,,知名媒體,,"1,424",46,0,46,999,0,1424,3.23%,70.15%,0.00%,0.00%,3.23%
20260127,04,富盈數據股份有限公司,3680,TVBS-新聞網_HB,21902,MW_文章置底_320x100_TVBS-新聞網_HB,,知名媒體,,"1,793",59,0,59,"1,249",0,1793,3.29%,69.66%,0.00%,0.00%,3.29%
20260127,04,富盈數據股份有限公司,3685,玩桌遊_mobile,21924,MW_置底創意(非展開)_玩桌遊-mobile,,,,24,6,0,6,19,0,24,25.00%,79.17%,0.00%,0.00%,25.00%
20260127,04,富盈數據股份有限公司,2615,熱血台中,21986,CF_336x280_全網_熱血台中,,,,74,6,0,6,52,0,74,8.11%,70.27%,0.00%,0.00%,8.11%
20260127,04,富盈數據股份有限公司,2615,熱血台中,21987,CF_336x280_全網_熱血台中,,,,128,0,0,0,86,0,128,0.00%,67.19%,0.00%,0.00%,0.00%
20260127,04,富盈數據股份有限公司,3704,天天要聞,22030,CF_300 x 250 banner_天天要聞_cpc2,,,,268,51,0,51,220,0,268,19.03%,82.09%,0.00%,0.00%,19.03%
20260127,04,富盈數據股份有限公司,3703,繁體小說,22031,CF_300 x 250 banner_繁體小說_cpc2,,,,47,5,0,5,43,0,47,10.64%,91.49%,0.00%,0.00%,10.64%
20260127,04,闇碼科技股份有限公司,3048,縮短網址產生器-reurl,22213,MW_蓋版_縮短網址產生器-reurl-2025.05(特殊供量),,知名媒體,,6,0,0,0,5,0,6,0.00%,83.33%,0.00%,0.00%,0.00%
20260127,04,欣發現股份有限公司,3363,大人物-mobile,22222,MW_蓋板_大人物,,知名媒體,,14,2,0,2,12,0,14,14.29%,85.71%,0.00%,0.00%,14.29%
20260127,04,朱光宁,3741,石頭小說3,22396,MW_置底_石頭小說3,,,,18,4,0,4,14,0,18,22.22%,77.78%,0.00%,0.00%,22.22%
20260127,04,朱光宁,3741,石頭小說3,22398,CF_336 x 280 banner_石頭小說3_cpc1.67,,,,"1,474",302,0,302,"1,270",0,1474,20.49%,86.16%,0.00%,0.00%,20.49%
20260127,04,朱光宁,3741,石頭小說3,22399,CF_320 x 480 橫幅_石頭小說3,,,,18,6,0,6,15,0,18,33.33%,83.33%,0.00%,0.00%,33.33%
20260127,04,闇碼科技股份有限公司,3068,限時圖片-imgus,22406,MW_置底_imgus,antifroud,,,36,2,0,2,24,0,36,5.56%,66.67%,0.00%,0.00%,5.56%
20260127,04,第一網站股份有限公司,2783,漫畫櫃manhuagui,22443,MW_置底_manhuagui,antifroud,,,"16,448","4,127",0,"4,127","12,241",0,16448,25.09%,74.42%,0.00%,0.00%,25.09%
20260127,04,李承翰-webptt,718,Web批踢踢(RWD),2284,MW-蓋板_文中_Web批踢踢,antifroud,,,6,0,0,0,6,0,6,0.00%,100.00%,0.00%,0.00%,0.00%
20260127,04,麥智維,999,動漫戲說,3543,CF-728*90-內文上方-動漫戲說,antifroud,,,182,12,0,12,170,0,182,6.59%,93.41%,0.00%,0.00%,6.59%
20260127,04,蔡建磊,1269,跑跑資訊站,4622,CF-300X250-內文右側-跑跑資訊站,,,,12,0,0,0,12,0,12,0.00%,100.00%,0.00%,0.00%,0.00%
20260127,04,肖偉彬,1287,紅櫻桃小說書庫,4717,MW_文中創意300x250_紅櫻桃小說書庫,,,,30,0,0,0,30,0,30,0.00%,100.00%,0.00%,0.00%,0.00%
20260127,04,麥智維,999,動漫戲說,6069,CF-300*250-首頁-動漫戲說,,,,6,0,0,0,6,0,6,0.00%,100.00%,0.00%,0.00%,0.00%
20260127,04,巧克科技新媒體股份有限公司,2127,LINE TV_Banner-exchange,8576,CF_336x280_戲劇-右側好康資訊下方_LINE TV-exchange,,知名媒體,,6,0,0,0,6,0,6,0.00%,100.00%,0.00%,0.00%,0.00%
20260127,04,巧克科技新媒體股份有限公司,2127,LINE TV_Banner-exchange,8577,CF_336x280_戲劇-右側好康資訊上方_LINE TV-exchange,,知名媒體,,12,0,0,0,12,0,12,0.00%,100.00%,0.00%,0.00%,0.00%
20260127,05,英屬維京群島商浩美數位有限公司台灣分公司,2315,Teepr亮新聞-exchange,10012,CF_336x280Banner_Teepr亮新聞-exchange,,知名媒體,,12,0,0,0,10,0,12,0.00%,83.33%,0.00%,0.00%,0.00%
20260127,05,昱得資訊工作室,2528,數位書香,11080,CF_728x90_首頁上方_數位書香,antifroud,,,12,0,0,0,12,0,12,0.00%,100.00%,0.00%,0.00%,0.00%
20260127,05,昱得資訊工作室,2528,數位書香,11081,CF_160x600_首頁右側_數位書香,antifroud,,,864,0,0,0,864,0,864,0.00%,100.00%,0.00%,0.00%,0.00%
20260127,05,第一網站股份有限公司,2518,麻辣家族討論區(twbts),11082,CF-728X90-twbts,antifroud,,,"2,216",0,0,0,"2,216",0,2216,0.00%,100.00%,0.00%,0.00%,0.00%
20260127,05,第一網站股份有限公司,2492,ttshow,11273,MW-300X250-ttshow,,知名媒體,,6,6,0,6,3,0,6,100.00%,50.00%,0.00%,0.00%,100.00%
20260127,05,第一網站股份有限公司,2601,Meme梗圖倉庫,11443,CF-336X280-meme,,,,28,7,0,7,25,0,28,25.00%,89.29%,0.00%,0.00%,25.00%
20260127,05,艾得基客行銷顧問股份有限公司,2578,鉅亨網,12070,MW_320x480_文中創意_鉅亨網,,知名媒體,,"1,526",55,0,55,"1,269",0,1526,3.60%,83.16%,0.00%,0.00%,3.60%
20260127,05,第一網站股份有限公司,2540,risu短網址,12496,CF_300x250_popup(直播) _risu短網址,antifroud,知名媒體,,16,0,0,0,16,0,16,0.00%,100.00%,0.00%,0.00%,0.00%
20260127,05,時報資訊股份有限公司,2770,中時電子報_HB,12559,CF_300x250_右側互動看版_中時電子報_HB,,知名媒體,,121,6,0,6,112,0,121,4.96%,92.56%,0.00%,0.00%,4.96%
20260127,05,時報資訊股份有限公司,2770,中時電子報_HB,12560,CF_336x280_文中看板_中時電子報_HB,,知名媒體,,95,6,0,6,86,0,95,6.32%,90.53%,0.00%,0.00%,6.32%
20260127,05,時報資訊股份有限公司,2770,中時電子報_HB,12561,MW_300x250_內頁TOP Banner_中時電子報_HB,antifroud,知名媒體,,884,105,0,105,724,0,884,11.88%,81.90%,0.00%,0.00%,11.88%
20260127,05,第一網站股份有限公司,2768,czbooks,12570,CF_728x90_banner_czbooks,,,,"1,204",316,0,316,"1,040",0,1204,26.25%,86.38%,0.00%,0.00%,26.25%
20260127,05,第一網站股份有限公司,2768,czbooks,12571,CF-300x600_Banner_czbooks,,,,30,2,0,2,15,0,30,6.67%,50.00%,0.00%,0.00%,6.67%
20260127,05,鳳梨傳媒股份有限公司,2190,民視新聞網-Exchange,12579,CF_300x250_右側第一塊_民視新聞網-Exchange(RWD)(MCM),,知名媒體,,12,0,0,0,11,0,12,0.00%,91.67%,0.00%,0.00%,0.00%
20260127,05,第一網站股份有限公司,2783,漫畫櫃manhuagui,12676,CF_728X90_manhuagui,antifroud,,,"6,920","1,020",0,"1,020","6,097",0,6920,14.74%,88.11%,0.00%,0.00%,14.74%
20260127,05,第一網站股份有限公司,2801,damanwoo,12868,CF-300x250_Banner_damanwoo_大人物,,,,12,0,0,0,12,0,12,0.00%,100.00%,0.00%,0.00%,0.00%
20260127,05,第一網站股份有限公司,2820,星座好朋友(horofriend88),12966,MW_320x100_horofriend88,antifroud,,,32,0,0,0,23,0,32,0.00%,71.88%,0.00%,0.00%,0.00%
20260127,05,曾憲敏,202,85小說網,13445,MW_336X280_全量1_85小說網,,,,12,2,0,2,9,0,12,16.67%,75.00%,0.00%,0.00%,16.67%
20260127,05,曾憲敏,202,85小說網,13446,MW_336X280_全量2_85小說網,,,,124,20,0,20,109,0,124,16.13%,87.90%,0.00%,0.00%,16.13%
20260127,05,第一網站股份有限公司,2910,clickme,13549,CF_300x250_banner_clickme(一般),,,,468,93,0,93,369,0,468,19.87%,78.85%,0.00%,0.00%,19.87%
20260127,05,闇碼科技股份有限公司,2992,縮短網址產生器-reurl-exchange,13848,CF_300x250_轉址失敗_最右邊_reurl,,知名媒體,,6,0,0,0,6,0,6,0.00%,100.00%,0.00%,0.00%,0.00%
20260127,05,闇碼科技股份有限公司,2992,縮短網址產生器-reurl-exchange,13856,CF_300x250_轉址失敗頁第二塊_reurl,,知名媒體,,6,0,0,0,6,0,6,0.00%,100.00%,0.00%,0.00%,0.00%
20260127,05,第一網站股份有限公司,2768,czbooks,14036,MW_320x480_CZBOOKS,antifroud,,,12,6,0,6,8,0,12,50.00%,66.67%,0.00%,0.00%,50.00%
20260127,05,陳人鳳,480,飛格寵物家族_PC,1407,CF-728X90_上方通欄_飛格寵物家族,,,,30,0,0,0,30,0,30,0.00%,100.00%,0.00%,0.00%,0.00%
20260127,05,陳人鳳,480,飛格寵物家族_PC,1408,CF-300X250_內文_飛格寵物家族,,,,71,0,0,0,71,0,71,0.00%,100.00%,0.00%,0.00%,0.00%
20260127,05,闇碼科技股份有限公司,3048,縮短網址產生器-reurl,14210,MW_文中創意300x250_縮短網址產生器-reurl,,知名媒體,,856,0,0,0,853,0,856,0.00%,99.65%,0.00%,0.00%,0.00%
20260127,05,巨思文化股份有限公司,3053,數位時代_HB,14246,MW_300x250_文章結束第一塊_數位時代-HB,,知名媒體,,6,2,0,2,5,0,6,33.33%,83.33%,0.00%,0.00%,33.33%
20260127,05,富盈數據股份有限公司,3059,塔科女子,14258,CF_336x280_全網_塔科女子,,知名媒體,,90,20,0,20,54,0,90,22.22%,60.00%,0.00%,0.00%,22.22%
20260127,05,CBROOT LTD,3003,包子漫畫-exchange,14291,MW_300x250_蓋板(PB)_包子漫畫,,,,265,101,0,101,150,0,265,38.11%,56.60%,0.00%,0.00%,38.11%
20260127,05,朱光宁,3149,稷下書院-exchange,14748,MW_320x100_置底(PB)_稷下書院,,,,"7,735","2,440",0,"2,440","5,814",0,7735,31.54%,75.16%,0.00%,0.00%,31.54%
20260127,05,巨思文化股份有限公司,3053,數位時代_HB,14764,MW_置底創意_(非展開)_數位時代_HB,,知名媒體,,6,2,0,2,5,0,6,33.33%,83.33%,0.00%,0.00%,33.33%
20260127,05,中天電視股份有限公司,3282,中天新聞網-exchange,14980,CF_970x250_內頁_PC置頂橫幅-中天新聞網-exchange,,知名媒體,,6,0,0,0,4,0,6,0.00%,66.67%,0.00%,0.00%,0.00%
20260127,05,曾憲敏,3327,85小說網_創意,15227,MW-300X250_85小說網_隨身影音PB,,,,12,6,0,6,8,0,12,50.00%,66.67%,0.00%,0.00%,50.00%
20260127,05,曾憲敏,3327,85小說網_創意,15228,MW-創意-85小說網,,,,36,0,0,0,31,0,36,0.00%,86.11%,0.00%,0.00%,0.00%
20260127,05,和運租車股份有限公司,2878,abc好車網,15249,CF_300x250_搜尋頁右側_abc好車網,,知名媒體,,276,0,0,0,276,0,276,0.00%,100.00%,0.00%,0.00%,0.00%
20260127,05,CBROOT LTD,3352,西瓜卡通-exchange,15970,CF_160x600_影音內容_西瓜卡通-exchange,,,,508,0,0,0,508,0,508,0.00%,100.00%,0.00%,0.00%,0.00%
20260127,05,朱光宁,3360,提莫書屋-exchange,16957,MW_336x280banner_提莫書屋_exchange,,,,"5,290","1,753",0,"1,753","3,813",0,5290,33.14%,72.08%,0.00%,0.00%,33.14%
20260127,05,朱光宁,3361,提莫書屋-mobile,16958,MW_置底創意_提莫書屋-mobile,,,,12,2,0,2,9,0,12,16.67%,75.00%,0.00%,0.00%,16.67%
20260127,05,欣發現股份有限公司,3365,Hami任務牆-mobile,16969,MW_置底創意_Hami任務牆,,知名媒體,,206,18,0,18,195,0,206,8.74%,94.66%,0.00%,0.00%,8.74%
20260127,05,欣發現股份有限公司,3364,女子學-mobile,16972,MW_置底創意_女子學,antifroud,,,172,58,0,58,123,0,172,33.72%,71.51%,0.00%,0.00%,33.72%
20260127,05,欣發現股份有限公司,3363,大人物-mobile,16973,MW_置底創意_大人物,,知名媒體,,12,8,0,8,9,0,12,66.67%,75.00%,0.00%,0.00%,66.67%
20260127,05,第一網站股份有限公司,2783,漫畫櫃manhuagui,17027,MW_320x480_蓋版_漫畫櫃manhuagui,,,,537,137,0,137,404,0,537,25.51%,75.23%,0.00%,0.00%,25.51%
20260127,05,詠勝科技有限公司,3385,Mobile01_HB,17175,CF_970x90_橫幅Banner_Mobile01_HB,,知名媒體,,113,4,0,4,111,0,113,3.54%,98.23%,0.00%,0.00%,3.54%
20260127,05,詠勝科技有限公司,3385,Mobile01_HB,17179,CF_300x250_熱門大看板_Mobile01_HB,,知名媒體,,162,8,0,8,157,0,162,4.94%,96.91%,0.00%,0.00%,4.94%
20260127,05,詠勝科技有限公司,3385,Mobile01_HB,17180,CF_300x250_置底看板左_Mobile01_HB,,知名媒體,,6,2,0,2,5,0,6,33.33%,83.33%,0.00%,0.00%,33.33%
20260127,05,詠勝科技有限公司,3385,Mobile01_HB,17181,CF_300x250_置底看板中_Mobile01_HB,,知名媒體,,6,2,0,2,5,0,6,33.33%,83.33%,0.00%,0.00%,33.33%
20260127,05,詠勝科技有限公司,3385,Mobile01_HB,17204,MW_300x250_文中Banner(interscroller)_Mobile01_HB,,知名媒體,,12,6,0,6,8,0,12,50.00%,66.67%,0.00%,0.00%,50.00%
20260127,05,朱光宁,3268,稷下書院-mobile,17207,MW_320x480_蓋版_稷下書院-mobile,,,,"2,840",795,0,795,"2,067",0,2840,27.99%,72.78%,0.00%,0.00%,27.99%
20260127,05,艾得基客行銷顧問股份有限公司,3391,UDN聯合新聞網,17236,MW_置底創意_UDN聯合新聞,,知名媒體,,281,0,0,0,281,0,281,0.00%,100.00%,0.00%,0.00%,0.00%
20260127,05,李立娟,3395,vivi0視頻-exchange,17293,CF_336x280_Banner_vivi01視頻-exchange,antifroud,,,"16,926",133,0,133,"12,919",0,16926,0.79%,76.33%,0.00%,0.00%,0.79%
20260127,05,李立娟,3395,vivi0視頻-exchange,17294,MW_336x280_Banner_vivi01視頻-exchange,antifroud,,,"20,281",114,0,114,"15,589",0,20281,0.56%,76.87%,0.00%,0.00%,0.56%
20260127,05,李立娟,3395,vivi0視頻-exchange,17300,MW_320x100_置底(PB)_vivi01視頻-exchange,antifroud,,,"27,566",130,0,130,"21,062",0,27566,0.47%,76.41%,0.00%,0.00%,0.47%
20260127,05,李立娟,3396,趣聞圖說-Mobile,17923,MW_置底創意(展開)_趣聞圖說-Mobile,,,,6,0,0,0,5,0,6,0.00%,83.33%,0.00%,0.00%,0.00%
20260127,05,第一網站股份有限公司,2768,czbooks,17927,MW_置底創意_czbook,,,,"1,199",361,0,361,896,0,1199,30.11%,74.73%,0.00%,0.00%,30.11%
20260127,05,時報資訊股份有限公司_工商時報,3427,工商時報-exchange,18003,CF_300x250_互動看板2_工商時報-exchange,,知名媒體,,6,0,0,0,6,0,6,0.00%,100.00%,0.00%,0.00%,0.00%
20260127,05,時報資訊股份有限公司_工商時報,3427,工商時報-exchange,18015,MW_300x250_文末Banner2_工商時報-exchange,,知名媒體,,29,2,0,2,22,0,29,6.90%,75.86%,0.00%,0.00%,6.90%
20260127,05,第一網站股份有限公司,3440,fsa_passback_first,18201,CF_336x280_fsa_passback_first,,,,303,179,0,179,213,0,303,59.08%,70.30%,0.00%,0.00%,59.08%
20260127,05,第一網站股份有限公司,3440,fsa_passback_first,18202,CF_300x250_fsa_passback_first,,,,78,28,0,28,68,0,78,35.90%,87.18%,0.00%,0.00%,35.90%
20260127,05,朱光宁,3268,稷下書院-mobile,18297,MW_置底創意(展開)_稷下書院-mobile,,,,54,10,0,10,43,0,54,18.52%,79.63%,0.00%,0.00%,18.52%
20260127,05,冰楓科技有限公司,3485,冰楓論壇-exchange,18487,CF_970x90_內文上方第一塊_冰楓論壇-exchange,,,,275,0,0,0,275,0,275,0.00%,100.00%,0.00%,0.00%,0.00%
20260127,05,冰楓科技有限公司,3485,冰楓論壇-exchange,18488,MW_320x100_內文上方第一塊_ 冰楓論壇-exchange,antifroud,,,42,5,0,5,39,0,42,11.90%,92.86%,0.00%,0.00%,11.90%
20260127,05,冰楓科技有限公司,3485,冰楓論壇-exchange,18492,MW_300x250_Banner_ 冰楓論壇-exchange,,,,90,16,0,16,85,0,90,17.78%,94.44%,0.00%,0.00%,17.78%
20260127,05,CBROOT LTD,3492,包子漫畫(特開流量)-exchange,18557,CF_300x600_指定流量_包子漫畫(特開流量PB)-exchange,,,,6,0,0,0,6,0,6,0.00%,100.00%,0.00%,0.00%,0.00%
20260127,05,CBROOT LTD,3510,包子漫畫_twmanga-exchange,18737,CF_970x90_Banner_ 包子漫畫_twmanga-exchange,,,,48,0,0,0,48,0,48,0.00%,100.00%,0.00%,0.00%,0.00%
20260127,05,台灣英文新聞股份有限公司,3537,台灣英文新聞(new)-exchange,18924,CF_300x250_內容頁_右側看版_1_台灣英文新聞(new)-exchange,,知名媒體,,6,0,0,0,6,0,6,0.00%,100.00%,0.00%,0.00%,0.00%
20260127,05,第一網站股份有限公司,2783,漫畫櫃manhuagui,20685,MW_300X250_manhuagui,antifroud,,,"3,853","1,001",0,"1,001","2,958",0,3853,25.98%,76.77%,0.00%,0.00%,25.98%
20260127,05,德榕企業有限公司,3578,TW Bodhi_mobile,20707,MW_置底創意_TW Bodhi,,,,12,4,0,4,8,0,12,33.33%,66.67%,0.00%,0.00%,33.33%
20260127,05,德榕企業有限公司,3578,TW Bodhi_mobile,20708,MW_蓋板_TW Bodhi,,,,26,12,0,12,17,0,26,46.15%,65.38%,0.00%,0.00%,46.15%
20260127,05,德榕企業有限公司,3581,忘憂書屋,20727,CF_336x280文章頁(RWD)_忘憂書屋,,,,6,0,0,0,5,0,6,0.00%,83.33%,0.00%,0.00%,0.00%
20260127,05,德榕企業有限公司,3582,忘憂書屋_mobile,20729,MW_蓋板_忘憂書屋,,,,18,4,0,4,13,0,18,22.22%,72.22%,0.00%,0.00%,22.22%
20260127,05,德榕企業有限公司,3582,忘憂書屋_mobile,20730,MW_置底創意_忘憂書屋,,,,12,0,0,0,9,0,12,0.00%,75.00%,0.00%,0.00%,0.00%
20260127,05,第一網站股份有限公司,2916,KiKiNote,20731,CF_300x250_banner_kikinote (PB),,知名媒體,,6,0,0,0,6,0,6,0.00%,100.00%,0.00%,0.00%,0.00%
20260127,05,第一網站股份有限公司,2768,czbooks,21412,(子)CF_970x250_banner_czbooks(限時段)-PB,,,子聯播網,"1,575",372,0,372,"1,386",0,1575,23.62%,88.00%,0.00%,0.00%,23.62%
20260127,05,第一網站股份有限公司,3440,fsa_passback_first,21699,CF_336x280_fsa_passback_first,,,,193,68,0,68,159,0,193,35.23%,82.38%,0.00%,0.00%,35.23%
20260127,05,富盈數據股份有限公司,3653,TVBS-女人我最大_HB,21761,MW_文章四_336x280_TVBS-女人我最大_HB,,知名媒體,,12,2,0,2,7,0,12,16.67%,58.33%,0.00%,0.00%,16.67%
20260127,05,富盈數據股份有限公司,3653,TVBS-女人我最大_HB,21762,MW_文章置底_320x100_TVBS-女人我最大_HB,,知名媒體,,12,0,0,0,7,0,12,0.00%,58.33%,0.00%,0.00%,0.00%
20260127,05,富盈數據股份有限公司,3653,TVBS-女人我最大_HB,21763,MW_文中創意320x480_TVBS-女人我最大_HB,,知名媒體,,6,2,0,2,3,0,6,33.33%,50.00%,0.00%,0.00%,33.33%
20260127,05,富盈數據股份有限公司,3654,TVBS-健康2.0_HB,21765,MW_文章三_336x280_TVBS-健康2.0_HB,,知名媒體,,30,2,0,2,21,0,30,6.67%,70.00%,0.00%,0.00%,6.67%
20260127,05,富盈數據股份有限公司,3654,TVBS-健康2.0_HB,21768,MW_文中創意320x480_TVBS-健康2.0_HB,,知名媒體,,175,20,0,20,122,0,175,11.43%,69.71%,0.00%,0.00%,11.43%
20260127,05,富盈數據股份有限公司,3654,TVBS-健康2.0_HB,21812,MW_文章一_336x280_TVBS-健康2.0_HB,,知名媒體,,110,6,0,6,78,0,110,5.45%,70.91%,0.00%,0.00%,5.45%
20260127,05,儂儂雜誌社股份有限公司(bella儂儂),2135,Bella儂儂_2024,21876,MW-300x250_文章標題上方1_Bella儂儂,,知名媒體,,6,0,0,0,4,0,6,0.00%,66.67%,0.00%,0.00%,0.00%
20260127,05,富盈數據股份有限公司,3680,TVBS-新聞網_HB,21899,MW_文章一_336x280_TVBS-新聞網_HB,,知名媒體,,196,10,0,10,152,0,196,5.10%,77.55%,0.00%,0.00%,5.10%
20260127,05,富盈數據股份有限公司,3680,TVBS-新聞網_HB,21902,MW_文章置底_320x100_TVBS-新聞網_HB,,知名媒體,,760,10,0,10,547,0,760,1.32%,71.97%,0.00%,0.00%,1.32%
20260127,05,富盈數據股份有限公司,3685,玩桌遊_mobile,21924,MW_置底創意(非展開)_玩桌遊-mobile,,,,6,2,0,2,5,0,6,33.33%,83.33%,0.00%,0.00%,33.33%
20260127,05,富盈數據股份有限公司,2615,熱血台中,21986,CF_336x280_全網_熱血台中,,,,30,0,0,0,20,0,30,0.00%,66.67%,0.00%,0.00%,0.00%
20260127,05,富盈數據股份有限公司,2615,熱血台中,21987,CF_336x280_全網_熱血台中,,,,76,0,0,0,50,0,76,0.00%,65.79%,0.00%,0.00%,0.00%
20260127,05,富盈數據股份有限公司,3703,繁體小說,22022,MW_置底創意(非展開)_繁體小說-mobile,,,,18,6,0,6,12,0,18,33.33%,66.67%,0.00%,0.00%,33.33%
20260127,05,富盈數據股份有限公司,3704,天天要聞,22030,CF_300 x 250 banner_天天要聞_cpc2,,,,409,129,0,129,325,0,409,31.54%,79.46%,0.00%,0.00%,31.54%
20260127,05,富盈數據股份有限公司,3703,繁體小說,22031,CF_300 x 250 banner_繁體小說_cpc2,,,,54,10,0,10,44,0,54,18.52%,81.48%,0.00%,0.00%,18.52%
20260127,05,闇碼科技股份有限公司,3048,縮短網址產生器-reurl,22213,MW_蓋版_縮短網址產生器-reurl-2025.05(特殊供量),,知名媒體,,862,2,0,2,858,0,862,0.23%,99.54%,0.00%,0.00%,0.23%
20260127,05,欣發現股份有限公司,3363,大人物-mobile,22222,MW_蓋板_大人物,,知名媒體,,13,4,0,4,11,0,13,30.77%,84.62%,0.00%,0.00%,30.77%
20260127,05,朱光宁,3741,石頭小說3,22396,MW_置底_石頭小說3,,,,14,6,0,6,10,0,14,42.86%,71.43%,0.00%,0.00%,42.86%
20260127,05,朱光宁,3741,石頭小說3,22398,CF_336 x 280 banner_石頭小說3_cpc1.67,,,,"1,110",233,0,233,958,0,1110,20.99%,86.31%,0.00%,0.00%,20.99%
20260127,05,朱光宁,3741,石頭小說3,22399,CF_320 x 480 橫幅_石頭小說3,,,,12,6,0,6,7,0,12,50.00%,58.33%,0.00%,0.00%,50.00%
20260127,05,艾得基客行銷顧問股份有限公司,2825,科技紫薇,22403,MW_蓋版_科技紫微,,,,12,6,0,6,7,0,12,50.00%,58.33%,0.00%,0.00%,50.00%
20260127,05,闇碼科技股份有限公司,3068,限時圖片-imgus,22406,MW_置底_imgus,antifroud,,,39,2,0,2,26,0,39,5.13%,66.67%,0.00%,0.00%,5.13%
20260127,05,第一網站股份有限公司,2783,漫畫櫃manhuagui,22443,MW_置底_manhuagui,antifroud,,,"12,591","2,780",0,"2,780","9,722",0,12591,22.08%,77.21%,0.00%,0.00%,22.08%
20260127,05,李承翰-webptt,718,Web批踢踢(RWD),2284,MW-蓋板_文中_Web批踢踢,antifroud,,,6,0,0,0,6,0,6,0.00%,100.00%,0.00%,0.00%,0.00%
20260127,05,麥智維,999,動漫戲說,3543,CF-728*90-內文上方-動漫戲說,antifroud,,,148,0,0,0,145,0,148,0.00%,97.97%,0.00%,0.00%,0.00%
20260127,05,蔡建磊,1269,跑跑資訊站,4622,CF-300X250-內文右側-跑跑資訊站,,,,6,0,0,0,6,0,6,0.00%,100.00%,0.00%,0.00%,0.00%
20260127,05,肖偉彬,1287,紅櫻桃小說書庫,4678,CF-內文上方-300*250-紅櫻桃小說書庫,,,,6,0,0,0,6,0,6,0.00%,100.00%,0.00%,0.00%,0.00%
20260127,05,肖偉彬,1287,紅櫻桃小說書庫,4717,MW_文中創意300x250_紅櫻桃小說書庫,,,,6,0,0,0,6,0,6,0.00%,100.00%,0.00%,0.00%,0.00%
20260127,05,肖偉彬,1347,雲台書屋,4923,CF-上方通欄-300*250-雲台書屋,,,,6,6,0,6,3,0,6,100.00%,50.00%,0.00%,0.00%,100.00%
20260127,05,陈晋福,1367,電視超人,4997,CF-300X250-電視超人,,,,6,0,0,0,6,0,6,0.00%,100.00%,0.00%,0.00%,0.00%
20260127,06,英屬維京群島商浩美數位有限公司台灣分公司,2315,Teepr亮新聞-exchange,10012,CF_336x280Banner_Teepr亮新聞-exchange,,知名媒體,,20,0,0,0,18,0,20,0.00%,90.00%,0.00%,0.00%,0.00%
20260127,06,昱得資訊工作室,2528,數位書香,11080,CF_728x90_首頁上方_數位書香,antifroud,,,6,0,0,0,6,0,6,0.00%,100.00%,0.00%,0.00%,0.00%
20260127,06,昱得資訊工作室,2528,數位書香,11081,CF_160x600_首頁右側_數位書香,antifroud,,,390,0,0,0,390,0,390,0.00%,100.00%,0.00%,0.00%,0.00%
20260127,06,第一網站股份有限公司,2518,麻辣家族討論區(twbts),11082,CF-728X90-twbts,antifroud,,,"1,889",0,0,0,"1,889",0,1889,0.00%,100.00%,0.00%,0.00%,0.00%
20260127,06,第一網站股份有限公司,2492,ttshow,11273,MW-300X250-ttshow,,知名媒體,,12,0,0,0,6,0,12,0.00%,50.00%,0.00%,0.00%,0.00%
20260127,06,第一網站股份有限公司,2601,Meme梗圖倉庫,11443,CF-336X280-meme,,,,97,47,0,47,72,0,97,48.45%,74.23%,0.00%,0.00%,48.45%
20260127,06,艾得基客行銷顧問股份有限公司,2578,鉅亨網,12070,MW_320x480_文中創意_鉅亨網,,知名媒體,,"7,128",375,0,375,"5,798",0,7128,5.26%,81.34%,0.00%,0.00%,5.26%
20260127,06,第一網站股份有限公司,2540,risu短網址,12496,CF_300x250_popup(直播) _risu短網址,antifroud,知名媒體,,6,0,0,0,6,0,6,0.00%,100.00%,0.00%,0.00%,0.00%
20260127,06,時報資訊股份有限公司,2770,中時電子報_HB,12559,CF_300x250_右側互動看版_中時電子報_HB,,知名媒體,,517,70,0,70,457,0,517,13.54%,88.39%,0.00%,0.00%,13.54%
20260127,06,時報資訊股份有限公司,2770,中時電子報_HB,12560,CF_336x280_文中看板_中時電子報_HB,,知名媒體,,386,54,0,54,339,0,386,13.99%,87.82%,0.00%,0.00%,13.99%
20260127,06,時報資訊股份有限公司,2770,中時電子報_HB,12561,MW_300x250_內頁TOP Banner_中時電子報_HB,antifroud,知名媒體,,"2,752",454,0,454,"2,104",0,2752,16.50%,76.45%,0.00%,0.00%,16.50%
20260127,06,第一網站股份有限公司,2768,czbooks,12570,CF_728x90_banner_czbooks,,,,732,180,0,180,634,0,732,24.59%,86.61%,0.00%,0.00%,24.59%
20260127,06,第一網站股份有限公司,2768,czbooks,12571,CF-300x600_Banner_czbooks,,,,6,0,0,0,3,0,6,0.00%,50.00%,0.00%,0.00%,0.00%
20260127,06,鳳梨傳媒股份有限公司,2190,民視新聞網-Exchange,12579,CF_300x250_右側第一塊_民視新聞網-Exchange(RWD)(MCM),,知名媒體,,265,4,0,4,207,0,265,1.51%,78.11%,0.00%,0.00%,1.51%
20260127,06,鳳梨傳媒股份有限公司,2190,民視新聞網-Exchange,12580,CF_300x250_內文文中左側_民視新聞網-Exchange(RWD)(MCM),,知名媒體,,174,10,0,10,135,0,174,5.75%,77.59%,0.00%,0.00%,5.75%
20260127,06,第一網站股份有限公司,2783,漫畫櫃manhuagui,12676,CF_728X90_manhuagui,antifroud,,,"7,626","1,095",0,"1,095","6,715",0,7626,14.36%,88.05%,0.00%,0.00%,14.36%
20260127,06,第一網站股份有限公司,2801,damanwoo,12868,CF-300x250_Banner_damanwoo_大人物,,,,24,2,0,2,23,0,24,8.33%,95.83%,0.00%,0.00%,8.33%
20260127,06,第一網站股份有限公司,2820,星座好朋友(horofriend88),12966,MW_320x100_horofriend88,antifroud,,,38,2,0,2,26,0,38,5.26%,68.42%,0.00%,0.00%,5.26%
20260127,06,第一網站股份有限公司,2838,mycard,13041,MW_320x480_加倍mycard,,,,180,0,0,0,180,0,180,0.00%,100.00%,0.00%,0.00%,0.00%
20260127,06,曾憲敏,202,85小說網,13445,MW_336X280_全量1_85小說網,,,,60,16,0,16,43,0,60,26.67%,71.67%,0.00%,0.00%,26.67%
20260127,06,曾憲敏,202,85小說網,13446,MW_336X280_全量2_85小說網,,,,301,93,0,93,221,0,301,30.90%,73.42%,0.00%,0.00%,30.90%
20260127,06,第一網站股份有限公司,2910,clickme,13549,CF_300x250_banner_clickme(一般),,,,525,72,0,72,466,0,525,13.71%,88.76%,0.00%,0.00%,13.71%
20260127,06,闇碼科技股份有限公司,2992,縮短網址產生器-reurl-exchange,13848,CF_300x250_轉址失敗_最右邊_reurl,,知名媒體,,9,0,0,0,9,0,9,0.00%,100.00%,0.00%,0.00%,0.00%
20260127,06,闇碼科技股份有限公司,2992,縮短網址產生器-reurl-exchange,13856,CF_300x250_轉址失敗頁第二塊_reurl,,知名媒體,,8,0,0,0,8,0,8,0.00%,100.00%,0.00%,0.00%,0.00%
20260127,06,闇碼科技股份有限公司,2992,縮短網址產生器-reurl-exchange,13861,CF_300x250_網址下方右側(PB)_reurl,,知名媒體,,6,0,0,0,3,0,6,0.00%,50.00%,0.00%,0.00%,0.00%
20260127,06,第一網站股份有限公司,2768,czbooks,14036,MW_320x480_CZBOOKS,antifroud,,,46,14,0,14,35,0,46,30.43%,76.09%,0.00%,0.00%,30.43%
20260127,06,陳人鳳,480,飛格寵物家族_PC,1407,CF-728X90_上方通欄_飛格寵物家族,,,,18,0,0,0,18,0,18,0.00%,100.00%,0.00%,0.00%,0.00%
20260127,06,陳人鳳,480,飛格寵物家族_PC,1408,CF-300X250_內文_飛格寵物家族,,,,91,0,0,0,91,0,91,0.00%,100.00%,0.00%,0.00%,0.00%
20260127,06,闇碼科技股份有限公司,3048,縮短網址產生器-reurl,14210,MW_文中創意300x250_縮短網址產生器-reurl,,知名媒體,,44,6,0,6,40,0,44,13.64%,90.91%,0.00%,0.00%,13.64%
20260127,06,巨思文化股份有限公司,3052,經理人_HB,14238,MW_文章結束第一塊_300x250_經理人-HB,,知名媒體,,24,2,0,2,18,0,24,8.33%,75.00%,0.00%,0.00%,8.33%
20260127,06,巨思文化股份有限公司,3052,經理人_HB,14241,MW_300x250_內文下方_經理人-HB,,知名媒體,,24,2,0,2,18,0,24,8.33%,75.00%,0.00%,0.00%,8.33%
20260127,06,富盈數據股份有限公司,3059,塔科女子,14258,CF_336x280_全網_塔科女子,,知名媒體,,36,19,0,19,21,0,36,52.78%,58.33%,0.00%,0.00%,52.78%
20260127,06,CBROOT LTD,3003,包子漫畫-exchange,14291,MW_300x250_蓋板(PB)_包子漫畫,,,,67,22,0,22,41,0,67,32.84%,61.19%,0.00%,0.00%,32.84%
20260127,06,朱光宁,3149,稷下書院-exchange,14748,MW_320x100_置底(PB)_稷下書院,,,,"12,156","3,919",0,"3,919","9,036",0,12156,32.24%,74.33%,0.00%,0.00%,32.24%
20260127,06,巨思文化股份有限公司,3053,數位時代_HB,14764,MW_置底創意_(非展開)_數位時代_HB,,知名媒體,,14,2,0,2,10,0,14,14.29%,71.43%,0.00%,0.00%,14.29%
20260127,06,中天電視股份有限公司,3282,中天新聞網-exchange,14980,CF_970x250_內頁_PC置頂橫幅-中天新聞網-exchange,,知名媒體,,6,0,0,0,5,0,6,0.00%,83.33%,0.00%,0.00%,0.00%
20260127,06,曾憲敏,3327,85小說網_創意,15228,MW-創意-85小說網,,,,74,18,0,18,56,0,74,24.32%,75.68%,0.00%,0.00%,24.32%
20260127,06,中天電視股份有限公司,3282,中天新聞網-exchange,15859,CF_336x280_內頁_PC右側互動看板B-中天新聞網-exchange,,知名媒體,,12,0,0,0,8,0,12,0.00%,66.67%,0.00%,0.00%,0.00%
20260127,06,CBROOT LTD,3352,西瓜卡通-exchange,15969,CF_728x90_影音內容_西瓜卡通-exchange,,,,100,0,0,0,100,0,100,0.00%,100.00%,0.00%,0.00%,0.00%
20260127,06,CBROOT LTD,3352,西瓜卡通-exchange,15970,CF_160x600_影音內容_西瓜卡通-exchange,,,,246,0,0,0,246,0,246,0.00%,100.00%,0.00%,0.00%,0.00%
20260127,06,朱光宁,3360,提莫書屋-exchange,16957,MW_336x280banner_提莫書屋_exchange,,,,"7,002","2,501",0,"2,501","5,213",0,7002,35.72%,74.45%,0.00%,0.00%,35.72%
20260127,06,朱光宁,3361,提莫書屋-mobile,16959,MW_320x480_文中創意_提莫書屋-mobile,,,,12,6,0,6,10,0,12,50.00%,83.33%,0.00%,0.00%,50.00%
20260127,06,巧克科技新媒體股份有限公司,1494,LINE TV,16964,CF_336x280_影音暫停頁_LINE TV,,知名媒體,,8,0,0,0,8,0,8,0.00%,100.00%,0.00%,0.00%,0.00%
20260127,06,欣發現股份有限公司,3365,Hami任務牆-mobile,16969,MW_置底創意_Hami任務牆,,知名媒體,,"3,960",549,0,549,"3,640",0,3960,13.86%,91.92%,0.00%,0.00%,13.86%
20260127,06,欣發現股份有限公司,3365,Hami任務牆-mobile,16971,MW_文中創意300x250_Hami任務牆,,知名媒體,,30,4,0,4,28,0,30,13.33%,93.33%,0.00%,0.00%,13.33%
20260127,06,欣發現股份有限公司,3364,女子學-mobile,16972,MW_置底創意_女子學,antifroud,,,"2,059",597,0,597,"1,723",0,2059,28.99%,83.68%,0.00%,0.00%,28.99%
20260127,06,欣發現股份有限公司,3363,大人物-mobile,16973,MW_置底創意_大人物,,知名媒體,,52,12,0,12,41,0,52,23.08%,78.85%,0.00%,0.00%,23.08%
20260127,06,欣發現股份有限公司,3362,妞新聞-mobile,16974,MW_置底創意_妞新聞,,知名媒體,,152,41,0,41,120,0,152,26.97%,78.95%,0.00%,0.00%,26.97%
20260127,06,欣發現股份有限公司,3362,妞新聞-mobile,16981,MW_文中創意300x250_妞新聞,,知名媒體,,30,12,0,12,24,0,30,40.00%,80.00%,0.00%,0.00%,40.00%
20260127,06,第一網站股份有限公司,2783,漫畫櫃manhuagui,17027,MW_320x480_蓋版_漫畫櫃manhuagui,,,,102,19,0,19,82,0,102,18.63%,80.39%,0.00%,0.00%,18.63%
20260127,06,詠勝科技有限公司,3385,Mobile01_HB,17175,CF_970x90_橫幅Banner_Mobile01_HB,,知名媒體,,81,2,0,2,80,0,81,2.47%,98.77%,0.00%,0.00%,2.47%
20260127,06,詠勝科技有限公司,3385,Mobile01_HB,17179,CF_300x250_熱門大看板_Mobile01_HB,,知名媒體,,72,10,0,10,66,0,72,13.89%,91.67%,0.00%,0.00%,13.89%
20260127,06,詠勝科技有限公司,3385,Mobile01_HB,17180,CF_300x250_置底看板左_Mobile01_HB,,知名媒體,,38,12,0,12,36,0,38,31.58%,94.74%,0.00%,0.00%,31.58%
20260127,06,詠勝科技有限公司,3385,Mobile01_HB,17181,CF_300x250_置底看板中_Mobile01_HB,,知名媒體,,30,2,0,2,29,0,30,6.67%,96.67%,0.00%,0.00%,6.67%
20260127,06,詠勝科技有限公司,3385,Mobile01_HB,17182,CF_300x250_置底看板右_Mobile01_HB,,知名媒體,,14,2,0,2,13,0,14,14.29%,92.86%,0.00%,0.00%,14.29%
20260127,06,詠勝科技有限公司,3385,Mobile01_HB,17183,CF_300x600_大摩天_Mobile01_HB,,知名媒體,,36,0,0,0,36,0,36,0.00%,100.00%,0.00%,0.00%,0.00%
20260127,06,詠勝科技有限公司,3385,Mobile01_HB,17204,MW_300x250_文中Banner(interscroller)_Mobile01_HB,,知名媒體,,12,6,0,6,7,0,12,50.00%,58.33%,0.00%,0.00%,50.00%
20260127,06,朱光宁,3268,稷下書院-mobile,17207,MW_320x480_蓋版_稷下書院-mobile,,,,"2,937",807,0,807,"2,175",0,2937,27.48%,74.06%,0.00%,0.00%,27.48%
20260127,06,艾得基客行銷顧問股份有限公司,3391,UDN聯合新聞網,17236,MW_置底創意_UDN聯合新聞,,知名媒體,,"1,461",0,0,0,"1,461",0,1461,0.00%,100.00%,0.00%,0.00%,0.00%
20260127,06,李立娟,3395,vivi0視頻-exchange,17293,CF_336x280_Banner_vivi01視頻-exchange,antifroud,,,"33,300",102,0,102,"25,508",0,33300,0.31%,76.60%,0.00%,0.00%,0.31%
20260127,06,李立娟,3395,vivi0視頻-exchange,17294,MW_336x280_Banner_vivi01視頻-exchange,antifroud,,,"37,990",112,0,112,"28,960",0,37990,0.29%,76.23%,0.00%,0.00%,0.29%
20260127,06,李立娟,3395,vivi0視頻-exchange,17300,MW_320x100_置底(PB)_vivi01視頻-exchange,antifroud,,,"54,749",135,0,135,"41,368",0,54749,0.25%,75.56%,0.00%,0.00%,0.25%
20260127,06,李立娟,3396,趣聞圖說-Mobile,17923,MW_置底創意(展開)_趣聞圖說-Mobile,,,,34,0,0,0,28,0,34,0.00%,82.35%,0.00%,0.00%,0.00%
20260127,06,第一網站股份有限公司,2768,czbooks,17927,MW_置底創意_czbook,,,,"4,387","1,411",0,"1,411","3,185",0,4387,32.16%,72.60%,0.00%,0.00%,32.16%
20260127,06,時報資訊股份有限公司_工商時報,3427,工商時報-exchange,18014,MW_300x250_文末Banner1_工商時報-exchange,,知名媒體,,6,2,0,2,3,0,6,33.33%,50.00%,0.00%,0.00%,33.33%
20260127,06,時報資訊股份有限公司_工商時報,3427,工商時報-exchange,18015,MW_300x250_文末Banner2_工商時報-exchange,,知名媒體,,148,12,0,12,118,0,148,8.11%,79.73%,0.00%,0.00%,8.11%
20260127,06,第一網站股份有限公司,3440,fsa_passback_first,18201,CF_336x280_fsa_passback_first,,,,655,158,0,158,577,0,655,24.12%,88.09%,0.00%,0.00%,24.12%
20260127,06,第一網站股份有限公司,3440,fsa_passback_first,18202,CF_300x250_fsa_passback_first,,,,137,37,0,37,114,0,137,27.01%,83.21%,0.00%,0.00%,27.01%
20260127,06,莊博凱,3455,夢遊電玩,18269,300x250 Banner,,,,6,0,0,0,6,0,6,0.00%,100.00%,0.00%,0.00%,0.00%
20260127,06,朱光宁,3268,稷下書院-mobile,18297,MW_置底創意(展開)_稷下書院-mobile,,,,78,28,0,28,55,0,78,35.90%,70.51%,0.00%,0.00%,35.90%
20260127,06,冰楓科技有限公司,3485,冰楓論壇-exchange,18487,CF_970x90_內文上方第一塊_冰楓論壇-exchange,,,,198,0,0,0,198,0,198,0.00%,100.00%,0.00%,0.00%,0.00%
20260127,06,冰楓科技有限公司,3485,冰楓論壇-exchange,18488,MW_320x100_內文上方第一塊_ 冰楓論壇-exchange,antifroud,,,24,0,0,0,24,0,24,0.00%,100.00%,0.00%,0.00%,0.00%
20260127,06,冰楓科技有限公司,3485,冰楓論壇-exchange,18492,MW_300x250_Banner_ 冰楓論壇-exchange,,,,60,0,0,0,60,0,60,0.00%,100.00%,0.00%,0.00%,0.00%
20260127,06,CBROOT LTD,3492,包子漫畫(特開流量)-exchange,18557,CF_300x600_指定流量_包子漫畫(特開流量PB)-exchange,,,,32,0,0,0,32,0,32,0.00%,100.00%,0.00%,0.00%,0.00%
20260127,06,CBROOT LTD,3510,包子漫畫_twmanga-exchange,18737,CF_970x90_Banner_ 包子漫畫_twmanga-exchange,,,,34,0,0,0,34,0,34,0.00%,100.00%,0.00%,0.00%,0.00%
20260127,06,台灣英文新聞股份有限公司,3537,台灣英文新聞(new)-exchange,18924,CF_300x250_內容頁_右側看版_1_台灣英文新聞(new)-exchange,,知名媒體,,12,0,0,0,9,0,12,0.00%,75.00%,0.00%,0.00%,0.00%
20260127,06,第一網站股份有限公司,2783,漫畫櫃manhuagui,20685,MW_300X250_manhuagui,antifroud,,,"2,240",572,0,572,"1,712",0,2240,25.54%,76.43%,0.00%,0.00%,25.54%
20260127,06,德榕企業有限公司,3578,TW Bodhi_mobile,20708,MW_蓋板_TW Bodhi,,,,50,12,0,12,38,0,50,24.00%,76.00%,0.00%,0.00%,24.00%
20260127,06,第一網站股份有限公司,2768,czbooks,21412,(子)CF_970x250_banner_czbooks(限時段)-PB,,,子聯播網,966,214,0,214,853,0,966,22.15%,88.30%,0.00%,0.00%,22.15%
20260127,06,第一網站股份有限公司,3440,fsa_passback_first,21699,CF_336x280_fsa_passback_first,,,,170,0,0,0,170,0,170,0.00%,100.00%,0.00%,0.00%,0.00%
20260127,06,富盈數據股份有限公司,3653,TVBS-女人我最大_HB,21761,MW_文章四_336x280_TVBS-女人我最大_HB,,知名媒體,,114,4,0,4,84,0,114,3.51%,73.68%,0.00%,0.00%,3.51%
20260127,06,富盈數據股份有限公司,3653,TVBS-女人我最大_HB,21762,MW_文章置底_320x100_TVBS-女人我最大_HB,,知名媒體,,30,0,0,0,21,0,30,0.00%,70.00%,0.00%,0.00%,0.00%
20260127,06,富盈數據股份有限公司,3653,TVBS-女人我最大_HB,21763,MW_文中創意320x480_TVBS-女人我最大_HB,,知名媒體,,86,0,0,0,60,0,86,0.00%,69.77%,0.00%,0.00%,0.00%
20260127,06,富盈數據股份有限公司,3654,TVBS-健康2.0_HB,21765,MW_文章三_336x280_TVBS-健康2.0_HB,,知名媒體,,112,8,0,8,84,0,112,7.14%,75.00%,0.00%,0.00%,7.14%
20260127,06,富盈數據股份有限公司,3654,TVBS-健康2.0_HB,21767,MW_文章置底_320x100_TVBS-健康2.0_HB,,知名媒體,,6,0,0,0,5,0,6,0.00%,83.33%,0.00%,0.00%,0.00%
20260127,06,富盈數據股份有限公司,3654,TVBS-健康2.0_HB,21768,MW_文中創意320x480_TVBS-健康2.0_HB,,知名媒體,,"1,053",67,0,67,761,0,1053,6.36%,72.27%,0.00%,0.00%,6.36%
20260127,06,富盈數據股份有限公司,3655,TVBS-食尚玩家_HB,21770,MW_文章三_336x280_TVBS-食尚玩家_HB,,知名媒體,,6,0,0,0,6,0,6,0.00%,100.00%,0.00%,0.00%,0.00%
20260127,06,富盈數據股份有限公司,3655,TVBS-食尚玩家_HB,21773,MW_文中創意320x480_TVBS-食尚玩家_HB,,知名媒體,,6,2,0,2,4,0,6,33.33%,66.67%,0.00%,0.00%,33.33%
20260127,06,富盈數據股份有限公司,3654,TVBS-健康2.0_HB,21812,MW_文章一_336x280_TVBS-健康2.0_HB,,知名媒體,,417,34,0,34,311,0,417,8.15%,74.58%,0.00%,0.00%,8.15%
20260127,06,儂儂雜誌社股份有限公司(bella儂儂),2135,Bella儂儂_2024,21876,MW-300x250_文章標題上方1_Bella儂儂,,知名媒體,,50,0,0,0,44,0,50,0.00%,88.00%,0.00%,0.00%,0.00%
20260127,06,富盈數據股份有限公司,3680,TVBS-新聞網_HB,21899,MW_文章一_336x280_TVBS-新聞網_HB,,知名媒體,,"3,718",97,0,97,"2,544",0,3718,2.61%,68.42%,0.00%,0.00%,2.61%
20260127,06,富盈數據股份有限公司,3680,TVBS-新聞網_HB,21902,MW_文章置底_320x100_TVBS-新聞網_HB,,知名媒體,,"4,835",127,0,127,"3,416",0,4835,2.63%,70.65%,0.00%,0.00%,2.63%
20260127,06,富盈數據股份有限公司,3685,玩桌遊_mobile,21924,MW_置底創意(非展開)_玩桌遊-mobile,,,,31,7,0,7,22,0,31,22.58%,70.97%,0.00%,0.00%,22.58%
20260127,06,富盈數據股份有限公司,2615,熱血台中,21986,CF_336x280_全網_熱血台中,,,,50,0,0,0,39,0,50,0.00%,78.00%,0.00%,0.00%,0.00%
20260127,06,富盈數據股份有限公司,2615,熱血台中,21987,CF_336x280_全網_熱血台中,,,,112,6,0,6,81,0,112,5.36%,72.32%,0.00%,0.00%,5.36%
20260127,06,富盈數據股份有限公司,3703,繁體小說,22022,MW_置底創意(非展開)_繁體小說-mobile,,,,6,0,0,0,5,0,6,0.00%,83.33%,0.00%,0.00%,0.00%
20260127,06,富盈數據股份有限公司,3704,天天要聞,22030,CF_300 x 250 banner_天天要聞_cpc2,,,,"1,292",392,0,392,"1,014",0,1292,30.34%,78.48%,0.00%,0.00%,30.34%
20260127,06,富盈數據股份有限公司,3703,繁體小說,22031,CF_300 x 250 banner_繁體小說_cpc2,,,,78,18,0,18,62,0,78,23.08%,79.49%,0.00%,0.00%,23.08%
20260127,06,闇碼科技股份有限公司,3048,縮短網址產生器-reurl,22213,MW_蓋版_縮短網址產生器-reurl-2025.05(特殊供量),,知名媒體,,29,0,0,0,28,0,29,0.00%,96.55%,0.00%,0.00%,0.00%
20260127,06,欣發現股份有限公司,3363,大人物-mobile,22222,MW_蓋板_大人物,,知名媒體,,102,33,0,33,82,0,102,32.35%,80.39%,0.00%,0.00%,32.35%
20260127,06,朱光宁,3741,石頭小說3,22396,MW_置底_石頭小說3,,,,30,10,0,10,23,0,30,33.33%,76.67%,0.00%,0.00%,33.33%
20260127,06,朱光宁,3741,石頭小說3,22398,CF_336 x 280 banner_石頭小說3_cpc1.67,,,,"1,432",267,0,267,"1,268",0,1432,18.65%,88.55%,0.00%,0.00%,18.65%
20260127,06,朱光宁,3741,石頭小說3,22399,CF_320 x 480 橫幅_石頭小說3,,,,18,12,0,12,12,0,18,66.67%,66.67%,0.00%,0.00%,66.67%
20260127,06,艾得基客行銷顧問股份有限公司,2825,科技紫薇,22403,MW_蓋版_科技紫微,,,,12,4,0,4,7,0,12,33.33%,58.33%,0.00%,0.00%,33.33%
20260127,06,闇碼科技股份有限公司,3068,限時圖片-imgus,22406,MW_置底_imgus,antifroud,,,156,10,0,10,104,0,156,6.41%,66.67%,0.00%,0.00%,6.41%
20260127,06,第一網站股份有限公司,2783,漫畫櫃manhuagui,22443,MW_置底_manhuagui,antifroud,,,"4,792","1,106",0,"1,106","3,691",0,4792,23.08%,77.02%,0.00%,0.00%,23.08%
20260127,06,艾得基客行銷顧問股份有限公司,3752,ＭoneyDJ,22515,MW_300x250 BANNER_MoneyDJ,antifroud,知名媒體,,66,10,0,10,49,0,66,15.15%,74.24%,0.00%,0.00%,15.15%
20260127,06,李承翰-webptt,718,Web批踢踢(RWD),2284,MW-蓋板_文中_Web批踢踢,antifroud,,,12,0,0,0,12,0,12,0.00%,100.00%,0.00%,0.00%,0.00%
20260127,06,麥智維,999,動漫戲說,3543,CF-728*90-內文上方-動漫戲說,antifroud,,,118,4,0,4,117,0,118,3.39%,99.15%,0.00%,0.00%,3.39%
20260127,06,肖偉彬,1287,紅櫻桃小說書庫,4678,CF-內文上方-300*250-紅櫻桃小說書庫,,,,6,4,0,4,4,0,6,66.67%,66.67%,0.00%,0.00%,66.67%
20260127,06,肖偉彬,1287,紅櫻桃小說書庫,4717,MW_文中創意300x250_紅櫻桃小說書庫,,,,12,0,0,0,12,0,12,0.00%,100.00%,0.00%,0.00%,0.00%
20260127,06,技達創意資訊有限公司,1299,泰好網,4734,MW-320*100-首頁、內文上方-泰好網,,,,18,0,0,0,18,0,18,0.00%,100.00%,0.00%,0.00%,0.00%
20260127,06,陈晋福,1367,電視超人,4997,CF-300X250-電視超人,,,,6,0,0,0,6,0,6,0.00%,100.00%,0.00%,0.00%,0.00%
20260127,06,麥智維,999,動漫戲說,6069,CF-300*250-首頁-動漫戲說,,,,8,0,0,0,8,0,8,0.00%,100.00%,0.00%,0.00%,0.00%
20260127,06,巧克科技新媒體股份有限公司,2127,LINE TV_Banner-exchange,8576,CF_336x280_戲劇-右側好康資訊下方_LINE TV-exchange,,知名媒體,,24,0,0,0,24,0,24,0.00%,100.00%,0.00%,0.00%,0.00%
20260127,06,巧克科技新媒體股份有限公司,2127,LINE TV_Banner-exchange,8577,CF_336x280_戲劇-右側好康資訊上方_LINE TV-exchange,,知名媒體,,48,3,0,3,47,0,48,6.25%,97.92%,0.00%,0.00%,6.25%
20260127,06,冰楓科技有限公司,1711,冰楓短網址,9308,ＭＷ-300X250-跳轉頁下方-冰楓短網址,,,,6,0,0,0,6,0,6,0.00%,100.00%,0.00%,0.00%,0.00%
20260127,07,英屬維京群島商浩美數位有限公司台灣分公司,2315,Teepr亮新聞-exchange,10012,CF_336x280Banner_Teepr亮新聞-exchange,,知名媒體,,12,0,0,0,8,0,12,0.00%,66.67%,0.00%,0.00%,0.00%
20260127,07,三立電視股份有限公司,269,三立新聞網_Mobile,11013,MW-置底創意廣告_三立新聞網,,知名媒體,,"6,161",116,0,116,"5,489",0,6161,1.88%,89.09%,0.00%,0.00%,1.88%
20260127,07,昱得資訊工作室,2528,數位書香,11081,CF_160x600_首頁右側_數位書香,antifroud,,,365,0,0,0,365,0,365,0.00%,100.00%,0.00%,0.00%,0.00%
20260127,07,第一網站股份有限公司,2518,麻辣家族討論區(twbts),11082,CF-728X90-twbts,antifroud,,,"1,910",0,0,0,"1,910",0,1910,0.00%,100.00%,0.00%,0.00%,0.00%
20260127,07,第一網站股份有限公司,2601,Meme梗圖倉庫,11443,CF-336X280-meme,,,,54,8,0,8,48,0,54,14.81%,88.89%,0.00%,0.00%,14.81%
20260127,07,艾得基客行銷顧問股份有限公司,2578,鉅亨網,12070,MW_320x480_文中創意_鉅亨網,,知名媒體,,"14,807","1,016",0,"1,016","11,626",0,14807,6.86%,78.52%,0.00%,0.00%,6.86%
20260127,07,時報資訊股份有限公司,2770,中時電子報_HB,12559,CF_300x250_右側互動看版_中時電子報_HB,,知名媒體,,799,130,0,130,713,0,799,16.27%,89.24%,0.00%,0.00%,16.27%
20260127,07,時報資訊股份有限公司,2770,中時電子報_HB,12560,CF_336x280_文中看板_中時電子報_HB,,知名媒體,,696,115,0,115,618,0,696,16.52%,88.79%,0.00%,0.00%,16.52%
20260127,07,時報資訊股份有限公司,2770,中時電子報_HB,12561,MW_300x250_內頁TOP Banner_中時電子報_HB,antifroud,知名媒體,,"3,803",613,0,613,"2,923",0,3803,16.12%,76.86%,0.00%,0.00%,16.12%
20260127,07,第一網站股份有限公司,2768,czbooks,12570,CF_728x90_banner_czbooks,,,,"1,251",318,0,318,"1,082",0,1251,25.42%,86.49%,0.00%,0.00%,25.42%
20260127,07,第一網站股份有限公司,2768,czbooks,12571,CF-300x600_Banner_czbooks,,,,104,2,0,2,53,0,104,1.92%,50.96%,0.00%,0.00%,1.92%
20260127,07,鳳梨傳媒股份有限公司,2190,民視新聞網-Exchange,12579,CF_300x250_右側第一塊_民視新聞網-Exchange(RWD)(MCM),,知名媒體,,"1,162",68,0,68,875,0,1162,5.85%,75.30%,0.00%,0.00%,5.85%
20260127,07,鳳梨傳媒股份有限公司,2190,民視新聞網-Exchange,12580,CF_300x250_內文文中左側_民視新聞網-Exchange(RWD)(MCM),,知名媒體,,"1,139",43,0,43,865,0,1139,3.78%,75.94%,0.00%,0.00%,3.78%
20260127,07,第一網站股份有限公司,2783,漫畫櫃manhuagui,12676,CF_728X90_manhuagui,antifroud,,,"10,631","1,379",0,"1,379","9,535",0,10631,12.97%,89.69%,0.00%,0.00%,12.97%
20260127,07,艾得基客行銷顧問股份有限公司,2635,工商時報,12761,MW_320x480_文中創意_工商時報new,,知名媒體,,"9,141","1,099",0,"1,099","7,158",0,9141,12.02%,78.31%,0.00%,0.00%,12.02%
20260127,07,第一網站股份有限公司,2820,星座好朋友(horofriend88),12966,MW_320x100_horofriend88,antifroud,,,140,0,0,0,89,0,140,0.00%,63.57%,0.00%,0.00%,0.00%
20260127,07,第一網站股份有限公司,2836,vivi01,13032,MW_置底創意_vivi01 ViVi視頻,,,,15,0,0,0,13,0,15,0.00%,86.67%,0.00%,0.00%,0.00%
20260127,07,第一網站股份有限公司,2838,mycard,13041,MW_320x480_加倍mycard,,,,173,0,0,0,173,0,173,0.00%,100.00%,0.00%,0.00%,0.00%
20260127,07,曾憲敏,202,85小說網,13445,MW_336X280_全量1_85小說網,,,,218,56,0,56,166,0,218,25.69%,76.15%,0.00%,0.00%,25.69%
20260127,07,曾憲敏,202,85小說網,13446,MW_336X280_全量2_85小說網,,,,"1,054",330,0,330,790,0,1054,31.31%,74.95%,0.00%,0.00%,31.31%
20260127,07,第一網站股份有限公司,2910,clickme,13549,CF_300x250_banner_clickme(一般),,,,263,57,0,57,224,0,263,21.67%,85.17%,0.00%,0.00%,21.67%
20260127,07,第一網站股份有限公司,2768,czbooks,14036,MW_320x480_CZBOOKS,antifroud,,,127,28,0,28,99,0,127,22.05%,77.95%,0.00%,0.00%,22.05%
20260127,07,陳人鳳,480,飛格寵物家族_PC,1407,CF-728X90_上方通欄_飛格寵物家族,,,,32,0,0,0,32,0,32,0.00%,100.00%,0.00%,0.00%,0.00%
20260127,07,陳人鳳,480,飛格寵物家族_PC,1408,CF-300X250_內文_飛格寵物家族,,,,94,6,0,6,91,0,94,6.38%,96.81%,0.00%,0.00%,6.38%
20260127,07,飛凡傳播股份有限公司,1921,非凡新聞台-exchange,14188,MW_300x250_內文上方_非凡新聞-exchange,antifroud,知名媒體,,33,0,0,0,33,0,33,0.00%,100.00%,0.00%,0.00%,0.00%
20260127,07,闇碼科技股份有限公司,3048,縮短網址產生器-reurl,14210,MW_文中創意300x250_縮短網址產生器-reurl,,知名媒體,,"1,012",10,0,10,992,0,1012,0.99%,98.02%,0.00%,0.00%,0.99%
20260127,07,巨思文化股份有限公司,3052,經理人_HB,14238,MW_文章結束第一塊_300x250_經理人-HB,,知名媒體,,48,6,0,6,36,0,48,12.50%,75.00%,0.00%,0.00%,12.50%
20260127,07,巨思文化股份有限公司,3052,經理人_HB,14241,MW_300x250_內文下方_經理人-HB,,知名媒體,,40,6,0,6,29,0,40,15.00%,72.50%,0.00%,0.00%,15.00%
20260127,07,巨思文化股份有限公司,3053,數位時代_HB,14246,MW_300x250_文章結束第一塊_數位時代-HB,,知名媒體,,12,2,0,2,8,0,12,16.67%,66.67%,0.00%,0.00%,16.67%
20260127,07,富盈數據股份有限公司,3059,塔科女子,14258,CF_336x280_全網_塔科女子,,知名媒體,,30,6,0,6,16,0,30,20.00%,53.33%,0.00%,0.00%,20.00%
20260127,07,CBROOT LTD,3003,包子漫畫-exchange,14291,MW_300x250_蓋板(PB)_包子漫畫,,,,130,48,0,48,85,0,130,36.92%,65.38%,0.00%,0.00%,36.92%
20260127,07,朱光宁,3149,稷下書院-exchange,14748,MW_320x100_置底(PB)_稷下書院,,,,"20,022","6,587",0,"6,587","14,803",0,20022,32.90%,73.93%,0.00%,0.00%,32.90%
20260127,07,巨思文化股份有限公司,3053,數位時代_HB,14764,MW_置底創意_(非展開)_數位時代_HB,,知名媒體,,110,24,0,24,80,0,110,21.82%,72.73%,0.00%,0.00%,21.82%
20260127,07,中天電視股份有限公司,3283,中天新聞網-mobile,14918,MW_置底創意(非展開)_中天新聞網-mobile,,知名媒體,,515,8,0,8,465,0,515,1.55%,90.29%,0.00%,0.00%,1.55%
20260127,07,曾憲敏,3327,85小說網_創意,15227,MW-300X250_85小說網_隨身影音PB,,,,20,4,0,4,15,0,20,20.00%,75.00%,0.00%,0.00%,20.00%
20260127,07,曾憲敏,3327,85小說網_創意,15228,MW-創意-85小說網,,,,173,38,0,38,131,0,173,21.97%,75.72%,0.00%,0.00%,21.97%
20260127,07,千晶文化事業股份有限公司,3336,Beauty 美人圈,15252,MW_文中創意320x480_Beauty 美人圈,,知名媒體,,30,2,0,2,23,0,30,6.67%,76.67%,0.00%,0.00%,6.67%
20260127,07,千晶文化事業股份有限公司,3336,Beauty 美人圈,15254,MW_置底創意(非展開)_ Beauty 美人圈,,知名媒體,,"2,959",126,0,126,"2,344",0,2959,4.26%,79.22%,0.00%,0.00%,4.26%
20260127,07,中天電視股份有限公司,3282,中天新聞網-exchange,15859,CF_336x280_內頁_PC右側互動看板B-中天新聞網-exchange,,知名媒體,,94,4,0,4,77,0,94,4.26%,81.91%,0.00%,0.00%,4.26%
20260127,07,CBROOT LTD,3352,西瓜卡通-exchange,15970,CF_160x600_影音內容_西瓜卡通-exchange,,,,146,0,0,0,146,0,146,0.00%,100.00%,0.00%,0.00%,0.00%
20260127,07,朱光宁,3360,提莫書屋-exchange,16957,MW_336x280banner_提莫書屋_exchange,,,,"11,091","4,038",0,"4,038","8,101",0,11091,36.41%,73.04%,0.00%,0.00%,36.41%
20260127,07,朱光宁,3361,提莫書屋-mobile,16958,MW_置底創意_提莫書屋-mobile,,,,6,2,0,2,4,0,6,33.33%,66.67%,0.00%,0.00%,33.33%
20260127,07,朱光宁,3361,提莫書屋-mobile,16959,MW_320x480_文中創意_提莫書屋-mobile,,,,64,25,0,25,44,0,64,39.06%,68.75%,0.00%,0.00%,39.06%
20260127,07,欣發現股份有限公司,3365,Hami任務牆-mobile,16969,MW_置底創意_Hami任務牆,,知名媒體,,975,220,0,220,848,0,975,22.56%,86.97%,0.00%,0.00%,22.56%
20260127,07,欣發現股份有限公司,3365,Hami任務牆-mobile,16971,MW_文中創意300x250_Hami任務牆,,知名媒體,,26,6,0,6,23,0,26,23.08%,88.46%,0.00%,0.00%,23.08%
20260127,07,欣發現股份有限公司,3364,女子學-mobile,16972,MW_置底創意_女子學,antifroud,,,"1,068",98,0,98,"1,011",0,1068,9.18%,94.66%,0.00%,0.00%,9.18%
20260127,07,欣發現股份有限公司,3363,大人物-mobile,16973,MW_置底創意_大人物,,知名媒體,,68,24,0,24,52,0,68,35.29%,76.47%,0.00%,0.00%,35.29%
20260127,07,欣發現股份有限公司,3362,妞新聞-mobile,16974,MW_置底創意_妞新聞,,知名媒體,,92,31,0,31,73,0,92,33.70%,79.35%,0.00%,0.00%,33.70%
20260127,07,欣發現股份有限公司,3362,妞新聞-mobile,16981,MW_文中創意300x250_妞新聞,,知名媒體,,18,3,0,3,14,0,18,16.67%,77.78%,0.00%,0.00%,16.67%
20260127,07,第一網站股份有限公司,2783,漫畫櫃manhuagui,17027,MW_320x480_蓋版_漫畫櫃manhuagui,,,,161,18,0,18,129,0,161,11.18%,80.12%,0.00%,0.00%,11.18%
20260127,07,詠勝科技有限公司,3385,Mobile01_HB,17175,CF_970x90_橫幅Banner_Mobile01_HB,,知名媒體,,100,10,0,10,92,0,100,10.00%,92.00%,0.00%,0.00%,10.00%
20260127,07,詠勝科技有限公司,3385,Mobile01_HB,17179,CF_300x250_熱門大看板_Mobile01_HB,,知名媒體,,6,0,0,0,6,0,6,0.00%,100.00%,0.00%,0.00%,0.00%
20260127,07,詠勝科技有限公司,3385,Mobile01_HB,17180,CF_300x250_置底看板左_Mobile01_HB,,知名媒體,,18,0,0,0,18,0,18,0.00%,100.00%,0.00%,0.00%,0.00%
20260127,07,詠勝科技有限公司,3385,Mobile01_HB,17181,CF_300x250_置底看板中_Mobile01_HB,,知名媒體,,18,4,0,4,16,0,18,22.22%,88.89%,0.00%,0.00%,22.22%
20260127,07,詠勝科技有限公司,3385,Mobile01_HB,17182,CF_300x250_置底看板右_Mobile01_HB,,知名媒體,,24,4,0,4,22,0,24,16.67%,91.67%,0.00%,0.00%,16.67%
20260127,07,詠勝科技有限公司,3385,Mobile01_HB,17183,CF_300x600_大摩天_Mobile01_HB,,知名媒體,,32,6,0,6,29,0,32,18.75%,90.62%,0.00%,0.00%,18.75%
20260127,07,詠勝科技有限公司,3385,Mobile01_HB,17195,CF_300x600_特殊大摩天_Mobile01_HB,,知名媒體,,10,6,0,6,9,0,10,60.00%,90.00%,0.00%,0.00%,60.00%
20260127,07,詠勝科技有限公司,3385,Mobile01_HB,17204,MW_300x250_文中Banner(interscroller)_Mobile01_HB,,知名媒體,,20,8,0,8,12,0,20,40.00%,60.00%,0.00%,0.00%,40.00%
20260127,07,朱光宁,3268,稷下書院-mobile,17207,MW_320x480_蓋版_稷下書院-mobile,,,,"3,654","1,067",0,"1,067","2,600",0,3654,29.20%,71.15%,0.00%,0.00%,29.20%
20260127,07,李立娟,3395,vivi0視頻-exchange,17293,CF_336x280_Banner_vivi01視頻-exchange,antifroud,,,"44,869",137,0,137,"33,399",0,44869,0.31%,74.44%,0.00%,0.00%,0.31%
20260127,07,李立娟,3395,vivi0視頻-exchange,17294,MW_336x280_Banner_vivi01視頻-exchange,antifroud,,,"51,620",149,0,149,"38,293",0,51620,0.29%,74.18%,0.00%,0.00%,0.29%
20260127,07,李立娟,3395,vivi0視頻-exchange,17300,MW_320x100_置底(PB)_vivi01視頻-exchange,antifroud,,,"80,344",153,0,153,"59,358",0,80344,0.19%,73.88%,0.00%,0.00%,0.19%
20260127,07,李立娟,3396,趣聞圖說-Mobile,17923,MW_置底創意(展開)_趣聞圖說-Mobile,,,,6,0,0,0,5,0,6,0.00%,83.33%,0.00%,0.00%,0.00%
20260127,07,第一網站股份有限公司,2768,czbooks,17927,MW_置底創意_czbook,,,,"9,270","2,978",0,"2,978","6,736",0,9270,32.13%,72.66%,0.00%,0.00%,32.13%
20260127,07,中天電視股份有限公司,3283,中天新聞網-mobile,17937,MW_置底創意(展開)_中天新聞網-mobile,,知名媒體,,"13,387",187,0,187,"12,605",0,13387,1.40%,94.16%,0.00%,0.00%,1.40%
20260127,07,時報資訊股份有限公司_工商時報,3427,工商時報-exchange,18003,CF_300x250_互動看板2_工商時報-exchange,,知名媒體,,6,0,0,0,6,0,6,0.00%,100.00%,0.00%,0.00%,0.00%
20260127,07,時報資訊股份有限公司_工商時報,3427,工商時報-exchange,18007,CF_336x280_文末右側看板_工商時報-exchange,,知名媒體,,6,0,0,0,6,0,6,0.00%,100.00%,0.00%,0.00%,0.00%
20260127,07,時報資訊股份有限公司_工商時報,3427,工商時報-exchange,18008,CF_336x280_文末左側看板_工商時報-exchange,,知名媒體,,6,0,0,0,6,0,6,0.00%,100.00%,0.00%,0.00%,0.00%
20260127,07,時報資訊股份有限公司_工商時報,3427,工商時報-exchange,18014,MW_300x250_文末Banner1_工商時報-exchange,,知名媒體,,51,8,0,8,39,0,51,15.69%,76.47%,0.00%,0.00%,15.69%
20260127,07,時報資訊股份有限公司_工商時報,3427,工商時報-exchange,18015,MW_300x250_文末Banner2_工商時報-exchange,,知名媒體,,378,32,0,32,298,0,378,8.47%,78.84%,0.00%,0.00%,8.47%
20260127,07,第一網站股份有限公司,3440,fsa_passback_first,18201,CF_336x280_fsa_passback_first,,,,475,86,0,86,439,0,475,18.11%,92.42%,0.00%,0.00%,18.11%
20260127,07,第一網站股份有限公司,3440,fsa_passback_first,18202,CF_300x250_fsa_passback_first,,,,440,50,0,50,411,0,440,11.36%,93.41%,0.00%,0.00%,11.36%
20260127,07,莊博凱,1676,夢遊電玩-exchange,18264,MW-336x280_內文上方_夢遊電玩_exchange,,,,6,0,0,0,6,0,6,0.00%,100.00%,0.00%,0.00%,0.00%
20260127,07,莊博凱,3455,夢遊電玩,18269,300x250 Banner,,,,6,6,0,6,6,0,6,100.00%,100.00%,0.00%,0.00%,100.00%
20260127,07,朱光宁,3268,稷下書院-mobile,18297,MW_置底創意(展開)_稷下書院-mobile,,,,220,48,0,48,171,0,220,21.82%,77.73%,0.00%,0.00%,21.82%
20260127,07,冰楓科技有限公司,3485,冰楓論壇-exchange,18487,CF_970x90_內文上方第一塊_冰楓論壇-exchange,,,,277,6,0,6,277,0,277,2.17%,100.00%,0.00%,0.00%,2.17%
20260127,07,冰楓科技有限公司,3485,冰楓論壇-exchange,18488,MW_320x100_內文上方第一塊_ 冰楓論壇-exchange,antifroud,,,51,3,0,3,50,0,51,5.88%,98.04%,0.00%,0.00%,5.88%
20260127,07,冰楓科技有限公司,3485,冰楓論壇-exchange,18492,MW_300x250_Banner_ 冰楓論壇-exchange,,,,136,2,0,2,135,0,136,1.47%,99.26%,0.00%,0.00%,1.47%
20260127,07,CBROOT LTD,3492,包子漫畫(特開流量)-exchange,18557,CF_300x600_指定流量_包子漫畫(特開流量PB)-exchange,,,,72,0,0,0,72,0,72,0.00%,100.00%,0.00%,0.00%,0.00%
20260127,07,CBROOT LTD,3510,包子漫畫_twmanga-exchange,18737,CF_970x90_Banner_ 包子漫畫_twmanga-exchange,,,,71,2,0,2,70,0,71,2.82%,98.59%,0.00%,0.00%,2.82%
20260127,07,台灣英文新聞股份有限公司,3537,台灣英文新聞(new)-exchange,18924,CF_300x250_內容頁_右側看版_1_台灣英文新聞(new)-exchange,,知名媒體,,18,2,0,2,17,0,18,11.11%,94.44%,0.00%,0.00%,11.11%
20260127,07,艾得基客行銷顧問股份有限公司,3552,玩具人,19044,MW_320x480_文中創意_玩具人,,知名媒體,,36,2,0,2,28,0,36,5.56%,77.78%,0.00%,0.00%,5.56%
20260127,07,第一網站股份有限公司,2783,漫畫櫃manhuagui,20685,MW_300X250_manhuagui,antifroud,,,"2,502",737,0,737,"1,878",0,2502,29.46%,75.06%,0.00%,0.00%,29.46%
20260127,07,德榕企業有限公司,3578,TW Bodhi_mobile,20707,MW_置底創意_TW Bodhi,,,,34,8,0,8,26,0,34,23.53%,76.47%,0.00%,0.00%,23.53%
20260127,07,德榕企業有限公司,3578,TW Bodhi_mobile,20708,MW_蓋板_TW Bodhi,,,,178,58,0,58,128,0,178,32.58%,71.91%,0.00%,0.00%,32.58%
20260127,07,德榕企業有限公司,3581,忘憂書屋,20727,CF_336x280文章頁(RWD)_忘憂書屋,,,,20,10,0,10,15,0,20,50.00%,75.00%,0.00%,0.00%,50.00%
20260127,07,德榕企業有限公司,3582,忘憂書屋_mobile,20729,MW_蓋板_忘憂書屋,,,,6,0,0,0,5,0,6,0.00%,83.33%,0.00%,0.00%,0.00%
20260127,07,德榕企業有限公司,3582,忘憂書屋_mobile,20730,MW_置底創意_忘憂書屋,,,,18,2,0,2,13,0,18,11.11%,72.22%,0.00%,0.00%,11.11%
20260127,07,第一網站股份有限公司,2916,KiKiNote,20731,CF_300x250_banner_kikinote (PB),,知名媒體,,26,0,0,0,26,0,26,0.00%,100.00%,0.00%,0.00%,0.00%
20260127,07,艾得基客行銷顧問股份有限公司,3609,商妮吃喝遊樂,21319,MW_320x480_文中創意_商妮吃喝遊樂,,,,12,0,0,0,10,0,12,0.00%,83.33%,0.00%,0.00%,0.00%
20260127,07,第一網站股份有限公司,2768,czbooks,21412,(子)CF_970x250_banner_czbooks(限時段)-PB,,,子聯播網,"1,330",320,0,320,"1,162",0,1330,24.06%,87.37%,0.00%,0.00%,24.06%
20260127,07,第一網站股份有限公司,3440,fsa_passback_first,21699,CF_336x280_fsa_passback_first,,,,456,0,0,0,456,0,456,0.00%,100.00%,0.00%,0.00%,0.00%
20260127,07,富盈數據股份有限公司,3653,TVBS-女人我最大_HB,21760,MW_文章三_336x280_TVBS-女人我最大_HB,,知名媒體,,12,4,0,4,6,0,12,33.33%,50.00%,0.00%,0.00%,33.33%
20260127,07,富盈數據股份有限公司,3653,TVBS-女人我最大_HB,21761,MW_文章四_336x280_TVBS-女人我最大_HB,,知名媒體,,400,40,0,40,285,0,400,10.00%,71.25%,0.00%,0.00%,10.00%
20260127,07,富盈數據股份有限公司,3653,TVBS-女人我最大_HB,21762,MW_文章置底_320x100_TVBS-女人我最大_HB,,知名媒體,,114,12,0,12,67,0,114,10.53%,58.77%,0.00%,0.00%,10.53%
20260127,07,富盈數據股份有限公司,3653,TVBS-女人我最大_HB,21763,MW_文中創意320x480_TVBS-女人我最大_HB,,知名媒體,,389,30,0,30,271,0,389,7.71%,69.67%,0.00%,0.00%,7.71%
20260127,07,富盈數據股份有限公司,3654,TVBS-健康2.0_HB,21765,MW_文章三_336x280_TVBS-健康2.0_HB,,知名媒體,,210,10,0,10,146,0,210,4.76%,69.52%,0.00%,0.00%,4.76%
20260127,07,富盈數據股份有限公司,3654,TVBS-健康2.0_HB,21767,MW_文章置底_320x100_TVBS-健康2.0_HB,,知名媒體,,6,0,0,0,4,0,6,0.00%,66.67%,0.00%,0.00%,0.00%
20260127,07,富盈數據股份有限公司,3654,TVBS-健康2.0_HB,21768,MW_文中創意320x480_TVBS-健康2.0_HB,,知名媒體,,"4,599","1,134",0,"1,134","3,265",0,4599,24.66%,70.99%,0.00%,0.00%,24.66%
20260127,07,富盈數據股份有限公司,3655,TVBS-食尚玩家_HB,21770,MW_文章三_336x280_TVBS-食尚玩家_HB,,知名媒體,,45,0,0,0,36,0,45,0.00%,80.00%,0.00%,0.00%,0.00%
20260127,07,富盈數據股份有限公司,3655,TVBS-食尚玩家_HB,21773,MW_文中創意320x480_TVBS-食尚玩家_HB,,知名媒體,,150,16,0,16,96,0,150,10.67%,64.00%,0.00%,0.00%,10.67%
20260127,07,富盈數據股份有限公司,3653,TVBS-女人我最大_HB,21803,MW_文章一_336x280_TVBS-女人我最大_HB,,知名媒體,,6,0,0,0,4,0,6,0.00%,66.67%,0.00%,0.00%,0.00%
20260127,07,富盈數據股份有限公司,3654,TVBS-健康2.0_HB,21812,MW_文章一_336x280_TVBS-健康2.0_HB,,知名媒體,,"1,002",82,0,82,730,0,1002,8.18%,72.85%,0.00%,0.00%,8.18%
20260127,07,儂儂雜誌社股份有限公司(bella儂儂),2135,Bella儂儂_2024,21876,MW-300x250_文章標題上方1_Bella儂儂,,知名媒體,,112,8,0,8,84,0,112,7.14%,75.00%,0.00%,0.00%,7.14%
20260127,07,富盈數據股份有限公司,3680,TVBS-新聞網_HB,21899,MW_文章一_336x280_TVBS-新聞網_HB,,知名媒體,,"5,280",136,0,136,"3,548",0,5280,2.58%,67.20%,0.00%,0.00%,2.58%
20260127,07,富盈數據股份有限公司,3680,TVBS-新聞網_HB,21900,MW_文章三_336x280_TVBS-新聞網_HB,,知名媒體,,136,8,0,8,91,0,136,5.88%,66.91%,0.00%,0.00%,5.88%
20260127,07,富盈數據股份有限公司,3680,TVBS-新聞網_HB,21902,MW_文章置底_320x100_TVBS-新聞網_HB,,知名媒體,,"6,362",178,0,178,"4,324",0,6362,2.80%,67.97%,0.00%,0.00%,2.80%
20260127,07,富盈數據股份有限公司,3684,稅美人_mobile,21923,MW_置底創意(非展開)_稅美人-mobile,,,,6,4,0,4,4,0,6,66.67%,66.67%,0.00%,0.00%,66.67%
20260127,07,富盈數據股份有限公司,3685,玩桌遊_mobile,21924,MW_置底創意(非展開)_玩桌遊-mobile,,,,42,18,0,18,29,0,42,42.86%,69.05%,0.00%,0.00%,42.86%
20260127,07,富盈數據股份有限公司,2615,熱血台中,21986,CF_336x280_全網_熱血台中,,,,76,0,0,0,61,0,76,0.00%,80.26%,0.00%,0.00%,0.00%
20260127,07,富盈數據股份有限公司,2615,熱血台中,21987,CF_336x280_全網_熱血台中,,,,146,0,0,0,117,0,146,0.00%,80.14%,0.00%,0.00%,0.00%
20260127,07,富盈數據股份有限公司,3704,天天要聞,22030,CF_300 x 250 banner_天天要聞_cpc2,,,,"1,376",397,0,397,"1,052",0,1376,28.85%,76.45%,0.00%,0.00%,28.85%
20260127,07,富盈數據股份有限公司,3703,繁體小說,22031,CF_300 x 250 banner_繁體小說_cpc2,,,,56,20,0,20,36,0,56,35.71%,64.29%,0.00%,0.00%,35.71%
20260127,07,英屬蓋曼群島商家庭傳媒股份有限公司城邦分公司,701,T客邦_Mobile,2213,MW_置底創意(非展開)_T客邦,,知名媒體,,6,0,0,0,5,0,6,0.00%,83.33%,0.00%,0.00%,0.00%
20260127,07,富盈數據股份有限公司,3730,Teepr 亮新聞 HB,22145,MW_336x280_文中創意_Teepr亮新聞 HB,,,,6,0,0,0,5,0,6,0.00%,83.33%,0.00%,0.00%,0.00%
20260127,07,闇碼科技股份有限公司,3048,縮短網址產生器-reurl,22213,MW_蓋版_縮短網址產生器-reurl-2025.05(特殊供量),,知名媒體,,"1,021",10,0,10,"1,001",0,1021,0.98%,98.04%,0.00%,0.00%,0.98%
20260127,07,艾得基客行銷顧問股份有限公司,2689,Basketball Top5,22219,MW_置底(展開)_Basketball TOP5,,,,588,8,0,8,373,0,588,1.36%,63.44%,0.00%,0.00%,1.36%
20260127,07,艾得基客行銷顧問股份有限公司,2084,經濟日報,22220,MW_置底(展開)_經濟日報,,知名媒體,,"1,145",98,0,98,901,0,1145,8.56%,78.69%,0.00%,0.00%,8.56%
20260127,07,欣發現股份有限公司,3363,大人物-mobile,22222,MW_蓋板_大人物,,知名媒體,,90,26,0,26,72,0,90,28.89%,80.00%,0.00%,0.00%,28.89%
20260127,07,朱光宁,3741,石頭小說3,22396,MW_置底_石頭小說3,,,,24,8,0,8,18,0,24,33.33%,75.00%,0.00%,0.00%,33.33%
20260127,07,朱光宁,3741,石頭小說3,22398,CF_336 x 280 banner_石頭小說3_cpc1.67,,,,"1,631",417,0,417,"1,347",0,1631,25.57%,82.59%,0.00%,0.00%,25.57%
20260127,07,朱光宁,3741,石頭小說3,22399,CF_320 x 480 橫幅_石頭小說3,,,,44,24,0,24,30,0,44,54.55%,68.18%,0.00%,0.00%,54.55%
20260127,07,艾得基客行銷顧問股份有限公司,2825,科技紫薇,22403,MW_蓋版_科技紫微,,,,18,2,0,2,14,0,18,11.11%,77.78%,0.00%,0.00%,11.11%
20260127,07,闇碼科技股份有限公司,3068,限時圖片-imgus,22406,MW_置底_imgus,antifroud,,,256,15,0,15,166,0,256,5.86%,64.84%,0.00%,0.00%,5.86%
20260127,07,第一網站股份有限公司,2783,漫畫櫃manhuagui,22443,MW_置底_manhuagui,antifroud,,,"4,431","1,134",0,"1,134","3,400",0,4431,25.59%,76.73%,0.00%,0.00%,25.59%
20260127,07,艾得基客行銷顧問股份有限公司,2689,Basketball Top5,22498,MW_300x250 Banner_Basketball TOP5_CPM5,,,子聯播網,"1,371",10,0,10,879,0,1371,0.73%,64.11%,0.00%,0.00%,0.73%
20260127,07,艾得基客行銷顧問股份有限公司,2578,鉅亨網,22507,MW_300x250_鉅亨網_直播用BN-1,,知名媒體,子聯播網,546,46,0,46,431,0,546,8.42%,78.94%,0.00%,0.00%,8.42%
20260127,07,艾得基客行銷顧問股份有限公司,3752,ＭoneyDJ,22514,MW_文中創意320x480_MoneyDJ,antifroud,知名媒體,,66,15,0,15,51,0,66,22.73%,77.27%,0.00%,0.00%,22.73%
20260127,07,艾得基客行銷顧問股份有限公司,2084,經濟日報,22517,MW_置底創意(非展開)_經濟日報,,知名媒體,,671,60,0,60,518,0,671,8.94%,77.20%,0.00%,0.00%,8.94%
20260127,07,李承翰-webptt,718,Web批踢踢(RWD),2284,MW-蓋板_文中_Web批踢踢,antifroud,,,24,0,0,0,24,0,24,0.00%,100.00%,0.00%,0.00%,0.00%
20260127,07,麥智維,999,動漫戲說,3543,CF-728*90-內文上方-動漫戲說,antifroud,,,69,0,0,0,69,0,69,0.00%,100.00%,0.00%,0.00%,0.00%
20260127,07,肖偉彬,1287,紅櫻桃小說書庫,4678,CF-內文上方-300*250-紅櫻桃小說書庫,,,,30,10,0,10,21,0,30,33.33%,70.00%,0.00%,0.00%,33.33%
20260127,07,肖偉彬,1287,紅櫻桃小說書庫,4717,MW_文中創意300x250_紅櫻桃小說書庫,,,,24,2,0,2,21,0,24,8.33%,87.50%,0.00%,0.00%,8.33%
20260127,07,肖偉彬,1347,雲台書屋,4922,CF-內文中間-728*90-雲台書屋,antifroud,,,6,0,0,0,6,0,6,0.00%,100.00%,0.00%,0.00%,0.00%
20260127,07,陈晋福,1367,電視超人,4997,CF-300X250-電視超人,,,,8,0,0,0,8,0,8,0.00%,100.00%,0.00%,0.00%,0.00%
20260127,07,精鏡傳媒股份有限公司,1060,鏡週刊,8250,MW_置底創意(非展開)_鏡週刊,,知名媒體,,6,0,0,0,4,0,6,0.00%,66.67%,0.00%,0.00%,0.00%
20260127,07,巧克科技新媒體股份有限公司,2127,LINE TV_Banner-exchange,8576,CF_336x280_戲劇-右側好康資訊下方_LINE TV-exchange,,知名媒體,,18,0,0,0,18,0,18,0.00%,100.00%,0.00%,0.00%,0.00%
20260127,07,巧克科技新媒體股份有限公司,2127,LINE TV_Banner-exchange,8577,CF_336x280_戲劇-右側好康資訊上方_LINE TV-exchange,,知名媒體,,50,0,0,0,50,0,50,0.00%,100.00%,0.00%,0.00%,0.00%
20260127,07,鳳梨傳媒股份有限公司,2190,民視新聞網-Exchange,8862,CF_970X90_分類新聞內頁上方_民視新聞(MCM),,知名媒體,,6,0,0,0,6,0,6,0.00%,100.00%,0.00%,0.00%,0.00%
20260127,08,英屬維京群島商浩美數位有限公司台灣分公司,2315,Teepr亮新聞-exchange,10012,CF_336x280Banner_Teepr亮新聞-exchange,,知名媒體,,54,0,0,0,38,0,54,0.00%,70.37%,0.00%,0.00%,0.00%
20260127,08,昱得資訊工作室,2528,數位書香,11080,CF_728x90_首頁上方_數位書香,antifroud,,,18,0,0,0,18,0,18,0.00%,100.00%,0.00%,0.00%,0.00%
20260127,08,昱得資訊工作室,2528,數位書香,11081,CF_160x600_首頁右側_數位書香,antifroud,,,312,0,0,0,312,0,312,0.00%,100.00%,0.00%,0.00%,0.00%
20260127,08,第一網站股份有限公司,2518,麻辣家族討論區(twbts),11082,CF-728X90-twbts,antifroud,,,"1,326",0,0,0,"1,326",0,1326,0.00%,100.00%,0.00%,0.00%,0.00%
20260127,08,第一網站股份有限公司,2601,Meme梗圖倉庫,11443,CF-336X280-meme,,,,114,9,0,9,102,0,114,7.89%,89.47%,0.00%,0.00%,7.89%
20260127,08,艾得基客行銷顧問股份有限公司,2578,鉅亨網,12070,MW_320x480_文中創意_鉅亨網,,知名媒體,,"17,678","1,141",0,"1,141","13,669",0,17678,6.45%,77.32%,0.00%,0.00%,6.45%
20260127,08,時報資訊股份有限公司,2770,中時電子報_HB,12559,CF_300x250_右側互動看版_中時電子報_HB,,知名媒體,,"1,820",143,0,143,"1,723",0,1820,7.86%,94.67%,0.00%,0.00%,7.86%
20260127,08,時報資訊股份有限公司,2770,中時電子報_HB,12560,CF_336x280_文中看板_中時電子報_HB,,知名媒體,,"1,703",141,0,141,"1,606",0,1703,8.28%,94.30%,0.00%,0.00%,8.28%
20260127,08,時報資訊股份有限公司,2770,中時電子報_HB,12561,MW_300x250_內頁TOP Banner_中時電子報_HB,antifroud,知名媒體,,"2,564",331,0,331,"1,998",0,2564,12.91%,77.93%,0.00%,0.00%,12.91%
20260127,08,第一網站股份有限公司,2768,czbooks,12570,CF_728x90_banner_czbooks,,,,"1,217",285,0,285,"1,066",0,1217,23.42%,87.59%,0.00%,0.00%,23.42%
20260127,08,第一網站股份有限公司,2768,czbooks,12571,CF-300x600_Banner_czbooks,,,,238,0,0,0,121,0,238,0.00%,50.84%,0.00%,0.00%,0.00%
20260127,08,鳳梨傳媒股份有限公司,2190,民視新聞網-Exchange,12579,CF_300x250_右側第一塊_民視新聞網-Exchange(RWD)(MCM),,知名媒體,,"1,388",88,0,88,"1,085",0,1388,6.34%,78.17%,0.00%,0.00%,6.34%
20260127,08,鳳梨傳媒股份有限公司,2190,民視新聞網-Exchange,12580,CF_300x250_內文文中左側_民視新聞網-Exchange(RWD)(MCM),,知名媒體,,"1,198",63,0,63,971,0,1198,5.26%,81.05%,0.00%,0.00%,5.26%
20260127,08,第一網站股份有限公司,2783,漫畫櫃manhuagui,12676,CF_728X90_manhuagui,antifroud,,,"16,138","1,825",0,"1,825","14,800",0,16138,11.31%,91.71%,0.00%,0.00%,11.31%
20260127,08,艾得基客行銷顧問股份有限公司,2635,工商時報,12761,MW_320x480_文中創意_工商時報new,,知名媒體,,"1,983",255,0,255,"1,536",0,1983,12.86%,77.46%,0.00%,0.00%,12.86%
20260127,08,第一網站股份有限公司,2801,damanwoo,12868,CF-300x250_Banner_damanwoo_大人物,,,,26,2,0,2,25,0,26,7.69%,96.15%,0.00%,0.00%,7.69%
20260127,08,第一網站股份有限公司,2820,星座好朋友(horofriend88),12966,MW_320x100_horofriend88,antifroud,,,162,0,0,0,118,0,162,0.00%,72.84%,0.00%,0.00%,0.00%
20260127,08,第一網站股份有限公司,2838,mycard,13041,MW_320x480_加倍mycard,,,,93,0,0,0,93,0,93,0.00%,100.00%,0.00%,0.00%,0.00%
20260127,08,大霹靂國際整合行銷股份有限公司,2883,霹靂網-Mobile,13392,MW_置底創意_霹靂網-Mobile,,知名媒體,,6,2,0,2,4,0,6,33.33%,66.67%,0.00%,0.00%,33.33%
20260127,08,曾憲敏,202,85小說網,13445,MW_336X280_全量1_85小說網,,,,261,98,0,98,191,0,261,37.55%,73.18%,0.00%,0.00%,37.55%
20260127,08,曾憲敏,202,85小說網,13446,MW_336X280_全量2_85小說網,,,,"1,616",544,0,544,"1,207",0,1616,33.66%,74.69%,0.00%,0.00%,33.66%
20260127,08,第一網站股份有限公司,2910,clickme,13549,CF_300x250_banner_clickme(一般),,,,489,43,0,43,409,0,489,8.79%,83.64%,0.00%,0.00%,8.79%
20260127,08,闇碼科技股份有限公司,2992,縮短網址產生器-reurl-exchange,13848,CF_300x250_轉址失敗_最右邊_reurl,,知名媒體,,6,0,0,0,6,0,6,0.00%,100.00%,0.00%,0.00%,0.00%
20260127,08,闇碼科技股份有限公司,2992,縮短網址產生器-reurl-exchange,13856,CF_300x250_轉址失敗頁第二塊_reurl,,知名媒體,,6,0,0,0,6,0,6,0.00%,100.00%,0.00%,0.00%,0.00%
20260127,08,第一網站股份有限公司,2768,czbooks,14036,MW_320x480_CZBOOKS,antifroud,,,157,52,0,52,117,0,157,33.12%,74.52%,0.00%,0.00%,33.12%
20260127,08,陳人鳳,480,飛格寵物家族_PC,1407,CF-728X90_上方通欄_飛格寵物家族,,,,18,0,0,0,18,0,18,0.00%,100.00%,0.00%,0.00%,0.00%
20260127,08,陳人鳳,480,飛格寵物家族_PC,1408,CF-300X250_內文_飛格寵物家族,,,,50,0,0,0,50,0,50,0.00%,100.00%,0.00%,0.00%,0.00%
20260127,08,飛凡傳播股份有限公司,1921,非凡新聞台-exchange,14188,MW_300x250_內文上方_非凡新聞-exchange,antifroud,知名媒體,,6,2,0,2,4,0,6,33.33%,66.67%,0.00%,0.00%,33.33%
20260127,08,闇碼科技股份有限公司,3048,縮短網址產生器-reurl,14210,MW_文中創意300x250_縮短網址產生器-reurl,,知名媒體,,106,4,0,4,92,0,106,3.77%,86.79%,0.00%,0.00%,3.77%
20260127,08,巨思文化股份有限公司,3052,經理人_HB,14238,MW_文章結束第一塊_300x250_經理人-HB,,知名媒體,,87,14,0,14,55,0,87,16.09%,63.22%,0.00%,0.00%,16.09%
20260127,08,巨思文化股份有限公司,3052,經理人_HB,14241,MW_300x250_內文下方_經理人-HB,,知名媒體,,87,12,0,12,55,0,87,13.79%,63.22%,0.00%,0.00%,13.79%
20260127,08,巨思文化股份有限公司,3053,數位時代_HB,14244,MW_300x250_文中第四塊_數位時代-HB,,知名媒體,,14,0,0,0,7,0,14,0.00%,50.00%,0.00%,0.00%,0.00%
20260127,08,巨思文化股份有限公司,3053,數位時代_HB,14246,MW_300x250_文章結束第一塊_數位時代-HB,,知名媒體,,44,8,0,8,29,0,44,18.18%,65.91%,0.00%,0.00%,18.18%
20260127,08,富盈數據股份有限公司,3059,塔科女子,14258,CF_336x280_全網_塔科女子,,知名媒體,,25,7,0,7,22,0,25,28.00%,88.00%,0.00%,0.00%,28.00%
20260127,08,CBROOT LTD,3003,包子漫畫-exchange,14291,MW_300x250_蓋板(PB)_包子漫畫,,,,221,70,0,70,152,0,221,31.67%,68.78%,0.00%,0.00%,31.67%
20260127,08,朱光宁,3149,稷下書院-exchange,14748,MW_320x100_置底(PB)_稷下書院,,,,"26,143","9,281",0,"9,281","19,155",0,26143,35.50%,73.27%,0.00%,0.00%,35.50%
20260127,08,巨思文化股份有限公司,3053,數位時代_HB,14764,MW_置底創意_(非展開)_數位時代_HB,,知名媒體,,451,111,0,111,314,0,451,24.61%,69.62%,0.00%,0.00%,24.61%
20260127,08,中天電視股份有限公司,3282,中天新聞網-exchange,14980,CF_970x250_內頁_PC置頂橫幅-中天新聞網-exchange,,知名媒體,,12,2,0,2,11,0,12,16.67%,91.67%,0.00%,0.00%,16.67%
20260127,08,曾憲敏,3327,85小說網_創意,15227,MW-300X250_85小說網_隨身影音PB,,,,36,10,0,10,23,0,36,27.78%,63.89%,0.00%,0.00%,27.78%
20260127,08,曾憲敏,3327,85小說網_創意,15228,MW-創意-85小說網,,,,281,79,0,79,212,0,281,28.11%,75.44%,0.00%,0.00%,28.11%
20260127,08,千晶文化事業股份有限公司,3336,Beauty 美人圈,15254,MW_置底創意(非展開)_ Beauty 美人圈,,知名媒體,,"3,278",136,0,136,"2,575",0,3278,4.15%,78.55%,0.00%,0.00%,4.15%
20260127,08,中天電視股份有限公司,3282,中天新聞網-exchange,15859,CF_336x280_內頁_PC右側互動看板B-中天新聞網-exchange,,知名媒體,,158,4,0,4,141,0,158,2.53%,89.24%,0.00%,0.00%,2.53%
20260127,08,CBROOT LTD,3352,西瓜卡通-exchange,15970,CF_160x600_影音內容_西瓜卡通-exchange,,,,110,0,0,0,110,0,110,0.00%,100.00%,0.00%,0.00%,0.00%
20260127,08,時報資訊股份有限公司,2817,旺得富,16910,CF_300x250_Billboard_1s_旺得富,,知名媒體,,6,0,0,0,6,0,6,0.00%,100.00%,0.00%,0.00%,0.00%
20260127,08,朱光宁,3360,提莫書屋-exchange,16957,MW_336x280banner_提莫書屋_exchange,,,,"12,940","4,268",0,"4,268","9,489",0,12940,32.98%,73.33%,0.00%,0.00%,32.98%
20260127,08,朱光宁,3361,提莫書屋-mobile,16958,MW_置底創意_提莫書屋-mobile,,,,18,4,0,4,15,0,18,22.22%,83.33%,0.00%,0.00%,22.22%
20260127,08,朱光宁,3361,提莫書屋-mobile,16959,MW_320x480_文中創意_提莫書屋-mobile,,,,18,12,0,12,11,0,18,66.67%,61.11%,0.00%,0.00%,66.67%
20260127,08,巧克科技新媒體股份有限公司,1494,LINE TV,16964,CF_336x280_影音暫停頁_LINE TV,,知名媒體,,12,0,0,0,12,0,12,0.00%,100.00%,0.00%,0.00%,0.00%
20260127,08,欣發現股份有限公司,3365,Hami任務牆-mobile,16969,MW_置底創意_Hami任務牆,,知名媒體,,881,147,0,147,767,0,881,16.69%,87.06%,0.00%,0.00%,16.69%
20260127,08,欣發現股份有限公司,3364,女子學-mobile,16972,MW_置底創意_女子學,antifroud,,,"2,418",193,0,193,"2,297",0,2418,7.98%,95.00%,0.00%,0.00%,7.98%
20260127,08,欣發現股份有限公司,3363,大人物-mobile,16973,MW_置底創意_大人物,,知名媒體,,483,116,0,116,387,0,483,24.02%,80.12%,0.00%,0.00%,24.02%
20260127,08,欣發現股份有限公司,3362,妞新聞-mobile,16974,MW_置底創意_妞新聞,,知名媒體,,73,4,0,4,65,0,73,5.48%,89.04%,0.00%,0.00%,5.48%
20260127,08,第一網站股份有限公司,2783,漫畫櫃manhuagui,17027,MW_320x480_蓋版_漫畫櫃manhuagui,,,,366,95,0,95,287,0,366,25.96%,78.42%,0.00%,0.00%,25.96%
20260127,08,艾得基客行銷顧問股份有限公司,3373,良醫健康網,17092,MW_置底創意_良醫健康網,,知名媒體,,134,62,0,62,95,0,134,46.27%,70.90%,0.00%,0.00%,46.27%
20260127,08,詠勝科技有限公司,3385,Mobile01_HB,17175,CF_970x90_橫幅Banner_Mobile01_HB,,知名媒體,,874,40,0,40,852,0,874,4.58%,97.48%,0.00%,0.00%,4.58%
20260127,08,詠勝科技有限公司,3385,Mobile01_HB,17176,CF_728x90_內頁橫幅Banner_7F_Mobile01_HB,,知名媒體,,18,0,0,0,18,0,18,0.00%,100.00%,0.00%,0.00%,0.00%
20260127,08,詠勝科技有限公司,3385,Mobile01_HB,17178,CF_300x250_頻道頁_大看板_Mobile01_HB,,知名媒體,,50,6,0,6,47,0,50,12.00%,94.00%,0.00%,0.00%,12.00%
20260127,08,詠勝科技有限公司,3385,Mobile01_HB,17179,CF_300x250_熱門大看板_Mobile01_HB,,知名媒體,,6,0,0,0,6,0,6,0.00%,100.00%,0.00%,0.00%,0.00%
20260127,08,詠勝科技有限公司,3385,Mobile01_HB,17180,CF_300x250_置底看板左_Mobile01_HB,,知名媒體,,324,26,0,26,312,0,324,8.02%,96.30%,0.00%,0.00%,8.02%
20260127,08,詠勝科技有限公司,3385,Mobile01_HB,17181,CF_300x250_置底看板中_Mobile01_HB,,知名媒體,,362,26,0,26,349,0,362,7.18%,96.41%,0.00%,0.00%,7.18%
20260127,08,詠勝科技有限公司,3385,Mobile01_HB,17182,CF_300x250_置底看板右_Mobile01_HB,,知名媒體,,315,28,0,28,302,0,315,8.89%,95.87%,0.00%,0.00%,8.89%
20260127,08,詠勝科技有限公司,3385,Mobile01_HB,17183,CF_300x600_大摩天_Mobile01_HB,,知名媒體,,633,48,0,48,614,0,633,7.58%,97.00%,0.00%,0.00%,7.58%
20260127,08,詠勝科技有限公司,3385,Mobile01_HB,17204,MW_300x250_文中Banner(interscroller)_Mobile01_HB,,知名媒體,,36,6,0,6,25,0,36,16.67%,69.44%,0.00%,0.00%,16.67%
20260127,08,朱光宁,3268,稷下書院-mobile,17207,MW_320x480_蓋版_稷下書院-mobile,,,,"4,787","1,470",0,"1,470","3,311",0,4787,30.71%,69.17%,0.00%,0.00%,30.71%
20260127,08,中華電視股份有限公司,3389,華視-mobile,17230,MW_置底創意(非展開)_華視-mobile,,知名媒體,,12,2,0,2,9,0,12,16.67%,75.00%,0.00%,0.00%,16.67%
20260127,08,中華電視股份有限公司,3389,華視-mobile,17232,MW_文中創意320x480_華視-mobile,,知名媒體,,12,2,0,2,9,0,12,16.67%,75.00%,0.00%,0.00%,16.67%
20260127,08,李立娟,3395,vivi0視頻-exchange,17293,CF_336x280_Banner_vivi01視頻-exchange,antifroud,,,"46,659",164,0,164,"34,752",0,46659,0.35%,74.48%,0.00%,0.00%,0.35%
20260127,08,李立娟,3395,vivi0視頻-exchange,17294,MW_336x280_Banner_vivi01視頻-exchange,antifroud,,,"54,924",175,0,175,"40,867",0,54924,0.32%,74.41%,0.00%,0.00%,0.32%
20260127,08,李立娟,3395,vivi0視頻-exchange,17300,MW_320x100_置底(PB)_vivi01視頻-exchange,antifroud,,,"84,710",253,0,253,"62,690",0,84710,0.30%,74.01%,0.00%,0.00%,0.30%
20260127,08,李立娟,3397,趣聞圖說-exchange,17309,MW_336x280_文中Banner_趣聞圖說-exchange,,,,18,0,0,0,18,0,18,0.00%,100.00%,0.00%,0.00%,0.00%
20260127,08,曾憲敏,601,85小說網_PC,1773,CF-300x250_85小說網_內文1,,,,22,4,0,4,20,0,22,18.18%,90.91%,0.00%,0.00%,18.18%
20260127,08,李立娟,3396,趣聞圖說-Mobile,17923,MW_置底創意(展開)_趣聞圖說-Mobile,,,,80,0,0,0,66,0,80,0.00%,82.50%,0.00%,0.00%,0.00%
20260127,08,第一網站股份有限公司,2768,czbooks,17927,MW_置底創意_czbook,,,,"10,544","3,634",0,"3,634","7,523",0,10544,34.47%,71.35%,0.00%,0.00%,34.47%
20260127,08,時報資訊股份有限公司_工商時報,3427,工商時報-exchange,18003,CF_300x250_互動看板2_工商時報-exchange,,知名媒體,,14,2,0,2,13,0,14,14.29%,92.86%,0.00%,0.00%,14.29%
20260127,08,時報資訊股份有限公司_工商時報,3427,工商時報-exchange,18007,CF_336x280_文末右側看板_工商時報-exchange,,知名媒體,,44,2,0,2,43,0,44,4.55%,97.73%,0.00%,0.00%,4.55%
20260127,08,時報資訊股份有限公司_工商時報,3427,工商時報-exchange,18008,CF_336x280_文末左側看板_工商時報-exchange,,知名媒體,,36,0,0,0,36,0,36,0.00%,100.00%,0.00%,0.00%,0.00%
20260127,08,時報資訊股份有限公司_工商時報,3427,工商時報-exchange,18014,MW_300x250_文末Banner1_工商時報-exchange,,知名媒體,,204,60,0,60,141,0,204,29.41%,69.12%,0.00%,0.00%,29.41%
20260127,08,時報資訊股份有限公司_工商時報,3427,工商時報-exchange,18015,MW_300x250_文末Banner2_工商時報-exchange,,知名媒體,,733,153,0,153,548,0,733,20.87%,74.76%,0.00%,0.00%,20.87%
20260127,08,第一網站股份有限公司,3440,fsa_passback_first,18201,CF_336x280_fsa_passback_first,,,,381,109,0,109,320,0,381,28.61%,83.99%,0.00%,0.00%,28.61%
20260127,08,第一網站股份有限公司,3440,fsa_passback_first,18202,CF_300x250_fsa_passback_first,,,,"1,166",120,0,120,"1,101",0,1166,10.29%,94.43%,0.00%,0.00%,10.29%
20260127,08,朱光宁,3268,稷下書院-mobile,18297,MW_置底創意(展開)_稷下書院-mobile,,,,236,70,0,70,171,0,236,29.66%,72.46%,0.00%,0.00%,29.66%
20260127,08,冰楓科技有限公司,3485,冰楓論壇-exchange,18487,CF_970x90_內文上方第一塊_冰楓論壇-exchange,,,,914,6,0,6,913,0,914,0.66%,99.89%,0.00%,0.00%,0.66%
20260127,08,冰楓科技有限公司,3485,冰楓論壇-exchange,18488,MW_320x100_內文上方第一塊_ 冰楓論壇-exchange,antifroud,,,72,7,0,7,68,0,72,9.72%,94.44%,0.00%,0.00%,9.72%
20260127,08,冰楓科技有限公司,3485,冰楓論壇-exchange,18492,MW_300x250_Banner_ 冰楓論壇-exchange,,,,346,10,0,10,344,0,346,2.89%,99.42%,0.00%,0.00%,2.89%
20260127,08,CBROOT LTD,3492,包子漫畫(特開流量)-exchange,18557,CF_300x600_指定流量_包子漫畫(特開流量PB)-exchange,,,,98,0,0,0,98,0,98,0.00%,100.00%,0.00%,0.00%,0.00%
20260127,08,CBROOT LTD,3510,包子漫畫_twmanga-exchange,18737,CF_970x90_Banner_ 包子漫畫_twmanga-exchange,,,,81,4,0,4,79,0,81,4.94%,97.53%,0.00%,0.00%,4.94%
20260127,08,舒禾驊,3535,荷花動漫筆記,18887,CF_336x280_文章頁文中_荷花動漫筆記,,,,8,0,0,0,8,0,8,0.00%,100.00%,0.00%,0.00%,0.00%
20260127,08,台灣英文新聞股份有限公司,3537,台灣英文新聞(new)-exchange,18924,CF_300x250_內容頁_右側看版_1_台灣英文新聞(new)-exchange,,知名媒體,,12,2,0,2,9,0,12,16.67%,75.00%,0.00%,0.00%,16.67%
20260127,08,艾得基客行銷顧問股份有限公司,3552,玩具人,19044,MW_320x480_文中創意_玩具人,,知名媒體,,18,2,0,2,15,0,18,11.11%,83.33%,0.00%,0.00%,11.11%
20260127,08,第一網站股份有限公司,2783,漫畫櫃manhuagui,20685,MW_300X250_manhuagui,antifroud,,,"2,869",690,0,690,"2,202",0,2869,24.05%,76.75%,0.00%,0.00%,24.05%
20260127,08,德榕企業有限公司,3578,TW Bodhi_mobile,20707,MW_置底創意_TW Bodhi,,,,32,12,0,12,20,0,32,37.50%,62.50%,0.00%,0.00%,37.50%
20260127,08,德榕企業有限公司,3578,TW Bodhi_mobile,20708,MW_蓋板_TW Bodhi,,,,252,74,0,74,177,0,252,29.37%,70.24%,0.00%,0.00%,29.37%
20260127,08,德榕企業有限公司,3578,TW Bodhi_mobile,20719,MW_文中創意300x250_TW Bodhi,,,,6,0,0,0,5,0,6,0.00%,83.33%,0.00%,0.00%,0.00%
20260127,08,德榕企業有限公司,3581,忘憂書屋,20727,CF_336x280文章頁(RWD)_忘憂書屋,,,,36,14,0,14,22,0,36,38.89%,61.11%,0.00%,0.00%,38.89%
20260127,08,德榕企業有限公司,3582,忘憂書屋_mobile,20728,MW_文中創意300x250_忘憂書屋,,,,174,10,0,10,160,0,174,5.75%,91.95%,0.00%,0.00%,5.75%
20260127,08,德榕企業有限公司,3582,忘憂書屋_mobile,20729,MW_蓋板_忘憂書屋,,,,42,10,0,10,28,0,42,23.81%,66.67%,0.00%,0.00%,23.81%
20260127,08,德榕企業有限公司,3582,忘憂書屋_mobile,20730,MW_置底創意_忘憂書屋,,,,38,14,0,14,25,0,38,36.84%,65.79%,0.00%,0.00%,36.84%
20260127,08,第一網站股份有限公司,2916,KiKiNote,20731,CF_300x250_banner_kikinote (PB),,知名媒體,,34,0,0,0,34,0,34,0.00%,100.00%,0.00%,0.00%,0.00%
20260127,08,艾得基客行銷顧問股份有限公司,3490,太報,21317,MW_蓋版_太報,,知名媒體,,12,2,0,2,8,0,12,16.67%,66.67%,0.00%,0.00%,16.67%
20260127,08,艾得基客行銷顧問股份有限公司,3609,商妮吃喝遊樂,21319,MW_320x480_文中創意_商妮吃喝遊樂,,,,6,0,0,0,5,0,6,0.00%,83.33%,0.00%,0.00%,0.00%
20260127,08,第一網站股份有限公司,2768,czbooks,21412,(子)CF_970x250_banner_czbooks(限時段)-PB,,,子聯播網,"1,283",272,0,272,"1,139",0,1283,21.20%,88.78%,0.00%,0.00%,21.20%
20260127,08,第一網站股份有限公司,3440,fsa_passback_first,21699,CF_336x280_fsa_passback_first,,,,852,83,0,83,842,0,852,9.74%,98.83%,0.00%,0.00%,9.74%
20260127,08,富盈數據股份有限公司,3653,TVBS-女人我最大_HB,21760,MW_文章三_336x280_TVBS-女人我最大_HB,,知名媒體,,12,2,0,2,7,0,12,16.67%,58.33%,0.00%,0.00%,16.67%
20260127,08,富盈數據股份有限公司,3653,TVBS-女人我最大_HB,21761,MW_文章四_336x280_TVBS-女人我最大_HB,,知名媒體,,907,72,0,72,649,0,907,7.94%,71.55%,0.00%,0.00%,7.94%
20260127,08,富盈數據股份有限公司,3653,TVBS-女人我最大_HB,21762,MW_文章置底_320x100_TVBS-女人我最大_HB,,知名媒體,,174,24,0,24,105,0,174,13.79%,60.34%,0.00%,0.00%,13.79%
20260127,08,富盈數據股份有限公司,3653,TVBS-女人我最大_HB,21763,MW_文中創意320x480_TVBS-女人我最大_HB,,知名媒體,,813,37,0,37,542,0,813,4.55%,66.67%,0.00%,0.00%,4.55%
20260127,08,富盈數據股份有限公司,3654,TVBS-健康2.0_HB,21765,MW_文章三_336x280_TVBS-健康2.0_HB,,知名媒體,,258,64,0,64,178,0,258,24.81%,68.99%,0.00%,0.00%,24.81%
20260127,08,富盈數據股份有限公司,3654,TVBS-健康2.0_HB,21767,MW_文章置底_320x100_TVBS-健康2.0_HB,,知名媒體,,12,4,0,4,6,0,12,33.33%,50.00%,0.00%,0.00%,33.33%
20260127,08,富盈數據股份有限公司,3654,TVBS-健康2.0_HB,21768,MW_文中創意320x480_TVBS-健康2.0_HB,,知名媒體,,"4,925",923,0,923,"3,517",0,4925,18.74%,71.41%,0.00%,0.00%,18.74%
20260127,08,富盈數據股份有限公司,3655,TVBS-食尚玩家_HB,21770,MW_文章三_336x280_TVBS-食尚玩家_HB,,知名媒體,,363,23,0,23,316,0,363,6.34%,87.05%,0.00%,0.00%,6.34%
20260127,08,富盈數據股份有限公司,3655,TVBS-食尚玩家_HB,21771,MW_文章四_336x280_TVBS-食尚玩家_HB,,知名媒體,,18,1,0,1,17,0,18,5.56%,94.44%,0.00%,0.00%,5.56%
20260127,08,富盈數據股份有限公司,3655,TVBS-食尚玩家_HB,21773,MW_文中創意320x480_TVBS-食尚玩家_HB,,知名媒體,,111,6,0,6,85,0,111,5.41%,76.58%,0.00%,0.00%,5.41%
20260127,08,富盈數據股份有限公司,3654,TVBS-健康2.0_HB,21812,MW_文章一_336x280_TVBS-健康2.0_HB,,知名媒體,,"1,079",217,0,217,804,0,1079,20.11%,74.51%,0.00%,0.00%,20.11%
20260127,08,儂儂雜誌社股份有限公司(bella儂儂),2135,Bella儂儂_2024,21876,MW-300x250_文章標題上方1_Bella儂儂,,知名媒體,,118,4,0,4,97,0,118,3.39%,82.20%,0.00%,0.00%,3.39%
20260127,08,富盈數據股份有限公司,3680,TVBS-新聞網_HB,21899,MW_文章一_336x280_TVBS-新聞網_HB,,知名媒體,,"5,830",175,0,175,"3,943",0,5830,3.00%,67.63%,0.00%,0.00%,3.00%
20260127,08,富盈數據股份有限公司,3680,TVBS-新聞網_HB,21900,MW_文章三_336x280_TVBS-新聞網_HB,,知名媒體,,811,28,0,28,521,0,811,3.45%,64.24%,0.00%,0.00%,3.45%
20260127,08,富盈數據股份有限公司,3680,TVBS-新聞網_HB,21902,MW_文章置底_320x100_TVBS-新聞網_HB,,知名媒體,,"5,630",171,0,171,"3,808",0,5630,3.04%,67.64%,0.00%,0.00%,3.04%
20260127,08,聯合線上股份有限公司,3679,噓新聞,21903,PC_300x250_首頁及內文頁_噓新聞,,知名媒體,,12,0,0,0,12,0,12,0.00%,100.00%,0.00%,0.00%,0.00%
20260127,08,富盈數據股份有限公司,3683,書中字有黃金屋_mobile,21922,MW_置底創意(非展開)_書中字有黃金屋-mobile,,,,12,4,0,4,7,0,12,33.33%,58.33%,0.00%,0.00%,33.33%
20260127,08,富盈數據股份有限公司,3684,稅美人_mobile,21923,MW_置底創意(非展開)_稅美人-mobile,,,,6,4,0,4,4,0,6,66.67%,66.67%,0.00%,0.00%,66.67%
20260127,08,富盈數據股份有限公司,3685,玩桌遊_mobile,21924,MW_置底創意(非展開)_玩桌遊-mobile,,,,30,8,0,8,22,0,30,26.67%,73.33%,0.00%,0.00%,26.67%
20260127,08,富盈數據股份有限公司,2615,熱血台中,21986,CF_336x280_全網_熱血台中,,,,174,6,0,6,139,0,174,3.45%,79.89%,0.00%,0.00%,3.45%
20260127,08,富盈數據股份有限公司,2615,熱血台中,21987,CF_336x280_全網_熱血台中,,,,174,2,0,2,128,0,174,1.15%,73.56%,0.00%,0.00%,1.15%
20260127,08,富盈數據股份有限公司,3703,繁體小說,22022,MW_置底創意(非展開)_繁體小說-mobile,,,,12,6,0,6,6,0,12,50.00%,50.00%,0.00%,0.00%,50.00%
20260127,08,富盈數據股份有限公司,3704,天天要聞,22030,CF_300 x 250 banner_天天要聞_cpc2,,,,"1,505",425,0,425,"1,164",0,1505,28.24%,77.34%,0.00%,0.00%,28.24%
20260127,08,富盈數據股份有限公司,3703,繁體小說,22031,CF_300 x 250 banner_繁體小說_cpc2,,,,239,76,0,76,174,0,239,31.80%,72.80%,0.00%,0.00%,31.80%
20260127,08,冠妍動力科技有限公司,484,小老婆汽機車資訊網,22058,MW_文中創意320x480_小老婆汽機車資訊網-測試,,知名媒體,,6,0,0,0,4,0,6,0.00%,66.67%,0.00%,0.00%,0.00%
20260127,08,艾得基客行銷顧問股份有限公司,3719,遠見雜誌,22105,MW_蓋板_遠見_遠見雜誌,,知名媒體,,94,2,0,2,71,0,94,2.13%,75.53%,0.00%,0.00%,2.13%
20260127,08,富盈數據股份有限公司,3680,TVBS-新聞網_HB,22131,CF_文中300x250_TVBS-新聞網_HB_1,,知名媒體,,12,0,0,0,12,0,12,0.00%,100.00%,0.00%,0.00%,0.00%
20260127,08,富盈數據股份有限公司,3680,TVBS-新聞網_HB,22132,CF_文中300x250_TVBS-新聞網_HB_2,,知名媒體,,18,0,0,0,18,0,18,0.00%,100.00%,0.00%,0.00%,0.00%
20260127,08,富盈數據股份有限公司,3680,TVBS-新聞網_HB,22133,CF_文中300x250_TVBS-新聞網_HB_3,,知名媒體,,45,0,0,0,45,0,45,0.00%,100.00%,0.00%,0.00%,0.00%
20260127,08,闇碼科技股份有限公司,3048,縮短網址產生器-reurl,22213,MW_蓋版_縮短網址產生器-reurl-2025.05(特殊供量),,知名媒體,,79,4,0,4,68,0,79,5.06%,86.08%,0.00%,0.00%,5.06%
20260127,08,艾得基客行銷顧問股份有限公司,2689,Basketball Top5,22219,MW_置底(展開)_Basketball TOP5,,,,394,2,0,2,248,0,394,0.51%,62.94%,0.00%,0.00%,0.51%
20260127,08,艾得基客行銷顧問股份有限公司,2084,經濟日報,22220,MW_置底(展開)_經濟日報,,知名媒體,,"1,188",259,0,259,854,0,1188,21.80%,71.89%,0.00%,0.00%,21.80%
20260127,08,欣發現股份有限公司,3362,妞新聞-mobile,22221,MW_蓋板_妞新聞,,知名媒體,,6,0,0,0,6,0,6,0.00%,100.00%,0.00%,0.00%,0.00%
20260127,08,欣發現股份有限公司,3363,大人物-mobile,22222,MW_蓋板_大人物,,知名媒體,,450,78,0,78,383,0,450,17.33%,85.11%,0.00%,0.00%,17.33%
20260127,08,朱光宁,3741,石頭小說3,22396,MW_置底_石頭小說3,,,,86,43,0,43,58,0,86,50.00%,67.44%,0.00%,0.00%,50.00%
20260127,08,朱光宁,3741,石頭小說3,22398,CF_336 x 280 banner_石頭小說3_cpc1.67,,,,"1,527",417,0,417,"1,235",0,1527,27.31%,80.88%,0.00%,0.00%,27.31%
20260127,08,朱光宁,3741,石頭小說3,22399,CF_320 x 480 橫幅_石頭小說3,,,,66,25,0,25,47,0,66,37.88%,71.21%,0.00%,0.00%,37.88%
20260127,08,闇碼科技股份有限公司,3068,限時圖片-imgus,22406,MW_置底_imgus,antifroud,,,137,6,0,6,95,0,137,4.38%,69.34%,0.00%,0.00%,4.38%
20260127,08,第一網站股份有限公司,2783,漫畫櫃manhuagui,22443,MW_置底_manhuagui,antifroud,,,"8,534","1,959",0,"1,959","6,544",0,8534,22.96%,76.68%,0.00%,0.00%,22.96%
20260127,08,艾得基客行銷顧問股份有限公司,3490,太報,22495,MW_300x250 BANNER_太報_CPM5,,知名媒體,子聯播網,12,6,0,6,8,0,12,50.00%,66.67%,0.00%,0.00%,50.00%
20260127,08,艾得基客行銷顧問股份有限公司,2689,Basketball Top5,22498,MW_300x250 Banner_Basketball TOP5_CPM5,,,子聯播網,866,12,0,12,523,0,866,1.39%,60.39%,0.00%,0.00%,1.39%
20260127,08,艾得基客行銷顧問股份有限公司,2578,鉅亨網,22507,MW_300x250_鉅亨網_直播用BN-1,,知名媒體,子聯播網,"1,222",89,0,89,928,0,1222,7.28%,75.94%,0.00%,0.00%,7.28%
20260127,08,艾得基客行銷顧問股份有限公司,3752,ＭoneyDJ,22514,MW_文中創意320x480_MoneyDJ,antifroud,知名媒體,,60,12,0,12,43,0,60,20.00%,71.67%,0.00%,0.00%,20.00%
20260127,08,艾得基客行銷顧問股份有限公司,2084,經濟日報,22517,MW_置底創意(非展開)_經濟日報,,知名媒體,,"5,216",997,0,997,"3,854",0,5216,19.11%,73.89%,0.00%,0.00%,19.11%
20260127,08,艾得基客行銷顧問股份有限公司,3373,良醫健康網,22732,MW_300x250_良醫健康網,,知名媒體,,6,2,0,2,4,0,6,33.33%,66.67%,0.00%,0.00%,33.33%
20260127,08,李承翰-webptt,718,Web批踢踢(RWD),2284,MW-蓋板_文中_Web批踢踢,antifroud,,,12,6,0,6,12,0,12,50.00%,100.00%,0.00%,0.00%,50.00%
20260127,08,麥智維,999,動漫戲說,3543,CF-728*90-內文上方-動漫戲說,antifroud,,,351,4,0,4,349,0,351,1.14%,99.43%,0.00%,0.00%,1.14%
20260127,08,肖偉彬,1287,紅櫻桃小說書庫,4678,CF-內文上方-300*250-紅櫻桃小說書庫,,,,20,8,0,8,13,0,20,40.00%,65.00%,0.00%,0.00%,40.00%
20260127,08,肖偉彬,1287,紅櫻桃小說書庫,4717,MW_文中創意300x250_紅櫻桃小說書庫,,,,26,0,0,0,25,0,26,0.00%,96.15%,0.00%,0.00%,0.00%
20260127,08,技達創意資訊有限公司,1299,泰好網,4733,CF-300*250-內文下方-泰好網,,,,6,0,0,0,6,0,6,0.00%,100.00%,0.00%,0.00%,0.00%
20260127,08,技達創意資訊有限公司,1299,泰好網,4734,MW-320*100-首頁、內文上方-泰好網,,,,12,0,0,0,12,0,12,0.00%,100.00%,0.00%,0.00%,0.00%
20260127,08,陈晋福,1367,電視超人,4997,CF-300X250-電視超人,,,,12,0,0,0,12,0,12,0.00%,100.00%,0.00%,0.00%,0.00%
20260127,08,麥智維,999,動漫戲說,6069,CF-300*250-首頁-動漫戲說,,,,55,3,0,3,54,0,55,5.45%,98.18%,0.00%,0.00%,5.45%
20260127,08,精鏡傳媒股份有限公司,1060,鏡週刊,8250,MW_置底創意(非展開)_鏡週刊,,知名媒體,,42,6,0,6,29,0,42,14.29%,69.05%,0.00%,0.00%,14.29%
20260127,08,布林遊國際有限公司,1692,Bring You,8393,CF-300X250-上方通欄右側_BringYou,,知名媒體,,6,0,0,0,6,0,6,0.00%,100.00%,0.00%,0.00%,0.00%
20260127,08,巧克科技新媒體股份有限公司,2127,LINE TV_Banner-exchange,8576,CF_336x280_戲劇-右側好康資訊下方_LINE TV-exchange,,知名媒體,,74,4,0,4,72,0,74,5.41%,97.30%,0.00%,0.00%,5.41%
20260127,08,巧克科技新媒體股份有限公司,2127,LINE TV_Banner-exchange,8577,CF_336x280_戲劇-右側好康資訊上方_LINE TV-exchange,,知名媒體,,162,4,0,4,161,0,162,2.47%,99.38%,0.00%,0.00%,2.47%
20260127,09,英屬維京群島商浩美數位有限公司台灣分公司,2315,Teepr亮新聞-exchange,10012,CF_336x280Banner_Teepr亮新聞-exchange,,知名媒體,,130,2,0,2,95,0,130,1.54%,73.08%,0.00%,0.00%,1.54%
20260127,09,昱得資訊工作室,2528,數位書香,11080,CF_728x90_首頁上方_數位書香,antifroud,,,6,0,0,0,6,0,6,0.00%,100.00%,0.00%,0.00%,0.00%
20260127,09,昱得資訊工作室,2528,數位書香,11081,CF_160x600_首頁右側_數位書香,antifroud,,,245,0,0,0,245,0,245,0.00%,100.00%,0.00%,0.00%,0.00%
20260127,09,第一網站股份有限公司,2518,麻辣家族討論區(twbts),11082,CF-728X90-twbts,antifroud,,,"1,243",0,0,0,"1,243",0,1243,0.00%,100.00%,0.00%,0.00%,0.00%
20260127,09,第一網站股份有限公司,2492,ttshow,11273,MW-300X250-ttshow,,知名媒體,,12,0,0,0,12,0,12,0.00%,100.00%,0.00%,0.00%,0.00%
20260127,09,第一網站股份有限公司,2601,Meme梗圖倉庫,11443,CF-336X280-meme,,,,493,56,0,56,446,0,493,11.36%,90.47%,0.00%,0.00%,11.36%
20260127,09,艾得基客行銷顧問股份有限公司,2578,鉅亨網,12070,MW_320x480_文中創意_鉅亨網,,知名媒體,,"11,244",653,0,653,"8,681",0,11244,5.81%,77.21%,0.00%,0.00%,5.81%
20260127,09,時報資訊股份有限公司,2770,中時電子報_HB,12559,CF_300x250_右側互動看版_中時電子報_HB,,知名媒體,,"2,287",152,0,152,"2,186",0,2287,6.65%,95.58%,0.00%,0.00%,6.65%
20260127,09,時報資訊股份有限公司,2770,中時電子報_HB,12560,CF_336x280_文中看板_中時電子報_HB,,知名媒體,,"2,164",146,0,146,"2,068",0,2164,6.75%,95.56%,0.00%,0.00%,6.75%
20260127,09,時報資訊股份有限公司,2770,中時電子報_HB,12561,MW_300x250_內頁TOP Banner_中時電子報_HB,antifroud,知名媒體,,"2,222",335,0,335,"1,702",0,2222,15.08%,76.60%,0.00%,0.00%,15.08%
20260127,09,第一網站股份有限公司,2768,czbooks,12570,CF_728x90_banner_czbooks,,,,"2,096",344,0,344,"1,911",0,2096,16.41%,91.17%,0.00%,0.00%,16.41%
20260127,09,第一網站股份有限公司,2768,czbooks,12571,CF-300x600_Banner_czbooks,,,,"1,199",12,0,12,603,0,1199,1.00%,50.29%,0.00%,0.00%,1.00%
20260127,09,鳳梨傳媒股份有限公司,2190,民視新聞網-Exchange,12579,CF_300x250_右側第一塊_民視新聞網-Exchange(RWD)(MCM),,知名媒體,,"1,232",60,0,60,961,0,1232,4.87%,78.00%,0.00%,0.00%,4.87%
20260127,09,鳳梨傳媒股份有限公司,2190,民視新聞網-Exchange,12580,CF_300x250_內文文中左側_民視新聞網-Exchange(RWD)(MCM),,知名媒體,,"1,065",47,0,47,886,0,1065,4.41%,83.19%,0.00%,0.00%,4.41%
20260127,09,第一網站股份有限公司,2783,漫畫櫃manhuagui,12676,CF_728X90_manhuagui,antifroud,,,"22,678","2,436",0,"2,436","20,984",0,22678,10.74%,92.53%,0.00%,0.00%,10.74%
20260127,09,艾得基客行銷顧問股份有限公司,2635,工商時報,12761,MW_320x480_文中創意_工商時報new,,知名媒體,,112,8,0,8,83,0,112,7.14%,74.11%,0.00%,0.00%,7.14%
20260127,09,第一網站股份有限公司,2801,damanwoo,12868,CF-300x250_Banner_damanwoo_大人物,,,,57,0,0,0,57,0,57,0.00%,100.00%,0.00%,0.00%,0.00%
20260127,09,第一網站股份有限公司,2820,星座好朋友(horofriend88),12966,MW_320x100_horofriend88,antifroud,,,74,0,0,0,46,0,74,0.00%,62.16%,0.00%,0.00%,0.00%
20260127,09,第一網站股份有限公司,2836,vivi01,13032,MW_置底創意_vivi01 ViVi視頻,,,,12,0,0,0,11,0,12,0.00%,91.67%,0.00%,0.00%,0.00%
20260127,09,第一網站股份有限公司,2838,mycard,13041,MW_320x480_加倍mycard,,,,602,0,0,0,602,0,602,0.00%,100.00%,0.00%,0.00%,0.00%
20260127,09,和運租車股份有限公司,2878,abc好車網,13368,CF_970x90_物件頁下方_abc好車網,,知名媒體,,6,0,0,0,6,0,6,0.00%,100.00%,0.00%,0.00%,0.00%
20260127,09,曾憲敏,202,85小說網,13445,MW_336X280_全量1_85小說網,,,,190,44,0,44,153,0,190,23.16%,80.53%,0.00%,0.00%,23.16%
20260127,09,曾憲敏,202,85小說網,13446,MW_336X280_全量2_85小說網,,,,"1,648",430,0,430,"1,273",0,1648,26.09%,77.25%,0.00%,0.00%,26.09%
20260127,09,第一網站股份有限公司,2910,clickme,13549,CF_300x250_banner_clickme(一般),,,,661,38,0,38,546,0,661,5.75%,82.60%,0.00%,0.00%,5.75%
20260127,09,闇碼科技股份有限公司,2992,縮短網址產生器-reurl-exchange,13847,CF_970x90_轉址失敗_下方第一排 _reurl,,知名媒體,,6,0,0,0,6,0,6,0.00%,100.00%,0.00%,0.00%,0.00%
20260127,09,闇碼科技股份有限公司,2992,縮短網址產生器-reurl-exchange,13848,CF_300x250_轉址失敗_最右邊_reurl,,知名媒體,,24,0,0,0,23,0,24,0.00%,95.83%,0.00%,0.00%,0.00%
20260127,09,闇碼科技股份有限公司,2992,縮短網址產生器-reurl-exchange,13856,CF_300x250_轉址失敗頁第二塊_reurl,,知名媒體,,12,0,0,0,11,0,12,0.00%,91.67%,0.00%,0.00%,0.00%
20260127,09,闇碼科技股份有限公司,2992,縮短網址產生器-reurl-exchange,13861,CF_300x250_網址下方右側(PB)_reurl,,知名媒體,,6,4,0,4,3,0,6,66.67%,50.00%,0.00%,0.00%,66.67%
20260127,09,第一網站股份有限公司,2768,czbooks,14036,MW_320x480_CZBOOKS,antifroud,,,100,22,0,22,80,0,100,22.00%,80.00%,0.00%,0.00%,22.00%
20260127,09,陳人鳳,480,飛格寵物家族_PC,1407,CF-728X90_上方通欄_飛格寵物家族,,,,24,6,0,6,21,0,24,25.00%,87.50%,0.00%,0.00%,25.00%
20260127,09,陳人鳳,480,飛格寵物家族_PC,1408,CF-300X250_內文_飛格寵物家族,,,,157,0,0,0,157,0,157,0.00%,100.00%,0.00%,0.00%,0.00%
20260127,09,飛凡傳播股份有限公司,1921,非凡新聞台-exchange,14188,MW_300x250_內文上方_非凡新聞-exchange,antifroud,知名媒體,,94,2,0,2,89,0,94,2.13%,94.68%,0.00%,0.00%,2.13%
20260127,09,飛凡傳播股份有限公司,1921,非凡新聞台-exchange,14189,CF_300x600_右側下方_非凡新聞-exchange,antifroud,知名媒體,,12,0,0,0,12,0,12,0.00%,100.00%,0.00%,0.00%,0.00%
20260127,09,闇碼科技股份有限公司,3048,縮短網址產生器-reurl,14210,MW_文中創意300x250_縮短網址產生器-reurl,,知名媒體,,"1,144",23,0,23,"1,094",0,1144,2.01%,95.63%,0.00%,0.00%,2.01%
20260127,09,巨思文化股份有限公司,3052,經理人_HB,14238,MW_文章結束第一塊_300x250_經理人-HB,,知名媒體,,68,16,0,16,48,0,68,23.53%,70.59%,0.00%,0.00%,23.53%
20260127,09,巨思文化股份有限公司,3052,經理人_HB,14239,CF_300x250_內文下方右側_經理人-HB,,知名媒體,,48,4,0,4,46,0,48,8.33%,95.83%,0.00%,0.00%,8.33%
20260127,09,巨思文化股份有限公司,3052,經理人_HB,14240,CF_300x250_內文下方左側_經理人-HB,,知名媒體,,54,4,0,4,52,0,54,7.41%,96.30%,0.00%,0.00%,7.41%
20260127,09,巨思文化股份有限公司,3052,經理人_HB,14241,MW_300x250_內文下方_經理人-HB,,知名媒體,,70,16,0,16,50,0,70,22.86%,71.43%,0.00%,0.00%,22.86%
20260127,09,巨思文化股份有限公司,3053,數位時代_HB,14242,CF_300x250_內文下方左側_數位時代-HB,,知名媒體,,118,4,0,4,118,0,118,3.39%,100.00%,0.00%,0.00%,3.39%
20260127,09,巨思文化股份有限公司,3053,數位時代_HB,14243,CF_300x250_內文下方右側_數位時代-HB,,知名媒體,,130,6,0,6,129,0,130,4.62%,99.23%,0.00%,0.00%,4.62%
20260127,09,巨思文化股份有限公司,3053,數位時代_HB,14246,MW_300x250_文章結束第一塊_數位時代-HB,,知名媒體,,24,2,0,2,20,0,24,8.33%,83.33%,0.00%,0.00%,8.33%
20260127,09,富盈數據股份有限公司,3059,塔科女子,14258,CF_336x280_全網_塔科女子,,知名媒體,,104,50,0,50,77,0,104,48.08%,74.04%,0.00%,0.00%,48.08%
20260127,09,CBROOT LTD,3003,包子漫畫-exchange,14291,MW_300x250_蓋板(PB)_包子漫畫,,,,248,114,0,114,162,0,248,45.97%,65.32%,0.00%,0.00%,45.97%
20260127,09,朱光宁,3268,稷下書院-mobile,14737,MW_置底創意(非展開)_稷下書院-mobile,,,,12,6,0,6,8,0,12,50.00%,66.67%,0.00%,0.00%,50.00%
20260127,09,朱光宁,3149,稷下書院-exchange,14748,MW_320x100_置底(PB)_稷下書院,,,,"20,936","7,193",0,"7,193","15,172",0,20936,34.36%,72.47%,0.00%,0.00%,34.36%
20260127,09,巨思文化股份有限公司,3053,數位時代_HB,14764,MW_置底創意_(非展開)_數位時代_HB,,知名媒體,,188,35,0,35,129,0,188,18.62%,68.62%,0.00%,0.00%,18.62%
20260127,09,中天電視股份有限公司,3282,中天新聞網-exchange,14980,CF_970x250_內頁_PC置頂橫幅-中天新聞網-exchange,,知名媒體,,24,0,0,0,24,0,24,0.00%,100.00%,0.00%,0.00%,0.00%
20260127,09,黃俊德,3298,Disp BBS_2023_Exchange,15013,CF_300x250_Disp BBS_2023_Exchange,,知名媒體,,6,0,0,0,6,0,6,0.00%,100.00%,0.00%,0.00%,0.00%
20260127,09,今健康新媒體有限公司,3326,今健康-Mobile,15217,MW_置底創意(非展開)-今健康-Mobile,,知名媒體,,6,0,0,0,6,0,6,0.00%,100.00%,0.00%,0.00%,0.00%
20260127,09,曾憲敏,3327,85小說網_創意,15227,MW-300X250_85小說網_隨身影音PB,,,,12,2,0,2,10,0,12,16.67%,83.33%,0.00%,0.00%,16.67%
20260127,09,曾憲敏,3327,85小說網_創意,15228,MW-創意-85小說網,,,,336,88,0,88,253,0,336,26.19%,75.30%,0.00%,0.00%,26.19%
20260127,09,千晶文化事業股份有限公司,3336,Beauty 美人圈,15254,MW_置底創意(非展開)_ Beauty 美人圈,,知名媒體,,"2,404",162,0,162,"1,831",0,2404,6.74%,76.16%,0.00%,0.00%,6.74%
20260127,09,中天電視股份有限公司,3282,中天新聞網-exchange,15859,CF_336x280_內頁_PC右側互動看板B-中天新聞網-exchange,,知名媒體,,134,2,0,2,123,0,134,1.49%,91.79%,0.00%,0.00%,1.49%
20260127,09,CBROOT LTD,3352,西瓜卡通-exchange,15969,CF_728x90_影音內容_西瓜卡通-exchange,,,,6,0,0,0,6,0,6,0.00%,100.00%,0.00%,0.00%,0.00%
20260127,09,CBROOT LTD,3352,西瓜卡通-exchange,15970,CF_160x600_影音內容_西瓜卡通-exchange,,,,146,0,0,0,146,0,146,0.00%,100.00%,0.00%,0.00%,0.00%
20260127,09,時報資訊股份有限公司,2817,旺得富,16908,CF_970x250_MiddleBanner_旺得富,,知名媒體,,25,0,0,0,25,0,25,0.00%,100.00%,0.00%,0.00%,0.00%
20260127,09,時報資訊股份有限公司,2817,旺得富,16910,CF_300x250_Billboard_1s_旺得富,,知名媒體,,30,0,0,0,30,0,30,0.00%,100.00%,0.00%,0.00%,0.00%
20260127,09,時報資訊股份有限公司,2817,旺得富,16911,CF_300x250_Billboard_2nd_旺得富,,知名媒體,,12,0,0,0,12,0,12,0.00%,100.00%,0.00%,0.00%,0.00%
20260127,09,朱光宁,3360,提莫書屋-exchange,16957,MW_336x280banner_提莫書屋_exchange,,,,"13,154","3,307",0,"3,307","10,456",0,13154,25.14%,79.49%,0.00%,0.00%,25.14%
20260127,09,朱光宁,3361,提莫書屋-mobile,16958,MW_置底創意_提莫書屋-mobile,,,,30,2,0,2,23,0,30,6.67%,76.67%,0.00%,0.00%,6.67%
20260127,09,朱光宁,3361,提莫書屋-mobile,16959,MW_320x480_文中創意_提莫書屋-mobile,,,,48,12,0,12,39,0,48,25.00%,81.25%,0.00%,0.00%,25.00%
20260127,09,欣發現股份有限公司,3365,Hami任務牆-mobile,16969,MW_置底創意_Hami任務牆,,知名媒體,,829,97,0,97,751,0,829,11.70%,90.59%,0.00%,0.00%,11.70%
20260127,09,欣發現股份有限公司,3364,女子學-mobile,16972,MW_置底創意_女子學,antifroud,,,"2,175",363,0,363,"1,799",0,2175,16.69%,82.71%,0.00%,0.00%,16.69%
20260127,09,欣發現股份有限公司,3363,大人物-mobile,16973,MW_置底創意_大人物,,知名媒體,,174,51,0,51,135,0,174,29.31%,77.59%,0.00%,0.00%,29.31%
20260127,09,欣發現股份有限公司,3362,妞新聞-mobile,16974,MW_置底創意_妞新聞,,知名媒體,,18,3,0,3,15,0,18,16.67%,83.33%,0.00%,0.00%,16.67%
20260127,09,第一網站股份有限公司,2783,漫畫櫃manhuagui,17027,MW_320x480_蓋版_漫畫櫃manhuagui,,,,503,113,0,113,384,0,503,22.47%,76.34%,0.00%,0.00%,22.47%
20260127,09,艾得基客行銷顧問股份有限公司,3373,良醫健康網,17092,MW_置底創意_良醫健康網,,知名媒體,,36,4,0,4,25,0,36,11.11%,69.44%,0.00%,0.00%,11.11%
20260127,09,詠勝科技有限公司,3385,Mobile01_HB,17173,CF_970x250_超級橫幅_Mobile01_HB,,知名媒體,,6,2,0,2,5,0,6,33.33%,83.33%,0.00%,0.00%,33.33%
20260127,09,詠勝科技有限公司,3385,Mobile01_HB,17174,CF_970x250_超級橫幅_置底_Mobile01_HB,,知名媒體,,24,2,0,2,23,0,24,8.33%,95.83%,0.00%,0.00%,8.33%
20260127,09,詠勝科技有限公司,3385,Mobile01_HB,17175,CF_970x90_橫幅Banner_Mobile01_HB,,知名媒體,,"1,932",43,0,43,"1,908",0,1932,2.23%,98.76%,0.00%,0.00%,2.23%
20260127,09,詠勝科技有限公司,3385,Mobile01_HB,17176,CF_728x90_內頁橫幅Banner_7F_Mobile01_HB,,知名媒體,,142,10,0,10,141,0,142,7.04%,99.30%,0.00%,0.00%,7.04%
20260127,09,詠勝科技有限公司,3385,Mobile01_HB,17178,CF_300x250_頻道頁_大看板_Mobile01_HB,,知名媒體,,117,6,0,6,114,0,117,5.13%,97.44%,0.00%,0.00%,5.13%
20260127,09,詠勝科技有限公司,3385,Mobile01_HB,17179,CF_300x250_熱門大看板_Mobile01_HB,,知名媒體,,"2,273",63,0,63,"2,247",0,2273,2.77%,98.86%,0.00%,0.00%,2.77%
20260127,09,詠勝科技有限公司,3385,Mobile01_HB,17180,CF_300x250_置底看板左_Mobile01_HB,,知名媒體,,812,20,0,20,803,0,812,2.46%,98.89%,0.00%,0.00%,2.46%
20260127,09,詠勝科技有限公司,3385,Mobile01_HB,17181,CF_300x250_置底看板中_Mobile01_HB,,知名媒體,,798,18,0,18,789,0,798,2.26%,98.87%,0.00%,0.00%,2.26%
20260127,09,詠勝科技有限公司,3385,Mobile01_HB,17182,CF_300x250_置底看板右_Mobile01_HB,,知名媒體,,16,6,0,6,16,0,16,37.50%,100.00%,0.00%,0.00%,37.50%
20260127,09,詠勝科技有限公司,3385,Mobile01_HB,17183,CF_300x600_大摩天_Mobile01_HB,,知名媒體,,"1,253",43,0,43,"1,230",0,1253,3.43%,98.16%,0.00%,0.00%,3.43%
20260127,09,詠勝科技有限公司,3385,Mobile01_HB,17184,CF_970x90_特殊banner_Mobile01_HB,,知名媒體,,8,0,0,0,8,0,8,0.00%,100.00%,0.00%,0.00%,0.00%
20260127,09,詠勝科技有限公司,3385,Mobile01_HB,17185,CF_300x250_特殊看板右上_Mobile01_HB,,知名媒體,,8,4,0,4,8,0,8,50.00%,100.00%,0.00%,0.00%,50.00%
20260127,09,詠勝科技有限公司,3385,Mobile01_HB,17192,CF_300x250_特殊置底看板左_Mobile01_HB,,知名媒體,,10,0,0,0,10,0,10,0.00%,100.00%,0.00%,0.00%,0.00%
20260127,09,詠勝科技有限公司,3385,Mobile01_HB,17193,CF_300x250_特殊置底看板中_Mobile01_HB,,知名媒體,,10,6,0,6,10,0,10,60.00%,100.00%,0.00%,0.00%,60.00%
20260127,09,詠勝科技有限公司,3385,Mobile01_HB,17195,CF_300x600_特殊大摩天_Mobile01_HB,,知名媒體,,10,0,0,0,10,0,10,0.00%,100.00%,0.00%,0.00%,0.00%
20260127,09,詠勝科技有限公司,3385,Mobile01_HB,17196,CF_160x600_門神_right_Mobile01_HB,,知名媒體,,208,2,0,2,207,0,208,0.96%,99.52%,0.00%,0.00%,0.96%
20260127,09,詠勝科技有限公司,3385,Mobile01_HB,17197,CF_160x600_門神_left_Mobile01_HB,,知名媒體,,202,2,0,2,201,0,202,0.99%,99.50%,0.00%,0.00%,0.99%
20260127,09,朱光宁,3268,稷下書院-mobile,17207,MW_320x480_蓋版_稷下書院-mobile,,,,"3,967","1,250",0,"1,250","2,764",0,3967,31.51%,69.67%,0.00%,0.00%,31.51%
20260127,09,李立娟,3395,vivi0視頻-exchange,17293,CF_336x280_Banner_vivi01視頻-exchange,antifroud,,,"38,382",103,0,103,"28,665",0,38382,0.27%,74.68%,0.00%,0.00%,0.27%
20260127,09,李立娟,3395,vivi0視頻-exchange,17294,MW_336x280_Banner_vivi01視頻-exchange,antifroud,,,"46,529",150,0,150,"34,933",0,46529,0.32%,75.08%,0.00%,0.00%,0.32%
20260127,09,李立娟,3395,vivi0視頻-exchange,17300,MW_320x100_置底(PB)_vivi01視頻-exchange,antifroud,,,"70,998",219,0,219,"52,950",0,70998,0.31%,74.58%,0.00%,0.00%,0.31%
20260127,09,李立娟,3397,趣聞圖說-exchange,17309,MW_336x280_文中Banner_趣聞圖說-exchange,,,,12,0,0,0,12,0,12,0.00%,100.00%,0.00%,0.00%,0.00%
20260127,09,李立娟,3396,趣聞圖說-Mobile,17923,MW_置底創意(展開)_趣聞圖說-Mobile,,,,40,0,0,0,34,0,40,0.00%,85.00%,0.00%,0.00%,0.00%
20260127,09,第一網站股份有限公司,2768,czbooks,17927,MW_置底創意_czbook,,,,"12,274","4,102",0,"4,102","8,785",0,12274,33.42%,71.57%,0.00%,0.00%,33.42%
20260127,09,時報資訊股份有限公司_工商時報,3427,工商時報-exchange,18003,CF_300x250_互動看板2_工商時報-exchange,,知名媒體,,12,0,0,0,12,0,12,0.00%,100.00%,0.00%,0.00%,0.00%
20260127,09,時報資訊股份有限公司_工商時報,3427,工商時報-exchange,18007,CF_336x280_文末右側看板_工商時報-exchange,,知名媒體,,88,2,0,2,87,0,88,2.27%,98.86%,0.00%,0.00%,2.27%
20260127,09,時報資訊股份有限公司_工商時報,3427,工商時報-exchange,18008,CF_336x280_文末左側看板_工商時報-exchange,,知名媒體,,70,4,0,4,68,0,70,5.71%,97.14%,0.00%,0.00%,5.71%
20260127,09,時報資訊股份有限公司_工商時報,3427,工商時報-exchange,18014,MW_300x250_文末Banner1_工商時報-exchange,,知名媒體,,40,10,0,10,27,0,40,25.00%,67.50%,0.00%,0.00%,25.00%
20260127,09,時報資訊股份有限公司_工商時報,3427,工商時報-exchange,18015,MW_300x250_文末Banner2_工商時報-exchange,,知名媒體,,172,32,0,32,127,0,172,18.60%,73.84%,0.00%,0.00%,18.60%
20260127,09,第一網站股份有限公司,3440,fsa_passback_first,18201,CF_336x280_fsa_passback_first,,,,"1,682",253,0,253,"1,537",0,1682,15.04%,91.38%,0.00%,0.00%,15.04%
20260127,09,第一網站股份有限公司,3440,fsa_passback_first,18202,CF_300x250_fsa_passback_first,,,,"2,198",127,0,127,"2,091",0,2198,5.78%,95.13%,0.00%,0.00%,5.78%
20260127,09,朱光宁,3268,稷下書院-mobile,18297,MW_置底創意(展開)_稷下書院-mobile,,,,304,76,0,76,230,0,304,25.00%,75.66%,0.00%,0.00%,25.00%
20260127,09,冰楓科技有限公司,3485,冰楓論壇-exchange,18487,CF_970x90_內文上方第一塊_冰楓論壇-exchange,,,,957,4,0,4,957,0,957,0.42%,100.00%,0.00%,0.00%,0.42%
20260127,09,冰楓科技有限公司,3485,冰楓論壇-exchange,18488,MW_320x100_內文上方第一塊_ 冰楓論壇-exchange,antifroud,,,84,6,0,6,79,0,84,7.14%,94.05%,0.00%,0.00%,7.14%
20260127,09,冰楓科技有限公司,3485,冰楓論壇-exchange,18492,MW_300x250_Banner_ 冰楓論壇-exchange,,,,336,0,0,0,335,0,336,0.00%,99.70%,0.00%,0.00%,0.00%
20260127,09,闇碼科技股份有限公司,3048,縮短網址產生器-reurl,18535,MW_蓋版_縮短網址產生器-reurl,,知名媒體,,19,0,0,0,18,0,19,0.00%,94.74%,0.00%,0.00%,0.00%
20260127,09,CBROOT LTD,3492,包子漫畫(特開流量)-exchange,18557,CF_300x600_指定流量_包子漫畫(特開流量PB)-exchange,,,,171,0,0,0,171,0,171,0.00%,100.00%,0.00%,0.00%,0.00%
20260127,09,CBROOT LTD,3510,包子漫畫_twmanga-exchange,18737,CF_970x90_Banner_ 包子漫畫_twmanga-exchange,,,,314,74,0,74,279,0,314,23.57%,88.85%,0.00%,0.00%,23.57%
20260127,09,闇碼科技股份有限公司,2992,縮短網址產生器-reurl-exchange,18876,CF_首頁連結bar下方_縮短網址產生器-reurl-exchange,,知名媒體,,6,2,0,2,5,0,6,33.33%,83.33%,0.00%,0.00%,33.33%
20260127,09,闇碼科技股份有限公司,2992,縮短網址產生器-reurl-exchange,18877,MW_首頁連結bar下方_縮短網址產生器-reurl-exchange,,知名媒體,,6,2,0,2,5,0,6,33.33%,83.33%,0.00%,0.00%,33.33%
20260127,09,台灣英文新聞股份有限公司,3537,台灣英文新聞(new)-exchange,18924,CF_300x250_內容頁_右側看版_1_台灣英文新聞(new)-exchange,,知名媒體,,48,0,0,0,46,0,48,0.00%,95.83%,0.00%,0.00%,0.00%
20260127,09,艾得基客行銷顧問股份有限公司,3490,太報,19043,MW_置底創意(展開)_太報,,知名媒體,,6,0,0,0,4,0,6,0.00%,66.67%,0.00%,0.00%,0.00%
20260127,09,艾得基客行銷顧問股份有限公司,3552,玩具人,19044,MW_320x480_文中創意_玩具人,,知名媒體,,18,0,0,0,15,0,18,0.00%,83.33%,0.00%,0.00%,0.00%
20260127,09,先驅媒體社會企業股份有限公司,3554,新頭殼(R18),19047,(子)CF_300x250Banner_newtalk.tw_content_300250_1_新頭殼(R18),,知名媒體,子聯播網,12,2,0,2,12,0,12,16.67%,100.00%,0.00%,0.00%,16.67%
20260127,09,第一網站股份有限公司,2783,漫畫櫃manhuagui,20685,MW_300X250_manhuagui,antifroud,,,"4,474","1,201",0,"1,201","3,367",0,4474,26.84%,75.26%,0.00%,0.00%,26.84%
20260127,09,德榕企業有限公司,3578,TW Bodhi_mobile,20707,MW_置底創意_TW Bodhi,,,,36,9,0,9,27,0,36,25.00%,75.00%,0.00%,0.00%,25.00%
20260127,09,德榕企業有限公司,3578,TW Bodhi_mobile,20708,MW_蓋板_TW Bodhi,,,,186,46,0,46,128,0,186,24.73%,68.82%,0.00%,0.00%,24.73%
20260127,09,德榕企業有限公司,3581,忘憂書屋,20727,CF_336x280文章頁(RWD)_忘憂書屋,,,,46,10,0,10,37,0,46,21.74%,80.43%,0.00%,0.00%,21.74%
20260127,09,德榕企業有限公司,3582,忘憂書屋_mobile,20728,MW_文中創意300x250_忘憂書屋,,,,102,10,0,10,90,0,102,9.80%,88.24%,0.00%,0.00%,9.80%
20260127,09,德榕企業有限公司,3582,忘憂書屋_mobile,20730,MW_置底創意_忘憂書屋,,,,30,7,0,7,24,0,30,23.33%,80.00%,0.00%,0.00%,23.33%
20260127,09,第一網站股份有限公司,2916,KiKiNote,20731,CF_300x250_banner_kikinote (PB),,知名媒體,,46,0,0,0,46,0,46,0.00%,100.00%,0.00%,0.00%,0.00%
20260127,09,艾得基客行銷顧問股份有限公司,3490,太報,21317,MW_蓋版_太報,,知名媒體,,18,0,0,0,15,0,18,0.00%,83.33%,0.00%,0.00%,0.00%
20260127,09,第一網站股份有限公司,2768,czbooks,21412,(子)CF_970x250_banner_czbooks(限時段)-PB,,,子聯播網,"2,005",318,0,318,"1,847",0,2005,15.86%,92.12%,0.00%,0.00%,15.86%
20260127,09,第一網站股份有限公司,3440,fsa_passback_first,21699,CF_336x280_fsa_passback_first,,,,"1,145",95,0,95,"1,137",0,1145,8.30%,99.30%,0.00%,0.00%,8.30%
20260127,09,富盈數據股份有限公司,3653,TVBS-女人我最大_HB,21759,CF_文章右側300x600_TVBS-女人我最大_HB,,知名媒體,,6,2,0,2,5,0,6,33.33%,83.33%,0.00%,0.00%,33.33%
20260127,09,富盈數據股份有限公司,3653,TVBS-女人我最大_HB,21760,MW_文章三_336x280_TVBS-女人我最大_HB,,知名媒體,,48,8,0,8,29,0,48,16.67%,60.42%,0.00%,0.00%,16.67%
20260127,09,富盈數據股份有限公司,3653,TVBS-女人我最大_HB,21761,MW_文章四_336x280_TVBS-女人我最大_HB,,知名媒體,,684,65,0,65,487,0,684,9.50%,71.20%,0.00%,0.00%,9.50%
20260127,09,富盈數據股份有限公司,3653,TVBS-女人我最大_HB,21762,MW_文章置底_320x100_TVBS-女人我最大_HB,,知名媒體,,206,20,0,20,127,0,206,9.71%,61.65%,0.00%,0.00%,9.71%
20260127,09,富盈數據股份有限公司,3653,TVBS-女人我最大_HB,21763,MW_文中創意320x480_TVBS-女人我最大_HB,,知名媒體,,656,47,0,47,424,0,656,7.16%,64.63%,0.00%,0.00%,7.16%
20260127,09,富盈數據股份有限公司,3654,TVBS-健康2.0_HB,21764,CF_文章右側300x600_TVBS-健康2.0_HB,,知名媒體,,20,0,0,0,20,0,20,0.00%,100.00%,0.00%,0.00%,0.00%
20260127,09,富盈數據股份有限公司,3654,TVBS-健康2.0_HB,21765,MW_文章三_336x280_TVBS-健康2.0_HB,,知名媒體,,147,27,0,27,108,0,147,18.37%,73.47%,0.00%,0.00%,18.37%
20260127,09,富盈數據股份有限公司,3654,TVBS-健康2.0_HB,21767,MW_文章置底_320x100_TVBS-健康2.0_HB,,知名媒體,,6,0,0,0,4,0,6,0.00%,66.67%,0.00%,0.00%,0.00%
20260127,09,富盈數據股份有限公司,3654,TVBS-健康2.0_HB,21768,MW_文中創意320x480_TVBS-健康2.0_HB,,知名媒體,,"3,404",600,0,600,"2,438",0,3404,17.63%,71.62%,0.00%,0.00%,17.63%
20260127,09,富盈數據股份有限公司,3655,TVBS-食尚玩家_HB,21770,MW_文章三_336x280_TVBS-食尚玩家_HB,,知名媒體,,"1,146",86,0,86,"1,005",0,1146,7.50%,87.70%,0.00%,0.00%,7.50%
20260127,09,富盈數據股份有限公司,3655,TVBS-食尚玩家_HB,21771,MW_文章四_336x280_TVBS-食尚玩家_HB,,知名媒體,,18,0,0,0,18,0,18,0.00%,100.00%,0.00%,0.00%,0.00%
20260127,09,富盈數據股份有限公司,3655,TVBS-食尚玩家_HB,21773,MW_文中創意320x480_TVBS-食尚玩家_HB,,知名媒體,,63,5,0,5,45,0,63,7.94%,71.43%,0.00%,0.00%,7.94%
20260127,09,富盈數據股份有限公司,3654,TVBS-健康2.0_HB,21812,MW_文章一_336x280_TVBS-健康2.0_HB,,知名媒體,,788,140,0,140,578,0,788,17.77%,73.35%,0.00%,0.00%,17.77%
20260127,09,先驅媒體社會企業股份有限公司,3554,新頭殼(R18),21830,(子)CF_300x250Banner_newtalk.tw_all_300250_1_新頭殼(R18),antifroud,知名媒體,子聯播網,6,0,0,0,6,0,6,0.00%,100.00%,0.00%,0.00%,0.00%
20260127,09,儂儂雜誌社股份有限公司(bella儂儂),2135,Bella儂儂_2024,21876,MW-300x250_文章標題上方1_Bella儂儂,,知名媒體,,204,36,0,36,152,0,204,17.65%,74.51%,0.00%,0.00%,17.65%
20260127,09,富盈數據股份有限公司,3680,TVBS-新聞網_HB,21898,CF_文章右側300x600_TVBS-新聞網_HB,,知名媒體,,8,2,0,2,7,0,8,25.00%,87.50%,0.00%,0.00%,25.00%
20260127,09,富盈數據股份有限公司,3680,TVBS-新聞網_HB,21899,MW_文章一_336x280_TVBS-新聞網_HB,,知名媒體,,"4,372",120,0,120,"3,036",0,4372,2.74%,69.44%,0.00%,0.00%,2.74%
20260127,09,富盈數據股份有限公司,3680,TVBS-新聞網_HB,21900,MW_文章三_336x280_TVBS-新聞網_HB,,知名媒體,,467,24,0,24,312,0,467,5.14%,66.81%,0.00%,0.00%,5.14%
20260127,09,富盈數據股份有限公司,3680,TVBS-新聞網_HB,21901,MW_文章四_336x280_TVBS-新聞網_HB,,知名媒體,,6,0,0,0,3,0,6,0.00%,50.00%,0.00%,0.00%,0.00%
20260127,09,富盈數據股份有限公司,3680,TVBS-新聞網_HB,21902,MW_文章置底_320x100_TVBS-新聞網_HB,,知名媒體,,"3,324",30,0,30,"2,637",0,3324,0.90%,79.33%,0.00%,0.00%,0.90%
20260127,09,聯合線上股份有限公司,3679,噓新聞,21903,PC_300x250_首頁及內文頁_噓新聞,,知名媒體,,12,0,0,0,12,0,12,0.00%,100.00%,0.00%,0.00%,0.00%
20260127,09,富盈數據股份有限公司,3685,玩桌遊_mobile,21924,MW_置底創意(非展開)_玩桌遊-mobile,,,,56,12,0,12,39,0,56,21.43%,69.64%,0.00%,0.00%,21.43%
20260127,09,富盈數據股份有限公司,2615,熱血台中,21986,CF_336x280_全網_熱血台中,,,,64,0,0,0,50,0,64,0.00%,78.12%,0.00%,0.00%,0.00%
20260127,09,富盈數據股份有限公司,2615,熱血台中,21987,CF_336x280_全網_熱血台中,,,,108,18,0,18,65,0,108,16.67%,60.19%,0.00%,0.00%,16.67%
20260127,09,富盈數據股份有限公司,3704,天天要聞,22030,CF_300 x 250 banner_天天要聞_cpc2,,,,"1,300",322,0,322,"1,038",0,1300,24.77%,79.85%,0.00%,0.00%,24.77%
20260127,09,富盈數據股份有限公司,3703,繁體小說,22031,CF_300 x 250 banner_繁體小說_cpc2,,,,290,82,0,82,231,0,290,28.28%,79.66%,0.00%,0.00%,28.28%
20260127,09,冠妍動力科技有限公司,484,小老婆汽機車資訊網,22058,MW_文中創意320x480_小老婆汽機車資訊網-測試,,知名媒體,,6,0,0,0,5,0,6,0.00%,83.33%,0.00%,0.00%,0.00%
20260127,09,富盈數據股份有限公司,3680,TVBS-新聞網_HB,22131,CF_文中300x250_TVBS-新聞網_HB_1,,知名媒體,,6,0,0,0,6,0,6,0.00%,100.00%,0.00%,0.00%,0.00%
20260127,09,富盈數據股份有限公司,3680,TVBS-新聞網_HB,22132,CF_文中300x250_TVBS-新聞網_HB_2,,知名媒體,,62,6,0,6,57,0,62,9.68%,91.94%,0.00%,0.00%,9.68%
20260127,09,富盈數據股份有限公司,3680,TVBS-新聞網_HB,22133,CF_文中300x250_TVBS-新聞網_HB_3,,知名媒體,,118,6,0,6,111,0,118,5.08%,94.07%,0.00%,0.00%,5.08%
20260127,09,富盈數據股份有限公司,3730,Teepr 亮新聞 HB,22145,MW_336x280_文中創意_Teepr亮新聞 HB,,,,6,0,0,0,3,0,6,0.00%,50.00%,0.00%,0.00%,0.00%
20260127,09,冰楓科技有限公司,3485,冰楓論壇-exchange,22160,CF_300x250_Banner2_ 冰楓論壇-exchange,,,,6,0,0,0,6,0,6,0.00%,100.00%,0.00%,0.00%,0.00%
20260127,09,闇碼科技股份有限公司,3048,縮短網址產生器-reurl,22213,MW_蓋版_縮短網址產生器-reurl-2025.05(特殊供量),,知名媒體,,"1,054",16,0,16,"1,014",0,1054,1.52%,96.20%,0.00%,0.00%,1.52%
20260127,09,艾得基客行銷顧問股份有限公司,2689,Basketball Top5,22219,MW_置底(展開)_Basketball TOP5,,,,438,6,0,6,275,0,438,1.37%,62.79%,0.00%,0.00%,1.37%
20260127,09,欣發現股份有限公司,3363,大人物-mobile,22222,MW_蓋板_大人物,,知名媒體,,409,65,0,65,350,0,409,15.89%,85.57%,0.00%,0.00%,15.89%
20260127,09,艾得基客行銷顧問股份有限公司,3738,痞客邦,22223,MW_中繼頁_置底創意(展開)-痞客邦_Mobile,,知名媒體,,6,4,0,4,4,0,6,66.67%,66.67%,0.00%,0.00%,66.67%
20260127,09,朱光宁,3741,石頭小說3,22396,MW_置底_石頭小說3,,,,98,30,0,30,74,0,98,30.61%,75.51%,0.00%,0.00%,30.61%
20260127,09,朱光宁,3741,石頭小說3,22398,CF_336 x 280 banner_石頭小說3_cpc1.67,,,,"1,460",288,0,288,"1,278",0,1460,19.73%,87.53%,0.00%,0.00%,19.73%
20260127,09,朱光宁,3741,石頭小說3,22399,CF_320 x 480 橫幅_石頭小說3,,,,18,10,0,10,11,0,18,55.56%,61.11%,0.00%,0.00%,55.56%
20260127,09,闇碼科技股份有限公司,3068,限時圖片-imgus,22406,MW_置底_imgus,antifroud,,,32,1,0,1,21,0,32,3.12%,65.62%,0.00%,0.00%,3.12%
20260127,09,第一網站股份有限公司,2783,漫畫櫃manhuagui,22443,MW_置底_manhuagui,antifroud,,,"17,133","3,865",0,"3,865","12,881",0,17133,22.56%,75.18%,0.00%,0.00%,22.56%
20260127,09,艾得基客行銷顧問股份有限公司,3490,太報,22495,MW_300x250 BANNER_太報_CPM5,,知名媒體,子聯播網,12,0,0,0,11,0,12,0.00%,91.67%,0.00%,0.00%,0.00%
20260127,09,艾得基客行銷顧問股份有限公司,2689,Basketball Top5,22498,MW_300x250 Banner_Basketball TOP5_CPM5,,,子聯播網,"1,065",6,0,6,646,0,1065,0.56%,60.66%,0.00%,0.00%,0.56%
20260127,09,艾得基客行銷顧問股份有限公司,2578,鉅亨網,22507,MW_300x250_鉅亨網_直播用BN-1,,知名媒體,子聯播網,843,76,0,76,633,0,843,9.02%,75.09%,0.00%,0.00%,9.02%
20260127,09,艾得基客行銷顧問股份有限公司,3752,ＭoneyDJ,22514,MW_文中創意320x480_MoneyDJ,antifroud,知名媒體,,88,24,0,24,62,0,88,27.27%,70.45%,0.00%,0.00%,27.27%
20260127,09,艾得基客行銷顧問股份有限公司,2084,經濟日報,22517,MW_置底創意(非展開)_經濟日報,,知名媒體,,6,2,0,2,4,0,6,33.33%,66.67%,0.00%,0.00%,33.33%
20260127,09,李承翰-webptt,718,Web批踢踢(RWD),2284,MW-蓋板_文中_Web批踢踢,antifroud,,,25,0,0,0,25,0,25,0.00%,100.00%,0.00%,0.00%,0.00%
20260127,09,麥智維,999,動漫戲說,3543,CF-728*90-內文上方-動漫戲說,antifroud,,,453,12,0,12,452,0,453,2.65%,99.78%,0.00%,0.00%,2.65%
20260127,09,肖偉彬,1287,紅櫻桃小說書庫,4678,CF-內文上方-300*250-紅櫻桃小說書庫,,,,20,14,0,14,11,0,20,70.00%,55.00%,0.00%,0.00%,70.00%
20260127,09,肖偉彬,1287,紅櫻桃小說書庫,4717,MW_文中創意300x250_紅櫻桃小說書庫,,,,6,0,0,0,6,0,6,0.00%,100.00%,0.00%,0.00%,0.00%
20260127,09,技達創意資訊有限公司,1299,泰好網,4733,CF-300*250-內文下方-泰好網,,,,6,0,0,0,6,0,6,0.00%,100.00%,0.00%,0.00%,0.00%
20260127,09,陈晋福,1367,電視超人,4997,CF-300X250-電視超人,,,,6,0,0,0,6,0,6,0.00%,100.00%,0.00%,0.00%,0.00%
20260127,09,台灣時報社股份有限公司,1665,台灣時報電子報,6263,CF-300X600-右側通欄-台灣時報電子報,,,,6,0,0,0,6,0,6,0.00%,100.00%,0.00%,0.00%,0.00%
20260127,09,精鏡傳媒股份有限公司,1060,鏡週刊,8246,MW_文中創意320x480_鏡週刊,,知名媒體,,6,0,0,0,5,0,6,0.00%,83.33%,0.00%,0.00%,0.00%
20260127,09,精鏡傳媒股份有限公司,1060,鏡週刊,8250,MW_置底創意(非展開)_鏡週刊,,知名媒體,,12,2,0,2,8,0,12,16.67%,66.67%,0.00%,0.00%,16.67%
20260127,09,巧克科技新媒體股份有限公司,2127,LINE TV_Banner-exchange,8576,CF_336x280_戲劇-右側好康資訊下方_LINE TV-exchange,,知名媒體,,45,0,0,0,45,0,45,0.00%,100.00%,0.00%,0.00%,0.00%
20260127,09,巧克科技新媒體股份有限公司,2127,LINE TV_Banner-exchange,8577,CF_336x280_戲劇-右側好康資訊上方_LINE TV-exchange,,知名媒體,,90,3,0,3,90,0,90,3.33%,100.00%,0.00%,0.00%,3.33%
20260127,09,鳳梨傳媒股份有限公司,2190,民視新聞網-Exchange,8862,CF_970X90_分類新聞內頁上方_民視新聞(MCM),,知名媒體,,12,0,0,0,12,0,12,0.00%,100.00%,0.00%,0.00%,0.00%
20260127,09,時報資訊股份有限公司,2335,中時電子報_2019,9887,MW-置底創意(非展開)中時電子報_2019,,知名媒體,,"3,320",640,0,640,"2,594",0,3320,19.28%,78.13%,0.00%,0.00%,19.28%
20260127,10,英屬維京群島商浩美數位有限公司台灣分公司,2315,Teepr亮新聞-exchange,10012,CF_336x280Banner_Teepr亮新聞-exchange,,知名媒體,,758,12,0,12,526,0,758,1.58%,69.39%,0.00%,0.00%,1.58%
20260127,10,第一網站股份有限公司,2235,線上英漢字典(cdict),10549,CF_300x250_cdict,,,,6,0,0,0,6,0,6,0.00%,100.00%,0.00%,0.00%,0.00%
20260127,10,昱得資訊工作室,2528,數位書香,11080,CF_728x90_首頁上方_數位書香,antifroud,,,8,0,0,0,8,0,8,0.00%,100.00%,0.00%,0.00%,0.00%
20260127,10,昱得資訊工作室,2528,數位書香,11081,CF_160x600_首頁右側_數位書香,antifroud,,,111,0,0,0,111,0,111,0.00%,100.00%,0.00%,0.00%,0.00%
20260127,10,第一網站股份有限公司,2518,麻辣家族討論區(twbts),11082,CF-728X90-twbts,antifroud,,,"1,338",6,0,6,"1,338",0,1338,0.45%,100.00%,0.00%,0.00%,0.45%
20260127,10,第一網站股份有限公司,2540,risu短網址,11260,MW-300X250-MB_page_left-risu,,知名媒體,,"1,661",58,0,58,"1,132",0,1661,3.49%,68.15%,0.00%,0.00%,3.49%
20260127,10,第一網站股份有限公司,2492,ttshow,11273,MW-300X250-ttshow,,知名媒體,,18,6,0,6,15,0,18,33.33%,83.33%,0.00%,0.00%,33.33%
20260127,10,第一網站股份有限公司,2601,Meme梗圖倉庫,11443,CF-336X280-meme,,,,"1,337",145,0,145,"1,253",0,1337,10.85%,93.72%,0.00%,0.00%,10.85%
20260127,10,第一網站股份有限公司,2540,risu短網址,11978,MW_變形蓋版_risu短網址,,知名媒體,,18,0,0,0,10,0,18,0.00%,55.56%,0.00%,0.00%,0.00%
20260127,10,第一網站股份有限公司,2540,risu短網址,11979,MW_置底創意_risu短網址(IOS),,知名媒體,,12,2,0,2,6,0,12,16.67%,50.00%,0.00%,0.00%,16.67%
20260127,10,艾得基客行銷顧問股份有限公司,2578,鉅亨網,12070,MW_320x480_文中創意_鉅亨網,,知名媒體,,"9,444",567,0,567,"7,353",0,9444,6.00%,77.86%,0.00%,0.00%,6.00%
20260127,10,時報資訊股份有限公司,2770,中時電子報_HB,12559,CF_300x250_右側互動看版_中時電子報_HB,,知名媒體,,"1,862",159,0,159,"1,757",0,1862,8.54%,94.36%,0.00%,0.00%,8.54%
20260127,10,時報資訊股份有限公司,2770,中時電子報_HB,12560,CF_336x280_文中看板_中時電子報_HB,,知名媒體,,"1,796",151,0,151,"1,695",0,1796,8.41%,94.38%,0.00%,0.00%,8.41%
20260127,10,時報資訊股份有限公司,2770,中時電子報_HB,12561,MW_300x250_內頁TOP Banner_中時電子報_HB,antifroud,知名媒體,,"8,479",953,0,953,"6,548",0,8479,11.24%,77.23%,0.00%,0.00%,11.24%
20260127,10,第一網站股份有限公司,2768,czbooks,12570,CF_728x90_banner_czbooks,,,,"3,034",347,0,347,"2,827",0,3034,11.44%,93.18%,0.00%,0.00%,11.44%
20260127,10,第一網站股份有限公司,2768,czbooks,12571,CF-300x600_Banner_czbooks,,,,"1,289",8,0,8,647,0,1289,0.62%,50.19%,0.00%,0.00%,0.62%
20260127,10,鳳梨傳媒股份有限公司,2190,民視新聞網-Exchange,12579,CF_300x250_右側第一塊_民視新聞網-Exchange(RWD)(MCM),,知名媒體,,899,37,0,37,739,0,899,4.12%,82.20%,0.00%,0.00%,4.12%
20260127,10,鳳梨傳媒股份有限公司,2190,民視新聞網-Exchange,12580,CF_300x250_內文文中左側_民視新聞網-Exchange(RWD)(MCM),,知名媒體,,994,52,0,52,832,0,994,5.23%,83.70%,0.00%,0.00%,5.23%
20260127,10,第一網站股份有限公司,2783,漫畫櫃manhuagui,12676,CF_728X90_manhuagui,antifroud,,,"35,777","4,005",0,"4,005","32,973",0,35777,11.19%,92.16%,0.00%,0.00%,11.19%
20260127,10,艾得基客行銷顧問股份有限公司,2635,工商時報,12761,MW_320x480_文中創意_工商時報new,,知名媒體,,66,2,0,2,53,0,66,3.03%,80.30%,0.00%,0.00%,3.03%
20260127,10,第一網站股份有限公司,2801,damanwoo,12868,CF-300x250_Banner_damanwoo_大人物,,,,166,0,0,0,166,0,166,0.00%,100.00%,0.00%,0.00%,0.00%
20260127,10,第一網站股份有限公司,2820,星座好朋友(horofriend88),12966,MW_320x100_horofriend88,antifroud,,,18,0,0,0,11,0,18,0.00%,61.11%,0.00%,0.00%,0.00%
20260127,10,第一網站股份有限公司,2836,vivi01,13032,MW_置底創意_vivi01 ViVi視頻,,,,6,0,0,0,3,0,6,0.00%,50.00%,0.00%,0.00%,0.00%
20260127,10,第一網站股份有限公司,2838,mycard,13041,MW_320x480_加倍mycard,,,,58,0,0,0,58,0,58,0.00%,100.00%,0.00%,0.00%,0.00%
20260127,10,第一網站股份有限公司,2862,Manhuaren,13254,MW_320x100_banner_manhuaren,,,,6,2,0,2,5,0,6,33.33%,83.33%,0.00%,0.00%,33.33%
20260127,10,和運租車股份有限公司,2878,abc好車網,13368,CF_970x90_物件頁下方_abc好車網,,知名媒體,,6,2,0,2,4,0,6,33.33%,66.67%,0.00%,0.00%,33.33%
20260127,10,曾憲敏,202,85小說網,13445,MW_336X280_全量1_85小說網,,,,265,90,0,90,189,0,265,33.96%,71.32%,0.00%,0.00%,33.96%
20260127,10,曾憲敏,202,85小說網,13446,MW_336X280_全量2_85小說網,,,,"1,909",471,0,471,"1,464",0,1909,24.67%,76.69%,0.00%,0.00%,24.67%
20260127,10,第一網站股份有限公司,2768,czbooks,13481,MW_300x250_banner_czbooks,antifroud,,子聯播網,"40,980","10,242",0,"10,242","31,490",0,40980,24.99%,76.84%,0.00%,0.00%,24.99%
20260127,10,第一網站股份有限公司,2768,czbooks,13482,(子)CF_300x600_banner_czbooks(限時段),,,子聯播網,120,0,0,0,120,0,120,0.00%,100.00%,0.00%,0.00%,0.00%
20260127,10,第一網站股份有限公司,2768,czbooks,13483,(子)CF_970x250_banner_czbooks(限時段),,,子聯播網,192,0,0,0,192,0,192,0.00%,100.00%,0.00%,0.00%,0.00%
20260127,10,第一網站股份有限公司,2910,clickme,13548,(子)CF_300x250_banner_clickme(一般),,,子聯播網,325,6,0,6,325,0,325,1.85%,100.00%,0.00%,0.00%,1.85%
20260127,10,第一網站股份有限公司,2910,clickme,13549,CF_300x250_banner_clickme(一般),,,,693,131,0,131,545,0,693,18.90%,78.64%,0.00%,0.00%,18.90%
20260127,10,第一網站股份有限公司,2916,KiKiNote,13576,(子)CF_300x250_banner_kikinote,,知名媒體,子聯播網,"1,022",9,0,9,"1,010",0,1022,0.88%,98.83%,0.00%,0.00%,0.88%
20260127,10,闇碼科技股份有限公司,2992,縮短網址產生器-reurl-exchange,13848,CF_300x250_轉址失敗_最右邊_reurl,,知名媒體,,26,2,0,2,24,0,26,7.69%,92.31%,0.00%,0.00%,7.69%
20260127,10,闇碼科技股份有限公司,2992,縮短網址產生器-reurl-exchange,13856,CF_300x250_轉址失敗頁第二塊_reurl,,知名媒體,,16,0,0,0,16,0,16,0.00%,100.00%,0.00%,0.00%,0.00%
20260127,10,闇碼科技股份有限公司,2992,縮短網址產生器-reurl-exchange,13861,CF_300x250_網址下方右側(PB)_reurl,,知名媒體,,8,0,0,0,4,0,8,0.00%,50.00%,0.00%,0.00%,0.00%
20260127,10,第一網站股份有限公司,2768,czbooks,13903,(子)CF_300x250_banner_czbooks(直播),antifroud,,子聯播網,"5,334",0,0,0,"5,334",0,5334,0.00%,100.00%,0.00%,0.00%,0.00%
20260127,10,第一網站股份有限公司,2768,czbooks,14036,MW_320x480_CZBOOKS,antifroud,,,130,28,0,28,107,0,130,21.54%,82.31%,0.00%,0.00%,21.54%
20260127,10,陳人鳳,480,飛格寵物家族_PC,1407,CF-728X90_上方通欄_飛格寵物家族,,,,19,0,0,0,14,0,19,0.00%,73.68%,0.00%,0.00%,0.00%
20260127,10,陳人鳳,480,飛格寵物家族_PC,1408,CF-300X250_內文_飛格寵物家族,,,,62,0,0,0,62,0,62,0.00%,100.00%,0.00%,0.00%,0.00%
20260127,10,飛凡傳播股份有限公司,1921,非凡新聞台-exchange,14188,MW_300x250_內文上方_非凡新聞-exchange,antifroud,知名媒體,,18,0,0,0,18,0,18,0.00%,100.00%,0.00%,0.00%,0.00%
20260127,10,闇碼科技股份有限公司,3048,縮短網址產生器-reurl,14210,MW_文中創意300x250_縮短網址產生器-reurl,,知名媒體,,379,21,0,21,324,0,379,5.54%,85.49%,0.00%,0.00%,5.54%
20260127,10,巨思文化股份有限公司,3052,經理人_HB,14238,MW_文章結束第一塊_300x250_經理人-HB,,知名媒體,,18,2,0,2,10,0,18,11.11%,55.56%,0.00%,0.00%,11.11%
20260127,10,巨思文化股份有限公司,3052,經理人_HB,14241,MW_300x250_內文下方_經理人-HB,,知名媒體,,18,2,0,2,10,0,18,11.11%,55.56%,0.00%,0.00%,11.11%
20260127,10,巨思文化股份有限公司,3053,數位時代_HB,14242,CF_300x250_內文下方左側_數位時代-HB,,知名媒體,,32,0,0,0,31,0,32,0.00%,96.88%,0.00%,0.00%,0.00%
20260127,10,巨思文化股份有限公司,3053,數位時代_HB,14243,CF_300x250_內文下方右側_數位時代-HB,,知名媒體,,32,0,0,0,31,0,32,0.00%,96.88%,0.00%,0.00%,0.00%
20260127,10,巨思文化股份有限公司,3053,數位時代_HB,14244,MW_300x250_文中第四塊_數位時代-HB,,知名媒體,,6,0,0,0,5,0,6,0.00%,83.33%,0.00%,0.00%,0.00%
20260127,10,巨思文化股份有限公司,3053,數位時代_HB,14246,MW_300x250_文章結束第一塊_數位時代-HB,,知名媒體,,14,6,0,6,8,0,14,42.86%,57.14%,0.00%,0.00%,42.86%
20260127,10,富盈數據股份有限公司,3059,塔科女子,14258,CF_336x280_全網_塔科女子,,知名媒體,,131,28,0,28,104,0,131,21.37%,79.39%,0.00%,0.00%,21.37%
20260127,10,CBROOT LTD,3003,包子漫畫-exchange,14291,MW_300x250_蓋板(PB)_包子漫畫,,,,297,107,0,107,182,0,297,36.03%,61.28%,0.00%,0.00%,36.03%
20260127,10,朱光宁,3152,石頭小說-exchange,14472,MW_336x280_Banner_石頭小說,,,,"2,865",908,0,908,"2,318",0,2865,31.69%,80.91%,0.00%,0.00%,31.69%
20260127,10,朱光宁,3149,稷下書院-exchange,14748,MW_320x100_置底(PB)_稷下書院,,,,"21,112","7,122",0,"7,122","15,282",0,21112,33.73%,72.39%,0.00%,0.00%,33.73%
20260127,10,巨思文化股份有限公司,3053,數位時代_HB,14764,MW_置底創意_(非展開)_數位時代_HB,,知名媒體,,260,51,0,51,180,0,260,19.62%,69.23%,0.00%,0.00%,19.62%
20260127,10,中天電視股份有限公司,3282,中天新聞網-exchange,14980,CF_970x250_內頁_PC置頂橫幅-中天新聞網-exchange,,知名媒體,,24,0,0,0,23,0,24,0.00%,95.83%,0.00%,0.00%,0.00%
20260127,10,曾憲敏,3327,85小說網_創意,15227,MW-300X250_85小說網_隨身影音PB,,,,12,3,0,3,9,0,12,25.00%,75.00%,0.00%,0.00%,25.00%
20260127,10,曾憲敏,3327,85小說網_創意,15228,MW-創意-85小說網,,,,387,102,0,102,293,0,387,26.36%,75.71%,0.00%,0.00%,26.36%
20260127,10,和運租車股份有限公司,2878,abc好車網,15249,CF_300x250_搜尋頁右側_abc好車網,,知名媒體,,6,4,0,4,3,0,6,66.67%,50.00%,0.00%,0.00%,66.67%
20260127,10,千晶文化事業股份有限公司,3336,Beauty 美人圈,15254,MW_置底創意(非展開)_ Beauty 美人圈,,知名媒體,,"1,135",64,0,64,939,0,1135,5.64%,82.73%,0.00%,0.00%,5.64%
20260127,10,中天電視股份有限公司,3282,中天新聞網-exchange,15859,CF_336x280_內頁_PC右側互動看板B-中天新聞網-exchange,,知名媒體,,286,8,0,8,258,0,286,2.80%,90.21%,0.00%,0.00%,2.80%
20260127,10,CBROOT LTD,3352,西瓜卡通-exchange,15970,CF_160x600_影音內容_西瓜卡通-exchange,,,,114,0,0,0,114,0,114,0.00%,100.00%,0.00%,0.00%,0.00%
20260127,10,時報資訊股份有限公司,2817,旺得富,16908,CF_970x250_MiddleBanner_旺得富,,知名媒體,,6,0,0,0,6,0,6,0.00%,100.00%,0.00%,0.00%,0.00%
20260127,10,時報資訊股份有限公司,2817,旺得富,16911,CF_300x250_Billboard_2nd_旺得富,,知名媒體,,20,0,0,0,20,0,20,0.00%,100.00%,0.00%,0.00%,0.00%
20260127,10,朱光宁,3360,提莫書屋-exchange,16957,MW_336x280banner_提莫書屋_exchange,,,,"14,252","3,635",0,"3,635","11,148",0,14252,25.51%,78.22%,0.00%,0.00%,25.51%
20260127,10,朱光宁,3361,提莫書屋-mobile,16958,MW_置底創意_提莫書屋-mobile,,,,24,8,0,8,18,0,24,33.33%,75.00%,0.00%,0.00%,33.33%
20260127,10,朱光宁,3361,提莫書屋-mobile,16959,MW_320x480_文中創意_提莫書屋-mobile,,,,36,14,0,14,23,0,36,38.89%,63.89%,0.00%,0.00%,38.89%
20260127,10,欣發現股份有限公司,3365,Hami任務牆-mobile,16969,MW_置底創意_Hami任務牆,,知名媒體,,366,36,0,36,340,0,366,9.84%,92.90%,0.00%,0.00%,9.84%
20260127,10,欣發現股份有限公司,3364,女子學-mobile,16972,MW_置底創意_女子學,antifroud,,,595,4,0,4,592,0,595,0.67%,99.50%,0.00%,0.00%,0.67%
20260127,10,欣發現股份有限公司,3363,大人物-mobile,16973,MW_置底創意_大人物,,知名媒體,,174,38,0,38,143,0,174,21.84%,82.18%,0.00%,0.00%,21.84%
20260127,10,欣發現股份有限公司,3362,妞新聞-mobile,16974,MW_置底創意_妞新聞,,知名媒體,,6,0,0,0,5,0,6,0.00%,83.33%,0.00%,0.00%,0.00%
20260127,10,第一網站股份有限公司,2783,漫畫櫃manhuagui,17027,MW_320x480_蓋版_漫畫櫃manhuagui,,,,548,125,0,125,418,0,548,22.81%,76.28%,0.00%,0.00%,22.81%
20260127,10,艾得基客行銷顧問股份有限公司,3373,良醫健康網,17092,MW_置底創意_良醫健康網,,知名媒體,,140,23,0,23,98,0,140,16.43%,70.00%,0.00%,0.00%,16.43%
20260127,10,詠勝科技有限公司,3385,Mobile01_HB,17174,CF_970x250_超級橫幅_置底_Mobile01_HB,,知名媒體,,6,2,0,2,5,0,6,33.33%,83.33%,0.00%,0.00%,33.33%
20260127,10,詠勝科技有限公司,3385,Mobile01_HB,17175,CF_970x90_橫幅Banner_Mobile01_HB,,知名媒體,,"1,516",94,0,94,"1,464",0,1516,6.20%,96.57%,0.00%,0.00%,6.20%
20260127,10,詠勝科技有限公司,3385,Mobile01_HB,17176,CF_728x90_內頁橫幅Banner_7F_Mobile01_HB,,知名媒體,,48,2,0,2,46,0,48,4.17%,95.83%,0.00%,0.00%,4.17%
20260127,10,詠勝科技有限公司,3385,Mobile01_HB,17178,CF_300x250_頻道頁_大看板_Mobile01_HB,,知名媒體,,51,9,0,9,46,0,51,17.65%,90.20%,0.00%,0.00%,17.65%
20260127,10,詠勝科技有限公司,3385,Mobile01_HB,17179,CF_300x250_熱門大看板_Mobile01_HB,,知名媒體,,"1,823",106,0,106,"1,764",0,1823,5.81%,96.76%,0.00%,0.00%,5.81%
20260127,10,詠勝科技有限公司,3385,Mobile01_HB,17180,CF_300x250_置底看板左_Mobile01_HB,,知名媒體,,703,37,0,37,681,0,703,5.26%,96.87%,0.00%,0.00%,5.26%
20260127,10,詠勝科技有限公司,3385,Mobile01_HB,17181,CF_300x250_置底看板中_Mobile01_HB,,知名媒體,,692,33,0,33,673,0,692,4.77%,97.25%,0.00%,0.00%,4.77%
20260127,10,詠勝科技有限公司,3385,Mobile01_HB,17182,CF_300x250_置底看板右_Mobile01_HB,,知名媒體,,6,0,0,0,6,0,6,0.00%,100.00%,0.00%,0.00%,0.00%
20260127,10,詠勝科技有限公司,3385,Mobile01_HB,17183,CF_300x600_大摩天_Mobile01_HB,,知名媒體,,898,57,0,57,868,0,898,6.35%,96.66%,0.00%,0.00%,6.35%
20260127,10,詠勝科技有限公司,3385,Mobile01_HB,17195,CF_300x600_特殊大摩天_Mobile01_HB,,知名媒體,,12,0,0,0,12,0,12,0.00%,100.00%,0.00%,0.00%,0.00%
20260127,10,詠勝科技有限公司,3385,Mobile01_HB,17196,CF_160x600_門神_right_Mobile01_HB,,知名媒體,,293,14,0,14,286,0,293,4.78%,97.61%,0.00%,0.00%,4.78%
20260127,10,詠勝科技有限公司,3385,Mobile01_HB,17197,CF_160x600_門神_left_Mobile01_HB,,知名媒體,,293,14,0,14,286,0,293,4.78%,97.61%,0.00%,0.00%,4.78%
20260127,10,朱光宁,3268,稷下書院-mobile,17207,MW_320x480_蓋版_稷下書院-mobile,,,,"2,692",855,0,855,"1,901",0,2692,31.76%,70.62%,0.00%,0.00%,31.76%
20260127,10,李立娟,3395,vivi0視頻-exchange,17293,CF_336x280_Banner_vivi01視頻-exchange,antifroud,,,"38,118",161,0,161,"28,381",0,38118,0.42%,74.46%,0.00%,0.00%,0.42%
20260127,10,李立娟,3395,vivi0視頻-exchange,17294,MW_336x280_Banner_vivi01視頻-exchange,antifroud,,,"43,457",152,0,152,"32,491",0,43457,0.35%,74.77%,0.00%,0.00%,0.35%
20260127,10,李立娟,3395,vivi0視頻-exchange,17300,MW_320x100_置底(PB)_vivi01視頻-exchange,antifroud,,,"65,579",209,0,209,"48,916",0,65579,0.32%,74.59%,0.00%,0.00%,0.32%
20260127,10,李立娟,3397,趣聞圖說-exchange,17309,MW_336x280_文中Banner_趣聞圖說-exchange,,,,12,2,0,2,11,0,12,16.67%,91.67%,0.00%,0.00%,16.67%
20260127,10,曾憲敏,601,85小說網_PC,1773,CF-300x250_85小說網_內文1,,,,30,8,0,8,27,0,30,26.67%,90.00%,0.00%,0.00%,26.67%
20260127,10,李立娟,3396,趣聞圖說-Mobile,17923,MW_置底創意(展開)_趣聞圖說-Mobile,,,,12,0,0,0,11,0,12,0.00%,91.67%,0.00%,0.00%,0.00%
20260127,10,第一網站股份有限公司,2768,czbooks,17927,MW_置底創意_czbook,,,,"9,391","3,030",0,"3,030","6,724",0,9391,32.26%,71.60%,0.00%,0.00%,32.26%
20260127,10,時報資訊股份有限公司_工商時報,3427,工商時報-exchange,18003,CF_300x250_互動看板2_工商時報-exchange,,知名媒體,,61,2,0,2,59,0,61,3.28%,96.72%,0.00%,0.00%,3.28%
20260127,10,時報資訊股份有限公司_工商時報,3427,工商時報-exchange,18007,CF_336x280_文末右側看板_工商時報-exchange,,知名媒體,,68,2,0,2,67,0,68,2.94%,98.53%,0.00%,0.00%,2.94%
20260127,10,時報資訊股份有限公司_工商時報,3427,工商時報-exchange,18008,CF_336x280_文末左側看板_工商時報-exchange,,知名媒體,,50,4,0,4,48,0,50,8.00%,96.00%,0.00%,0.00%,8.00%
20260127,10,時報資訊股份有限公司_工商時報,3427,工商時報-exchange,18014,MW_300x250_文末Banner1_工商時報-exchange,,知名媒體,,132,47,0,47,88,0,132,35.61%,66.67%,0.00%,0.00%,35.61%
20260127,10,時報資訊股份有限公司_工商時報,3427,工商時報-exchange,18015,MW_300x250_文末Banner2_工商時報-exchange,,知名媒體,,244,72,0,72,183,0,244,29.51%,75.00%,0.00%,0.00%,29.51%
20260127,10,第一網站股份有限公司,3440,fsa_passback_first,18201,CF_336x280_fsa_passback_first,,,,"1,798",304,0,304,"1,651",0,1798,16.91%,91.82%,0.00%,0.00%,16.91%
20260127,10,第一網站股份有限公司,3440,fsa_passback_first,18202,CF_300x250_fsa_passback_first,,,,"2,937",242,0,242,"2,781",0,2937,8.24%,94.69%,0.00%,0.00%,8.24%
20260127,10,第一網站股份有限公司,3440,fsa_passback_first,18266,(子)CF_970x250_cfbanner_blog,,,子聯播網,917,0,0,0,917,0,917,0.00%,100.00%,0.00%,0.00%,0.00%
20260127,10,朱光宁,3268,稷下書院-mobile,18297,MW_置底創意(展開)_稷下書院-mobile,,,,250,72,0,72,183,0,250,28.80%,73.20%,0.00%,0.00%,28.80%
20260127,10,冰楓科技有限公司,3485,冰楓論壇-exchange,18487,CF_970x90_內文上方第一塊_冰楓論壇-exchange,,,,849,7,0,7,846,0,849,0.82%,99.65%,0.00%,0.00%,0.82%
20260127,10,冰楓科技有限公司,3485,冰楓論壇-exchange,18488,MW_320x100_內文上方第一塊_ 冰楓論壇-exchange,antifroud,,,73,13,0,13,66,0,73,17.81%,90.41%,0.00%,0.00%,17.81%
20260127,10,冰楓科技有限公司,3485,冰楓論壇-exchange,18492,MW_300x250_Banner_ 冰楓論壇-exchange,,,,354,0,0,0,351,0,354,0.00%,99.15%,0.00%,0.00%,0.00%
20260127,10,闇碼科技股份有限公司,3048,縮短網址產生器-reurl,18535,MW_蓋版_縮短網址產生器-reurl,,知名媒體,,12,4,0,4,7,0,12,33.33%,58.33%,0.00%,0.00%,33.33%
20260127,10,CBROOT LTD,3492,包子漫畫(特開流量)-exchange,18544,(子)CF_300x600_指定流量_包子漫畫(特開流量)-exchange,,,子聯播網,12,0,0,0,12,0,12,0.00%,100.00%,0.00%,0.00%,0.00%
20260127,10,CBROOT LTD,3492,包子漫畫(特開流量)-exchange,18557,CF_300x600_指定流量_包子漫畫(特開流量PB)-exchange,,,,175,0,0,0,175,0,175,0.00%,100.00%,0.00%,0.00%,0.00%
20260127,10,CBROOT LTD,3510,包子漫畫_twmanga-exchange,18732,MW_336x280_Banner_包子漫畫_twmanga,,,子聯播網,"15,610","6,856",0,"6,856","10,506",0,15610,43.92%,67.30%,0.00%,0.00%,43.92%
20260127,10,CBROOT LTD,3510,包子漫畫_twmanga-exchange,18737,CF_970x90_Banner_ 包子漫畫_twmanga-exchange,,,,334,28,0,28,321,0,334,8.38%,96.11%,0.00%,0.00%,8.38%
20260127,10,闇碼科技股份有限公司,2992,縮短網址產生器-reurl-exchange,18876,CF_首頁連結bar下方_縮短網址產生器-reurl-exchange,,知名媒體,,6,0,0,0,6,0,6,0.00%,100.00%,0.00%,0.00%,0.00%
20260127,10,闇碼科技股份有限公司,2992,縮短網址產生器-reurl-exchange,18877,MW_首頁連結bar下方_縮短網址產生器-reurl-exchange,,知名媒體,,6,0,0,0,6,0,6,0.00%,100.00%,0.00%,0.00%,0.00%
20260127,10,舒禾驊,3535,荷花動漫筆記,18887,CF_336x280_文章頁文中_荷花動漫筆記,,,,22,0,0,0,22,0,22,0.00%,100.00%,0.00%,0.00%,0.00%
20260127,10,台灣英文新聞股份有限公司,3537,台灣英文新聞(new)-exchange,18924,CF_300x250_內容頁_右側看版_1_台灣英文新聞(new)-exchange,,知名媒體,,67,6,0,6,58,0,67,8.96%,86.57%,0.00%,0.00%,8.96%
20260127,10,艾得基客行銷顧問股份有限公司,3373,良醫健康網,19011,MW_320x480_文中創意_良醫健康網,,知名媒體,,6,0,0,0,6,0,6,0.00%,100.00%,0.00%,0.00%,0.00%
20260127,10,聯合線上股份有限公司,3549,UDN元氣網,19018,CF_首頁文章推薦第三格300x250_UDN元氣網,,知名媒體,,18,0,0,0,18,0,18,0.00%,100.00%,0.00%,0.00%,0.00%
20260127,10,艾得基客行銷顧問股份有限公司,3490,太報,19043,MW_置底創意(展開)_太報,,知名媒體,,32,2,0,2,22,0,32,6.25%,68.75%,0.00%,0.00%,6.25%
20260127,10,艾得基客行銷顧問股份有限公司,3552,玩具人,19044,MW_320x480_文中創意_玩具人,,知名媒體,,18,2,0,2,14,0,18,11.11%,77.78%,0.00%,0.00%,11.11%
20260127,10,先驅媒體社會企業股份有限公司,3554,新頭殼(R18),19047,(子)CF_300x250Banner_newtalk.tw_content_300250_1_新頭殼(R18),,知名媒體,子聯播網,6,0,0,0,6,0,6,0.00%,100.00%,0.00%,0.00%,0.00%
20260127,10,第一網站股份有限公司,2783,漫畫櫃manhuagui,20685,MW_300X250_manhuagui,antifroud,,,"5,558","1,420",0,"1,420","4,199",0,5558,25.55%,75.55%,0.00%,0.00%,25.55%
20260127,10,德榕企業有限公司,3578,TW Bodhi_mobile,20707,MW_置底創意_TW Bodhi,,,,32,6,0,6,24,0,32,18.75%,75.00%,0.00%,0.00%,18.75%
20260127,10,德榕企業有限公司,3578,TW Bodhi_mobile,20708,MW_蓋板_TW Bodhi,,,,194,50,0,50,140,0,194,25.77%,72.16%,0.00%,0.00%,25.77%
20260127,10,德榕企業有限公司,3578,TW Bodhi_mobile,20719,MW_文中創意300x250_TW Bodhi,,,,6,2,0,2,5,0,6,33.33%,83.33%,0.00%,0.00%,33.33%
20260127,10,德榕企業有限公司,3581,忘憂書屋,20727,CF_336x280文章頁(RWD)_忘憂書屋,,,,84,22,0,22,62,0,84,26.19%,73.81%,0.00%,0.00%,26.19%
20260127,10,德榕企業有限公司,3582,忘憂書屋_mobile,20728,MW_文中創意300x250_忘憂書屋,,,,67,4,0,4,59,0,67,5.97%,88.06%,0.00%,0.00%,5.97%
20260127,10,德榕企業有限公司,3582,忘憂書屋_mobile,20729,MW_蓋板_忘憂書屋,,,,24,6,0,6,13,0,24,25.00%,54.17%,0.00%,0.00%,25.00%
20260127,10,德榕企業有限公司,3582,忘憂書屋_mobile,20730,MW_置底創意_忘憂書屋,,,,18,6,0,6,13,0,18,33.33%,72.22%,0.00%,0.00%,33.33%
20260127,10,第一網站股份有限公司,2916,KiKiNote,20731,CF_300x250_banner_kikinote (PB),,知名媒體,,213,0,0,0,213,0,213,0.00%,100.00%,0.00%,0.00%,0.00%
20260127,10,第一網站股份有限公司,2910,clickme,20735,(子)CF_300x250_banner_clickme(成人),,,子聯播網,"2,534",90,0,90,"2,471",0,2534,3.55%,97.51%,0.00%,0.00%,3.55%
20260127,10,艾得基客行銷顧問股份有限公司,3490,太報,21317,MW_蓋版_太報,,知名媒體,,68,2,0,2,54,0,68,2.94%,79.41%,0.00%,0.00%,2.94%
20260127,10,第一網站股份有限公司,2768,czbooks,21412,(子)CF_970x250_banner_czbooks(限時段)-PB,,,子聯播網,"2,013",261,0,261,"1,880",0,2013,12.97%,93.39%,0.00%,0.00%,12.97%
20260127,10,第一網站股份有限公司,3440,fsa_passback_first,21699,CF_336x280_fsa_passback_first,,,,"2,513",184,0,184,"2,454",0,2513,7.32%,97.65%,0.00%,0.00%,7.32%
20260127,10,富盈數據股份有限公司,3653,TVBS-女人我最大_HB,21760,MW_文章三_336x280_TVBS-女人我最大_HB,,知名媒體,,43,0,0,0,23,0,43,0.00%,53.49%,0.00%,0.00%,0.00%
20260127,10,富盈數據股份有限公司,3653,TVBS-女人我最大_HB,21761,MW_文章四_336x280_TVBS-女人我最大_HB,,知名媒體,,472,40,0,40,340,0,472,8.47%,72.03%,0.00%,0.00%,8.47%
20260127,10,富盈數據股份有限公司,3653,TVBS-女人我最大_HB,21762,MW_文章置底_320x100_TVBS-女人我最大_HB,,知名媒體,,179,12,0,12,110,0,179,6.70%,61.45%,0.00%,0.00%,6.70%
20260127,10,富盈數據股份有限公司,3653,TVBS-女人我最大_HB,21763,MW_文中創意320x480_TVBS-女人我最大_HB,,知名媒體,,605,39,0,39,396,0,605,6.45%,65.45%,0.00%,0.00%,6.45%
20260127,10,富盈數據股份有限公司,3654,TVBS-健康2.0_HB,21764,CF_文章右側300x600_TVBS-健康2.0_HB,,知名媒體,,12,0,0,0,12,0,12,0.00%,100.00%,0.00%,0.00%,0.00%
20260127,10,富盈數據股份有限公司,3654,TVBS-健康2.0_HB,21765,MW_文章三_336x280_TVBS-健康2.0_HB,,知名媒體,,169,43,0,43,117,0,169,25.44%,69.23%,0.00%,0.00%,25.44%
20260127,10,富盈數據股份有限公司,3654,TVBS-健康2.0_HB,21767,MW_文章置底_320x100_TVBS-健康2.0_HB,,知名媒體,,121,36,0,36,63,0,121,29.75%,52.07%,0.00%,0.00%,29.75%
20260127,10,富盈數據股份有限公司,3654,TVBS-健康2.0_HB,21768,MW_文中創意320x480_TVBS-健康2.0_HB,,知名媒體,,"3,689",493,0,493,"2,726",0,3689,13.36%,73.90%,0.00%,0.00%,13.36%
20260127,10,富盈數據股份有限公司,3655,TVBS-食尚玩家_HB,21770,MW_文章三_336x280_TVBS-食尚玩家_HB,,知名媒體,,"1,045",80,0,80,933,0,1045,7.66%,89.28%,0.00%,0.00%,7.66%
20260127,10,富盈數據股份有限公司,3655,TVBS-食尚玩家_HB,21771,MW_文章四_336x280_TVBS-食尚玩家_HB,,知名媒體,,42,4,0,4,39,0,42,9.52%,92.86%,0.00%,0.00%,9.52%
20260127,10,富盈數據股份有限公司,3655,TVBS-食尚玩家_HB,21773,MW_文中創意320x480_TVBS-食尚玩家_HB,,知名媒體,,62,10,0,10,44,0,62,16.13%,70.97%,0.00%,0.00%,16.13%
20260127,10,寶利拾股份有限公司,3652,愛料理_HB,21781,MW_置底創意(非展開)_愛料理_HB,,知名媒體,,6,4,0,4,4,0,6,66.67%,66.67%,0.00%,0.00%,66.67%
20260127,10,富盈數據股份有限公司,3654,TVBS-健康2.0_HB,21812,MW_文章一_336x280_TVBS-健康2.0_HB,,知名媒體,,687,96,0,96,522,0,687,13.97%,75.98%,0.00%,0.00%,13.97%
20260127,10,儂儂雜誌社股份有限公司(bella儂儂),2135,Bella儂儂_2024,21876,MW-300x250_文章標題上方1_Bella儂儂,,知名媒體,,136,16,0,16,105,0,136,11.76%,77.21%,0.00%,0.00%,11.76%
20260127,10,富盈數據股份有限公司,3680,TVBS-新聞網_HB,21898,CF_文章右側300x600_TVBS-新聞網_HB,,知名媒體,,50,0,0,0,49,0,50,0.00%,98.00%,0.00%,0.00%,0.00%
20260127,10,富盈數據股份有限公司,3680,TVBS-新聞網_HB,21899,MW_文章一_336x280_TVBS-新聞網_HB,,知名媒體,,"5,462",145,0,145,"3,610",0,5462,2.65%,66.09%,0.00%,0.00%,2.65%
20260127,10,富盈數據股份有限公司,3680,TVBS-新聞網_HB,21900,MW_文章三_336x280_TVBS-新聞網_HB,,知名媒體,,309,15,0,15,192,0,309,4.85%,62.14%,0.00%,0.00%,4.85%
20260127,10,富盈數據股份有限公司,3680,TVBS-新聞網_HB,21902,MW_文章置底_320x100_TVBS-新聞網_HB,,知名媒體,,"5,911",167,0,167,"3,908",0,5911,2.83%,66.11%,0.00%,0.00%,2.83%
20260127,10,富盈數據股份有限公司,3685,玩桌遊_mobile,21924,MW_置底創意(非展開)_玩桌遊-mobile,,,,78,38,0,38,52,0,78,48.72%,66.67%,0.00%,0.00%,48.72%
20260127,10,富盈數據股份有限公司,2615,熱血台中,21986,CF_336x280_全網_熱血台中,,,,74,2,0,2,60,0,74,2.70%,81.08%,0.00%,0.00%,2.70%
20260127,10,富盈數據股份有限公司,2615,熱血台中,21987,CF_336x280_全網_熱血台中,,,,76,2,0,2,57,0,76,2.63%,75.00%,0.00%,0.00%,2.63%
20260127,10,富盈數據股份有限公司,3703,繁體小說,22022,MW_置底創意(非展開)_繁體小說-mobile,,,,6,0,0,0,5,0,6,0.00%,83.33%,0.00%,0.00%,0.00%
20260127,10,富盈數據股份有限公司,3704,天天要聞,22030,CF_300 x 250 banner_天天要聞_cpc2,,,,"2,163",548,0,548,"1,672",0,2163,25.34%,77.30%,0.00%,0.00%,25.34%
20260127,10,富盈數據股份有限公司,3703,繁體小說,22031,CF_300 x 250 banner_繁體小說_cpc2,,,,375,104,0,104,278,0,375,27.73%,74.13%,0.00%,0.00%,27.73%
20260127,10,朱光宁,3708,石頭小說,22045,CF_336 x 280 banner_石頭小說_cpc1.67,antifroud,,,654,0,0,0,654,0,654,0.00%,100.00%,0.00%,0.00%,0.00%
20260127,10,冠妍動力科技有限公司,484,小老婆汽機車資訊網,22058,MW_文中創意320x480_小老婆汽機車資訊網-測試,,知名媒體,,6,2,0,2,4,0,6,33.33%,66.67%,0.00%,0.00%,33.33%
20260127,10,朱光宁,3718,稷下書院2,22093,CF_336 x 280 banner_稷下書院2_cpc1.67,antifroud,,,"1,285",0,0,0,"1,285",0,1285,0.00%,100.00%,0.00%,0.00%,0.00%
20260127,10,艾得基客行銷顧問股份有限公司,3719,遠見雜誌,22106,MW_蓋板_遠見_ESG遠見,,知名媒體,,26,0,0,0,19,0,26,0.00%,73.08%,0.00%,0.00%,0.00%
20260127,10,富盈數據股份有限公司,3680,TVBS-新聞網_HB,22131,CF_文中300x250_TVBS-新聞網_HB_1,,知名媒體,,12,0,0,0,12,0,12,0.00%,100.00%,0.00%,0.00%,0.00%
20260127,10,富盈數據股份有限公司,3680,TVBS-新聞網_HB,22132,CF_文中300x250_TVBS-新聞網_HB_2,,知名媒體,,152,4,0,4,142,0,152,2.63%,93.42%,0.00%,0.00%,2.63%
20260127,10,富盈數據股份有限公司,3680,TVBS-新聞網_HB,22133,CF_文中300x250_TVBS-新聞網_HB_3,,知名媒體,,314,5,0,5,292,0,314,1.59%,92.99%,0.00%,0.00%,1.59%
20260127,10,富盈數據股份有限公司,3730,Teepr 亮新聞 HB,22145,MW_336x280_文中創意_Teepr亮新聞 HB,,,,18,0,0,0,13,0,18,0.00%,72.22%,0.00%,0.00%,0.00%
20260127,10,冰楓科技有限公司,3485,冰楓論壇-exchange,22160,CF_300x250_Banner2_ 冰楓論壇-exchange,,,,6,0,0,0,6,0,6,0.00%,100.00%,0.00%,0.00%,0.00%
20260127,10,闇碼科技股份有限公司,3048,縮短網址產生器-reurl,22213,MW_蓋版_縮短網址產生器-reurl-2025.05(特殊供量),,知名媒體,,334,11,0,11,296,0,334,3.29%,88.62%,0.00%,0.00%,3.29%
20260127,10,艾得基客行銷顧問股份有限公司,3724,上報,22217,MW_置底創意(非展開)_上報,,知名媒體,,206,22,0,22,161,0,206,10.68%,78.16%,0.00%,0.00%,10.68%
20260127,10,艾得基客行銷顧問股份有限公司,3724,上報,22218,MW_置底(展開)_上報,,知名媒體,,70,6,0,6,55,0,70,8.57%,78.57%,0.00%,0.00%,8.57%
20260127,10,艾得基客行銷顧問股份有限公司,2689,Basketball Top5,22219,MW_置底(展開)_Basketball TOP5,,,,426,4,0,4,259,0,426,0.94%,60.80%,0.00%,0.00%,0.94%
20260127,10,欣發現股份有限公司,3363,大人物-mobile,22222,MW_蓋板_大人物,,知名媒體,,218,29,0,29,195,0,218,13.30%,89.45%,0.00%,0.00%,13.30%
20260127,10,朱光宁,3741,石頭小說3,22396,MW_置底_石頭小說3,,,,126,36,0,36,96,0,126,28.57%,76.19%,0.00%,0.00%,28.57%
20260127,10,朱光宁,3741,石頭小說3,22398,CF_336 x 280 banner_石頭小說3_cpc1.67,,,,"4,620",950,0,950,"3,832",0,4620,20.56%,82.94%,0.00%,0.00%,20.56%
20260127,10,朱光宁,3741,石頭小說3,22399,CF_320 x 480 橫幅_石頭小說3,,,,24,4,0,4,19,0,24,16.67%,79.17%,0.00%,0.00%,16.67%
20260127,10,闇碼科技股份有限公司,3068,限時圖片-imgus,22406,MW_置底_imgus,antifroud,,,43,0,0,0,31,0,43,0.00%,72.09%,0.00%,0.00%,0.00%
20260127,10,第一網站股份有限公司,2783,漫畫櫃manhuagui,22443,MW_置底_manhuagui,antifroud,,,"7,763","2,035",0,"2,035","5,800",0,7763,26.21%,74.71%,0.00%,0.00%,26.21%
20260127,10,艾得基客行銷顧問股份有限公司,3490,太報,22495,MW_300x250 BANNER_太報_CPM5,,知名媒體,子聯播網,18,4,0,4,13,0,18,22.22%,72.22%,0.00%,0.00%,22.22%
20260127,10,艾得基客行銷顧問股份有限公司,2689,Basketball Top5,22498,MW_300x250 Banner_Basketball TOP5_CPM5,,,子聯播網,812,7,0,7,488,0,812,0.86%,60.10%,0.00%,0.00%,0.86%
20260127,10,艾得基客行銷顧問股份有限公司,2578,鉅亨網,22507,MW_300x250_鉅亨網_直播用BN-1,,知名媒體,子聯播網,744,70,0,70,576,0,744,9.41%,77.42%,0.00%,0.00%,9.41%
20260127,10,艾得基客行銷顧問股份有限公司,3752,ＭoneyDJ,22514,MW_文中創意320x480_MoneyDJ,antifroud,知名媒體,,26,6,0,6,20,0,26,23.08%,76.92%,0.00%,0.00%,23.08%
20260127,10,艾得基客行銷顧問股份有限公司,3752,ＭoneyDJ,22515,MW_300x250 BANNER_MoneyDJ,antifroud,知名媒體,,20,2,0,2,13,0,20,10.00%,65.00%,0.00%,0.00%,10.00%
20260127,10,艾得基客行銷顧問股份有限公司,3373,良醫健康網,22732,MW_300x250_良醫健康網,,知名媒體,,6,2,0,2,4,0,6,33.33%,66.67%,0.00%,0.00%,33.33%
20260127,10,李承翰-webptt,718,Web批踢踢(RWD),2284,MW-蓋板_文中_Web批踢踢,antifroud,,,14,4,0,4,10,0,14,28.57%,71.43%,0.00%,0.00%,28.57%
20260127,10,英屬蓋曼群島商家庭傳媒股份有限公司城邦分公司,701,T客邦_Mobile,2647,MW_置底創意(展開)_T客邦,,知名媒體,,6,0,0,0,4,0,6,0.00%,66.67%,0.00%,0.00%,0.00%
20260127,10,麥智維,999,動漫戲說,3543,CF-728*90-內文上方-動漫戲說,antifroud,,,198,6,0,6,195,0,198,3.03%,98.48%,0.00%,0.00%,3.03%
20260127,10,肖偉彬,1287,紅櫻桃小說書庫,4678,CF-內文上方-300*250-紅櫻桃小說書庫,,,,36,22,0,22,25,0,36,61.11%,69.44%,0.00%,0.00%,61.11%
20260127,10,肖偉彬,1287,紅櫻桃小說書庫,4717,MW_文中創意300x250_紅櫻桃小說書庫,,,,24,4,0,4,20,0,24,16.67%,83.33%,0.00%,0.00%,16.67%
20260127,10,技達創意資訊有限公司,1299,泰好網,4733,CF-300*250-內文下方-泰好網,,,,24,0,0,0,24,0,24,0.00%,100.00%,0.00%,0.00%,0.00%
20260127,10,技達創意資訊有限公司,1299,泰好網,4734,MW-320*100-首頁、內文上方-泰好網,,,,6,0,0,0,6,0,6,0.00%,100.00%,0.00%,0.00%,0.00%
20260127,10,肖偉彬,1347,雲台書屋,4923,CF-上方通欄-300*250-雲台書屋,,,,18,14,0,14,9,0,18,77.78%,50.00%,0.00%,0.00%,77.78%
20260127,10,陈晋福,1367,電視超人,4997,CF-300X250-電視超人,,,,52,0,0,0,52,0,52,0.00%,100.00%,0.00%,0.00%,0.00%
20260127,10,麥智維,999,動漫戲說,6069,CF-300*250-首頁-動漫戲說,,,,53,15,0,15,40,0,53,28.30%,75.47%,0.00%,0.00%,28.30%
20260127,10,莊博凱,1676,夢遊電玩-exchange,6310,CF-160*600-網頁右側-夢遊電玩-exchange,,,,18,0,0,0,18,0,18,0.00%,100.00%,0.00%,0.00%,0.00%
20260127,10,精鏡傳媒股份有限公司,1060,鏡週刊,8250,MW_置底創意(非展開)_鏡週刊,,知名媒體,,12,4,0,4,9,0,12,33.33%,75.00%,0.00%,0.00%,33.33%
20260127,10,臺灣電視事業股份有限公司,52,台視,8313,PC-300x250_內文第一塊_台視財經,,知名媒體,,19,0,0,0,18,0,19,0.00%,94.74%,0.00%,0.00%,0.00%
20260127,10,布林遊國際有限公司,1692,Bring You,8393,CF-300X250-上方通欄右側_BringYou,,知名媒體,,6,0,0,0,6,0,6,0.00%,100.00%,0.00%,0.00%,0.00%
20260127,10,巧克科技新媒體股份有限公司,2127,LINE TV_Banner-exchange,8576,CF_336x280_戲劇-右側好康資訊下方_LINE TV-exchange,,知名媒體,,24,2,0,2,23,0,24,8.33%,95.83%,0.00%,0.00%,8.33%
20260127,10,巧克科技新媒體股份有限公司,2127,LINE TV_Banner-exchange,8577,CF_336x280_戲劇-右側好康資訊上方_LINE TV-exchange,,知名媒體,,82,0,0,0,82,0,82,0.00%,100.00%,0.00%,0.00%,0.00%
20260127,10,鳳梨傳媒股份有限公司,2190,民視新聞網-Exchange,8862,CF_970X90_分類新聞內頁上方_民視新聞(MCM),,知名媒體,,12,2,0,2,12,0,12,16.67%,100.00%,0.00%,0.00%,16.67%
20260127,10,冰楓科技有限公司,1711,冰楓短網址,9308,ＭＷ-300X250-跳轉頁下方-冰楓短網址,,,,6,0,0,0,6,0,6,0.00%,100.00%,0.00%,0.00%,0.00%
20260127,10,蔡瑞文,300,樂透彩幸運發財網,9470,MW-置底-樂透幸運發財網,antifroud,知名媒體,,10,0,0,0,5,0,10,0.00%,50.00%,0.00%,0.00%,0.00%
20260127,10,英屬維京群島商浩美數位有限公司台灣分公司,2275,TEEPR亮新聞-mobile,9804,MW_蓋版_TEEPR亮新聞-mobile,,,,6,0,0,0,6,0,6,0.00%,100.00%,0.00%,0.00%,0.00%
20260127,10,時報資訊股份有限公司,2335,中時電子報_2019,9887,MW-置底創意(非展開)中時電子報_2019,,知名媒體,,656,100,0,100,508,0,656,15.24%,77.44%,0.00%,0.00%,15.24%
20260127,11,英屬維京群島商浩美數位有限公司台灣分公司,2315,Teepr亮新聞-exchange,10012,CF_336x280Banner_Teepr亮新聞-exchange,,知名媒體,,577,6,0,6,422,0,577,1.04%,73.14%,0.00%,0.00%,1.04%
20260127,11,昱得資訊工作室,2528,數位書香,11080,CF_728x90_首頁上方_數位書香,antifroud,,,6,0,0,0,6,0,6,0.00%,100.00%,0.00%,0.00%,0.00%
20260127,11,昱得資訊工作室,2528,數位書香,11081,CF_160x600_首頁右側_數位書香,antifroud,,,164,0,0,0,164,0,164,0.00%,100.00%,0.00%,0.00%,0.00%
20260127,11,第一網站股份有限公司,2518,麻辣家族討論區(twbts),11082,CF-728X90-twbts,antifroud,,,"1,311",0,0,0,"1,311",0,1311,0.00%,100.00%,0.00%,0.00%,0.00%
20260127,11,第一網站股份有限公司,2540,risu短網址,11260,MW-300X250-MB_page_left-risu,,知名媒體,,"6,063",110,0,110,"4,227",0,6063,1.81%,69.72%,0.00%,0.00%,1.81%
20260127,11,第一網站股份有限公司,2492,ttshow,11273,MW-300X250-ttshow,,知名媒體,,12,0,0,0,9,0,12,0.00%,75.00%,0.00%,0.00%,0.00%
20260127,11,第一網站股份有限公司,2601,Meme梗圖倉庫,11443,CF-336X280-meme,,,,"2,166",258,0,258,"2,004",0,2166,11.91%,92.52%,0.00%,0.00%,11.91%
20260127,11,第一網站股份有限公司,2540,risu短網址,11978,MW_變形蓋版_risu短網址,,知名媒體,,80,2,0,2,49,0,80,2.50%,61.25%,0.00%,0.00%,2.50%
20260127,11,第一網站股份有限公司,2540,risu短網址,11979,MW_置底創意_risu短網址(IOS),,知名媒體,,24,0,0,0,12,0,24,0.00%,50.00%,0.00%,0.00%,0.00%
20260127,11,第一網站股份有限公司,2540,risu短網址,12009,MW_置底創意_risu短網址(Android),,知名媒體,,12,0,0,0,12,0,12,0.00%,100.00%,0.00%,0.00%,0.00%
20260127,11,艾得基客行銷顧問股份有限公司,2578,鉅亨網,12070,MW_320x480_文中創意_鉅亨網,,知名媒體,,"10,110",611,0,611,"7,944",0,10110,6.04%,78.58%,0.00%,0.00%,6.04%
20260127,11,葉志斌,2745,繁中寶可夢卡表生成器-奶爸工作室-exchange,12210,CF_728x90__文末__繁中寶可夢卡表生成器,,,,12,4,0,4,10,0,12,33.33%,83.33%,0.00%,0.00%,33.33%
20260127,11,第一網站股份有限公司,2540,risu短網址,12496,CF_300x250_popup(直播) _risu短網址,antifroud,知名媒體,,82,0,0,0,82,0,82,0.00%,100.00%,0.00%,0.00%,0.00%
20260127,11,時報資訊股份有限公司,2770,中時電子報_HB,12559,CF_300x250_右側互動看版_中時電子報_HB,,知名媒體,,"1,454",103,0,103,"1,382",0,1454,7.08%,95.05%,0.00%,0.00%,7.08%
20260127,11,時報資訊股份有限公司,2770,中時電子報_HB,12560,CF_336x280_文中看板_中時電子報_HB,,知名媒體,,"1,411",109,0,109,"1,338",0,1411,7.73%,94.83%,0.00%,0.00%,7.73%
20260127,11,時報資訊股份有限公司,2770,中時電子報_HB,12561,MW_300x250_內頁TOP Banner_中時電子報_HB,antifroud,知名媒體,,"17,464","1,874",0,"1,874","13,320",0,17464,10.73%,76.27%,0.00%,0.00%,10.73%
20260127,11,第一網站股份有限公司,2768,czbooks,12570,CF_728x90_banner_czbooks,,,,"5,206",491,0,491,"4,878",0,5206,9.43%,93.70%,0.00%,0.00%,9.43%
20260127,11,第一網站股份有限公司,2768,czbooks,12571,CF-300x600_Banner_czbooks,,,,240,2,0,2,121,0,240,0.83%,50.42%,0.00%,0.00%,0.83%
20260127,11,鳳梨傳媒股份有限公司,2190,民視新聞網-Exchange,12579,CF_300x250_右側第一塊_民視新聞網-Exchange(RWD)(MCM),,知名媒體,,"1,287",86,0,86,"1,003",0,1287,6.68%,77.93%,0.00%,0.00%,6.68%
20260127,11,鳳梨傳媒股份有限公司,2190,民視新聞網-Exchange,12580,CF_300x250_內文文中左側_民視新聞網-Exchange(RWD)(MCM),,知名媒體,,"1,552",108,0,108,"1,253",0,1552,6.96%,80.73%,0.00%,0.00%,6.96%
20260127,11,第一網站股份有限公司,2783,漫畫櫃manhuagui,12676,CF_728X90_manhuagui,antifroud,,,"50,541","6,571",0,"6,571","46,031",0,50541,13.00%,91.08%,0.00%,0.00%,13.00%
20260127,11,艾得基客行銷顧問股份有限公司,2635,工商時報,12761,MW_320x480_文中創意_工商時報new,,知名媒體,,48,0,0,0,37,0,48,0.00%,77.08%,0.00%,0.00%,0.00%
20260127,11,第一網站股份有限公司,2801,damanwoo,12868,CF-300x250_Banner_damanwoo_大人物,,,,86,0,0,0,86,0,86,0.00%,100.00%,0.00%,0.00%,0.00%
20260127,11,第一網站股份有限公司,2820,星座好朋友(horofriend88),12966,MW_320x100_horofriend88,antifroud,,,62,0,0,0,45,0,62,0.00%,72.58%,0.00%,0.00%,0.00%
20260127,11,時報資訊股份有限公司,2335,中時電子報_2019,12974,MW-置底創意(展開)-中時電子報_2019,antifroud,知名媒體,,217,34,0,34,161,0,217,15.67%,74.19%,0.00%,0.00%,15.67%
20260127,11,第一網站股份有限公司,2838,mycard,13041,MW_320x480_加倍mycard,,,,12,0,0,0,12,0,12,0.00%,100.00%,0.00%,0.00%,0.00%
20260127,11,和運租車股份有限公司,2878,abc好車網,13368,CF_970x90_物件頁下方_abc好車網,,知名媒體,,6,2,0,2,5,0,6,33.33%,83.33%,0.00%,0.00%,33.33%
20260127,11,曾憲敏,202,85小說網,13445,MW_336X280_全量1_85小說網,,,,292,82,0,82,224,0,292,28.08%,76.71%,0.00%,0.00%,28.08%
20260127,11,曾憲敏,202,85小說網,13446,MW_336X280_全量2_85小說網,,,,"2,561",722,0,722,"1,941",0,2561,28.19%,75.79%,0.00%,0.00%,28.19%
20260127,11,第一網站股份有限公司,2768,czbooks,13481,MW_300x250_banner_czbooks,antifroud,,子聯播網,"111,507","27,683",0,"27,683","85,738",0,111507,24.83%,76.89%,0.00%,0.00%,24.83%
20260127,11,第一網站股份有限公司,2768,czbooks,13482,(子)CF_300x600_banner_czbooks(限時段),,,子聯播網,431,0,0,0,431,0,431,0.00%,100.00%,0.00%,0.00%,0.00%
20260127,11,第一網站股份有限公司,2768,czbooks,13483,(子)CF_970x250_banner_czbooks(限時段),,,子聯播網,565,0,0,0,565,0,565,0.00%,100.00%,0.00%,0.00%,0.00%
20260127,11,第一網站股份有限公司,2910,clickme,13548,(子)CF_300x250_banner_clickme(一般),,,子聯播網,"1,014",51,0,51,998,0,1014,5.03%,98.42%,0.00%,0.00%,5.03%
20260127,11,第一網站股份有限公司,2910,clickme,13549,CF_300x250_banner_clickme(一般),,,,622,121,0,121,468,0,622,19.45%,75.24%,0.00%,0.00%,19.45%
20260127,11,第一網站股份有限公司,2916,KiKiNote,13576,(子)CF_300x250_banner_kikinote,,知名媒體,子聯播網,"2,471",109,0,109,"2,372",0,2471,4.41%,95.99%,0.00%,0.00%,4.41%
20260127,11,闇碼科技股份有限公司,2992,縮短網址產生器-reurl-exchange,13848,CF_300x250_轉址失敗_最右邊_reurl,,知名媒體,,18,2,0,2,17,0,18,11.11%,94.44%,0.00%,0.00%,11.11%
20260127,11,闇碼科技股份有限公司,2992,縮短網址產生器-reurl-exchange,13856,CF_300x250_轉址失敗頁第二塊_reurl,,知名媒體,,24,2,0,2,23,0,24,8.33%,95.83%,0.00%,0.00%,8.33%
20260127,11,闇碼科技股份有限公司,2992,縮短網址產生器-reurl-exchange,13860,CF_300x250_網址下方右側_reurl,,知名媒體,,6,0,0,0,4,0,6,0.00%,66.67%,0.00%,0.00%,0.00%
20260127,11,闇碼科技股份有限公司,2992,縮短網址產生器-reurl-exchange,13861,CF_300x250_網址下方右側(PB)_reurl,,知名媒體,,6,2,0,2,3,0,6,33.33%,50.00%,0.00%,0.00%,33.33%
20260127,11,第一網站股份有限公司,2768,czbooks,13903,(子)CF_300x250_banner_czbooks(直播),antifroud,,子聯播網,"14,867",0,0,0,"14,867",0,14867,0.00%,100.00%,0.00%,0.00%,0.00%
20260127,11,第一網站股份有限公司,2768,czbooks,14036,MW_320x480_CZBOOKS,antifroud,,,118,22,0,22,104,0,118,18.64%,88.14%,0.00%,0.00%,18.64%
20260127,11,陳人鳳,480,飛格寵物家族_PC,1407,CF-728X90_上方通欄_飛格寵物家族,,,,24,0,0,0,22,0,24,0.00%,91.67%,0.00%,0.00%,0.00%
20260127,11,陳人鳳,480,飛格寵物家族_PC,1408,CF-300X250_內文_飛格寵物家族,,,,88,0,0,0,88,0,88,0.00%,100.00%,0.00%,0.00%,0.00%
20260127,11,飛凡傳播股份有限公司,1921,非凡新聞台-exchange,14188,MW_300x250_內文上方_非凡新聞-exchange,antifroud,知名媒體,,6,0,0,0,4,0,6,0.00%,66.67%,0.00%,0.00%,0.00%
20260127,11,闇碼科技股份有限公司,3048,縮短網址產生器-reurl,14210,MW_文中創意300x250_縮短網址產生器-reurl,,知名媒體,,270,20,0,20,234,0,270,7.41%,86.67%,0.00%,0.00%,7.41%
20260127,11,巨思文化股份有限公司,3052,經理人_HB,14238,MW_文章結束第一塊_300x250_經理人-HB,,知名媒體,,20,2,0,2,15,0,20,10.00%,75.00%,0.00%,0.00%,10.00%
20260127,11,巨思文化股份有限公司,3052,經理人_HB,14241,MW_300x250_內文下方_經理人-HB,,知名媒體,,14,0,0,0,10,0,14,0.00%,71.43%,0.00%,0.00%,0.00%
20260127,11,巨思文化股份有限公司,3053,數位時代_HB,14246,MW_300x250_文章結束第一塊_數位時代-HB,,知名媒體,,14,2,0,2,9,0,14,14.29%,64.29%,0.00%,0.00%,14.29%
20260127,11,富盈數據股份有限公司,3059,塔科女子,14258,CF_336x280_全網_塔科女子,,知名媒體,,148,69,0,69,99,0,148,46.62%,66.89%,0.00%,0.00%,46.62%
20260127,11,CBROOT LTD,3003,包子漫畫-exchange,14291,MW_300x250_蓋板(PB)_包子漫畫,,,,332,163,0,163,212,0,332,49.10%,63.86%,0.00%,0.00%,49.10%
20260127,11,朱光宁,3152,石頭小說-exchange,14472,MW_336x280_Banner_石頭小說,,,,"6,350","1,852",0,"1,852","5,167",0,6350,29.17%,81.37%,0.00%,0.00%,29.17%
20260127,11,朱光宁,3268,稷下書院-mobile,14737,MW_置底創意(非展開)_稷下書院-mobile,,,,18,10,0,10,12,0,18,55.56%,66.67%,0.00%,0.00%,55.56%
20260127,11,朱光宁,3149,稷下書院-exchange,14748,MW_320x100_置底(PB)_稷下書院,,,,"21,415","7,401",0,"7,401","15,622",0,21415,34.56%,72.95%,0.00%,0.00%,34.56%
20260127,11,巨思文化股份有限公司,3053,數位時代_HB,14764,MW_置底創意_(非展開)_數位時代_HB,,知名媒體,,184,38,0,38,138,0,184,20.65%,75.00%,0.00%,0.00%,20.65%
20260127,11,中天電視股份有限公司,3282,中天新聞網-exchange,14980,CF_970x250_內頁_PC置頂橫幅-中天新聞網-exchange,,知名媒體,,122,0,0,0,119,0,122,0.00%,97.54%,0.00%,0.00%,0.00%
20260127,11,曾憲敏,3327,85小說網_創意,15227,MW-300X250_85小說網_隨身影音PB,,,,18,8,0,8,12,0,18,44.44%,66.67%,0.00%,0.00%,44.44%
20260127,11,曾憲敏,3327,85小說網_創意,15228,MW-創意-85小說網,,,,196,44,0,44,142,0,196,22.45%,72.45%,0.00%,0.00%,22.45%
20260127,11,千晶文化事業股份有限公司,3336,Beauty 美人圈,15254,MW_置底創意(非展開)_ Beauty 美人圈,,知名媒體,,"1,387",65,0,65,"1,140",0,1387,4.69%,82.19%,0.00%,0.00%,4.69%
20260127,11,中天電視股份有限公司,3282,中天新聞網-exchange,15859,CF_336x280_內頁_PC右側互動看板B-中天新聞網-exchange,,知名媒體,,594,2,0,2,550,0,594,0.34%,92.59%,0.00%,0.00%,0.34%
20260127,11,布林遊國際有限公司,2620,Bring You-exchange,15951,CF_300x600_右側通欄_BringYou-exchange,,知名媒體,,6,0,0,0,6,0,6,0.00%,100.00%,0.00%,0.00%,0.00%
20260127,11,CBROOT LTD,3352,西瓜卡通-exchange,15969,CF_728x90_影音內容_西瓜卡通-exchange,,,,6,0,0,0,6,0,6,0.00%,100.00%,0.00%,0.00%,0.00%
20260127,11,CBROOT LTD,3352,西瓜卡通-exchange,15970,CF_160x600_影音內容_西瓜卡通-exchange,,,,26,0,0,0,26,0,26,0.00%,100.00%,0.00%,0.00%,0.00%
20260127,11,時報資訊股份有限公司,2817,旺得富,16908,CF_970x250_MiddleBanner_旺得富,,知名媒體,,6,0,0,0,6,0,6,0.00%,100.00%,0.00%,0.00%,0.00%
20260127,11,時報資訊股份有限公司,2817,旺得富,16911,CF_300x250_Billboard_2nd_旺得富,,知名媒體,,12,0,0,0,11,0,12,0.00%,91.67%,0.00%,0.00%,0.00%
20260127,11,葉志斌,2745,繁中寶可夢卡表生成器-奶爸工作室-exchange,16950,CF_160x600_Banner_繁中寶可夢卡表生成器-奶爸工作室-exchange,,,,12,4,0,4,10,0,12,33.33%,83.33%,0.00%,0.00%,33.33%
20260127,11,朱光宁,3360,提莫書屋-exchange,16957,MW_336x280banner_提莫書屋_exchange,,,,"17,057","4,483",0,"4,483","12,978",0,17057,26.28%,76.09%,0.00%,0.00%,26.28%
20260127,11,朱光宁,3361,提莫書屋-mobile,16958,MW_置底創意_提莫書屋-mobile,,,,66,20,0,20,48,0,66,30.30%,72.73%,0.00%,0.00%,30.30%
20260127,11,朱光宁,3361,提莫書屋-mobile,16959,MW_320x480_文中創意_提莫書屋-mobile,,,,62,18,0,18,45,0,62,29.03%,72.58%,0.00%,0.00%,29.03%
20260127,11,欣發現股份有限公司,3365,Hami任務牆-mobile,16969,MW_置底創意_Hami任務牆,,知名媒體,,121,11,0,11,109,0,121,9.09%,90.08%,0.00%,0.00%,9.09%
20260127,11,欣發現股份有限公司,3364,女子學-mobile,16972,MW_置底創意_女子學,antifroud,,,270,6,0,6,268,0,270,2.22%,99.26%,0.00%,0.00%,2.22%
20260127,11,欣發現股份有限公司,3363,大人物-mobile,16973,MW_置底創意_大人物,,知名媒體,,26,7,0,7,21,0,26,26.92%,80.77%,0.00%,0.00%,26.92%
20260127,11,欣發現股份有限公司,3362,妞新聞-mobile,16974,MW_置底創意_妞新聞,,知名媒體,,6,0,0,0,3,0,6,0.00%,50.00%,0.00%,0.00%,0.00%
20260127,11,朱光宁,3149,稷下書院-exchange,17003,(子)CF_336x280_Banner(指定流量)_稷下書院-exchange,,,子聯播網,6,0,0,0,6,0,6,0.00%,100.00%,0.00%,0.00%,0.00%
20260127,11,第一網站股份有限公司,2783,漫畫櫃manhuagui,17027,MW_320x480_蓋版_漫畫櫃manhuagui,,,,852,165,0,165,657,0,852,19.37%,77.11%,0.00%,0.00%,19.37%
20260127,11,艾得基客行銷顧問股份有限公司,3373,良醫健康網,17092,MW_置底創意_良醫健康網,,知名媒體,,129,44,0,44,93,0,129,34.11%,72.09%,0.00%,0.00%,34.11%
20260127,11,詠勝科技有限公司,3385,Mobile01_HB,17174,CF_970x250_超級橫幅_置底_Mobile01_HB,,知名媒體,,6,0,0,0,6,0,6,0.00%,100.00%,0.00%,0.00%,0.00%
20260127,11,詠勝科技有限公司,3385,Mobile01_HB,17175,CF_970x90_橫幅Banner_Mobile01_HB,,知名媒體,,"1,863",57,0,57,"1,832",0,1863,3.06%,98.34%,0.00%,0.00%,3.06%
20260127,11,詠勝科技有限公司,3385,Mobile01_HB,17176,CF_728x90_內頁橫幅Banner_7F_Mobile01_HB,,知名媒體,,158,4,0,4,155,0,158,2.53%,98.10%,0.00%,0.00%,2.53%
20260127,11,詠勝科技有限公司,3385,Mobile01_HB,17178,CF_300x250_頻道頁_大看板_Mobile01_HB,,知名媒體,,12,0,0,0,11,0,12,0.00%,91.67%,0.00%,0.00%,0.00%
20260127,11,詠勝科技有限公司,3385,Mobile01_HB,17179,CF_300x250_熱門大看板_Mobile01_HB,,知名媒體,,674,30,0,30,658,0,674,4.45%,97.63%,0.00%,0.00%,4.45%
20260127,11,詠勝科技有限公司,3385,Mobile01_HB,17180,CF_300x250_置底看板左_Mobile01_HB,,知名媒體,,325,12,0,12,319,0,325,3.69%,98.15%,0.00%,0.00%,3.69%
20260127,11,詠勝科技有限公司,3385,Mobile01_HB,17181,CF_300x250_置底看板中_Mobile01_HB,,知名媒體,,312,6,0,6,309,0,312,1.92%,99.04%,0.00%,0.00%,1.92%
20260127,11,詠勝科技有限公司,3385,Mobile01_HB,17182,CF_300x250_置底看板右_Mobile01_HB,,知名媒體,,6,0,0,0,6,0,6,0.00%,100.00%,0.00%,0.00%,0.00%
20260127,11,詠勝科技有限公司,3385,Mobile01_HB,17183,CF_300x600_大摩天_Mobile01_HB,,知名媒體,,245,15,0,15,238,0,245,6.12%,97.14%,0.00%,0.00%,6.12%
20260127,11,朱光宁,3268,稷下書院-mobile,17207,MW_320x480_蓋版_稷下書院-mobile,,,,"1,889",545,0,545,"1,341",0,1889,28.85%,70.99%,0.00%,0.00%,28.85%
20260127,11,李立娟,3395,vivi0視頻-exchange,17293,CF_336x280_Banner_vivi01視頻-exchange,antifroud,,,"47,505",166,0,166,"34,867",0,47505,0.35%,73.40%,0.00%,0.00%,0.35%
20260127,11,李立娟,3395,vivi0視頻-exchange,17294,MW_336x280_Banner_vivi01視頻-exchange,antifroud,,,"45,301",120,0,120,"33,352",0,45301,0.26%,73.62%,0.00%,0.00%,0.26%
20260127,11,李立娟,3395,vivi0視頻-exchange,17299,MW_300x250_蓋板(PB)-vivi01視頻-exchange,,,,14,0,0,0,13,0,14,0.00%,92.86%,0.00%,0.00%,0.00%
20260127,11,李立娟,3395,vivi0視頻-exchange,17300,MW_320x100_置底(PB)_vivi01視頻-exchange,antifroud,,,"69,399",222,0,222,"51,021",0,69399,0.32%,73.52%,0.00%,0.00%,0.32%
20260127,11,李立娟,3397,趣聞圖說-exchange,17309,MW_336x280_文中Banner_趣聞圖說-exchange,,,,26,0,0,0,26,0,26,0.00%,100.00%,0.00%,0.00%,0.00%
20260127,11,曾憲敏,601,85小說網_PC,1773,CF-300x250_85小說網_內文1,,,,260,46,0,46,234,0,260,17.69%,90.00%,0.00%,0.00%,17.69%
20260127,11,李立娟,3396,趣聞圖說-Mobile,17923,MW_置底創意(展開)_趣聞圖說-Mobile,,,,64,0,0,0,51,0,64,0.00%,79.69%,0.00%,0.00%,0.00%
20260127,11,第一網站股份有限公司,2768,czbooks,17927,MW_置底創意_czbook,,,,"7,021","2,391",0,"2,391","4,993",0,7021,34.05%,71.12%,0.00%,0.00%,34.05%
20260127,11,時報資訊股份有限公司_工商時報,3427,工商時報-exchange,18003,CF_300x250_互動看板2_工商時報-exchange,,知名媒體,,18,0,0,0,18,0,18,0.00%,100.00%,0.00%,0.00%,0.00%
20260127,11,時報資訊股份有限公司_工商時報,3427,工商時報-exchange,18007,CF_336x280_文末右側看板_工商時報-exchange,,知名媒體,,80,2,0,2,79,0,80,2.50%,98.75%,0.00%,0.00%,2.50%
20260127,11,時報資訊股份有限公司_工商時報,3427,工商時報-exchange,18008,CF_336x280_文末左側看板_工商時報-exchange,,知名媒體,,32,0,0,0,31,0,32,0.00%,96.88%,0.00%,0.00%,0.00%
20260127,11,時報資訊股份有限公司_工商時報,3427,工商時報-exchange,18014,MW_300x250_文末Banner1_工商時報-exchange,,知名媒體,,94,24,0,24,66,0,94,25.53%,70.21%,0.00%,0.00%,25.53%
20260127,11,時報資訊股份有限公司_工商時報,3427,工商時報-exchange,18015,MW_300x250_文末Banner2_工商時報-exchange,,知名媒體,,230,51,0,51,175,0,230,22.17%,76.09%,0.00%,0.00%,22.17%
20260127,11,第一網站股份有限公司,3440,fsa_passback_first,18201,CF_336x280_fsa_passback_first,,,,"2,399",565,0,565,"2,142",0,2399,23.55%,89.29%,0.00%,0.00%,23.55%
20260127,11,第一網站股份有限公司,3440,fsa_passback_first,18202,CF_300x250_fsa_passback_first,,,,"4,014",356,0,356,"3,827",0,4014,8.87%,95.34%,0.00%,0.00%,8.87%
20260127,11,第一網站股份有限公司,3440,fsa_passback_first,18266,(子)CF_970x250_cfbanner_blog,,,子聯播網,"2,907",0,0,0,"2,907",0,2907,0.00%,100.00%,0.00%,0.00%,0.00%
20260127,11,莊博凱,3455,夢遊電玩,18269,300x250 Banner,,,,12,0,0,0,12,0,12,0.00%,100.00%,0.00%,0.00%,0.00%
20260127,11,朱光宁,3268,稷下書院-mobile,18297,MW_置底創意(展開)_稷下書院-mobile,,,,172,44,0,44,135,0,172,25.58%,78.49%,0.00%,0.00%,25.58%
20260127,11,冰楓科技有限公司,3485,冰楓論壇-exchange,18487,CF_970x90_內文上方第一塊_冰楓論壇-exchange,,,,748,57,0,57,716,0,748,7.62%,95.72%,0.00%,0.00%,7.62%
20260127,11,冰楓科技有限公司,3485,冰楓論壇-exchange,18488,MW_320x100_內文上方第一塊_ 冰楓論壇-exchange,antifroud,,,74,4,0,4,72,0,74,5.41%,97.30%,0.00%,0.00%,5.41%
20260127,11,冰楓科技有限公司,3485,冰楓論壇-exchange,18492,MW_300x250_Banner_ 冰楓論壇-exchange,,,,405,34,0,34,378,0,405,8.40%,93.33%,0.00%,0.00%,8.40%
20260127,11,闇碼科技股份有限公司,3048,縮短網址產生器-reurl,18535,MW_蓋版_縮短網址產生器-reurl,,知名媒體,,18,6,0,6,12,0,18,33.33%,66.67%,0.00%,0.00%,33.33%
20260127,11,CBROOT LTD,3492,包子漫畫(特開流量)-exchange,18544,(子)CF_300x600_指定流量_包子漫畫(特開流量)-exchange,,,子聯播網,236,0,0,0,236,0,236,0.00%,100.00%,0.00%,0.00%,0.00%
20260127,11,CBROOT LTD,3492,包子漫畫(特開流量)-exchange,18557,CF_300x600_指定流量_包子漫畫(特開流量PB)-exchange,,,,126,2,0,2,125,0,126,1.59%,99.21%,0.00%,0.00%,1.59%
20260127,11,CBROOT LTD,3510,包子漫畫_twmanga-exchange,18732,MW_336x280_Banner_包子漫畫_twmanga,,,子聯播網,"46,971","20,469",0,"20,469","31,496",0,46971,43.58%,67.05%,0.00%,0.00%,43.58%
20260127,11,CBROOT LTD,3510,包子漫畫_twmanga-exchange,18737,CF_970x90_Banner_ 包子漫畫_twmanga-exchange,,,,313,42,0,42,292,0,313,13.42%,93.29%,0.00%,0.00%,13.42%
20260127,11,闇碼科技股份有限公司,2992,縮短網址產生器-reurl-exchange,18876,CF_首頁連結bar下方_縮短網址產生器-reurl-exchange,,知名媒體,,6,2,0,2,5,0,6,33.33%,83.33%,0.00%,0.00%,33.33%
20260127,11,舒禾驊,3535,荷花動漫筆記,18887,CF_336x280_文章頁文中_荷花動漫筆記,,,,6,0,0,0,6,0,6,0.00%,100.00%,0.00%,0.00%,0.00%
20260127,11,台灣英文新聞股份有限公司,3537,台灣英文新聞(new)-exchange,18914,MW_320x100_內文頁_置頂橫幅_台灣英文新聞(new)-exchange,,知名媒體,,6,2,0,2,5,0,6,33.33%,83.33%,0.00%,0.00%,33.33%
20260127,11,台灣英文新聞股份有限公司,3537,台灣英文新聞(new)-exchange,18924,CF_300x250_內容頁_右側看版_1_台灣英文新聞(new)-exchange,,知名媒體,,74,10,0,10,61,0,74,13.51%,82.43%,0.00%,0.00%,13.51%
20260127,11,台灣英文新聞股份有限公司,3537,台灣英文新聞(new)-exchange,18925,CF_300x600_內容頁_右側看版_2_台灣英文新聞(new)-exchange,,知名媒體,,18,2,0,2,15,0,18,11.11%,83.33%,0.00%,0.00%,11.11%
20260127,11,聯合線上股份有限公司,3549,UDN元氣網,19018,CF_首頁文章推薦第三格300x250_UDN元氣網,,知名媒體,,46,6,0,6,45,0,46,13.04%,97.83%,0.00%,0.00%,13.04%
20260127,11,艾得基客行銷顧問股份有限公司,3490,太報,19043,MW_置底創意(展開)_太報,,知名媒體,,32,0,0,0,24,0,32,0.00%,75.00%,0.00%,0.00%,0.00%
20260127,11,艾得基客行銷顧問股份有限公司,3552,玩具人,19044,MW_320x480_文中創意_玩具人,,知名媒體,,44,10,0,10,32,0,44,22.73%,72.73%,0.00%,0.00%,22.73%
20260127,11,先驅媒體社會企業股份有限公司,3554,新頭殼(R18),19047,(子)CF_300x250Banner_newtalk.tw_content_300250_1_新頭殼(R18),,知名媒體,子聯播網,12,0,0,0,12,0,12,0.00%,100.00%,0.00%,0.00%,0.00%
20260127,11,先驅媒體社會企業股份有限公司,3554,新頭殼(R18),19048,CF_970x250Banner_新頭殼(R18),antifroud,知名媒體,,6,0,0,0,6,0,6,0.00%,100.00%,0.00%,0.00%,0.00%
20260127,11,劉佳鑫,2886,哇哇3C日誌-mobile,20614,MW_文中創意320x480_哇哇3C日誌-mobile,,知名媒體,,8,0,0,0,8,0,8,0.00%,100.00%,0.00%,0.00%,0.00%
20260127,11,第一網站股份有限公司,2783,漫畫櫃manhuagui,20685,MW_300X250_manhuagui,antifroud,,,"7,067","1,662",0,"1,662","5,446",0,7067,23.52%,77.06%,0.00%,0.00%,23.52%
20260127,11,德榕企業有限公司,3578,TW Bodhi_mobile,20708,MW_蓋板_TW Bodhi,,,,200,67,0,67,141,0,200,33.50%,70.50%,0.00%,0.00%,33.50%
20260127,11,德榕企業有限公司,3581,忘憂書屋,20727,CF_336x280文章頁(RWD)_忘憂書屋,,,,113,18,0,18,95,0,113,15.93%,84.07%,0.00%,0.00%,15.93%
20260127,11,德榕企業有限公司,3582,忘憂書屋_mobile,20728,MW_文中創意300x250_忘憂書屋,,,,59,3,0,3,53,0,59,5.08%,89.83%,0.00%,0.00%,5.08%
20260127,11,德榕企業有限公司,3582,忘憂書屋_mobile,20729,MW_蓋板_忘憂書屋,,,,30,12,0,12,21,0,30,40.00%,70.00%,0.00%,0.00%,40.00%
20260127,11,德榕企業有限公司,3582,忘憂書屋_mobile,20730,MW_置底創意_忘憂書屋,,,,18,6,0,6,13,0,18,33.33%,72.22%,0.00%,0.00%,33.33%
20260127,11,第一網站股份有限公司,2910,clickme,20735,(子)CF_300x250_banner_clickme(成人),,,子聯播網,"8,990",587,0,587,"8,672",0,8990,6.53%,96.46%,0.00%,0.00%,6.53%
20260127,11,艾得基客行銷顧問股份有限公司,3490,太報,21317,MW_蓋版_太報,,知名媒體,,87,8,0,8,63,0,87,9.20%,72.41%,0.00%,0.00%,9.20%
20260127,11,第一網站股份有限公司,2768,czbooks,21412,(子)CF_970x250_banner_czbooks(限時段)-PB,,,子聯播網,"2,694",280,0,280,"2,545",0,2694,10.39%,94.47%,0.00%,0.00%,10.39%
20260127,11,第一網站股份有限公司,3440,fsa_passback_first,21699,CF_336x280_fsa_passback_first,,,,"2,368",210,0,210,"2,232",0,2368,8.87%,94.26%,0.00%,0.00%,8.87%
20260127,11,朱光宁,3269,石頭小說-mobile,21741,MW_320x480_蓋版_石頭小說-mobile,antifroud,,,6,0,0,0,6,0,6,0.00%,100.00%,0.00%,0.00%,0.00%
20260127,11,富盈數據股份有限公司,3653,TVBS-女人我最大_HB,21760,MW_文章三_336x280_TVBS-女人我最大_HB,,知名媒體,,54,2,0,2,37,0,54,3.70%,68.52%,0.00%,0.00%,3.70%
20260127,11,富盈數據股份有限公司,3653,TVBS-女人我最大_HB,21761,MW_文章四_336x280_TVBS-女人我最大_HB,,知名媒體,,834,50,0,50,574,0,834,6.00%,68.82%,0.00%,0.00%,6.00%
20260127,11,富盈數據股份有限公司,3653,TVBS-女人我最大_HB,21762,MW_文章置底_320x100_TVBS-女人我最大_HB,,知名媒體,,142,8,0,8,89,0,142,5.63%,62.68%,0.00%,0.00%,5.63%
20260127,11,富盈數據股份有限公司,3653,TVBS-女人我最大_HB,21763,MW_文中創意320x480_TVBS-女人我最大_HB,,知名媒體,,842,67,0,67,542,0,842,7.96%,64.37%,0.00%,0.00%,7.96%
20260127,11,富盈數據股份有限公司,3654,TVBS-健康2.0_HB,21765,MW_文章三_336x280_TVBS-健康2.0_HB,,知名媒體,,32,2,0,2,24,0,32,6.25%,75.00%,0.00%,0.00%,6.25%
20260127,11,富盈數據股份有限公司,3654,TVBS-健康2.0_HB,21767,MW_文章置底_320x100_TVBS-健康2.0_HB,,知名媒體,,72,8,0,8,48,0,72,11.11%,66.67%,0.00%,0.00%,11.11%
20260127,11,富盈數據股份有限公司,3654,TVBS-健康2.0_HB,21768,MW_文中創意320x480_TVBS-健康2.0_HB,,知名媒體,,"4,065",472,0,472,"2,955",0,4065,11.61%,72.69%,0.00%,0.00%,11.61%
20260127,11,富盈數據股份有限公司,3655,TVBS-食尚玩家_HB,21770,MW_文章三_336x280_TVBS-食尚玩家_HB,,知名媒體,,"1,437",103,0,103,"1,260",0,1437,7.17%,87.68%,0.00%,0.00%,7.17%
20260127,11,富盈數據股份有限公司,3655,TVBS-食尚玩家_HB,21771,MW_文章四_336x280_TVBS-食尚玩家_HB,,知名媒體,,44,4,0,4,41,0,44,9.09%,93.18%,0.00%,0.00%,9.09%
20260127,11,富盈數據股份有限公司,3655,TVBS-食尚玩家_HB,21773,MW_文中創意320x480_TVBS-食尚玩家_HB,,知名媒體,,54,4,0,4,37,0,54,7.41%,68.52%,0.00%,0.00%,7.41%
20260127,11,寶利拾股份有限公司,3652,愛料理_HB,21781,MW_置底創意(非展開)_愛料理_HB,,知名媒體,,12,8,0,8,7,0,12,66.67%,58.33%,0.00%,0.00%,66.67%
20260127,11,富盈數據股份有限公司,3654,TVBS-健康2.0_HB,21812,MW_文章一_336x280_TVBS-健康2.0_HB,,知名媒體,,152,19,0,19,120,0,152,12.50%,78.95%,0.00%,0.00%,12.50%
20260127,11,先驅媒體社會企業股份有限公司,3554,新頭殼(R18),21839,ＭＷ_336x280Banner_newtalk.tw_mobile_all_336280_2_新頭殼(R18),antifroud,知名媒體,,6,0,0,0,6,0,6,0.00%,100.00%,0.00%,0.00%,0.00%
20260127,11,儂儂雜誌社股份有限公司(bella儂儂),2135,Bella儂儂_2024,21876,MW-300x250_文章標題上方1_Bella儂儂,,知名媒體,,133,16,0,16,95,0,133,12.03%,71.43%,0.00%,0.00%,12.03%
20260127,11,富盈數據股份有限公司,3680,TVBS-新聞網_HB,21898,CF_文章右側300x600_TVBS-新聞網_HB,,知名媒體,,44,0,0,0,41,0,44,0.00%,93.18%,0.00%,0.00%,0.00%
20260127,11,富盈數據股份有限公司,3680,TVBS-新聞網_HB,21899,MW_文章一_336x280_TVBS-新聞網_HB,,知名媒體,,"4,333",68,0,68,"2,826",0,4333,1.57%,65.22%,0.00%,0.00%,1.57%
20260127,11,富盈數據股份有限公司,3680,TVBS-新聞網_HB,21900,MW_文章三_336x280_TVBS-新聞網_HB,,知名媒體,,460,18,0,18,293,0,460,3.91%,63.70%,0.00%,0.00%,3.91%
20260127,11,富盈數據股份有限公司,3680,TVBS-新聞網_HB,21902,MW_文章置底_320x100_TVBS-新聞網_HB,,知名媒體,,"5,984",112,0,112,"4,005",0,5984,1.87%,66.93%,0.00%,0.00%,1.87%
20260127,11,富盈數據股份有限公司,3685,玩桌遊_mobile,21924,MW_置底創意(非展開)_玩桌遊-mobile,,,,125,48,0,48,81,0,125,38.40%,64.80%,0.00%,0.00%,38.40%
20260127,11,富盈數據股份有限公司,2615,熱血台中,21986,CF_336x280_全網_熱血台中,,,,34,4,0,4,30,0,34,11.76%,88.24%,0.00%,0.00%,11.76%
20260127,11,富盈數據股份有限公司,2615,熱血台中,21987,CF_336x280_全網_熱血台中,,,,26,6,0,6,19,0,26,23.08%,73.08%,0.00%,0.00%,23.08%
20260127,11,富盈數據股份有限公司,3703,繁體小說,22022,MW_置底創意(非展開)_繁體小說-mobile,,,,6,4,0,4,4,0,6,66.67%,66.67%,0.00%,0.00%,66.67%
20260127,11,富盈數據股份有限公司,3704,天天要聞,22030,CF_300 x 250 banner_天天要聞_cpc2,,,,"4,092","1,045",0,"1,045","3,137",0,4092,25.54%,76.66%,0.00%,0.00%,25.54%
20260127,11,富盈數據股份有限公司,3703,繁體小說,22031,CF_300 x 250 banner_繁體小說_cpc2,,,,599,202,0,202,450,0,599,33.72%,75.13%,0.00%,0.00%,33.72%
20260127,11,朱光宁,3708,石頭小說,22045,CF_336 x 280 banner_石頭小說_cpc1.67,antifroud,,,"2,185",6,0,6,"2,185",0,2185,0.27%,100.00%,0.00%,0.00%,0.27%
20260127,11,冠妍動力科技有限公司,484,小老婆汽機車資訊網,22058,MW_文中創意320x480_小老婆汽機車資訊網-測試,,知名媒體,,12,2,0,2,10,0,12,16.67%,83.33%,0.00%,0.00%,16.67%
20260127,11,朱光宁,3718,稷下書院2,22093,CF_336 x 280 banner_稷下書院2_cpc1.67,antifroud,,,"3,739",0,0,0,"3,739",0,3739,0.00%,100.00%,0.00%,0.00%,0.00%
20260127,11,富盈數據股份有限公司,3680,TVBS-新聞網_HB,22131,CF_文中300x250_TVBS-新聞網_HB_1,,知名媒體,,12,0,0,0,12,0,12,0.00%,100.00%,0.00%,0.00%,0.00%
20260127,11,富盈數據股份有限公司,3680,TVBS-新聞網_HB,22132,CF_文中300x250_TVBS-新聞網_HB_2,,知名媒體,,56,2,0,2,52,0,56,3.57%,92.86%,0.00%,0.00%,3.57%
20260127,11,富盈數據股份有限公司,3680,TVBS-新聞網_HB,22133,CF_文中300x250_TVBS-新聞網_HB_3,,知名媒體,,283,2,0,2,274,0,283,0.71%,96.82%,0.00%,0.00%,0.71%
20260127,11,富盈數據股份有限公司,3730,Teepr 亮新聞 HB,22145,MW_336x280_文中創意_Teepr亮新聞 HB,,,,6,0,0,0,4,0,6,0.00%,66.67%,0.00%,0.00%,0.00%
20260127,11,闇碼科技股份有限公司,3048,縮短網址產生器-reurl,22213,MW_蓋版_縮短網址產生器-reurl-2025.05(特殊供量),,知名媒體,,252,12,0,12,222,0,252,4.76%,88.10%,0.00%,0.00%,4.76%
20260127,11,艾得基客行銷顧問股份有限公司,3724,上報,22217,MW_置底創意(非展開)_上報,,知名媒體,,"1,021",99,0,99,765,0,1021,9.70%,74.93%,0.00%,0.00%,9.70%
20260127,11,艾得基客行銷顧問股份有限公司,3724,上報,22218,MW_置底(展開)_上報,,知名媒體,,443,51,0,51,342,0,443,11.51%,77.20%,0.00%,0.00%,11.51%
20260127,11,艾得基客行銷顧問股份有限公司,2689,Basketball Top5,22219,MW_置底(展開)_Basketball TOP5,,,,778,11,0,11,485,0,778,1.41%,62.34%,0.00%,0.00%,1.41%
20260127,11,欣發現股份有限公司,3363,大人物-mobile,22222,MW_蓋板_大人物,,知名媒體,,94,5,0,5,86,0,94,5.32%,91.49%,0.00%,0.00%,5.32%
20260127,11,朱光宁,3741,石頭小說3,22396,MW_置底_石頭小說3,,,,542,199,0,199,390,0,542,36.72%,71.96%,0.00%,0.00%,36.72%
20260127,11,朱光宁,3741,石頭小說3,22398,CF_336 x 280 banner_石頭小說3_cpc1.67,,,,"11,192","2,909",0,"2,909","8,890",0,11192,25.99%,79.43%,0.00%,0.00%,25.99%
20260127,11,朱光宁,3741,石頭小說3,22399,CF_320 x 480 橫幅_石頭小說3,,,,62,20,0,20,46,0,62,32.26%,74.19%,0.00%,0.00%,32.26%
20260127,11,艾得基客行銷顧問股份有限公司,3724,上報,22405,MW_蓋版_上報,,知名媒體,,134,4,0,4,94,0,134,2.99%,70.15%,0.00%,0.00%,2.99%
20260127,11,闇碼科技股份有限公司,3068,限時圖片-imgus,22406,MW_置底_imgus,antifroud,,,168,14,0,14,113,0,168,8.33%,67.26%,0.00%,0.00%,8.33%
20260127,11,第一網站股份有限公司,2783,漫畫櫃manhuagui,22443,MW_置底_manhuagui,antifroud,,,"8,086","1,982",0,"1,982","5,985",0,8086,24.51%,74.02%,0.00%,0.00%,24.51%
20260127,11,艾得基客行銷顧問股份有限公司,3490,太報,22495,MW_300x250 BANNER_太報_CPM5,,知名媒體,子聯播網,24,4,0,4,18,0,24,16.67%,75.00%,0.00%,0.00%,16.67%
20260127,11,艾得基客行銷顧問股份有限公司,2689,Basketball Top5,22498,MW_300x250 Banner_Basketball TOP5_CPM5,,,子聯播網,807,15,0,15,491,0,807,1.86%,60.84%,0.00%,0.00%,1.86%
20260127,11,艾得基客行銷顧問股份有限公司,2578,鉅亨網,22507,MW_300x250_鉅亨網_直播用BN-1,,知名媒體,子聯播網,841,71,0,71,665,0,841,8.44%,79.07%,0.00%,0.00%,8.44%
20260127,11,艾得基客行銷顧問股份有限公司,3752,ＭoneyDJ,22514,MW_文中創意320x480_MoneyDJ,antifroud,知名媒體,,44,2,0,2,36,0,44,4.55%,81.82%,0.00%,0.00%,4.55%
20260127,11,艾得基客行銷顧問股份有限公司,3752,ＭoneyDJ,22515,MW_300x250 BANNER_MoneyDJ,antifroud,知名媒體,,6,0,0,0,5,0,6,0.00%,83.33%,0.00%,0.00%,0.00%
20260127,11,艾得基客行銷顧問股份有限公司,3373,良醫健康網,22732,MW_300x250_良醫健康網,,知名媒體,,6,4,0,4,4,0,6,66.67%,66.67%,0.00%,0.00%,66.67%
20260127,11,李承翰-webptt,718,Web批踢踢(RWD),2284,MW-蓋板_文中_Web批踢踢,antifroud,,,38,0,0,0,38,0,38,0.00%,100.00%,0.00%,0.00%,0.00%
20260127,11,麥智維,999,動漫戲說,3543,CF-728*90-內文上方-動漫戲說,antifroud,,,223,17,0,17,218,0,223,7.62%,97.76%,0.00%,0.00%,7.62%
20260127,11,肖偉彬,1287,紅櫻桃小說書庫,4678,CF-內文上方-300*250-紅櫻桃小說書庫,,,,22,4,0,4,17,0,22,18.18%,77.27%,0.00%,0.00%,18.18%
20260127,11,肖偉彬,1287,紅櫻桃小說書庫,4717,MW_文中創意300x250_紅櫻桃小說書庫,,,,26,0,0,0,25,0,26,0.00%,96.15%,0.00%,0.00%,0.00%
20260127,11,技達創意資訊有限公司,1299,泰好網,4733,CF-300*250-內文下方-泰好網,,,,6,0,0,0,6,0,6,0.00%,100.00%,0.00%,0.00%,0.00%
20260127,11,陈晋福,1367,電視超人,4997,CF-300X250-電視超人,,,,12,0,0,0,12,0,12,0.00%,100.00%,0.00%,0.00%,0.00%
20260127,11,麥智維,999,動漫戲說,6069,CF-300*250-首頁-動漫戲說,,,,105,10,0,10,102,0,105,9.52%,97.14%,0.00%,0.00%,9.52%
20260127,11,莊博凱,1676,夢遊電玩-exchange,6310,CF-160*600-網頁右側-夢遊電玩-exchange,,,,12,0,0,0,12,0,12,0.00%,100.00%,0.00%,0.00%,0.00%
20260127,11,臺灣電視事業股份有限公司,52,台視,8313,PC-300x250_內文第一塊_台視財經,,知名媒體,,8,0,0,0,8,0,8,0.00%,100.00%,0.00%,0.00%,0.00%
20260127,11,巧克科技新媒體股份有限公司,2127,LINE TV_Banner-exchange,8576,CF_336x280_戲劇-右側好康資訊下方_LINE TV-exchange,,知名媒體,,24,0,0,0,24,0,24,0.00%,100.00%,0.00%,0.00%,0.00%
20260127,11,巧克科技新媒體股份有限公司,2127,LINE TV_Banner-exchange,8577,CF_336x280_戲劇-右側好康資訊上方_LINE TV-exchange,,知名媒體,,90,6,0,6,87,0,90,6.67%,96.67%,0.00%,0.00%,6.67%
20260127,11,鳳梨傳媒股份有限公司,2191,四季線上影視-Exchange,8860,CF_300X250_文章右側_今日最新上方_四季線上,antifroud,知名媒體,,22,0,0,0,22,0,22,0.00%,100.00%,0.00%,0.00%,0.00%
20260127,11,冰楓科技有限公司,2289,BFFile,9576,CF-300X600-下載頁上方-BFFile,,,,6,0,0,0,6,0,6,0.00%,100.00%,0.00%,0.00%,0.00%
20260127,11,時報資訊股份有限公司,2335,中時電子報_2019,9887,MW-置底創意(非展開)中時電子報_2019,,知名媒體,,921,127,0,127,704,0,921,13.79%,76.44%,0.00%,0.00%,13.79%
20260127,12,英屬維京群島商浩美數位有限公司台灣分公司,2315,Teepr亮新聞-exchange,10012,CF_336x280Banner_Teepr亮新聞-exchange,,知名媒體,,"2,381",16,0,16,"1,639",0,2381,0.67%,68.84%,0.00%,0.00%,0.67%
20260127,12,昱得資訊工作室,2528,數位書香,11081,CF_160x600_首頁右側_數位書香,antifroud,,,355,0,0,0,355,0,355,0.00%,100.00%,0.00%,0.00%,0.00%
20260127,12,第一網站股份有限公司,2518,麻辣家族討論區(twbts),11082,CF-728X90-twbts,antifroud,,,"1,583",0,0,0,"1,583",0,1583,0.00%,100.00%,0.00%,0.00%,0.00%
20260127,12,第一網站股份有限公司,2540,risu短網址,11260,MW-300X250-MB_page_left-risu,,知名媒體,,508,10,0,10,380,0,508,1.97%,74.80%,0.00%,0.00%,1.97%
20260127,12,第一網站股份有限公司,2492,ttshow,11273,MW-300X250-ttshow,,知名媒體,,12,0,0,0,12,0,12,0.00%,100.00%,0.00%,0.00%,0.00%
20260127,12,第一網站股份有限公司,2601,Meme梗圖倉庫,11443,CF-336X280-meme,,,,943,108,0,108,861,0,943,11.45%,91.30%,0.00%,0.00%,11.45%
20260127,12,艾得基客行銷顧問股份有限公司,2578,鉅亨網,12070,MW_320x480_文中創意_鉅亨網,,知名媒體,,"15,109",911,0,911,"11,843",0,15109,6.03%,78.38%,0.00%,0.00%,6.03%
20260127,12,第一網站股份有限公司,2540,risu短網址,12496,CF_300x250_popup(直播) _risu短網址,antifroud,知名媒體,,12,0,0,0,12,0,12,0.00%,100.00%,0.00%,0.00%,0.00%
20260127,12,時報資訊股份有限公司,2770,中時電子報_HB,12559,CF_300x250_右側互動看版_中時電子報_HB,,知名媒體,,708,41,0,41,680,0,708,5.79%,96.05%,0.00%,0.00%,5.79%
20260127,12,時報資訊股份有限公司,2770,中時電子報_HB,12560,CF_336x280_文中看板_中時電子報_HB,,知名媒體,,687,39,0,39,661,0,687,5.68%,96.22%,0.00%,0.00%,5.68%
20260127,12,時報資訊股份有限公司,2770,中時電子報_HB,12561,MW_300x250_內頁TOP Banner_中時電子報_HB,antifroud,知名媒體,,"1,228",162,0,162,949,0,1228,13.19%,77.28%,0.00%,0.00%,13.19%
20260127,12,第一網站股份有限公司,2768,czbooks,12570,CF_728x90_banner_czbooks,,,,"51,662",455,0,455,"51,451",0,51662,0.88%,99.59%,0.00%,0.00%,0.88%
20260127,12,鳳梨傳媒股份有限公司,2190,民視新聞網-Exchange,12579,CF_300x250_右側第一塊_民視新聞網-Exchange(RWD)(MCM),,知名媒體,,"6,999",208,0,208,"5,430",0,6999,2.97%,77.58%,0.00%,0.00%,2.97%
20260127,12,鳳梨傳媒股份有限公司,2190,民視新聞網-Exchange,12580,CF_300x250_內文文中左側_民視新聞網-Exchange(RWD)(MCM),,知名媒體,,"7,777",260,0,260,"6,246",0,7777,3.34%,80.31%,0.00%,0.00%,3.34%
20260127,12,第一網站股份有限公司,2783,漫畫櫃manhuagui,12676,CF_728X90_manhuagui,antifroud,,,"57,132","7,856",0,"7,856","51,781",0,57132,13.75%,90.63%,0.00%,0.00%,13.75%
20260127,12,艾得基客行銷顧問股份有限公司,2635,工商時報,12761,MW_320x480_文中創意_工商時報new,,知名媒體,,58,10,0,10,45,0,58,17.24%,77.59%,0.00%,0.00%,17.24%
20260127,12,第一網站股份有限公司,2801,damanwoo,12868,CF-300x250_Banner_damanwoo_大人物,,,,54,0,0,0,54,0,54,0.00%,100.00%,0.00%,0.00%,0.00%
20260127,12,第一網站股份有限公司,2820,星座好朋友(horofriend88),12966,MW_320x100_horofriend88,antifroud,,,50,0,0,0,32,0,50,0.00%,64.00%,0.00%,0.00%,0.00%
20260127,12,時報資訊股份有限公司,2335,中時電子報_2019,12974,MW-置底創意(展開)-中時電子報_2019,antifroud,知名媒體,,216,32,0,32,165,0,216,14.81%,76.39%,0.00%,0.00%,14.81%
20260127,12,第一網站股份有限公司,2836,vivi01,13032,MW_置底創意_vivi01 ViVi視頻,,,,6,0,0,0,4,0,6,0.00%,66.67%,0.00%,0.00%,0.00%
20260127,12,第一網站股份有限公司,2838,mycard,13041,MW_320x480_加倍mycard,,,,215,0,0,0,215,0,215,0.00%,100.00%,0.00%,0.00%,0.00%
20260127,12,東森電視事業股份有限公司,2014,東森新聞網,13162,MW_置底創意(展開)_東森新聞網,antifroud,知名媒體,,307,37,0,37,185,0,307,12.05%,60.26%,0.00%,0.00%,12.05%
20260127,12,東森電視事業股份有限公司,2014,東森新聞網,13163,MW_文中創意320x480_東森新聞網,,知名媒體,,"4,088",38,0,38,"2,748",0,4088,0.93%,67.22%,0.00%,0.00%,0.93%
20260127,12,第一網站股份有限公司,2862,Manhuaren,13254,MW_320x100_banner_manhuaren,,,,20,4,0,4,16,0,20,20.00%,80.00%,0.00%,0.00%,20.00%
20260127,12,和運租車股份有限公司,2878,abc好車網,13368,CF_970x90_物件頁下方_abc好車網,,知名媒體,,6,0,0,0,5,0,6,0.00%,83.33%,0.00%,0.00%,0.00%
20260127,12,譚謹恩,2885,Mr. & Mrs. Diary-exchange,13406,MW_300x250_內文文中-Mr. & Mrs. Diary-exchange,,,,6,0,0,0,6,0,6,0.00%,100.00%,0.00%,0.00%,0.00%
20260127,12,曾憲敏,202,85小說網,13445,MW_336X280_全量1_85小說網,,,,623,208,0,208,458,0,623,33.39%,73.52%,0.00%,0.00%,33.39%
20260127,12,曾憲敏,202,85小說網,13446,MW_336X280_全量2_85小說網,,,,"5,039","1,474",0,"1,474","3,723",0,5039,29.25%,73.88%,0.00%,0.00%,29.25%
20260127,12,曾憲敏,601,85小說網_PC,13450,(子)CF_336x280_全量2_85小說網,,,子聯播網,148,0,0,0,148,0,148,0.00%,100.00%,0.00%,0.00%,0.00%
20260127,12,第一網站股份有限公司,2768,czbooks,13481,MW_300x250_banner_czbooks,antifroud,,子聯播網,"4,887","1,214",0,"1,214","3,774",0,4887,24.84%,77.23%,0.00%,0.00%,24.84%
20260127,12,第一網站股份有限公司,2768,czbooks,13482,(子)CF_300x600_banner_czbooks(限時段),,,子聯播網,617,0,0,0,617,0,617,0.00%,100.00%,0.00%,0.00%,0.00%
20260127,12,第一網站股份有限公司,2768,czbooks,13483,(子)CF_970x250_banner_czbooks(限時段),,,子聯播網,"1,073",0,0,0,"1,073",0,1073,0.00%,100.00%,0.00%,0.00%,0.00%
20260127,12,第一網站股份有限公司,2910,clickme,13548,(子)CF_300x250_banner_clickme(一般),,,子聯播網,664,43,0,43,648,0,664,6.48%,97.59%,0.00%,0.00%,6.48%
20260127,12,第一網站股份有限公司,2910,clickme,13549,CF_300x250_banner_clickme(一般),,,,806,187,0,187,532,0,806,23.20%,66.00%,0.00%,0.00%,23.20%
20260127,12,第一網站股份有限公司,2916,KiKiNote,13576,(子)CF_300x250_banner_kikinote,,知名媒體,子聯播網,"2,146",60,0,60,"2,047",0,2146,2.80%,95.39%,0.00%,0.00%,2.80%
20260127,12,闇碼科技股份有限公司,2992,縮短網址產生器-reurl-exchange,13848,CF_300x250_轉址失敗_最右邊_reurl,,知名媒體,,210,0,0,0,207,0,210,0.00%,98.57%,0.00%,0.00%,0.00%
20260127,12,闇碼科技股份有限公司,2992,縮短網址產生器-reurl-exchange,13856,CF_300x250_轉址失敗頁第二塊_reurl,,知名媒體,,223,0,0,0,219,0,223,0.00%,98.21%,0.00%,0.00%,0.00%
20260127,12,第一網站股份有限公司,2768,czbooks,13903,(子)CF_300x250_banner_czbooks(直播),antifroud,,子聯播網,"18,609",0,0,0,"18,609",0,18609,0.00%,100.00%,0.00%,0.00%,0.00%
20260127,12,第一網站股份有限公司,2768,czbooks,14036,MW_320x480_CZBOOKS,antifroud,,,72,17,0,17,58,0,72,23.61%,80.56%,0.00%,0.00%,23.61%
20260127,12,陳人鳳,480,飛格寵物家族_PC,1407,CF-728X90_上方通欄_飛格寵物家族,,,,30,0,0,0,28,0,30,0.00%,93.33%,0.00%,0.00%,0.00%
20260127,12,陳人鳳,480,飛格寵物家族_PC,1408,CF-300X250_內文_飛格寵物家族,,,,145,0,0,0,145,0,145,0.00%,100.00%,0.00%,0.00%,0.00%
20260127,12,東森電視事業股份有限公司,2014,東森新聞網,14097,MW_蓋版_東森新聞網,,知名媒體,,"1,914",132,0,132,"1,359",0,1914,6.90%,71.00%,0.00%,0.00%,6.90%
20260127,12,飛凡傳播股份有限公司,1921,非凡新聞台-exchange,14188,MW_300x250_內文上方_非凡新聞-exchange,antifroud,知名媒體,,12,2,0,2,10,0,12,16.67%,83.33%,0.00%,0.00%,16.67%
20260127,12,闇碼科技股份有限公司,3048,縮短網址產生器-reurl,14210,MW_文中創意300x250_縮短網址產生器-reurl,,知名媒體,,626,12,0,12,577,0,626,1.92%,92.17%,0.00%,0.00%,1.92%
20260127,12,巨思文化股份有限公司,3052,經理人_HB,14240,CF_300x250_內文下方左側_經理人-HB,,知名媒體,,6,0,0,0,6,0,6,0.00%,100.00%,0.00%,0.00%,0.00%
20260127,12,巨思文化股份有限公司,3053,數位時代_HB,14242,CF_300x250_內文下方左側_數位時代-HB,,知名媒體,,6,2,0,2,5,0,6,33.33%,83.33%,0.00%,0.00%,33.33%
20260127,12,巨思文化股份有限公司,3053,數位時代_HB,14246,MW_300x250_文章結束第一塊_數位時代-HB,,知名媒體,,6,0,0,0,3,0,6,0.00%,50.00%,0.00%,0.00%,0.00%
20260127,12,富盈數據股份有限公司,3059,塔科女子,14258,CF_336x280_全網_塔科女子,,知名媒體,,16,0,0,0,13,0,16,0.00%,81.25%,0.00%,0.00%,0.00%
20260127,12,CBROOT LTD,3003,包子漫畫-exchange,14291,MW_300x250_蓋板(PB)_包子漫畫,,,,623,288,0,288,398,0,623,46.23%,63.88%,0.00%,0.00%,46.23%
20260127,12,朱光宁,3152,石頭小說-exchange,14472,MW_336x280_Banner_石頭小說,,,,"7,944","2,033",0,"2,033","6,426",0,7944,25.59%,80.89%,0.00%,0.00%,25.59%
20260127,12,朱光宁,3149,稷下書院-exchange,14748,MW_320x100_置底(PB)_稷下書院,,,,"28,192","9,894",0,"9,894","20,597",0,28192,35.10%,73.06%,0.00%,0.00%,35.10%
20260127,12,巨思文化股份有限公司,3053,數位時代_HB,14764,MW_置底創意_(非展開)_數位時代_HB,,知名媒體,,405,89,0,89,281,0,405,21.98%,69.38%,0.00%,0.00%,21.98%
20260127,12,中天電視股份有限公司,3282,中天新聞網-exchange,14980,CF_970x250_內頁_PC置頂橫幅-中天新聞網-exchange,,知名媒體,,122,4,0,4,118,0,122,3.28%,96.72%,0.00%,0.00%,3.28%
20260127,12,曾憲敏,3327,85小說網_創意,15227,MW-300X250_85小說網_隨身影音PB,,,,18,6,0,6,12,0,18,33.33%,66.67%,0.00%,0.00%,33.33%
20260127,12,曾憲敏,3327,85小說網_創意,15228,MW-創意-85小說網,,,,6,0,0,0,6,0,6,0.00%,100.00%,0.00%,0.00%,0.00%
20260127,12,千晶文化事業股份有限公司,3336,Beauty 美人圈,15254,MW_置底創意(非展開)_ Beauty 美人圈,,知名媒體,,"2,283",100,0,100,"1,835",0,2283,4.38%,80.38%,0.00%,0.00%,4.38%
20260127,12,中天電視股份有限公司,3282,中天新聞網-exchange,15859,CF_336x280_內頁_PC右側互動看板B-中天新聞網-exchange,,知名媒體,,781,16,0,16,712,0,781,2.05%,91.17%,0.00%,0.00%,2.05%
20260127,12,CBROOT LTD,3352,西瓜卡通-exchange,15970,CF_160x600_影音內容_西瓜卡通-exchange,,,,6,0,0,0,6,0,6,0.00%,100.00%,0.00%,0.00%,0.00%
20260127,12,朱光宁,3360,提莫書屋-exchange,16957,MW_336x280banner_提莫書屋_exchange,,,,"21,234","5,595",0,"5,595","16,424",0,21234,26.35%,77.35%,0.00%,0.00%,26.35%
20260127,12,朱光宁,3361,提莫書屋-mobile,16958,MW_置底創意_提莫書屋-mobile,,,,6,6,0,6,3,0,6,100.00%,50.00%,0.00%,0.00%,100.00%
20260127,12,朱光宁,3361,提莫書屋-mobile,16959,MW_320x480_文中創意_提莫書屋-mobile,,,,120,36,0,36,85,0,120,30.00%,70.83%,0.00%,0.00%,30.00%
20260127,12,欣發現股份有限公司,3365,Hami任務牆-mobile,16969,MW_置底創意_Hami任務牆,,知名媒體,,109,9,0,9,102,0,109,8.26%,93.58%,0.00%,0.00%,8.26%
20260127,12,欣發現股份有限公司,3364,女子學-mobile,16972,MW_置底創意_女子學,antifroud,,,83,2,0,2,56,0,83,2.41%,67.47%,0.00%,0.00%,2.41%
20260127,12,欣發現股份有限公司,3363,大人物-mobile,16973,MW_置底創意_大人物,,知名媒體,,104,16,0,16,80,0,104,15.38%,76.92%,0.00%,0.00%,15.38%
20260127,12,欣發現股份有限公司,3362,妞新聞-mobile,16974,MW_置底創意_妞新聞,,知名媒體,,6,0,0,0,5,0,6,0.00%,83.33%,0.00%,0.00%,0.00%
20260127,12,朱光宁,3149,稷下書院-exchange,17003,(子)CF_336x280_Banner(指定流量)_稷下書院-exchange,,,子聯播網,18,0,0,0,18,0,18,0.00%,100.00%,0.00%,0.00%,0.00%
20260127,12,第一網站股份有限公司,2783,漫畫櫃manhuagui,17027,MW_320x480_蓋版_漫畫櫃manhuagui,,,,114,20,0,20,90,0,114,17.54%,78.95%,0.00%,0.00%,17.54%
20260127,12,艾得基客行銷顧問股份有限公司,3373,良醫健康網,17092,MW_置底創意_良醫健康網,,知名媒體,,92,24,0,24,68,0,92,26.09%,73.91%,0.00%,0.00%,26.09%
20260127,12,詠勝科技有限公司,3385,Mobile01_HB,17178,CF_300x250_頻道頁_大看板_Mobile01_HB,,知名媒體,,6,0,0,0,6,0,6,0.00%,100.00%,0.00%,0.00%,0.00%
20260127,12,詠勝科技有限公司,3385,Mobile01_HB,17179,CF_300x250_熱門大看板_Mobile01_HB,,知名媒體,,276,6,0,6,271,0,276,2.17%,98.19%,0.00%,0.00%,2.17%
20260127,12,詠勝科技有限公司,3385,Mobile01_HB,17180,CF_300x250_置底看板左_Mobile01_HB,,知名媒體,,8,0,0,0,8,0,8,0.00%,100.00%,0.00%,0.00%,0.00%
20260127,12,詠勝科技有限公司,3385,Mobile01_HB,17181,CF_300x250_置底看板中_Mobile01_HB,,知名媒體,,30,0,0,0,30,0,30,0.00%,100.00%,0.00%,0.00%,0.00%
20260127,12,詠勝科技有限公司,3385,Mobile01_HB,17182,CF_300x250_置底看板右_Mobile01_HB,,知名媒體,,33,0,0,0,32,0,33,0.00%,96.97%,0.00%,0.00%,0.00%
20260127,12,詠勝科技有限公司,3385,Mobile01_HB,17183,CF_300x600_大摩天_Mobile01_HB,,知名媒體,,36,6,0,6,36,0,36,16.67%,100.00%,0.00%,0.00%,16.67%
20260127,12,朱光宁,3268,稷下書院-mobile,17207,MW_320x480_蓋版_稷下書院-mobile,,,,"1,079",348,0,348,749,0,1079,32.25%,69.42%,0.00%,0.00%,32.25%
20260127,12,中華電視股份有限公司,3389,華視-mobile,17230,MW_置底創意(非展開)_華視-mobile,,知名媒體,,161,14,0,14,112,0,161,8.70%,69.57%,0.00%,0.00%,8.70%
20260127,12,中華電視股份有限公司,3389,華視-mobile,17232,MW_文中創意320x480_華視-mobile,,知名媒體,,52,2,0,2,36,0,52,3.85%,69.23%,0.00%,0.00%,3.85%
20260127,12,李立娟,3395,vivi0視頻-exchange,17293,CF_336x280_Banner_vivi01視頻-exchange,antifroud,,,"45,193",189,0,189,"33,189",0,45193,0.42%,73.44%,0.00%,0.00%,0.42%
20260127,12,李立娟,3395,vivi0視頻-exchange,17294,MW_336x280_Banner_vivi01視頻-exchange,antifroud,,,"53,786",205,0,205,"39,317",0,53786,0.38%,73.10%,0.00%,0.00%,0.38%
20260127,12,李立娟,3395,vivi0視頻-exchange,17299,MW_300x250_蓋板(PB)-vivi01視頻-exchange,,,,6,0,0,0,5,0,6,0.00%,83.33%,0.00%,0.00%,0.00%
20260127,12,李立娟,3395,vivi0視頻-exchange,17300,MW_320x100_置底(PB)_vivi01視頻-exchange,antifroud,,,"84,839",242,0,242,"62,028",0,84839,0.29%,73.11%,0.00%,0.00%,0.29%
20260127,12,李立娟,3397,趣聞圖說-exchange,17309,MW_336x280_文中Banner_趣聞圖說-exchange,,,,24,0,0,0,24,0,24,0.00%,100.00%,0.00%,0.00%,0.00%
20260127,12,曾憲敏,601,85小說網_PC,1773,CF-300x250_85小說網_內文1,,,,248,30,0,30,234,0,248,12.10%,94.35%,0.00%,0.00%,12.10%
20260127,12,李立娟,3396,趣聞圖說-Mobile,17923,MW_置底創意(展開)_趣聞圖說-Mobile,,,,42,0,0,0,34,0,42,0.00%,80.95%,0.00%,0.00%,0.00%
20260127,12,第一網站股份有限公司,2768,czbooks,17927,MW_置底創意_czbook,,,,"10,879","3,706",0,"3,706","7,723",0,10879,34.07%,70.99%,0.00%,0.00%,34.07%
20260127,12,時報資訊股份有限公司_工商時報,3427,工商時報-exchange,18003,CF_300x250_互動看板2_工商時報-exchange,,知名媒體,,6,0,0,0,6,0,6,0.00%,100.00%,0.00%,0.00%,0.00%
20260127,12,時報資訊股份有限公司_工商時報,3427,工商時報-exchange,18007,CF_336x280_文末右側看板_工商時報-exchange,,知名媒體,,12,0,0,0,12,0,12,0.00%,100.00%,0.00%,0.00%,0.00%
20260127,12,時報資訊股份有限公司_工商時報,3427,工商時報-exchange,18014,MW_300x250_文末Banner1_工商時報-exchange,,知名媒體,,32,12,0,12,22,0,32,37.50%,68.75%,0.00%,0.00%,37.50%
20260127,12,時報資訊股份有限公司_工商時報,3427,工商時報-exchange,18015,MW_300x250_文末Banner2_工商時報-exchange,,知名媒體,,112,23,0,23,82,0,112,20.54%,73.21%,0.00%,0.00%,20.54%
20260127,12,第一網站股份有限公司,3440,fsa_passback_first,18201,CF_336x280_fsa_passback_first,,,,"1,936",491,0,491,"1,696",0,1936,25.36%,87.60%,0.00%,0.00%,25.36%
20260127,12,第一網站股份有限公司,3440,fsa_passback_first,18202,CF_300x250_fsa_passback_first,,,,"4,494",306,0,306,"4,325",0,4494,6.81%,96.24%,0.00%,0.00%,6.81%
20260127,12,第一網站股份有限公司,3440,fsa_passback_first,18266,(子)CF_970x250_cfbanner_blog,,,子聯播網,"4,647",0,0,0,"4,647",0,4647,0.00%,100.00%,0.00%,0.00%,0.00%
20260127,12,莊博凱,3455,夢遊電玩,18269,300x250 Banner,,,,6,0,0,0,6,0,6,0.00%,100.00%,0.00%,0.00%,0.00%
20260127,12,朱光宁,3268,稷下書院-mobile,18297,MW_置底創意(展開)_稷下書院-mobile,,,,372,104,0,104,276,0,372,27.96%,74.19%,0.00%,0.00%,27.96%
20260127,12,冰楓科技有限公司,3485,冰楓論壇-exchange,18487,CF_970x90_內文上方第一塊_冰楓論壇-exchange,,,,725,10,0,10,722,0,725,1.38%,99.59%,0.00%,0.00%,1.38%
20260127,12,冰楓科技有限公司,3485,冰楓論壇-exchange,18488,MW_320x100_內文上方第一塊_ 冰楓論壇-exchange,antifroud,,,38,8,0,8,33,0,38,21.05%,86.84%,0.00%,0.00%,21.05%
20260127,12,冰楓科技有限公司,3485,冰楓論壇-exchange,18492,MW_300x250_Banner_ 冰楓論壇-exchange,,,,375,2,0,2,374,0,375,0.53%,99.73%,0.00%,0.00%,0.53%
20260127,12,CBROOT LTD,3492,包子漫畫(特開流量)-exchange,18544,(子)CF_300x600_指定流量_包子漫畫(特開流量)-exchange,,,子聯播網,328,0,0,0,328,0,328,0.00%,100.00%,0.00%,0.00%,0.00%
20260127,12,CBROOT LTD,3510,包子漫畫_twmanga-exchange,18732,MW_336x280_Banner_包子漫畫_twmanga,,,子聯播網,"1,918",879,0,879,"1,288",0,1918,45.83%,67.15%,0.00%,0.00%,45.83%
20260127,12,CBROOT LTD,3510,包子漫畫_twmanga-exchange,18735,CF_336x280_Banner_包子漫畫_twmanga-exchange,,,,20,0,0,0,20,0,20,0.00%,100.00%,0.00%,0.00%,0.00%
20260127,12,CBROOT LTD,3510,包子漫畫_twmanga-exchange,18737,CF_970x90_Banner_ 包子漫畫_twmanga-exchange,,,,12,0,0,0,12,0,12,0.00%,100.00%,0.00%,0.00%,0.00%
20260127,12,舒禾驊,3535,荷花動漫筆記,18887,CF_336x280_文章頁文中_荷花動漫筆記,,,,31,0,0,0,29,0,31,0.00%,93.55%,0.00%,0.00%,0.00%
20260127,12,台灣英文新聞股份有限公司,3537,台灣英文新聞(new)-exchange,18924,CF_300x250_內容頁_右側看版_1_台灣英文新聞(new)-exchange,,知名媒體,,36,4,0,4,33,0,36,11.11%,91.67%,0.00%,0.00%,11.11%
20260127,12,聯合線上股份有限公司,3549,UDN元氣網,19018,CF_首頁文章推薦第三格300x250_UDN元氣網,,知名媒體,,25,2,0,2,23,0,25,8.00%,92.00%,0.00%,0.00%,8.00%
20260127,12,艾得基客行銷顧問股份有限公司,3490,太報,19043,MW_置底創意(展開)_太報,,知名媒體,,443,51,0,51,305,0,443,11.51%,68.85%,0.00%,0.00%,11.51%
20260127,12,艾得基客行銷顧問股份有限公司,3552,玩具人,19044,MW_320x480_文中創意_玩具人,,知名媒體,,74,8,0,8,57,0,74,10.81%,77.03%,0.00%,0.00%,10.81%
20260127,12,第一網站股份有限公司,2783,漫畫櫃manhuagui,20685,MW_300X250_manhuagui,antifroud,,,"7,054","1,819",0,"1,819","5,373",0,7054,25.79%,76.17%,0.00%,0.00%,25.79%
20260127,12,德榕企業有限公司,3577,TW Bodhi,20705,(子)CF_336x280_文章頁(RWD)_TW Bodhi,antifroud,,子聯播網,6,0,0,0,6,0,6,0.00%,100.00%,0.00%,0.00%,0.00%
20260127,12,德榕企業有限公司,3578,TW Bodhi_mobile,20707,MW_置底創意_TW Bodhi,,,,30,12,0,12,22,0,30,40.00%,73.33%,0.00%,0.00%,40.00%
20260127,12,德榕企業有限公司,3578,TW Bodhi_mobile,20708,MW_蓋板_TW Bodhi,,,,314,99,0,99,219,0,314,31.53%,69.75%,0.00%,0.00%,31.53%
20260127,12,德榕企業有限公司,3581,忘憂書屋,20727,CF_336x280文章頁(RWD)_忘憂書屋,,,,94,27,0,27,73,0,94,28.72%,77.66%,0.00%,0.00%,28.72%
20260127,12,德榕企業有限公司,3582,忘憂書屋_mobile,20728,MW_文中創意300x250_忘憂書屋,,,,58,12,0,12,50,0,58,20.69%,86.21%,0.00%,0.00%,20.69%
20260127,12,德榕企業有限公司,3582,忘憂書屋_mobile,20729,MW_蓋板_忘憂書屋,,,,18,7,0,7,10,0,18,38.89%,55.56%,0.00%,0.00%,38.89%
20260127,12,德榕企業有限公司,3582,忘憂書屋_mobile,20730,MW_置底創意_忘憂書屋,,,,6,3,0,3,4,0,6,50.00%,66.67%,0.00%,0.00%,50.00%
20260127,12,第一網站股份有限公司,2910,clickme,20735,(子)CF_300x250_banner_clickme(成人),,,子聯播網,"8,331",528,0,528,"7,883",0,8331,6.34%,94.62%,0.00%,0.00%,6.34%
20260127,12,第一網站股份有限公司,3440,fsa_passback_first,21699,CF_336x280_fsa_passback_first,,,,"1,407",126,0,126,"1,389",0,1407,8.96%,98.72%,0.00%,0.00%,8.96%
20260127,12,朱光宁,3269,石頭小說-mobile,21741,MW_320x480_蓋版_石頭小說-mobile,antifroud,,,6,2,0,2,5,0,6,33.33%,83.33%,0.00%,0.00%,33.33%
20260127,12,富盈數據股份有限公司,3653,TVBS-女人我最大_HB,21760,MW_文章三_336x280_TVBS-女人我最大_HB,,知名媒體,,160,10,0,10,94,0,160,6.25%,58.75%,0.00%,0.00%,6.25%
20260127,12,富盈數據股份有限公司,3653,TVBS-女人我最大_HB,21761,MW_文章四_336x280_TVBS-女人我最大_HB,,知名媒體,,"2,115",285,0,285,"1,401",0,2115,13.48%,66.24%,0.00%,0.00%,13.48%
20260127,12,富盈數據股份有限公司,3653,TVBS-女人我最大_HB,21763,MW_文中創意320x480_TVBS-女人我最大_HB,,知名媒體,,"1,457",162,0,162,934,0,1457,11.12%,64.10%,0.00%,0.00%,11.12%
20260127,12,富盈數據股份有限公司,3654,TVBS-健康2.0_HB,21765,MW_文章三_336x280_TVBS-健康2.0_HB,,知名媒體,,12,0,0,0,9,0,12,0.00%,75.00%,0.00%,0.00%,0.00%
20260127,12,富盈數據股份有限公司,3654,TVBS-健康2.0_HB,21768,MW_文中創意320x480_TVBS-健康2.0_HB,,知名媒體,,"13,173","2,812",0,"2,812","9,580",0,13173,21.35%,72.72%,0.00%,0.00%,21.35%
20260127,12,富盈數據股份有限公司,3655,TVBS-食尚玩家_HB,21770,MW_文章三_336x280_TVBS-食尚玩家_HB,,知名媒體,,"2,523",985,0,985,"1,838",0,2523,39.04%,72.85%,0.00%,0.00%,39.04%
20260127,12,富盈數據股份有限公司,3655,TVBS-食尚玩家_HB,21771,MW_文章四_336x280_TVBS-食尚玩家_HB,,知名媒體,,146,18,0,18,132,0,146,12.33%,90.41%,0.00%,0.00%,12.33%
20260127,12,富盈數據股份有限公司,3655,TVBS-食尚玩家_HB,21773,MW_文中創意320x480_TVBS-食尚玩家_HB,,知名媒體,,"2,119",928,0,928,"1,362",0,2119,43.79%,64.28%,0.00%,0.00%,43.79%
20260127,12,寶利拾股份有限公司,3652,愛料理_HB,21781,MW_置底創意(非展開)_愛料理_HB,,知名媒體,,6,0,0,0,5,0,6,0.00%,83.33%,0.00%,0.00%,0.00%
20260127,12,富盈數據股份有限公司,3654,TVBS-健康2.0_HB,21812,MW_文章一_336x280_TVBS-健康2.0_HB,,知名媒體,,50,6,0,6,38,0,50,12.00%,76.00%,0.00%,0.00%,12.00%
20260127,12,先驅媒體社會企業股份有限公司,3554,新頭殼(R18),21839,ＭＷ_336x280Banner_newtalk.tw_mobile_all_336280_2_新頭殼(R18),antifroud,知名媒體,,8,0,0,0,7,0,8,0.00%,87.50%,0.00%,0.00%,0.00%
20260127,12,儂儂雜誌社股份有限公司(bella儂儂),2135,Bella儂儂_2024,21876,MW-300x250_文章標題上方1_Bella儂儂,,知名媒體,,342,53,0,53,258,0,342,15.50%,75.44%,0.00%,0.00%,15.50%
20260127,12,富盈數據股份有限公司,3680,TVBS-新聞網_HB,21898,CF_文章右側300x600_TVBS-新聞網_HB,,知名媒體,,6,0,0,0,6,0,6,0.00%,100.00%,0.00%,0.00%,0.00%
20260127,12,富盈數據股份有限公司,3680,TVBS-新聞網_HB,21899,MW_文章一_336x280_TVBS-新聞網_HB,,知名媒體,,"3,352",71,0,71,"2,188",0,3352,2.12%,65.27%,0.00%,0.00%,2.12%
20260127,12,富盈數據股份有限公司,3680,TVBS-新聞網_HB,21900,MW_文章三_336x280_TVBS-新聞網_HB,,知名媒體,,"1,078",18,0,18,610,0,1078,1.67%,56.59%,0.00%,0.00%,1.67%
20260127,12,富盈數據股份有限公司,3680,TVBS-新聞網_HB,21902,MW_文章置底_320x100_TVBS-新聞網_HB,,知名媒體,,"2,876",52,0,52,"1,875",0,2876,1.81%,65.19%,0.00%,0.00%,1.81%
20260127,12,富盈數據股份有限公司,3684,稅美人_mobile,21923,MW_置底創意(非展開)_稅美人-mobile,,,,12,4,0,4,9,0,12,33.33%,75.00%,0.00%,0.00%,33.33%
20260127,12,富盈數據股份有限公司,3685,玩桌遊_mobile,21924,MW_置底創意(非展開)_玩桌遊-mobile,,,,524,195,0,195,341,0,524,37.21%,65.08%,0.00%,0.00%,37.21%
20260127,12,富盈數據股份有限公司,2615,熱血台中,21986,CF_336x280_全網_熱血台中,,,,6,0,0,0,6,0,6,0.00%,100.00%,0.00%,0.00%,0.00%
20260127,12,富盈數據股份有限公司,2615,熱血台中,21987,CF_336x280_全網_熱血台中,,,,50,6,0,6,44,0,50,12.00%,88.00%,0.00%,0.00%,12.00%
20260127,12,富盈數據股份有限公司,3704,天天要聞,22030,CF_300 x 250 banner_天天要聞_cpc2,,,,922,234,0,234,745,0,922,25.38%,80.80%,0.00%,0.00%,25.38%
20260127,12,富盈數據股份有限公司,3703,繁體小說,22031,CF_300 x 250 banner_繁體小說_cpc2,,,,48,2,0,2,42,0,48,4.17%,87.50%,0.00%,0.00%,4.17%
20260127,12,朱光宁,3708,石頭小說,22045,CF_336 x 280 banner_石頭小說_cpc1.67,antifroud,,,"51,510",245,0,245,"51,505",0,51510,0.48%,99.99%,0.00%,0.00%,0.48%
20260127,12,冠妍動力科技有限公司,484,小老婆汽機車資訊網,22058,MW_文中創意320x480_小老婆汽機車資訊網-測試,,知名媒體,,12,4,0,4,9,0,12,33.33%,75.00%,0.00%,0.00%,33.33%
20260127,12,朱光宁,3718,稷下書院2,22093,CF_336 x 280 banner_稷下書院2_cpc1.67,antifroud,,,"54,953",89,0,89,"54,939",0,54953,0.16%,99.97%,0.00%,0.00%,0.16%
20260127,12,富盈數據股份有限公司,3680,TVBS-新聞網_HB,22131,CF_文中300x250_TVBS-新聞網_HB_1,,知名媒體,,6,0,0,0,5,0,6,0.00%,83.33%,0.00%,0.00%,0.00%
20260127,12,富盈數據股份有限公司,3680,TVBS-新聞網_HB,22132,CF_文中300x250_TVBS-新聞網_HB_2,,知名媒體,,42,0,0,0,41,0,42,0.00%,97.62%,0.00%,0.00%,0.00%
20260127,12,富盈數據股份有限公司,3680,TVBS-新聞網_HB,22133,CF_文中300x250_TVBS-新聞網_HB_3,,知名媒體,,129,2,0,2,118,0,129,1.55%,91.47%,0.00%,0.00%,1.55%
20260127,12,闇碼科技股份有限公司,3048,縮短網址產生器-reurl,22213,MW_蓋版_縮短網址產生器-reurl-2025.05(特殊供量),,知名媒體,,631,10,0,10,589,0,631,1.58%,93.34%,0.00%,0.00%,1.58%
20260127,12,艾得基客行銷顧問股份有限公司,3724,上報,22217,MW_置底創意(非展開)_上報,,知名媒體,,"1,341",98,0,98,"1,026",0,1341,7.31%,76.51%,0.00%,0.00%,7.31%
20260127,12,艾得基客行銷顧問股份有限公司,3724,上報,22218,MW_置底(展開)_上報,,知名媒體,,"2,308",221,0,221,"1,810",0,2308,9.58%,78.42%,0.00%,0.00%,9.58%
20260127,12,艾得基客行銷顧問股份有限公司,2689,Basketball Top5,22219,MW_置底(展開)_Basketball TOP5,,,,401,4,0,4,246,0,401,1.00%,61.35%,0.00%,0.00%,1.00%
20260127,12,欣發現股份有限公司,3363,大人物-mobile,22222,MW_蓋板_大人物,,知名媒體,,73,14,0,14,65,0,73,19.18%,89.04%,0.00%,0.00%,19.18%
20260127,12,朱光宁,3741,石頭小說3,22396,MW_置底_石頭小說3,,,,42,14,0,14,33,0,42,33.33%,78.57%,0.00%,0.00%,33.33%
20260127,12,朱光宁,3741,石頭小說3,22398,CF_336 x 280 banner_石頭小說3_cpc1.67,,,,"11,452",193,0,193,"11,325",0,11452,1.69%,98.89%,0.00%,0.00%,1.69%
20260127,12,朱光宁,3741,石頭小說3,22399,CF_320 x 480 橫幅_石頭小說3,,,,18,7,0,7,11,0,18,38.89%,61.11%,0.00%,0.00%,38.89%
20260127,12,艾得基客行銷顧問股份有限公司,3724,上報,22405,MW_蓋版_上報,,知名媒體,,24,2,0,2,18,0,24,8.33%,75.00%,0.00%,0.00%,8.33%
20260127,12,闇碼科技股份有限公司,3068,限時圖片-imgus,22406,MW_置底_imgus,antifroud,,,86,4,0,4,63,0,86,4.65%,73.26%,0.00%,0.00%,4.65%
20260127,12,第一網站股份有限公司,2783,漫畫櫃manhuagui,22443,MW_置底_manhuagui,antifroud,,,"4,942","1,341",0,"1,341","3,656",0,4942,27.13%,73.98%,0.00%,0.00%,27.13%
20260127,12,艾得基客行銷顧問股份有限公司,3490,太報,22495,MW_300x250 BANNER_太報_CPM5,,知名媒體,子聯播網,54,6,0,6,36,0,54,11.11%,66.67%,0.00%,0.00%,11.11%
20260127,12,艾得基客行銷顧問股份有限公司,2689,Basketball Top5,22498,MW_300x250 Banner_Basketball TOP5_CPM5,,,子聯播網,"1,087",10,0,10,682,0,1087,0.92%,62.74%,0.00%,0.00%,0.92%
20260127,12,艾得基客行銷顧問股份有限公司,2578,鉅亨網,22507,MW_300x250_鉅亨網_直播用BN-1,,知名媒體,子聯播網,"1,281",96,0,96,977,0,1281,7.49%,76.27%,0.00%,0.00%,7.49%
20260127,12,艾得基客行銷顧問股份有限公司,3752,ＭoneyDJ,22514,MW_文中創意320x480_MoneyDJ,antifroud,知名媒體,,92,16,0,16,67,0,92,17.39%,72.83%,0.00%,0.00%,17.39%
20260127,12,艾得基客行銷顧問股份有限公司,3752,ＭoneyDJ,22515,MW_300x250 BANNER_MoneyDJ,antifroud,知名媒體,,6,2,0,2,4,0,6,33.33%,66.67%,0.00%,0.00%,33.33%
20260127,12,李承翰-webptt,718,Web批踢踢(RWD),2284,MW-蓋板_文中_Web批踢踢,antifroud,,,18,0,0,0,18,0,18,0.00%,100.00%,0.00%,0.00%,0.00%
20260127,12,麥智維,999,動漫戲說,3543,CF-728*90-內文上方-動漫戲說,antifroud,,,240,13,0,13,236,0,240,5.42%,98.33%,0.00%,0.00%,5.42%
20260127,12,肖偉彬,1287,紅櫻桃小說書庫,4678,CF-內文上方-300*250-紅櫻桃小說書庫,,,,98,52,0,52,64,0,98,53.06%,65.31%,0.00%,0.00%,53.06%
20260127,12,肖偉彬,1286,龍騰世紀書庫,4716,CF-內文中間-300*250-龍騰世紀書庫,,,,6,0,0,0,5,0,6,0.00%,83.33%,0.00%,0.00%,0.00%
20260127,12,肖偉彬,1287,紅櫻桃小說書庫,4717,MW_文中創意300x250_紅櫻桃小說書庫,,,,6,0,0,0,6,0,6,0.00%,100.00%,0.00%,0.00%,0.00%
20260127,12,技達創意資訊有限公司,1299,泰好網,4733,CF-300*250-內文下方-泰好網,,,,6,0,0,0,6,0,6,0.00%,100.00%,0.00%,0.00%,0.00%
20260127,12,技達創意資訊有限公司,1299,泰好網,4734,MW-320*100-首頁、內文上方-泰好網,,,,12,0,0,0,12,0,12,0.00%,100.00%,0.00%,0.00%,0.00%
20260127,12,肖偉彬,1347,雲台書屋,4923,CF-上方通欄-300*250-雲台書屋,,,,6,0,0,0,6,0,6,0.00%,100.00%,0.00%,0.00%,0.00%
20260127,12,陈晋福,1367,電視超人,4997,CF-300X250-電視超人,,,,45,6,0,6,45,0,45,13.33%,100.00%,0.00%,0.00%,13.33%
20260127,12,麥智維,999,動漫戲說,6069,CF-300*250-首頁-動漫戲說,,,,84,12,0,12,72,0,84,14.29%,85.71%,0.00%,0.00%,14.29%
20260127,12,吳慧玲,2082,宅女懶懶子,8074,CF-內文中間_x0008_-300x250-宅女懶懶子,,,,7,0,0,0,7,0,7,0.00%,100.00%,0.00%,0.00%,0.00%
20260127,12,精鏡傳媒股份有限公司,1060,鏡週刊,8250,MW_置底創意(非展開)_鏡週刊,,知名媒體,,90,14,0,14,70,0,90,15.56%,77.78%,0.00%,0.00%,15.56%
20260127,12,臺灣電視事業股份有限公司,52,台視,8313,PC-300x250_內文第一塊_台視財經,,知名媒體,,25,1,0,1,24,0,25,4.00%,96.00%,0.00%,0.00%,4.00%
20260127,12,巧克科技新媒體股份有限公司,2127,LINE TV_Banner-exchange,8576,CF_336x280_戲劇-右側好康資訊下方_LINE TV-exchange,,知名媒體,,188,28,0,28,174,0,188,14.89%,92.55%,0.00%,0.00%,14.89%
20260127,12,巧克科技新媒體股份有限公司,2127,LINE TV_Banner-exchange,8577,CF_336x280_戲劇-右側好康資訊上方_LINE TV-exchange,,知名媒體,,296,26,0,26,283,0,296,8.78%,95.61%,0.00%,0.00%,8.78%
20260127,12,鳳梨傳媒股份有限公司,2190,民視新聞網-Exchange,8862,CF_970X90_分類新聞內頁上方_民視新聞(MCM),,知名媒體,,6,0,0,0,6,0,6,0.00%,100.00%,0.00%,0.00%,0.00%
20260127,12,見聞科技有限公司,2251,就是節目表,9233,MW-300x250-節目表文中-就是節目表,,,,19,0,0,0,19,0,19,0.00%,100.00%,0.00%,0.00%,0.00%
20260127,12,冰楓科技有限公司,1711,冰楓短網址,9307,CF-300X250-跳轉頁下方-冰楓短網址,,,,6,0,0,0,6,0,6,0.00%,100.00%,0.00%,0.00%,0.00%
20260127,13,英屬維京群島商浩美數位有限公司台灣分公司,2315,Teepr亮新聞-exchange,10012,CF_336x280Banner_Teepr亮新聞-exchange,,知名媒體,,"1,264",6,0,6,887,0,1264,0.47%,70.17%,0.00%,0.00%,0.47%
20260127,13,昱得資訊工作室,2528,數位書香,11080,CF_728x90_首頁上方_數位書香,antifroud,,,14,0,0,0,14,0,14,0.00%,100.00%,0.00%,0.00%,0.00%
20260127,13,昱得資訊工作室,2528,數位書香,11081,CF_160x600_首頁右側_數位書香,antifroud,,,421,0,0,0,421,0,421,0.00%,100.00%,0.00%,0.00%,0.00%
20260127,13,第一網站股份有限公司,2518,麻辣家族討論區(twbts),11082,CF-728X90-twbts,antifroud,,,854,0,0,0,854,0,854,0.00%,100.00%,0.00%,0.00%,0.00%
20260127,13,第一網站股份有限公司,2601,Meme梗圖倉庫,11443,CF-336X280-meme,,,,931,109,0,109,872,0,931,11.71%,93.66%,0.00%,0.00%,11.71%
20260127,13,艾得基客行銷顧問股份有限公司,2578,鉅亨網,12070,MW_320x480_文中創意_鉅亨網,,知名媒體,,"12,089",663,0,663,"9,717",0,12089,5.48%,80.38%,0.00%,0.00%,5.48%
20260127,13,冰楓科技有限公司,1710,冰楓論壇,12511,MW_300x250_Banner_冰楓論壇-exchange,,,,12,0,0,0,12,0,12,0.00%,100.00%,0.00%,0.00%,0.00%
20260127,13,時報資訊股份有限公司,2770,中時電子報_HB,12559,CF_300x250_右側互動看版_中時電子報_HB,,知名媒體,,529,32,0,32,502,0,529,6.05%,94.90%,0.00%,0.00%,6.05%
20260127,13,時報資訊股份有限公司,2770,中時電子報_HB,12560,CF_336x280_文中看板_中時電子報_HB,,知名媒體,,498,28,0,28,474,0,498,5.62%,95.18%,0.00%,0.00%,5.62%
20260127,13,時報資訊股份有限公司,2770,中時電子報_HB,12561,MW_300x250_內頁TOP Banner_中時電子報_HB,antifroud,知名媒體,,981,144,0,144,744,0,981,14.68%,75.84%,0.00%,0.00%,14.68%
20260127,13,第一網站股份有限公司,2768,czbooks,12570,CF_728x90_banner_czbooks,,,,"61,939",839,0,839,"61,602",0,61939,1.35%,99.46%,0.00%,0.00%,1.35%
20260127,13,鳳梨傳媒股份有限公司,2190,民視新聞網-Exchange,12579,CF_300x250_右側第一塊_民視新聞網-Exchange(RWD)(MCM),,知名媒體,,"3,714",131,0,131,"2,899",0,3714,3.53%,78.06%,0.00%,0.00%,3.53%
20260127,13,鳳梨傳媒股份有限公司,2190,民視新聞網-Exchange,12580,CF_300x250_內文文中左側_民視新聞網-Exchange(RWD)(MCM),,知名媒體,,"4,015",163,0,163,"3,293",0,4015,4.06%,82.02%,0.00%,0.00%,4.06%
20260127,13,第一網站股份有限公司,2783,漫畫櫃manhuagui,12676,CF_728X90_manhuagui,antifroud,,,"33,256","3,047",0,"3,047","31,032",0,33256,9.16%,93.31%,0.00%,0.00%,9.16%
20260127,13,艾得基客行銷顧問股份有限公司,2635,工商時報,12761,MW_320x480_文中創意_工商時報new,,知名媒體,,22,2,0,2,19,0,22,9.09%,86.36%,0.00%,0.00%,9.09%
20260127,13,第一網站股份有限公司,2801,damanwoo,12868,CF-300x250_Banner_damanwoo_大人物,,,,30,2,0,2,29,0,30,6.67%,96.67%,0.00%,0.00%,6.67%
20260127,13,第一網站股份有限公司,2820,星座好朋友(horofriend88),12966,MW_320x100_horofriend88,antifroud,,,30,0,0,0,20,0,30,0.00%,66.67%,0.00%,0.00%,0.00%
20260127,13,時報資訊股份有限公司,2335,中時電子報_2019,12974,MW-置底創意(展開)-中時電子報_2019,antifroud,知名媒體,,54,8,0,8,43,0,54,14.81%,79.63%,0.00%,0.00%,14.81%
20260127,13,第一網站股份有限公司,2836,vivi01,13032,MW_置底創意_vivi01 ViVi視頻,,,,18,0,0,0,15,0,18,0.00%,83.33%,0.00%,0.00%,0.00%
20260127,13,第一網站股份有限公司,2838,mycard,13041,MW_320x480_加倍mycard,,,,35,0,0,0,35,0,35,0.00%,100.00%,0.00%,0.00%,0.00%
20260127,13,第一網站股份有限公司,2862,Manhuaren,13254,MW_320x100_banner_manhuaren,,,,6,2,0,2,5,0,6,33.33%,83.33%,0.00%,0.00%,33.33%
20260127,13,曾憲敏,202,85小說網,13445,MW_336X280_全量1_85小說網,,,,414,132,0,132,312,0,414,31.88%,75.36%,0.00%,0.00%,31.88%
20260127,13,曾憲敏,202,85小說網,13446,MW_336X280_全量2_85小說網,,,,"3,426",962,0,962,"2,579",0,3426,28.08%,75.28%,0.00%,0.00%,28.08%
20260127,13,曾憲敏,601,85小說網_PC,13450,(子)CF_336x280_全量2_85小說網,,,子聯播網,204,0,0,0,204,0,204,0.00%,100.00%,0.00%,0.00%,0.00%
20260127,13,第一網站股份有限公司,2768,czbooks,13482,(子)CF_300x600_banner_czbooks(限時段),,,子聯播網,30,0,0,0,30,0,30,0.00%,100.00%,0.00%,0.00%,0.00%
20260127,13,第一網站股份有限公司,2768,czbooks,13483,(子)CF_970x250_banner_czbooks(限時段),,,子聯播網,32,0,0,0,32,0,32,0.00%,100.00%,0.00%,0.00%,0.00%
20260127,13,第一網站股份有限公司,2910,clickme,13548,(子)CF_300x250_banner_clickme(一般),,,子聯播網,187,8,0,8,185,0,187,4.28%,98.93%,0.00%,0.00%,4.28%
20260127,13,第一網站股份有限公司,2910,clickme,13549,CF_300x250_banner_clickme(一般),,,,752,163,0,163,596,0,752,21.68%,79.26%,0.00%,0.00%,21.68%
20260127,13,第一網站股份有限公司,2916,KiKiNote,13576,(子)CF_300x250_banner_kikinote,,知名媒體,子聯播網,"1,234",0,0,0,"1,232",0,1234,0.00%,99.84%,0.00%,0.00%,0.00%
20260127,13,闇碼科技股份有限公司,2992,縮短網址產生器-reurl-exchange,13848,CF_300x250_轉址失敗_最右邊_reurl,,知名媒體,,6,0,0,0,6,0,6,0.00%,100.00%,0.00%,0.00%,0.00%
20260127,13,闇碼科技股份有限公司,2992,縮短網址產生器-reurl-exchange,13861,CF_300x250_網址下方右側(PB)_reurl,,知名媒體,,12,4,0,4,7,0,12,33.33%,58.33%,0.00%,0.00%,33.33%
20260127,13,第一網站股份有限公司,2768,czbooks,13903,(子)CF_300x250_banner_czbooks(直播),antifroud,,子聯播網,764,0,0,0,764,0,764,0.00%,100.00%,0.00%,0.00%,0.00%
20260127,13,第一網站股份有限公司,2768,czbooks,14036,MW_320x480_CZBOOKS,antifroud,,,102,15,0,15,88,0,102,14.71%,86.27%,0.00%,0.00%,14.71%
20260127,13,陳人鳳,480,飛格寵物家族_PC,1407,CF-728X90_上方通欄_飛格寵物家族,,,,6,0,0,0,6,0,6,0.00%,100.00%,0.00%,0.00%,0.00%
20260127,13,陳人鳳,480,飛格寵物家族_PC,1408,CF-300X250_內文_飛格寵物家族,,,,28,0,0,0,26,0,28,0.00%,92.86%,0.00%,0.00%,0.00%
20260127,13,飛凡傳播股份有限公司,1921,非凡新聞台-exchange,14188,MW_300x250_內文上方_非凡新聞-exchange,antifroud,知名媒體,,6,2,0,2,4,0,6,33.33%,66.67%,0.00%,0.00%,33.33%
20260127,13,闇碼科技股份有限公司,3048,縮短網址產生器-reurl,14210,MW_文中創意300x250_縮短網址產生器-reurl,,知名媒體,,266,12,0,12,219,0,266,4.51%,82.33%,0.00%,0.00%,4.51%
20260127,13,巨思文化股份有限公司,3053,數位時代_HB,14246,MW_300x250_文章結束第一塊_數位時代-HB,,知名媒體,,6,0,0,0,6,0,6,0.00%,100.00%,0.00%,0.00%,0.00%
20260127,13,鳳梨傳媒股份有限公司,2896,四季線上影視-Mobile,14247,MW_文中創意320x480_四季線上影視-Mobile,,知名媒體,,6,0,0,0,5,0,6,0.00%,83.33%,0.00%,0.00%,0.00%
20260127,13,富盈數據股份有限公司,3059,塔科女子,14258,CF_336x280_全網_塔科女子,,知名媒體,,19,0,0,0,16,0,19,0.00%,84.21%,0.00%,0.00%,0.00%
20260127,13,CBROOT LTD,3003,包子漫畫-exchange,14291,MW_300x250_蓋板(PB)_包子漫畫,,,,266,122,0,122,168,0,266,45.86%,63.16%,0.00%,0.00%,45.86%
20260127,13,朱光宁,3152,石頭小說-exchange,14472,MW_336x280_Banner_石頭小說,,,,283,69,0,69,219,0,283,24.38%,77.39%,0.00%,0.00%,24.38%
20260127,13,朱光宁,3149,稷下書院-exchange,14748,MW_320x100_置底(PB)_稷下書院,,,,"29,515","10,354",0,"10,354","21,561",0,29515,35.08%,73.05%,0.00%,0.00%,35.08%
20260127,13,巨思文化股份有限公司,3053,數位時代_HB,14764,MW_置底創意_(非展開)_數位時代_HB,,知名媒體,,473,135,0,135,337,0,473,28.54%,71.25%,0.00%,0.00%,28.54%
20260127,13,中天電視股份有限公司,3282,中天新聞網-exchange,14980,CF_970x250_內頁_PC置頂橫幅-中天新聞網-exchange,,知名媒體,,138,0,0,0,125,0,138,0.00%,90.58%,0.00%,0.00%,0.00%
20260127,13,曾憲敏,3327,85小說網_創意,15227,MW-300X250_85小說網_隨身影音PB,,,,50,8,0,8,39,0,50,16.00%,78.00%,0.00%,0.00%,16.00%
20260127,13,曾憲敏,3327,85小說網_創意,15228,MW-創意-85小說網,,,,76,22,0,22,57,0,76,28.95%,75.00%,0.00%,0.00%,28.95%
20260127,13,千晶文化事業股份有限公司,3336,Beauty 美人圈,15254,MW_置底創意(非展開)_ Beauty 美人圈,,知名媒體,,"1,297",64,0,64,"1,044",0,1297,4.93%,80.49%,0.00%,0.00%,4.93%
20260127,13,中天電視股份有限公司,3282,中天新聞網-exchange,15859,CF_336x280_內頁_PC右側互動看板B-中天新聞網-exchange,,知名媒體,,984,22,0,22,883,0,984,2.24%,89.74%,0.00%,0.00%,2.24%
20260127,13,CBROOT LTD,3352,西瓜卡通-exchange,15970,CF_160x600_影音內容_西瓜卡通-exchange,,,,6,0,0,0,6,0,6,0.00%,100.00%,0.00%,0.00%,0.00%
20260127,13,時報資訊股份有限公司,2817,旺得富,16911,CF_300x250_Billboard_2nd_旺得富,,知名媒體,,6,0,0,0,5,0,6,0.00%,83.33%,0.00%,0.00%,0.00%
20260127,13,朱光宁,3360,提莫書屋-exchange,16957,MW_336x280banner_提莫書屋_exchange,,,,"17,501","4,107",0,"4,107","13,864",0,17501,23.47%,79.22%,0.00%,0.00%,23.47%
20260127,13,朱光宁,3361,提莫書屋-mobile,16959,MW_320x480_文中創意_提莫書屋-mobile,,,,68,22,0,22,52,0,68,32.35%,76.47%,0.00%,0.00%,32.35%
20260127,13,欣發現股份有限公司,3365,Hami任務牆-mobile,16969,MW_置底創意_Hami任務牆,,知名媒體,,44,8,0,8,39,0,44,18.18%,88.64%,0.00%,0.00%,18.18%
20260127,13,欣發現股份有限公司,3364,女子學-mobile,16972,MW_置底創意_女子學,antifroud,,,108,0,0,0,108,0,108,0.00%,100.00%,0.00%,0.00%,0.00%
20260127,13,欣發現股份有限公司,3363,大人物-mobile,16973,MW_置底創意_大人物,,知名媒體,,37,2,0,2,35,0,37,5.41%,94.59%,0.00%,0.00%,5.41%
20260127,13,第一網站股份有限公司,2783,漫畫櫃manhuagui,17027,MW_320x480_蓋版_漫畫櫃manhuagui,,,,128,27,0,27,95,0,128,21.09%,74.22%,0.00%,0.00%,21.09%
20260127,13,艾得基客行銷顧問股份有限公司,3373,良醫健康網,17092,MW_置底創意_良醫健康網,,知名媒體,,36,14,0,14,24,0,36,38.89%,66.67%,0.00%,0.00%,38.89%
20260127,13,詠勝科技有限公司,3385,Mobile01_HB,17179,CF_300x250_熱門大看板_Mobile01_HB,,知名媒體,,275,8,0,8,271,0,275,2.91%,98.55%,0.00%,0.00%,2.91%
20260127,13,詠勝科技有限公司,3385,Mobile01_HB,17180,CF_300x250_置底看板左_Mobile01_HB,,知名媒體,,60,0,0,0,60,0,60,0.00%,100.00%,0.00%,0.00%,0.00%
20260127,13,詠勝科技有限公司,3385,Mobile01_HB,17181,CF_300x250_置底看板中_Mobile01_HB,,知名媒體,,108,0,0,0,108,0,108,0.00%,100.00%,0.00%,0.00%,0.00%
20260127,13,詠勝科技有限公司,3385,Mobile01_HB,17182,CF_300x250_置底看板右_Mobile01_HB,,知名媒體,,12,0,0,0,12,0,12,0.00%,100.00%,0.00%,0.00%,0.00%
20260127,13,朱光宁,3268,稷下書院-mobile,17207,MW_320x480_蓋版_稷下書院-mobile,,,,"1,059",354,0,354,746,0,1059,33.43%,70.44%,0.00%,0.00%,33.43%
20260127,13,中華電視股份有限公司,3389,華視-mobile,17230,MW_置底創意(非展開)_華視-mobile,,知名媒體,,24,0,0,0,19,0,24,0.00%,79.17%,0.00%,0.00%,0.00%
20260127,13,李立娟,3395,vivi0視頻-exchange,17293,CF_336x280_Banner_vivi01視頻-exchange,antifroud,,,"42,880",208,0,208,"31,449",0,42880,0.49%,73.34%,0.00%,0.00%,0.49%
20260127,13,李立娟,3395,vivi0視頻-exchange,17294,MW_336x280_Banner_vivi01視頻-exchange,antifroud,,,"44,701",162,0,162,"32,594",0,44701,0.36%,72.92%,0.00%,0.00%,0.36%
20260127,13,李立娟,3395,vivi0視頻-exchange,17299,MW_300x250_蓋板(PB)-vivi01視頻-exchange,,,,12,0,0,0,11,0,12,0.00%,91.67%,0.00%,0.00%,0.00%
20260127,13,李立娟,3395,vivi0視頻-exchange,17300,MW_320x100_置底(PB)_vivi01視頻-exchange,antifroud,,,"69,432",227,0,227,"50,906",0,69432,0.33%,73.32%,0.00%,0.00%,0.33%
20260127,13,李立娟,3397,趣聞圖說-exchange,17309,MW_336x280_文中Banner_趣聞圖說-exchange,,,,6,0,0,0,6,0,6,0.00%,100.00%,0.00%,0.00%,0.00%
20260127,13,曾憲敏,601,85小說網_PC,1773,CF-300x250_85小說網_內文1,,,,305,54,0,54,279,0,305,17.70%,91.48%,0.00%,0.00%,17.70%
20260127,13,李立娟,3396,趣聞圖說-Mobile,17923,MW_置底創意(展開)_趣聞圖說-Mobile,,,,92,0,0,0,72,0,92,0.00%,78.26%,0.00%,0.00%,0.00%
20260127,13,第一網站股份有限公司,2768,czbooks,17927,MW_置底創意_czbook,,,,"5,499","1,773",0,"1,773","3,962",0,5499,32.24%,72.05%,0.00%,0.00%,32.24%
20260127,13,時報資訊股份有限公司_工商時報,3427,工商時報-exchange,18003,CF_300x250_互動看板2_工商時報-exchange,,知名媒體,,8,0,0,0,8,0,8,0.00%,100.00%,0.00%,0.00%,0.00%
20260127,13,時報資訊股份有限公司_工商時報,3427,工商時報-exchange,18014,MW_300x250_文末Banner1_工商時報-exchange,,知名媒體,,58,14,0,14,42,0,58,24.14%,72.41%,0.00%,0.00%,24.14%
20260127,13,時報資訊股份有限公司_工商時報,3427,工商時報-exchange,18015,MW_300x250_文末Banner2_工商時報-exchange,,知名媒體,,161,34,0,34,121,0,161,21.12%,75.16%,0.00%,0.00%,21.12%
20260127,13,第一網站股份有限公司,3440,fsa_passback_first,18201,CF_336x280_fsa_passback_first,,,,970,381,0,381,812,0,970,39.28%,83.71%,0.00%,0.00%,39.28%
20260127,13,第一網站股份有限公司,3440,fsa_passback_first,18202,CF_300x250_fsa_passback_first,,,,"4,621",345,0,345,"4,416",0,4621,7.47%,95.56%,0.00%,0.00%,7.47%
20260127,13,第一網站股份有限公司,3440,fsa_passback_first,18266,(子)CF_970x250_cfbanner_blog,,,子聯播網,284,0,0,0,284,0,284,0.00%,100.00%,0.00%,0.00%,0.00%
20260127,13,莊博凱,3455,夢遊電玩,18269,300x250 Banner,,,,18,0,0,0,18,0,18,0.00%,100.00%,0.00%,0.00%,0.00%
20260127,13,朱光宁,3268,稷下書院-mobile,18297,MW_置底創意(展開)_稷下書院-mobile,,,,132,38,0,38,100,0,132,28.79%,75.76%,0.00%,0.00%,28.79%
20260127,13,冰楓科技有限公司,3485,冰楓論壇-exchange,18487,CF_970x90_內文上方第一塊_冰楓論壇-exchange,,,,985,16,0,16,973,0,985,1.62%,98.78%,0.00%,0.00%,1.62%
20260127,13,冰楓科技有限公司,3485,冰楓論壇-exchange,18488,MW_320x100_內文上方第一塊_ 冰楓論壇-exchange,antifroud,,,85,0,0,0,84,0,85,0.00%,98.82%,0.00%,0.00%,0.00%
20260127,13,冰楓科技有限公司,3485,冰楓論壇-exchange,18492,MW_300x250_Banner_ 冰楓論壇-exchange,,,,450,19,0,19,444,0,450,4.22%,98.67%,0.00%,0.00%,4.22%
20260127,13,闇碼科技股份有限公司,3048,縮短網址產生器-reurl,18535,MW_蓋版_縮短網址產生器-reurl,,知名媒體,,18,2,0,2,14,0,18,11.11%,77.78%,0.00%,0.00%,11.11%
20260127,13,CBROOT LTD,3492,包子漫畫(特開流量)-exchange,18544,(子)CF_300x600_指定流量_包子漫畫(特開流量)-exchange,,,子聯播網,12,0,0,0,12,0,12,0.00%,100.00%,0.00%,0.00%,0.00%
20260127,13,CBROOT LTD,3510,包子漫畫_twmanga-exchange,18737,CF_970x90_Banner_ 包子漫畫_twmanga-exchange,,,,46,0,0,0,45,0,46,0.00%,97.83%,0.00%,0.00%,0.00%
20260127,13,舒禾驊,3535,荷花動漫筆記,18887,CF_336x280_文章頁文中_荷花動漫筆記,,,,6,0,0,0,6,0,6,0.00%,100.00%,0.00%,0.00%,0.00%
20260127,13,台灣英文新聞股份有限公司,3537,台灣英文新聞(new)-exchange,18924,CF_300x250_內容頁_右側看版_1_台灣英文新聞(new)-exchange,,知名媒體,,32,2,0,2,31,0,32,6.25%,96.88%,0.00%,0.00%,6.25%
20260127,13,台灣英文新聞股份有限公司,3537,台灣英文新聞(new)-exchange,18925,CF_300x600_內容頁_右側看版_2_台灣英文新聞(new)-exchange,,知名媒體,,6,0,0,0,6,0,6,0.00%,100.00%,0.00%,0.00%,0.00%
20260127,13,聯合線上股份有限公司,3549,UDN元氣網,19018,CF_首頁文章推薦第三格300x250_UDN元氣網,,知名媒體,,6,2,0,2,5,0,6,33.33%,83.33%,0.00%,0.00%,33.33%
20260127,13,艾得基客行銷顧問股份有限公司,3490,太報,19043,MW_置底創意(展開)_太報,,知名媒體,,273,24,0,24,203,0,273,8.79%,74.36%,0.00%,0.00%,8.79%
20260127,13,艾得基客行銷顧問股份有限公司,3552,玩具人,19044,MW_320x480_文中創意_玩具人,,知名媒體,,53,12,0,12,40,0,53,22.64%,75.47%,0.00%,0.00%,22.64%
20260127,13,先驅媒體社會企業股份有限公司,3554,新頭殼(R18),19047,(子)CF_300x250Banner_newtalk.tw_content_300250_1_新頭殼(R18),,知名媒體,子聯播網,6,0,0,0,6,0,6,0.00%,100.00%,0.00%,0.00%,0.00%
20260127,13,第一網站股份有限公司,2783,漫畫櫃manhuagui,20685,MW_300X250_manhuagui,antifroud,,,"6,171","1,669",0,"1,669","4,638",0,6171,27.05%,75.16%,0.00%,0.00%,27.05%
20260127,13,德榕企業有限公司,3577,TW Bodhi,20705,(子)CF_336x280_文章頁(RWD)_TW Bodhi,antifroud,,子聯播網,12,0,0,0,12,0,12,0.00%,100.00%,0.00%,0.00%,0.00%
20260127,13,德榕企業有限公司,3578,TW Bodhi_mobile,20707,MW_置底創意_TW Bodhi,,,,18,2,0,2,11,0,18,11.11%,61.11%,0.00%,0.00%,11.11%
20260127,13,德榕企業有限公司,3578,TW Bodhi_mobile,20708,MW_蓋板_TW Bodhi,,,,238,70,0,70,166,0,238,29.41%,69.75%,0.00%,0.00%,29.41%
20260127,13,德榕企業有限公司,3581,忘憂書屋,20727,CF_336x280文章頁(RWD)_忘憂書屋,,,,54,10,0,10,45,0,54,18.52%,83.33%,0.00%,0.00%,18.52%
20260127,13,德榕企業有限公司,3582,忘憂書屋_mobile,20728,MW_文中創意300x250_忘憂書屋,,,,68,16,0,16,50,0,68,23.53%,73.53%,0.00%,0.00%,23.53%
20260127,13,德榕企業有限公司,3582,忘憂書屋_mobile,20729,MW_蓋板_忘憂書屋,,,,12,2,0,2,8,0,12,16.67%,66.67%,0.00%,0.00%,16.67%
20260127,13,德榕企業有限公司,3582,忘憂書屋_mobile,20730,MW_置底創意_忘憂書屋,,,,32,14,0,14,21,0,32,43.75%,65.62%,0.00%,0.00%,43.75%
20260127,13,第一網站股份有限公司,2916,KiKiNote,20731,CF_300x250_banner_kikinote (PB),,知名媒體,,26,0,0,0,26,0,26,0.00%,100.00%,0.00%,0.00%,0.00%
20260127,13,第一網站股份有限公司,2910,clickme,20735,(子)CF_300x250_banner_clickme(成人),,,子聯播網,"5,655",20,0,20,"5,625",0,5655,0.35%,99.47%,0.00%,0.00%,0.35%
20260127,13,第一網站股份有限公司,3440,fsa_passback_first,21699,CF_336x280_fsa_passback_first,,,,"1,615",134,0,134,"1,578",0,1615,8.30%,97.71%,0.00%,0.00%,8.30%
20260127,13,富盈數據股份有限公司,3653,TVBS-女人我最大_HB,21760,MW_文章三_336x280_TVBS-女人我最大_HB,,知名媒體,,92,0,0,0,58,0,92,0.00%,63.04%,0.00%,0.00%,0.00%
20260127,13,富盈數據股份有限公司,3653,TVBS-女人我最大_HB,21761,MW_文章四_336x280_TVBS-女人我最大_HB,,知名媒體,,989,84,0,84,686,0,989,8.49%,69.36%,0.00%,0.00%,8.49%
20260127,13,富盈數據股份有限公司,3653,TVBS-女人我最大_HB,21763,MW_文中創意320x480_TVBS-女人我最大_HB,,知名媒體,,563,52,0,52,363,0,563,9.24%,64.48%,0.00%,0.00%,9.24%
20260127,13,富盈數據股份有限公司,3654,TVBS-健康2.0_HB,21765,MW_文章三_336x280_TVBS-健康2.0_HB,,知名媒體,,62,13,0,13,52,0,62,20.97%,83.87%,0.00%,0.00%,20.97%
20260127,13,富盈數據股份有限公司,3654,TVBS-健康2.0_HB,21768,MW_文中創意320x480_TVBS-健康2.0_HB,,知名媒體,,"7,696","1,361",0,"1,361","5,652",0,7696,17.68%,73.44%,0.00%,0.00%,17.68%
20260127,13,富盈數據股份有限公司,3655,TVBS-食尚玩家_HB,21770,MW_文章三_336x280_TVBS-食尚玩家_HB,,知名媒體,,44,4,0,4,32,0,44,9.09%,72.73%,0.00%,0.00%,9.09%
20260127,13,富盈數據股份有限公司,3655,TVBS-食尚玩家_HB,21773,MW_文中創意320x480_TVBS-食尚玩家_HB,,知名媒體,,496,115,0,115,321,0,496,23.19%,64.72%,0.00%,0.00%,23.19%
20260127,13,富盈數據股份有限公司,3654,TVBS-健康2.0_HB,21812,MW_文章一_336x280_TVBS-健康2.0_HB,,知名媒體,,123,26,0,26,93,0,123,21.14%,75.61%,0.00%,0.00%,21.14%
20260127,13,儂儂雜誌社股份有限公司(bella儂儂),2135,Bella儂儂_2024,21876,MW-300x250_文章標題上方1_Bella儂儂,,知名媒體,,162,20,0,20,122,0,162,12.35%,75.31%,0.00%,0.00%,12.35%
20260127,13,富盈數據股份有限公司,3680,TVBS-新聞網_HB,21898,CF_文章右側300x600_TVBS-新聞網_HB,,知名媒體,,26,0,0,0,25,0,26,0.00%,96.15%,0.00%,0.00%,0.00%
20260127,13,富盈數據股份有限公司,3680,TVBS-新聞網_HB,21899,MW_文章一_336x280_TVBS-新聞網_HB,,知名媒體,,"4,259",106,0,106,"2,826",0,4259,2.49%,66.35%,0.00%,0.00%,2.49%
20260127,13,富盈數據股份有限公司,3680,TVBS-新聞網_HB,21900,MW_文章三_336x280_TVBS-新聞網_HB,,知名媒體,,721,29,0,29,431,0,721,4.02%,59.78%,0.00%,0.00%,4.02%
20260127,13,富盈數據股份有限公司,3680,TVBS-新聞網_HB,21902,MW_文章置底_320x100_TVBS-新聞網_HB,,知名媒體,,"3,442",104,0,104,"2,288",0,3442,3.02%,66.47%,0.00%,0.00%,3.02%
20260127,13,富盈數據股份有限公司,3684,稅美人_mobile,21923,MW_置底創意(非展開)_稅美人-mobile,,,,60,16,0,16,46,0,60,26.67%,76.67%,0.00%,0.00%,26.67%
20260127,13,富盈數據股份有限公司,3685,玩桌遊_mobile,21924,MW_置底創意(非展開)_玩桌遊-mobile,,,,146,64,0,64,96,0,146,43.84%,65.75%,0.00%,0.00%,43.84%
20260127,13,富盈數據股份有限公司,2615,熱血台中,21986,CF_336x280_全網_熱血台中,,,,18,0,0,0,15,0,18,0.00%,83.33%,0.00%,0.00%,0.00%
20260127,13,富盈數據股份有限公司,2615,熱血台中,21987,CF_336x280_全網_熱血台中,,,,36,0,0,0,36,0,36,0.00%,100.00%,0.00%,0.00%,0.00%
20260127,13,富盈數據股份有限公司,3704,天天要聞,22030,CF_300 x 250 banner_天天要聞_cpc2,,,,842,242,0,242,663,0,842,28.74%,78.74%,0.00%,0.00%,28.74%
20260127,13,富盈數據股份有限公司,3703,繁體小說,22031,CF_300 x 250 banner_繁體小說_cpc2,,,,52,12,0,12,43,0,52,23.08%,82.69%,0.00%,0.00%,23.08%
20260127,13,朱光宁,3708,石頭小說,22045,CF_336 x 280 banner_石頭小說_cpc1.67,antifroud,,,"66,040",407,0,407,"66,033",0,66040,0.62%,99.99%,0.00%,0.00%,0.62%
20260127,13,冠妍動力科技有限公司,484,小老婆汽機車資訊網,22058,MW_文中創意320x480_小老婆汽機車資訊網-測試,,知名媒體,,6,0,0,0,6,0,6,0.00%,100.00%,0.00%,0.00%,0.00%
20260127,13,朱光宁,3718,稷下書院2,22093,CF_336 x 280 banner_稷下書院2_cpc1.67,antifroud,,,"68,455",166,0,166,"68,429",0,68455,0.24%,99.96%,0.00%,0.00%,0.24%
20260127,13,富盈數據股份有限公司,3680,TVBS-新聞網_HB,22131,CF_文中300x250_TVBS-新聞網_HB_1,,知名媒體,,6,0,0,0,6,0,6,0.00%,100.00%,0.00%,0.00%,0.00%
20260127,13,富盈數據股份有限公司,3680,TVBS-新聞網_HB,22132,CF_文中300x250_TVBS-新聞網_HB_2,,知名媒體,,30,0,0,0,28,0,30,0.00%,93.33%,0.00%,0.00%,0.00%
20260127,13,富盈數據股份有限公司,3680,TVBS-新聞網_HB,22133,CF_文中300x250_TVBS-新聞網_HB_3,,知名媒體,,132,0,0,0,124,0,132,0.00%,93.94%,0.00%,0.00%,0.00%
20260127,13,格上汽車租賃股份有限公司,1975,行遍天下,22135,MW_置底創意(非展開)_行遍天下-mobile,,知名媒體,,6,0,0,0,6,0,6,0.00%,100.00%,0.00%,0.00%,0.00%
20260127,13,富盈數據股份有限公司,3730,Teepr 亮新聞 HB,22145,MW_336x280_文中創意_Teepr亮新聞 HB,,,,6,0,0,0,4,0,6,0.00%,66.67%,0.00%,0.00%,0.00%
20260127,13,冰楓科技有限公司,3485,冰楓論壇-exchange,22160,CF_300x250_Banner2_ 冰楓論壇-exchange,,,,24,2,0,2,23,0,24,8.33%,95.83%,0.00%,0.00%,8.33%
20260127,13,闇碼科技股份有限公司,3048,縮短網址產生器-reurl,22213,MW_蓋版_縮短網址產生器-reurl-2025.05(特殊供量),,知名媒體,,241,14,0,14,197,0,241,5.81%,81.74%,0.00%,0.00%,5.81%
20260127,13,艾得基客行銷顧問股份有限公司,3724,上報,22217,MW_置底創意(非展開)_上報,,知名媒體,,"2,681",202,0,202,"2,092",0,2681,7.53%,78.03%,0.00%,0.00%,7.53%
20260127,13,艾得基客行銷顧問股份有限公司,3724,上報,22218,MW_置底(展開)_上報,,知名媒體,,"1,019",101,0,101,786,0,1019,9.91%,77.13%,0.00%,0.00%,9.91%
20260127,13,艾得基客行銷顧問股份有限公司,2689,Basketball Top5,22219,MW_置底(展開)_Basketball TOP5,,,,184,0,0,0,115,0,184,0.00%,62.50%,0.00%,0.00%,0.00%
20260127,13,欣發現股份有限公司,3363,大人物-mobile,22222,MW_蓋板_大人物,,知名媒體,,49,8,0,8,43,0,49,16.33%,87.76%,0.00%,0.00%,16.33%
20260127,13,艾得基客行銷顧問股份有限公司,3738,痞客邦,22226,MW_文章頁-置底-痞客邦,,知名媒體,,6,2,0,2,4,0,6,33.33%,66.67%,0.00%,0.00%,33.33%
20260127,13,朱光宁,3741,石頭小說3,22396,MW_置底_石頭小說3,,,,30,18,0,18,19,0,30,60.00%,63.33%,0.00%,0.00%,60.00%
20260127,13,朱光宁,3741,石頭小說3,22398,CF_336 x 280 banner_石頭小說3_cpc1.67,,,,"12,216",161,0,161,"12,123",0,12216,1.32%,99.24%,0.00%,0.00%,1.32%
20260127,13,朱光宁,3741,石頭小說3,22399,CF_320 x 480 橫幅_石頭小說3,,,,20,8,0,8,14,0,20,40.00%,70.00%,0.00%,0.00%,40.00%
20260127,13,艾得基客行銷顧問股份有限公司,3724,上報,22405,MW_蓋版_上報,,知名媒體,,301,25,0,25,230,0,301,8.31%,76.41%,0.00%,0.00%,8.31%
20260127,13,闇碼科技股份有限公司,3068,限時圖片-imgus,22406,MW_置底_imgus,antifroud,,,69,10,0,10,44,0,69,14.49%,63.77%,0.00%,0.00%,14.49%
20260127,13,第一網站股份有限公司,2783,漫畫櫃manhuagui,22443,MW_置底_manhuagui,antifroud,,,"4,687","1,125",0,"1,125","3,506",0,4687,24.00%,74.80%,0.00%,0.00%,24.00%
20260127,13,艾得基客行銷顧問股份有限公司,3490,太報,22495,MW_300x250 BANNER_太報_CPM5,,知名媒體,子聯播網,12,0,0,0,10,0,12,0.00%,83.33%,0.00%,0.00%,0.00%
20260127,13,艾得基客行銷顧問股份有限公司,2689,Basketball Top5,22498,MW_300x250 Banner_Basketball TOP5_CPM5,,,子聯播網,375,6,0,6,235,0,375,1.60%,62.67%,0.00%,0.00%,1.60%
20260127,13,艾得基客行銷顧問股份有限公司,2578,鉅亨網,22507,MW_300x250_鉅亨網_直播用BN-1,,知名媒體,子聯播網,799,49,0,49,645,0,799,6.13%,80.73%,0.00%,0.00%,6.13%
20260127,13,艾得基客行銷顧問股份有限公司,3752,ＭoneyDJ,22514,MW_文中創意320x480_MoneyDJ,antifroud,知名媒體,,96,18,0,18,63,0,96,18.75%,65.62%,0.00%,0.00%,18.75%
20260127,13,艾得基客行銷顧問股份有限公司,3752,ＭoneyDJ,22515,MW_300x250 BANNER_MoneyDJ,antifroud,知名媒體,,6,2,0,2,3,0,6,33.33%,50.00%,0.00%,0.00%,33.33%
20260127,13,李承翰-webptt,718,Web批踢踢(RWD),2284,MW-蓋板_文中_Web批踢踢,antifroud,,,26,2,0,2,25,0,26,7.69%,96.15%,0.00%,0.00%,7.69%
20260127,13,麥智維,999,動漫戲說,3543,CF-728*90-內文上方-動漫戲說,antifroud,,,136,7,0,7,133,0,136,5.15%,97.79%,0.00%,0.00%,5.15%
20260127,13,蔡建磊,1269,跑跑資訊站,4622,CF-300X250-內文右側-跑跑資訊站,,,,6,0,0,0,6,0,6,0.00%,100.00%,0.00%,0.00%,0.00%
20260127,13,肖偉彬,1287,紅櫻桃小說書庫,4678,CF-內文上方-300*250-紅櫻桃小說書庫,,,,20,6,0,6,17,0,20,30.00%,85.00%,0.00%,0.00%,30.00%
20260127,13,肖偉彬,1287,紅櫻桃小說書庫,4717,MW_文中創意300x250_紅櫻桃小說書庫,,,,6,0,0,0,6,0,6,0.00%,100.00%,0.00%,0.00%,0.00%
20260127,13,技達創意資訊有限公司,1299,泰好網,4734,MW-320*100-首頁、內文上方-泰好網,,,,6,0,0,0,6,0,6,0.00%,100.00%,0.00%,0.00%,0.00%
20260127,13,陈晋福,1367,電視超人,4997,CF-300X250-電視超人,,,,18,0,0,0,18,0,18,0.00%,100.00%,0.00%,0.00%,0.00%
20260127,13,麥智維,999,動漫戲說,6069,CF-300*250-首頁-動漫戲說,,,,30,0,0,0,30,0,30,0.00%,100.00%,0.00%,0.00%,0.00%
20260127,13,莊博凱,1676,夢遊電玩-exchange,6310,CF-160*600-網頁右側-夢遊電玩-exchange,,,,12,0,0,0,12,0,12,0.00%,100.00%,0.00%,0.00%,0.00%
20260127,13,精鏡傳媒股份有限公司,1060,鏡週刊,8249,MW_置底創意(展開)_鏡週刊,,知名媒體,,6,0,0,0,3,0,6,0.00%,50.00%,0.00%,0.00%,0.00%
20260127,13,精鏡傳媒股份有限公司,1060,鏡週刊,8250,MW_置底創意(非展開)_鏡週刊,,知名媒體,,"1,296",236,0,236,945,0,1296,18.21%,72.92%,0.00%,0.00%,18.21%
20260127,13,臺灣電視事業股份有限公司,52,台視,8313,PC-300x250_內文第一塊_台視財經,,知名媒體,,34,3,0,3,32,0,34,8.82%,94.12%,0.00%,0.00%,8.82%
20260127,13,布林遊國際有限公司,1692,Bring You,8393,CF-300X250-上方通欄右側_BringYou,,知名媒體,,6,0,0,0,5,0,6,0.00%,83.33%,0.00%,0.00%,0.00%
20260127,13,巧克科技新媒體股份有限公司,2127,LINE TV_Banner-exchange,8576,CF_336x280_戲劇-右側好康資訊下方_LINE TV-exchange,,知名媒體,,66,8,0,8,62,0,66,12.12%,93.94%,0.00%,0.00%,12.12%
20260127,13,巧克科技新媒體股份有限公司,2127,LINE TV_Banner-exchange,8577,CF_336x280_戲劇-右側好康資訊上方_LINE TV-exchange,,知名媒體,,89,6,0,6,86,0,89,6.74%,96.63%,0.00%,0.00%,6.74%
20260127,13,鳳梨傳媒股份有限公司,2190,民視新聞網-Exchange,8862,CF_970X90_分類新聞內頁上方_民視新聞(MCM),,知名媒體,,12,0,0,0,12,0,12,0.00%,100.00%,0.00%,0.00%,0.00%
20260127,13,見聞科技有限公司,2251,就是節目表,9233,MW-300x250-節目表文中-就是節目表,,,,12,0,0,0,12,0,12,0.00%,100.00%,0.00%,0.00%,0.00%
20260127,13,冰楓科技有限公司,2289,BFFile,9576,CF-300X600-下載頁上方-BFFile,,,,6,0,0,0,6,0,6,0.00%,100.00%,0.00%,0.00%,0.00%
20260127,14,英屬維京群島商浩美數位有限公司台灣分公司,2315,Teepr亮新聞-exchange,10012,CF_336x280Banner_Teepr亮新聞-exchange,,知名媒體,,819,2,0,2,553,0,819,0.24%,67.52%,0.00%,0.00%,0.24%
20260127,14,第一網站股份有限公司,2300,keketravel,10594,(子)CF_336x280_keketravel,,,子聯播網,8,0,0,0,8,0,8,0.00%,100.00%,0.00%,0.00%,0.00%
20260127,14,昱得資訊工作室,2528,數位書香,11080,CF_728x90_首頁上方_數位書香,antifroud,,,128,0,0,0,128,0,128,0.00%,100.00%,0.00%,0.00%,0.00%
20260127,14,昱得資訊工作室,2528,數位書香,11081,CF_160x600_首頁右側_數位書香,antifroud,,,"1,076",0,0,0,"1,076",0,1076,0.00%,100.00%,0.00%,0.00%,0.00%
20260127,14,第一網站股份有限公司,2518,麻辣家族討論區(twbts),11082,CF-728X90-twbts,antifroud,,,"1,180",0,0,0,"1,180",0,1180,0.00%,100.00%,0.00%,0.00%,0.00%
20260127,14,第一網站股份有限公司,2540,risu短網址,11260,MW-300X250-MB_page_left-risu,,知名媒體,,18,2,0,2,15,0,18,11.11%,83.33%,0.00%,0.00%,11.11%
20260127,14,第一網站股份有限公司,2492,ttshow,11273,MW-300X250-ttshow,,知名媒體,,18,0,0,0,18,0,18,0.00%,100.00%,0.00%,0.00%,0.00%
20260127,14,第一網站股份有限公司,2601,Meme梗圖倉庫,11443,CF-336X280-meme,,,,"1,374",111,0,111,"1,317",0,1374,8.08%,95.85%,0.00%,0.00%,8.08%
20260127,14,艾得基客行銷顧問股份有限公司,2578,鉅亨網,12070,MW_320x480_文中創意_鉅亨網,,知名媒體,,"9,778",499,0,499,"7,856",0,9778,5.10%,80.34%,0.00%,0.00%,5.10%
20260127,14,葉志斌,2745,繁中寶可夢卡表生成器-奶爸工作室-exchange,12210,CF_728x90__文末__繁中寶可夢卡表生成器,,,,12,2,0,2,11,0,12,16.67%,91.67%,0.00%,0.00%,16.67%
20260127,14,第一網站股份有限公司,2540,risu短網址,12496,CF_300x250_popup(直播) _risu短網址,antifroud,知名媒體,,6,0,0,0,6,0,6,0.00%,100.00%,0.00%,0.00%,0.00%
20260127,14,時報資訊股份有限公司,2770,中時電子報_HB,12559,CF_300x250_右側互動看版_中時電子報_HB,,知名媒體,,640,48,0,48,609,0,640,7.50%,95.16%,0.00%,0.00%,7.50%
20260127,14,時報資訊股份有限公司,2770,中時電子報_HB,12560,CF_336x280_文中看板_中時電子報_HB,,知名媒體,,603,48,0,48,573,0,603,7.96%,95.02%,0.00%,0.00%,7.96%
20260127,14,時報資訊股份有限公司,2770,中時電子報_HB,12561,MW_300x250_內頁TOP Banner_中時電子報_HB,antifroud,知名媒體,,"1,031",148,0,148,785,0,1031,14.35%,76.14%,0.00%,0.00%,14.35%
20260127,14,第一網站股份有限公司,2768,czbooks,12570,CF_728x90_banner_czbooks,,,,"46,395",593,0,593,"46,110",0,46395,1.28%,99.39%,0.00%,0.00%,1.28%
20260127,14,鳳梨傳媒股份有限公司,2190,民視新聞網-Exchange,12579,CF_300x250_右側第一塊_民視新聞網-Exchange(RWD)(MCM),,知名媒體,,"2,297",117,0,117,"1,816",0,2297,5.09%,79.06%,0.00%,0.00%,5.09%
20260127,14,鳳梨傳媒股份有限公司,2190,民視新聞網-Exchange,12580,CF_300x250_內文文中左側_民視新聞網-Exchange(RWD)(MCM),,知名媒體,,"2,131",111,0,111,"1,765",0,2131,5.21%,82.82%,0.00%,0.00%,5.21%
20260127,14,第一網站股份有限公司,2783,漫畫櫃manhuagui,12676,CF_728X90_manhuagui,antifroud,,,"40,408","4,179",0,"4,179","37,446",0,40408,10.34%,92.67%,0.00%,0.00%,10.34%
20260127,14,艾得基客行銷顧問股份有限公司,2635,工商時報,12761,MW_320x480_文中創意_工商時報new,,知名媒體,,12,0,0,0,11,0,12,0.00%,91.67%,0.00%,0.00%,0.00%
20260127,14,金隼行銷股份有限公司,2786,91譜,12792,MW_置底創意_91譜,,知名媒體,,6,2,0,2,3,0,6,33.33%,50.00%,0.00%,0.00%,33.33%
20260127,14,第一網站股份有限公司,2801,damanwoo,12868,CF-300x250_Banner_damanwoo_大人物,,,,32,0,0,0,32,0,32,0.00%,100.00%,0.00%,0.00%,0.00%
20260127,14,第一網站股份有限公司,2820,星座好朋友(horofriend88),12966,MW_320x100_horofriend88,antifroud,,,608,4,0,4,419,0,608,0.66%,68.91%,0.00%,0.00%,0.66%
20260127,14,時報資訊股份有限公司,2335,中時電子報_2019,12974,MW-置底創意(展開)-中時電子報_2019,antifroud,知名媒體,,6,0,0,0,4,0,6,0.00%,66.67%,0.00%,0.00%,0.00%
20260127,14,第一網站股份有限公司,2836,vivi01,13032,MW_置底創意_vivi01 ViVi視頻,,,,30,0,0,0,23,0,30,0.00%,76.67%,0.00%,0.00%,0.00%
20260127,14,第一網站股份有限公司,2838,mycard,13041,MW_320x480_加倍mycard,,,,19,0,0,0,19,0,19,0.00%,100.00%,0.00%,0.00%,0.00%
20260127,14,和運租車股份有限公司,2878,abc好車網,13368,CF_970x90_物件頁下方_abc好車網,,知名媒體,,12,0,0,0,10,0,12,0.00%,83.33%,0.00%,0.00%,0.00%
20260127,14,曾憲敏,202,85小說網,13445,MW_336X280_全量1_85小說網,,,,336,82,0,82,247,0,336,24.40%,73.51%,0.00%,0.00%,24.40%
20260127,14,曾憲敏,202,85小說網,13446,MW_336X280_全量2_85小說網,,,,"2,674",778,0,778,"1,997",0,2674,29.09%,74.68%,0.00%,0.00%,29.09%
20260127,14,曾憲敏,601,85小說網_PC,13450,(子)CF_336x280_全量2_85小說網,,,子聯播網,189,0,0,0,189,0,189,0.00%,100.00%,0.00%,0.00%,0.00%
20260127,14,第一網站股份有限公司,2768,czbooks,13482,(子)CF_300x600_banner_czbooks(限時段),,,子聯播網,89,0,0,0,89,0,89,0.00%,100.00%,0.00%,0.00%,0.00%
20260127,14,第一網站股份有限公司,2768,czbooks,13483,(子)CF_970x250_banner_czbooks(限時段),,,子聯播網,115,0,0,0,115,0,115,0.00%,100.00%,0.00%,0.00%,0.00%
20260127,14,第一網站股份有限公司,2910,clickme,13548,(子)CF_300x250_banner_clickme(一般),,,子聯播網,718,29,0,29,705,0,718,4.04%,98.19%,0.00%,0.00%,4.04%
20260127,14,第一網站股份有限公司,2910,clickme,13549,CF_300x250_banner_clickme(一般),,,,890,70,0,70,641,0,890,7.87%,72.02%,0.00%,0.00%,7.87%
20260127,14,第一網站股份有限公司,2916,KiKiNote,13576,(子)CF_300x250_banner_kikinote,,知名媒體,子聯播網,"2,051",46,0,46,"2,023",0,2051,2.24%,98.63%,0.00%,0.00%,2.24%
20260127,14,闇碼科技股份有限公司,2992,縮短網址產生器-reurl-exchange,13848,CF_300x250_轉址失敗_最右邊_reurl,,知名媒體,,46,0,0,0,45,0,46,0.00%,97.83%,0.00%,0.00%,0.00%
20260127,14,闇碼科技股份有限公司,2992,縮短網址產生器-reurl-exchange,13856,CF_300x250_轉址失敗頁第二塊_reurl,,知名媒體,,40,0,0,0,39,0,40,0.00%,97.50%,0.00%,0.00%,0.00%
20260127,14,第一網站股份有限公司,2768,czbooks,13903,(子)CF_300x250_banner_czbooks(直播),antifroud,,子聯播網,"1,676",0,0,0,"1,676",0,1676,0.00%,100.00%,0.00%,0.00%,0.00%
20260127,14,第一網站股份有限公司,2768,czbooks,14036,MW_320x480_CZBOOKS,antifroud,,,53,6,0,6,42,0,53,11.32%,79.25%,0.00%,0.00%,11.32%
20260127,14,陳人鳳,480,飛格寵物家族_PC,1407,CF-728X90_上方通欄_飛格寵物家族,,,,96,9,0,9,85,0,96,9.38%,88.54%,0.00%,0.00%,9.38%
20260127,14,陳人鳳,480,飛格寵物家族_PC,1408,CF-300X250_內文_飛格寵物家族,,,,70,0,0,0,70,0,70,0.00%,100.00%,0.00%,0.00%,0.00%
20260127,14,飛凡傳播股份有限公司,1921,非凡新聞台-exchange,14188,MW_300x250_內文上方_非凡新聞-exchange,antifroud,知名媒體,,7,0,0,0,7,0,7,0.00%,100.00%,0.00%,0.00%,0.00%
20260127,14,闇碼科技股份有限公司,3048,縮短網址產生器-reurl,14209,MW_置底創意_縮短網址產生器-reurl,,知名媒體,,6,0,0,0,6,0,6,0.00%,100.00%,0.00%,0.00%,0.00%
20260127,14,闇碼科技股份有限公司,3048,縮短網址產生器-reurl,14210,MW_文中創意300x250_縮短網址產生器-reurl,,知名媒體,,786,10,0,10,757,0,786,1.27%,96.31%,0.00%,0.00%,1.27%
20260127,14,巨思文化股份有限公司,3053,數位時代_HB,14242,CF_300x250_內文下方左側_數位時代-HB,,知名媒體,,9,2,0,2,9,0,9,22.22%,100.00%,0.00%,0.00%,22.22%
20260127,14,巨思文化股份有限公司,3053,數位時代_HB,14243,CF_300x250_內文下方右側_數位時代-HB,,知名媒體,,7,2,0,2,7,0,7,28.57%,100.00%,0.00%,0.00%,28.57%
20260127,14,富盈數據股份有限公司,3059,塔科女子,14258,CF_336x280_全網_塔科女子,,知名媒體,,24,0,0,0,24,0,24,0.00%,100.00%,0.00%,0.00%,0.00%
20260127,14,CBROOT LTD,3003,包子漫畫-exchange,14291,MW_300x250_蓋板(PB)_包子漫畫,,,,457,147,0,147,321,0,457,32.17%,70.24%,0.00%,0.00%,32.17%
20260127,14,朱光宁,3152,石頭小說-exchange,14472,MW_336x280_Banner_石頭小說,,,,"1,741",560,0,560,"1,420",0,1741,32.17%,81.56%,0.00%,0.00%,32.17%
20260127,14,朱光宁,3149,稷下書院-exchange,14748,MW_320x100_置底(PB)_稷下書院,,,,"24,524","8,198",0,"8,198","18,024",0,24524,33.43%,73.50%,0.00%,0.00%,33.43%
20260127,14,巨思文化股份有限公司,3053,數位時代_HB,14764,MW_置底創意_(非展開)_數位時代_HB,,知名媒體,,206,50,0,50,148,0,206,24.27%,71.84%,0.00%,0.00%,24.27%
20260127,14,中天電視股份有限公司,3282,中天新聞網-exchange,14980,CF_970x250_內頁_PC置頂橫幅-中天新聞網-exchange,,知名媒體,,126,4,0,4,121,0,126,3.17%,96.03%,0.00%,0.00%,3.17%
20260127,14,曾憲敏,3327,85小說網_創意,15227,MW-300X250_85小說網_隨身影音PB,,,,24,4,0,4,19,0,24,16.67%,79.17%,0.00%,0.00%,16.67%
20260127,14,曾憲敏,3327,85小說網_創意,15228,MW-創意-85小說網,,,,90,26,0,26,62,0,90,28.89%,68.89%,0.00%,0.00%,28.89%
20260127,14,中天電視股份有限公司,3282,中天新聞網-exchange,15859,CF_336x280_內頁_PC右側互動看板B-中天新聞網-exchange,,知名媒體,,614,18,0,18,552,0,614,2.93%,89.90%,0.00%,0.00%,2.93%
20260127,14,布林遊國際有限公司,2620,Bring You-exchange,15951,CF_300x600_右側通欄_BringYou-exchange,,知名媒體,,12,0,0,0,12,0,12,0.00%,100.00%,0.00%,0.00%,0.00%
20260127,14,CBROOT LTD,3352,西瓜卡通-exchange,15970,CF_160x600_影音內容_西瓜卡通-exchange,,,,6,0,0,0,6,0,6,0.00%,100.00%,0.00%,0.00%,0.00%
20260127,14,葉志斌,2745,繁中寶可夢卡表生成器-奶爸工作室-exchange,16950,CF_160x600_Banner_繁中寶可夢卡表生成器-奶爸工作室-exchange,,,,6,0,0,0,6,0,6,0.00%,100.00%,0.00%,0.00%,0.00%
20260127,14,朱光宁,3360,提莫書屋-exchange,16957,MW_336x280banner_提莫書屋_exchange,,,,"17,270","4,466",0,"4,466","13,513",0,17270,25.86%,78.25%,0.00%,0.00%,25.86%
20260127,14,朱光宁,3361,提莫書屋-mobile,16959,MW_320x480_文中創意_提莫書屋-mobile,,,,32,10,0,10,24,0,32,31.25%,75.00%,0.00%,0.00%,31.25%
20260127,14,欣發現股份有限公司,3365,Hami任務牆-mobile,16969,MW_置底創意_Hami任務牆,,知名媒體,,18,6,0,6,14,0,18,33.33%,77.78%,0.00%,0.00%,33.33%
20260127,14,欣發現股份有限公司,3364,女子學-mobile,16972,MW_置底創意_女子學,antifroud,,,152,54,0,54,122,0,152,35.53%,80.26%,0.00%,0.00%,35.53%
20260127,14,欣發現股份有限公司,3363,大人物-mobile,16973,MW_置底創意_大人物,,知名媒體,,6,0,0,0,6,0,6,0.00%,100.00%,0.00%,0.00%,0.00%
20260127,14,第一網站股份有限公司,2783,漫畫櫃manhuagui,17027,MW_320x480_蓋版_漫畫櫃manhuagui,,,,107,34,0,34,79,0,107,31.78%,73.83%,0.00%,0.00%,31.78%
20260127,14,艾得基客行銷顧問股份有限公司,3373,良醫健康網,17092,MW_置底創意_良醫健康網,,知名媒體,,56,18,0,18,38,0,56,32.14%,67.86%,0.00%,0.00%,32.14%
20260127,14,詠勝科技有限公司,3385,Mobile01_HB,17179,CF_300x250_熱門大看板_Mobile01_HB,,知名媒體,,180,6,0,6,176,0,180,3.33%,97.78%,0.00%,0.00%,3.33%
20260127,14,詠勝科技有限公司,3385,Mobile01_HB,17180,CF_300x250_置底看板左_Mobile01_HB,,知名媒體,,37,2,0,2,36,0,37,5.41%,97.30%,0.00%,0.00%,5.41%
20260127,14,詠勝科技有限公司,3385,Mobile01_HB,17181,CF_300x250_置底看板中_Mobile01_HB,,知名媒體,,45,4,0,4,43,0,45,8.89%,95.56%,0.00%,0.00%,8.89%
20260127,14,詠勝科技有限公司,3385,Mobile01_HB,17182,CF_300x250_置底看板右_Mobile01_HB,,知名媒體,,16,0,0,0,16,0,16,0.00%,100.00%,0.00%,0.00%,0.00%
20260127,14,朱光宁,3268,稷下書院-mobile,17207,MW_320x480_蓋版_稷下書院-mobile,,,,687,226,0,226,478,0,687,32.90%,69.58%,0.00%,0.00%,32.90%
20260127,14,李立娟,3395,vivi0視頻-exchange,17293,CF_336x280_Banner_vivi01視頻-exchange,antifroud,,,"45,417",114,0,114,"33,666",0,45417,0.25%,74.13%,0.00%,0.00%,0.25%
20260127,14,李立娟,3395,vivi0視頻-exchange,17294,MW_336x280_Banner_vivi01視頻-exchange,antifroud,,,"45,616",120,0,120,"33,371",0,45616,0.26%,73.16%,0.00%,0.00%,0.26%
20260127,14,李立娟,3395,vivi0視頻-exchange,17299,MW_300x250_蓋板(PB)-vivi01視頻-exchange,,,,12,0,0,0,11,0,12,0.00%,91.67%,0.00%,0.00%,0.00%
20260127,14,李立娟,3395,vivi0視頻-exchange,17300,MW_320x100_置底(PB)_vivi01視頻-exchange,antifroud,,,"75,219",190,0,190,"55,648",0,75219,0.25%,73.98%,0.00%,0.00%,0.25%
20260127,14,李立娟,3397,趣聞圖說-exchange,17309,MW_336x280_文中Banner_趣聞圖說-exchange,,,,350,9,0,9,349,0,350,2.57%,99.71%,0.00%,0.00%,2.57%
20260127,14,曾憲敏,601,85小說網_PC,1773,CF-300x250_85小說網_內文1,,,,262,46,0,46,240,0,262,17.56%,91.60%,0.00%,0.00%,17.56%
20260127,14,李立娟,3396,趣聞圖說-Mobile,17923,MW_置底創意(展開)_趣聞圖說-Mobile,,,,42,0,0,0,32,0,42,0.00%,76.19%,0.00%,0.00%,0.00%
20260127,14,第一網站股份有限公司,2768,czbooks,17927,MW_置底創意_czbook,,,,"4,556","1,467",0,"1,467","3,301",0,4556,32.20%,72.45%,0.00%,0.00%,32.20%
20260127,14,時報資訊股份有限公司_工商時報,3427,工商時報-exchange,18007,CF_336x280_文末右側看板_工商時報-exchange,,知名媒體,,6,0,0,0,6,0,6,0.00%,100.00%,0.00%,0.00%,0.00%
20260127,14,時報資訊股份有限公司_工商時報,3427,工商時報-exchange,18014,MW_300x250_文末Banner1_工商時報-exchange,,知名媒體,,76,8,0,8,60,0,76,10.53%,78.95%,0.00%,0.00%,10.53%
20260127,14,時報資訊股份有限公司_工商時報,3427,工商時報-exchange,18015,MW_300x250_文末Banner2_工商時報-exchange,,知名媒體,,92,14,0,14,71,0,92,15.22%,77.17%,0.00%,0.00%,15.22%
20260127,14,第一網站股份有限公司,3440,fsa_passback_first,18201,CF_336x280_fsa_passback_first,,,,"1,417",398,0,398,"1,224",0,1417,28.09%,86.38%,0.00%,0.00%,28.09%
20260127,14,第一網站股份有限公司,3440,fsa_passback_first,18202,CF_300x250_fsa_passback_first,,,,"3,426",307,0,307,"3,254",0,3426,8.96%,94.98%,0.00%,0.00%,8.96%
20260127,14,第一網站股份有限公司,3440,fsa_passback_first,18266,(子)CF_970x250_cfbanner_blog,,,子聯播網,456,0,0,0,456,0,456,0.00%,100.00%,0.00%,0.00%,0.00%
20260127,14,朱光宁,3268,稷下書院-mobile,18297,MW_置底創意(展開)_稷下書院-mobile,,,,144,46,0,46,106,0,144,31.94%,73.61%,0.00%,0.00%,31.94%
20260127,14,冰楓科技有限公司,3485,冰楓論壇-exchange,18487,CF_970x90_內文上方第一塊_冰楓論壇-exchange,,,,"1,014",17,0,17,993,0,1014,1.68%,97.93%,0.00%,0.00%,1.68%
20260127,14,冰楓科技有限公司,3485,冰楓論壇-exchange,18488,MW_320x100_內文上方第一塊_ 冰楓論壇-exchange,antifroud,,,71,3,0,3,70,0,71,4.23%,98.59%,0.00%,0.00%,4.23%
20260127,14,冰楓科技有限公司,3485,冰楓論壇-exchange,18492,MW_300x250_Banner_ 冰楓論壇-exchange,,,,417,0,0,0,411,0,417,0.00%,98.56%,0.00%,0.00%,0.00%
20260127,14,闇碼科技股份有限公司,3048,縮短網址產生器-reurl,18535,MW_蓋版_縮短網址產生器-reurl,,知名媒體,,14,0,0,0,12,0,14,0.00%,85.71%,0.00%,0.00%,0.00%
20260127,14,CBROOT LTD,3492,包子漫畫(特開流量)-exchange,18544,(子)CF_300x600_指定流量_包子漫畫(特開流量)-exchange,,,子聯播網,6,0,0,0,6,0,6,0.00%,100.00%,0.00%,0.00%,0.00%
20260127,14,CBROOT LTD,3510,包子漫畫_twmanga-exchange,18737,CF_970x90_Banner_ 包子漫畫_twmanga-exchange,,,,90,0,0,0,83,0,90,0.00%,92.22%,0.00%,0.00%,0.00%
20260127,14,台灣英文新聞股份有限公司,3537,台灣英文新聞(new)-exchange,18924,CF_300x250_內容頁_右側看版_1_台灣英文新聞(new)-exchange,,知名媒體,,42,4,0,4,37,0,42,9.52%,88.10%,0.00%,0.00%,9.52%
20260127,14,聯合線上股份有限公司,3549,UDN元氣網,19018,CF_首頁文章推薦第三格300x250_UDN元氣網,,知名媒體,,6,0,0,0,6,0,6,0.00%,100.00%,0.00%,0.00%,0.00%
20260127,14,艾得基客行銷顧問股份有限公司,3490,太報,19043,MW_置底創意(展開)_太報,,知名媒體,,249,16,0,16,180,0,249,6.43%,72.29%,0.00%,0.00%,6.43%
20260127,14,艾得基客行銷顧問股份有限公司,3552,玩具人,19044,MW_320x480_文中創意_玩具人,,知名媒體,,48,4,0,4,32,0,48,8.33%,66.67%,0.00%,0.00%,8.33%
20260127,14,第一網站股份有限公司,2783,漫畫櫃manhuagui,20685,MW_300X250_manhuagui,antifroud,,,"5,188","1,321",0,"1,321","3,931",0,5188,25.46%,75.77%,0.00%,0.00%,25.46%
20260127,14,德榕企業有限公司,3577,TW Bodhi,20705,(子)CF_336x280_文章頁(RWD)_TW Bodhi,antifroud,,子聯播網,12,0,0,0,12,0,12,0.00%,100.00%,0.00%,0.00%,0.00%
20260127,14,德榕企業有限公司,3578,TW Bodhi_mobile,20708,MW_蓋板_TW Bodhi,,,,243,69,0,69,178,0,243,28.40%,73.25%,0.00%,0.00%,28.40%
20260127,14,德榕企業有限公司,3581,忘憂書屋,20727,CF_336x280文章頁(RWD)_忘憂書屋,,,,134,24,0,24,107,0,134,17.91%,79.85%,0.00%,0.00%,17.91%
20260127,14,德榕企業有限公司,3582,忘憂書屋_mobile,20728,MW_文中創意300x250_忘憂書屋,,,,70,8,0,8,59,0,70,11.43%,84.29%,0.00%,0.00%,11.43%
20260127,14,德榕企業有限公司,3582,忘憂書屋_mobile,20729,MW_蓋板_忘憂書屋,,,,14,4,0,4,9,0,14,28.57%,64.29%,0.00%,0.00%,28.57%
20260127,14,第一網站股份有限公司,2916,KiKiNote,20731,CF_300x250_banner_kikinote (PB),,知名媒體,,20,0,0,0,20,0,20,0.00%,100.00%,0.00%,0.00%,0.00%
20260127,14,第一網站股份有限公司,2910,clickme,20735,(子)CF_300x250_banner_clickme(成人),,,子聯播網,"5,919",251,0,251,"5,709",0,5919,4.24%,96.45%,0.00%,0.00%,4.24%
20260127,14,第一網站股份有限公司,3440,fsa_passback_first,21699,CF_336x280_fsa_passback_first,,,,"4,632",540,0,540,"4,609",0,4632,11.66%,99.50%,0.00%,0.00%,11.66%
20260127,14,朱光宁,3269,石頭小說-mobile,21741,MW_320x480_蓋版_石頭小說-mobile,antifroud,,,6,2,0,2,5,0,6,33.33%,83.33%,0.00%,0.00%,33.33%
20260127,14,富盈數據股份有限公司,3653,TVBS-女人我最大_HB,21760,MW_文章三_336x280_TVBS-女人我最大_HB,,知名媒體,,6,0,0,0,4,0,6,0.00%,66.67%,0.00%,0.00%,0.00%
20260127,14,富盈數據股份有限公司,3653,TVBS-女人我最大_HB,21761,MW_文章四_336x280_TVBS-女人我最大_HB,,知名媒體,,550,80,0,80,388,0,550,14.55%,70.55%,0.00%,0.00%,14.55%
20260127,14,富盈數據股份有限公司,3653,TVBS-女人我最大_HB,21763,MW_文中創意320x480_TVBS-女人我最大_HB,,知名媒體,,283,30,0,30,189,0,283,10.60%,66.78%,0.00%,0.00%,10.60%
20260127,14,富盈數據股份有限公司,3654,TVBS-健康2.0_HB,21765,MW_文章三_336x280_TVBS-健康2.0_HB,,知名媒體,,7,5,0,5,5,0,7,71.43%,71.43%,0.00%,0.00%,71.43%
20260127,14,富盈數據股份有限公司,3654,TVBS-健康2.0_HB,21768,MW_文中創意320x480_TVBS-健康2.0_HB,,知名媒體,,"4,520",635,0,635,"3,388",0,4520,14.05%,74.96%,0.00%,0.00%,14.05%
20260127,14,富盈數據股份有限公司,3655,TVBS-食尚玩家_HB,21773,MW_文中創意320x480_TVBS-食尚玩家_HB,,知名媒體,,204,47,0,47,141,0,204,23.04%,69.12%,0.00%,0.00%,23.04%
20260127,14,富盈數據股份有限公司,3654,TVBS-健康2.0_HB,21812,MW_文章一_336x280_TVBS-健康2.0_HB,,知名媒體,,65,10,0,10,48,0,65,15.38%,73.85%,0.00%,0.00%,15.38%
20260127,14,儂儂雜誌社股份有限公司(bella儂儂),2135,Bella儂儂_2024,21876,MW-300x250_文章標題上方1_Bella儂儂,,知名媒體,,104,6,0,6,80,0,104,5.77%,76.92%,0.00%,0.00%,5.77%
20260127,14,富盈數據股份有限公司,3680,TVBS-新聞網_HB,21898,CF_文章右側300x600_TVBS-新聞網_HB,,知名媒體,,12,0,0,0,11,0,12,0.00%,91.67%,0.00%,0.00%,0.00%
20260127,14,富盈數據股份有限公司,3680,TVBS-新聞網_HB,21899,MW_文章一_336x280_TVBS-新聞網_HB,,知名媒體,,"2,293",70,0,70,"1,492",0,2293,3.05%,65.07%,0.00%,0.00%,3.05%
20260127,14,富盈數據股份有限公司,3680,TVBS-新聞網_HB,21900,MW_文章三_336x280_TVBS-新聞網_HB,,知名媒體,,339,8,0,8,196,0,339,2.36%,57.82%,0.00%,0.00%,2.36%
20260127,14,富盈數據股份有限公司,3680,TVBS-新聞網_HB,21902,MW_文章置底_320x100_TVBS-新聞網_HB,,知名媒體,,"2,592",81,0,81,"1,697",0,2592,3.12%,65.47%,0.00%,0.00%,3.12%
20260127,14,富盈數據股份有限公司,3684,稅美人_mobile,21923,MW_置底創意(非展開)_稅美人-mobile,,,,427,134,0,134,312,0,427,31.38%,73.07%,0.00%,0.00%,31.38%
20260127,14,富盈數據股份有限公司,3685,玩桌遊_mobile,21924,MW_置底創意(非展開)_玩桌遊-mobile,,,,164,65,0,65,114,0,164,39.63%,69.51%,0.00%,0.00%,39.63%
20260127,14,富盈數據股份有限公司,2615,熱血台中,21986,CF_336x280_全網_熱血台中,,,,12,0,0,0,12,0,12,0.00%,100.00%,0.00%,0.00%,0.00%
20260127,14,富盈數據股份有限公司,2615,熱血台中,21987,CF_336x280_全網_熱血台中,,,,44,0,0,0,37,0,44,0.00%,84.09%,0.00%,0.00%,0.00%
20260127,14,富盈數據股份有限公司,3704,天天要聞,22030,CF_300 x 250 banner_天天要聞_cpc2,,,,737,137,0,137,597,0,737,18.59%,81.00%,0.00%,0.00%,18.59%
20260127,14,富盈數據股份有限公司,3703,繁體小說,22031,CF_300 x 250 banner_繁體小說_cpc2,,,,14,0,0,0,14,0,14,0.00%,100.00%,0.00%,0.00%,0.00%
20260127,14,朱光宁,3708,石頭小說,22045,CF_336 x 280 banner_石頭小說_cpc1.67,antifroud,,,"51,365",361,0,361,"51,364",0,51365,0.70%,100.00%,0.00%,0.00%,0.70%
20260127,14,冠妍動力科技有限公司,484,小老婆汽機車資訊網,22058,MW_文中創意320x480_小老婆汽機車資訊網-測試,,知名媒體,,6,4,0,4,3,0,6,66.67%,50.00%,0.00%,0.00%,66.67%
20260127,14,朱光宁,3718,稷下書院2,22093,CF_336 x 280 banner_稷下書院2_cpc1.67,antifroud,,,"48,710",119,0,119,"48,710",0,48710,0.24%,100.00%,0.00%,0.00%,0.24%
20260127,14,富盈數據股份有限公司,3680,TVBS-新聞網_HB,22131,CF_文中300x250_TVBS-新聞網_HB_1,,知名媒體,,26,4,0,4,23,0,26,15.38%,88.46%,0.00%,0.00%,15.38%
20260127,14,富盈數據股份有限公司,3680,TVBS-新聞網_HB,22132,CF_文中300x250_TVBS-新聞網_HB_2,,知名媒體,,42,0,0,0,40,0,42,0.00%,95.24%,0.00%,0.00%,0.00%
20260127,14,富盈數據股份有限公司,3680,TVBS-新聞網_HB,22133,CF_文中300x250_TVBS-新聞網_HB_3,,知名媒體,,126,0,0,0,121,0,126,0.00%,96.03%,0.00%,0.00%,0.00%
20260127,14,闇碼科技股份有限公司,3048,縮短網址產生器-reurl,22213,MW_蓋版_縮短網址產生器-reurl-2025.05(特殊供量),,知名媒體,,782,10,0,10,755,0,782,1.28%,96.55%,0.00%,0.00%,1.28%
20260127,14,艾得基客行銷顧問股份有限公司,3724,上報,22217,MW_置底創意(非展開)_上報,,知名媒體,,"1,956",155,0,155,"1,538",0,1956,7.92%,78.63%,0.00%,0.00%,7.92%
20260127,14,艾得基客行銷顧問股份有限公司,3724,上報,22218,MW_置底(展開)_上報,,知名媒體,,"1,095",108,0,108,863,0,1095,9.86%,78.81%,0.00%,0.00%,9.86%
20260127,14,艾得基客行銷顧問股份有限公司,2689,Basketball Top5,22219,MW_置底(展開)_Basketball TOP5,,,,80,0,0,0,49,0,80,0.00%,61.25%,0.00%,0.00%,0.00%
20260127,14,欣發現股份有限公司,3363,大人物-mobile,22222,MW_蓋板_大人物,,知名媒體,,38,4,0,4,36,0,38,10.53%,94.74%,0.00%,0.00%,10.53%
20260127,14,艾得基客行銷顧問股份有限公司,3738,痞客邦,22226,MW_文章頁-置底-痞客邦,,知名媒體,,12,4,0,4,7,0,12,33.33%,58.33%,0.00%,0.00%,33.33%
20260127,14,朱光宁,3741,石頭小說3,22396,MW_置底_石頭小說3,,,,24,14,0,14,14,0,24,58.33%,58.33%,0.00%,0.00%,58.33%
20260127,14,朱光宁,3741,石頭小說3,22398,CF_336 x 280 banner_石頭小說3_cpc1.67,,,,"10,246",91,0,91,"10,207",0,10246,0.89%,99.62%,0.00%,0.00%,0.89%
20260127,14,朱光宁,3741,石頭小說3,22399,CF_320 x 480 橫幅_石頭小說3,,,,20,12,0,12,13,0,20,60.00%,65.00%,0.00%,0.00%,60.00%
20260127,14,艾得基客行銷顧問股份有限公司,3724,上報,22405,MW_蓋版_上報,,知名媒體,,219,15,0,15,175,0,219,6.85%,79.91%,0.00%,0.00%,6.85%
20260127,14,闇碼科技股份有限公司,3068,限時圖片-imgus,22406,MW_置底_imgus,antifroud,,,159,12,0,12,108,0,159,7.55%,67.92%,0.00%,0.00%,7.55%
20260127,14,第一網站股份有限公司,2783,漫畫櫃manhuagui,22443,MW_置底_manhuagui,antifroud,,,"4,239","1,159",0,"1,159","3,105",0,4239,27.34%,73.25%,0.00%,0.00%,27.34%
20260127,14,艾得基客行銷顧問股份有限公司,3490,太報,22495,MW_300x250 BANNER_太報_CPM5,,知名媒體,子聯播網,6,2,0,2,4,0,6,33.33%,66.67%,0.00%,0.00%,33.33%
20260127,14,艾得基客行銷顧問股份有限公司,2689,Basketball Top5,22498,MW_300x250 Banner_Basketball TOP5_CPM5,,,子聯播網,302,2,0,2,183,0,302,0.66%,60.60%,0.00%,0.00%,0.66%
20260127,14,艾得基客行銷顧問股份有限公司,2578,鉅亨網,22507,MW_300x250_鉅亨網_直播用BN-1,,知名媒體,子聯播網,782,28,0,28,642,0,782,3.58%,82.10%,0.00%,0.00%,3.58%
20260127,14,艾得基客行銷顧問股份有限公司,3752,ＭoneyDJ,22514,MW_文中創意320x480_MoneyDJ,antifroud,知名媒體,,46,12,0,12,34,0,46,26.09%,73.91%,0.00%,0.00%,26.09%
20260127,14,李承翰-webptt,718,Web批踢踢(RWD),2284,MW-蓋板_文中_Web批踢踢,antifroud,,,56,14,0,14,52,0,56,25.00%,92.86%,0.00%,0.00%,25.00%
20260127,14,麥智維,999,動漫戲說,3543,CF-728*90-內文上方-動漫戲說,antifroud,,,153,24,0,24,153,0,153,15.69%,100.00%,0.00%,0.00%,15.69%
20260127,14,蔡建磊,1269,跑跑資訊站,4622,CF-300X250-內文右側-跑跑資訊站,,,,6,0,0,0,6,0,6,0.00%,100.00%,0.00%,0.00%,0.00%
20260127,14,肖偉彬,1287,紅櫻桃小說書庫,4678,CF-內文上方-300*250-紅櫻桃小說書庫,,,,40,6,0,6,29,0,40,15.00%,72.50%,0.00%,0.00%,15.00%
20260127,14,肖偉彬,1286,龍騰世紀書庫,4716,CF-內文中間-300*250-龍騰世紀書庫,,,,6,2,0,2,4,0,6,33.33%,66.67%,0.00%,0.00%,33.33%
20260127,14,肖偉彬,1287,紅櫻桃小說書庫,4717,MW_文中創意300x250_紅櫻桃小說書庫,,,,6,4,0,4,3,0,6,66.67%,50.00%,0.00%,0.00%,66.67%
20260127,14,技達創意資訊有限公司,1299,泰好網,4733,CF-300*250-內文下方-泰好網,,,,24,0,0,0,24,0,24,0.00%,100.00%,0.00%,0.00%,0.00%
20260127,14,技達創意資訊有限公司,1299,泰好網,4734,MW-320*100-首頁、內文上方-泰好網,,,,6,0,0,0,6,0,6,0.00%,100.00%,0.00%,0.00%,0.00%
20260127,14,陈晋福,1367,電視超人,4997,CF-300X250-電視超人,,,,6,0,0,0,6,0,6,0.00%,100.00%,0.00%,0.00%,0.00%
20260127,14,麥智維,999,動漫戲說,6069,CF-300*250-首頁-動漫戲說,,,,26,16,0,16,24,0,26,61.54%,92.31%,0.00%,0.00%,61.54%
20260127,14,莊博凱,1676,夢遊電玩-exchange,6310,CF-160*600-網頁右側-夢遊電玩-exchange,,,,36,0,0,0,36,0,36,0.00%,100.00%,0.00%,0.00%,0.00%
20260127,14,吳慧玲,2082,宅女懶懶子,8073,CF-右側通欄第二塊-300x600-宅女懶懶子,antifroud,,,12,0,0,0,12,0,12,0.00%,100.00%,0.00%,0.00%,0.00%
20260127,14,精鏡傳媒股份有限公司,1060,鏡週刊,8249,MW_置底創意(展開)_鏡週刊,,知名媒體,,6,2,0,2,3,0,6,33.33%,50.00%,0.00%,0.00%,33.33%
20260127,14,精鏡傳媒股份有限公司,1060,鏡週刊,8250,MW_置底創意(非展開)_鏡週刊,,知名媒體,,994,126,0,126,731,0,994,12.68%,73.54%,0.00%,0.00%,12.68%
20260127,14,臺灣電視事業股份有限公司,52,台視,8313,PC-300x250_內文第一塊_台視財經,,知名媒體,,38,0,0,0,38,0,38,0.00%,100.00%,0.00%,0.00%,0.00%
20260127,14,布林遊國際有限公司,1692,Bring You,8393,CF-300X250-上方通欄右側_BringYou,,知名媒體,,32,2,0,2,32,0,32,6.25%,100.00%,0.00%,0.00%,6.25%
20260127,14,巧克科技新媒體股份有限公司,2127,LINE TV_Banner-exchange,8576,CF_336x280_戲劇-右側好康資訊下方_LINE TV-exchange,,知名媒體,,20,8,0,8,16,0,20,40.00%,80.00%,0.00%,0.00%,40.00%
20260127,14,巧克科技新媒體股份有限公司,2127,LINE TV_Banner-exchange,8577,CF_336x280_戲劇-右側好康資訊上方_LINE TV-exchange,,知名媒體,,70,12,0,12,64,0,70,17.14%,91.43%,0.00%,0.00%,17.14%
20260127,14,鳳梨傳媒股份有限公司,2190,民視新聞網-Exchange,8862,CF_970X90_分類新聞內頁上方_民視新聞(MCM),,知名媒體,,12,4,0,4,12,0,12,33.33%,100.00%,0.00%,0.00%,33.33%
20260127,15,英屬維京群島商浩美數位有限公司台灣分公司,2315,Teepr亮新聞-exchange,10012,CF_336x280Banner_Teepr亮新聞-exchange,,知名媒體,,"1,374",18,0,18,968,0,1374,1.31%,70.45%,0.00%,0.00%,1.31%
20260127,15,昱得資訊工作室,2528,數位書香,11080,CF_728x90_首頁上方_數位書香,antifroud,,,36,0,0,0,36,0,36,0.00%,100.00%,0.00%,0.00%,0.00%
20260127,15,昱得資訊工作室,2528,數位書香,11081,CF_160x600_首頁右側_數位書香,antifroud,,,750,0,0,0,750,0,750,0.00%,100.00%,0.00%,0.00%,0.00%
20260127,15,第一網站股份有限公司,2518,麻辣家族討論區(twbts),11082,CF-728X90-twbts,antifroud,,,413,6,0,6,410,0,413,1.45%,99.27%,0.00%,0.00%,1.45%
20260127,15,第一網站股份有限公司,2540,risu短網址,11260,MW-300X250-MB_page_left-risu,,知名媒體,,56,18,0,18,47,0,56,32.14%,83.93%,0.00%,0.00%,32.14%
20260127,15,第一網站股份有限公司,2492,ttshow,11273,MW-300X250-ttshow,,知名媒體,,41,0,0,0,29,0,41,0.00%,70.73%,0.00%,0.00%,0.00%
20260127,15,第一網站股份有限公司,2601,Meme梗圖倉庫,11443,CF-336X280-meme,,,,"1,397",79,0,79,"1,337",0,1397,5.65%,95.71%,0.00%,0.00%,5.65%
20260127,15,艾得基客行銷顧問股份有限公司,2578,鉅亨網,12070,MW_320x480_文中創意_鉅亨網,,知名媒體,,"8,790",341,0,341,"7,154",0,8790,3.88%,81.39%,0.00%,0.00%,3.88%
20260127,15,葉志斌,2745,繁中寶可夢卡表生成器-奶爸工作室-exchange,12210,CF_728x90__文末__繁中寶可夢卡表生成器,,,,6,0,0,0,6,0,6,0.00%,100.00%,0.00%,0.00%,0.00%
20260127,15,第一網站股份有限公司,2540,risu短網址,12496,CF_300x250_popup(直播) _risu短網址,antifroud,知名媒體,,6,0,0,0,6,0,6,0.00%,100.00%,0.00%,0.00%,0.00%
20260127,15,時報資訊股份有限公司,2770,中時電子報_HB,12559,CF_300x250_右側互動看版_中時電子報_HB,,知名媒體,,539,32,0,32,510,0,539,5.94%,94.62%,0.00%,0.00%,5.94%
20260127,15,時報資訊股份有限公司,2770,中時電子報_HB,12560,CF_336x280_文中看板_中時電子報_HB,,知名媒體,,525,28,0,28,498,0,525,5.33%,94.86%,0.00%,0.00%,5.33%
20260127,15,時報資訊股份有限公司,2770,中時電子報_HB,12561,MW_300x250_內頁TOP Banner_中時電子報_HB,antifroud,知名媒體,,833,112,0,112,667,0,833,13.45%,80.07%,0.00%,0.00%,13.45%
20260127,15,第一網站股份有限公司,2768,czbooks,12570,CF_728x90_banner_czbooks,,,,"3,949",321,0,321,"3,705",0,3949,8.13%,93.82%,0.00%,0.00%,8.13%
20260127,15,鳳梨傳媒股份有限公司,2190,民視新聞網-Exchange,12579,CF_300x250_右側第一塊_民視新聞網-Exchange(RWD)(MCM),,知名媒體,,"1,731",105,0,105,"1,424",0,1731,6.07%,82.26%,0.00%,0.00%,6.07%
20260127,15,鳳梨傳媒股份有限公司,2190,民視新聞網-Exchange,12580,CF_300x250_內文文中左側_民視新聞網-Exchange(RWD)(MCM),,知名媒體,,"1,765",97,0,97,"1,497",0,1765,5.50%,84.82%,0.00%,0.00%,5.50%
20260127,15,第一網站股份有限公司,2783,漫畫櫃manhuagui,12676,CF_728X90_manhuagui,antifroud,,,"57,121","6,917",0,"6,917","52,300",0,57121,12.11%,91.56%,0.00%,0.00%,12.11%
20260127,15,艾得基客行銷顧問股份有限公司,2635,工商時報,12761,MW_320x480_文中創意_工商時報new,,知名媒體,,36,8,0,8,31,0,36,22.22%,86.11%,0.00%,0.00%,22.22%
20260127,15,第一網站股份有限公司,2801,damanwoo,12868,CF-300x250_Banner_damanwoo_大人物,,,,58,0,0,0,58,0,58,0.00%,100.00%,0.00%,0.00%,0.00%
20260127,15,艾得基客行銷顧問股份有限公司,2266,嬰兒與母親,12869,MW_置底創意_嬰兒與母親,,知名媒體,,6,2,0,2,5,0,6,33.33%,83.33%,0.00%,0.00%,33.33%
20260127,15,第一網站股份有限公司,2820,星座好朋友(horofriend88),12966,MW_320x100_horofriend88,antifroud,,,128,2,0,2,88,0,128,1.56%,68.75%,0.00%,0.00%,1.56%
20260127,15,時報資訊股份有限公司,2335,中時電子報_2019,12974,MW-置底創意(展開)-中時電子報_2019,antifroud,知名媒體,,18,0,0,0,15,0,18,0.00%,83.33%,0.00%,0.00%,0.00%
20260127,15,第一網站股份有限公司,2836,vivi01,13032,MW_置底創意_vivi01 ViVi視頻,,,,72,0,0,0,53,0,72,0.00%,73.61%,0.00%,0.00%,0.00%
20260127,15,第一網站股份有限公司,2838,mycard,13041,MW_320x480_加倍mycard,,,,233,0,0,0,233,0,233,0.00%,100.00%,0.00%,0.00%,0.00%
20260127,15,東森電視事業股份有限公司,2014,東森新聞網,13162,MW_置底創意(展開)_東森新聞網,antifroud,知名媒體,,269,8,0,8,157,0,269,2.97%,58.36%,0.00%,0.00%,2.97%
20260127,15,和運租車股份有限公司,2878,abc好車網,13368,CF_970x90_物件頁下方_abc好車網,,知名媒體,,18,0,0,0,18,0,18,0.00%,100.00%,0.00%,0.00%,0.00%
20260127,15,曾憲敏,202,85小說網,13445,MW_336X280_全量1_85小說網,,,,372,100,0,100,289,0,372,26.88%,77.69%,0.00%,0.00%,26.88%
20260127,15,曾憲敏,202,85小說網,13446,MW_336X280_全量2_85小說網,,,,"2,491",694,0,694,"1,892",0,2491,27.86%,75.95%,0.00%,0.00%,27.86%
20260127,15,第一網站股份有限公司,2910,clickme,13548,(子)CF_300x250_banner_clickme(一般),,,子聯播網,"1,653",96,0,96,"1,614",0,1653,5.81%,97.64%,0.00%,0.00%,5.81%
20260127,15,第一網站股份有限公司,2910,clickme,13549,CF_300x250_banner_clickme(一般),,,,907,153,0,153,725,0,907,16.87%,79.93%,0.00%,0.00%,16.87%
20260127,15,第一網站股份有限公司,2916,KiKiNote,13576,(子)CF_300x250_banner_kikinote,,知名媒體,子聯播網,"2,659",135,0,135,"2,575",0,2659,5.08%,96.84%,0.00%,0.00%,5.08%
20260127,15,闇碼科技股份有限公司,2992,縮短網址產生器-reurl-exchange,13848,CF_300x250_轉址失敗_最右邊_reurl,,知名媒體,,6,0,0,0,6,0,6,0.00%,100.00%,0.00%,0.00%,0.00%
20260127,15,闇碼科技股份有限公司,2992,縮短網址產生器-reurl-exchange,13856,CF_300x250_轉址失敗頁第二塊_reurl,,知名媒體,,12,0,0,0,11,0,12,0.00%,91.67%,0.00%,0.00%,0.00%
20260127,15,闇碼科技股份有限公司,2992,縮短網址產生器-reurl-exchange,13861,CF_300x250_網址下方右側(PB)_reurl,,知名媒體,,6,2,0,2,4,0,6,33.33%,66.67%,0.00%,0.00%,33.33%
20260127,15,第一網站股份有限公司,2768,czbooks,14036,MW_320x480_CZBOOKS,antifroud,,,34,7,0,7,27,0,34,20.59%,79.41%,0.00%,0.00%,20.59%
20260127,15,陳人鳳,480,飛格寵物家族_PC,1407,CF-728X90_上方通欄_飛格寵物家族,,,,18,4,0,4,15,0,18,22.22%,83.33%,0.00%,0.00%,22.22%
20260127,15,陳人鳳,480,飛格寵物家族_PC,1408,CF-300X250_內文_飛格寵物家族,,,,66,18,0,18,54,0,66,27.27%,81.82%,0.00%,0.00%,27.27%
20260127,15,東森電視事業股份有限公司,2014,東森新聞網,14097,MW_蓋版_東森新聞網,,知名媒體,,"1,886",32,0,32,"1,271",0,1886,1.70%,67.39%,0.00%,0.00%,1.70%
20260127,15,闇碼科技股份有限公司,3048,縮短網址產生器-reurl,14210,MW_文中創意300x250_縮短網址產生器-reurl,,知名媒體,,204,13,0,13,162,0,204,6.37%,79.41%,0.00%,0.00%,6.37%
20260127,15,巨思文化股份有限公司,3052,經理人_HB,14238,MW_文章結束第一塊_300x250_經理人-HB,,知名媒體,,6,4,0,4,4,0,6,66.67%,66.67%,0.00%,0.00%,66.67%
20260127,15,巨思文化股份有限公司,3052,經理人_HB,14239,CF_300x250_內文下方右側_經理人-HB,,知名媒體,,6,0,0,0,6,0,6,0.00%,100.00%,0.00%,0.00%,0.00%
20260127,15,巨思文化股份有限公司,3052,經理人_HB,14240,CF_300x250_內文下方左側_經理人-HB,,知名媒體,,6,0,0,0,6,0,6,0.00%,100.00%,0.00%,0.00%,0.00%
20260127,15,巨思文化股份有限公司,3052,經理人_HB,14241,MW_300x250_內文下方_經理人-HB,,知名媒體,,6,4,0,4,4,0,6,66.67%,66.67%,0.00%,0.00%,66.67%
20260127,15,富盈數據股份有限公司,3059,塔科女子,14258,CF_336x280_全網_塔科女子,,知名媒體,,20,0,0,0,20,0,20,0.00%,100.00%,0.00%,0.00%,0.00%
20260127,15,CBROOT LTD,3003,包子漫畫-exchange,14291,MW_300x250_蓋板(PB)_包子漫畫,,,,321,160,0,160,206,0,321,49.84%,64.17%,0.00%,0.00%,49.84%
20260127,15,朱光宁,3152,石頭小說-exchange,14472,MW_336x280_Banner_石頭小說,,,,"7,386","2,518",0,"2,518","5,791",0,7386,34.09%,78.41%,0.00%,0.00%,34.09%
20260127,15,朱光宁,3149,稷下書院-exchange,14748,MW_320x100_置底(PB)_稷下書院,,,,"22,882","7,513",0,"7,513","16,828",0,22882,32.83%,73.54%,0.00%,0.00%,32.83%
20260127,15,巨思文化股份有限公司,3053,數位時代_HB,14764,MW_置底創意_(非展開)_數位時代_HB,,知名媒體,,210,37,0,37,147,0,210,17.62%,70.00%,0.00%,0.00%,17.62%
20260127,15,中天電視股份有限公司,3282,中天新聞網-exchange,14980,CF_970x250_內頁_PC置頂橫幅-中天新聞網-exchange,,知名媒體,,112,0,0,0,99,0,112,0.00%,88.39%,0.00%,0.00%,0.00%
20260127,15,曾憲敏,3327,85小說網_創意,15227,MW-300X250_85小說網_隨身影音PB,,,,6,2,0,2,5,0,6,33.33%,83.33%,0.00%,0.00%,33.33%
20260127,15,曾憲敏,3327,85小說網_創意,15228,MW-創意-85小說網,,,,6,0,0,0,4,0,6,0.00%,66.67%,0.00%,0.00%,0.00%
20260127,15,中天電視股份有限公司,3282,中天新聞網-exchange,15859,CF_336x280_內頁_PC右側互動看板B-中天新聞網-exchange,,知名媒體,,919,20,0,20,807,0,919,2.18%,87.81%,0.00%,0.00%,2.18%
20260127,15,布林遊國際有限公司,2620,Bring You-exchange,15951,CF_300x600_右側通欄_BringYou-exchange,,知名媒體,,6,0,0,0,6,0,6,0.00%,100.00%,0.00%,0.00%,0.00%
20260127,15,CBROOT LTD,3352,西瓜卡通-exchange,15970,CF_160x600_影音內容_西瓜卡通-exchange,,,,6,0,0,0,6,0,6,0.00%,100.00%,0.00%,0.00%,0.00%
20260127,15,朱光宁,3360,提莫書屋-exchange,16957,MW_336x280banner_提莫書屋_exchange,,,,"15,714","3,352",0,"3,352","12,656",0,15714,21.33%,80.54%,0.00%,0.00%,21.33%
20260127,15,朱光宁,3361,提莫書屋-mobile,16959,MW_320x480_文中創意_提莫書屋-mobile,,,,56,14,0,14,43,0,56,25.00%,76.79%,0.00%,0.00%,25.00%
20260127,15,欣發現股份有限公司,3365,Hami任務牆-mobile,16969,MW_置底創意_Hami任務牆,,知名媒體,,14,4,0,4,11,0,14,28.57%,78.57%,0.00%,0.00%,28.57%
20260127,15,欣發現股份有限公司,3364,女子學-mobile,16972,MW_置底創意_女子學,antifroud,,,92,52,0,52,66,0,92,56.52%,71.74%,0.00%,0.00%,56.52%
20260127,15,第一網站股份有限公司,2783,漫畫櫃manhuagui,17027,MW_320x480_蓋版_漫畫櫃manhuagui,,,,48,16,0,16,34,0,48,33.33%,70.83%,0.00%,0.00%,33.33%
20260127,15,艾得基客行銷顧問股份有限公司,3373,良醫健康網,17092,MW_置底創意_良醫健康網,,知名媒體,,18,10,0,10,11,0,18,55.56%,61.11%,0.00%,0.00%,55.56%
20260127,15,詠勝科技有限公司,3385,Mobile01_HB,17179,CF_300x250_熱門大看板_Mobile01_HB,,知名媒體,,354,8,0,8,349,0,354,2.26%,98.59%,0.00%,0.00%,2.26%
20260127,15,詠勝科技有限公司,3385,Mobile01_HB,17180,CF_300x250_置底看板左_Mobile01_HB,,知名媒體,,91,2,0,2,90,0,91,2.20%,98.90%,0.00%,0.00%,2.20%
20260127,15,詠勝科技有限公司,3385,Mobile01_HB,17181,CF_300x250_置底看板中_Mobile01_HB,,知名媒體,,76,2,0,2,75,0,76,2.63%,98.68%,0.00%,0.00%,2.63%
20260127,15,詠勝科技有限公司,3385,Mobile01_HB,17182,CF_300x250_置底看板右_Mobile01_HB,,知名媒體,,18,4,0,4,16,0,18,22.22%,88.89%,0.00%,0.00%,22.22%
20260127,15,朱光宁,3268,稷下書院-mobile,17207,MW_320x480_蓋版_稷下書院-mobile,,,,"1,469",423,0,423,"1,035",0,1469,28.80%,70.46%,0.00%,0.00%,28.80%
20260127,15,中華電視股份有限公司,3389,華視-mobile,17230,MW_置底創意(非展開)_華視-mobile,,知名媒體,,6,0,0,0,6,0,6,0.00%,100.00%,0.00%,0.00%,0.00%
20260127,15,李立娟,3395,vivi0視頻-exchange,17293,CF_336x280_Banner_vivi01視頻-exchange,antifroud,,,"45,409",158,0,158,"34,066",0,45409,0.35%,75.02%,0.00%,0.00%,0.35%
20260127,15,李立娟,3395,vivi0視頻-exchange,17294,MW_336x280_Banner_vivi01視頻-exchange,antifroud,,,"43,550",144,0,144,"32,497",0,43550,0.33%,74.62%,0.00%,0.00%,0.33%
20260127,15,李立娟,3395,vivi0視頻-exchange,17299,MW_300x250_蓋板(PB)-vivi01視頻-exchange,,,,6,0,0,0,5,0,6,0.00%,83.33%,0.00%,0.00%,0.00%
20260127,15,李立娟,3395,vivi0視頻-exchange,17300,MW_320x100_置底(PB)_vivi01視頻-exchange,antifroud,,,"74,883",187,0,187,"55,730",0,74883,0.25%,74.42%,0.00%,0.00%,0.25%
20260127,15,李立娟,3397,趣聞圖說-exchange,17309,MW_336x280_文中Banner_趣聞圖說-exchange,,,,"1,361",60,0,60,"1,358",0,1361,4.41%,99.78%,0.00%,0.00%,4.41%
20260127,15,曾憲敏,601,85小說網_PC,1773,CF-300x250_85小說網_內文1,,,,400,58,0,58,372,0,400,14.50%,93.00%,0.00%,0.00%,14.50%
20260127,15,李立娟,3396,趣聞圖說-Mobile,17923,MW_置底創意(展開)_趣聞圖說-Mobile,,,,21,0,0,0,19,0,21,0.00%,90.48%,0.00%,0.00%,0.00%
20260127,15,第一網站股份有限公司,2768,czbooks,17927,MW_置底創意_czbook,,,,"4,742","1,611",0,"1,611","3,371",0,4742,33.97%,71.09%,0.00%,0.00%,33.97%
20260127,15,時報資訊股份有限公司_工商時報,3427,工商時報-exchange,18003,CF_300x250_互動看板2_工商時報-exchange,,知名媒體,,6,0,0,0,6,0,6,0.00%,100.00%,0.00%,0.00%,0.00%
20260127,15,時報資訊股份有限公司_工商時報,3427,工商時報-exchange,18007,CF_336x280_文末右側看板_工商時報-exchange,,知名媒體,,13,0,0,0,13,0,13,0.00%,100.00%,0.00%,0.00%,0.00%
20260127,15,時報資訊股份有限公司_工商時報,3427,工商時報-exchange,18008,CF_336x280_文末左側看板_工商時報-exchange,,知名媒體,,14,0,0,0,14,0,14,0.00%,100.00%,0.00%,0.00%,0.00%
20260127,15,時報資訊股份有限公司_工商時報,3427,工商時報-exchange,18014,MW_300x250_文末Banner1_工商時報-exchange,,知名媒體,,91,10,0,10,75,0,91,10.99%,82.42%,0.00%,0.00%,10.99%
20260127,15,時報資訊股份有限公司_工商時報,3427,工商時報-exchange,18015,MW_300x250_文末Banner2_工商時報-exchange,,知名媒體,,125,9,0,9,100,0,125,7.20%,80.00%,0.00%,0.00%,7.20%
20260127,15,第一網站股份有限公司,3440,fsa_passback_first,18201,CF_336x280_fsa_passback_first,,,,"1,678",571,0,571,"1,458",0,1678,34.03%,86.89%,0.00%,0.00%,34.03%
20260127,15,第一網站股份有限公司,3440,fsa_passback_first,18202,CF_300x250_fsa_passback_first,,,,"4,324",341,0,341,"4,135",0,4324,7.89%,95.63%,0.00%,0.00%,7.89%
20260127,15,莊博凱,3455,夢遊電玩,18269,300x250 Banner,,,,6,0,0,0,6,0,6,0.00%,100.00%,0.00%,0.00%,0.00%
20260127,15,朱光宁,3268,稷下書院-mobile,18297,MW_置底創意(展開)_稷下書院-mobile,,,,162,44,0,44,120,0,162,27.16%,74.07%,0.00%,0.00%,27.16%
20260127,15,冰楓科技有限公司,3485,冰楓論壇-exchange,18487,CF_970x90_內文上方第一塊_冰楓論壇-exchange,,,,874,22,0,22,867,0,874,2.52%,99.20%,0.00%,0.00%,2.52%
20260127,15,冰楓科技有限公司,3485,冰楓論壇-exchange,18488,MW_320x100_內文上方第一塊_ 冰楓論壇-exchange,antifroud,,,78,3,0,3,76,0,78,3.85%,97.44%,0.00%,0.00%,3.85%
20260127,15,冰楓科技有限公司,3485,冰楓論壇-exchange,18492,MW_300x250_Banner_ 冰楓論壇-exchange,,,,436,16,0,16,427,0,436,3.67%,97.94%,0.00%,0.00%,3.67%
20260127,15,CBROOT LTD,3510,包子漫畫_twmanga-exchange,18737,CF_970x90_Banner_ 包子漫畫_twmanga-exchange,,,,57,7,0,7,48,0,57,12.28%,84.21%,0.00%,0.00%,12.28%
20260127,15,台灣英文新聞股份有限公司,3537,台灣英文新聞(new)-exchange,18924,CF_300x250_內容頁_右側看版_1_台灣英文新聞(new)-exchange,,知名媒體,,44,8,0,8,42,0,44,18.18%,95.45%,0.00%,0.00%,18.18%
20260127,15,聯合線上股份有限公司,3549,UDN元氣網,19018,CF_首頁文章推薦第三格300x250_UDN元氣網,,知名媒體,,6,0,0,0,6,0,6,0.00%,100.00%,0.00%,0.00%,0.00%
20260127,15,艾得基客行銷顧問股份有限公司,3490,太報,19043,MW_置底創意(展開)_太報,,知名媒體,,406,36,0,36,289,0,406,8.87%,71.18%,0.00%,0.00%,8.87%
20260127,15,艾得基客行銷顧問股份有限公司,3552,玩具人,19044,MW_320x480_文中創意_玩具人,,知名媒體,,54,8,0,8,38,0,54,14.81%,70.37%,0.00%,0.00%,14.81%
20260127,15,先驅媒體社會企業股份有限公司,3554,新頭殼(R18),19046,MW_320x100Banner_newtalk.tw_mobile_photo_320100_1_新頭殼(R18),,知名媒體,,6,0,0,0,6,0,6,0.00%,100.00%,0.00%,0.00%,0.00%
20260127,15,先驅媒體社會企業股份有限公司,3554,新頭殼(R18),19047,(子)CF_300x250Banner_newtalk.tw_content_300250_1_新頭殼(R18),,知名媒體,子聯播網,6,0,0,0,6,0,6,0.00%,100.00%,0.00%,0.00%,0.00%
20260127,15,第一網站股份有限公司,2783,漫畫櫃manhuagui,20685,MW_300X250_manhuagui,antifroud,,,"5,340","1,366",0,"1,366","4,071",0,5340,25.58%,76.24%,0.00%,0.00%,25.58%
20260127,15,德榕企業有限公司,3578,TW Bodhi_mobile,20708,MW_蓋板_TW Bodhi,,,,216,76,0,76,152,0,216,35.19%,70.37%,0.00%,0.00%,35.19%
20260127,15,德榕企業有限公司,3581,忘憂書屋,20727,CF_336x280文章頁(RWD)_忘憂書屋,,,,50,12,0,12,39,0,50,24.00%,78.00%,0.00%,0.00%,24.00%
20260127,15,德榕企業有限公司,3582,忘憂書屋_mobile,20728,MW_文中創意300x250_忘憂書屋,,,,42,6,0,6,38,0,42,14.29%,90.48%,0.00%,0.00%,14.29%
20260127,15,第一網站股份有限公司,2910,clickme,20735,(子)CF_300x250_banner_clickme(成人),,,子聯播網,"9,559","1,037",0,"1,037","8,959",0,9559,10.85%,93.72%,0.00%,0.00%,10.85%
20260127,15,第一網站股份有限公司,3440,fsa_passback_first,21699,CF_336x280_fsa_passback_first,,,,"5,267",840,0,840,"5,116",0,5267,15.95%,97.13%,0.00%,0.00%,15.95%
20260127,15,朱光宁,3269,石頭小說-mobile,21741,MW_320x480_蓋版_石頭小說-mobile,antifroud,,,6,2,0,2,5,0,6,33.33%,83.33%,0.00%,0.00%,33.33%
20260127,15,富盈數據股份有限公司,3653,TVBS-女人我最大_HB,21760,MW_文章三_336x280_TVBS-女人我最大_HB,,知名媒體,,44,4,0,4,25,0,44,9.09%,56.82%,0.00%,0.00%,9.09%
20260127,15,富盈數據股份有限公司,3653,TVBS-女人我最大_HB,21761,MW_文章四_336x280_TVBS-女人我最大_HB,,知名媒體,,572,71,0,71,376,0,572,12.41%,65.73%,0.00%,0.00%,12.41%
20260127,15,富盈數據股份有限公司,3653,TVBS-女人我最大_HB,21763,MW_文中創意320x480_TVBS-女人我最大_HB,,知名媒體,,297,36,0,36,186,0,297,12.12%,62.63%,0.00%,0.00%,12.12%
20260127,15,富盈數據股份有限公司,3654,TVBS-健康2.0_HB,21768,MW_文中創意320x480_TVBS-健康2.0_HB,,知名媒體,,"4,551",663,0,663,"3,398",0,4551,14.57%,74.66%,0.00%,0.00%,14.57%
20260127,15,富盈數據股份有限公司,3655,TVBS-食尚玩家_HB,21770,MW_文章三_336x280_TVBS-食尚玩家_HB,,知名媒體,,8,0,0,0,4,0,8,0.00%,50.00%,0.00%,0.00%,0.00%
20260127,15,富盈數據股份有限公司,3655,TVBS-食尚玩家_HB,21773,MW_文中創意320x480_TVBS-食尚玩家_HB,,知名媒體,,183,29,0,29,131,0,183,15.85%,71.58%,0.00%,0.00%,15.85%
20260127,15,富盈數據股份有限公司,3654,TVBS-健康2.0_HB,21812,MW_文章一_336x280_TVBS-健康2.0_HB,,知名媒體,,50,6,0,6,39,0,50,12.00%,78.00%,0.00%,0.00%,12.00%
20260127,15,先驅媒體社會企業股份有限公司,3554,新頭殼(R18),21839,ＭＷ_336x280Banner_newtalk.tw_mobile_all_336280_2_新頭殼(R18),antifroud,知名媒體,,18,2,0,2,16,0,18,11.11%,88.89%,0.00%,0.00%,11.11%
20260127,15,儂儂雜誌社股份有限公司(bella儂儂),2135,Bella儂儂_2024,21876,MW-300x250_文章標題上方1_Bella儂儂,,知名媒體,,242,26,0,26,183,0,242,10.74%,75.62%,0.00%,0.00%,10.74%
20260127,15,富盈數據股份有限公司,3680,TVBS-新聞網_HB,21898,CF_文章右側300x600_TVBS-新聞網_HB,,知名媒體,,18,0,0,0,18,0,18,0.00%,100.00%,0.00%,0.00%,0.00%
20260127,15,富盈數據股份有限公司,3680,TVBS-新聞網_HB,21899,MW_文章一_336x280_TVBS-新聞網_HB,,知名媒體,,"2,378",38,0,38,"1,570",0,2378,1.60%,66.02%,0.00%,0.00%,1.60%
20260127,15,富盈數據股份有限公司,3680,TVBS-新聞網_HB,21900,MW_文章三_336x280_TVBS-新聞網_HB,,知名媒體,,313,6,0,6,189,0,313,1.92%,60.38%,0.00%,0.00%,1.92%
20260127,15,富盈數據股份有限公司,3680,TVBS-新聞網_HB,21902,MW_文章置底_320x100_TVBS-新聞網_HB,,知名媒體,,"2,398",66,0,66,"1,594",0,2398,2.75%,66.47%,0.00%,0.00%,2.75%
20260127,15,富盈數據股份有限公司,3684,稅美人_mobile,21923,MW_置底創意(非展開)_稅美人-mobile,,,,453,138,0,138,317,0,453,30.46%,69.98%,0.00%,0.00%,30.46%
20260127,15,富盈數據股份有限公司,3685,玩桌遊_mobile,21924,MW_置底創意(非展開)_玩桌遊-mobile,,,,238,80,0,80,153,0,238,33.61%,64.29%,0.00%,0.00%,33.61%
20260127,15,富盈數據股份有限公司,2615,熱血台中,21986,CF_336x280_全網_熱血台中,,,,32,0,0,0,30,0,32,0.00%,93.75%,0.00%,0.00%,0.00%
20260127,15,富盈數據股份有限公司,2615,熱血台中,21987,CF_336x280_全網_熱血台中,,,,34,2,0,2,28,0,34,5.88%,82.35%,0.00%,0.00%,5.88%
20260127,15,富盈數據股份有限公司,3704,天天要聞,22030,CF_300 x 250 banner_天天要聞_cpc2,,,,759,162,0,162,614,0,759,21.34%,80.90%,0.00%,0.00%,21.34%
20260127,15,富盈數據股份有限公司,3703,繁體小說,22031,CF_300 x 250 banner_繁體小說_cpc2,,,,40,4,0,4,35,0,40,10.00%,87.50%,0.00%,0.00%,10.00%
20260127,15,朱光宁,3708,石頭小說,22045,CF_336 x 280 banner_石頭小說_cpc1.67,antifroud,,,"3,136",22,0,22,"3,136",0,3136,0.70%,100.00%,0.00%,0.00%,0.70%
20260127,15,冠妍動力科技有限公司,484,小老婆汽機車資訊網,22058,MW_文中創意320x480_小老婆汽機車資訊網-測試,,知名媒體,,6,4,0,4,3,0,6,66.67%,50.00%,0.00%,0.00%,66.67%
20260127,15,朱光宁,3718,稷下書院2,22093,CF_336 x 280 banner_稷下書院2_cpc1.67,antifroud,,,"2,749",16,0,16,"2,749",0,2749,0.58%,100.00%,0.00%,0.00%,0.58%
20260127,15,富盈數據股份有限公司,3680,TVBS-新聞網_HB,22132,CF_文中300x250_TVBS-新聞網_HB_2,,知名媒體,,59,2,0,2,56,0,59,3.39%,94.92%,0.00%,0.00%,3.39%
20260127,15,富盈數據股份有限公司,3680,TVBS-新聞網_HB,22133,CF_文中300x250_TVBS-新聞網_HB_3,,知名媒體,,109,2,0,2,103,0,109,1.83%,94.50%,0.00%,0.00%,1.83%
20260127,15,富盈數據股份有限公司,3730,Teepr 亮新聞 HB,22145,MW_336x280_文中創意_Teepr亮新聞 HB,,,,14,0,0,0,9,0,14,0.00%,64.29%,0.00%,0.00%,0.00%
20260127,15,冰楓科技有限公司,3485,冰楓論壇-exchange,22160,CF_300x250_Banner2_ 冰楓論壇-exchange,,,,6,0,0,0,6,0,6,0.00%,100.00%,0.00%,0.00%,0.00%
20260127,15,闇碼科技股份有限公司,3048,縮短網址產生器-reurl,22213,MW_蓋版_縮短網址產生器-reurl-2025.05(特殊供量),,知名媒體,,141,8,0,8,112,0,141,5.67%,79.43%,0.00%,0.00%,5.67%
20260127,15,艾得基客行銷顧問股份有限公司,3724,上報,22217,MW_置底創意(非展開)_上報,,知名媒體,,530,66,0,66,400,0,530,12.45%,75.47%,0.00%,0.00%,12.45%
20260127,15,艾得基客行銷顧問股份有限公司,3724,上報,22218,MW_置底(展開)_上報,,知名媒體,,"1,135",140,0,140,878,0,1135,12.33%,77.36%,0.00%,0.00%,12.33%
20260127,15,欣發現股份有限公司,3363,大人物-mobile,22222,MW_蓋板_大人物,,知名媒體,,8,0,0,0,8,0,8,0.00%,100.00%,0.00%,0.00%,0.00%
20260127,15,朱光宁,3741,石頭小說3,22396,MW_置底_石頭小說3,,,,20,6,0,6,11,0,20,30.00%,55.00%,0.00%,0.00%,30.00%
20260127,15,朱光宁,3741,石頭小說3,22398,CF_336 x 280 banner_石頭小說3_cpc1.67,,,,"1,524",36,0,36,"1,498",0,1524,2.36%,98.29%,0.00%,0.00%,2.36%
20260127,15,朱光宁,3741,石頭小說3,22399,CF_320 x 480 橫幅_石頭小說3,,,,36,12,0,12,23,0,36,33.33%,63.89%,0.00%,0.00%,33.33%
20260127,15,艾得基客行銷顧問股份有限公司,3724,上報,22405,MW_蓋版_上報,,知名媒體,,130,3,0,3,98,0,130,2.31%,75.38%,0.00%,0.00%,2.31%
20260127,15,闇碼科技股份有限公司,3068,限時圖片-imgus,22406,MW_置底_imgus,antifroud,,,161,4,0,4,112,0,161,2.48%,69.57%,0.00%,0.00%,2.48%
20260127,15,第一網站股份有限公司,2783,漫畫櫃manhuagui,22443,MW_置底_manhuagui,antifroud,,,"4,713","1,190",0,"1,190","3,516",0,4713,25.25%,74.60%,0.00%,0.00%,25.25%
20260127,15,艾得基客行銷顧問股份有限公司,3490,太報,22495,MW_300x250 BANNER_太報_CPM5,,知名媒體,子聯播網,54,6,0,6,35,0,54,11.11%,64.81%,0.00%,0.00%,11.11%
20260127,15,艾得基客行銷顧問股份有限公司,2689,Basketball Top5,22498,MW_300x250 Banner_Basketball TOP5_CPM5,,,子聯播網,426,6,0,6,273,0,426,1.41%,64.08%,0.00%,0.00%,1.41%
20260127,15,艾得基客行銷顧問股份有限公司,2578,鉅亨網,22507,MW_300x250_鉅亨網_直播用BN-1,,知名媒體,子聯播網,"1,379",85,0,85,"1,090",0,1379,6.16%,79.04%,0.00%,0.00%,6.16%
20260127,15,艾得基客行銷顧問股份有限公司,3752,ＭoneyDJ,22514,MW_文中創意320x480_MoneyDJ,antifroud,知名媒體,,62,12,0,12,43,0,62,19.35%,69.35%,0.00%,0.00%,19.35%
20260127,15,艾得基客行銷顧問股份有限公司,3752,ＭoneyDJ,22515,MW_300x250 BANNER_MoneyDJ,antifroud,知名媒體,,6,0,0,0,4,0,6,0.00%,66.67%,0.00%,0.00%,0.00%
20260127,15,李承翰-webptt,718,Web批踢踢(RWD),2284,MW-蓋板_文中_Web批踢踢,antifroud,,,44,2,0,2,43,0,44,4.55%,97.73%,0.00%,0.00%,4.55%
20260127,15,麥智維,999,動漫戲說,3543,CF-728*90-內文上方-動漫戲說,antifroud,,,297,0,0,0,294,0,297,0.00%,98.99%,0.00%,0.00%,0.00%
20260127,15,蔡建磊,1269,跑跑資訊站,4622,CF-300X250-內文右側-跑跑資訊站,,,,6,0,0,0,6,0,6,0.00%,100.00%,0.00%,0.00%,0.00%
20260127,15,肖偉彬,1287,紅櫻桃小說書庫,4678,CF-內文上方-300*250-紅櫻桃小說書庫,,,,26,4,0,4,18,0,26,15.38%,69.23%,0.00%,0.00%,15.38%
20260127,15,技達創意資訊有限公司,1299,泰好網,4733,CF-300*250-內文下方-泰好網,,,,30,0,0,0,30,0,30,0.00%,100.00%,0.00%,0.00%,0.00%
20260127,15,技達創意資訊有限公司,1299,泰好網,4734,MW-320*100-首頁、內文上方-泰好網,,,,26,8,0,8,22,0,26,30.77%,84.62%,0.00%,0.00%,30.77%
20260127,15,陈晋福,1367,電視超人,4997,CF-300X250-電視超人,,,,18,6,0,6,15,0,18,33.33%,83.33%,0.00%,0.00%,33.33%
20260127,15,麥智維,999,動漫戲說,6069,CF-300*250-首頁-動漫戲說,,,,128,14,0,14,110,0,128,10.94%,85.94%,0.00%,0.00%,10.94%
20260127,15,莊博凱,1676,夢遊電玩-exchange,6310,CF-160*600-網頁右側-夢遊電玩-exchange,,,,20,0,0,0,20,0,20,0.00%,100.00%,0.00%,0.00%,0.00%
20260127,15,精鏡傳媒股份有限公司,1060,鏡週刊,8250,MW_置底創意(非展開)_鏡週刊,,知名媒體,,621,69,0,69,457,0,621,11.11%,73.59%,0.00%,0.00%,11.11%
20260127,15,臺灣電視事業股份有限公司,52,台視,8313,PC-300x250_內文第一塊_台視財經,,知名媒體,,12,0,0,0,12,0,12,0.00%,100.00%,0.00%,0.00%,0.00%
20260127,15,布林遊國際有限公司,1692,Bring You,8393,CF-300X250-上方通欄右側_BringYou,,知名媒體,,18,0,0,0,18,0,18,0.00%,100.00%,0.00%,0.00%,0.00%
20260127,15,巧克科技新媒體股份有限公司,2127,LINE TV_Banner-exchange,8576,CF_336x280_戲劇-右側好康資訊下方_LINE TV-exchange,,知名媒體,,24,0,0,0,24,0,24,0.00%,100.00%,0.00%,0.00%,0.00%
20260127,15,巧克科技新媒體股份有限公司,2127,LINE TV_Banner-exchange,8577,CF_336x280_戲劇-右側好康資訊上方_LINE TV-exchange,,知名媒體,,6,2,0,2,6,0,6,33.33%,100.00%,0.00%,0.00%,33.33%
20260127,15,鳳梨傳媒股份有限公司,2190,民視新聞網-Exchange,8862,CF_970X90_分類新聞內頁上方_民視新聞(MCM),,知名媒體,,12,0,0,0,12,0,12,0.00%,100.00%,0.00%,0.00%,0.00%
20260127,15,冰楓科技有限公司,1711,冰楓短網址,9308,ＭＷ-300X250-跳轉頁下方-冰楓短網址,,,,6,0,0,0,6,0,6,0.00%,100.00%,0.00%,0.00%,0.00%
20260127,16,愛七桃有限公司,2152,寶可夢資訊站,10008,MW-320X100-進入道館功能框下方-寶可夢資訊站,,,,13,0,0,0,10,0,13,0.00%,76.92%,0.00%,0.00%,0.00%
20260127,16,英屬維京群島商浩美數位有限公司台灣分公司,2315,Teepr亮新聞-exchange,10012,CF_336x280Banner_Teepr亮新聞-exchange,,知名媒體,,"1,903",22,0,22,"1,329",0,1903,1.16%,69.84%,0.00%,0.00%,1.16%
20260127,16,昱得資訊工作室,2528,數位書香,11080,CF_728x90_首頁上方_數位書香,antifroud,,,40,0,0,0,40,0,40,0.00%,100.00%,0.00%,0.00%,0.00%
20260127,16,昱得資訊工作室,2528,數位書香,11081,CF_160x600_首頁右側_數位書香,antifroud,,,882,0,0,0,882,0,882,0.00%,100.00%,0.00%,0.00%,0.00%
20260127,16,第一網站股份有限公司,2518,麻辣家族討論區(twbts),11082,CF-728X90-twbts,antifroud,,,523,0,0,0,523,0,523,0.00%,100.00%,0.00%,0.00%,0.00%
20260127,16,第一網站股份有限公司,2540,risu短網址,11260,MW-300X250-MB_page_left-risu,,知名媒體,,6,4,0,4,4,0,6,66.67%,66.67%,0.00%,0.00%,66.67%
20260127,16,第一網站股份有限公司,2492,ttshow,11273,MW-300X250-ttshow,,知名媒體,,6,0,0,0,4,0,6,0.00%,66.67%,0.00%,0.00%,0.00%
20260127,16,第一網站股份有限公司,2601,Meme梗圖倉庫,11443,CF-336X280-meme,,,,"1,266",101,0,101,"1,218",0,1266,7.98%,96.21%,0.00%,0.00%,7.98%
20260127,16,艾得基客行銷顧問股份有限公司,2578,鉅亨網,12070,MW_320x480_文中創意_鉅亨網,,知名媒體,,"4,614",169,0,169,"3,766",0,4614,3.66%,81.62%,0.00%,0.00%,3.66%
20260127,16,第一網站股份有限公司,2540,risu短網址,12496,CF_300x250_popup(直播) _risu短網址,antifroud,知名媒體,,14,0,0,0,10,0,14,0.00%,71.43%,0.00%,0.00%,0.00%
20260127,16,時報資訊股份有限公司,2770,中時電子報_HB,12559,CF_300x250_右側互動看版_中時電子報_HB,,知名媒體,,611,18,0,18,591,0,611,2.95%,96.73%,0.00%,0.00%,2.95%
20260127,16,時報資訊股份有限公司,2770,中時電子報_HB,12560,CF_336x280_文中看板_中時電子報_HB,,知名媒體,,621,18,0,18,601,0,621,2.90%,96.78%,0.00%,0.00%,2.90%
20260127,16,時報資訊股份有限公司,2770,中時電子報_HB,12561,MW_300x250_內頁TOP Banner_中時電子報_HB,antifroud,知名媒體,,881,114,0,114,690,0,881,12.94%,78.32%,0.00%,0.00%,12.94%
20260127,16,第一網站股份有限公司,2768,czbooks,12570,CF_728x90_banner_czbooks,,,,"2,213",277,0,277,"2,021",0,2213,12.52%,91.32%,0.00%,0.00%,12.52%
20260127,16,鳳梨傳媒股份有限公司,2190,民視新聞網-Exchange,12579,CF_300x250_右側第一塊_民視新聞網-Exchange(RWD)(MCM),,知名媒體,,"2,243",108,0,108,"1,812",0,2243,4.81%,80.78%,0.00%,0.00%,4.81%
20260127,16,鳳梨傳媒股份有限公司,2190,民視新聞網-Exchange,12580,CF_300x250_內文文中左側_民視新聞網-Exchange(RWD)(MCM),,知名媒體,,"2,331",83,0,83,"1,985",0,2331,3.56%,85.16%,0.00%,0.00%,3.56%
20260127,16,第一網站股份有限公司,2783,漫畫櫃manhuagui,12676,CF_728X90_manhuagui,antifroud,,,"7,772",683,0,683,"7,242",0,7772,8.79%,93.18%,0.00%,0.00%,8.79%
20260127,16,艾得基客行銷顧問股份有限公司,2635,工商時報,12761,MW_320x480_文中創意_工商時報new,,知名媒體,,12,2,0,2,8,0,12,16.67%,66.67%,0.00%,0.00%,16.67%
20260127,16,金隼行銷股份有限公司,2786,91譜,12792,MW_置底創意_91譜,,知名媒體,,18,4,0,4,11,0,18,22.22%,61.11%,0.00%,0.00%,22.22%
20260127,16,第一網站股份有限公司,2801,damanwoo,12868,CF-300x250_Banner_damanwoo_大人物,,,,36,0,0,0,36,0,36,0.00%,100.00%,0.00%,0.00%,0.00%
20260127,16,時報資訊股份有限公司,2335,中時電子報_2019,12974,MW-置底創意(展開)-中時電子報_2019,antifroud,知名媒體,,12,4,0,4,9,0,12,33.33%,75.00%,0.00%,0.00%,33.33%
20260127,16,第一網站股份有限公司,2836,vivi01,13032,MW_置底創意_vivi01 ViVi視頻,,,,43,0,0,0,34,0,43,0.00%,79.07%,0.00%,0.00%,0.00%
20260127,16,第一網站股份有限公司,2862,Manhuaren,13254,MW_320x100_banner_manhuaren,,,,6,0,0,0,6,0,6,0.00%,100.00%,0.00%,0.00%,0.00%
20260127,16,和運租車股份有限公司,2878,abc好車網,13368,CF_970x90_物件頁下方_abc好車網,,知名媒體,,24,6,0,6,19,0,24,25.00%,79.17%,0.00%,0.00%,25.00%
20260127,16,譚謹恩,2885,Mr. & Mrs. Diary-exchange,13405,CF_970x250_內文文中_Mr. & Mrs. Diary-exchange,,,,9,0,0,0,9,0,9,0.00%,100.00%,0.00%,0.00%,0.00%
20260127,16,曾憲敏,202,85小說網,13445,MW_336X280_全量1_85小說網,,,,424,102,0,102,324,0,424,24.06%,76.42%,0.00%,0.00%,24.06%
20260127,16,曾憲敏,202,85小說網,13446,MW_336X280_全量2_85小說網,,,,"3,100",806,0,806,"2,345",0,3100,26.00%,75.65%,0.00%,0.00%,26.00%
20260127,16,第一網站股份有限公司,2910,clickme,13548,(子)CF_300x250_banner_clickme(一般),,,子聯播網,40,0,0,0,40,0,40,0.00%,100.00%,0.00%,0.00%,0.00%
20260127,16,第一網站股份有限公司,2910,clickme,13549,CF_300x250_banner_clickme(一般),,,,277,37,0,37,212,0,277,13.36%,76.53%,0.00%,0.00%,13.36%
20260127,16,第一網站股份有限公司,2916,KiKiNote,13576,(子)CF_300x250_banner_kikinote,,知名媒體,子聯播網,119,0,0,0,117,0,119,0.00%,98.32%,0.00%,0.00%,0.00%
20260127,16,第一網站股份有限公司,2768,czbooks,13903,(子)CF_300x250_banner_czbooks(直播),antifroud,,子聯播網,"178,865","16,634",0,"16,634","174,419",0,178865,9.30%,97.51%,0.00%,0.00%,9.30%
20260127,16,第一網站股份有限公司,2768,czbooks,14036,MW_320x480_CZBOOKS,antifroud,,,59,15,0,15,45,0,59,25.42%,76.27%,0.00%,0.00%,25.42%
20260127,16,陳人鳳,480,飛格寵物家族_PC,1407,CF-728X90_上方通欄_飛格寵物家族,,,,32,0,0,0,32,0,32,0.00%,100.00%,0.00%,0.00%,0.00%
20260127,16,陳人鳳,480,飛格寵物家族_PC,1408,CF-300X250_內文_飛格寵物家族,,,,68,0,0,0,65,0,68,0.00%,95.59%,0.00%,0.00%,0.00%
20260127,16,闇碼科技股份有限公司,3048,縮短網址產生器-reurl,14210,MW_文中創意300x250_縮短網址產生器-reurl,,知名媒體,,130,4,0,4,100,0,130,3.08%,76.92%,0.00%,0.00%,3.08%
20260127,16,巨思文化股份有限公司,3052,經理人_HB,14238,MW_文章結束第一塊_300x250_經理人-HB,,知名媒體,,7,0,0,0,4,0,7,0.00%,57.14%,0.00%,0.00%,0.00%
20260127,16,巨思文化股份有限公司,3052,經理人_HB,14241,MW_300x250_內文下方_經理人-HB,,知名媒體,,7,0,0,0,4,0,7,0.00%,57.14%,0.00%,0.00%,0.00%
20260127,16,巨思文化股份有限公司,3053,數位時代_HB,14242,CF_300x250_內文下方左側_數位時代-HB,,知名媒體,,12,0,0,0,11,0,12,0.00%,91.67%,0.00%,0.00%,0.00%
20260127,16,巨思文化股份有限公司,3053,數位時代_HB,14243,CF_300x250_內文下方右側_數位時代-HB,,知名媒體,,6,0,0,0,6,0,6,0.00%,100.00%,0.00%,0.00%,0.00%
20260127,16,巨思文化股份有限公司,3053,數位時代_HB,14246,MW_300x250_文章結束第一塊_數位時代-HB,,知名媒體,,12,2,0,2,9,0,12,16.67%,75.00%,0.00%,0.00%,16.67%
20260127,16,富盈數據股份有限公司,3059,塔科女子,14258,CF_336x280_全網_塔科女子,,知名媒體,,6,0,0,0,6,0,6,0.00%,100.00%,0.00%,0.00%,0.00%
20260127,16,CBROOT LTD,3003,包子漫畫-exchange,14291,MW_300x250_蓋板(PB)_包子漫畫,,,,108,54,0,54,66,0,108,50.00%,61.11%,0.00%,0.00%,50.00%
20260127,16,朱光宁,3152,石頭小說-exchange,14472,MW_336x280_Banner_石頭小說,,,,304,96,0,96,248,0,304,31.58%,81.58%,0.00%,0.00%,31.58%
20260127,16,第一網站股份有限公司,3259,lookit,14698,MW_336x280_Banner_lookit,,,,6,0,0,0,6,0,6,0.00%,100.00%,0.00%,0.00%,0.00%
20260127,16,朱光宁,3149,稷下書院-exchange,14748,MW_320x100_置底(PB)_稷下書院,,,,"23,625","8,229",0,"8,229","17,266",0,23625,34.83%,73.08%,0.00%,0.00%,34.83%
20260127,16,巨思文化股份有限公司,3053,數位時代_HB,14764,MW_置底創意_(非展開)_數位時代_HB,,知名媒體,,238,33,0,33,177,0,238,13.87%,74.37%,0.00%,0.00%,13.87%
20260127,16,中天電視股份有限公司,3282,中天新聞網-exchange,14980,CF_970x250_內頁_PC置頂橫幅-中天新聞網-exchange,,知名媒體,,172,4,0,4,166,0,172,2.33%,96.51%,0.00%,0.00%,2.33%
20260127,16,葉志斌,3319,繁中寶可夢卡表生成器-奶爸工作室-mobile,15197,MW_置底創意_繁中寶可夢卡表生成器-奶爸工作室,,,,6,2,0,2,3,0,6,33.33%,50.00%,0.00%,0.00%,33.33%
20260127,16,中天電視股份有限公司,3282,中天新聞網-exchange,15859,CF_336x280_內頁_PC右側互動看板B-中天新聞網-exchange,,知名媒體,,"1,006",20,0,20,909,0,1006,1.99%,90.36%,0.00%,0.00%,1.99%
20260127,16,CBROOT LTD,3352,西瓜卡通-exchange,15970,CF_160x600_影音內容_西瓜卡通-exchange,,,,14,0,0,0,14,0,14,0.00%,100.00%,0.00%,0.00%,0.00%
20260127,16,朱光宁,3360,提莫書屋-exchange,16957,MW_336x280banner_提莫書屋_exchange,,,,"16,031","3,452",0,"3,452","13,111",0,16031,21.53%,81.79%,0.00%,0.00%,21.53%
20260127,16,朱光宁,3361,提莫書屋-mobile,16959,MW_320x480_文中創意_提莫書屋-mobile,,,,42,8,0,8,33,0,42,19.05%,78.57%,0.00%,0.00%,19.05%
20260127,16,欣發現股份有限公司,3364,女子學-mobile,16972,MW_置底創意_女子學,antifroud,,,134,0,0,0,134,0,134,0.00%,100.00%,0.00%,0.00%,0.00%
20260127,16,欣發現股份有限公司,3363,大人物-mobile,16973,MW_置底創意_大人物,,知名媒體,,6,0,0,0,6,0,6,0.00%,100.00%,0.00%,0.00%,0.00%
20260127,16,第一網站股份有限公司,2783,漫畫櫃manhuagui,17027,MW_320x480_蓋版_漫畫櫃manhuagui,,,,18,10,0,10,11,0,18,55.56%,61.11%,0.00%,0.00%,55.56%
20260127,16,艾得基客行銷顧問股份有限公司,3373,良醫健康網,17092,MW_置底創意_良醫健康網,,知名媒體,,36,9,0,9,26,0,36,25.00%,72.22%,0.00%,0.00%,25.00%
20260127,16,朱光宁,3268,稷下書院-mobile,17207,MW_320x480_蓋版_稷下書院-mobile,,,,473,123,0,123,349,0,473,26.00%,73.78%,0.00%,0.00%,26.00%
20260127,16,中華電視股份有限公司,3389,華視-mobile,17230,MW_置底創意(非展開)_華視-mobile,,知名媒體,,18,8,0,8,12,0,18,44.44%,66.67%,0.00%,0.00%,44.44%
20260127,16,李立娟,3395,vivi0視頻-exchange,17293,CF_336x280_Banner_vivi01視頻-exchange,antifroud,,,"40,756",120,0,120,"30,359",0,40756,0.29%,74.49%,0.00%,0.00%,0.29%
20260127,16,李立娟,3395,vivi0視頻-exchange,17294,MW_336x280_Banner_vivi01視頻-exchange,antifroud,,,"27,375",75,0,75,"20,491",0,27375,0.27%,74.85%,0.00%,0.00%,0.27%
20260127,16,李立娟,3395,vivi0視頻-exchange,17299,MW_300x250_蓋板(PB)-vivi01視頻-exchange,,,,12,0,0,0,11,0,12,0.00%,91.67%,0.00%,0.00%,0.00%
20260127,16,李立娟,3395,vivi0視頻-exchange,17300,MW_320x100_置底(PB)_vivi01視頻-exchange,antifroud,,,"3,804",4,0,4,"2,876",0,3804,0.11%,75.60%,0.00%,0.00%,0.11%
20260127,16,李立娟,3397,趣聞圖說-exchange,17309,MW_336x280_文中Banner_趣聞圖說-exchange,,,,271,14,0,14,270,0,271,5.17%,99.63%,0.00%,0.00%,5.17%
20260127,16,曾憲敏,601,85小說網_PC,1773,CF-300x250_85小說網_內文1,,,,410,42,0,42,384,0,410,10.24%,93.66%,0.00%,0.00%,10.24%
20260127,16,李立娟,3396,趣聞圖說-Mobile,17923,MW_置底創意(展開)_趣聞圖說-Mobile,,,,48,0,0,0,33,0,48,0.00%,68.75%,0.00%,0.00%,0.00%
20260127,16,第一網站股份有限公司,2768,czbooks,17927,MW_置底創意_czbook,,,,"4,800","1,576",0,"1,576","3,424",0,4800,32.83%,71.33%,0.00%,0.00%,32.83%
20260127,16,時報資訊股份有限公司_工商時報,3427,工商時報-exchange,18003,CF_300x250_互動看板2_工商時報-exchange,,知名媒體,,14,0,0,0,14,0,14,0.00%,100.00%,0.00%,0.00%,0.00%
20260127,16,時報資訊股份有限公司_工商時報,3427,工商時報-exchange,18007,CF_336x280_文末右側看板_工商時報-exchange,,知名媒體,,18,0,0,0,18,0,18,0.00%,100.00%,0.00%,0.00%,0.00%
20260127,16,時報資訊股份有限公司_工商時報,3427,工商時報-exchange,18008,CF_336x280_文末左側看板_工商時報-exchange,,知名媒體,,6,0,0,0,6,0,6,0.00%,100.00%,0.00%,0.00%,0.00%
20260127,16,時報資訊股份有限公司_工商時報,3427,工商時報-exchange,18014,MW_300x250_文末Banner1_工商時報-exchange,,知名媒體,,99,6,0,6,81,0,99,6.06%,81.82%,0.00%,0.00%,6.06%
20260127,16,時報資訊股份有限公司_工商時報,3427,工商時報-exchange,18015,MW_300x250_文末Banner2_工商時報-exchange,,知名媒體,,150,8,0,8,128,0,150,5.33%,85.33%,0.00%,0.00%,5.33%
20260127,16,第一網站股份有限公司,3440,fsa_passback_first,18201,CF_336x280_fsa_passback_first,,,,"1,881",546,0,546,"1,657",0,1881,29.03%,88.09%,0.00%,0.00%,29.03%
20260127,16,第一網站股份有限公司,3440,fsa_passback_first,18202,CF_300x250_fsa_passback_first,,,,"4,379",316,0,316,"4,174",0,4379,7.22%,95.32%,0.00%,0.00%,7.22%
20260127,16,朱光宁,3268,稷下書院-mobile,18297,MW_置底創意(展開)_稷下書院-mobile,,,,163,58,0,58,126,0,163,35.58%,77.30%,0.00%,0.00%,35.58%
20260127,16,冰楓科技有限公司,3485,冰楓論壇-exchange,18487,CF_970x90_內文上方第一塊_冰楓論壇-exchange,,,,862,18,0,18,862,0,862,2.09%,100.00%,0.00%,0.00%,2.09%
20260127,16,冰楓科技有限公司,3485,冰楓論壇-exchange,18488,MW_320x100_內文上方第一塊_ 冰楓論壇-exchange,antifroud,,,40,0,0,0,40,0,40,0.00%,100.00%,0.00%,0.00%,0.00%
20260127,16,冰楓科技有限公司,3485,冰楓論壇-exchange,18492,MW_300x250_Banner_ 冰楓論壇-exchange,,,,271,8,0,8,270,0,271,2.95%,99.63%,0.00%,0.00%,2.95%
20260127,16,闇碼科技股份有限公司,3048,縮短網址產生器-reurl,18535,MW_蓋版_縮短網址產生器-reurl,,知名媒體,,6,2,0,2,4,0,6,33.33%,66.67%,0.00%,0.00%,33.33%
20260127,16,CBROOT LTD,3510,包子漫畫_twmanga-exchange,18737,CF_970x90_Banner_ 包子漫畫_twmanga-exchange,,,,104,12,0,12,98,0,104,11.54%,94.23%,0.00%,0.00%,11.54%
20260127,16,舒禾驊,3535,荷花動漫筆記,18887,CF_336x280_文章頁文中_荷花動漫筆記,,,,18,0,0,0,18,0,18,0.00%,100.00%,0.00%,0.00%,0.00%
20260127,16,台灣英文新聞股份有限公司,3537,台灣英文新聞(new)-exchange,18911,MW_300x250_首頁_ENDBANNER_5_台灣英文新聞(new)-exchange,,知名媒體,,6,4,0,4,4,0,6,66.67%,66.67%,0.00%,0.00%,66.67%
20260127,16,台灣英文新聞股份有限公司,3537,台灣英文新聞(new)-exchange,18924,CF_300x250_內容頁_右側看版_1_台灣英文新聞(new)-exchange,,知名媒體,,49,4,0,4,45,0,49,8.16%,91.84%,0.00%,0.00%,8.16%
20260127,16,聯合線上股份有限公司,3549,UDN元氣網,19018,CF_首頁文章推薦第三格300x250_UDN元氣網,,知名媒體,,39,2,0,2,37,0,39,5.13%,94.87%,0.00%,0.00%,5.13%
20260127,16,艾得基客行銷顧問股份有限公司,3490,太報,19043,MW_置底創意(展開)_太報,,知名媒體,,380,18,0,18,273,0,380,4.74%,71.84%,0.00%,0.00%,4.74%
20260127,16,艾得基客行銷顧問股份有限公司,3552,玩具人,19044,MW_320x480_文中創意_玩具人,,知名媒體,,134,10,0,10,103,0,134,7.46%,76.87%,0.00%,0.00%,7.46%
20260127,16,先驅媒體社會企業股份有限公司,3554,新頭殼(R18),19047,(子)CF_300x250Banner_newtalk.tw_content_300250_1_新頭殼(R18),,知名媒體,子聯播網,6,2,0,2,5,0,6,33.33%,83.33%,0.00%,0.00%,33.33%
20260127,16,第一網站股份有限公司,2783,漫畫櫃manhuagui,20685,MW_300X250_manhuagui,antifroud,,,"4,995","1,242",0,"1,242","3,833",0,4995,24.86%,76.74%,0.00%,0.00%,24.86%
20260127,16,德榕企業有限公司,3578,TW Bodhi_mobile,20708,MW_蓋板_TW Bodhi,,,,346,119,0,119,241,0,346,34.39%,69.65%,0.00%,0.00%,34.39%
20260127,16,德榕企業有限公司,3581,忘憂書屋,20727,CF_336x280文章頁(RWD)_忘憂書屋,,,,58,15,0,15,44,0,58,25.86%,75.86%,0.00%,0.00%,25.86%
20260127,16,德榕企業有限公司,3582,忘憂書屋_mobile,20728,MW_文中創意300x250_忘憂書屋,,,,30,4,0,4,25,0,30,13.33%,83.33%,0.00%,0.00%,13.33%
20260127,16,德榕企業有限公司,3582,忘憂書屋_mobile,20729,MW_蓋板_忘憂書屋,,,,6,4,0,4,3,0,6,66.67%,50.00%,0.00%,0.00%,66.67%
20260127,16,第一網站股份有限公司,2916,KiKiNote,20731,CF_300x250_banner_kikinote (PB),,知名媒體,,132,0,0,0,132,0,132,0.00%,100.00%,0.00%,0.00%,0.00%
20260127,16,第一網站股份有限公司,2910,clickme,20735,(子)CF_300x250_banner_clickme(成人),,,子聯播網,581,48,0,48,550,0,581,8.26%,94.66%,0.00%,0.00%,8.26%
20260127,16,CBROOT LTD,3637,包子漫畫2024-exchange,21502,MW_336x280_Banner_包子漫畫2024-exchange,antifroud,,,7,0,0,0,4,0,7,0.00%,57.14%,0.00%,0.00%,0.00%
20260127,16,第一網站股份有限公司,3440,fsa_passback_first,21699,CF_336x280_fsa_passback_first,,,,"5,333",509,0,509,"5,240",0,5333,9.54%,98.26%,0.00%,0.00%,9.54%
20260127,16,朱光宁,3269,石頭小說-mobile,21741,MW_320x480_蓋版_石頭小說-mobile,antifroud,,,6,0,0,0,5,0,6,0.00%,83.33%,0.00%,0.00%,0.00%
20260127,16,富盈數據股份有限公司,3653,TVBS-女人我最大_HB,21760,MW_文章三_336x280_TVBS-女人我最大_HB,,知名媒體,,12,4,0,4,6,0,12,33.33%,50.00%,0.00%,0.00%,33.33%
20260127,16,富盈數據股份有限公司,3653,TVBS-女人我最大_HB,21761,MW_文章四_336x280_TVBS-女人我最大_HB,,知名媒體,,440,80,0,80,318,0,440,18.18%,72.27%,0.00%,0.00%,18.18%
20260127,16,富盈數據股份有限公司,3653,TVBS-女人我最大_HB,21763,MW_文中創意320x480_TVBS-女人我最大_HB,,知名媒體,,315,32,0,32,209,0,315,10.16%,66.35%,0.00%,0.00%,10.16%
20260127,16,富盈數據股份有限公司,3654,TVBS-健康2.0_HB,21768,MW_文中創意320x480_TVBS-健康2.0_HB,,知名媒體,,"4,514",559,0,559,"3,361",0,4514,12.38%,74.46%,0.00%,0.00%,12.38%
20260127,16,富盈數據股份有限公司,3655,TVBS-食尚玩家_HB,21773,MW_文中創意320x480_TVBS-食尚玩家_HB,,知名媒體,,111,16,0,16,70,0,111,14.41%,63.06%,0.00%,0.00%,14.41%
20260127,16,富盈數據股份有限公司,3653,TVBS-女人我最大_HB,21803,MW_文章一_336x280_TVBS-女人我最大_HB,,知名媒體,,6,0,0,0,4,0,6,0.00%,66.67%,0.00%,0.00%,0.00%
20260127,16,先驅媒體社會企業股份有限公司,3554,新頭殼(R18),21839,ＭＷ_336x280Banner_newtalk.tw_mobile_all_336280_2_新頭殼(R18),antifroud,知名媒體,,50,2,0,2,42,0,50,4.00%,84.00%,0.00%,0.00%,4.00%
20260127,16,先驅媒體社會企業股份有限公司,3554,新頭殼(R18),21840,ＭＷ_336x280Banner_newtalk.tw_mobile_all_336280_3_新頭殼(R18),,知名媒體,,6,0,0,0,6,0,6,0.00%,100.00%,0.00%,0.00%,0.00%
20260127,16,儂儂雜誌社股份有限公司(bella儂儂),2135,Bella儂儂_2024,21876,MW-300x250_文章標題上方1_Bella儂儂,,知名媒體,,183,10,0,10,138,0,183,5.46%,75.41%,0.00%,0.00%,5.46%
20260127,16,富盈數據股份有限公司,3680,TVBS-新聞網_HB,21898,CF_文章右側300x600_TVBS-新聞網_HB,,知名媒體,,12,2,0,2,11,0,12,16.67%,91.67%,0.00%,0.00%,16.67%
20260127,16,富盈數據股份有限公司,3680,TVBS-新聞網_HB,21899,MW_文章一_336x280_TVBS-新聞網_HB,,知名媒體,,"1,957",58,0,58,"1,342",0,1957,2.96%,68.57%,0.00%,0.00%,2.96%
20260127,16,富盈數據股份有限公司,3680,TVBS-新聞網_HB,21900,MW_文章三_336x280_TVBS-新聞網_HB,,知名媒體,,168,12,0,12,102,0,168,7.14%,60.71%,0.00%,0.00%,7.14%
20260127,16,富盈數據股份有限公司,3680,TVBS-新聞網_HB,21902,MW_文章置底_320x100_TVBS-新聞網_HB,,知名媒體,,"2,175",77,0,77,"1,497",0,2175,3.54%,68.83%,0.00%,0.00%,3.54%
20260127,16,富盈數據股份有限公司,3684,稅美人_mobile,21923,MW_置底創意(非展開)_稅美人-mobile,,,,"1,613",482,0,482,"1,184",0,1613,29.88%,73.40%,0.00%,0.00%,29.88%
20260127,16,富盈數據股份有限公司,3685,玩桌遊_mobile,21924,MW_置底創意(非展開)_玩桌遊-mobile,,,,198,83,0,83,124,0,198,41.92%,62.63%,0.00%,0.00%,41.92%
20260127,16,富盈數據股份有限公司,2615,熱血台中,21986,CF_336x280_全網_熱血台中,,,,12,0,0,0,9,0,12,0.00%,75.00%,0.00%,0.00%,0.00%
20260127,16,富盈數據股份有限公司,2615,熱血台中,21987,CF_336x280_全網_熱血台中,,,,21,0,0,0,14,0,21,0.00%,66.67%,0.00%,0.00%,0.00%
20260127,16,富盈數據股份有限公司,3704,天天要聞,22030,CF_300 x 250 banner_天天要聞_cpc2,,,,821,198,0,198,643,0,821,24.12%,78.32%,0.00%,0.00%,24.12%
20260127,16,富盈數據股份有限公司,3703,繁體小說,22031,CF_300 x 250 banner_繁體小說_cpc2,,,,26,2,0,2,25,0,26,7.69%,96.15%,0.00%,0.00%,7.69%
20260127,16,朱光宁,3708,石頭小說,22045,CF_336 x 280 banner_石頭小說_cpc1.67,antifroud,,,182,0,0,0,182,0,182,0.00%,100.00%,0.00%,0.00%,0.00%
20260127,16,冠妍動力科技有限公司,484,小老婆汽機車資訊網,22058,MW_文中創意320x480_小老婆汽機車資訊網-測試,,知名媒體,,19,6,0,6,15,0,19,31.58%,78.95%,0.00%,0.00%,31.58%
20260127,16,朱光宁,3718,稷下書院2,22092,MW_置底創意(非展開)_稷下書院2,antifroud,,,"62,857","18,382",0,"18,382","47,246",0,62857,29.24%,75.16%,0.00%,0.00%,29.24%
20260127,16,朱光宁,3718,稷下書院2,22093,CF_336 x 280 banner_稷下書院2_cpc1.67,antifroud,,,48,0,0,0,48,0,48,0.00%,100.00%,0.00%,0.00%,0.00%
20260127,16,富盈數據股份有限公司,3680,TVBS-新聞網_HB,22131,CF_文中300x250_TVBS-新聞網_HB_1,,知名媒體,,12,0,0,0,12,0,12,0.00%,100.00%,0.00%,0.00%,0.00%
20260127,16,富盈數據股份有限公司,3680,TVBS-新聞網_HB,22132,CF_文中300x250_TVBS-新聞網_HB_2,,知名媒體,,36,0,0,0,36,0,36,0.00%,100.00%,0.00%,0.00%,0.00%
20260127,16,富盈數據股份有限公司,3680,TVBS-新聞網_HB,22133,CF_文中300x250_TVBS-新聞網_HB_3,,知名媒體,,100,4,0,4,97,0,100,4.00%,97.00%,0.00%,0.00%,4.00%
20260127,16,闇碼科技股份有限公司,3048,縮短網址產生器-reurl,22213,MW_蓋版_縮短網址產生器-reurl-2025.05(特殊供量),,知名媒體,,149,4,0,4,127,0,149,2.68%,85.23%,0.00%,0.00%,2.68%
20260127,16,艾得基客行銷顧問股份有限公司,3724,上報,22217,MW_置底創意(非展開)_上報,,知名媒體,,188,24,0,24,145,0,188,12.77%,77.13%,0.00%,0.00%,12.77%
20260127,16,艾得基客行銷顧問股份有限公司,3724,上報,22218,MW_置底(展開)_上報,,知名媒體,,202,15,0,15,158,0,202,7.43%,78.22%,0.00%,0.00%,7.43%
20260127,16,欣發現股份有限公司,3363,大人物-mobile,22222,MW_蓋板_大人物,,知名媒體,,27,2,0,2,26,0,27,7.41%,96.30%,0.00%,0.00%,7.41%
20260127,16,朱光宁,3741,石頭小說3,22396,MW_置底_石頭小說3,,,,6,2,0,2,5,0,6,33.33%,83.33%,0.00%,0.00%,33.33%
20260127,16,朱光宁,3741,石頭小說3,22398,CF_336 x 280 banner_石頭小說3_cpc1.67,,,,206,4,0,4,204,0,206,1.94%,99.03%,0.00%,0.00%,1.94%
20260127,16,艾得基客行銷顧問股份有限公司,3724,上報,22405,MW_蓋版_上報,,知名媒體,,34,4,0,4,28,0,34,11.76%,82.35%,0.00%,0.00%,11.76%
20260127,16,闇碼科技股份有限公司,3068,限時圖片-imgus,22406,MW_置底_imgus,antifroud,,,166,8,0,8,105,0,166,4.82%,63.25%,0.00%,0.00%,4.82%
20260127,16,第一網站股份有限公司,2783,漫畫櫃manhuagui,22443,MW_置底_manhuagui,antifroud,,,"2,601",687,0,687,"1,936",0,2601,26.41%,74.43%,0.00%,0.00%,26.41%
20260127,16,艾得基客行銷顧問股份有限公司,3490,太報,22495,MW_300x250 BANNER_太報_CPM5,,知名媒體,子聯播網,34,0,0,0,26,0,34,0.00%,76.47%,0.00%,0.00%,0.00%
20260127,16,艾得基客行銷顧問股份有限公司,2689,Basketball Top5,22498,MW_300x250 Banner_Basketball TOP5_CPM5,,,子聯播網,274,0,0,0,172,0,274,0.00%,62.77%,0.00%,0.00%,0.00%
20260127,16,艾得基客行銷顧問股份有限公司,2578,鉅亨網,22507,MW_300x250_鉅亨網_直播用BN-1,,知名媒體,子聯播網,"1,895",108,0,108,"1,474",0,1895,5.70%,77.78%,0.00%,0.00%,5.70%
20260127,16,艾得基客行銷顧問股份有限公司,3752,ＭoneyDJ,22514,MW_文中創意320x480_MoneyDJ,antifroud,知名媒體,,60,6,0,6,44,0,60,10.00%,73.33%,0.00%,0.00%,10.00%
20260127,16,李承翰-webptt,718,Web批踢踢(RWD),2284,MW-蓋板_文中_Web批踢踢,antifroud,,,24,6,0,6,24,0,24,25.00%,100.00%,0.00%,0.00%,25.00%
20260127,16,麥智維,999,動漫戲說,3543,CF-728*90-內文上方-動漫戲說,antifroud,,,62,6,0,6,59,0,62,9.68%,95.16%,0.00%,0.00%,9.68%
20260127,16,肖偉彬,1287,紅櫻桃小說書庫,4717,MW_文中創意300x250_紅櫻桃小說書庫,,,,6,0,0,0,6,0,6,0.00%,100.00%,0.00%,0.00%,0.00%
20260127,16,技達創意資訊有限公司,1299,泰好網,4733,CF-300*250-內文下方-泰好網,,,,18,0,0,0,18,0,18,0.00%,100.00%,0.00%,0.00%,0.00%
20260127,16,技達創意資訊有限公司,1299,泰好網,4734,MW-320*100-首頁、內文上方-泰好網,,,,12,0,0,0,12,0,12,0.00%,100.00%,0.00%,0.00%,0.00%
20260127,16,肖偉彬,1347,雲台書屋,4923,CF-上方通欄-300*250-雲台書屋,,,,6,6,0,6,3,0,6,100.00%,50.00%,0.00%,0.00%,100.00%
20260127,16,麥智維,999,動漫戲說,6069,CF-300*250-首頁-動漫戲說,,,,32,4,0,4,28,0,32,12.50%,87.50%,0.00%,0.00%,12.50%
20260127,16,台灣時報社股份有限公司,1665,台灣時報電子報,6263,CF-300X600-右側通欄-台灣時報電子報,,,,6,0,0,0,6,0,6,0.00%,100.00%,0.00%,0.00%,0.00%
20260127,16,莊博凱,1676,夢遊電玩-exchange,6310,CF-160*600-網頁右側-夢遊電玩-exchange,,,,12,0,0,0,12,0,12,0.00%,100.00%,0.00%,0.00%,0.00%
20260127,16,全曜財經資訊股份有限公司,1902,Cmoney-Mobile,7293,MW_置底創意(非展開)_Cmoney,antifroud,知名媒體,,12,2,0,2,9,0,12,16.67%,75.00%,0.00%,0.00%,16.67%
20260127,16,精鏡傳媒股份有限公司,1060,鏡週刊,8249,MW_置底創意(展開)_鏡週刊,,知名媒體,,6,4,0,4,3,0,6,66.67%,50.00%,0.00%,0.00%,66.67%
20260127,16,精鏡傳媒股份有限公司,1060,鏡週刊,8250,MW_置底創意(非展開)_鏡週刊,,知名媒體,,531,72,0,72,392,0,531,13.56%,73.82%,0.00%,0.00%,13.56%
20260127,16,臺灣電視事業股份有限公司,52,台視,8313,PC-300x250_內文第一塊_台視財經,,知名媒體,,12,0,0,0,12,0,12,0.00%,100.00%,0.00%,0.00%,0.00%
20260127,16,布林遊國際有限公司,1692,Bring You,8393,CF-300X250-上方通欄右側_BringYou,,知名媒體,,24,0,0,0,24,0,24,0.00%,100.00%,0.00%,0.00%,0.00%
20260127,16,巧克科技新媒體股份有限公司,2127,LINE TV_Banner-exchange,8576,CF_336x280_戲劇-右側好康資訊下方_LINE TV-exchange,,知名媒體,,24,1,0,1,24,0,24,4.17%,100.00%,0.00%,0.00%,4.17%
20260127,16,鳳梨傳媒股份有限公司,2190,民視新聞網-Exchange,8862,CF_970X90_分類新聞內頁上方_民視新聞(MCM),,知名媒體,,18,2,0,2,17,0,18,11.11%,94.44%,0.00%,0.00%,11.11%
20260127,16,見聞科技有限公司,2251,就是節目表,9233,MW-300x250-節目表文中-就是節目表,,,,22,0,0,0,22,0,22,0.00%,100.00%,0.00%,0.00%,0.00%
20260127,16,蔡瑞文,300,樂透彩幸運發財網,9470,MW-置底-樂透幸運發財網,antifroud,知名媒體,,6,0,0,0,5,0,6,0.00%,83.33%,0.00%,0.00%,0.00%
20260127,17,英屬維京群島商浩美數位有限公司台灣分公司,2315,Teepr亮新聞-exchange,10012,CF_336x280Banner_Teepr亮新聞-exchange,,知名媒體,,"2,289",32,0,32,"1,576",0,2289,1.40%,68.85%,0.00%,0.00%,1.40%
20260127,17,昱得資訊工作室,2528,數位書香,11080,CF_728x90_首頁上方_數位書香,antifroud,,,81,0,0,0,81,0,81,0.00%,100.00%,0.00%,0.00%,0.00%
20260127,17,昱得資訊工作室,2528,數位書香,11081,CF_160x600_首頁右側_數位書香,antifroud,,,842,0,0,0,842,0,842,0.00%,100.00%,0.00%,0.00%,0.00%
20260127,17,第一網站股份有限公司,2518,麻辣家族討論區(twbts),11082,CF-728X90-twbts,antifroud,,,883,0,0,0,883,0,883,0.00%,100.00%,0.00%,0.00%,0.00%
20260127,17,第一網站股份有限公司,2492,ttshow,11273,MW-300X250-ttshow,,知名媒體,,18,0,0,0,15,0,18,0.00%,83.33%,0.00%,0.00%,0.00%
20260127,17,第一網站股份有限公司,2601,Meme梗圖倉庫,11443,CF-336X280-meme,,,,469,62,0,62,438,0,469,13.22%,93.39%,0.00%,0.00%,13.22%
20260127,17,艾得基客行銷顧問股份有限公司,2578,鉅亨網,12070,MW_320x480_文中創意_鉅亨網,,知名媒體,,"4,023",157,0,157,"3,274",0,4023,3.90%,81.38%,0.00%,0.00%,3.90%
20260127,17,葉志斌,2745,繁中寶可夢卡表生成器-奶爸工作室-exchange,12210,CF_728x90__文末__繁中寶可夢卡表生成器,,,,6,2,0,2,5,0,6,33.33%,83.33%,0.00%,0.00%,33.33%
20260127,17,時報資訊股份有限公司,2770,中時電子報_HB,12559,CF_300x250_右側互動看版_中時電子報_HB,,知名媒體,,586,38,0,38,561,0,586,6.48%,95.73%,0.00%,0.00%,6.48%
20260127,17,時報資訊股份有限公司,2770,中時電子報_HB,12560,CF_336x280_文中看板_中時電子報_HB,,知名媒體,,576,40,0,40,548,0,576,6.94%,95.14%,0.00%,0.00%,6.94%
20260127,17,時報資訊股份有限公司,2770,中時電子報_HB,12561,MW_300x250_內頁TOP Banner_中時電子報_HB,antifroud,知名媒體,,618,80,0,80,471,0,618,12.94%,76.21%,0.00%,0.00%,12.94%
20260127,17,第一網站股份有限公司,2768,czbooks,12570,CF_728x90_banner_czbooks,,,,"1,864",247,0,247,"1,683",0,1864,13.25%,90.29%,0.00%,0.00%,13.25%
20260127,17,鳳梨傳媒股份有限公司,2190,民視新聞網-Exchange,12579,CF_300x250_右側第一塊_民視新聞網-Exchange(RWD)(MCM),,知名媒體,,"2,734",113,0,113,"2,144",0,2734,4.13%,78.42%,0.00%,0.00%,4.13%
20260127,17,鳳梨傳媒股份有限公司,2190,民視新聞網-Exchange,12580,CF_300x250_內文文中左側_民視新聞網-Exchange(RWD)(MCM),,知名媒體,,"3,192",124,0,124,"2,636",0,3192,3.88%,82.58%,0.00%,0.00%,3.88%
20260127,17,第一網站股份有限公司,2783,漫畫櫃manhuagui,12676,CF_728X90_manhuagui,antifroud,,,"4,701",403,0,403,"4,366",0,4701,8.57%,92.87%,0.00%,0.00%,8.57%
20260127,17,艾得基客行銷顧問股份有限公司,2635,工商時報,12761,MW_320x480_文中創意_工商時報new,,知名媒體,,12,0,0,0,12,0,12,0.00%,100.00%,0.00%,0.00%,0.00%
20260127,17,第一網站股份有限公司,2801,damanwoo,12868,CF-300x250_Banner_damanwoo_大人物,,,,24,0,0,0,24,0,24,0.00%,100.00%,0.00%,0.00%,0.00%
20260127,17,第一網站股份有限公司,2820,星座好朋友(horofriend88),12966,MW_320x100_horofriend88,antifroud,,,18,0,0,0,13,0,18,0.00%,72.22%,0.00%,0.00%,0.00%
20260127,17,時報資訊股份有限公司,2335,中時電子報_2019,12974,MW-置底創意(展開)-中時電子報_2019,antifroud,知名媒體,,6,0,0,0,3,0,6,0.00%,50.00%,0.00%,0.00%,0.00%
20260127,17,第一網站股份有限公司,2836,vivi01,13032,MW_置底創意_vivi01 ViVi視頻,,,,42,0,0,0,37,0,42,0.00%,88.10%,0.00%,0.00%,0.00%
20260127,17,和運租車股份有限公司,2878,abc好車網,13368,CF_970x90_物件頁下方_abc好車網,,知名媒體,,12,2,0,2,10,0,12,16.67%,83.33%,0.00%,0.00%,16.67%
20260127,17,曾憲敏,202,85小說網,13445,MW_336X280_全量1_85小說網,,,,317,86,0,86,240,0,317,27.13%,75.71%,0.00%,0.00%,27.13%
20260127,17,曾憲敏,202,85小說網,13446,MW_336X280_全量2_85小說網,,,,"3,194",849,0,849,"2,388",0,3194,26.58%,74.77%,0.00%,0.00%,26.58%
20260127,17,第一網站股份有限公司,2910,clickme,13549,CF_300x250_banner_clickme(一般),,,,508,43,0,43,449,0,508,8.46%,88.39%,0.00%,0.00%,8.46%
20260127,17,闇碼科技股份有限公司,2992,縮短網址產生器-reurl-exchange,13848,CF_300x250_轉址失敗_最右邊_reurl,,知名媒體,,6,0,0,0,6,0,6,0.00%,100.00%,0.00%,0.00%,0.00%
20260127,17,第一網站股份有限公司,2768,czbooks,13903,(子)CF_300x250_banner_czbooks(直播),antifroud,,子聯播網,"262,485","29,846",0,"29,846","254,808",0,262485,11.37%,97.08%,0.00%,0.00%,11.37%
20260127,17,第一網站股份有限公司,2768,czbooks,14036,MW_320x480_CZBOOKS,antifroud,,,50,6,0,6,45,0,50,12.00%,90.00%,0.00%,0.00%,12.00%
20260127,17,陳人鳳,480,飛格寵物家族_PC,1407,CF-728X90_上方通欄_飛格寵物家族,,,,244,6,0,6,231,0,244,2.46%,94.67%,0.00%,0.00%,2.46%
20260127,17,陳人鳳,480,飛格寵物家族_PC,1408,CF-300X250_內文_飛格寵物家族,,,,152,0,0,0,149,0,152,0.00%,98.03%,0.00%,0.00%,0.00%
20260127,17,闇碼科技股份有限公司,3048,縮短網址產生器-reurl,14210,MW_文中創意300x250_縮短網址產生器-reurl,,知名媒體,,98,16,0,16,67,0,98,16.33%,68.37%,0.00%,0.00%,16.33%
20260127,17,巨思文化股份有限公司,3052,經理人_HB,14238,MW_文章結束第一塊_300x250_經理人-HB,,知名媒體,,8,0,0,0,8,0,8,0.00%,100.00%,0.00%,0.00%,0.00%
20260127,17,巨思文化股份有限公司,3052,經理人_HB,14239,CF_300x250_內文下方右側_經理人-HB,,知名媒體,,6,0,0,0,6,0,6,0.00%,100.00%,0.00%,0.00%,0.00%
20260127,17,巨思文化股份有限公司,3052,經理人_HB,14240,CF_300x250_內文下方左側_經理人-HB,,知名媒體,,6,0,0,0,6,0,6,0.00%,100.00%,0.00%,0.00%,0.00%
20260127,17,巨思文化股份有限公司,3052,經理人_HB,14241,MW_300x250_內文下方_經理人-HB,,知名媒體,,8,0,0,0,8,0,8,0.00%,100.00%,0.00%,0.00%,0.00%
20260127,17,巨思文化股份有限公司,3053,數位時代_HB,14246,MW_300x250_文章結束第一塊_數位時代-HB,,知名媒體,,13,6,0,6,7,0,13,46.15%,53.85%,0.00%,0.00%,46.15%
20260127,17,富盈數據股份有限公司,3059,塔科女子,14258,CF_336x280_全網_塔科女子,,知名媒體,,6,0,0,0,6,0,6,0.00%,100.00%,0.00%,0.00%,0.00%
20260127,17,CBROOT LTD,3003,包子漫畫-exchange,14291,MW_300x250_蓋板(PB)_包子漫畫,,,,138,91,0,91,80,0,138,65.94%,57.97%,0.00%,0.00%,65.94%
20260127,17,朱光宁,3149,稷下書院-exchange,14748,MW_320x100_置底(PB)_稷下書院,,,,"25,412","8,941",0,"8,941","18,777",0,25412,35.18%,73.89%,0.00%,0.00%,35.18%
20260127,17,巨思文化股份有限公司,3053,數位時代_HB,14764,MW_置底創意_(非展開)_數位時代_HB,,知名媒體,,252,48,0,48,187,0,252,19.05%,74.21%,0.00%,0.00%,19.05%
20260127,17,中天電視股份有限公司,3282,中天新聞網-exchange,14980,CF_970x250_內頁_PC置頂橫幅-中天新聞網-exchange,,知名媒體,,94,0,0,0,91,0,94,0.00%,96.81%,0.00%,0.00%,0.00%
20260127,17,曾憲敏,3327,85小說網_創意,15228,MW-創意-85小說網,,,,6,0,0,0,5,0,6,0.00%,83.33%,0.00%,0.00%,0.00%
20260127,17,和運租車股份有限公司,2878,abc好車網,15249,CF_300x250_搜尋頁右側_abc好車網,,知名媒體,,8,0,0,0,6,0,8,0.00%,75.00%,0.00%,0.00%,0.00%
20260127,17,中天電視股份有限公司,3282,中天新聞網-exchange,15859,CF_336x280_內頁_PC右側互動看板B-中天新聞網-exchange,,知名媒體,,545,20,0,20,487,0,545,3.67%,89.36%,0.00%,0.00%,3.67%
20260127,17,布林遊國際有限公司,2620,Bring You-exchange,15951,CF_300x600_右側通欄_BringYou-exchange,,知名媒體,,6,0,0,0,6,0,6,0.00%,100.00%,0.00%,0.00%,0.00%
20260127,17,CBROOT LTD,3352,西瓜卡通-exchange,15970,CF_160x600_影音內容_西瓜卡通-exchange,,,,12,0,0,0,12,0,12,0.00%,100.00%,0.00%,0.00%,0.00%
20260127,17,朱光宁,3360,提莫書屋-exchange,16957,MW_336x280banner_提莫書屋_exchange,,,,"16,954","4,612",0,"4,612","13,168",0,16954,27.20%,77.67%,0.00%,0.00%,27.20%
20260127,17,朱光宁,3361,提莫書屋-mobile,16959,MW_320x480_文中創意_提莫書屋-mobile,,,,60,10,0,10,49,0,60,16.67%,81.67%,0.00%,0.00%,16.67%
20260127,17,欣發現股份有限公司,3364,女子學-mobile,16972,MW_置底創意_女子學,antifroud,,,96,20,0,20,48,0,96,20.83%,50.00%,0.00%,0.00%,20.83%
20260127,17,第一網站股份有限公司,2783,漫畫櫃manhuagui,17027,MW_320x480_蓋版_漫畫櫃manhuagui,,,,30,3,0,3,25,0,30,10.00%,83.33%,0.00%,0.00%,10.00%
20260127,17,朱光宁,3268,稷下書院-mobile,17207,MW_320x480_蓋版_稷下書院-mobile,,,,484,138,0,138,333,0,484,28.51%,68.80%,0.00%,0.00%,28.51%
20260127,17,中華電視股份有限公司,3389,華視-mobile,17230,MW_置底創意(非展開)_華視-mobile,,知名媒體,,6,0,0,0,3,0,6,0.00%,50.00%,0.00%,0.00%,0.00%
20260127,17,李立娟,3395,vivi0視頻-exchange,17293,CF_336x280_Banner_vivi01視頻-exchange,antifroud,,,"33,735",107,0,107,"25,031",0,33735,0.32%,74.20%,0.00%,0.00%,0.32%
20260127,17,李立娟,3395,vivi0視頻-exchange,17294,MW_336x280_Banner_vivi01視頻-exchange,antifroud,,,"19,855",37,0,37,"14,782",0,19855,0.19%,74.45%,0.00%,0.00%,0.19%
20260127,17,李立娟,3395,vivi0視頻-exchange,17300,MW_320x100_置底(PB)_vivi01視頻-exchange,antifroud,,,"1,121",4,0,4,831,0,1121,0.36%,74.13%,0.00%,0.00%,0.36%
20260127,17,李立娟,3397,趣聞圖說-exchange,17309,MW_336x280_文中Banner_趣聞圖說-exchange,,,,"2,098",53,0,53,"2,094",0,2098,2.53%,99.81%,0.00%,0.00%,2.53%
20260127,17,曾憲敏,601,85小說網_PC,1773,CF-300x250_85小說網_內文1,,,,281,47,0,47,257,0,281,16.73%,91.46%,0.00%,0.00%,16.73%
20260127,17,李立娟,3396,趣聞圖說-Mobile,17923,MW_置底創意(展開)_趣聞圖說-Mobile,,,,25,0,0,0,22,0,25,0.00%,88.00%,0.00%,0.00%,0.00%
20260127,17,第一網站股份有限公司,2768,czbooks,17927,MW_置底創意_czbook,,,,"2,184",682,0,682,"1,569",0,2184,31.23%,71.84%,0.00%,0.00%,31.23%
20260127,17,時報資訊股份有限公司_工商時報,3427,工商時報-exchange,18014,MW_300x250_文末Banner1_工商時報-exchange,,知名媒體,,102,14,0,14,80,0,102,13.73%,78.43%,0.00%,0.00%,13.73%
20260127,17,時報資訊股份有限公司_工商時報,3427,工商時報-exchange,18015,MW_300x250_文末Banner2_工商時報-exchange,,知名媒體,,168,11,0,11,131,0,168,6.55%,77.98%,0.00%,0.00%,6.55%
20260127,17,第一網站股份有限公司,3440,fsa_passback_first,18201,CF_336x280_fsa_passback_first,,,,142,0,0,0,142,0,142,0.00%,100.00%,0.00%,0.00%,0.00%
20260127,17,第一網站股份有限公司,3440,fsa_passback_first,18202,CF_300x250_fsa_passback_first,,,,"4,394",411,0,411,"4,165",0,4394,9.35%,94.79%,0.00%,0.00%,9.35%
20260127,17,莊博凱,3455,夢遊電玩,18269,300x250 Banner,,,,6,0,0,0,6,0,6,0.00%,100.00%,0.00%,0.00%,0.00%
20260127,17,時報資訊股份有限公司_工商時報,3427,工商時報-exchange,18278,CF_336x280_文中-MiddleBillboard_工商時報-exchange,,知名媒體,,6,0,0,0,6,0,6,0.00%,100.00%,0.00%,0.00%,0.00%
20260127,17,朱光宁,3268,稷下書院-mobile,18297,MW_置底創意(展開)_稷下書院-mobile,,,,32,6,0,6,23,0,32,18.75%,71.88%,0.00%,0.00%,18.75%
20260127,17,冰楓科技有限公司,3485,冰楓論壇-exchange,18487,CF_970x90_內文上方第一塊_冰楓論壇-exchange,,,,982,40,0,40,961,0,982,4.07%,97.86%,0.00%,0.00%,4.07%
20260127,17,冰楓科技有限公司,3485,冰楓論壇-exchange,18488,MW_320x100_內文上方第一塊_ 冰楓論壇-exchange,antifroud,,,12,0,0,0,12,0,12,0.00%,100.00%,0.00%,0.00%,0.00%
20260127,17,冰楓科技有限公司,3485,冰楓論壇-exchange,18492,MW_300x250_Banner_ 冰楓論壇-exchange,,,,261,1,0,1,259,0,261,0.38%,99.23%,0.00%,0.00%,0.38%
20260127,17,CBROOT LTD,3510,包子漫畫_twmanga-exchange,18737,CF_970x90_Banner_ 包子漫畫_twmanga-exchange,,,,60,6,0,6,59,0,60,10.00%,98.33%,0.00%,0.00%,10.00%
20260127,17,台灣英文新聞股份有限公司,3537,台灣英文新聞(new)-exchange,18914,MW_320x100_內文頁_置頂橫幅_台灣英文新聞(new)-exchange,,知名媒體,,10,0,0,0,10,0,10,0.00%,100.00%,0.00%,0.00%,0.00%
20260127,17,台灣英文新聞股份有限公司,3537,台灣英文新聞(new)-exchange,18924,CF_300x250_內容頁_右側看版_1_台灣英文新聞(new)-exchange,,知名媒體,,36,0,0,0,30,0,36,0.00%,83.33%,0.00%,0.00%,0.00%
20260127,17,艾得基客行銷顧問股份有限公司,3373,良醫健康網,19009,MW_蓋板_良醫健康網,,知名媒體,,57,17,0,17,41,0,57,29.82%,71.93%,0.00%,0.00%,29.82%
20260127,17,聯合線上股份有限公司,3549,UDN元氣網,19018,CF_首頁文章推薦第三格300x250_UDN元氣網,,知名媒體,,6,0,0,0,6,0,6,0.00%,100.00%,0.00%,0.00%,0.00%
20260127,17,聯合線上股份有限公司,3549,UDN元氣網,19019,CF_文章頁右上300x250_UDN元氣網,,知名媒體,,6,0,0,0,6,0,6,0.00%,100.00%,0.00%,0.00%,0.00%
20260127,17,艾得基客行銷顧問股份有限公司,3490,太報,19043,MW_置底創意(展開)_太報,,知名媒體,,384,14,0,14,270,0,384,3.65%,70.31%,0.00%,0.00%,3.65%
20260127,17,艾得基客行銷顧問股份有限公司,3552,玩具人,19044,MW_320x480_文中創意_玩具人,,知名媒體,,143,24,0,24,107,0,143,16.78%,74.83%,0.00%,0.00%,16.78%
20260127,17,第一網站股份有限公司,2783,漫畫櫃manhuagui,20685,MW_300X250_manhuagui,antifroud,,,"2,164",586,0,586,"1,631",0,2164,27.08%,75.37%,0.00%,0.00%,27.08%
20260127,17,德榕企業有限公司,3578,TW Bodhi_mobile,20708,MW_蓋板_TW Bodhi,,,,251,86,0,86,171,0,251,34.26%,68.13%,0.00%,0.00%,34.26%
20260127,17,德榕企業有限公司,3581,忘憂書屋,20727,CF_336x280文章頁(RWD)_忘憂書屋,,,,6,2,0,2,5,0,6,33.33%,83.33%,0.00%,0.00%,33.33%
20260127,17,德榕企業有限公司,3582,忘憂書屋_mobile,20728,MW_文中創意300x250_忘憂書屋,,,,20,8,0,8,15,0,20,40.00%,75.00%,0.00%,0.00%,40.00%
20260127,17,第一網站股份有限公司,2916,KiKiNote,20731,CF_300x250_banner_kikinote (PB),,知名媒體,,112,0,0,0,112,0,112,0.00%,100.00%,0.00%,0.00%,0.00%
20260127,17,第一網站股份有限公司,3440,fsa_passback_first,21699,CF_336x280_fsa_passback_first,,,,"3,559",251,0,251,"3,501",0,3559,7.05%,98.37%,0.00%,0.00%,7.05%
20260127,17,富盈數據股份有限公司,3653,TVBS-女人我最大_HB,21760,MW_文章三_336x280_TVBS-女人我最大_HB,,知名媒體,,8,0,0,0,4,0,8,0.00%,50.00%,0.00%,0.00%,0.00%
20260127,17,富盈數據股份有限公司,3653,TVBS-女人我最大_HB,21761,MW_文章四_336x280_TVBS-女人我最大_HB,,知名媒體,,544,114,0,114,377,0,544,20.96%,69.30%,0.00%,0.00%,20.96%
20260127,17,富盈數據股份有限公司,3653,TVBS-女人我最大_HB,21763,MW_文中創意320x480_TVBS-女人我最大_HB,,知名媒體,,379,77,0,77,238,0,379,20.32%,62.80%,0.00%,0.00%,20.32%
20260127,17,富盈數據股份有限公司,3654,TVBS-健康2.0_HB,21768,MW_文中創意320x480_TVBS-健康2.0_HB,,知名媒體,,"3,273",398,0,398,"2,401",0,3273,12.16%,73.36%,0.00%,0.00%,12.16%
20260127,17,富盈數據股份有限公司,3655,TVBS-食尚玩家_HB,21773,MW_文中創意320x480_TVBS-食尚玩家_HB,,知名媒體,,147,22,0,22,100,0,147,14.97%,68.03%,0.00%,0.00%,14.97%
20260127,17,先驅媒體社會企業股份有限公司,3554,新頭殼(R18),21839,ＭＷ_336x280Banner_newtalk.tw_mobile_all_336280_2_新頭殼(R18),antifroud,知名媒體,,6,2,0,2,5,0,6,33.33%,83.33%,0.00%,0.00%,33.33%
20260127,17,儂儂雜誌社股份有限公司(bella儂儂),2135,Bella儂儂_2024,21876,MW-300x250_文章標題上方1_Bella儂儂,,知名媒體,,264,24,0,24,200,0,264,9.09%,75.76%,0.00%,0.00%,9.09%
20260127,17,富盈數據股份有限公司,3680,TVBS-新聞網_HB,21898,CF_文章右側300x600_TVBS-新聞網_HB,,知名媒體,,6,2,0,2,5,0,6,33.33%,83.33%,0.00%,0.00%,33.33%
20260127,17,富盈數據股份有限公司,3680,TVBS-新聞網_HB,21899,MW_文章一_336x280_TVBS-新聞網_HB,,知名媒體,,"2,343",59,0,59,"1,559",0,2343,2.52%,66.54%,0.00%,0.00%,2.52%
20260127,17,富盈數據股份有限公司,3680,TVBS-新聞網_HB,21900,MW_文章三_336x280_TVBS-新聞網_HB,,知名媒體,,170,8,0,8,110,0,170,4.71%,64.71%,0.00%,0.00%,4.71%
20260127,17,富盈數據股份有限公司,3680,TVBS-新聞網_HB,21902,MW_文章置底_320x100_TVBS-新聞網_HB,,知名媒體,,"2,800",74,0,74,"1,877",0,2800,2.64%,67.04%,0.00%,0.00%,2.64%
20260127,17,富盈數據股份有限公司,3684,稅美人_mobile,21923,MW_置底創意(非展開)_稅美人-mobile,,,,"2,520",769,0,769,"1,849",0,2520,30.52%,73.37%,0.00%,0.00%,30.52%
20260127,17,富盈數據股份有限公司,3685,玩桌遊_mobile,21924,MW_置底創意(非展開)_玩桌遊-mobile,,,,206,41,0,41,156,0,206,19.90%,75.73%,0.00%,0.00%,19.90%
20260127,17,富盈數據股份有限公司,2615,熱血台中,21986,CF_336x280_全網_熱血台中,,,,30,0,0,0,26,0,30,0.00%,86.67%,0.00%,0.00%,0.00%
20260127,17,富盈數據股份有限公司,2615,熱血台中,21987,CF_336x280_全網_熱血台中,,,,32,0,0,0,31,0,32,0.00%,96.88%,0.00%,0.00%,0.00%
20260127,17,富盈數據股份有限公司,3704,天天要聞,22030,CF_300 x 250 banner_天天要聞_cpc2,,,,732,152,0,152,609,0,732,20.77%,83.20%,0.00%,0.00%,20.77%
20260127,17,富盈數據股份有限公司,3703,繁體小說,22031,CF_300 x 250 banner_繁體小說_cpc2,,,,12,0,0,0,12,0,12,0.00%,100.00%,0.00%,0.00%,0.00%
20260127,17,冠妍動力科技有限公司,484,小老婆汽機車資訊網,22058,MW_文中創意320x480_小老婆汽機車資訊網-測試,,知名媒體,,6,0,0,0,5,0,6,0.00%,83.33%,0.00%,0.00%,0.00%
20260127,17,朱光宁,3718,稷下書院2,22092,MW_置底創意(非展開)_稷下書院2,antifroud,,,"117,835","33,582",0,"33,582","89,476",0,117835,28.50%,75.93%,0.00%,0.00%,28.50%
20260127,17,富盈數據股份有限公司,3680,TVBS-新聞網_HB,22131,CF_文中300x250_TVBS-新聞網_HB_1,,知名媒體,,6,0,0,0,6,0,6,0.00%,100.00%,0.00%,0.00%,0.00%
20260127,17,富盈數據股份有限公司,3680,TVBS-新聞網_HB,22132,CF_文中300x250_TVBS-新聞網_HB_2,,知名媒體,,12,2,0,2,11,0,12,16.67%,91.67%,0.00%,0.00%,16.67%
20260127,17,富盈數據股份有限公司,3680,TVBS-新聞網_HB,22133,CF_文中300x250_TVBS-新聞網_HB_3,,知名媒體,,60,2,0,2,57,0,60,3.33%,95.00%,0.00%,0.00%,3.33%
20260127,17,富盈數據股份有限公司,3730,Teepr 亮新聞 HB,22145,MW_336x280_文中創意_Teepr亮新聞 HB,,,,12,0,0,0,8,0,12,0.00%,66.67%,0.00%,0.00%,0.00%
20260127,17,闇碼科技股份有限公司,3048,縮短網址產生器-reurl,22213,MW_蓋版_縮短網址產生器-reurl-2025.05(特殊供量),,知名媒體,,132,8,0,8,112,0,132,6.06%,84.85%,0.00%,0.00%,6.06%
20260127,17,艾得基客行銷顧問股份有限公司,3724,上報,22217,MW_置底創意(非展開)_上報,,知名媒體,,222,22,0,22,180,0,222,9.91%,81.08%,0.00%,0.00%,9.91%
20260127,17,艾得基客行銷顧問股份有限公司,3724,上報,22218,MW_置底(展開)_上報,,知名媒體,,171,16,0,16,128,0,171,9.36%,74.85%,0.00%,0.00%,9.36%
20260127,17,欣發現股份有限公司,3363,大人物-mobile,22222,MW_蓋板_大人物,,知名媒體,,13,0,0,0,13,0,13,0.00%,100.00%,0.00%,0.00%,0.00%
20260127,17,朱光宁,3741,石頭小說3,22396,MW_置底_石頭小說3,,,,6,0,0,0,6,0,6,0.00%,100.00%,0.00%,0.00%,0.00%
20260127,17,朱光宁,3741,石頭小說3,22398,CF_336 x 280 banner_石頭小說3_cpc1.67,,,,193,11,0,11,188,0,193,5.70%,97.41%,0.00%,0.00%,5.70%
20260127,17,朱光宁,3741,石頭小說3,22399,CF_320 x 480 橫幅_石頭小說3,,,,12,4,0,4,10,0,12,33.33%,83.33%,0.00%,0.00%,33.33%
20260127,17,艾得基客行銷顧問股份有限公司,3724,上報,22405,MW_蓋版_上報,,知名媒體,,16,2,0,2,12,0,16,12.50%,75.00%,0.00%,0.00%,12.50%
20260127,17,闇碼科技股份有限公司,3068,限時圖片-imgus,22406,MW_置底_imgus,antifroud,,,169,3,0,3,112,0,169,1.78%,66.27%,0.00%,0.00%,1.78%
20260127,17,第一網站股份有限公司,2783,漫畫櫃manhuagui,22443,MW_置底_manhuagui,antifroud,,,"2,299",579,0,579,"1,753",0,2299,25.18%,76.25%,0.00%,0.00%,25.18%
20260127,17,艾得基客行銷顧問股份有限公司,3490,太報,22495,MW_300x250 BANNER_太報_CPM5,,知名媒體,子聯播網,6,0,0,0,3,0,6,0.00%,50.00%,0.00%,0.00%,0.00%
20260127,17,艾得基客行銷顧問股份有限公司,2689,Basketball Top5,22498,MW_300x250 Banner_Basketball TOP5_CPM5,,,子聯播網,215,2,0,2,132,0,215,0.93%,61.40%,0.00%,0.00%,0.93%
20260127,17,艾得基客行銷顧問股份有限公司,2578,鉅亨網,22507,MW_300x250_鉅亨網_直播用BN-1,,知名媒體,子聯播網,"1,516",92,0,92,"1,218",0,1516,6.07%,80.34%,0.00%,0.00%,6.07%
20260127,17,艾得基客行銷顧問股份有限公司,3752,ＭoneyDJ,22514,MW_文中創意320x480_MoneyDJ,antifroud,知名媒體,,62,6,0,6,45,0,62,9.68%,72.58%,0.00%,0.00%,9.68%
20260127,17,巨思文化股份有限公司,3053,數位時代_HB,22741,MW_文中創意320x480_第一塊_數位時代_HB,,知名媒體,,6,0,0,0,3,0,6,0.00%,50.00%,0.00%,0.00%,0.00%
20260127,17,李承翰-webptt,718,Web批踢踢(RWD),2284,MW-蓋板_文中_Web批踢踢,antifroud,,,60,6,0,6,58,0,60,10.00%,96.67%,0.00%,0.00%,10.00%
20260127,17,麥智維,999,動漫戲說,3543,CF-728*90-內文上方-動漫戲說,antifroud,,,111,12,0,12,108,0,111,10.81%,97.30%,0.00%,0.00%,10.81%
20260127,17,肖偉彬,1287,紅櫻桃小說書庫,4678,CF-內文上方-300*250-紅櫻桃小說書庫,,,,14,8,0,8,10,0,14,57.14%,71.43%,0.00%,0.00%,57.14%
20260127,17,技達創意資訊有限公司,1299,泰好網,4733,CF-300*250-內文下方-泰好網,,,,6,0,0,0,6,0,6,0.00%,100.00%,0.00%,0.00%,0.00%
20260127,17,技達創意資訊有限公司,1299,泰好網,4734,MW-320*100-首頁、內文上方-泰好網,,,,6,0,0,0,6,0,6,0.00%,100.00%,0.00%,0.00%,0.00%
20260127,17,肖偉彬,1347,雲台書屋,4923,CF-上方通欄-300*250-雲台書屋,,,,6,0,0,0,3,0,6,0.00%,50.00%,0.00%,0.00%,0.00%
20260127,17,陈晋福,1367,電視超人,4997,CF-300X250-電視超人,,,,24,0,0,0,24,0,24,0.00%,100.00%,0.00%,0.00%,0.00%
20260127,17,莊博凱,1676,夢遊電玩-exchange,6310,CF-160*600-網頁右側-夢遊電玩-exchange,,,,6,0,0,0,6,0,6,0.00%,100.00%,0.00%,0.00%,0.00%
20260127,17,精鏡傳媒股份有限公司,1060,鏡週刊,8250,MW_置底創意(非展開)_鏡週刊,,知名媒體,,591,47,0,47,453,0,591,7.95%,76.65%,0.00%,0.00%,7.95%
20260127,17,臺灣電視事業股份有限公司,52,台視,8313,PC-300x250_內文第一塊_台視財經,,知名媒體,,16,0,0,0,16,0,16,0.00%,100.00%,0.00%,0.00%,0.00%
20260127,17,布林遊國際有限公司,1692,Bring You,8393,CF-300X250-上方通欄右側_BringYou,,知名媒體,,6,0,0,0,6,0,6,0.00%,100.00%,0.00%,0.00%,0.00%
20260127,17,巧克科技新媒體股份有限公司,2127,LINE TV_Banner-exchange,8576,CF_336x280_戲劇-右側好康資訊下方_LINE TV-exchange,,知名媒體,,92,12,0,12,86,0,92,13.04%,93.48%,0.00%,0.00%,13.04%
20260127,17,鳳梨傳媒股份有限公司,2190,民視新聞網-Exchange,8862,CF_970X90_分類新聞內頁上方_民視新聞(MCM),,知名媒體,,26,4,0,4,25,0,26,15.38%,96.15%,0.00%,0.00%,15.38%
20260127,17,見聞科技有限公司,2251,就是節目表,9233,MW-300x250-節目表文中-就是節目表,,,,6,2,0,2,5,0,6,33.33%,83.33%,0.00%,0.00%,33.33%
20260127,17,蔡瑞文,300,樂透彩幸運發財網,9470,MW-置底-樂透幸運發財網,antifroud,知名媒體,,12,2,0,2,11,0,12,16.67%,91.67%,0.00%,0.00%,16.67%
20260127,18,英屬維京群島商浩美數位有限公司台灣分公司,2315,Teepr亮新聞-exchange,10012,CF_336x280Banner_Teepr亮新聞-exchange,,知名媒體,,88,0,0,0,59,0,88,0.00%,67.05%,0.00%,0.00%,0.00%
20260127,18,昱得資訊工作室,2528,數位書香,11081,CF_160x600_首頁右側_數位書香,antifroud,,,42,0,0,0,42,0,42,0.00%,100.00%,0.00%,0.00%,0.00%
20260127,18,第一網站股份有限公司,2518,麻辣家族討論區(twbts),11082,CF-728X90-twbts,antifroud,,,146,0,0,0,141,0,146,0.00%,96.58%,0.00%,0.00%,0.00%
20260127,18,第一網站股份有限公司,2601,Meme梗圖倉庫,11443,CF-336X280-meme,,,,99,33,0,33,77,0,99,33.33%,77.78%,0.00%,0.00%,33.33%
20260127,18,艾得基客行銷顧問股份有限公司,2578,鉅亨網,12070,MW_320x480_文中創意_鉅亨網,,知名媒體,,388,16,0,16,315,0,388,4.12%,81.19%,0.00%,0.00%,4.12%
20260127,18,時報資訊股份有限公司,2770,中時電子報_HB,12559,CF_300x250_右側互動看版_中時電子報_HB,,知名媒體,,295,24,0,24,281,0,295,8.14%,95.25%,0.00%,0.00%,8.14%
20260127,18,時報資訊股份有限公司,2770,中時電子報_HB,12560,CF_336x280_文中看板_中時電子報_HB,,知名媒體,,318,28,0,28,301,0,318,8.81%,94.65%,0.00%,0.00%,8.81%
20260127,18,時報資訊股份有限公司,2770,中時電子報_HB,12561,MW_300x250_內頁TOP Banner_中時電子報_HB,antifroud,知名媒體,,"2,284",252,0,252,"1,766",0,2284,11.03%,77.32%,0.00%,0.00%,11.03%
20260127,18,第一網站股份有限公司,2768,czbooks,12570,CF_728x90_banner_czbooks,,,,91,26,0,26,75,0,91,28.57%,82.42%,0.00%,0.00%,28.57%
20260127,18,第一網站股份有限公司,2768,czbooks,12571,CF-300x600_Banner_czbooks,,,,300,0,0,0,151,0,300,0.00%,50.33%,0.00%,0.00%,0.00%
20260127,18,鳳梨傳媒股份有限公司,2190,民視新聞網-Exchange,12579,CF_300x250_右側第一塊_民視新聞網-Exchange(RWD)(MCM),,知名媒體,,109,4,0,4,84,0,109,3.67%,77.06%,0.00%,0.00%,3.67%
20260127,18,鳳梨傳媒股份有限公司,2190,民視新聞網-Exchange,12580,CF_300x250_內文文中左側_民視新聞網-Exchange(RWD)(MCM),,知名媒體,,202,8,0,8,164,0,202,3.96%,81.19%,0.00%,0.00%,3.96%
20260127,18,第一網站股份有限公司,2783,漫畫櫃manhuagui,12676,CF_728X90_manhuagui,antifroud,,,952,97,0,97,873,0,952,10.19%,91.70%,0.00%,0.00%,10.19%
20260127,18,第一網站股份有限公司,2820,星座好朋友(horofriend88),12966,MW_320x100_horofriend88,antifroud,,,6,2,0,2,3,0,6,33.33%,50.00%,0.00%,0.00%,33.33%
20260127,18,曾憲敏,202,85小說網,13445,MW_336X280_全量1_85小說網,,,,26,2,0,2,21,0,26,7.69%,80.77%,0.00%,0.00%,7.69%
20260127,18,曾憲敏,202,85小說網,13446,MW_336X280_全量2_85小說網,,,,162,28,0,28,129,0,162,17.28%,79.63%,0.00%,0.00%,17.28%
20260127,18,第一網站股份有限公司,2768,czbooks,13481,MW_300x250_banner_czbooks,antifroud,,子聯播網,"2,035",555,0,555,"1,519",0,2035,27.27%,74.64%,0.00%,0.00%,27.27%
20260127,18,第一網站股份有限公司,2910,clickme,13549,CF_300x250_banner_clickme(一般),,,,9,9,0,9,5,0,9,100.00%,55.56%,0.00%,0.00%,100.00%
20260127,18,第一網站股份有限公司,2768,czbooks,13903,(子)CF_300x250_banner_czbooks(直播),antifroud,,子聯播網,"17,825","2,748",0,"2,748","16,868",0,17825,15.42%,94.63%,0.00%,0.00%,15.42%
20260127,18,第一網站股份有限公司,2783,漫畫櫃manhuagui,13904,(子)CF_300x250_banner_manhuagui(直播),antifroud,,子聯播網,"1,319",66,0,66,"1,295",0,1319,5.00%,98.18%,0.00%,0.00%,5.00%
20260127,18,第一網站股份有限公司,2768,czbooks,14036,MW_320x480_CZBOOKS,antifroud,,,44,4,0,4,41,0,44,9.09%,93.18%,0.00%,0.00%,9.09%
20260127,18,闇碼科技股份有限公司,3048,縮短網址產生器-reurl,14210,MW_文中創意300x250_縮短網址產生器-reurl,,知名媒體,,18,0,0,0,12,0,18,0.00%,66.67%,0.00%,0.00%,0.00%
20260127,18,巨思文化股份有限公司,3053,數位時代_HB,14242,CF_300x250_內文下方左側_數位時代-HB,,知名媒體,,6,0,0,0,6,0,6,0.00%,100.00%,0.00%,0.00%,0.00%
20260127,18,巨思文化股份有限公司,3053,數位時代_HB,14243,CF_300x250_內文下方右側_數位時代-HB,,知名媒體,,6,0,0,0,6,0,6,0.00%,100.00%,0.00%,0.00%,0.00%
20260127,18,巨思文化股份有限公司,3053,數位時代_HB,14244,MW_300x250_文中第四塊_數位時代-HB,,知名媒體,,6,6,0,6,3,0,6,100.00%,50.00%,0.00%,0.00%,100.00%
20260127,18,巨思文化股份有限公司,3053,數位時代_HB,14246,MW_300x250_文章結束第一塊_數位時代-HB,,知名媒體,,32,10,0,10,20,0,32,31.25%,62.50%,0.00%,0.00%,31.25%
20260127,18,富盈數據股份有限公司,3059,塔科女子,14258,CF_336x280_全網_塔科女子,,知名媒體,,6,0,0,0,6,0,6,0.00%,100.00%,0.00%,0.00%,0.00%
20260127,18,CBROOT LTD,3003,包子漫畫-exchange,14291,MW_300x250_蓋板(PB)_包子漫畫,,,,30,22,0,22,17,0,30,73.33%,56.67%,0.00%,0.00%,73.33%
20260127,18,朱光宁,3149,稷下書院-exchange,14748,MW_320x100_置底(PB)_稷下書院,,,,"1,732",635,0,635,"1,245",0,1732,36.66%,71.88%,0.00%,0.00%,36.66%
20260127,18,巨思文化股份有限公司,3053,數位時代_HB,14764,MW_置底創意_(非展開)_數位時代_HB,,知名媒體,,61,26,0,26,39,0,61,42.62%,63.93%,0.00%,0.00%,42.62%
20260127,18,中天電視股份有限公司,3283,中天新聞網-mobile,14931,MW_320x480_蓋版_中天新聞網-mobile,antifroud,知名媒體,,93,2,0,2,85,0,93,2.15%,91.40%,0.00%,0.00%,2.15%
20260127,18,中天電視股份有限公司,3282,中天新聞網-exchange,14980,CF_970x250_內頁_PC置頂橫幅-中天新聞網-exchange,,知名媒體,,6,0,0,0,5,0,6,0.00%,83.33%,0.00%,0.00%,0.00%
20260127,18,中天電視股份有限公司,3282,中天新聞網-exchange,15859,CF_336x280_內頁_PC右側互動看板B-中天新聞網-exchange,,知名媒體,,12,0,0,0,11,0,12,0.00%,91.67%,0.00%,0.00%,0.00%
20260127,18,朱光宁,3360,提莫書屋-exchange,16957,MW_336x280banner_提莫書屋_exchange,,,,"1,039",243,0,243,811,0,1039,23.39%,78.06%,0.00%,0.00%,23.39%
20260127,18,欣發現股份有限公司,3364,女子學-mobile,16972,MW_置底創意_女子學,antifroud,,,6,6,0,6,3,0,6,100.00%,50.00%,0.00%,0.00%,100.00%
20260127,18,第一網站股份有限公司,2783,漫畫櫃manhuagui,17027,MW_320x480_蓋版_漫畫櫃manhuagui,,,,24,8,0,8,17,0,24,33.33%,70.83%,0.00%,0.00%,33.33%
20260127,18,朱光宁,3268,稷下書院-mobile,17207,MW_320x480_蓋版_稷下書院-mobile,,,,252,80,0,80,173,0,252,31.75%,68.65%,0.00%,0.00%,31.75%
20260127,18,李立娟,3395,vivi0視頻-exchange,17293,CF_336x280_Banner_vivi01視頻-exchange,antifroud,,,"4,490",10,0,10,"3,312",0,4490,0.22%,73.76%,0.00%,0.00%,0.22%
20260127,18,李立娟,3395,vivi0視頻-exchange,17294,MW_336x280_Banner_vivi01視頻-exchange,antifroud,,,"2,499",10,0,10,"1,863",0,2499,0.40%,74.55%,0.00%,0.00%,0.40%
20260127,18,李立娟,3395,vivi0視頻-exchange,17300,MW_320x100_置底(PB)_vivi01視頻-exchange,antifroud,,,959,0,0,0,700,0,959,0.00%,72.99%,0.00%,0.00%,0.00%
20260127,18,第一網站股份有限公司,2768,czbooks,17927,MW_置底創意_czbook,,,,267,87,0,87,196,0,267,32.58%,73.41%,0.00%,0.00%,32.58%
20260127,18,時報資訊股份有限公司_工商時報,3427,工商時報-exchange,18014,MW_300x250_文末Banner1_工商時報-exchange,,知名媒體,,120,6,0,6,102,0,120,5.00%,85.00%,0.00%,0.00%,5.00%
20260127,18,時報資訊股份有限公司_工商時報,3427,工商時報-exchange,18015,MW_300x250_文末Banner2_工商時報-exchange,,知名媒體,,142,12,0,12,120,0,142,8.45%,84.51%,0.00%,0.00%,8.45%
20260127,18,第一網站股份有限公司,3440,fsa_passback_first,18201,CF_336x280_fsa_passback_first,,,,16,0,0,0,16,0,16,0.00%,100.00%,0.00%,0.00%,0.00%
20260127,18,第一網站股份有限公司,3440,fsa_passback_first,18202,CF_300x250_fsa_passback_first,,,,206,12,0,12,195,0,206,5.83%,94.66%,0.00%,0.00%,5.83%
20260127,18,冰楓科技有限公司,3485,冰楓論壇-exchange,18487,CF_970x90_內文上方第一塊_冰楓論壇-exchange,,,,45,4,0,4,45,0,45,8.89%,100.00%,0.00%,0.00%,8.89%
20260127,18,冰楓科技有限公司,3485,冰楓論壇-exchange,18492,MW_300x250_Banner_ 冰楓論壇-exchange,,,,22,0,0,0,22,0,22,0.00%,100.00%,0.00%,0.00%,0.00%
20260127,18,CBROOT LTD,3492,包子漫畫(特開流量)-exchange,18546,(子)CF_300x250_指定時段_包子漫畫(特開流量)-exchange,,,子聯播網,"2,384",114,0,114,"2,337",0,2384,4.78%,98.03%,0.00%,0.00%,4.78%
20260127,18,CBROOT LTD,3492,包子漫畫(特開流量)-exchange,18557,CF_300x600_指定流量_包子漫畫(特開流量PB)-exchange,,,,333,8,0,8,329,0,333,2.40%,98.80%,0.00%,0.00%,2.40%
20260127,18,CBROOT LTD,3510,包子漫畫_twmanga-exchange,18732,MW_336x280_Banner_包子漫畫_twmanga,,,子聯播網,"3,899","1,844",0,"1,844","2,515",0,3899,47.29%,64.50%,0.00%,0.00%,47.29%
20260127,18,闇碼科技股份有限公司,2992,縮短網址產生器-reurl-exchange,18876,CF_首頁連結bar下方_縮短網址產生器-reurl-exchange,,知名媒體,,6,0,0,0,4,0,6,0.00%,66.67%,0.00%,0.00%,0.00%
20260127,18,台灣英文新聞股份有限公司,3537,台灣英文新聞(new)-exchange,18924,CF_300x250_內容頁_右側看版_1_台灣英文新聞(new)-exchange,,知名媒體,,6,0,0,0,5,0,6,0.00%,83.33%,0.00%,0.00%,0.00%
20260127,18,艾得基客行銷顧問股份有限公司,3373,良醫健康網,19009,MW_蓋板_良醫健康網,,知名媒體,,6,0,0,0,6,0,6,0.00%,100.00%,0.00%,0.00%,0.00%
20260127,18,艾得基客行銷顧問股份有限公司,3490,太報,19043,MW_置底創意(展開)_太報,,知名媒體,,32,0,0,0,20,0,32,0.00%,62.50%,0.00%,0.00%,0.00%
20260127,18,艾得基客行銷顧問股份有限公司,3552,玩具人,19044,MW_320x480_文中創意_玩具人,,知名媒體,,7,0,0,0,6,0,7,0.00%,85.71%,0.00%,0.00%,0.00%
20260127,18,第一網站股份有限公司,2783,漫畫櫃manhuagui,20685,MW_300X250_manhuagui,antifroud,,,476,127,0,127,369,0,476,26.68%,77.52%,0.00%,0.00%,26.68%
20260127,18,德榕企業有限公司,3578,TW Bodhi_mobile,20708,MW_蓋板_TW Bodhi,,,,36,6,0,6,28,0,36,16.67%,77.78%,0.00%,0.00%,16.67%
20260127,18,德榕企業有限公司,3581,忘憂書屋,20727,CF_336x280文章頁(RWD)_忘憂書屋,,,,12,0,0,0,10,0,12,0.00%,83.33%,0.00%,0.00%,0.00%
20260127,18,德榕企業有限公司,3582,忘憂書屋_mobile,20728,MW_文中創意300x250_忘憂書屋,,,,12,0,0,0,12,0,12,0.00%,100.00%,0.00%,0.00%,0.00%
20260127,18,第一網站股份有限公司,2916,KiKiNote,20731,CF_300x250_banner_kikinote (PB),,知名媒體,,20,0,0,0,20,0,20,0.00%,100.00%,0.00%,0.00%,0.00%
20260127,18,艾得基客行銷顧問股份有限公司,3490,太報,21317,MW_蓋版_太報,,知名媒體,,6,0,0,0,3,0,6,0.00%,50.00%,0.00%,0.00%,0.00%
20260127,18,第一網站股份有限公司,3440,fsa_passback_first,21699,CF_336x280_fsa_passback_first,,,,24,12,0,12,21,0,24,50.00%,87.50%,0.00%,0.00%,50.00%
20260127,18,富盈數據股份有限公司,3653,TVBS-女人我最大_HB,21760,MW_文章三_336x280_TVBS-女人我最大_HB,,知名媒體,,6,2,0,2,4,0,6,33.33%,66.67%,0.00%,0.00%,33.33%
20260127,18,富盈數據股份有限公司,3653,TVBS-女人我最大_HB,21761,MW_文章四_336x280_TVBS-女人我最大_HB,,知名媒體,,38,6,0,6,29,0,38,15.79%,76.32%,0.00%,0.00%,15.79%
20260127,18,富盈數據股份有限公司,3653,TVBS-女人我最大_HB,21763,MW_文中創意320x480_TVBS-女人我最大_HB,,知名媒體,,48,8,0,8,32,0,48,16.67%,66.67%,0.00%,0.00%,16.67%
20260127,18,富盈數據股份有限公司,3654,TVBS-健康2.0_HB,21768,MW_文中創意320x480_TVBS-健康2.0_HB,,知名媒體,,429,33,0,33,305,0,429,7.69%,71.10%,0.00%,0.00%,7.69%
20260127,18,富盈數據股份有限公司,3653,TVBS-女人我最大_HB,21803,MW_文章一_336x280_TVBS-女人我最大_HB,,知名媒體,,20,0,0,0,12,0,20,0.00%,60.00%,0.00%,0.00%,0.00%
20260127,18,儂儂雜誌社股份有限公司(bella儂儂),2135,Bella儂儂_2024,21876,MW-300x250_文章標題上方1_Bella儂儂,,知名媒體,,12,0,0,0,10,0,12,0.00%,83.33%,0.00%,0.00%,0.00%
20260127,18,富盈數據股份有限公司,3680,TVBS-新聞網_HB,21899,MW_文章一_336x280_TVBS-新聞網_HB,,知名媒體,,"2,653",66,0,66,"1,752",0,2653,2.49%,66.04%,0.00%,0.00%,2.49%
20260127,18,富盈數據股份有限公司,3680,TVBS-新聞網_HB,21900,MW_文章三_336x280_TVBS-新聞網_HB,,知名媒體,,298,12,0,12,181,0,298,4.03%,60.74%,0.00%,0.00%,4.03%
20260127,18,富盈數據股份有限公司,3680,TVBS-新聞網_HB,21901,MW_文章四_336x280_TVBS-新聞網_HB,,知名媒體,,26,2,0,2,15,0,26,7.69%,57.69%,0.00%,0.00%,7.69%
20260127,18,富盈數據股份有限公司,3680,TVBS-新聞網_HB,21902,MW_文章置底_320x100_TVBS-新聞網_HB,,知名媒體,,"2,889",74,0,74,"1,916",0,2889,2.56%,66.32%,0.00%,0.00%,2.56%
20260127,18,富盈數據股份有限公司,3684,稅美人_mobile,21923,MW_置底創意(非展開)_稅美人-mobile,,,,126,30,0,30,98,0,126,23.81%,77.78%,0.00%,0.00%,23.81%
20260127,18,富盈數據股份有限公司,3685,玩桌遊_mobile,21924,MW_置底創意(非展開)_玩桌遊-mobile,,,,26,4,0,4,17,0,26,15.38%,65.38%,0.00%,0.00%,15.38%
20260127,18,富盈數據股份有限公司,3704,天天要聞,22030,CF_300 x 250 banner_天天要聞_cpc2,,,,763,237,0,237,595,0,763,31.06%,77.98%,0.00%,0.00%,31.06%
20260127,18,朱光宁,3718,稷下書院2,22092,MW_置底創意(非展開)_稷下書院2,antifroud,,,"10,171","2,931",0,"2,931","7,625",0,10171,28.82%,74.97%,0.00%,0.00%,28.82%
20260127,18,富盈數據股份有限公司,3680,TVBS-新聞網_HB,22132,CF_文中300x250_TVBS-新聞網_HB_2,,知名媒體,,16,0,0,0,15,0,16,0.00%,93.75%,0.00%,0.00%,0.00%
20260127,18,富盈數據股份有限公司,3680,TVBS-新聞網_HB,22133,CF_文中300x250_TVBS-新聞網_HB_3,,知名媒體,,48,4,0,4,44,0,48,8.33%,91.67%,0.00%,0.00%,8.33%
20260127,18,富盈數據股份有限公司,3730,Teepr 亮新聞 HB,22145,MW_336x280_文中創意_Teepr亮新聞 HB,,,,6,0,0,0,4,0,6,0.00%,66.67%,0.00%,0.00%,0.00%
20260127,18,闇碼科技股份有限公司,3048,縮短網址產生器-reurl,22213,MW_蓋版_縮短網址產生器-reurl-2025.05(特殊供量),,知名媒體,,594,0,0,0,591,0,594,0.00%,99.49%,0.00%,0.00%,0.00%
20260127,18,艾得基客行銷顧問股份有限公司,3724,上報,22217,MW_置底創意(非展開)_上報,,知名媒體,,6,0,0,0,4,0,6,0.00%,66.67%,0.00%,0.00%,0.00%
20260127,18,艾得基客行銷顧問股份有限公司,3724,上報,22218,MW_置底(展開)_上報,,知名媒體,,12,0,0,0,12,0,12,0.00%,100.00%,0.00%,0.00%,0.00%
20260127,18,朱光宁,3741,石頭小說3,22396,MW_置底_石頭小說3,,,,30,6,0,6,24,0,30,20.00%,80.00%,0.00%,0.00%,20.00%
20260127,18,朱光宁,3741,石頭小說3,22398,CF_336 x 280 banner_石頭小說3_cpc1.67,,,,"1,238",337,0,337,981,0,1238,27.22%,79.24%,0.00%,0.00%,27.22%
20260127,18,朱光宁,3741,石頭小說3,22399,CF_320 x 480 橫幅_石頭小說3,,,,18,7,0,7,11,0,18,38.89%,61.11%,0.00%,0.00%,38.89%
20260127,18,闇碼科技股份有限公司,3068,限時圖片-imgus,22406,MW_置底_imgus,antifroud,,,30,2,0,2,22,0,30,6.67%,73.33%,0.00%,0.00%,6.67%
20260127,18,第一網站股份有限公司,2783,漫畫櫃manhuagui,22443,MW_置底_manhuagui,antifroud,,,"1,404",440,0,440,"1,030",0,1404,31.34%,73.36%,0.00%,0.00%,31.34%
20260127,18,艾得基客行銷顧問股份有限公司,2689,Basketball Top5,22498,MW_300x250 Banner_Basketball TOP5_CPM5,,,子聯播網,12,0,0,0,7,0,12,0.00%,58.33%,0.00%,0.00%,0.00%
20260127,18,艾得基客行銷顧問股份有限公司,2578,鉅亨網,22507,MW_300x250_鉅亨網_直播用BN-1,,知名媒體,子聯播網,152,6,0,6,127,0,152,3.95%,83.55%,0.00%,0.00%,3.95%
20260127,18,技達創意資訊有限公司,1299,泰好網,4734,MW-320*100-首頁、內文上方-泰好網,,,,6,0,0,0,6,0,6,0.00%,100.00%,0.00%,0.00%,0.00%
20260127,18,精鏡傳媒股份有限公司,1060,鏡週刊,8250,MW_置底創意(非展開)_鏡週刊,,知名媒體,,18,6,0,6,12,0,18,33.33%,66.67%,0.00%,0.00%,33.33%
20260127,18,鳳梨傳媒股份有限公司,2190,民視新聞網-Exchange,8862,CF_970X90_分類新聞內頁上方_民視新聞(MCM),,知名媒體,,6,2,0,2,6,0,6,33.33%,100.00%,0.00%,0.00%,33.33%
