日期,小時,供應商名稱,網站,網站名稱,版位編號,版位名稱,antifroud,知名媒體,子聯播網,Total Tracked Ads,MFA Ads,AD Clutter Ads,Total Eligible Ads for Brand Suitability,Brand Suitability Passed Ads,Brand Suitability Failed Ads,% Brand Suitability Passed Ads,% Brand Suitability Failed Ads,MFA rate,AD Clutter rate
20260126,15,英屬維京群島商浩美數位有限公司台灣分公司,2315,Teepr亮新聞-exchange,10012,CF_336x280Banner_Teepr亮新聞-exchange,,知名媒體,,572,0,0,572,570,2,99.65%,0.35%,0.00%,0.00%
20260126,15,第一網站股份有限公司,2300,keketravel,10594,(子)CF_336x280_keketravel,,,子聯播網,8,0,0,8,0,8,0.00%,100.00%,0.00%,0.00%
20260126,15,昱得資訊工作室,2528,數位書香,11080,CF_728x90_首頁上方_數位書香,antifroud,,,7,0,0,7,7,0,100.00%,0.00%,0.00%,0.00%
20260126,15,昱得資訊工作室,2528,數位書香,11081,CF_160x600_首頁右側_數位書香,antifroud,,,444,0,0,444,432,12,97.30%,2.70%,0.00%,0.00%
20260126,15,第一網站股份有限公司,2540,risu短網址,11260,MW-300X250-MB_page_left-risu,,知名媒體,,12,0,0,12,12,0,100.00%,0.00%,0.00%,0.00%
20260126,15,第一網站股份有限公司,2492,ttshow,11273,MW-300X250-ttshow,,知名媒體,,12,0,0,12,12,0,100.00%,0.00%,0.00%,0.00%
20260126,15,第一網站股份有限公司,2601,Meme梗圖倉庫,11443,CF-336X280-meme,,,,347,0,0,347,332,15,95.68%,4.32%,0.00%,0.00%
20260126,15,艾得基客行銷顧問股份有限公司,2578,鉅亨網,12070,MW_320x480_文中創意_鉅亨網,,知名媒體,,"7,723",0,0,"7,723","7,584",139,98.20%,1.80%,0.00%,0.00%
20260126,15,時報資訊股份有限公司,2770,中時電子報_HB,12561,MW_300x250_內頁TOP Banner_中時電子報_HB,antifroud,知名媒體,,"7,687",0,0,"7,687","7,246",441,94.26%,5.74%,0.00%,0.00%
20260126,15,第一網站股份有限公司,2768,czbooks,12570,CF_728x90_banner_czbooks,,,,"62,948",0,0,"62,948","41,980","20,968",66.69%,33.31%,0.00%,0.00%
20260126,15,鳳梨傳媒股份有限公司,2190,民視新聞網-Exchange,12579,CF_300x250_右側第一塊_民視新聞網-Exchange(RWD)(MCM),,知名媒體,,"3,945",0,0,"3,944","3,857",87,97.79%,2.21%,0.00%,0.00%
20260126,15,鳳梨傳媒股份有限公司,2190,民視新聞網-Exchange,12580,CF_300x250_內文文中左側_民視新聞網-Exchange(RWD)(MCM),,知名媒體,,"4,391",0,0,"4,391","4,262",129,97.06%,2.94%,0.00%,0.00%
20260126,15,第一網站股份有限公司,2783,漫畫櫃manhuagui,12676,CF_728X90_manhuagui,antifroud,,,"42,576",0,0,"42,576","31,217","11,359",73.32%,26.68%,0.00%,0.00%
20260126,15,艾得基客行銷顧問股份有限公司,2635,工商時報,12761,MW_320x480_文中創意_工商時報new,,知名媒體,,310,0,0,310,301,9,97.10%,2.90%,0.00%,0.00%
20260126,15,第一網站股份有限公司,2801,damanwoo,12868,CF-300x250_Banner_damanwoo_大人物,,,,6,0,0,6,6,0,100.00%,0.00%,0.00%,0.00%
20260126,15,第一網站股份有限公司,2820,星座好朋友(horofriend88),12966,MW_320x100_horofriend88,antifroud,,,80,0,0,80,79,1,98.75%,1.25%,0.00%,0.00%
20260126,15,第一網站股份有限公司,2836,vivi01,13032,MW_置底創意_vivi01 ViVi視頻,,,,6,0,0,6,6,0,100.00%,0.00%,0.00%,0.00%
20260126,15,東森電視事業股份有限公司,2014,東森新聞網,13162,MW_置底創意(展開)_東森新聞網,antifroud,知名媒體,,338,0,0,338,332,6,98.22%,1.78%,0.00%,0.00%
20260126,15,曾憲敏,202,85小說網,13445,MW_336X280_全量1_85小說網,,,,236,0,0,236,162,74,68.64%,31.36%,0.00%,0.00%
20260126,15,曾憲敏,202,85小說網,13446,MW_336X280_全量2_85小說網,,,,"2,709",0,0,"2,709","1,999",710,73.79%,26.21%,0.00%,0.00%
20260126,15,曾憲敏,601,85小說網_PC,13450,(子)CF_336x280_全量2_85小說網,,,子聯播網,302,0,0,302,191,111,63.25%,36.75%,0.00%,0.00%
20260126,15,第一網站股份有限公司,2768,czbooks,13481,MW_300x250_banner_czbooks,antifroud,,子聯播網,"45,272",0,0,"45,272","23,253","22,019",51.36%,48.64%,0.00%,0.00%
20260126,15,第一網站股份有限公司,2910,clickme,13548,(子)CF_300x250_banner_clickme(一般),,,子聯播網,778,0,0,778,471,307,60.54%,39.46%,0.00%,0.00%
20260126,15,第一網站股份有限公司,2910,clickme,13549,CF_300x250_banner_clickme(一般),,,,745,0,0,745,470,275,63.09%,36.91%,0.00%,0.00%
20260126,15,第一網站股份有限公司,2916,KiKiNote,13576,(子)CF_300x250_banner_kikinote,,知名媒體,子聯播網,"1,872",0,0,"1,872","1,660",212,88.68%,11.32%,0.00%,0.00%
20260126,15,闇碼科技股份有限公司,2992,縮短網址產生器-reurl-exchange,13848,CF_300x250_轉址失敗_最右邊_reurl,,知名媒體,,6,0,0,6,0,6,0.00%,100.00%,0.00%,0.00%
20260126,15,闇碼科技股份有限公司,2992,縮短網址產生器-reurl-exchange,13856,CF_300x250_轉址失敗頁第二塊_reurl,,知名媒體,,6,0,0,6,0,6,0.00%,100.00%,0.00%,0.00%
20260126,15,第一網站股份有限公司,2768,czbooks,13903,(子)CF_300x250_banner_czbooks(直播),antifroud,,子聯播網,"240,645",0,0,"240,645","117,327","123,318",48.76%,51.24%,0.00%,0.00%
20260126,15,第一網站股份有限公司,2768,czbooks,14036,MW_320x480_CZBOOKS,antifroud,,,666,0,0,666,363,303,54.50%,45.50%,0.00%,0.00%
20260126,15,陳人鳳,480,飛格寵物家族_PC,1407,CF-728X90_上方通欄_飛格寵物家族,,,,26,0,0,26,15,11,57.69%,42.31%,0.00%,0.00%
20260126,15,陳人鳳,480,飛格寵物家族_PC,1408,CF-300X250_內文_飛格寵物家族,,,,86,0,0,86,55,31,63.95%,36.05%,0.00%,0.00%
20260126,15,東森電視事業股份有限公司,2014,東森新聞網,14097,MW_蓋版_東森新聞網,,知名媒體,,"1,893",0,0,"1,893","1,872",21,98.89%,1.11%,0.00%,0.00%
20260126,15,闇碼科技股份有限公司,3048,縮短網址產生器-reurl,14210,MW_文中創意300x250_縮短網址產生器-reurl,,知名媒體,,146,0,0,146,102,44,69.86%,30.14%,0.00%,0.00%
20260126,15,朱漢崴,3050,查電話_exchange,14221,MW_336x280_查電話首頁_最新回報下方 _whocll 查電話,,,,6,0,0,6,6,0,100.00%,0.00%,0.00%,0.00%
20260126,15,富盈數據股份有限公司,3059,塔科女子,14258,CF_336x280_全網_塔科女子,,知名媒體,,132,0,0,132,132,0,100.00%,0.00%,0.00%,0.00%
20260126,15,CBROOT LTD,3003,包子漫畫-exchange,14291,MW_300x250_蓋板(PB)_包子漫畫,,,,229,0,0,229,211,18,92.14%,7.86%,0.00%,0.00%
20260126,15,朱光宁,3152,石頭小說-exchange,14472,MW_336x280_Banner_石頭小說,,,,"5,550",0,0,"5,550","3,111","2,439",56.05%,43.95%,0.00%,0.00%
20260126,15,朱光宁,3268,稷下書院-mobile,14737,MW_置底創意(非展開)_稷下書院-mobile,,,,6,0,0,6,5,1,83.33%,16.67%,0.00%,0.00%
20260126,15,朱光宁,3149,稷下書院-exchange,14748,MW_320x100_置底(PB)_稷下書院,,,,"19,144",0,0,"19,144","9,452","9,692",49.37%,50.63%,0.00%,0.00%
20260126,15,巨思文化股份有限公司,3053,數位時代_HB,14764,MW_置底創意_(非展開)_數位時代_HB,,知名媒體,,80,0,0,80,74,6,92.50%,7.50%,0.00%,0.00%
20260126,15,曾憲敏,3327,85小說網_創意,15228,MW-創意-85小說網,,,,391,0,0,391,269,122,68.80%,31.20%,0.00%,0.00%
20260126,15,千晶文化事業股份有限公司,3336,Beauty 美人圈,15254,MW_置底創意(非展開)_ Beauty 美人圈,,知名媒體,,516,0,0,516,513,3,99.42%,0.58%,0.00%,0.00%
20260126,15,中天電視股份有限公司,3282,中天新聞網-exchange,15859,CF_336x280_內頁_PC右側互動看板B-中天新聞網-exchange,,知名媒體,,"1,302",0,0,"1,302","1,116",186,85.71%,14.29%,0.00%,0.00%
20260126,15,CBROOT LTD,3352,西瓜卡通-exchange,15970,CF_160x600_影音內容_西瓜卡通-exchange,,,,6,0,0,6,3,3,50.00%,50.00%,0.00%,0.00%
20260126,15,朱光宁,3360,提莫書屋-exchange,16957,MW_336x280banner_提莫書屋_exchange,,,,"14,159",0,0,"14,159","10,217","3,942",72.16%,27.84%,0.00%,0.00%
20260126,15,朱光宁,3361,提莫書屋-mobile,16958,MW_置底創意_提莫書屋-mobile,,,,88,0,0,88,58,30,65.91%,34.09%,0.00%,0.00%
20260126,15,朱光宁,3361,提莫書屋-mobile,16959,MW_320x480_文中創意_提莫書屋-mobile,,,,48,0,0,48,42,6,87.50%,12.50%,0.00%,0.00%
20260126,15,欣發現股份有限公司,3365,Hami任務牆-mobile,16969,MW_置底創意_Hami任務牆,,知名媒體,,6,0,0,6,4,2,66.67%,33.33%,0.00%,0.00%
20260126,15,欣發現股份有限公司,3364,女子學-mobile,16972,MW_置底創意_女子學,antifroud,,,74,0,0,74,65,9,87.84%,12.16%,0.00%,0.00%
20260126,15,欣發現股份有限公司,3363,大人物-mobile,16973,MW_置底創意_大人物,,知名媒體,,12,0,0,12,9,3,75.00%,25.00%,0.00%,0.00%
20260126,15,第一網站股份有限公司,2783,漫畫櫃manhuagui,17027,MW_320x480_蓋版_漫畫櫃manhuagui,,,,"1,198",0,0,"1,198","1,107",91,92.40%,7.60%,0.00%,0.00%
20260126,15,朱光宁,3268,稷下書院-mobile,17207,MW_320x480_蓋版_稷下書院-mobile,,,,"11,887",0,0,"11,887","7,615","4,272",64.06%,35.94%,0.00%,0.00%
20260126,15,李立娟,3395,vivi0視頻-exchange,17293,CF_336x280_Banner_vivi01視頻-exchange,antifroud,,,"27,883",0,0,"27,883","26,394","1,489",94.66%,5.34%,0.00%,0.00%
20260126,15,李立娟,3395,vivi0視頻-exchange,17294,MW_336x280_Banner_vivi01視頻-exchange,antifroud,,,"38,915",0,0,"38,915","36,990","1,925",95.05%,4.95%,0.00%,0.00%
20260126,15,李立娟,3395,vivi0視頻-exchange,17300,MW_320x100_置底(PB)_vivi01視頻-exchange,antifroud,,,"47,205",0,0,"47,205","44,669","2,536",94.63%,5.37%,0.00%,0.00%
20260126,15,李立娟,3397,趣聞圖說-exchange,17309,MW_336x280_文中Banner_趣聞圖說-exchange,,,,650,0,0,650,358,292,55.08%,44.92%,0.00%,0.00%
20260126,15,曾憲敏,601,85小說網_PC,1773,CF-300x250_85小說網_內文1,,,,333,0,0,333,211,122,63.36%,36.64%,0.00%,0.00%
20260126,15,李立娟,3396,趣聞圖說-Mobile,17923,MW_置底創意(展開)_趣聞圖說-Mobile,,,,12,0,0,12,12,0,100.00%,0.00%,0.00%,0.00%
20260126,15,第一網站股份有限公司,2768,czbooks,17927,MW_置底創意_czbook,,,,"6,385",0,0,"6,385","3,316","3,069",51.93%,48.07%,0.00%,0.00%
20260126,15,第一網站股份有限公司,3440,fsa_passback_first,18201,CF_336x280_fsa_passback_first,,,,28,0,0,28,25,3,89.29%,10.71%,0.00%,0.00%
20260126,15,第一網站股份有限公司,3440,fsa_passback_first,18202,CF_300x250_fsa_passback_first,,,,"3,302",0,0,"3,302","2,464",838,74.62%,25.38%,0.00%,0.00%
20260126,15,朱光宁,3268,稷下書院-mobile,18297,MW_置底創意(展開)_稷下書院-mobile,,,,112,0,0,112,66,46,58.93%,41.07%,0.00%,0.00%
20260126,15,冰楓科技有限公司,3485,冰楓論壇-exchange,18487,CF_970x90_內文上方第一塊_冰楓論壇-exchange,,,,413,0,0,413,363,50,87.89%,12.11%,0.00%,0.00%
20260126,15,冰楓科技有限公司,3485,冰楓論壇-exchange,18488,MW_320x100_內文上方第一塊_ 冰楓論壇-exchange,antifroud,,,18,0,0,18,11,7,61.11%,38.89%,0.00%,0.00%
20260126,15,冰楓科技有限公司,3485,冰楓論壇-exchange,18492,MW_300x250_Banner_ 冰楓論壇-exchange,,,,184,0,0,184,162,22,88.04%,11.96%,0.00%,0.00%
20260126,15,闇碼科技股份有限公司,3048,縮短網址產生器-reurl,18535,MW_蓋版_縮短網址產生器-reurl,,知名媒體,,19,0,0,19,18,1,94.74%,5.26%,0.00%,0.00%
20260126,15,CBROOT LTD,3510,包子漫畫_twmanga-exchange,18732,MW_336x280_Banner_包子漫畫_twmanga,,,子聯播網,"32,278",0,0,"32,278","23,536","8,742",72.92%,27.08%,0.00%,0.00%
20260126,15,CBROOT LTD,3510,包子漫畫_twmanga-exchange,18737,CF_970x90_Banner_ 包子漫畫_twmanga-exchange,,,,46,0,0,46,42,4,91.30%,8.70%,0.00%,0.00%
20260126,15,舒禾驊,3535,荷花動漫筆記,18887,CF_336x280_文章頁文中_荷花動漫筆記,,,,22,0,0,22,13,9,59.09%,40.91%,0.00%,0.00%
20260126,15,台灣英文新聞股份有限公司,3537,台灣英文新聞(new)-exchange,18924,CF_300x250_內容頁_右側看版_1_台灣英文新聞(new)-exchange,,知名媒體,,84,0,0,84,77,7,91.67%,8.33%,0.00%,0.00%
20260126,15,艾得基客行銷顧問股份有限公司,3552,玩具人,19044,MW_320x480_文中創意_玩具人,,知名媒體,,30,0,0,30,29,1,96.67%,3.33%,0.00%,0.00%
20260126,15,第一網站股份有限公司,2783,漫畫櫃manhuagui,20685,MW_300X250_manhuagui,antifroud,,,"3,305",0,0,"3,305","3,053",252,92.38%,7.62%,0.00%,0.00%
20260126,15,德榕企業有限公司,3577,TW Bodhi,20705,(子)CF_336x280_文章頁(RWD)_TW Bodhi,antifroud,,子聯播網,12,0,0,12,12,0,100.00%,0.00%,0.00%,0.00%
20260126,15,德榕企業有限公司,3578,TW Bodhi_mobile,20708,MW_蓋板_TW Bodhi,,,,251,0,0,251,248,3,98.80%,1.20%,0.00%,0.00%
20260126,15,德榕企業有限公司,3578,TW Bodhi_mobile,20719,MW_文中創意300x250_TW Bodhi,,,,6,0,0,6,6,0,100.00%,0.00%,0.00%,0.00%
20260126,15,德榕企業有限公司,3581,忘憂書屋,20727,CF_336x280文章頁(RWD)_忘憂書屋,,,,92,0,0,92,91,1,98.91%,1.09%,0.00%,0.00%
20260126,15,德榕企業有限公司,3582,忘憂書屋_mobile,20728,MW_文中創意300x250_忘憂書屋,,,,6,0,0,6,6,0,100.00%,0.00%,0.00%,0.00%
20260126,15,德榕企業有限公司,3582,忘憂書屋_mobile,20729,MW_蓋板_忘憂書屋,,,,6,0,0,6,6,0,100.00%,0.00%,0.00%,0.00%
20260126,15,第一網站股份有限公司,2910,clickme,20735,(子)CF_300x250_banner_clickme(成人),,,子聯播網,"8,122",0,0,"8,122","6,100","2,022",75.10%,24.90%,0.00%,0.00%
20260126,15,第一網站股份有限公司,3440,fsa_passback_first,21699,CF_336x280_fsa_passback_first,,,,"2,624",0,0,"2,624","2,134",490,81.33%,18.67%,0.00%,0.00%
20260126,15,富盈數據股份有限公司,3653,TVBS-女人我最大_HB,21760,MW_文章三_336x280_TVBS-女人我最大_HB,,知名媒體,,12,0,0,12,12,0,100.00%,0.00%,0.00%,0.00%
20260126,15,富盈數據股份有限公司,3653,TVBS-女人我最大_HB,21761,MW_文章四_336x280_TVBS-女人我最大_HB,,知名媒體,,262,0,0,262,260,2,99.24%,0.76%,0.00%,0.00%
20260126,15,富盈數據股份有限公司,3653,TVBS-女人我最大_HB,21763,MW_文中創意320x480_TVBS-女人我最大_HB,,知名媒體,,110,0,0,110,109,1,99.09%,0.91%,0.00%,0.00%
20260126,15,富盈數據股份有限公司,3654,TVBS-健康2.0_HB,21768,MW_文中創意320x480_TVBS-健康2.0_HB,,知名媒體,,"2,943",0,0,"2,943","2,747",196,93.34%,6.66%,0.00%,0.00%
20260126,15,富盈數據股份有限公司,3655,TVBS-食尚玩家_HB,21773,MW_文中創意320x480_TVBS-食尚玩家_HB,,知名媒體,,251,0,0,251,223,28,88.84%,11.16%,0.00%,0.00%
20260126,15,儂儂雜誌社股份有限公司(bella儂儂),2135,Bella儂儂_2024,21876,MW-300x250_文章標題上方1_Bella儂儂,,知名媒體,,520,0,0,520,500,20,96.15%,3.85%,0.00%,0.00%
20260126,15,富盈數據股份有限公司,3684,稅美人_mobile,21923,MW_置底創意(非展開)_稅美人-mobile,,,,301,0,0,301,171,130,56.81%,43.19%,0.00%,0.00%
20260126,15,富盈數據股份有限公司,3685,玩桌遊_mobile,21924,MW_置底創意(非展開)_玩桌遊-mobile,,,,269,0,0,269,155,114,57.62%,42.38%,0.00%,0.00%
20260126,15,富盈數據股份有限公司,2615,熱血台中,21986,CF_336x280_全網_熱血台中,,,,6,0,0,6,6,0,100.00%,0.00%,0.00%,0.00%
20260126,15,富盈數據股份有限公司,2615,熱血台中,21987,CF_336x280_全網_熱血台中,,,,12,0,0,12,12,0,100.00%,0.00%,0.00%,0.00%
20260126,15,富盈數據股份有限公司,3704,天天要聞,22030,CF_300 x 250 banner_天天要聞_cpc2,,,,"1,302",0,0,"1,302",670,632,51.46%,48.54%,0.00%,0.00%
20260126,15,富盈數據股份有限公司,3703,繁體小說,22031,CF_300 x 250 banner_繁體小說_cpc2,,,,148,0,0,148,110,38,74.32%,25.68%,0.00%,0.00%
20260126,15,朱光宁,3708,石頭小說,22045,CF_336 x 280 banner_石頭小說_cpc1.67,antifroud,,,"69,593",0,0,"69,593","37,260","32,333",53.54%,46.46%,0.00%,0.00%
20260126,15,噗浪股份有限公司,58,Plurk_Mobile,22054,MA_(1)300 x 250 橫幅_Plurk,,知名媒體,,6,0,0,6,6,0,100.00%,0.00%,0.00%,0.00%
20260126,15,朱光宁,3718,稷下書院2,22093,CF_336 x 280 banner_稷下書院2_cpc1.67,antifroud,,,"65,049",0,0,"65,049","33,970","31,079",52.22%,47.78%,0.00%,0.00%
20260126,15,闇碼科技股份有限公司,3048,縮短網址產生器-reurl,22213,MW_蓋版_縮短網址產生器-reurl-2025.05(特殊供量),,知名媒體,,178,0,0,178,89,89,50.00%,50.00%,0.00%,0.00%
20260126,15,艾得基客行銷顧問股份有限公司,3724,上報,22217,MW_置底創意(非展開)_上報,,知名媒體,,383,0,0,383,371,12,96.87%,3.13%,0.00%,0.00%
20260126,15,艾得基客行銷顧問股份有限公司,3724,上報,22218,MW_置底(展開)_上報,,知名媒體,,455,0,0,455,449,6,98.68%,1.32%,0.00%,0.00%
20260126,15,艾得基客行銷顧問股份有限公司,2689,Basketball Top5,22219,MW_置底(展開)_Basketball TOP5,,,,56,0,0,56,54,2,96.43%,3.57%,0.00%,0.00%
20260126,15,欣發現股份有限公司,3363,大人物-mobile,22222,MW_蓋板_大人物,,知名媒體,,50,0,0,50,39,11,78.00%,22.00%,0.00%,0.00%
20260126,15,艾得基客行銷顧問股份有限公司,3738,痞客邦,22223,MW_中繼頁_置底創意(展開)-痞客邦_Mobile,,知名媒體,,"3,603",0,2,"3,603","2,955",648,82.01%,17.99%,0.00%,0.06%
20260126,15,艾得基客行銷顧問股份有限公司,3738,痞客邦,22226,MW_文章頁-置底-痞客邦,,知名媒體,,"3,196",0,0,"3,196","2,756",440,86.23%,13.77%,0.00%,0.00%
20260126,15,朱光宁,3741,石頭小說3,22396,MW_置底_石頭小說3,,,,224,0,0,224,129,95,57.59%,42.41%,0.00%,0.00%
20260126,15,朱光宁,3741,石頭小說3,22398,CF_336 x 280 banner_石頭小說3_cpc1.67,,,,"14,208",0,0,"14,208","7,550","6,658",53.14%,46.86%,0.00%,0.00%
20260126,15,朱光宁,3741,石頭小說3,22399,CF_320 x 480 橫幅_石頭小說3,,,,78,0,0,78,46,32,58.97%,41.03%,0.00%,0.00%
20260126,15,闇碼科技股份有限公司,3068,限時圖片-imgus,22406,MW_置底_imgus,antifroud,,,246,0,0,246,246,0,100.00%,0.00%,0.00%,0.00%
20260126,15,第一網站股份有限公司,2783,漫畫櫃manhuagui,22443,MW_置底_manhuagui,antifroud,,,"17,614",0,0,"17,614","16,567","1,047",94.06%,5.94%,0.00%,0.00%
20260126,15,艾得基客行銷顧問股份有限公司,3490,太報,22495,MW_300x250 BANNER_太報_CPM5,,知名媒體,子聯播網,30,0,0,30,29,1,96.67%,3.33%,0.00%,0.00%
20260126,15,艾得基客行銷顧問股份有限公司,2689,Basketball Top5,22498,MW_300x250 Banner_Basketball TOP5_CPM5,,,子聯播網,161,0,0,161,161,0,100.00%,0.00%,0.00%,0.00%
20260126,15,艾得基客行銷顧問股份有限公司,2578,鉅亨網,22507,MW_300x250_鉅亨網_直播用BN-1,,知名媒體,子聯播網,"2,160",0,0,"2,160","2,120",40,98.15%,1.85%,0.00%,0.00%
20260126,15,艾得基客行銷顧問股份有限公司,3752,ＭoneyDJ,22514,MW_文中創意320x480_MoneyDJ,antifroud,知名媒體,,26,0,0,26,19,7,73.08%,26.92%,0.00%,0.00%
20260126,15,艾得基客行銷顧問股份有限公司,3752,ＭoneyDJ,22515,MW_300x250 BANNER_MoneyDJ,antifroud,知名媒體,,12,0,0,12,12,0,100.00%,0.00%,0.00%,0.00%
20260126,15,李承翰-webptt,718,Web批踢踢(RWD),2284,MW-蓋板_文中_Web批踢踢,antifroud,,,45,0,0,45,21,24,46.67%,53.33%,0.00%,0.00%
20260126,15,肖偉彬,1287,紅櫻桃小說書庫,4678,CF-內文上方-300*250-紅櫻桃小說書庫,,,,32,0,0,32,21,11,65.62%,34.38%,0.00%,0.00%
20260126,15,肖偉彬,1287,紅櫻桃小說書庫,4717,MW_文中創意300x250_紅櫻桃小說書庫,,,,6,0,0,6,4,2,66.67%,33.33%,0.00%,0.00%
20260126,15,技達創意資訊有限公司,1299,泰好網,4734,MW-320*100-首頁、內文上方-泰好網,,,,30,0,0,30,30,0,100.00%,0.00%,0.00%,0.00%
20260126,15,肖偉彬,1347,雲台書屋,4923,CF-上方通欄-300*250-雲台書屋,,,,6,0,0,6,6,0,100.00%,0.00%,0.00%,0.00%
20260126,15,陈晋福,1367,電視超人,4997,CF-300X250-電視超人,,,,63,0,0,63,48,15,76.19%,23.81%,0.00%,0.00%
20260126,15,麥智維,999,動漫戲說,6069,CF-300*250-首頁-動漫戲說,,,,62,0,0,62,51,11,82.26%,17.74%,0.00%,0.00%
20260126,15,精鏡傳媒股份有限公司,1060,鏡週刊,8250,MW_置底創意(非展開)_鏡週刊,,知名媒體,,184,0,0,184,176,8,95.65%,4.35%,0.00%,0.00%
20260126,15,布林遊國際有限公司,1692,Bring You,8393,CF-300X250-上方通欄右側_BringYou,,知名媒體,,24,0,0,24,19,5,79.17%,20.83%,0.00%,0.00%
20260126,15,巧克科技新媒體股份有限公司,2127,LINE TV_Banner-exchange,8576,CF_336x280_戲劇-右側好康資訊下方_LINE TV-exchange,,知名媒體,,41,0,0,41,29,12,70.73%,29.27%,0.00%,0.00%
20260126,15,巧克科技新媒體股份有限公司,2127,LINE TV_Banner-exchange,8577,CF_336x280_戲劇-右側好康資訊上方_LINE TV-exchange,,知名媒體,,62,0,0,62,47,15,75.81%,24.19%,0.00%,0.00%
20260126,15,高政德,1015,小鎮資訊,9426,(子)CF_300x250_全網指定時段_小鎮資訊,,,子聯播網,6,0,0,6,0,6,0.00%,100.00%,0.00%,0.00%
20260126,15,高政德,1015,小鎮資訊,9597,(子)CF_300x600_全網指定時段_小鎮資訊,,,子聯播網,6,0,0,6,0,6,0.00%,100.00%,0.00%,0.00%
20260126,16,英屬維京群島商浩美數位有限公司台灣分公司,2315,Teepr亮新聞-exchange,10012,CF_336x280Banner_Teepr亮新聞-exchange,,知名媒體,,344,0,0,344,324,20,94.19%,5.81%,0.00%,0.00%
20260126,16,第一網站股份有限公司,2300,keketravel,10594,(子)CF_336x280_keketravel,,,子聯播網,28,0,0,28,4,24,14.29%,85.71%,0.00%,0.00%
20260126,16,昱得資訊工作室,2528,數位書香,11080,CF_728x90_首頁上方_數位書香,antifroud,,,32,0,0,32,32,0,100.00%,0.00%,0.00%,0.00%
20260126,16,昱得資訊工作室,2528,數位書香,11081,CF_160x600_首頁右側_數位書香,antifroud,,,502,0,0,502,493,9,98.21%,1.79%,0.00%,0.00%
20260126,16,第一網站股份有限公司,2518,麻辣家族討論區(twbts),11082,CF-728X90-twbts,antifroud,,,450,0,0,450,370,80,82.22%,17.78%,0.00%,0.00%
20260126,16,第一網站股份有限公司,2492,ttshow,11273,MW-300X250-ttshow,,知名媒體,,18,0,0,18,16,2,88.89%,11.11%,0.00%,0.00%
20260126,16,第一網站股份有限公司,2601,Meme梗圖倉庫,11443,CF-336X280-meme,,,,731,0,0,731,689,42,94.25%,5.75%,0.00%,0.00%
20260126,16,艾得基客行銷顧問股份有限公司,2578,鉅亨網,12070,MW_320x480_文中創意_鉅亨網,,知名媒體,,"10,367",0,0,"10,367","10,185",182,98.24%,1.76%,0.00%,0.00%
20260126,16,葉志斌,2745,繁中寶可夢卡表生成器-奶爸工作室-exchange,12210,CF_728x90__文末__繁中寶可夢卡表生成器,,,,6,0,0,6,6,0,100.00%,0.00%,0.00%,0.00%
20260126,16,冰楓科技有限公司,1710,冰楓論壇,12511,MW_300x250_Banner_冰楓論壇-exchange,,,,6,0,0,6,3,3,50.00%,50.00%,0.00%,0.00%
20260126,16,時報資訊股份有限公司,2770,中時電子報_HB,12559,CF_300x250_右側互動看版_中時電子報_HB,,知名媒體,,622,0,0,622,506,116,81.35%,18.65%,0.00%,0.00%
20260126,16,時報資訊股份有限公司,2770,中時電子報_HB,12560,CF_336x280_文中看板_中時電子報_HB,,知名媒體,,598,0,0,598,496,102,82.94%,17.06%,0.00%,0.00%
20260126,16,時報資訊股份有限公司,2770,中時電子報_HB,12561,MW_300x250_內頁TOP Banner_中時電子報_HB,antifroud,知名媒體,,923,0,0,923,865,58,93.72%,6.28%,0.00%,0.00%
20260126,16,第一網站股份有限公司,2768,czbooks,12570,CF_728x90_banner_czbooks,,,,"59,431",0,0,"59,431","40,882","18,549",68.79%,31.21%,0.00%,0.00%
20260126,16,鳳梨傳媒股份有限公司,2190,民視新聞網-Exchange,12579,CF_300x250_右側第一塊_民視新聞網-Exchange(RWD)(MCM),,知名媒體,,"5,537",0,0,"5,537","5,411",126,97.72%,2.28%,0.00%,0.00%
20260126,16,鳳梨傳媒股份有限公司,2190,民視新聞網-Exchange,12580,CF_300x250_內文文中左側_民視新聞網-Exchange(RWD)(MCM),,知名媒體,,"5,859",0,0,"5,857","5,697",160,97.27%,2.73%,0.00%,0.00%
20260126,16,第一網站股份有限公司,2783,漫畫櫃manhuagui,12676,CF_728X90_manhuagui,antifroud,,,"56,049",0,0,"56,049","43,240","12,809",77.15%,22.85%,0.00%,0.00%
20260126,16,艾得基客行銷顧問股份有限公司,2635,工商時報,12761,MW_320x480_文中創意_工商時報new,,知名媒體,,267,0,0,267,251,16,94.01%,5.99%,0.00%,0.00%
20260126,16,金隼行銷股份有限公司,2786,91譜,12792,MW_置底創意_91譜,,知名媒體,,6,0,0,6,3,3,50.00%,50.00%,0.00%,0.00%
20260126,16,第一網站股份有限公司,2801,damanwoo,12868,CF-300x250_Banner_damanwoo_大人物,,,,6,0,0,6,6,0,100.00%,0.00%,0.00%,0.00%
20260126,16,永悅健康股份有限公司,2813,早安樂活,12926,MW_置底創意(展開)_早安樂活,,知名媒體,,188,0,0,188,188,0,100.00%,0.00%,0.00%,0.00%
20260126,16,永悅健康股份有限公司,2813,早安樂活,12927,MW_置底創意(非展開)_早安樂活,,知名媒體,,210,0,0,210,210,0,100.00%,0.00%,0.00%,0.00%
20260126,16,第一網站股份有限公司,2820,星座好朋友(horofriend88),12966,MW_320x100_horofriend88,antifroud,,,122,0,0,122,117,5,95.90%,4.10%,0.00%,0.00%
20260126,16,時報資訊股份有限公司,2335,中時電子報_2019,12974,MW-置底創意(展開)-中時電子報_2019,antifroud,知名媒體,,14,0,0,14,12,2,85.71%,14.29%,0.00%,0.00%
20260126,16,第一網站股份有限公司,2838,mycard,13041,MW_320x480_加倍mycard,,,,182,0,0,182,0,182,0.00%,100.00%,0.00%,0.00%
20260126,16,曾憲敏,202,85小說網,13445,MW_336X280_全量1_85小說網,,,,359,0,0,359,239,120,66.57%,33.43%,0.00%,0.00%
20260126,16,曾憲敏,202,85小說網,13446,MW_336X280_全量2_85小說網,,,,"2,921",0,0,"2,921","2,206",715,75.52%,24.48%,0.00%,0.00%
20260126,16,曾憲敏,601,85小說網_PC,13450,(子)CF_336x280_全量2_85小說網,,,子聯播網,252,0,0,252,167,85,66.27%,33.73%,0.00%,0.00%
20260126,16,第一網站股份有限公司,2768,czbooks,13482,(子)CF_300x600_banner_czbooks(限時段),,,子聯播網,98,0,0,98,49,49,50.00%,50.00%,0.00%,0.00%
20260126,16,第一網站股份有限公司,2768,czbooks,13483,(子)CF_970x250_banner_czbooks(限時段),,,子聯播網,156,0,0,156,78,78,50.00%,50.00%,0.00%,0.00%
20260126,16,第一網站股份有限公司,2910,clickme,13548,(子)CF_300x250_banner_clickme(一般),,,子聯播網,823,0,0,823,615,208,74.73%,25.27%,0.00%,0.00%
20260126,16,第一網站股份有限公司,2910,clickme,13549,CF_300x250_banner_clickme(一般),,,,"1,197",0,0,"1,197",818,379,68.34%,31.66%,0.00%,0.00%
20260126,16,第一網站股份有限公司,2916,KiKiNote,13576,(子)CF_300x250_banner_kikinote,,知名媒體,子聯播網,"2,183",0,0,"2,183","1,992",191,91.25%,8.75%,0.00%,0.00%
20260126,16,闇碼科技股份有限公司,2992,縮短網址產生器-reurl-exchange,13848,CF_300x250_轉址失敗_最右邊_reurl,,知名媒體,,6,0,0,6,6,0,100.00%,0.00%,0.00%,0.00%
20260126,16,闇碼科技股份有限公司,2992,縮短網址產生器-reurl-exchange,13856,CF_300x250_轉址失敗頁第二塊_reurl,,知名媒體,,12,0,0,12,7,5,58.33%,41.67%,0.00%,0.00%
20260126,16,第一網站股份有限公司,2768,czbooks,13903,(子)CF_300x250_banner_czbooks(直播),antifroud,,子聯播網,"305,897",0,0,"305,897","153,025","152,872",50.03%,49.97%,0.00%,0.00%
20260126,16,艾得基客行銷顧問股份有限公司,3738,痞客邦,13928,CF_300x600_全網版位_痞客邦,,知名媒體,,58,0,0,58,40,18,68.97%,31.03%,0.00%,0.00%
20260126,16,第一網站股份有限公司,2768,czbooks,14036,MW_320x480_CZBOOKS,antifroud,,,"1,484",0,0,"1,484",799,685,53.84%,46.16%,0.00%,0.00%
20260126,16,第一網站股份有限公司,2601,Meme梗圖倉庫,14037,MW_320x480_meme,,,,6,0,0,6,5,1,83.33%,16.67%,0.00%,0.00%
20260126,16,陳人鳳,480,飛格寵物家族_PC,1407,CF-728X90_上方通欄_飛格寵物家族,,,,48,0,0,48,26,22,54.17%,45.83%,0.00%,0.00%
20260126,16,陳人鳳,480,飛格寵物家族_PC,1408,CF-300X250_內文_飛格寵物家族,,,,76,0,0,76,42,34,55.26%,44.74%,0.00%,0.00%
20260126,16,飛凡傳播股份有限公司,1921,非凡新聞台-exchange,14188,MW_300x250_內文上方_非凡新聞-exchange,antifroud,知名媒體,,6,0,0,6,6,0,100.00%,0.00%,0.00%,0.00%
20260126,16,闇碼科技股份有限公司,3048,縮短網址產生器-reurl,14210,MW_文中創意300x250_縮短網址產生器-reurl,,知名媒體,,207,0,0,207,138,69,66.67%,33.33%,0.00%,0.00%
20260126,16,巨思文化股份有限公司,3052,經理人_HB,14238,MW_文章結束第一塊_300x250_經理人-HB,,知名媒體,,6,0,0,6,6,0,100.00%,0.00%,0.00%,0.00%
20260126,16,巨思文化股份有限公司,3052,經理人_HB,14241,MW_300x250_內文下方_經理人-HB,,知名媒體,,6,0,0,6,6,0,100.00%,0.00%,0.00%,0.00%
20260126,16,巨思文化股份有限公司,3053,數位時代_HB,14242,CF_300x250_內文下方左側_數位時代-HB,,知名媒體,,29,0,0,29,24,5,82.76%,17.24%,0.00%,0.00%
20260126,16,巨思文化股份有限公司,3053,數位時代_HB,14243,CF_300x250_內文下方右側_數位時代-HB,,知名媒體,,35,0,0,35,29,6,82.86%,17.14%,0.00%,0.00%
20260126,16,巨思文化股份有限公司,3053,數位時代_HB,14246,MW_300x250_文章結束第一塊_數位時代-HB,,知名媒體,,12,0,0,12,11,1,91.67%,8.33%,0.00%,0.00%
20260126,16,富盈數據股份有限公司,3059,塔科女子,14258,CF_336x280_全網_塔科女子,,知名媒體,,202,0,0,202,202,0,100.00%,0.00%,0.00%,0.00%
20260126,16,CBROOT LTD,3003,包子漫畫-exchange,14291,MW_300x250_蓋板(PB)_包子漫畫,,,,618,0,0,618,539,79,87.22%,12.78%,0.00%,0.00%
20260126,16,朱光宁,3152,石頭小說-exchange,14472,MW_336x280_Banner_石頭小說,,,,"7,077",0,0,"7,077","3,967","3,110",56.05%,43.95%,0.00%,0.00%
20260126,16,朱光宁,3149,稷下書院-exchange,14748,MW_320x100_置底(PB)_稷下書院,,,,"23,302",0,0,"23,302","11,683","11,619",50.14%,49.86%,0.00%,0.00%
20260126,16,巨思文化股份有限公司,3053,數位時代_HB,14764,MW_置底創意_(非展開)_數位時代_HB,,知名媒體,,108,0,0,108,106,2,98.15%,1.85%,0.00%,0.00%
20260126,16,中天電視股份有限公司,3282,中天新聞網-exchange,14980,CF_970x250_內頁_PC置頂橫幅-中天新聞網-exchange,,知名媒體,,52,0,0,52,42,10,80.77%,19.23%,0.00%,0.00%
20260126,16,曾憲敏,3327,85小說網_創意,15227,MW-300X250_85小說網_隨身影音PB,,,,24,0,0,24,16,8,66.67%,33.33%,0.00%,0.00%
20260126,16,曾憲敏,3327,85小說網_創意,15228,MW-創意-85小說網,,,,"1,248",0,0,"1,248",880,368,70.51%,29.49%,0.00%,0.00%
20260126,16,中天電視股份有限公司,3282,中天新聞網-exchange,15859,CF_336x280_內頁_PC右側互動看板B-中天新聞網-exchange,,知名媒體,,864,0,0,864,759,105,87.85%,12.15%,0.00%,0.00%
20260126,16,CBROOT LTD,3352,西瓜卡通-exchange,15969,CF_728x90_影音內容_西瓜卡通-exchange,,,,32,0,0,32,31,1,96.88%,3.12%,0.00%,0.00%
20260126,16,CBROOT LTD,3352,西瓜卡通-exchange,15970,CF_160x600_影音內容_西瓜卡通-exchange,,,,128,0,0,128,124,4,96.88%,3.12%,0.00%,0.00%
20260126,16,時報資訊股份有限公司,2817,旺得富,16910,CF_300x250_Billboard_1s_旺得富,,知名媒體,,12,0,0,12,10,2,83.33%,16.67%,0.00%,0.00%
20260126,16,時報資訊股份有限公司,2817,旺得富,16911,CF_300x250_Billboard_2nd_旺得富,,知名媒體,,24,0,0,24,24,0,100.00%,0.00%,0.00%,0.00%
20260126,16,葉志斌,2745,繁中寶可夢卡表生成器-奶爸工作室-exchange,16950,CF_160x600_Banner_繁中寶可夢卡表生成器-奶爸工作室-exchange,,,,12,0,0,12,12,0,100.00%,0.00%,0.00%,0.00%
20260126,16,葉志斌,2745,繁中寶可夢卡表生成器-奶爸工作室-exchange,16951,CF_300x600_Banner_繁中寶可夢卡表生成器-奶爸工作室-exchange,,,,6,0,0,6,6,0,100.00%,0.00%,0.00%,0.00%
20260126,16,朱光宁,3360,提莫書屋-exchange,16957,MW_336x280banner_提莫書屋_exchange,,,,"14,910",0,0,"14,910","10,849","4,061",72.76%,27.24%,0.00%,0.00%
20260126,16,朱光宁,3361,提莫書屋-mobile,16958,MW_置底創意_提莫書屋-mobile,,,,56,0,0,56,41,15,73.21%,26.79%,0.00%,0.00%
20260126,16,朱光宁,3361,提莫書屋-mobile,16959,MW_320x480_文中創意_提莫書屋-mobile,,,,56,0,0,56,46,10,82.14%,17.86%,0.00%,0.00%
20260126,16,欣發現股份有限公司,3364,女子學-mobile,16972,MW_置底創意_女子學,antifroud,,,32,0,0,32,25,7,78.12%,21.88%,0.00%,0.00%
20260126,16,欣發現股份有限公司,3363,大人物-mobile,16973,MW_置底創意_大人物,,知名媒體,,6,0,0,6,6,0,100.00%,0.00%,0.00%,0.00%
20260126,16,第一網站股份有限公司,2783,漫畫櫃manhuagui,17027,MW_320x480_蓋版_漫畫櫃manhuagui,,,,"6,645",0,0,"6,645","6,022",623,90.62%,9.38%,0.00%,0.00%
20260126,16,艾得基客行銷顧問股份有限公司,3373,良醫健康網,17092,MW_置底創意_良醫健康網,,知名媒體,,30,0,0,30,30,0,100.00%,0.00%,0.00%,0.00%
20260126,16,朱光宁,3268,稷下書院-mobile,17207,MW_320x480_蓋版_稷下書院-mobile,,,,"35,510",0,0,"35,510","22,160","13,350",62.40%,37.60%,0.00%,0.00%
20260126,16,中華電視股份有限公司,3389,華視-mobile,17230,MW_置底創意(非展開)_華視-mobile,,知名媒體,,6,0,0,6,6,0,100.00%,0.00%,0.00%,0.00%
20260126,16,李立娟,3395,vivi0視頻-exchange,17293,CF_336x280_Banner_vivi01視頻-exchange,antifroud,,,"32,556",0,0,"32,556","30,403","2,153",93.39%,6.61%,0.00%,0.00%
20260126,16,李立娟,3395,vivi0視頻-exchange,17294,MW_336x280_Banner_vivi01視頻-exchange,antifroud,,,"58,485",0,0,"58,485","54,806","3,679",93.71%,6.29%,0.00%,0.00%
20260126,16,李立娟,3395,vivi0視頻-exchange,17299,MW_300x250_蓋板(PB)-vivi01視頻-exchange,,,,6,0,0,6,6,0,100.00%,0.00%,0.00%,0.00%
20260126,16,李立娟,3395,vivi0視頻-exchange,17300,MW_320x100_置底(PB)_vivi01視頻-exchange,antifroud,,,"44,195",0,0,"44,195","41,399","2,796",93.67%,6.33%,0.00%,0.00%
20260126,16,李立娟,3397,趣聞圖說-exchange,17309,MW_336x280_文中Banner_趣聞圖說-exchange,,,,"2,917",0,0,"2,917","1,576","1,341",54.03%,45.97%,0.00%,0.00%
20260126,16,曾憲敏,601,85小說網_PC,1773,CF-300x250_85小說網_內文1,,,,436,0,0,436,293,143,67.20%,32.80%,0.00%,0.00%
20260126,16,李立娟,3396,趣聞圖說-Mobile,17923,MW_置底創意(展開)_趣聞圖說-Mobile,,,,18,0,0,18,16,2,88.89%,11.11%,0.00%,0.00%
20260126,16,第一網站股份有限公司,2768,czbooks,17927,MW_置底創意_czbook,,,,"17,845",0,0,"17,845","9,580","8,265",53.68%,46.32%,0.00%,0.00%
20260126,16,時報資訊股份有限公司_工商時報,3427,工商時報-exchange,18003,CF_300x250_互動看板2_工商時報-exchange,,知名媒體,,8,0,0,8,7,1,87.50%,12.50%,0.00%,0.00%
20260126,16,時報資訊股份有限公司_工商時報,3427,工商時報-exchange,18007,CF_336x280_文末右側看板_工商時報-exchange,,知名媒體,,26,0,0,26,25,1,96.15%,3.85%,0.00%,0.00%
20260126,16,時報資訊股份有限公司_工商時報,3427,工商時報-exchange,18014,MW_300x250_文末Banner1_工商時報-exchange,,知名媒體,,106,0,0,106,104,2,98.11%,1.89%,0.00%,0.00%
20260126,16,時報資訊股份有限公司_工商時報,3427,工商時報-exchange,18015,MW_300x250_文末Banner2_工商時報-exchange,,知名媒體,,198,0,0,198,195,3,98.48%,1.52%,0.00%,0.00%
20260126,16,第一網站股份有限公司,3440,fsa_passback_first,18201,CF_336x280_fsa_passback_first,,,,"1,842",0,0,"1,842","1,361",481,73.89%,26.11%,0.00%,0.00%
20260126,16,第一網站股份有限公司,3440,fsa_passback_first,18202,CF_300x250_fsa_passback_first,,,,"2,999",0,0,"2,999","2,188",811,72.96%,27.04%,0.00%,0.00%
20260126,16,第一網站股份有限公司,3440,fsa_passback_first,18266,(子)CF_970x250_cfbanner_blog,,,子聯播網,"1,534",0,0,"1,534","1,309",225,85.33%,14.67%,0.00%,0.00%
20260126,16,莊博凱,3455,夢遊電玩,18269,300x250 Banner,,,,6,0,0,6,4,2,66.67%,33.33%,0.00%,0.00%
20260126,16,朱光宁,3268,稷下書院-mobile,18297,MW_置底創意(展開)_稷下書院-mobile,,,,112,0,0,112,64,48,57.14%,42.86%,0.00%,0.00%
20260126,16,冰楓科技有限公司,3485,冰楓論壇-exchange,18487,CF_970x90_內文上方第一塊_冰楓論壇-exchange,,,,"1,059",0,0,"1,059",877,182,82.81%,17.19%,0.00%,0.00%
20260126,16,冰楓科技有限公司,3485,冰楓論壇-exchange,18488,MW_320x100_內文上方第一塊_ 冰楓論壇-exchange,antifroud,,,18,0,0,18,16,2,88.89%,11.11%,0.00%,0.00%
20260126,16,冰楓科技有限公司,3485,冰楓論壇-exchange,18491,CF_300x250_Banner_ 冰楓論壇-exchange,,,,6,0,0,6,3,3,50.00%,50.00%,0.00%,0.00%
20260126,16,冰楓科技有限公司,3485,冰楓論壇-exchange,18492,MW_300x250_Banner_ 冰楓論壇-exchange,,,,500,0,0,500,429,71,85.80%,14.20%,0.00%,0.00%
20260126,16,闇碼科技股份有限公司,3048,縮短網址產生器-reurl,18535,MW_蓋版_縮短網址產生器-reurl,,知名媒體,,30,0,0,30,28,2,93.33%,6.67%,0.00%,0.00%
20260126,16,CBROOT LTD,3492,包子漫畫(特開流量)-exchange,18544,(子)CF_300x600_指定流量_包子漫畫(特開流量)-exchange,,,子聯播網,20,0,0,20,19,1,95.00%,5.00%,0.00%,0.00%
20260126,16,CBROOT LTD,3510,包子漫畫_twmanga-exchange,18737,CF_970x90_Banner_ 包子漫畫_twmanga-exchange,,,,124,0,0,124,116,8,93.55%,6.45%,0.00%,0.00%
20260126,16,闇碼科技股份有限公司,2992,縮短網址產生器-reurl-exchange,18876,CF_首頁連結bar下方_縮短網址產生器-reurl-exchange,,知名媒體,,6,0,0,6,6,0,100.00%,0.00%,0.00%,0.00%
20260126,16,舒禾驊,3535,荷花動漫筆記,18887,CF_336x280_文章頁文中_荷花動漫筆記,,,,6,0,0,6,3,3,50.00%,50.00%,0.00%,0.00%
20260126,16,台灣英文新聞股份有限公司,3537,台灣英文新聞(new)-exchange,18911,MW_300x250_首頁_ENDBANNER_5_台灣英文新聞(new)-exchange,,知名媒體,,6,0,0,6,6,0,100.00%,0.00%,0.00%,0.00%
20260126,16,台灣英文新聞股份有限公司,3537,台灣英文新聞(new)-exchange,18912,MW_300x250_首頁_文中橫幅_2_台灣英文新聞(new)-exchange,,知名媒體,,6,0,0,6,6,0,100.00%,0.00%,0.00%,0.00%
20260126,16,台灣英文新聞股份有限公司,3537,台灣英文新聞(new)-exchange,18914,MW_320x100_內文頁_置頂橫幅_台灣英文新聞(new)-exchange,,知名媒體,,9,0,0,9,2,7,22.22%,77.78%,0.00%,0.00%
20260126,16,台灣英文新聞股份有限公司,3537,台灣英文新聞(new)-exchange,18924,CF_300x250_內容頁_右側看版_1_台灣英文新聞(new)-exchange,,知名媒體,,164,0,0,163,145,18,88.96%,11.04%,0.00%,0.00%
20260126,16,艾得基客行銷顧問股份有限公司,3552,玩具人,19044,MW_320x480_文中創意_玩具人,,知名媒體,,36,0,0,36,33,3,91.67%,8.33%,0.00%,0.00%
20260126,16,第一網站股份有限公司,2783,漫畫櫃manhuagui,20685,MW_300X250_manhuagui,antifroud,,,"6,620",0,0,"6,620","5,812",808,87.79%,12.21%,0.00%,0.00%
20260126,16,德榕企業有限公司,3577,TW Bodhi,20705,(子)CF_336x280_文章頁(RWD)_TW Bodhi,antifroud,,子聯播網,8,0,0,8,8,0,100.00%,0.00%,0.00%,0.00%
20260126,16,德榕企業有限公司,3578,TW Bodhi_mobile,20708,MW_蓋板_TW Bodhi,,,,304,0,0,304,303,1,99.67%,0.33%,0.00%,0.00%
20260126,16,德榕企業有限公司,3581,忘憂書屋,20727,CF_336x280文章頁(RWD)_忘憂書屋,,,,75,0,0,75,74,1,98.67%,1.33%,0.00%,0.00%
20260126,16,德榕企業有限公司,3582,忘憂書屋_mobile,20729,MW_蓋板_忘憂書屋,,,,6,0,0,6,6,0,100.00%,0.00%,0.00%,0.00%
20260126,16,第一網站股份有限公司,2910,clickme,20735,(子)CF_300x250_banner_clickme(成人),,,子聯播網,"11,679",0,0,"11,679","9,285","2,394",79.50%,20.50%,0.00%,0.00%
20260126,16,第一網站股份有限公司,3440,fsa_passback_first,21699,CF_336x280_fsa_passback_first,,,,"4,001",0,0,"4,001","3,198",803,79.93%,20.07%,0.00%,0.00%
20260126,16,第一網站股份有限公司,3440,fsa_passback_first,21702,(子)CF_970x250_cfbanner_blog,,,,6,0,0,6,5,1,83.33%,16.67%,0.00%,0.00%
20260126,16,朱光宁,3269,石頭小說-mobile,21741,MW_320x480_蓋版_石頭小說-mobile,antifroud,,,6,0,0,6,3,3,50.00%,50.00%,0.00%,0.00%
20260126,16,富盈數據股份有限公司,3653,TVBS-女人我最大_HB,21760,MW_文章三_336x280_TVBS-女人我最大_HB,,知名媒體,,36,0,0,36,36,0,100.00%,0.00%,0.00%,0.00%
20260126,16,富盈數據股份有限公司,3653,TVBS-女人我最大_HB,21761,MW_文章四_336x280_TVBS-女人我最大_HB,,知名媒體,,260,0,0,260,253,7,97.31%,2.69%,0.00%,0.00%
20260126,16,富盈數據股份有限公司,3653,TVBS-女人我最大_HB,21763,MW_文中創意320x480_TVBS-女人我最大_HB,,知名媒體,,165,0,0,165,163,2,98.79%,1.21%,0.00%,0.00%
20260126,16,富盈數據股份有限公司,3654,TVBS-健康2.0_HB,21768,MW_文中創意320x480_TVBS-健康2.0_HB,,知名媒體,,"3,637",0,0,"3,637","3,459",178,95.11%,4.89%,0.00%,0.00%
20260126,16,富盈數據股份有限公司,3655,TVBS-食尚玩家_HB,21770,MW_文章三_336x280_TVBS-食尚玩家_HB,,知名媒體,,373,0,0,373,359,14,96.25%,3.75%,0.00%,0.00%
20260126,16,富盈數據股份有限公司,3655,TVBS-食尚玩家_HB,21771,MW_文章四_336x280_TVBS-食尚玩家_HB,,知名媒體,,6,0,0,6,6,0,100.00%,0.00%,0.00%,0.00%
20260126,16,富盈數據股份有限公司,3655,TVBS-食尚玩家_HB,21772,MW_文章置底_320x100_TVBS-食尚玩家_HB,,知名媒體,,6,0,0,6,6,0,100.00%,0.00%,0.00%,0.00%
20260126,16,富盈數據股份有限公司,3655,TVBS-食尚玩家_HB,21773,MW_文中創意320x480_TVBS-食尚玩家_HB,,知名媒體,,226,0,0,226,215,11,95.13%,4.87%,0.00%,0.00%
20260126,16,先驅媒體社會企業股份有限公司,3554,新頭殼(R18),21832,(子)CF_300x250Banner_newtalk.tw_all_300250_3_新頭殼(R18),antifroud,知名媒體,子聯播網,6,0,0,6,5,1,83.33%,16.67%,0.00%,0.00%
20260126,16,先驅媒體社會企業股份有限公司,3554,新頭殼(R18),21833,(子)CF_300x250Banner_newtalk.tw_all_300250_4_新頭殼(R18),,知名媒體,子聯播網,6,0,0,6,6,0,100.00%,0.00%,0.00%,0.00%
20260126,16,先驅媒體社會企業股份有限公司,3554,新頭殼(R18),21839,ＭＷ_336x280Banner_newtalk.tw_mobile_all_336280_2_新頭殼(R18),antifroud,知名媒體,,25,0,0,25,25,0,100.00%,0.00%,0.00%,0.00%
20260126,16,儂儂雜誌社股份有限公司(bella儂儂),2135,Bella儂儂_2024,21876,MW-300x250_文章標題上方1_Bella儂儂,,知名媒體,,415,0,0,415,395,20,95.18%,4.82%,0.00%,0.00%
20260126,16,富盈數據股份有限公司,3680,TVBS-新聞網_HB,21898,CF_文章右側300x600_TVBS-新聞網_HB,,知名媒體,,18,0,0,18,16,2,88.89%,11.11%,0.00%,0.00%
20260126,16,富盈數據股份有限公司,3680,TVBS-新聞網_HB,21899,MW_文章一_336x280_TVBS-新聞網_HB,,知名媒體,,"2,100",0,0,"2,100","2,024",76,96.38%,3.62%,0.00%,0.00%
20260126,16,富盈數據股份有限公司,3680,TVBS-新聞網_HB,21900,MW_文章三_336x280_TVBS-新聞網_HB,,知名媒體,,133,0,0,133,131,2,98.50%,1.50%,0.00%,0.00%
20260126,16,富盈數據股份有限公司,3680,TVBS-新聞網_HB,21902,MW_文章置底_320x100_TVBS-新聞網_HB,,知名媒體,,"1,474",0,0,"1,474","1,430",44,97.01%,2.99%,0.00%,0.00%
20260126,16,富盈數據股份有限公司,3684,稅美人_mobile,21923,MW_置底創意(非展開)_稅美人-mobile,,,,696,0,0,695,384,311,55.25%,44.75%,0.00%,0.00%
20260126,16,富盈數據股份有限公司,3685,玩桌遊_mobile,21924,MW_置底創意(非展開)_玩桌遊-mobile,,,,318,0,0,318,217,101,68.24%,31.76%,0.00%,0.00%
20260126,16,富盈數據股份有限公司,2615,熱血台中,21986,CF_336x280_全網_熱血台中,,,,56,0,0,56,56,0,100.00%,0.00%,0.00%,0.00%
20260126,16,富盈數據股份有限公司,2615,熱血台中,21987,CF_336x280_全網_熱血台中,,,,109,0,0,109,109,0,100.00%,0.00%,0.00%,0.00%
20260126,16,富盈數據股份有限公司,3703,繁體小說,22022,MW_置底創意(非展開)_繁體小說-mobile,,,,62,0,0,62,50,12,80.65%,19.35%,0.00%,0.00%
20260126,16,富盈數據股份有限公司,3704,天天要聞,22030,CF_300 x 250 banner_天天要聞_cpc2,,,,711,0,0,711,261,450,36.71%,63.29%,0.00%,0.00%
20260126,16,富盈數據股份有限公司,3703,繁體小說,22031,CF_300 x 250 banner_繁體小說_cpc2,,,,66,0,0,66,50,16,75.76%,24.24%,0.00%,0.00%
20260126,16,朱光宁,3708,石頭小說,22045,CF_336 x 280 banner_石頭小說_cpc1.67,antifroud,,,"66,951",0,0,"66,951","35,322","31,629",52.76%,47.24%,0.00%,0.00%
20260126,16,朱光宁,3718,稷下書院2,22093,CF_336 x 280 banner_稷下書院2_cpc1.67,antifroud,,,"61,753",0,0,"61,753","33,359","28,394",54.02%,45.98%,0.00%,0.00%
20260126,16,艾得基客行銷顧問股份有限公司,3719,遠見雜誌,22100,MW_320x480_文中創意_遠見_健康遠見,,知名媒體,,12,0,0,12,12,0,100.00%,0.00%,0.00%,0.00%
20260126,16,富盈數據股份有限公司,3680,TVBS-新聞網_HB,22132,CF_文中300x250_TVBS-新聞網_HB_2,,知名媒體,,42,0,0,42,40,2,95.24%,4.76%,0.00%,0.00%
20260126,16,富盈數據股份有限公司,3680,TVBS-新聞網_HB,22133,CF_文中300x250_TVBS-新聞網_HB_3,,知名媒體,,144,0,0,144,133,11,92.36%,7.64%,0.00%,0.00%
20260126,16,闇碼科技股份有限公司,3048,縮短網址產生器-reurl,22213,MW_蓋版_縮短網址產生器-reurl-2025.05(特殊供量),,知名媒體,,395,0,0,395,147,248,37.22%,62.78%,0.00%,0.00%
20260126,16,艾得基客行銷顧問股份有限公司,3724,上報,22217,MW_置底創意(非展開)_上報,,知名媒體,,373,0,0,373,365,8,97.86%,2.14%,0.00%,0.00%
20260126,16,艾得基客行銷顧問股份有限公司,3724,上報,22218,MW_置底(展開)_上報,,知名媒體,,824,0,0,824,813,11,98.67%,1.33%,0.00%,0.00%
20260126,16,艾得基客行銷顧問股份有限公司,2689,Basketball Top5,22219,MW_置底(展開)_Basketball TOP5,,,,136,0,0,136,136,0,100.00%,0.00%,0.00%,0.00%
20260126,16,欣發現股份有限公司,3363,大人物-mobile,22222,MW_蓋板_大人物,,知名媒體,,31,0,0,31,27,4,87.10%,12.90%,0.00%,0.00%
20260126,16,艾得基客行銷顧問股份有限公司,3738,痞客邦,22226,MW_文章頁-置底-痞客邦,,知名媒體,,"1,189",0,2,"1,189","1,019",170,85.70%,14.30%,0.00%,0.17%
20260126,16,朱光宁,3741,石頭小說3,22396,MW_置底_石頭小說3,,,,688,0,0,688,404,284,58.72%,41.28%,0.00%,0.00%
20260126,16,朱光宁,3741,石頭小說3,22398,CF_336 x 280 banner_石頭小說3_cpc1.67,,,,"10,626",0,0,"10,626","5,800","4,826",54.58%,45.42%,0.00%,0.00%
20260126,16,朱光宁,3741,石頭小說3,22399,CF_320 x 480 橫幅_石頭小說3,,,,382,0,0,382,229,153,59.95%,40.05%,0.00%,0.00%
20260126,16,艾得基客行銷顧問股份有限公司,3724,上報,22405,MW_蓋版_上報,,知名媒體,,27,0,0,27,27,0,100.00%,0.00%,0.00%,0.00%
20260126,16,闇碼科技股份有限公司,3068,限時圖片-imgus,22406,MW_置底_imgus,antifroud,,,467,0,0,467,463,4,99.14%,0.86%,0.00%,0.00%
20260126,16,第一網站股份有限公司,2783,漫畫櫃manhuagui,22443,MW_置底_manhuagui,antifroud,,,"70,408",0,0,"70,408","65,418","4,990",92.91%,7.09%,0.00%,0.00%
20260126,16,艾得基客行銷顧問股份有限公司,3490,太報,22495,MW_300x250 BANNER_太報_CPM5,,知名媒體,子聯播網,36,0,0,36,36,0,100.00%,0.00%,0.00%,0.00%
20260126,16,艾得基客行銷顧問股份有限公司,2689,Basketball Top5,22498,MW_300x250 Banner_Basketball TOP5_CPM5,,,子聯播網,504,0,0,504,501,3,99.40%,0.60%,0.00%,0.00%
20260126,16,艾得基客行銷顧問股份有限公司,2578,鉅亨網,22507,MW_300x250_鉅亨網_直播用BN-1,,知名媒體,子聯播網,"2,127",0,0,"2,127","2,093",34,98.40%,1.60%,0.00%,0.00%
20260126,16,艾得基客行銷顧問股份有限公司,3752,ＭoneyDJ,22514,MW_文中創意320x480_MoneyDJ,antifroud,知名媒體,,42,0,0,42,34,8,80.95%,19.05%,0.00%,0.00%
20260126,16,艾得基客行銷顧問股份有限公司,3752,ＭoneyDJ,22515,MW_300x250 BANNER_MoneyDJ,antifroud,知名媒體,,12,0,0,12,11,1,91.67%,8.33%,0.00%,0.00%
20260126,16,李承翰-webptt,718,Web批踢踢(RWD),2284,MW-蓋板_文中_Web批踢踢,antifroud,,,31,0,0,31,21,10,67.74%,32.26%,0.00%,0.00%
20260126,16,麥智維,999,動漫戲說,3543,CF-728*90-內文上方-動漫戲說,antifroud,,,51,0,0,51,30,21,58.82%,41.18%,0.00%,0.00%
20260126,16,蔡建磊,1269,跑跑資訊站,4622,CF-300X250-內文右側-跑跑資訊站,,,,12,0,0,12,10,2,83.33%,16.67%,0.00%,0.00%
20260126,16,肖偉彬,1287,紅櫻桃小說書庫,4678,CF-內文上方-300*250-紅櫻桃小說書庫,,,,12,0,0,12,10,2,83.33%,16.67%,0.00%,0.00%
20260126,16,技達創意資訊有限公司,1299,泰好網,4733,CF-300*250-內文下方-泰好網,,,,24,0,0,24,22,2,91.67%,8.33%,0.00%,0.00%
20260126,16,技達創意資訊有限公司,1299,泰好網,4734,MW-320*100-首頁、內文上方-泰好網,,,,12,0,0,12,12,0,100.00%,0.00%,0.00%,0.00%
20260126,16,肖偉彬,1347,雲台書屋,4923,CF-上方通欄-300*250-雲台書屋,,,,12,0,0,12,10,2,83.33%,16.67%,0.00%,0.00%
20260126,16,陈晋福,1367,電視超人,4997,CF-300X250-電視超人,,,,12,0,0,12,12,0,100.00%,0.00%,0.00%,0.00%
20260126,16,麥智維,999,動漫戲說,6069,CF-300*250-首頁-動漫戲說,,,,146,0,0,146,115,31,78.77%,21.23%,0.00%,0.00%
20260126,16,莊博凱,1676,夢遊電玩-exchange,6310,CF-160*600-網頁右側-夢遊電玩-exchange,,,,12,0,0,12,12,0,100.00%,0.00%,0.00%,0.00%
20260126,16,精鏡傳媒股份有限公司,1060,鏡週刊,8250,MW_置底創意(非展開)_鏡週刊,,知名媒體,,161,0,0,161,158,3,98.14%,1.86%,0.00%,0.00%
20260126,16,臺灣電視事業股份有限公司,52,台視,8313,PC-300x250_內文第一塊_台視財經,,知名媒體,,18,0,0,18,16,2,88.89%,11.11%,0.00%,0.00%
20260126,16,布林遊國際有限公司,1692,Bring You,8393,CF-300X250-上方通欄右側_BringYou,,知名媒體,,18,0,0,18,18,0,100.00%,0.00%,0.00%,0.00%
20260126,16,巧克科技新媒體股份有限公司,2127,LINE TV_Banner-exchange,8576,CF_336x280_戲劇-右側好康資訊下方_LINE TV-exchange,,知名媒體,,18,0,0,18,16,2,88.89%,11.11%,0.00%,0.00%
20260126,16,巧克科技新媒體股份有限公司,2127,LINE TV_Banner-exchange,8577,CF_336x280_戲劇-右側好康資訊上方_LINE TV-exchange,,知名媒體,,12,0,0,12,12,0,100.00%,0.00%,0.00%,0.00%
20260126,16,鳳梨傳媒股份有限公司,2190,民視新聞網-Exchange,8862,CF_970X90_分類新聞內頁上方_民視新聞(MCM),,知名媒體,,12,0,0,12,10,2,83.33%,16.67%,0.00%,0.00%
20260126,16,見聞科技有限公司,2251,就是節目表,9233,MW-300x250-節目表文中-就是節目表,,,,12,0,0,12,11,1,91.67%,8.33%,0.00%,0.00%
20260126,17,愛七桃有限公司,2152,寶可夢資訊站,10008,MW-320X100-進入道館功能框下方-寶可夢資訊站,,,,6,0,0,6,6,0,100.00%,0.00%,0.00%,0.00%
20260126,17,英屬維京群島商浩美數位有限公司台灣分公司,2315,Teepr亮新聞-exchange,10012,CF_336x280Banner_Teepr亮新聞-exchange,,知名媒體,,341,0,0,341,319,22,93.55%,6.45%,0.00%,0.00%
20260126,17,第一網站股份有限公司,2300,keketravel,10594,(子)CF_336x280_keketravel,,,子聯播網,6,0,0,6,6,0,100.00%,0.00%,0.00%,0.00%
20260126,17,昱得資訊工作室,2528,數位書香,11080,CF_728x90_首頁上方_數位書香,antifroud,,,18,0,0,18,18,0,100.00%,0.00%,0.00%,0.00%
20260126,17,昱得資訊工作室,2528,數位書香,11081,CF_160x600_首頁右側_數位書香,antifroud,,,390,0,0,390,386,4,98.97%,1.03%,0.00%,0.00%
20260126,17,第一網站股份有限公司,2518,麻辣家族討論區(twbts),11082,CF-728X90-twbts,antifroud,,,284,0,0,284,264,20,92.96%,7.04%,0.00%,0.00%
20260126,17,第一網站股份有限公司,2492,ttshow,11273,MW-300X250-ttshow,,知名媒體,,26,0,0,26,22,4,84.62%,15.38%,0.00%,0.00%
20260126,17,第一網站股份有限公司,2601,Meme梗圖倉庫,11443,CF-336X280-meme,,,,724,0,0,724,675,49,93.23%,6.77%,0.00%,0.00%
20260126,17,艾得基客行銷顧問股份有限公司,2578,鉅亨網,12070,MW_320x480_文中創意_鉅亨網,,知名媒體,,"10,205",0,0,"10,205","10,065",140,98.63%,1.37%,0.00%,0.00%
20260126,17,葉志斌,2745,繁中寶可夢卡表生成器-奶爸工作室-exchange,12209,CF_336x280_文中_繁中寶可夢卡表生成器,,,,6,0,0,6,3,3,50.00%,50.00%,0.00%,0.00%
20260126,17,葉志斌,2745,繁中寶可夢卡表生成器-奶爸工作室-exchange,12210,CF_728x90__文末__繁中寶可夢卡表生成器,,,,94,0,0,94,94,0,100.00%,0.00%,0.00%,0.00%
20260126,17,時報資訊股份有限公司,2770,中時電子報_HB,12559,CF_300x250_右側互動看版_中時電子報_HB,,知名媒體,,545,0,0,545,421,124,77.25%,22.75%,0.00%,0.00%
20260126,17,時報資訊股份有限公司,2770,中時電子報_HB,12560,CF_336x280_文中看板_中時電子報_HB,,知名媒體,,555,0,0,555,434,121,78.20%,21.80%,0.00%,0.00%
20260126,17,時報資訊股份有限公司,2770,中時電子報_HB,12561,MW_300x250_內頁TOP Banner_中時電子報_HB,antifroud,知名媒體,,863,0,0,863,803,60,93.05%,6.95%,0.00%,0.00%
20260126,17,第一網站股份有限公司,2768,czbooks,12570,CF_728x90_banner_czbooks,,,,"2,810",0,0,"2,810","2,053",757,73.06%,26.94%,0.00%,0.00%
20260126,17,鳳梨傳媒股份有限公司,2190,民視新聞網-Exchange,12579,CF_300x250_右側第一塊_民視新聞網-Exchange(RWD)(MCM),,知名媒體,,"4,762",0,0,"4,760","4,635",125,97.37%,2.63%,0.00%,0.00%
20260126,17,鳳梨傳媒股份有限公司,2190,民視新聞網-Exchange,12580,CF_300x250_內文文中左側_民視新聞網-Exchange(RWD)(MCM),,知名媒體,,"4,668",0,0,"4,668","4,486",182,96.10%,3.90%,0.00%,0.00%
20260126,17,第一網站股份有限公司,2783,漫畫櫃manhuagui,12676,CF_728X90_manhuagui,antifroud,,,"33,609",0,0,"33,609","28,451","5,158",84.65%,15.35%,0.00%,0.00%
20260126,17,艾得基客行銷顧問股份有限公司,2635,工商時報,12761,MW_320x480_文中創意_工商時報new,,知名媒體,,146,0,0,146,144,2,98.63%,1.37%,0.00%,0.00%
20260126,17,第一網站股份有限公司,2801,damanwoo,12868,CF-300x250_Banner_damanwoo_大人物,,,,6,0,0,6,6,0,100.00%,0.00%,0.00%,0.00%
20260126,17,艾得基客行銷顧問股份有限公司,2266,嬰兒與母親,12869,MW_置底創意_嬰兒與母親,,知名媒體,,6,0,0,6,6,0,100.00%,0.00%,0.00%,0.00%
20260126,17,永悅健康股份有限公司,2813,早安樂活,12926,MW_置底創意(展開)_早安樂活,,知名媒體,,234,0,0,234,234,0,100.00%,0.00%,0.00%,0.00%
20260126,17,永悅健康股份有限公司,2813,早安樂活,12927,MW_置底創意(非展開)_早安樂活,,知名媒體,,286,0,0,286,283,3,98.95%,1.05%,0.00%,0.00%
20260126,17,第一網站股份有限公司,2820,星座好朋友(horofriend88),12966,MW_320x100_horofriend88,antifroud,,,12,0,0,12,12,0,100.00%,0.00%,0.00%,0.00%
20260126,17,第一網站股份有限公司,2838,mycard,13041,MW_320x480_加倍mycard,,,,37,0,0,37,0,37,0.00%,100.00%,0.00%,0.00%
20260126,17,曾憲敏,202,85小說網,13445,MW_336X280_全量1_85小說網,,,,417,0,0,417,297,120,71.22%,28.78%,0.00%,0.00%
20260126,17,曾憲敏,202,85小說網,13446,MW_336X280_全量2_85小說網,,,,"3,495",0,0,"3,495","2,610",885,74.68%,25.32%,0.00%,0.00%
20260126,17,第一網站股份有限公司,2768,czbooks,13482,(子)CF_300x600_banner_czbooks(限時段),,,子聯播網,179,0,0,179,117,62,65.36%,34.64%,0.00%,0.00%
20260126,17,第一網站股份有限公司,2768,czbooks,13483,(子)CF_970x250_banner_czbooks(限時段),,,子聯播網,197,0,0,197,116,81,58.88%,41.12%,0.00%,0.00%
20260126,17,第一網站股份有限公司,2910,clickme,13548,(子)CF_300x250_banner_clickme(一般),,,子聯播網,458,0,0,458,330,128,72.05%,27.95%,0.00%,0.00%
20260126,17,第一網站股份有限公司,2910,clickme,13549,CF_300x250_banner_clickme(一般),,,,878,0,0,878,654,224,74.49%,25.51%,0.00%,0.00%
20260126,17,第一網站股份有限公司,2916,KiKiNote,13576,(子)CF_300x250_banner_kikinote,,知名媒體,子聯播網,814,0,0,814,747,67,91.77%,8.23%,0.00%,0.00%
20260126,17,闇碼科技股份有限公司,2992,縮短網址產生器-reurl-exchange,13861,CF_300x250_網址下方右側(PB)_reurl,,知名媒體,,6,0,0,6,6,0,100.00%,0.00%,0.00%,0.00%
20260126,17,第一網站股份有限公司,2768,czbooks,13903,(子)CF_300x250_banner_czbooks(直播),antifroud,,子聯播網,"252,210",0,0,"252,210","127,487","124,723",50.55%,49.45%,0.00%,0.00%
20260126,17,第一網站股份有限公司,2768,czbooks,14036,MW_320x480_CZBOOKS,antifroud,,,962,0,0,962,533,429,55.41%,44.59%,0.00%,0.00%
20260126,17,陳人鳳,480,飛格寵物家族_PC,1407,CF-728X90_上方通欄_飛格寵物家族,,,,50,0,0,50,41,9,82.00%,18.00%,0.00%,0.00%
20260126,17,陳人鳳,480,飛格寵物家族_PC,1408,CF-300X250_內文_飛格寵物家族,,,,66,0,0,66,37,29,56.06%,43.94%,0.00%,0.00%
20260126,17,闇碼科技股份有限公司,3048,縮短網址產生器-reurl,14210,MW_文中創意300x250_縮短網址產生器-reurl,,知名媒體,,145,0,0,145,118,27,81.38%,18.62%,0.00%,0.00%
20260126,17,巨思文化股份有限公司,3052,經理人_HB,14238,MW_文章結束第一塊_300x250_經理人-HB,,知名媒體,,6,0,0,6,6,0,100.00%,0.00%,0.00%,0.00%
20260126,17,巨思文化股份有限公司,3052,經理人_HB,14241,MW_300x250_內文下方_經理人-HB,,知名媒體,,6,0,0,6,6,0,100.00%,0.00%,0.00%,0.00%
20260126,17,巨思文化股份有限公司,3053,數位時代_HB,14242,CF_300x250_內文下方左側_數位時代-HB,,知名媒體,,12,0,0,12,12,0,100.00%,0.00%,0.00%,0.00%
20260126,17,巨思文化股份有限公司,3053,數位時代_HB,14243,CF_300x250_內文下方右側_數位時代-HB,,知名媒體,,12,0,0,12,12,0,100.00%,0.00%,0.00%,0.00%
20260126,17,巨思文化股份有限公司,3053,數位時代_HB,14246,MW_300x250_文章結束第一塊_數位時代-HB,,知名媒體,,6,0,0,6,5,1,83.33%,16.67%,0.00%,0.00%
20260126,17,富盈數據股份有限公司,3059,塔科女子,14258,CF_336x280_全網_塔科女子,,知名媒體,,166,0,0,166,166,0,100.00%,0.00%,0.00%,0.00%
20260126,17,CBROOT LTD,3003,包子漫畫-exchange,14291,MW_300x250_蓋板(PB)_包子漫畫,,,,227,0,0,227,194,33,85.46%,14.54%,0.00%,0.00%
20260126,17,朱光宁,3152,石頭小說-exchange,14472,MW_336x280_Banner_石頭小說,,,,"2,526",0,0,"2,526","1,488","1,038",58.91%,41.09%,0.00%,0.00%
20260126,17,朱光宁,3149,稷下書院-exchange,14748,MW_320x100_置底(PB)_稷下書院,,,,"25,947",0,0,"25,947","12,701","13,246",48.95%,51.05%,0.00%,0.00%
20260126,17,巨思文化股份有限公司,3053,數位時代_HB,14764,MW_置底創意_(非展開)_數位時代_HB,,知名媒體,,68,0,0,68,62,6,91.18%,8.82%,0.00%,0.00%
20260126,17,中天電視股份有限公司,3282,中天新聞網-exchange,14980,CF_970x250_內頁_PC置頂橫幅-中天新聞網-exchange,,知名媒體,,52,0,0,52,42,10,80.77%,19.23%,0.00%,0.00%
20260126,17,曾憲敏,3327,85小說網_創意,15228,MW-創意-85小說網,,,,825,0,0,825,588,237,71.27%,28.73%,0.00%,0.00%
20260126,17,中天電視股份有限公司,3282,中天新聞網-exchange,15859,CF_336x280_內頁_PC右側互動看板B-中天新聞網-exchange,,知名媒體,,609,0,0,609,521,88,85.55%,14.45%,0.00%,0.00%
20260126,17,CBROOT LTD,3352,西瓜卡通-exchange,15970,CF_160x600_影音內容_西瓜卡通-exchange,,,,144,0,0,144,144,0,100.00%,0.00%,0.00%,0.00%
20260126,17,時報資訊股份有限公司,2817,旺得富,16910,CF_300x250_Billboard_1s_旺得富,,知名媒體,,12,0,0,12,8,4,66.67%,33.33%,0.00%,0.00%
20260126,17,時報資訊股份有限公司,2817,旺得富,16911,CF_300x250_Billboard_2nd_旺得富,,知名媒體,,12,0,0,12,8,4,66.67%,33.33%,0.00%,0.00%
20260126,17,葉志斌,2745,繁中寶可夢卡表生成器-奶爸工作室-exchange,16950,CF_160x600_Banner_繁中寶可夢卡表生成器-奶爸工作室-exchange,,,,88,0,0,88,88,0,100.00%,0.00%,0.00%,0.00%
20260126,17,葉志斌,2745,繁中寶可夢卡表生成器-奶爸工作室-exchange,16951,CF_300x600_Banner_繁中寶可夢卡表生成器-奶爸工作室-exchange,,,,70,0,0,70,70,0,100.00%,0.00%,0.00%,0.00%
20260126,17,朱光宁,3360,提莫書屋-exchange,16957,MW_336x280banner_提莫書屋_exchange,,,,"16,457",0,0,"16,457","11,936","4,521",72.53%,27.47%,0.00%,0.00%
20260126,17,朱光宁,3361,提莫書屋-mobile,16958,MW_置底創意_提莫書屋-mobile,,,,62,0,0,62,41,21,66.13%,33.87%,0.00%,0.00%
20260126,17,朱光宁,3361,提莫書屋-mobile,16959,MW_320x480_文中創意_提莫書屋-mobile,,,,62,0,0,62,52,10,83.87%,16.13%,0.00%,0.00%
20260126,17,欣發現股份有限公司,3365,Hami任務牆-mobile,16969,MW_置底創意_Hami任務牆,,知名媒體,,12,0,0,12,8,4,66.67%,33.33%,0.00%,0.00%
20260126,17,欣發現股份有限公司,3364,女子學-mobile,16972,MW_置底創意_女子學,antifroud,,,6,0,0,6,6,0,100.00%,0.00%,0.00%,0.00%
20260126,17,欣發現股份有限公司,3363,大人物-mobile,16973,MW_置底創意_大人物,,知名媒體,,6,0,0,6,4,2,66.67%,33.33%,0.00%,0.00%
20260126,17,第一網站股份有限公司,2820,星座好朋友(horofriend88),17026,MW_320x480_蓋版_星座好朋友(horofriend88),antifroud,,,6,0,0,6,6,0,100.00%,0.00%,0.00%,0.00%
20260126,17,第一網站股份有限公司,2783,漫畫櫃manhuagui,17027,MW_320x480_蓋版_漫畫櫃manhuagui,,,,"4,229",0,0,"4,229","3,882",347,91.79%,8.21%,0.00%,0.00%
20260126,17,朱光宁,3268,稷下書院-mobile,17207,MW_320x480_蓋版_稷下書院-mobile,,,,"27,689",0,0,"27,689","17,624","10,065",63.65%,36.35%,0.00%,0.00%
20260126,17,中華電視股份有限公司,3389,華視-mobile,17230,MW_置底創意(非展開)_華視-mobile,,知名媒體,,6,0,0,6,6,0,100.00%,0.00%,0.00%,0.00%
20260126,17,李立娟,3395,vivi0視頻-exchange,17293,CF_336x280_Banner_vivi01視頻-exchange,antifroud,,,"25,249",0,0,"25,249","23,981","1,268",94.98%,5.02%,0.00%,0.00%
20260126,17,李立娟,3395,vivi0視頻-exchange,17294,MW_336x280_Banner_vivi01視頻-exchange,antifroud,,,"46,794",0,0,"46,794","44,662","2,132",95.44%,4.56%,0.00%,0.00%
20260126,17,李立娟,3395,vivi0視頻-exchange,17300,MW_320x100_置底(PB)_vivi01視頻-exchange,antifroud,,,"2,237",0,0,"2,237","1,988",249,88.87%,11.13%,0.00%,0.00%
20260126,17,李立娟,3397,趣聞圖說-exchange,17309,MW_336x280_文中Banner_趣聞圖說-exchange,,,,970,0,0,970,532,438,54.85%,45.15%,0.00%,0.00%
20260126,17,曾憲敏,601,85小說網_PC,1773,CF-300x250_85小說網_內文1,,,,192,0,0,192,115,77,59.90%,40.10%,0.00%,0.00%
20260126,17,李立娟,3396,趣聞圖說-Mobile,17923,MW_置底創意(展開)_趣聞圖說-Mobile,,,,6,0,0,6,6,0,100.00%,0.00%,0.00%,0.00%
20260126,17,第一網站股份有限公司,2768,czbooks,17927,MW_置底創意_czbook,,,,"15,957",0,0,"15,957","8,754","7,203",54.86%,45.14%,0.00%,0.00%
20260126,17,時報資訊股份有限公司_工商時報,3427,工商時報-exchange,18003,CF_300x250_互動看板2_工商時報-exchange,,知名媒體,,12,0,0,12,9,3,75.00%,25.00%,0.00%,0.00%
20260126,17,時報資訊股份有限公司_工商時報,3427,工商時報-exchange,18007,CF_336x280_文末右側看板_工商時報-exchange,,知名媒體,,20,0,0,20,17,3,85.00%,15.00%,0.00%,0.00%
20260126,17,時報資訊股份有限公司_工商時報,3427,工商時報-exchange,18014,MW_300x250_文末Banner1_工商時報-exchange,,知名媒體,,80,0,0,80,75,5,93.75%,6.25%,0.00%,0.00%
20260126,17,時報資訊股份有限公司_工商時報,3427,工商時報-exchange,18015,MW_300x250_文末Banner2_工商時報-exchange,,知名媒體,,137,0,0,137,129,8,94.16%,5.84%,0.00%,0.00%
20260126,17,第一網站股份有限公司,3440,fsa_passback_first,18201,CF_336x280_fsa_passback_first,,,,194,0,0,194,154,40,79.38%,20.62%,0.00%,0.00%
20260126,17,第一網站股份有限公司,3440,fsa_passback_first,18202,CF_300x250_fsa_passback_first,,,,"3,791",0,0,"3,791","2,941",850,77.58%,22.42%,0.00%,0.00%
20260126,17,第一網站股份有限公司,3440,fsa_passback_first,18266,(子)CF_970x250_cfbanner_blog,,,子聯播網,"2,162",0,0,"2,162","2,010",152,92.97%,7.03%,0.00%,0.00%
20260126,17,莊博凱,3455,夢遊電玩,18269,300x250 Banner,,,,6,0,0,6,4,2,66.67%,33.33%,0.00%,0.00%
20260126,17,時報資訊股份有限公司_工商時報,3427,工商時報-exchange,18278,CF_336x280_文中-MiddleBillboard_工商時報-exchange,,知名媒體,,8,0,0,8,8,0,100.00%,0.00%,0.00%,0.00%
20260126,17,朱光宁,3268,稷下書院-mobile,18297,MW_置底創意(展開)_稷下書院-mobile,,,,116,0,0,116,70,46,60.34%,39.66%,0.00%,0.00%
20260126,17,冰楓科技有限公司,3485,冰楓論壇-exchange,18487,CF_970x90_內文上方第一塊_冰楓論壇-exchange,,,,826,0,0,826,684,142,82.81%,17.19%,0.00%,0.00%
20260126,17,冰楓科技有限公司,3485,冰楓論壇-exchange,18488,MW_320x100_內文上方第一塊_ 冰楓論壇-exchange,antifroud,,,6,0,0,6,4,2,66.67%,33.33%,0.00%,0.00%
20260126,17,冰楓科技有限公司,3485,冰楓論壇-exchange,18492,MW_300x250_Banner_ 冰楓論壇-exchange,,,,396,0,0,396,326,70,82.32%,17.68%,0.00%,0.00%
20260126,17,闇碼科技股份有限公司,3048,縮短網址產生器-reurl,18535,MW_蓋版_縮短網址產生器-reurl,,知名媒體,,24,0,0,24,22,2,91.67%,8.33%,0.00%,0.00%
20260126,17,CBROOT LTD,3492,包子漫畫(特開流量)-exchange,18544,(子)CF_300x600_指定流量_包子漫畫(特開流量)-exchange,,,子聯播網,78,0,0,78,74,4,94.87%,5.13%,0.00%,0.00%
20260126,17,CBROOT LTD,3510,包子漫畫_twmanga-exchange,18737,CF_970x90_Banner_ 包子漫畫_twmanga-exchange,,,,58,0,0,58,53,5,91.38%,8.62%,0.00%,0.00%
20260126,17,台灣英文新聞股份有限公司,3537,台灣英文新聞(new)-exchange,18911,MW_300x250_首頁_ENDBANNER_5_台灣英文新聞(new)-exchange,,知名媒體,,6,0,0,6,6,0,100.00%,0.00%,0.00%,0.00%
20260126,17,台灣英文新聞股份有限公司,3537,台灣英文新聞(new)-exchange,18924,CF_300x250_內容頁_右側看版_1_台灣英文新聞(new)-exchange,,知名媒體,,189,0,0,189,162,27,85.71%,14.29%,0.00%,0.00%
20260126,17,艾得基客行銷顧問股份有限公司,3373,良醫健康網,19009,MW_蓋板_良醫健康網,,知名媒體,,131,0,0,131,89,42,67.94%,32.06%,0.00%,0.00%
20260126,17,艾得基客行銷顧問股份有限公司,3373,良醫健康網,19010,MW_300x250_文中_良醫健康網,,知名媒體,,6,0,0,6,4,2,66.67%,33.33%,0.00%,0.00%
20260126,17,聯合線上股份有限公司,3549,UDN元氣網,19018,CF_首頁文章推薦第三格300x250_UDN元氣網,,知名媒體,,6,0,0,6,4,2,66.67%,33.33%,0.00%,0.00%
20260126,17,艾得基客行銷顧問股份有限公司,3552,玩具人,19044,MW_320x480_文中創意_玩具人,,知名媒體,,38,0,0,38,30,8,78.95%,21.05%,0.00%,0.00%
20260126,17,第一網站股份有限公司,2783,漫畫櫃manhuagui,20685,MW_300X250_manhuagui,antifroud,,,"2,395",0,0,"2,395","2,215",180,92.48%,7.52%,0.00%,0.00%
20260126,17,德榕企業有限公司,3578,TW Bodhi_mobile,20708,MW_蓋板_TW Bodhi,,,,236,0,0,236,235,1,99.58%,0.42%,0.00%,0.00%
20260126,17,德榕企業有限公司,3578,TW Bodhi_mobile,20719,MW_文中創意300x250_TW Bodhi,,,,6,0,0,6,6,0,100.00%,0.00%,0.00%,0.00%
20260126,17,德榕企業有限公司,3581,忘憂書屋,20727,CF_336x280文章頁(RWD)_忘憂書屋,,,,12,0,0,12,12,0,100.00%,0.00%,0.00%,0.00%
20260126,17,德榕企業有限公司,3582,忘憂書屋_mobile,20728,MW_文中創意300x250_忘憂書屋,,,,77,0,0,77,77,0,100.00%,0.00%,0.00%,0.00%
20260126,17,德榕企業有限公司,3582,忘憂書屋_mobile,20729,MW_蓋板_忘憂書屋,,,,6,0,0,6,6,0,100.00%,0.00%,0.00%,0.00%
20260126,17,第一網站股份有限公司,2910,clickme,20735,(子)CF_300x250_banner_clickme(成人),,,子聯播網,"4,762",0,0,"4,762","3,949",813,82.93%,17.07%,0.00%,0.00%
20260126,17,第一網站股份有限公司,3440,fsa_passback_first,21699,CF_336x280_fsa_passback_first,,,,"2,105",0,0,"2,105","1,737",368,82.52%,17.48%,0.00%,0.00%
20260126,17,朱光宁,3269,石頭小說-mobile,21741,MW_320x480_蓋版_石頭小說-mobile,antifroud,,,13,0,0,13,9,4,69.23%,30.77%,0.00%,0.00%
20260126,17,富盈數據股份有限公司,3653,TVBS-女人我最大_HB,21760,MW_文章三_336x280_TVBS-女人我最大_HB,,知名媒體,,160,0,0,160,147,13,91.88%,8.12%,0.00%,0.00%
20260126,17,富盈數據股份有限公司,3653,TVBS-女人我最大_HB,21761,MW_文章四_336x280_TVBS-女人我最大_HB,,知名媒體,,784,0,0,784,665,119,84.82%,15.18%,0.00%,0.00%
20260126,17,富盈數據股份有限公司,3653,TVBS-女人我最大_HB,21763,MW_文中創意320x480_TVBS-女人我最大_HB,,知名媒體,,802,0,0,802,707,95,88.15%,11.85%,0.00%,0.00%
20260126,17,富盈數據股份有限公司,3654,TVBS-健康2.0_HB,21768,MW_文中創意320x480_TVBS-健康2.0_HB,,知名媒體,,"3,834",0,0,"3,834","3,675",159,95.85%,4.15%,0.00%,0.00%
20260126,17,富盈數據股份有限公司,3655,TVBS-食尚玩家_HB,21770,MW_文章三_336x280_TVBS-食尚玩家_HB,,知名媒體,,325,0,0,325,311,14,95.69%,4.31%,0.00%,0.00%
20260126,17,富盈數據股份有限公司,3655,TVBS-食尚玩家_HB,21771,MW_文章四_336x280_TVBS-食尚玩家_HB,,知名媒體,,6,0,0,6,5,1,83.33%,16.67%,0.00%,0.00%
20260126,17,富盈數據股份有限公司,3655,TVBS-食尚玩家_HB,21772,MW_文章置底_320x100_TVBS-食尚玩家_HB,,知名媒體,,12,0,0,12,9,3,75.00%,25.00%,0.00%,0.00%
20260126,17,富盈數據股份有限公司,3655,TVBS-食尚玩家_HB,21773,MW_文中創意320x480_TVBS-食尚玩家_HB,,知名媒體,,153,0,0,153,140,13,91.50%,8.50%,0.00%,0.00%
20260126,17,先驅媒體社會企業股份有限公司,3554,新頭殼(R18),21830,(子)CF_300x250Banner_newtalk.tw_all_300250_1_新頭殼(R18),antifroud,知名媒體,子聯播網,6,0,0,6,5,1,83.33%,16.67%,0.00%,0.00%
20260126,17,先驅媒體社會企業股份有限公司,3554,新頭殼(R18),21839,ＭＷ_336x280Banner_newtalk.tw_mobile_all_336280_2_新頭殼(R18),antifroud,知名媒體,,6,0,0,6,6,0,100.00%,0.00%,0.00%,0.00%
20260126,17,儂儂雜誌社股份有限公司(bella儂儂),2135,Bella儂儂_2024,21876,MW-300x250_文章標題上方1_Bella儂儂,,知名媒體,,436,0,0,436,422,14,96.79%,3.21%,0.00%,0.00%
20260126,17,富盈數據股份有限公司,3680,TVBS-新聞網_HB,21898,CF_文章右側300x600_TVBS-新聞網_HB,,知名媒體,,14,0,0,14,11,3,78.57%,21.43%,0.00%,0.00%
20260126,17,富盈數據股份有限公司,3680,TVBS-新聞網_HB,21899,MW_文章一_336x280_TVBS-新聞網_HB,,知名媒體,,"2,333",0,0,"2,333","2,260",73,96.87%,3.13%,0.00%,0.00%
20260126,17,富盈數據股份有限公司,3680,TVBS-新聞網_HB,21900,MW_文章三_336x280_TVBS-新聞網_HB,,知名媒體,,144,0,0,144,140,4,97.22%,2.78%,0.00%,0.00%
20260126,17,富盈數據股份有限公司,3680,TVBS-新聞網_HB,21902,MW_文章置底_320x100_TVBS-新聞網_HB,,知名媒體,,"1,718",0,0,"1,718","1,648",70,95.93%,4.07%,0.00%,0.00%
20260126,17,富盈數據股份有限公司,3684,稅美人_mobile,21923,MW_置底創意(非展開)_稅美人-mobile,,,,"2,949",0,0,"2,949","1,676","1,273",56.83%,43.17%,0.00%,0.00%
20260126,17,富盈數據股份有限公司,3685,玩桌遊_mobile,21924,MW_置底創意(非展開)_玩桌遊-mobile,,,,255,0,0,255,182,73,71.37%,28.63%,0.00%,0.00%
20260126,17,富盈數據股份有限公司,2615,熱血台中,21986,CF_336x280_全網_熱血台中,,,,56,0,0,56,56,0,100.00%,0.00%,0.00%,0.00%
20260126,17,富盈數據股份有限公司,2615,熱血台中,21987,CF_336x280_全網_熱血台中,,,,80,0,0,80,80,0,100.00%,0.00%,0.00%,0.00%
20260126,17,富盈數據股份有限公司,3703,繁體小說,22022,MW_置底創意(非展開)_繁體小說-mobile,,,,42,0,0,42,34,8,80.95%,19.05%,0.00%,0.00%
20260126,17,富盈數據股份有限公司,3704,天天要聞,22030,CF_300 x 250 banner_天天要聞_cpc2,,,,812,0,0,812,409,403,50.37%,49.63%,0.00%,0.00%
20260126,17,富盈數據股份有限公司,3703,繁體小說,22031,CF_300 x 250 banner_繁體小說_cpc2,,,,50,0,0,50,35,15,70.00%,30.00%,0.00%,0.00%
20260126,17,朱光宁,3708,石頭小說,22045,CF_336 x 280 banner_石頭小說_cpc1.67,antifroud,,,"1,071",0,0,"1,071",574,497,53.59%,46.41%,0.00%,0.00%
20260126,17,冠妍動力科技有限公司,484,小老婆汽機車資訊網,22058,MW_文中創意320x480_小老婆汽機車資訊網-測試,,知名媒體,,6,0,0,6,3,3,50.00%,50.00%,0.00%,0.00%
20260126,17,朱光宁,3718,稷下書院2,22093,CF_336 x 280 banner_稷下書院2_cpc1.67,antifroud,,,"1,070",0,0,"1,070",497,573,46.45%,53.55%,0.00%,0.00%
20260126,17,艾得基客行銷顧問股份有限公司,3719,遠見雜誌,22100,MW_320x480_文中創意_遠見_健康遠見,,知名媒體,,12,0,0,12,12,0,100.00%,0.00%,0.00%,0.00%
20260126,17,富盈數據股份有限公司,3680,TVBS-新聞網_HB,22131,CF_文中300x250_TVBS-新聞網_HB_1,,知名媒體,,6,0,0,6,4,2,66.67%,33.33%,0.00%,0.00%
20260126,17,富盈數據股份有限公司,3680,TVBS-新聞網_HB,22132,CF_文中300x250_TVBS-新聞網_HB_2,,知名媒體,,30,0,0,30,27,3,90.00%,10.00%,0.00%,0.00%
20260126,17,富盈數據股份有限公司,3680,TVBS-新聞網_HB,22133,CF_文中300x250_TVBS-新聞網_HB_3,,知名媒體,,126,0,0,126,120,6,95.24%,4.76%,0.00%,0.00%
20260126,17,冰楓科技有限公司,3485,冰楓論壇-exchange,22160,CF_300x250_Banner2_ 冰楓論壇-exchange,,,,6,0,0,6,3,3,50.00%,50.00%,0.00%,0.00%
20260126,17,闇碼科技股份有限公司,3048,縮短網址產生器-reurl,22213,MW_蓋版_縮短網址產生器-reurl-2025.05(特殊供量),,知名媒體,,564,0,0,564,98,466,17.38%,82.62%,0.00%,0.00%
20260126,17,艾得基客行銷顧問股份有限公司,3724,上報,22217,MW_置底創意(非展開)_上報,,知名媒體,,670,0,0,670,654,16,97.61%,2.39%,0.00%,0.00%
20260126,17,艾得基客行銷顧問股份有限公司,3724,上報,22218,MW_置底(展開)_上報,,知名媒體,,593,0,0,593,578,15,97.47%,2.53%,0.00%,0.00%
20260126,17,艾得基客行銷顧問股份有限公司,2689,Basketball Top5,22219,MW_置底(展開)_Basketball TOP5,,,,224,0,0,224,220,4,98.21%,1.79%,0.00%,0.00%
20260126,17,欣發現股份有限公司,3363,大人物-mobile,22222,MW_蓋板_大人物,,知名媒體,,6,0,0,6,4,2,66.67%,33.33%,0.00%,0.00%
20260126,17,朱光宁,3741,石頭小說3,22396,MW_置底_石頭小說3,,,,486,0,0,486,286,200,58.85%,41.15%,0.00%,0.00%
20260126,17,朱光宁,3741,石頭小說3,22398,CF_336 x 280 banner_石頭小說3_cpc1.67,,,,696,0,0,696,387,309,55.60%,44.40%,0.00%,0.00%
20260126,17,朱光宁,3741,石頭小說3,22399,CF_320 x 480 橫幅_石頭小說3,,,,312,0,0,312,194,118,62.18%,37.82%,0.00%,0.00%
20260126,17,艾得基客行銷顧問股份有限公司,2825,科技紫薇,22403,MW_蓋版_科技紫微,,,,18,0,0,18,17,1,94.44%,5.56%,0.00%,0.00%
20260126,17,艾得基客行銷顧問股份有限公司,3724,上報,22405,MW_蓋版_上報,,知名媒體,,113,0,0,113,109,4,96.46%,3.54%,0.00%,0.00%
20260126,17,闇碼科技股份有限公司,3068,限時圖片-imgus,22406,MW_置底_imgus,antifroud,,,160,0,0,160,156,4,97.50%,2.50%,0.00%,0.00%
20260126,17,第一網站股份有限公司,2783,漫畫櫃manhuagui,22443,MW_置底_manhuagui,antifroud,,,"49,202",0,0,"49,202","45,935","3,267",93.36%,6.64%,0.00%,0.00%
20260126,17,艾得基客行銷顧問股份有限公司,3490,太報,22495,MW_300x250 BANNER_太報_CPM5,,知名媒體,子聯播網,24,0,0,24,23,1,95.83%,4.17%,0.00%,0.00%
20260126,17,艾得基客行銷顧問股份有限公司,2689,Basketball Top5,22498,MW_300x250 Banner_Basketball TOP5_CPM5,,,子聯播網,467,0,0,467,460,7,98.50%,1.50%,0.00%,0.00%
20260126,17,艾得基客行銷顧問股份有限公司,2578,鉅亨網,22507,MW_300x250_鉅亨網_直播用BN-1,,知名媒體,子聯播網,"2,814",0,0,"2,814","2,769",45,98.40%,1.60%,0.00%,0.00%
20260126,17,艾得基客行銷顧問股份有限公司,3752,ＭoneyDJ,22514,MW_文中創意320x480_MoneyDJ,antifroud,知名媒體,,26,0,0,26,23,3,88.46%,11.54%,0.00%,0.00%
20260126,17,艾得基客行銷顧問股份有限公司,3752,ＭoneyDJ,22515,MW_300x250 BANNER_MoneyDJ,antifroud,知名媒體,,6,0,0,6,5,1,83.33%,16.67%,0.00%,0.00%
20260126,17,艾得基客行銷顧問股份有限公司,3373,良醫健康網,22732,MW_300x250_良醫健康網,,知名媒體,,58,0,0,58,39,19,67.24%,32.76%,0.00%,0.00%
20260126,17,李承翰-webptt,718,Web批踢踢(RWD),2284,MW-蓋板_文中_Web批踢踢,antifroud,,,18,0,0,18,11,7,61.11%,38.89%,0.00%,0.00%
20260126,17,麥智維,999,動漫戲說,3543,CF-728*90-內文上方-動漫戲說,antifroud,,,62,0,0,62,32,30,51.61%,48.39%,0.00%,0.00%
20260126,17,肖偉彬,1287,紅櫻桃小說書庫,4678,CF-內文上方-300*250-紅櫻桃小說書庫,,,,26,0,0,26,19,7,73.08%,26.92%,0.00%,0.00%
20260126,17,技達創意資訊有限公司,1299,泰好網,4733,CF-300*250-內文下方-泰好網,,,,24,0,0,24,22,2,91.67%,8.33%,0.00%,0.00%
20260126,17,技達創意資訊有限公司,1299,泰好網,4734,MW-320*100-首頁、內文上方-泰好網,,,,18,0,0,18,16,2,88.89%,11.11%,0.00%,0.00%
20260126,17,陈晋福,1367,電視超人,4997,CF-300X250-電視超人,,,,20,0,0,20,18,2,90.00%,10.00%,0.00%,0.00%
20260126,17,麥智維,999,動漫戲說,6069,CF-300*250-首頁-動漫戲說,,,,38,0,0,38,27,11,71.05%,28.95%,0.00%,0.00%
20260126,17,全曜財經資訊股份有限公司,1902,Cmoney-Mobile,7293,MW_置底創意(非展開)_Cmoney,antifroud,知名媒體,,6,0,0,6,5,1,83.33%,16.67%,0.00%,0.00%
20260126,17,精鏡傳媒股份有限公司,1060,鏡週刊,8250,MW_置底創意(非展開)_鏡週刊,,知名媒體,,142,0,0,142,131,11,92.25%,7.75%,0.00%,0.00%
20260126,17,臺灣電視事業股份有限公司,52,台視,8313,PC-300x250_內文第一塊_台視財經,,知名媒體,,6,0,0,6,3,3,50.00%,50.00%,0.00%,0.00%
20260126,17,布林遊國際有限公司,1692,Bring You,8393,CF-300X250-上方通欄右側_BringYou,,知名媒體,,12,0,0,12,12,0,100.00%,0.00%,0.00%,0.00%
20260126,17,巧克科技新媒體股份有限公司,2127,LINE TV_Banner-exchange,8576,CF_336x280_戲劇-右側好康資訊下方_LINE TV-exchange,,知名媒體,,12,0,0,12,10,2,83.33%,16.67%,0.00%,0.00%
20260126,17,巧克科技新媒體股份有限公司,2127,LINE TV_Banner-exchange,8577,CF_336x280_戲劇-右側好康資訊上方_LINE TV-exchange,,知名媒體,,56,0,0,56,49,7,87.50%,12.50%,0.00%,0.00%
20260126,17,鳳梨傳媒股份有限公司,2190,民視新聞網-Exchange,8862,CF_970X90_分類新聞內頁上方_民視新聞(MCM),,知名媒體,,25,0,0,25,24,1,96.00%,4.00%,0.00%,0.00%
20260126,17,見聞科技有限公司,2251,就是節目表,9233,MW-300x250-節目表文中-就是節目表,,,,6,0,0,6,5,1,83.33%,16.67%,0.00%,0.00%
20260126,17,巧克科技新媒體股份有限公司,2127,LINE TV_Banner-exchange,9788,CF_970x250_首頁-戲劇列表第一塊_LINE TV-exchange,,知名媒體,,6,0,0,6,4,2,66.67%,33.33%,0.00%,0.00%
20260126,18,愛七桃有限公司,2152,寶可夢資訊站,10008,MW-320X100-進入道館功能框下方-寶可夢資訊站,,,,18,0,0,18,16,2,88.89%,11.11%,0.00%,0.00%
20260126,18,英屬維京群島商浩美數位有限公司台灣分公司,2315,Teepr亮新聞-exchange,10012,CF_336x280Banner_Teepr亮新聞-exchange,,知名媒體,,475,0,0,475,463,12,97.47%,2.53%,0.00%,0.00%
20260126,18,昱得資訊工作室,2528,數位書香,11080,CF_728x90_首頁上方_數位書香,antifroud,,,50,0,0,50,50,0,100.00%,0.00%,0.00%,0.00%
20260126,18,昱得資訊工作室,2528,數位書香,11081,CF_160x600_首頁右側_數位書香,antifroud,,,569,0,0,569,559,10,98.24%,1.76%,0.00%,0.00%
20260126,18,第一網站股份有限公司,2518,麻辣家族討論區(twbts),11082,CF-728X90-twbts,antifroud,,,211,0,0,211,208,3,98.58%,1.42%,0.00%,0.00%
20260126,18,第一網站股份有限公司,2601,Meme梗圖倉庫,11443,CF-336X280-meme,,,,332,0,0,332,299,33,90.06%,9.94%,0.00%,0.00%
20260126,18,第一網站股份有限公司,2540,risu短網址,12496,CF_300x250_popup(直播) _risu短網址,antifroud,知名媒體,,18,0,0,18,14,4,77.78%,22.22%,0.00%,0.00%
20260126,18,時報資訊股份有限公司,2770,中時電子報_HB,12559,CF_300x250_右側互動看版_中時電子報_HB,,知名媒體,,302,0,0,302,233,69,77.15%,22.85%,0.00%,0.00%
20260126,18,時報資訊股份有限公司,2770,中時電子報_HB,12560,CF_336x280_文中看板_中時電子報_HB,,知名媒體,,278,0,0,278,211,67,75.90%,24.10%,0.00%,0.00%
20260126,18,時報資訊股份有限公司,2770,中時電子報_HB,12561,MW_300x250_內頁TOP Banner_中時電子報_HB,antifroud,知名媒體,,"7,620",0,0,"7,620","7,336",284,96.27%,3.73%,0.00%,0.00%
20260126,18,第一網站股份有限公司,2768,czbooks,12570,CF_728x90_banner_czbooks,,,,"1,169",0,0,"1,169",928,241,79.38%,20.62%,0.00%,0.00%
20260126,18,第一網站股份有限公司,2768,czbooks,12571,CF-300x600_Banner_czbooks,,,,254,0,0,254,190,64,74.80%,25.20%,0.00%,0.00%
20260126,18,鳳梨傳媒股份有限公司,2190,民視新聞網-Exchange,12579,CF_300x250_右側第一塊_民視新聞網-Exchange(RWD)(MCM),,知名媒體,,"3,465",0,0,"3,465","3,395",70,97.98%,2.02%,0.00%,0.00%
20260126,18,鳳梨傳媒股份有限公司,2190,民視新聞網-Exchange,12580,CF_300x250_內文文中左側_民視新聞網-Exchange(RWD)(MCM),,知名媒體,,"3,506",0,0,"3,504","3,397",107,96.95%,3.05%,0.00%,0.00%
20260126,18,第一網站股份有限公司,2783,漫畫櫃manhuagui,12676,CF_728X90_manhuagui,antifroud,,,"4,655",0,0,"4,655","4,126",529,88.64%,11.36%,0.00%,0.00%
20260126,18,艾得基客行銷顧問股份有限公司,2635,工商時報,12761,MW_320x480_文中創意_工商時報new,,知名媒體,,161,0,0,161,153,8,95.03%,4.97%,0.00%,0.00%
20260126,18,第一網站股份有限公司,2801,damanwoo,12868,CF-300x250_Banner_damanwoo_大人物,,,,28,0,0,28,26,2,92.86%,7.14%,0.00%,0.00%
20260126,18,永悅健康股份有限公司,2813,早安樂活,12927,MW_置底創意(非展開)_早安樂活,,知名媒體,,60,0,0,60,60,0,100.00%,0.00%,0.00%,0.00%
20260126,18,第一網站股份有限公司,2820,星座好朋友(horofriend88),12966,MW_320x100_horofriend88,antifroud,,,30,0,0,30,29,1,96.67%,3.33%,0.00%,0.00%
20260126,18,第一網站股份有限公司,2836,vivi01,13032,MW_置底創意_vivi01 ViVi視頻,,,,12,0,0,12,12,0,100.00%,0.00%,0.00%,0.00%
20260126,18,第一網站股份有限公司,2838,mycard,13041,MW_320x480_加倍mycard,,,,639,0,0,639,0,639,0.00%,100.00%,0.00%,0.00%
20260126,18,東森電視事業股份有限公司,2014,東森新聞網,13162,MW_置底創意(展開)_東森新聞網,antifroud,知名媒體,,359,0,0,359,358,1,99.72%,0.28%,0.00%,0.00%
20260126,18,譚謹恩,2885,Mr. & Mrs. Diary-exchange,13403,CF_728x90_內文上方_ Mr. & Mrs. Diary-exchange,,,,6,0,0,6,6,0,100.00%,0.00%,0.00%,0.00%
20260126,18,譚謹恩,2885,Mr. & Mrs. Diary-exchange,13405,CF_970x250_內文文中_Mr. & Mrs. Diary-exchange,,,,6,0,0,6,6,0,100.00%,0.00%,0.00%,0.00%
20260126,18,曾憲敏,202,85小說網,13445,MW_336X280_全量1_85小說網,,,,527,0,0,527,381,146,72.30%,27.70%,0.00%,0.00%
20260126,18,曾憲敏,202,85小說網,13446,MW_336X280_全量2_85小說網,,,,"4,338",0,0,"4,338","3,336","1,002",76.90%,23.10%,0.00%,0.00%
20260126,18,第一網站股份有限公司,2768,czbooks,13481,MW_300x250_banner_czbooks,antifroud,,子聯播網,"2,100",0,0,"2,100","1,177",923,56.05%,43.95%,0.00%,0.00%
20260126,18,第一網站股份有限公司,2910,clickme,13549,CF_300x250_banner_clickme(一般),,,,581,0,0,581,486,95,83.65%,16.35%,0.00%,0.00%
20260126,18,闇碼科技股份有限公司,2992,縮短網址產生器-reurl-exchange,13848,CF_300x250_轉址失敗_最右邊_reurl,,知名媒體,,6,0,0,6,2,4,33.33%,66.67%,0.00%,0.00%
20260126,18,闇碼科技股份有限公司,2992,縮短網址產生器-reurl-exchange,13856,CF_300x250_轉址失敗頁第二塊_reurl,,知名媒體,,6,0,0,6,2,4,33.33%,66.67%,0.00%,0.00%
20260126,18,闇碼科技股份有限公司,2992,縮短網址產生器-reurl-exchange,13860,CF_300x250_網址下方右側_reurl,,知名媒體,,6,0,0,6,6,0,100.00%,0.00%,0.00%,0.00%
20260126,18,闇碼科技股份有限公司,2992,縮短網址產生器-reurl-exchange,13861,CF_300x250_網址下方右側(PB)_reurl,,知名媒體,,35,0,0,35,11,24,31.43%,68.57%,0.00%,0.00%
20260126,18,第一網站股份有限公司,2768,czbooks,13903,(子)CF_300x250_banner_czbooks(直播),antifroud,,子聯播網,"191,916",0,0,"191,916","96,645","95,271",50.36%,49.64%,0.00%,0.00%
20260126,18,第一網站股份有限公司,2783,漫畫櫃manhuagui,13904,(子)CF_300x250_banner_manhuagui(直播),antifroud,,子聯播網,"2,517",0,0,"2,517","2,143",374,85.14%,14.86%,0.00%,0.00%
20260126,18,第一網站股份有限公司,2768,czbooks,14036,MW_320x480_CZBOOKS,antifroud,,,50,0,0,50,31,19,62.00%,38.00%,0.00%,0.00%
20260126,18,陳人鳳,480,飛格寵物家族_PC,1407,CF-728X90_上方通欄_飛格寵物家族,,,,38,0,0,38,36,2,94.74%,5.26%,0.00%,0.00%
20260126,18,陳人鳳,480,飛格寵物家族_PC,1408,CF-300X250_內文_飛格寵物家族,,,,42,0,0,42,25,17,59.52%,40.48%,0.00%,0.00%
20260126,18,東森電視事業股份有限公司,2014,東森新聞網,14097,MW_蓋版_東森新聞網,,知名媒體,,"1,910",0,0,"1,910","1,893",17,99.11%,0.89%,0.00%,0.00%
20260126,18,闇碼科技股份有限公司,3048,縮短網址產生器-reurl,14210,MW_文中創意300x250_縮短網址產生器-reurl,,知名媒體,,156,0,0,156,107,49,68.59%,31.41%,0.00%,0.00%
20260126,18,巨思文化股份有限公司,3052,經理人_HB,14238,MW_文章結束第一塊_300x250_經理人-HB,,知名媒體,,26,0,0,26,20,6,76.92%,23.08%,0.00%,0.00%
20260126,18,巨思文化股份有限公司,3052,經理人_HB,14241,MW_300x250_內文下方_經理人-HB,,知名媒體,,26,0,0,26,20,6,76.92%,23.08%,0.00%,0.00%
20260126,18,巨思文化股份有限公司,3053,數位時代_HB,14242,CF_300x250_內文下方左側_數位時代-HB,,知名媒體,,7,0,0,7,7,0,100.00%,0.00%,0.00%,0.00%
20260126,18,巨思文化股份有限公司,3053,數位時代_HB,14243,CF_300x250_內文下方右側_數位時代-HB,,知名媒體,,7,0,0,7,7,0,100.00%,0.00%,0.00%,0.00%
20260126,18,巨思文化股份有限公司,3053,數位時代_HB,14244,MW_300x250_文中第四塊_數位時代-HB,,知名媒體,,20,0,0,20,16,4,80.00%,20.00%,0.00%,0.00%
20260126,18,巨思文化股份有限公司,3053,數位時代_HB,14246,MW_300x250_文章結束第一塊_數位時代-HB,,知名媒體,,24,0,0,24,20,4,83.33%,16.67%,0.00%,0.00%
20260126,18,富盈數據股份有限公司,3059,塔科女子,14258,CF_336x280_全網_塔科女子,,知名媒體,,102,0,0,102,102,0,100.00%,0.00%,0.00%,0.00%
20260126,18,CBROOT LTD,3003,包子漫畫-exchange,14291,MW_300x250_蓋板(PB)_包子漫畫,,,,83,0,0,83,70,13,84.34%,15.66%,0.00%,0.00%
20260126,18,朱光宁,3268,稷下書院-mobile,14737,MW_置底創意(非展開)_稷下書院-mobile,,,,14,0,0,14,7,7,50.00%,50.00%,0.00%,0.00%
20260126,18,朱光宁,3149,稷下書院-exchange,14748,MW_320x100_置底(PB)_稷下書院,,,,"29,510",0,0,"29,510","14,850","14,660",50.32%,49.68%,0.00%,0.00%
20260126,18,巨思文化股份有限公司,3053,數位時代_HB,14764,MW_置底創意_(非展開)_數位時代_HB,,知名媒體,,264,0,0,264,210,54,79.55%,20.45%,0.00%,0.00%
20260126,18,中天電視股份有限公司,3282,中天新聞網-exchange,14980,CF_970x250_內頁_PC置頂橫幅-中天新聞網-exchange,,知名媒體,,24,0,0,24,21,3,87.50%,12.50%,0.00%,0.00%
20260126,18,曾憲敏,3327,85小說網_創意,15227,MW-300X250_85小說網_隨身影音PB,,,,6,0,0,6,4,2,66.67%,33.33%,0.00%,0.00%
20260126,18,中天電視股份有限公司,3282,中天新聞網-exchange,15859,CF_336x280_內頁_PC右側互動看板B-中天新聞網-exchange,,知名媒體,,234,0,0,234,178,56,76.07%,23.93%,0.00%,0.00%
20260126,18,CBROOT LTD,3352,西瓜卡通-exchange,15970,CF_160x600_影音內容_西瓜卡通-exchange,,,,232,0,0,232,229,3,98.71%,1.29%,0.00%,0.00%
20260126,18,時報資訊股份有限公司,2817,旺得富,16910,CF_300x250_Billboard_1s_旺得富,,知名媒體,,12,0,0,12,12,0,100.00%,0.00%,0.00%,0.00%
20260126,18,時報資訊股份有限公司,2817,旺得富,16911,CF_300x250_Billboard_2nd_旺得富,,知名媒體,,6,0,0,6,4,2,66.67%,33.33%,0.00%,0.00%
20260126,18,葉志斌,2745,繁中寶可夢卡表生成器-奶爸工作室-exchange,16951,CF_300x600_Banner_繁中寶可夢卡表生成器-奶爸工作室-exchange,,,,6,0,0,6,6,0,100.00%,0.00%,0.00%,0.00%
20260126,18,朱光宁,3360,提莫書屋-exchange,16957,MW_336x280banner_提莫書屋_exchange,,,,"17,819",0,0,"17,818","13,308","4,510",74.69%,25.31%,0.00%,0.00%
20260126,18,朱光宁,3361,提莫書屋-mobile,16958,MW_置底創意_提莫書屋-mobile,,,,116,0,0,116,85,31,73.28%,26.72%,0.00%,0.00%
20260126,18,朱光宁,3361,提莫書屋-mobile,16959,MW_320x480_文中創意_提莫書屋-mobile,,,,76,0,0,76,62,14,81.58%,18.42%,0.00%,0.00%
20260126,18,欣發現股份有限公司,3364,女子學-mobile,16972,MW_置底創意_女子學,antifroud,,,30,0,0,30,16,14,53.33%,46.67%,0.00%,0.00%
20260126,18,第一網站股份有限公司,2783,漫畫櫃manhuagui,17027,MW_320x480_蓋版_漫畫櫃manhuagui,,,,36,0,0,36,32,4,88.89%,11.11%,0.00%,0.00%
20260126,18,朱光宁,3268,稷下書院-mobile,17207,MW_320x480_蓋版_稷下書院-mobile,,,,598,0,0,598,368,230,61.54%,38.46%,0.00%,0.00%
20260126,18,中華電視股份有限公司,3389,華視-mobile,17230,MW_置底創意(非展開)_華視-mobile,,知名媒體,,54,0,0,54,54,0,100.00%,0.00%,0.00%,0.00%
20260126,18,中華電視股份有限公司,3389,華視-mobile,17232,MW_文中創意320x480_華視-mobile,,知名媒體,,12,0,0,12,12,0,100.00%,0.00%,0.00%,0.00%
20260126,18,李立娟,3395,vivi0視頻-exchange,17293,CF_336x280_Banner_vivi01視頻-exchange,antifroud,,,"35,167",0,0,"35,167","33,564","1,603",95.44%,4.56%,0.00%,0.00%
20260126,18,李立娟,3395,vivi0視頻-exchange,17294,MW_336x280_Banner_vivi01視頻-exchange,antifroud,,,"25,612",0,0,"25,612","24,378","1,234",95.18%,4.82%,0.00%,0.00%
20260126,18,李立娟,3395,vivi0視頻-exchange,17300,MW_320x100_置底(PB)_vivi01視頻-exchange,antifroud,,,"2,091",0,0,"2,091","1,922",169,91.92%,8.08%,0.00%,0.00%
20260126,18,曾憲敏,601,85小說網_PC,1773,CF-300x250_85小說網_內文1,,,,112,0,0,112,71,41,63.39%,36.61%,0.00%,0.00%
20260126,18,第一網站股份有限公司,2768,czbooks,17927,MW_置底創意_czbook,,,,"5,356",0,0,"5,356","2,989","2,367",55.81%,44.19%,0.00%,0.00%
20260126,18,第一網站股份有限公司,3420,ftvnews,17970,MW_300x250_內文_ftvnews,,知名媒體,,6,0,0,6,6,0,100.00%,0.00%,0.00%,0.00%
20260126,18,時報資訊股份有限公司_工商時報,3427,工商時報-exchange,18007,CF_336x280_文末右側看板_工商時報-exchange,,知名媒體,,6,0,0,6,5,1,83.33%,16.67%,0.00%,0.00%
20260126,18,時報資訊股份有限公司_工商時報,3427,工商時報-exchange,18014,MW_300x250_文末Banner1_工商時報-exchange,,知名媒體,,146,0,0,146,142,4,97.26%,2.74%,0.00%,0.00%
20260126,18,時報資訊股份有限公司_工商時報,3427,工商時報-exchange,18015,MW_300x250_文末Banner2_工商時報-exchange,,知名媒體,,186,0,0,186,183,3,98.39%,1.61%,0.00%,0.00%
20260126,18,第一網站股份有限公司,3440,fsa_passback_first,18201,CF_336x280_fsa_passback_first,,,,28,0,0,28,24,4,85.71%,14.29%,0.00%,0.00%
20260126,18,第一網站股份有限公司,3440,fsa_passback_first,18202,CF_300x250_fsa_passback_first,,,,"2,066",0,0,"2,066","1,661",405,80.40%,19.60%,0.00%,0.00%
20260126,18,莊博凱,3455,夢遊電玩,18269,300x250 Banner,,,,6,0,0,6,4,2,66.67%,33.33%,0.00%,0.00%
20260126,18,朱光宁,3268,稷下書院-mobile,18297,MW_置底創意(展開)_稷下書院-mobile,,,,96,0,0,96,63,33,65.62%,34.38%,0.00%,0.00%
20260126,18,冰楓科技有限公司,3485,冰楓論壇-exchange,18487,CF_970x90_內文上方第一塊_冰楓論壇-exchange,,,,683,0,0,681,582,99,85.46%,14.54%,0.00%,0.00%
20260126,18,冰楓科技有限公司,3485,冰楓論壇-exchange,18492,MW_300x250_Banner_ 冰楓論壇-exchange,,,,246,0,0,244,208,36,85.25%,14.75%,0.00%,0.00%
20260126,18,CBROOT LTD,3492,包子漫畫(特開流量)-exchange,18546,(子)CF_300x250_指定時段_包子漫畫(特開流量)-exchange,,,子聯播網,"3,550",0,0,"3,550","3,024",526,85.18%,14.82%,0.00%,0.00%
20260126,18,CBROOT LTD,3492,包子漫畫(特開流量)-exchange,18557,CF_300x600_指定流量_包子漫畫(特開流量PB)-exchange,,,,"4,420",0,0,"4,420","3,915",505,88.57%,11.43%,0.00%,0.00%
20260126,18,CBROOT LTD,3510,包子漫畫_twmanga-exchange,18732,MW_336x280_Banner_包子漫畫_twmanga,,,子聯播網,"21,274",0,0,"21,274","15,057","6,217",70.78%,29.22%,0.00%,0.00%
20260126,18,CBROOT LTD,3510,包子漫畫_twmanga-exchange,18737,CF_970x90_Banner_ 包子漫畫_twmanga-exchange,,,,12,0,0,12,12,0,100.00%,0.00%,0.00%,0.00%
20260126,18,闇碼科技股份有限公司,2992,縮短網址產生器-reurl-exchange,18876,CF_首頁連結bar下方_縮短網址產生器-reurl-exchange,,知名媒體,,12,0,0,12,12,0,100.00%,0.00%,0.00%,0.00%
20260126,18,台灣英文新聞股份有限公司,3537,台灣英文新聞(new)-exchange,18924,CF_300x250_內容頁_右側看版_1_台灣英文新聞(new)-exchange,,知名媒體,,49,0,0,49,48,1,97.96%,2.04%,0.00%,0.00%
20260126,18,台灣英文新聞股份有限公司,3537,台灣英文新聞(new)-exchange,18925,CF_300x600_內容頁_右側看版_2_台灣英文新聞(new)-exchange,,知名媒體,,6,0,0,6,6,0,100.00%,0.00%,0.00%,0.00%
20260126,18,艾得基客行銷顧問股份有限公司,3373,良醫健康網,19009,MW_蓋板_良醫健康網,,知名媒體,,19,0,0,19,14,5,73.68%,26.32%,0.00%,0.00%
20260126,18,聯合線上股份有限公司,3549,UDN元氣網,19018,CF_首頁文章推薦第三格300x250_UDN元氣網,,知名媒體,,6,0,0,6,6,0,100.00%,0.00%,0.00%,0.00%
20260126,18,艾得基客行銷顧問股份有限公司,3552,玩具人,19044,MW_320x480_文中創意_玩具人,,知名媒體,,108,0,0,108,100,8,92.59%,7.41%,0.00%,0.00%
20260126,18,第一網站股份有限公司,2783,漫畫櫃manhuagui,20685,MW_300X250_manhuagui,antifroud,,,"3,652",0,0,"3,652","3,382",270,92.61%,7.39%,0.00%,0.00%
20260126,18,德榕企業有限公司,3578,TW Bodhi_mobile,20707,MW_置底創意_TW Bodhi,,,,50,0,0,50,50,0,100.00%,0.00%,0.00%,0.00%
20260126,18,德榕企業有限公司,3578,TW Bodhi_mobile,20708,MW_蓋板_TW Bodhi,,,,495,0,0,495,491,4,99.19%,0.81%,0.00%,0.00%
20260126,18,德榕企業有限公司,3581,忘憂書屋,20727,CF_336x280文章頁(RWD)_忘憂書屋,,,,112,0,0,112,112,0,100.00%,0.00%,0.00%,0.00%
20260126,18,德榕企業有限公司,3582,忘憂書屋_mobile,20728,MW_文中創意300x250_忘憂書屋,,,,18,0,0,18,18,0,100.00%,0.00%,0.00%,0.00%
20260126,18,德榕企業有限公司,3582,忘憂書屋_mobile,20729,MW_蓋板_忘憂書屋,,,,82,0,0,82,82,0,100.00%,0.00%,0.00%,0.00%
20260126,18,德榕企業有限公司,3582,忘憂書屋_mobile,20730,MW_置底創意_忘憂書屋,,,,58,0,0,58,58,0,100.00%,0.00%,0.00%,0.00%
20260126,18,第一網站股份有限公司,2916,KiKiNote,20731,CF_300x250_banner_kikinote (PB),,知名媒體,,198,0,0,198,183,15,92.42%,7.58%,0.00%,0.00%
20260126,18,第一網站股份有限公司,3440,fsa_passback_first,21699,CF_336x280_fsa_passback_first,,,,56,0,0,56,49,7,87.50%,12.50%,0.00%,0.00%
20260126,18,富盈數據股份有限公司,3653,TVBS-女人我最大_HB,21760,MW_文章三_336x280_TVBS-女人我最大_HB,,知名媒體,,352,0,0,352,347,5,98.58%,1.42%,0.00%,0.00%
20260126,18,富盈數據股份有限公司,3653,TVBS-女人我最大_HB,21761,MW_文章四_336x280_TVBS-女人我最大_HB,,知名媒體,,"1,513",0,0,"1,513","1,447",66,95.64%,4.36%,0.00%,0.00%
20260126,18,富盈數據股份有限公司,3653,TVBS-女人我最大_HB,21763,MW_文中創意320x480_TVBS-女人我最大_HB,,知名媒體,,"1,356",0,0,"1,356","1,311",45,96.68%,3.32%,0.00%,0.00%
20260126,18,富盈數據股份有限公司,3654,TVBS-健康2.0_HB,21768,MW_文中創意320x480_TVBS-健康2.0_HB,,知名媒體,,"4,617",0,0,"4,617","4,488",129,97.21%,2.79%,0.00%,0.00%
20260126,18,富盈數據股份有限公司,3655,TVBS-食尚玩家_HB,21770,MW_文章三_336x280_TVBS-食尚玩家_HB,,知名媒體,,152,0,0,152,146,6,96.05%,3.95%,0.00%,0.00%
20260126,18,富盈數據股份有限公司,3655,TVBS-食尚玩家_HB,21773,MW_文中創意320x480_TVBS-食尚玩家_HB,,知名媒體,,519,0,0,519,496,23,95.57%,4.43%,0.00%,0.00%
20260126,18,寶利拾股份有限公司,3652,愛料理_HB,21778,MW_Recipes_Top_336x280banner_愛料理_HB,,知名媒體,,6,0,0,6,6,0,100.00%,0.00%,0.00%,0.00%
20260126,18,先驅媒體社會企業股份有限公司,3554,新頭殼(R18),21839,ＭＷ_336x280Banner_newtalk.tw_mobile_all_336280_2_新頭殼(R18),antifroud,知名媒體,,211,0,0,211,209,2,99.05%,0.95%,0.00%,0.00%
20260126,18,儂儂雜誌社股份有限公司(bella儂儂),2135,Bella儂儂_2024,21876,MW-300x250_文章標題上方1_Bella儂儂,,知名媒體,,696,0,0,696,681,15,97.84%,2.16%,0.00%,0.00%
20260126,18,富盈數據股份有限公司,3680,TVBS-新聞網_HB,21899,MW_文章一_336x280_TVBS-新聞網_HB,,知名媒體,,"2,399",0,0,"2,399","2,298",101,95.79%,4.21%,0.00%,0.00%
20260126,18,富盈數據股份有限公司,3680,TVBS-新聞網_HB,21900,MW_文章三_336x280_TVBS-新聞網_HB,,知名媒體,,130,0,0,130,125,5,96.15%,3.85%,0.00%,0.00%
20260126,18,富盈數據股份有限公司,3680,TVBS-新聞網_HB,21902,MW_文章置底_320x100_TVBS-新聞網_HB,,知名媒體,,"1,814",0,0,"1,814","1,765",49,97.30%,2.70%,0.00%,0.00%
20260126,18,富盈數據股份有限公司,3684,稅美人_mobile,21923,MW_置底創意(非展開)_稅美人-mobile,,,,"2,910",0,0,"2,910","1,700","1,210",58.42%,41.58%,0.00%,0.00%
20260126,18,富盈數據股份有限公司,3685,玩桌遊_mobile,21924,MW_置底創意(非展開)_玩桌遊-mobile,,,,240,0,0,240,168,72,70.00%,30.00%,0.00%,0.00%
20260126,18,富盈數據股份有限公司,2615,熱血台中,21986,CF_336x280_全網_熱血台中,,,,68,0,0,68,55,13,80.88%,19.12%,0.00%,0.00%
20260126,18,富盈數據股份有限公司,2615,熱血台中,21987,CF_336x280_全網_熱血台中,,,,104,0,0,104,102,2,98.08%,1.92%,0.00%,0.00%
20260126,18,富盈數據股份有限公司,3703,繁體小說,22022,MW_置底創意(非展開)_繁體小說-mobile,,,,6,0,0,6,5,1,83.33%,16.67%,0.00%,0.00%
20260126,18,富盈數據股份有限公司,3704,天天要聞,22030,CF_300 x 250 banner_天天要聞_cpc2,,,,839,0,0,839,419,420,49.94%,50.06%,0.00%,0.00%
20260126,18,富盈數據股份有限公司,3703,繁體小說,22031,CF_300 x 250 banner_繁體小說_cpc2,,,,13,0,0,13,10,3,76.92%,23.08%,0.00%,0.00%
20260126,18,冠妍動力科技有限公司,484,小老婆汽機車資訊網,22058,MW_文中創意320x480_小老婆汽機車資訊網-測試,,知名媒體,,20,0,0,20,12,8,60.00%,40.00%,0.00%,0.00%
20260126,18,富盈數據股份有限公司,3680,TVBS-新聞網_HB,22132,CF_文中300x250_TVBS-新聞網_HB_2,,知名媒體,,6,0,0,6,6,0,100.00%,0.00%,0.00%,0.00%
20260126,18,富盈數據股份有限公司,3680,TVBS-新聞網_HB,22133,CF_文中300x250_TVBS-新聞網_HB_3,,知名媒體,,32,0,0,32,30,2,93.75%,6.25%,0.00%,0.00%
20260126,18,闇碼科技股份有限公司,3048,縮短網址產生器-reurl,22213,MW_蓋版_縮短網址產生器-reurl-2025.05(特殊供量),,知名媒體,,239,0,0,239,144,95,60.25%,39.75%,0.00%,0.00%
20260126,18,艾得基客行銷顧問股份有限公司,3490,太報,22216,MW_置底創意(非展開)_太報,,知名媒體,,38,0,0,38,38,0,100.00%,0.00%,0.00%,0.00%
20260126,18,艾得基客行銷顧問股份有限公司,3724,上報,22217,MW_置底創意(非展開)_上報,,知名媒體,,"1,140",0,0,"1,140","1,115",25,97.81%,2.19%,0.00%,0.00%
20260126,18,艾得基客行銷顧問股份有限公司,3724,上報,22218,MW_置底(展開)_上報,,知名媒體,,150,0,0,150,147,3,98.00%,2.00%,0.00%,0.00%
20260126,18,艾得基客行銷顧問股份有限公司,2689,Basketball Top5,22219,MW_置底(展開)_Basketball TOP5,,,,303,0,0,303,298,5,98.35%,1.65%,0.00%,0.00%
20260126,18,欣發現股份有限公司,3363,大人物-mobile,22222,MW_蓋板_大人物,,知名媒體,,18,0,0,18,16,2,88.89%,11.11%,0.00%,0.00%
20260126,18,朱光宁,3741,石頭小說3,22396,MW_置底_石頭小說3,,,,462,0,0,462,326,136,70.56%,29.44%,0.00%,0.00%
20260126,18,朱光宁,3741,石頭小說3,22398,CF_336 x 280 banner_石頭小說3_cpc1.67,,,,"17,766",0,0,"17,766","10,369","7,397",58.36%,41.64%,0.00%,0.00%
20260126,18,朱光宁,3741,石頭小說3,22399,CF_320 x 480 橫幅_石頭小說3,,,,114,0,0,114,80,34,70.18%,29.82%,0.00%,0.00%
20260126,18,艾得基客行銷顧問股份有限公司,3724,上報,22405,MW_蓋版_上報,,知名媒體,,286,0,0,286,284,2,99.30%,0.70%,0.00%,0.00%
20260126,18,闇碼科技股份有限公司,3068,限時圖片-imgus,22406,MW_置底_imgus,antifroud,,,141,0,0,141,141,0,100.00%,0.00%,0.00%,0.00%
20260126,18,第一網站股份有限公司,2783,漫畫櫃manhuagui,22443,MW_置底_manhuagui,antifroud,,,"2,598",0,0,"2,598","2,448",150,94.23%,5.77%,0.00%,0.00%
20260126,18,艾得基客行銷顧問股份有限公司,3490,太報,22495,MW_300x250 BANNER_太報_CPM5,,知名媒體,子聯播網,90,0,0,90,90,0,100.00%,0.00%,0.00%,0.00%
20260126,18,艾得基客行銷顧問股份有限公司,2689,Basketball Top5,22498,MW_300x250 Banner_Basketball TOP5_CPM5,,,子聯播網,60,0,0,60,60,0,100.00%,0.00%,0.00%,0.00%
20260126,18,艾得基客行銷顧問股份有限公司,2578,鉅亨網,22507,MW_300x250_鉅亨網_直播用BN-1,,知名媒體,子聯播網,"4,726",0,0,"4,726","4,637",89,98.12%,1.88%,0.00%,0.00%
20260126,18,艾得基客行銷顧問股份有限公司,3752,ＭoneyDJ,22514,MW_文中創意320x480_MoneyDJ,antifroud,知名媒體,,44,0,0,44,41,3,93.18%,6.82%,0.00%,0.00%
20260126,18,李承翰-webptt,718,Web批踢踢(RWD),2284,MW-蓋板_文中_Web批踢踢,antifroud,,,12,0,0,12,8,4,66.67%,33.33%,0.00%,0.00%
20260126,18,麥智維,999,動漫戲說,3543,CF-728*90-內文上方-動漫戲說,antifroud,,,130,0,0,130,70,60,53.85%,46.15%,0.00%,0.00%
20260126,18,技達創意資訊有限公司,1299,泰好網,4733,CF-300*250-內文下方-泰好網,,,,6,0,0,6,6,0,100.00%,0.00%,0.00%,0.00%
20260126,18,陈晋福,1367,電視超人,4997,CF-300X250-電視超人,,,,18,0,0,18,15,3,83.33%,16.67%,0.00%,0.00%
20260126,18,麥智維,999,動漫戲說,6069,CF-300*250-首頁-動漫戲說,,,,6,0,0,6,4,2,66.67%,33.33%,0.00%,0.00%
20260126,18,吳慧玲,2082,宅女懶懶子,8073,CF-右側通欄第二塊-300x600-宅女懶懶子,antifroud,,,6,0,0,6,6,0,100.00%,0.00%,0.00%,0.00%
20260126,18,精鏡傳媒股份有限公司,1060,鏡週刊,8250,MW_置底創意(非展開)_鏡週刊,,知名媒體,,109,0,0,109,85,24,77.98%,22.02%,0.00%,0.00%
20260126,18,巧克科技新媒體股份有限公司,2127,LINE TV_Banner-exchange,8576,CF_336x280_戲劇-右側好康資訊下方_LINE TV-exchange,,知名媒體,,38,0,0,38,33,5,86.84%,13.16%,0.00%,0.00%
20260126,18,巧克科技新媒體股份有限公司,2127,LINE TV_Banner-exchange,8577,CF_336x280_戲劇-右側好康資訊上方_LINE TV-exchange,,知名媒體,,96,0,0,96,88,8,91.67%,8.33%,0.00%,0.00%
20260126,18,鳳梨傳媒股份有限公司,2190,民視新聞網-Exchange,8862,CF_970X90_分類新聞內頁上方_民視新聞(MCM),,知名媒體,,12,0,0,12,12,0,100.00%,0.00%,0.00%,0.00%
20260126,18,見聞科技有限公司,2251,就是節目表,9233,MW-300x250-節目表文中-就是節目表,,,,6,0,0,6,6,0,100.00%,0.00%,0.00%,0.00%
20260126,18,蔡瑞文,300,樂透彩幸運發財網,9470,MW-置底-樂透幸運發財網,antifroud,知名媒體,,6,0,0,6,6,0,100.00%,0.00%,0.00%,0.00%
20260126,18,時報資訊股份有限公司,2335,中時電子報_2019,9883,ＭＷ-320x480-蓋板-中時電子報_2019,antifroud,知名媒體,,671,0,0,671,663,8,98.81%,1.19%,0.00%,0.00%
20260126,19,英屬維京群島商浩美數位有限公司台灣分公司,2315,Teepr亮新聞-exchange,10012,CF_336x280Banner_Teepr亮新聞-exchange,,知名媒體,,"1,018",0,0,"1,018",988,30,97.05%,2.95%,0.00%,0.00%
20260126,19,第一網站股份有限公司,2300,keketravel,10594,(子)CF_336x280_keketravel,,,子聯播網,50,0,0,46,46,0,100.00%,0.00%,0.00%,0.00%
20260126,19,昱得資訊工作室,2528,數位書香,11080,CF_728x90_首頁上方_數位書香,antifroud,,,42,0,0,42,42,0,100.00%,0.00%,0.00%,0.00%
20260126,19,昱得資訊工作室,2528,數位書香,11081,CF_160x600_首頁右側_數位書香,antifroud,,,631,0,0,631,630,1,99.84%,0.16%,0.00%,0.00%
20260126,19,第一網站股份有限公司,2518,麻辣家族討論區(twbts),11082,CF-728X90-twbts,antifroud,,,130,0,0,130,126,4,96.92%,3.08%,0.00%,0.00%
20260126,19,第一網站股份有限公司,2540,risu短網址,11260,MW-300X250-MB_page_left-risu,,知名媒體,,13,0,0,13,11,2,84.62%,15.38%,0.00%,0.00%
20260126,19,第一網站股份有限公司,2492,ttshow,11273,MW-300X250-ttshow,,知名媒體,,6,0,0,6,3,3,50.00%,50.00%,0.00%,0.00%
20260126,19,第一網站股份有限公司,2601,Meme梗圖倉庫,11443,CF-336X280-meme,,,,147,0,0,147,135,12,91.84%,8.16%,0.00%,0.00%
20260126,19,第一網站股份有限公司,2540,risu短網址,12496,CF_300x250_popup(直播) _risu短網址,antifroud,知名媒體,,6,0,0,6,6,0,100.00%,0.00%,0.00%,0.00%
20260126,19,時報資訊股份有限公司,2770,中時電子報_HB,12559,CF_300x250_右側互動看版_中時電子報_HB,,知名媒體,,238,0,0,238,176,62,73.95%,26.05%,0.00%,0.00%
20260126,19,時報資訊股份有限公司,2770,中時電子報_HB,12560,CF_336x280_文中看板_中時電子報_HB,,知名媒體,,227,0,0,227,169,58,74.45%,25.55%,0.00%,0.00%
20260126,19,時報資訊股份有限公司,2770,中時電子報_HB,12561,MW_300x250_內頁TOP Banner_中時電子報_HB,antifroud,知名媒體,,930,0,0,930,825,105,88.71%,11.29%,0.00%,0.00%
20260126,19,第一網站股份有限公司,2768,czbooks,12570,CF_728x90_banner_czbooks,,,,"32,866",0,0,"32,866","24,067","8,799",73.23%,26.77%,0.00%,0.00%
20260126,19,鳳梨傳媒股份有限公司,2190,民視新聞網-Exchange,12579,CF_300x250_右側第一塊_民視新聞網-Exchange(RWD)(MCM),,知名媒體,,"9,707",0,0,"9,707","9,550",157,98.38%,1.62%,0.00%,0.00%
20260126,19,鳳梨傳媒股份有限公司,2190,民視新聞網-Exchange,12580,CF_300x250_內文文中左側_民視新聞網-Exchange(RWD)(MCM),,知名媒體,,"9,126",0,0,"9,124","8,929",195,97.86%,2.14%,0.00%,0.00%
20260126,19,第一網站股份有限公司,2783,漫畫櫃manhuagui,12676,CF_728X90_manhuagui,antifroud,,,"39,904",0,0,"39,904","33,967","5,937",85.12%,14.88%,0.00%,0.00%
20260126,19,艾得基客行銷顧問股份有限公司,2635,工商時報,12761,MW_320x480_文中創意_工商時報new,,知名媒體,,170,0,0,170,166,4,97.65%,2.35%,0.00%,0.00%
20260126,19,金隼行銷股份有限公司,2786,91譜,12792,MW_置底創意_91譜,,知名媒體,,6,0,0,6,3,3,50.00%,50.00%,0.00%,0.00%
20260126,19,第一網站股份有限公司,2801,damanwoo,12868,CF-300x250_Banner_damanwoo_大人物,,,,50,0,0,50,48,2,96.00%,4.00%,0.00%,0.00%
20260126,19,永悅健康股份有限公司,2813,早安樂活,12927,MW_置底創意(非展開)_早安樂活,,知名媒體,,32,0,0,32,31,1,96.88%,3.12%,0.00%,0.00%
20260126,19,徐致淦,2818,rate.cx免費投票器,12943,CF_300x250_投票結果_rate.cx免費投票器,,,,139,0,0,139,72,67,51.80%,48.20%,0.00%,0.00%
20260126,19,徐致淦,2818,rate.cx免費投票器,12944,MW_300x250_投票結果_rate.cx免費投票器,,,,137,0,0,137,71,66,51.82%,48.18%,0.00%,0.00%
20260126,19,第一網站股份有限公司,2820,星座好朋友(horofriend88),12966,MW_320x100_horofriend88,antifroud,,,6,0,0,6,6,0,100.00%,0.00%,0.00%,0.00%
20260126,19,第一網站股份有限公司,2836,vivi01,13032,MW_置底創意_vivi01 ViVi視頻,,,,6,0,0,6,5,1,83.33%,16.67%,0.00%,0.00%
20260126,19,第一網站股份有限公司,2838,mycard,13041,MW_320x480_加倍mycard,,,,53,0,0,53,0,53,0.00%,100.00%,0.00%,0.00%
20260126,19,曾憲敏,202,85小說網,13445,MW_336X280_全量1_85小說網,,,,766,0,0,766,546,220,71.28%,28.72%,0.00%,0.00%
20260126,19,曾憲敏,202,85小說網,13446,MW_336X280_全量2_85小說網,,,,"5,183",0,0,"5,183","3,996","1,187",77.10%,22.90%,0.00%,0.00%
20260126,19,曾憲敏,601,85小說網_PC,13450,(子)CF_336x280_全量2_85小說網,,,子聯播網,122,0,0,122,73,49,59.84%,40.16%,0.00%,0.00%
20260126,19,第一網站股份有限公司,2768,czbooks,13481,MW_300x250_banner_czbooks,antifroud,,子聯播網,"40,096",0,0,"40,096","22,489","17,607",56.09%,43.91%,0.00%,0.00%
20260126,19,第一網站股份有限公司,2768,czbooks,13482,(子)CF_300x600_banner_czbooks(限時段),,,子聯播網,"22,251",0,0,"22,251","17,000","5,251",76.40%,23.60%,0.00%,0.00%
20260126,19,第一網站股份有限公司,2768,czbooks,13483,(子)CF_970x250_banner_czbooks(限時段),,,子聯播網,"24,889",0,0,"24,889","16,856","8,033",67.72%,32.28%,0.00%,0.00%
20260126,19,第一網站股份有限公司,2910,clickme,13548,(子)CF_300x250_banner_clickme(一般),,,子聯播網,517,0,0,517,364,153,70.41%,29.59%,0.00%,0.00%
20260126,19,第一網站股份有限公司,2910,clickme,13549,CF_300x250_banner_clickme(一般),,,,315,0,0,315,246,69,78.10%,21.90%,0.00%,0.00%
20260126,19,第一網站股份有限公司,2916,KiKiNote,13576,(子)CF_300x250_banner_kikinote,,知名媒體,子聯播網,981,0,0,974,906,68,93.02%,6.98%,0.00%,0.00%
20260126,19,闇碼科技股份有限公司,2992,縮短網址產生器-reurl-exchange,13858,CF_300x250_網址下方左側_reurl,,知名媒體,,8,0,0,8,0,8,0.00%,100.00%,0.00%,0.00%
20260126,19,闇碼科技股份有限公司,2992,縮短網址產生器-reurl-exchange,13861,CF_300x250_網址下方右側(PB)_reurl,,知名媒體,,78,0,0,78,4,74,5.13%,94.87%,0.00%,0.00%
20260126,19,第一網站股份有限公司,2768,czbooks,13903,(子)CF_300x250_banner_czbooks(直播),antifroud,,子聯播網,"221,986",0,0,"221,986","117,103","104,883",52.75%,47.25%,0.00%,0.00%
20260126,19,第一網站股份有限公司,2783,漫畫櫃manhuagui,13904,(子)CF_300x250_banner_manhuagui(直播),antifroud,,子聯播網,"58,635",0,0,"58,635","50,898","7,737",86.80%,13.20%,0.00%,0.00%
20260126,19,第一網站股份有限公司,2768,czbooks,14036,MW_320x480_CZBOOKS,antifroud,,,114,0,0,114,66,48,57.89%,42.11%,0.00%,0.00%
20260126,19,陳人鳳,480,飛格寵物家族_PC,1407,CF-728X90_上方通欄_飛格寵物家族,,,,19,0,0,19,10,9,52.63%,47.37%,0.00%,0.00%
20260126,19,陳人鳳,480,飛格寵物家族_PC,1408,CF-300X250_內文_飛格寵物家族,,,,96,0,0,96,53,43,55.21%,44.79%,0.00%,0.00%
20260126,19,闇碼科技股份有限公司,3048,縮短網址產生器-reurl,14210,MW_文中創意300x250_縮短網址產生器-reurl,,知名媒體,,253,0,0,252,146,106,57.94%,42.06%,0.00%,0.00%
20260126,19,巨思文化股份有限公司,3052,經理人_HB,14238,MW_文章結束第一塊_300x250_經理人-HB,,知名媒體,,42,0,0,42,39,3,92.86%,7.14%,0.00%,0.00%
20260126,19,巨思文化股份有限公司,3052,經理人_HB,14241,MW_300x250_內文下方_經理人-HB,,知名媒體,,42,0,0,42,39,3,92.86%,7.14%,0.00%,0.00%
20260126,19,巨思文化股份有限公司,3053,數位時代_HB,14244,MW_300x250_文中第四塊_數位時代-HB,,知名媒體,,6,0,0,6,6,0,100.00%,0.00%,0.00%,0.00%
20260126,19,巨思文化股份有限公司,3053,數位時代_HB,14246,MW_300x250_文章結束第一塊_數位時代-HB,,知名媒體,,12,0,0,12,10,2,83.33%,16.67%,0.00%,0.00%
20260126,19,富盈數據股份有限公司,3059,塔科女子,14258,CF_336x280_全網_塔科女子,,知名媒體,,348,0,0,348,347,1,99.71%,0.29%,0.00%,0.00%
20260126,19,CBROOT LTD,3003,包子漫畫-exchange,14291,MW_300x250_蓋板(PB)_包子漫畫,,,,126,0,0,126,107,19,84.92%,15.08%,0.00%,0.00%
20260126,19,朱光宁,3152,石頭小說-exchange,14472,MW_336x280_Banner_石頭小說,,,,"4,002",0,0,"4,002","2,758","1,244",68.92%,31.08%,0.00%,0.00%
20260126,19,朱光宁,3268,稷下書院-mobile,14737,MW_置底創意(非展開)_稷下書院-mobile,,,,12,0,0,12,7,5,58.33%,41.67%,0.00%,0.00%
20260126,19,朱光宁,3149,稷下書院-exchange,14748,MW_320x100_置底(PB)_稷下書院,,,,"29,464",0,0,"29,464","16,300","13,164",55.32%,44.68%,0.00%,0.00%
20260126,19,巨思文化股份有限公司,3053,數位時代_HB,14764,MW_置底創意_(非展開)_數位時代_HB,,知名媒體,,105,0,0,105,102,3,97.14%,2.86%,0.00%,0.00%
20260126,19,中天電視股份有限公司,3282,中天新聞網-exchange,14980,CF_970x250_內頁_PC置頂橫幅-中天新聞網-exchange,,知名媒體,,68,0,0,68,58,10,85.29%,14.71%,0.00%,0.00%
20260126,19,CBROOT LTD,3305,包子漫畫NEW-exchange,15143,(子)CF_970x250_Banner(直播)_包子漫畫(kukuc.co),,,子聯播網,12,0,0,12,8,4,66.67%,33.33%,0.00%,0.00%
20260126,19,CBROOT LTD,3305,包子漫畫NEW-exchange,15145,(子)CF_970x250_指定流量Banner_包子漫畫(kukuc.co),antifroud,,子聯播網,990,0,0,990,958,32,96.77%,3.23%,0.00%,0.00%
20260126,19,曾憲敏,3327,85小說網_創意,15228,MW-創意-85小說網,,,,24,0,0,24,20,4,83.33%,16.67%,0.00%,0.00%
20260126,19,中天電視股份有限公司,3282,中天新聞網-exchange,15859,CF_336x280_內頁_PC右側互動看板B-中天新聞網-exchange,,知名媒體,,284,0,0,284,232,52,81.69%,18.31%,0.00%,0.00%
20260126,19,CBROOT LTD,3352,西瓜卡通-exchange,15969,CF_728x90_影音內容_西瓜卡通-exchange,,,,52,0,0,52,49,3,94.23%,5.77%,0.00%,0.00%
20260126,19,CBROOT LTD,3352,西瓜卡通-exchange,15970,CF_160x600_影音內容_西瓜卡通-exchange,,,,184,0,0,184,183,1,99.46%,0.54%,0.00%,0.00%
20260126,19,時報資訊股份有限公司,2817,旺得富,16911,CF_300x250_Billboard_2nd_旺得富,,知名媒體,,26,0,0,26,26,0,100.00%,0.00%,0.00%,0.00%
20260126,19,朱光宁,3360,提莫書屋-exchange,16957,MW_336x280banner_提莫書屋_exchange,,,,"19,118",0,0,"19,118","14,601","4,517",76.37%,23.63%,0.00%,0.00%
20260126,19,朱光宁,3361,提莫書屋-mobile,16958,MW_置底創意_提莫書屋-mobile,,,,56,0,0,56,39,17,69.64%,30.36%,0.00%,0.00%
20260126,19,朱光宁,3361,提莫書屋-mobile,16959,MW_320x480_文中創意_提莫書屋-mobile,,,,104,0,0,104,83,21,79.81%,20.19%,0.00%,0.00%
20260126,19,欣發現股份有限公司,3365,Hami任務牆-mobile,16969,MW_置底創意_Hami任務牆,,知名媒體,,8,0,0,8,6,2,75.00%,25.00%,0.00%,0.00%
20260126,19,欣發現股份有限公司,3364,女子學-mobile,16972,MW_置底創意_女子學,antifroud,,,14,0,0,14,11,3,78.57%,21.43%,0.00%,0.00%
20260126,19,欣發現股份有限公司,3363,大人物-mobile,16973,MW_置底創意_大人物,,知名媒體,,6,0,0,6,5,1,83.33%,16.67%,0.00%,0.00%
20260126,19,朱光宁,3149,稷下書院-exchange,17003,(子)CF_336x280_Banner(指定流量)_稷下書院-exchange,,,子聯播網,"1,641",0,0,"1,641",765,876,46.62%,53.38%,0.00%,0.00%
20260126,19,第一網站股份有限公司,2783,漫畫櫃manhuagui,17027,MW_320x480_蓋版_漫畫櫃manhuagui,,,,59,0,0,59,55,4,93.22%,6.78%,0.00%,0.00%
20260126,19,朱光宁,3149,稷下書院-exchange,17095,(子)MW_336x280_Banner_稷下書院-exchange,antifroud,,,"11,426",0,0,"11,426","5,592","5,834",48.94%,51.06%,0.00%,0.00%
20260126,19,詠勝科技有限公司,3385,Mobile01_HB,17174,CF_970x250_超級橫幅_置底_Mobile01_HB,,知名媒體,,6,0,0,6,6,0,100.00%,0.00%,0.00%,0.00%
20260126,19,詠勝科技有限公司,3385,Mobile01_HB,17178,CF_300x250_頻道頁_大看板_Mobile01_HB,,知名媒體,,93,0,0,93,88,5,94.62%,5.38%,0.00%,0.00%
20260126,19,詠勝科技有限公司,3385,Mobile01_HB,17179,CF_300x250_熱門大看板_Mobile01_HB,,知名媒體,,"8,539",0,0,"8,539","7,128","1,411",83.48%,16.52%,0.00%,0.00%
20260126,19,詠勝科技有限公司,3385,Mobile01_HB,17183,CF_300x600_大摩天_Mobile01_HB,,知名媒體,,"3,017",0,0,"3,017","2,748",269,91.08%,8.92%,0.00%,0.00%
20260126,19,朱光宁,3268,稷下書院-mobile,17207,MW_320x480_蓋版_稷下書院-mobile,,,,567,0,0,567,370,197,65.26%,34.74%,0.00%,0.00%
20260126,19,中華電視股份有限公司,3389,華視-mobile,17230,MW_置底創意(非展開)_華視-mobile,,知名媒體,,12,0,0,12,12,0,100.00%,0.00%,0.00%,0.00%
20260126,19,李立娟,3395,vivi0視頻-exchange,17293,CF_336x280_Banner_vivi01視頻-exchange,antifroud,,,"33,517",0,0,"33,517","31,707","1,810",94.60%,5.40%,0.00%,0.00%
20260126,19,李立娟,3395,vivi0視頻-exchange,17294,MW_336x280_Banner_vivi01視頻-exchange,antifroud,,,"24,912",0,0,"24,912","23,577","1,335",94.64%,5.36%,0.00%,0.00%
20260126,19,李立娟,3397,趣聞圖說-exchange,17297,(子)MW_336x280_Banner_趣聞圖說-exchange,antifroud,,,"21,544",0,0,"21,544","19,155","2,389",88.91%,11.09%,0.00%,0.00%
20260126,19,李立娟,3395,vivi0視頻-exchange,17299,MW_300x250_蓋板(PB)-vivi01視頻-exchange,,,,6,0,0,6,6,0,100.00%,0.00%,0.00%,0.00%
20260126,19,李立娟,3395,vivi0視頻-exchange,17300,MW_320x100_置底(PB)_vivi01視頻-exchange,antifroud,,,959,0,0,959,934,25,97.39%,2.61%,0.00%,0.00%
20260126,19,曾憲敏,601,85小說網_PC,1773,CF-300x250_85小說網_內文1,,,,156,0,0,156,97,59,62.18%,37.82%,0.00%,0.00%
20260126,19,第一網站股份有限公司,2768,czbooks,17927,MW_置底創意_czbook,,,,"7,068",0,0,"7,068","4,030","3,038",57.02%,42.98%,0.00%,0.00%
20260126,19,時報資訊股份有限公司_工商時報,3427,工商時報-exchange,18014,MW_300x250_文末Banner1_工商時報-exchange,,知名媒體,,151,0,0,151,145,6,96.03%,3.97%,0.00%,0.00%
20260126,19,時報資訊股份有限公司_工商時報,3427,工商時報-exchange,18015,MW_300x250_文末Banner2_工商時報-exchange,,知名媒體,,190,0,0,190,184,6,96.84%,3.16%,0.00%,0.00%
20260126,19,第一網站股份有限公司,3440,fsa_passback_first,18202,CF_300x250_fsa_passback_first,,,,"2,828",0,0,"2,828","2,324",504,82.18%,17.82%,0.00%,0.00%
20260126,19,第一網站股份有限公司,3440,fsa_passback_first,18266,(子)CF_970x250_cfbanner_blog,,,子聯播網,808,0,0,808,784,24,97.03%,2.97%,0.00%,0.00%
20260126,19,莊博凱,3455,夢遊電玩,18269,300x250 Banner,,,,36,0,0,36,34,2,94.44%,5.56%,0.00%,0.00%
20260126,19,朱光宁,3268,稷下書院-mobile,18297,MW_置底創意(展開)_稷下書院-mobile,,,,264,0,0,264,170,94,64.39%,35.61%,0.00%,0.00%
20260126,19,冰楓科技有限公司,3485,冰楓論壇-exchange,18487,CF_970x90_內文上方第一塊_冰楓論壇-exchange,,,,"1,301",0,0,"1,301","1,099",202,84.47%,15.53%,0.00%,0.00%
20260126,19,冰楓科技有限公司,3485,冰楓論壇-exchange,18488,MW_320x100_內文上方第一塊_ 冰楓論壇-exchange,antifroud,,,28,0,0,28,25,3,89.29%,10.71%,0.00%,0.00%
20260126,19,冰楓科技有限公司,3485,冰楓論壇-exchange,18492,MW_300x250_Banner_ 冰楓論壇-exchange,,,,563,0,0,563,514,49,91.30%,8.70%,0.00%,0.00%
20260126,19,闇碼科技股份有限公司,3048,縮短網址產生器-reurl,18535,MW_蓋版_縮短網址產生器-reurl,,知名媒體,,6,0,0,6,5,1,83.33%,16.67%,0.00%,0.00%
20260126,19,CBROOT LTD,3492,包子漫畫(特開流量)-exchange,18544,(子)CF_300x600_指定流量_包子漫畫(特開流量)-exchange,,,子聯播網,"7,786",0,0,"7,786","6,935",851,89.07%,10.93%,0.00%,0.00%
20260126,19,CBROOT LTD,3492,包子漫畫(特開流量)-exchange,18545,(子)CF_970x250_指定時段_包子漫畫(特開流量)-exchange,,,子聯播網,"56,463",0,0,"56,463","52,919","3,544",93.72%,6.28%,0.00%,0.00%
20260126,19,CBROOT LTD,3492,包子漫畫(特開流量)-exchange,18546,(子)CF_300x250_指定時段_包子漫畫(特開流量)-exchange,,,子聯播網,"186,576",0,0,"186,576","172,365","14,211",92.38%,7.62%,0.00%,0.00%
20260126,19,CBROOT LTD,3492,包子漫畫(特開流量)-exchange,18558,CF_970x250_指定時段_包子漫畫(特開流量PB)-exchange,,,,75,0,0,75,69,6,92.00%,8.00%,0.00%,0.00%
20260126,19,CBROOT LTD,3510,包子漫畫_twmanga-exchange,18732,MW_336x280_Banner_包子漫畫_twmanga,,,子聯播網,"15,346",0,0,"15,346","10,757","4,589",70.10%,29.90%,0.00%,0.00%
20260126,19,CBROOT LTD,3510,包子漫畫_twmanga-exchange,18735,CF_336x280_Banner_包子漫畫_twmanga-exchange,,,,59,0,0,59,37,22,62.71%,37.29%,0.00%,0.00%
20260126,19,CBROOT LTD,3510,包子漫畫_twmanga-exchange,18736,CF_970x250_ 包子漫畫_twmanga-exchange,,,,376,0,0,376,313,63,83.24%,16.76%,0.00%,0.00%
20260126,19,舒禾驊,3535,荷花動漫筆記,18887,CF_336x280_文章頁文中_荷花動漫筆記,,,,16,0,0,16,8,8,50.00%,50.00%,0.00%,0.00%
20260126,19,台灣英文新聞股份有限公司,3537,台灣英文新聞(new)-exchange,18924,CF_300x250_內容頁_右側看版_1_台灣英文新聞(new)-exchange,,知名媒體,,97,0,0,97,75,22,77.32%,22.68%,0.00%,0.00%
20260126,19,艾得基客行銷顧問股份有限公司,3373,良醫健康網,19009,MW_蓋板_良醫健康網,,知名媒體,,6,0,0,6,6,0,100.00%,0.00%,0.00%,0.00%
20260126,19,聯合線上股份有限公司,3548,UDN遊戲角落,19015,CF_文章頁右上300x250_UDN遊戲角落,,知名媒體,,6,0,0,6,6,0,100.00%,0.00%,0.00%,0.00%
20260126,19,聯合線上股份有限公司,3549,UDN元氣網,19018,CF_首頁文章推薦第三格300x250_UDN元氣網,,知名媒體,,6,0,0,6,6,0,100.00%,0.00%,0.00%,0.00%
20260126,19,艾得基客行銷顧問股份有限公司,3552,玩具人,19044,MW_320x480_文中創意_玩具人,,知名媒體,,66,0,0,66,60,6,90.91%,9.09%,0.00%,0.00%
20260126,19,第一網站股份有限公司,2783,漫畫櫃manhuagui,20685,MW_300X250_manhuagui,antifroud,,,"2,630",0,0,"2,630","2,438",192,92.70%,7.30%,0.00%,0.00%
20260126,19,德榕企業有限公司,3578,TW Bodhi_mobile,20707,MW_置底創意_TW Bodhi,,,,73,0,0,73,71,2,97.26%,2.74%,0.00%,0.00%
20260126,19,德榕企業有限公司,3578,TW Bodhi_mobile,20708,MW_蓋板_TW Bodhi,,,,661,0,0,661,657,4,99.39%,0.61%,0.00%,0.00%
20260126,19,德榕企業有限公司,3578,TW Bodhi_mobile,20719,MW_文中創意300x250_TW Bodhi,,,,6,0,0,6,6,0,100.00%,0.00%,0.00%,0.00%
20260126,19,德榕企業有限公司,3581,忘憂書屋,20727,CF_336x280文章頁(RWD)_忘憂書屋,,,,36,0,0,36,36,0,100.00%,0.00%,0.00%,0.00%
20260126,19,德榕企業有限公司,3582,忘憂書屋_mobile,20728,MW_文中創意300x250_忘憂書屋,,,,34,0,0,34,34,0,100.00%,0.00%,0.00%,0.00%
20260126,19,德榕企業有限公司,3582,忘憂書屋_mobile,20730,MW_置底創意_忘憂書屋,,,,78,0,0,78,78,0,100.00%,0.00%,0.00%,0.00%
20260126,19,第一網站股份有限公司,2916,KiKiNote,20731,CF_300x250_banner_kikinote (PB),,知名媒體,,20,0,0,20,20,0,100.00%,0.00%,0.00%,0.00%
20260126,19,第一網站股份有限公司,2910,clickme,20735,(子)CF_300x250_banner_clickme(成人),,,子聯播網,"6,644",0,0,"6,644","5,494","1,150",82.69%,17.31%,0.00%,0.00%
20260126,19,第一網站股份有限公司,2768,czbooks,21412,(子)CF_970x250_banner_czbooks(限時段)-PB,,,子聯播網,16,0,0,16,10,6,62.50%,37.50%,0.00%,0.00%
20260126,19,第一網站股份有限公司,3440,fsa_passback_first,21699,CF_336x280_fsa_passback_first,,,,12,0,0,12,11,1,91.67%,8.33%,0.00%,0.00%
20260126,19,第一網站股份有限公司,3440,fsa_passback_first,21702,(子)CF_970x250_cfbanner_blog,,,,32,0,0,32,29,3,90.62%,9.38%,0.00%,0.00%
20260126,19,富盈數據股份有限公司,3653,TVBS-女人我最大_HB,21760,MW_文章三_336x280_TVBS-女人我最大_HB,,知名媒體,,142,0,0,142,141,1,99.30%,0.70%,0.00%,0.00%
20260126,19,富盈數據股份有限公司,3653,TVBS-女人我最大_HB,21761,MW_文章四_336x280_TVBS-女人我最大_HB,,知名媒體,,"1,083",0,0,"1,083","1,043",40,96.31%,3.69%,0.00%,0.00%
20260126,19,富盈數據股份有限公司,3653,TVBS-女人我最大_HB,21763,MW_文中創意320x480_TVBS-女人我最大_HB,,知名媒體,,"1,026",0,0,"1,026","1,000",26,97.47%,2.53%,0.00%,0.00%
20260126,19,富盈數據股份有限公司,3654,TVBS-健康2.0_HB,21764,CF_文章右側300x600_TVBS-健康2.0_HB,,知名媒體,,6,0,0,6,6,0,100.00%,0.00%,0.00%,0.00%
20260126,19,富盈數據股份有限公司,3654,TVBS-健康2.0_HB,21768,MW_文中創意320x480_TVBS-健康2.0_HB,,知名媒體,,"6,233",0,0,"6,233","6,013",220,96.47%,3.53%,0.00%,0.00%
20260126,19,富盈數據股份有限公司,3655,TVBS-食尚玩家_HB,21770,MW_文章三_336x280_TVBS-食尚玩家_HB,,知名媒體,,691,0,0,691,587,104,84.95%,15.05%,0.00%,0.00%
20260126,19,富盈數據股份有限公司,3655,TVBS-食尚玩家_HB,21772,MW_文章置底_320x100_TVBS-食尚玩家_HB,,知名媒體,,66,0,0,66,50,16,75.76%,24.24%,0.00%,0.00%
20260126,19,富盈數據股份有限公司,3655,TVBS-食尚玩家_HB,21773,MW_文中創意320x480_TVBS-食尚玩家_HB,,知名媒體,,"1,194",0,0,"1,194","1,004",190,84.09%,15.91%,0.00%,0.00%
20260126,19,寶利拾股份有限公司,3652,愛料理_HB,21778,MW_Recipes_Top_336x280banner_愛料理_HB,,知名媒體,,6,0,0,6,6,0,100.00%,0.00%,0.00%,0.00%
20260126,19,富盈數據股份有限公司,3653,TVBS-女人我最大_HB,21803,MW_文章一_336x280_TVBS-女人我最大_HB,,知名媒體,,14,0,0,14,14,0,100.00%,0.00%,0.00%,0.00%
20260126,19,先驅媒體社會企業股份有限公司,3554,新頭殼(R18),21839,ＭＷ_336x280Banner_newtalk.tw_mobile_all_336280_2_新頭殼(R18),antifroud,知名媒體,,24,0,0,24,23,1,95.83%,4.17%,0.00%,0.00%
20260126,19,先驅媒體社會企業股份有限公司,3554,新頭殼(R18),21840,ＭＷ_336x280Banner_newtalk.tw_mobile_all_336280_3_新頭殼(R18),,知名媒體,,6,0,0,6,6,0,100.00%,0.00%,0.00%,0.00%
20260126,19,儂儂雜誌社股份有限公司(bella儂儂),2135,Bella儂儂_2024,21876,MW-300x250_文章標題上方1_Bella儂儂,,知名媒體,,"1,058",0,0,"1,058","1,017",41,96.12%,3.88%,0.00%,0.00%
20260126,19,富盈數據股份有限公司,3680,TVBS-新聞網_HB,21898,CF_文章右側300x600_TVBS-新聞網_HB,,知名媒體,,30,0,0,30,29,1,96.67%,3.33%,0.00%,0.00%
20260126,19,富盈數據股份有限公司,3680,TVBS-新聞網_HB,21899,MW_文章一_336x280_TVBS-新聞網_HB,,知名媒體,,"2,786",0,0,"2,786","2,728",58,97.92%,2.08%,0.00%,0.00%
20260126,19,富盈數據股份有限公司,3680,TVBS-新聞網_HB,21900,MW_文章三_336x280_TVBS-新聞網_HB,,知名媒體,,82,0,0,82,80,2,97.56%,2.44%,0.00%,0.00%
20260126,19,富盈數據股份有限公司,3680,TVBS-新聞網_HB,21902,MW_文章置底_320x100_TVBS-新聞網_HB,,知名媒體,,"2,067",0,0,"2,067","2,037",30,98.55%,1.45%,0.00%,0.00%
20260126,19,富盈數據股份有限公司,3684,稅美人_mobile,21923,MW_置底創意(非展開)_稅美人-mobile,,,,"4,421",0,0,"4,421","2,569","1,852",58.11%,41.89%,0.00%,0.00%
20260126,19,富盈數據股份有限公司,3685,玩桌遊_mobile,21924,MW_置底創意(非展開)_玩桌遊-mobile,,,,334,0,0,334,252,82,75.45%,24.55%,0.00%,0.00%
20260126,19,富盈數據股份有限公司,2615,熱血台中,21986,CF_336x280_全網_熱血台中,,,,105,0,0,105,87,18,82.86%,17.14%,0.00%,0.00%
20260126,19,富盈數據股份有限公司,2615,熱血台中,21987,CF_336x280_全網_熱血台中,,,,116,0,0,116,110,6,94.83%,5.17%,0.00%,0.00%
20260126,19,富盈數據股份有限公司,3704,天天要聞,22030,CF_300 x 250 banner_天天要聞_cpc2,,,,"3,015",0,0,"3,015","1,534","1,481",50.88%,49.12%,0.00%,0.00%
20260126,19,富盈數據股份有限公司,3703,繁體小說,22031,CF_300 x 250 banner_繁體小說_cpc2,,,,114,0,0,114,90,24,78.95%,21.05%,0.00%,0.00%
20260126,19,朱光宁,3708,石頭小說,22045,CF_336 x 280 banner_石頭小說_cpc1.67,antifroud,,,"134,587",0,0,"134,587","78,321","56,266",58.19%,41.81%,0.00%,0.00%
20260126,19,冠妍動力科技有限公司,484,小老婆汽機車資訊網,22058,MW_文中創意320x480_小老婆汽機車資訊網-測試,,知名媒體,,18,0,0,18,11,7,61.11%,38.89%,0.00%,0.00%
20260126,19,朱光宁,3718,稷下書院2,22093,CF_336 x 280 banner_稷下書院2_cpc1.67,antifroud,,,"108,960",0,0,"108,960","61,976","46,984",56.88%,43.12%,0.00%,0.00%
20260126,19,富盈數據股份有限公司,3680,TVBS-新聞網_HB,22131,CF_文中300x250_TVBS-新聞網_HB_1,,知名媒體,,6,0,0,6,6,0,100.00%,0.00%,0.00%,0.00%
20260126,19,富盈數據股份有限公司,3680,TVBS-新聞網_HB,22132,CF_文中300x250_TVBS-新聞網_HB_2,,知名媒體,,164,0,0,164,158,6,96.34%,3.66%,0.00%,0.00%
20260126,19,富盈數據股份有限公司,3680,TVBS-新聞網_HB,22133,CF_文中300x250_TVBS-新聞網_HB_3,,知名媒體,,588,0,0,588,526,62,89.46%,10.54%,0.00%,0.00%
20260126,19,富盈數據股份有限公司,3730,Teepr 亮新聞 HB,22145,MW_336x280_文中創意_Teepr亮新聞 HB,,,,6,0,0,6,6,0,100.00%,0.00%,0.00%,0.00%
20260126,19,闇碼科技股份有限公司,3048,縮短網址產生器-reurl,22213,MW_蓋版_縮短網址產生器-reurl-2025.05(特殊供量),,知名媒體,,334,0,0,333,126,207,37.84%,62.16%,0.00%,0.00%
20260126,19,艾得基客行銷顧問股份有限公司,3724,上報,22217,MW_置底創意(非展開)_上報,,知名媒體,,"1,218",0,0,"1,218","1,197",21,98.28%,1.72%,0.00%,0.00%
20260126,19,艾得基客行銷顧問股份有限公司,3724,上報,22218,MW_置底(展開)_上報,,知名媒體,,869,0,0,869,849,20,97.70%,2.30%,0.00%,0.00%
20260126,19,艾得基客行銷顧問股份有限公司,2689,Basketball Top5,22219,MW_置底(展開)_Basketball TOP5,,,,80,0,0,80,79,1,98.75%,1.25%,0.00%,0.00%
20260126,19,欣發現股份有限公司,3363,大人物-mobile,22222,MW_蓋板_大人物,,知名媒體,,12,0,0,12,11,1,91.67%,8.33%,0.00%,0.00%
20260126,19,朱光宁,3741,石頭小說3,22396,MW_置底_石頭小說3,,,,20,0,0,20,14,6,70.00%,30.00%,0.00%,0.00%
20260126,19,朱光宁,3741,石頭小說3,22398,CF_336 x 280 banner_石頭小說3_cpc1.67,,,,"11,911",0,0,"11,911","6,916","4,995",58.06%,41.94%,0.00%,0.00%
20260126,19,朱光宁,3741,石頭小說3,22399,CF_320 x 480 橫幅_石頭小說3,,,,6,0,0,6,3,3,50.00%,50.00%,0.00%,0.00%
20260126,19,闇碼科技股份有限公司,3068,限時圖片-imgus,22406,MW_置底_imgus,antifroud,,,60,0,0,60,59,1,98.33%,1.67%,0.00%,0.00%
20260126,19,第一網站股份有限公司,2783,漫畫櫃manhuagui,22443,MW_置底_manhuagui,antifroud,,,"2,542",0,0,"2,542","2,418",124,95.12%,4.88%,0.00%,0.00%
20260126,19,艾得基客行銷顧問股份有限公司,3490,太報,22495,MW_300x250 BANNER_太報_CPM5,,知名媒體,子聯播網,36,0,0,36,36,0,100.00%,0.00%,0.00%,0.00%
20260126,19,艾得基客行銷顧問股份有限公司,2689,Basketball Top5,22498,MW_300x250 Banner_Basketball TOP5_CPM5,,,子聯播網,104,0,0,104,104,0,100.00%,0.00%,0.00%,0.00%
20260126,19,艾得基客行銷顧問股份有限公司,2578,鉅亨網,22507,MW_300x250_鉅亨網_直播用BN-1,,知名媒體,子聯播網,"4,823",0,0,"4,823","4,749",74,98.47%,1.53%,0.00%,0.00%
20260126,19,艾得基客行銷顧問股份有限公司,3752,ＭoneyDJ,22514,MW_文中創意320x480_MoneyDJ,antifroud,知名媒體,,72,0,0,72,67,5,93.06%,6.94%,0.00%,0.00%
20260126,19,李承翰-webptt,718,Web批踢踢(RWD),2284,MW-蓋板_文中_Web批踢踢,antifroud,,,24,0,0,24,16,8,66.67%,33.33%,0.00%,0.00%
20260126,19,麥智維,999,動漫戲說,3543,CF-728*90-內文上方-動漫戲說,antifroud,,,64,0,0,64,37,27,57.81%,42.19%,0.00%,0.00%
20260126,19,技達創意資訊有限公司,1299,泰好網,4734,MW-320*100-首頁、內文上方-泰好網,,,,24,0,0,24,24,0,100.00%,0.00%,0.00%,0.00%
20260126,19,陈晋福,1367,電視超人,4997,CF-300X250-電視超人,,,,62,0,0,62,58,4,93.55%,6.45%,0.00%,0.00%
20260126,19,麥智維,999,動漫戲說,6069,CF-300*250-首頁-動漫戲說,,,,26,0,0,26,19,7,73.08%,26.92%,0.00%,0.00%
20260126,19,全曜財經資訊股份有限公司,1902,Cmoney-Mobile,7293,MW_置底創意(非展開)_Cmoney,antifroud,知名媒體,,46,0,0,46,46,0,100.00%,0.00%,0.00%,0.00%
20260126,19,精鏡傳媒股份有限公司,1060,鏡週刊,8250,MW_置底創意(非展開)_鏡週刊,,知名媒體,,18,0,0,18,18,0,100.00%,0.00%,0.00%,0.00%
20260126,19,巧克科技新媒體股份有限公司,2127,LINE TV_Banner-exchange,8576,CF_336x280_戲劇-右側好康資訊下方_LINE TV-exchange,,知名媒體,,55,0,0,55,51,4,92.73%,7.27%,0.00%,0.00%
20260126,19,巧克科技新媒體股份有限公司,2127,LINE TV_Banner-exchange,8577,CF_336x280_戲劇-右側好康資訊上方_LINE TV-exchange,,知名媒體,,88,0,0,88,82,6,93.18%,6.82%,0.00%,0.00%
20260126,19,見聞科技有限公司,2251,就是節目表,9233,MW-300x250-節目表文中-就是節目表,,,,6,0,0,6,6,0,100.00%,0.00%,0.00%,0.00%
20260126,19,冰楓科技有限公司,1711,冰楓短網址,9308,ＭＷ-300X250-跳轉頁下方-冰楓短網址,,,,6,0,0,6,4,2,66.67%,33.33%,0.00%,0.00%
20260126,19,高政德,1015,小鎮資訊,9426,(子)CF_300x250_全網指定時段_小鎮資訊,,,子聯播網,6,0,0,6,0,6,0.00%,100.00%,0.00%,0.00%
20260126,19,蔡瑞文,300,樂透彩幸運發財網,9470,MW-置底-樂透幸運發財網,antifroud,知名媒體,,50,0,0,50,50,0,100.00%,0.00%,0.00%,0.00%
20260126,19,高政德,1015,小鎮資訊,9597,(子)CF_300x600_全網指定時段_小鎮資訊,,,子聯播網,15,0,0,15,0,15,0.00%,100.00%,0.00%,0.00%
20260126,20,英屬維京群島商浩美數位有限公司台灣分公司,2315,Teepr亮新聞-exchange,10012,CF_336x280Banner_Teepr亮新聞-exchange,,知名媒體,,893,0,0,893,874,19,97.87%,2.13%,0.00%,0.00%
20260126,20,第一網站股份有限公司,2300,keketravel,10594,(子)CF_336x280_keketravel,,,子聯播網,75,0,0,75,72,3,96.00%,4.00%,0.00%,0.00%
20260126,20,昱得資訊工作室,2528,數位書香,11080,CF_728x90_首頁上方_數位書香,antifroud,,,32,0,0,32,29,3,90.62%,9.38%,0.00%,0.00%
20260126,20,昱得資訊工作室,2528,數位書香,11081,CF_160x600_首頁右側_數位書香,antifroud,,,698,0,0,698,695,3,99.57%,0.43%,0.00%,0.00%
20260126,20,第一網站股份有限公司,2518,麻辣家族討論區(twbts),11082,CF-728X90-twbts,antifroud,,,144,0,0,144,139,5,96.53%,3.47%,0.00%,0.00%
20260126,20,第一網站股份有限公司,2492,ttshow,11273,MW-300X250-ttshow,,知名媒體,,18,0,0,18,11,7,61.11%,38.89%,0.00%,0.00%
20260126,20,第一網站股份有限公司,2601,Meme梗圖倉庫,11443,CF-336X280-meme,,,,209,0,0,209,187,22,89.47%,10.53%,0.00%,0.00%
20260126,20,第一網站股份有限公司,2540,risu短網址,12496,CF_300x250_popup(直播) _risu短網址,antifroud,知名媒體,,42,0,0,42,42,0,100.00%,0.00%,0.00%,0.00%
20260126,20,時報資訊股份有限公司,2770,中時電子報_HB,12559,CF_300x250_右側互動看版_中時電子報_HB,,知名媒體,,95,0,0,95,67,28,70.53%,29.47%,0.00%,0.00%
20260126,20,時報資訊股份有限公司,2770,中時電子報_HB,12560,CF_336x280_文中看板_中時電子報_HB,,知名媒體,,85,0,0,85,60,25,70.59%,29.41%,0.00%,0.00%
20260126,20,時報資訊股份有限公司,2770,中時電子報_HB,12561,MW_300x250_內頁TOP Banner_中時電子報_HB,antifroud,知名媒體,,625,0,0,625,595,30,95.20%,4.80%,0.00%,0.00%
20260126,20,第一網站股份有限公司,2768,czbooks,12570,CF_728x90_banner_czbooks,,,,"58,625",0,0,"58,625","39,600","19,025",67.55%,32.45%,0.00%,0.00%
20260126,20,鳳梨傳媒股份有限公司,2190,民視新聞網-Exchange,12579,CF_300x250_右側第一塊_民視新聞網-Exchange(RWD)(MCM),,知名媒體,,"5,295",0,0,"5,295","5,189",106,98.00%,2.00%,0.00%,0.00%
20260126,20,鳳梨傳媒股份有限公司,2190,民視新聞網-Exchange,12580,CF_300x250_內文文中左側_民視新聞網-Exchange(RWD)(MCM),,知名媒體,,"4,977",0,0,"4,975","4,803",172,96.54%,3.46%,0.00%,0.00%
20260126,20,第一網站股份有限公司,2783,漫畫櫃manhuagui,12676,CF_728X90_manhuagui,antifroud,,,"63,594",0,0,"63,594","53,410","10,184",83.99%,16.01%,0.00%,0.00%
20260126,20,艾得基客行銷顧問股份有限公司,2635,工商時報,12761,MW_320x480_文中創意_工商時報new,,知名媒體,,265,0,0,265,256,9,96.60%,3.40%,0.00%,0.00%
20260126,20,金隼行銷股份有限公司,2786,91譜,12792,MW_置底創意_91譜,,知名媒體,,6,0,0,6,4,2,66.67%,33.33%,0.00%,0.00%
20260126,20,第一網站股份有限公司,2801,damanwoo,12868,CF-300x250_Banner_damanwoo_大人物,,,,42,0,0,42,42,0,100.00%,0.00%,0.00%,0.00%
20260126,20,永悅健康股份有限公司,2813,早安樂活,12927,MW_置底創意(非展開)_早安樂活,,知名媒體,,30,0,0,30,30,0,100.00%,0.00%,0.00%,0.00%
20260126,20,第一網站股份有限公司,2820,星座好朋友(horofriend88),12966,MW_320x100_horofriend88,antifroud,,,58,0,0,58,53,5,91.38%,8.62%,0.00%,0.00%
20260126,20,第一網站股份有限公司,2836,vivi01,13032,MW_置底創意_vivi01 ViVi視頻,,,,6,0,0,6,6,0,100.00%,0.00%,0.00%,0.00%
20260126,20,第一網站股份有限公司,2862,Manhuaren,13254,MW_320x100_banner_manhuaren,,,,6,0,0,6,3,3,50.00%,50.00%,0.00%,0.00%
20260126,20,譚謹恩,2885,Mr. & Mrs. Diary-exchange,13406,MW_300x250_內文文中-Mr. & Mrs. Diary-exchange,,,,9,0,0,9,6,3,66.67%,33.33%,0.00%,0.00%
20260126,20,曾憲敏,202,85小說網,13445,MW_336X280_全量1_85小說網,,,,836,0,0,836,629,207,75.24%,24.76%,0.00%,0.00%
20260126,20,曾憲敏,202,85小說網,13446,MW_336X280_全量2_85小說網,,,,"6,161",0,0,"6,161","4,900","1,261",79.53%,20.47%,0.00%,0.00%
20260126,20,曾憲敏,601,85小說網_PC,13450,(子)CF_336x280_全量2_85小說網,,,子聯播網,224,0,0,224,144,80,64.29%,35.71%,0.00%,0.00%
20260126,20,第一網站股份有限公司,2768,czbooks,13481,MW_300x250_banner_czbooks,antifroud,,子聯播網,"212,617",0,0,"212,617","118,432","94,185",55.70%,44.30%,0.00%,0.00%
20260126,20,第一網站股份有限公司,2768,czbooks,13482,(子)CF_300x600_banner_czbooks(限時段),,,子聯播網,"59,714",0,0,"59,714","37,650","22,064",63.05%,36.95%,0.00%,0.00%
20260126,20,第一網站股份有限公司,2768,czbooks,13483,(子)CF_970x250_banner_czbooks(限時段),,,子聯播網,"65,710",0,0,"65,710","39,338","26,372",59.87%,40.13%,0.00%,0.00%
20260126,20,第一網站股份有限公司,2910,clickme,13548,(子)CF_300x250_banner_clickme(一般),,,子聯播網,"1,231",0,0,"1,231",953,278,77.42%,22.58%,0.00%,0.00%
20260126,20,第一網站股份有限公司,2910,clickme,13549,CF_300x250_banner_clickme(一般),,,,235,0,0,235,184,51,78.30%,21.70%,0.00%,0.00%
20260126,20,第一網站股份有限公司,2916,KiKiNote,13576,(子)CF_300x250_banner_kikinote,,知名媒體,子聯播網,"2,159",0,0,"2,159","1,935",224,89.62%,10.38%,0.00%,0.00%
20260126,20,闇碼科技股份有限公司,2992,縮短網址產生器-reurl-exchange,13848,CF_300x250_轉址失敗_最右邊_reurl,,知名媒體,,12,0,0,12,9,3,75.00%,25.00%,0.00%,0.00%
20260126,20,闇碼科技股份有限公司,2992,縮短網址產生器-reurl-exchange,13856,CF_300x250_轉址失敗頁第二塊_reurl,,知名媒體,,18,0,0,18,9,9,50.00%,50.00%,0.00%,0.00%
20260126,20,闇碼科技股份有限公司,2992,縮短網址產生器-reurl-exchange,13858,CF_300x250_網址下方左側_reurl,,知名媒體,,24,0,0,24,15,9,62.50%,37.50%,0.00%,0.00%
20260126,20,闇碼科技股份有限公司,2992,縮短網址產生器-reurl-exchange,13860,CF_300x250_網址下方右側_reurl,,知名媒體,,32,0,0,32,16,16,50.00%,50.00%,0.00%,0.00%
20260126,20,闇碼科技股份有限公司,2992,縮短網址產生器-reurl-exchange,13861,CF_300x250_網址下方右側(PB)_reurl,,知名媒體,,"2,972",0,0,"2,972",21,"2,951",0.71%,99.29%,0.00%,0.00%
20260126,20,第一網站股份有限公司,2768,czbooks,13903,(子)CF_300x250_banner_czbooks(直播),antifroud,,子聯播網,"260,185",0,0,"260,185","139,709","120,476",53.70%,46.30%,0.00%,0.00%
20260126,20,第一網站股份有限公司,2783,漫畫櫃manhuagui,13904,(子)CF_300x250_banner_manhuagui(直播),antifroud,,子聯播網,"176,516",0,0,"176,516","144,521","31,995",81.87%,18.13%,0.00%,0.00%
20260126,20,第一網站股份有限公司,2768,czbooks,14036,MW_320x480_CZBOOKS,antifroud,,,87,0,0,87,55,32,63.22%,36.78%,0.00%,0.00%
20260126,20,陳人鳳,480,飛格寵物家族_PC,1407,CF-728X90_上方通欄_飛格寵物家族,,,,18,0,0,18,13,5,72.22%,27.78%,0.00%,0.00%
20260126,20,陳人鳳,480,飛格寵物家族_PC,1408,CF-300X250_內文_飛格寵物家族,,,,52,0,0,52,27,25,51.92%,48.08%,0.00%,0.00%
20260126,20,飛凡傳播股份有限公司,1921,非凡新聞台-exchange,14188,MW_300x250_內文上方_非凡新聞-exchange,antifroud,知名媒體,,6,0,0,6,6,0,100.00%,0.00%,0.00%,0.00%
20260126,20,飛凡傳播股份有限公司,1921,非凡新聞台-exchange,14189,CF_300x600_右側下方_非凡新聞-exchange,antifroud,知名媒體,,6,0,0,6,5,1,83.33%,16.67%,0.00%,0.00%
20260126,20,闇碼科技股份有限公司,3048,縮短網址產生器-reurl,14210,MW_文中創意300x250_縮短網址產生器-reurl,,知名媒體,,"3,231",0,0,"3,231",241,"2,990",7.46%,92.54%,0.00%,0.00%
20260126,20,巨思文化股份有限公司,3052,經理人_HB,14238,MW_文章結束第一塊_300x250_經理人-HB,,知名媒體,,12,0,0,12,12,0,100.00%,0.00%,0.00%,0.00%
20260126,20,巨思文化股份有限公司,3052,經理人_HB,14241,MW_300x250_內文下方_經理人-HB,,知名媒體,,12,0,0,12,12,0,100.00%,0.00%,0.00%,0.00%
20260126,20,富盈數據股份有限公司,3059,塔科女子,14258,CF_336x280_全網_塔科女子,,知名媒體,,546,0,0,546,515,31,94.32%,5.68%,0.00%,0.00%
20260126,20,CBROOT LTD,3003,包子漫畫-exchange,14291,MW_300x250_蓋板(PB)_包子漫畫,,,,548,0,0,548,487,61,88.87%,11.13%,0.00%,0.00%
20260126,20,朱光宁,3152,石頭小說-exchange,14472,MW_336x280_Banner_石頭小說,,,,"6,094",0,0,"6,094","3,334","2,760",54.71%,45.29%,0.00%,0.00%
20260126,20,朱光宁,3149,稷下書院-exchange,14748,MW_320x100_置底(PB)_稷下書院,,,,"33,052",0,0,"33,052","18,030","15,022",54.55%,45.45%,0.00%,0.00%
20260126,20,巨思文化股份有限公司,3053,數位時代_HB,14764,MW_置底創意_(非展開)_數位時代_HB,,知名媒體,,48,0,0,48,44,4,91.67%,8.33%,0.00%,0.00%
20260126,20,中天電視股份有限公司,3282,中天新聞網-exchange,14980,CF_970x250_內頁_PC置頂橫幅-中天新聞網-exchange,,知名媒體,,278,0,0,278,217,61,78.06%,21.94%,0.00%,0.00%
20260126,20,CBROOT LTD,3305,包子漫畫NEW-exchange,15145,(子)CF_970x250_指定流量Banner_包子漫畫(kukuc.co),antifroud,,子聯播網,"1,739",0,0,"1,739","1,724",15,99.14%,0.86%,0.00%,0.00%
20260126,20,曾憲敏,3327,85小說網_創意,15227,MW-300X250_85小說網_隨身影音PB,,,,6,0,0,6,6,0,100.00%,0.00%,0.00%,0.00%
20260126,20,曾憲敏,3327,85小說網_創意,15228,MW-創意-85小說網,,,,44,0,0,44,29,15,65.91%,34.09%,0.00%,0.00%
20260126,20,中天電視股份有限公司,3282,中天新聞網-exchange,15859,CF_336x280_內頁_PC右側互動看板B-中天新聞網-exchange,,知名媒體,,413,0,0,411,331,80,80.54%,19.46%,0.00%,0.00%
20260126,20,CBROOT LTD,3352,西瓜卡通-exchange,15969,CF_728x90_影音內容_西瓜卡通-exchange,,,,86,0,0,86,86,0,100.00%,0.00%,0.00%,0.00%
20260126,20,CBROOT LTD,3352,西瓜卡通-exchange,15970,CF_160x600_影音內容_西瓜卡通-exchange,,,,429,0,0,429,420,9,97.90%,2.10%,0.00%,0.00%
20260126,20,時報資訊股份有限公司,2817,旺得富,16910,CF_300x250_Billboard_1s_旺得富,,知名媒體,,30,0,0,30,26,4,86.67%,13.33%,0.00%,0.00%
20260126,20,時報資訊股份有限公司,2817,旺得富,16911,CF_300x250_Billboard_2nd_旺得富,,知名媒體,,55,0,0,55,55,0,100.00%,0.00%,0.00%,0.00%
20260126,20,葉志斌,2745,繁中寶可夢卡表生成器-奶爸工作室-exchange,16950,CF_160x600_Banner_繁中寶可夢卡表生成器-奶爸工作室-exchange,,,,6,0,0,6,6,0,100.00%,0.00%,0.00%,0.00%
20260126,20,葉志斌,2745,繁中寶可夢卡表生成器-奶爸工作室-exchange,16951,CF_300x600_Banner_繁中寶可夢卡表生成器-奶爸工作室-exchange,,,,213,0,0,213,212,1,99.53%,0.47%,0.00%,0.00%
20260126,20,朱光宁,3360,提莫書屋-exchange,16957,MW_336x280banner_提莫書屋_exchange,,,,"21,101",0,0,"21,101","15,366","5,735",72.82%,27.18%,0.00%,0.00%
20260126,20,朱光宁,3361,提莫書屋-mobile,16959,MW_320x480_文中創意_提莫書屋-mobile,,,,118,0,0,118,92,26,77.97%,22.03%,0.00%,0.00%
20260126,20,朱光宁,3149,稷下書院-exchange,17003,(子)CF_336x280_Banner(指定流量)_稷下書院-exchange,,,子聯播網,"7,743",0,0,"7,743","3,521","4,222",45.47%,54.53%,0.00%,0.00%
20260126,20,第一網站股份有限公司,2783,漫畫櫃manhuagui,17027,MW_320x480_蓋版_漫畫櫃manhuagui,,,,18,0,0,18,15,3,83.33%,16.67%,0.00%,0.00%
20260126,20,朱光宁,3149,稷下書院-exchange,17095,(子)MW_336x280_Banner_稷下書院-exchange,antifroud,,,"26,851",0,0,"26,851","11,618","15,233",43.27%,56.73%,0.00%,0.00%
20260126,20,詠勝科技有限公司,3385,Mobile01_HB,17174,CF_970x250_超級橫幅_置底_Mobile01_HB,,知名媒體,,12,0,0,12,12,0,100.00%,0.00%,0.00%,0.00%
20260126,20,詠勝科技有限公司,3385,Mobile01_HB,17178,CF_300x250_頻道頁_大看板_Mobile01_HB,,知名媒體,,280,0,0,280,240,40,85.71%,14.29%,0.00%,0.00%
20260126,20,詠勝科技有限公司,3385,Mobile01_HB,17179,CF_300x250_熱門大看板_Mobile01_HB,,知名媒體,,"12,681",0,0,"12,681","10,085","2,596",79.53%,20.47%,0.00%,0.00%
20260126,20,詠勝科技有限公司,3385,Mobile01_HB,17183,CF_300x600_大摩天_Mobile01_HB,,知名媒體,,"6,403",0,0,"6,403","5,454",949,85.18%,14.82%,0.00%,0.00%
20260126,20,朱光宁,3268,稷下書院-mobile,17207,MW_320x480_蓋版_稷下書院-mobile,,,,618,0,0,618,377,241,61.00%,39.00%,0.00%,0.00%
20260126,20,中華電視股份有限公司,3389,華視-mobile,17230,MW_置底創意(非展開)_華視-mobile,,知名媒體,,12,0,0,12,12,0,100.00%,0.00%,0.00%,0.00%
20260126,20,李立娟,3395,vivi0視頻-exchange,17293,CF_336x280_Banner_vivi01視頻-exchange,antifroud,,,"34,961",0,0,"34,961","32,607","2,354",93.27%,6.73%,0.00%,0.00%
20260126,20,李立娟,3395,vivi0視頻-exchange,17294,MW_336x280_Banner_vivi01視頻-exchange,antifroud,,,"25,842",0,0,"25,842","24,066","1,776",93.13%,6.87%,0.00%,0.00%
20260126,20,李立娟,3397,趣聞圖說-exchange,17297,(子)MW_336x280_Banner_趣聞圖說-exchange,antifroud,,,"112,472",0,0,"112,472","99,494","12,978",88.46%,11.54%,0.00%,0.00%
20260126,20,李立娟,3395,vivi0視頻-exchange,17299,MW_300x250_蓋板(PB)-vivi01視頻-exchange,,,,52,0,0,52,50,2,96.15%,3.85%,0.00%,0.00%
20260126,20,李立娟,3395,vivi0視頻-exchange,17300,MW_320x100_置底(PB)_vivi01視頻-exchange,antifroud,,,"1,059",0,0,"1,059","1,007",52,95.09%,4.91%,0.00%,0.00%
20260126,20,李立娟,3397,趣聞圖說-exchange,17309,MW_336x280_文中Banner_趣聞圖說-exchange,,,,6,0,0,6,4,2,66.67%,33.33%,0.00%,0.00%
20260126,20,曾憲敏,601,85小說網_PC,1773,CF-300x250_85小說網_內文1,,,,274,0,0,274,176,98,64.23%,35.77%,0.00%,0.00%
20260126,20,第一網站股份有限公司,2768,czbooks,17927,MW_置底創意_czbook,,,,"3,754",0,0,"3,754","2,170","1,584",57.81%,42.19%,0.00%,0.00%
20260126,20,第一網站股份有限公司,3420,ftvnews,17970,MW_300x250_內文_ftvnews,,知名媒體,,18,0,0,18,18,0,100.00%,0.00%,0.00%,0.00%
20260126,20,時報資訊股份有限公司_工商時報,3427,工商時報-exchange,18003,CF_300x250_互動看板2_工商時報-exchange,,知名媒體,,24,0,0,24,19,5,79.17%,20.83%,0.00%,0.00%
20260126,20,時報資訊股份有限公司_工商時報,3427,工商時報-exchange,18014,MW_300x250_文末Banner1_工商時報-exchange,,知名媒體,,89,0,0,89,82,7,92.13%,7.87%,0.00%,0.00%
20260126,20,時報資訊股份有限公司_工商時報,3427,工商時報-exchange,18015,MW_300x250_文末Banner2_工商時報-exchange,,知名媒體,,120,0,0,120,109,11,90.83%,9.17%,0.00%,0.00%
20260126,20,第一網站股份有限公司,3440,fsa_passback_first,18202,CF_300x250_fsa_passback_first,,,,267,0,0,267,250,17,93.63%,6.37%,0.00%,0.00%
20260126,20,第一網站股份有限公司,3440,fsa_passback_first,18266,(子)CF_970x250_cfbanner_blog,,,子聯播網,633,0,0,633,629,4,99.37%,0.63%,0.00%,0.00%
20260126,20,莊博凱,3455,夢遊電玩,18269,300x250 Banner,,,,18,0,0,18,15,3,83.33%,16.67%,0.00%,0.00%
20260126,20,朱光宁,3268,稷下書院-mobile,18297,MW_置底創意(展開)_稷下書院-mobile,,,,216,0,0,216,125,91,57.87%,42.13%,0.00%,0.00%
20260126,20,冰楓科技有限公司,3485,冰楓論壇-exchange,18487,CF_970x90_內文上方第一塊_冰楓論壇-exchange,,,,"1,389",0,0,"1,387","1,198",189,86.37%,13.63%,0.00%,0.00%
20260126,20,冰楓科技有限公司,3485,冰楓論壇-exchange,18488,MW_320x100_內文上方第一塊_ 冰楓論壇-exchange,antifroud,,,12,0,0,12,10,2,83.33%,16.67%,0.00%,0.00%
20260126,20,冰楓科技有限公司,3485,冰楓論壇-exchange,18492,MW_300x250_Banner_ 冰楓論壇-exchange,,,,537,0,0,537,469,68,87.34%,12.66%,0.00%,0.00%
20260126,20,CBROOT LTD,3492,包子漫畫(特開流量)-exchange,18544,(子)CF_300x600_指定流量_包子漫畫(特開流量)-exchange,,,子聯播網,"27,556",0,0,"27,556","24,019","3,537",87.16%,12.84%,0.00%,0.00%
20260126,20,CBROOT LTD,3492,包子漫畫(特開流量)-exchange,18545,(子)CF_970x250_指定時段_包子漫畫(特開流量)-exchange,,,子聯播網,"195,527",0,0,"195,527","179,742","15,785",91.93%,8.07%,0.00%,0.00%
20260126,20,CBROOT LTD,3492,包子漫畫(特開流量)-exchange,18546,(子)CF_300x250_指定時段_包子漫畫(特開流量)-exchange,,,子聯播網,"450,247",0,0,"450,247","398,780","51,467",88.57%,11.43%,0.00%,0.00%
20260126,20,CBROOT LTD,3510,包子漫畫_twmanga-exchange,18732,MW_336x280_Banner_包子漫畫_twmanga,,,子聯播網,"93,211",0,0,"93,211","65,962","27,249",70.77%,29.23%,0.00%,0.00%
20260126,20,CBROOT LTD,3510,包子漫畫_twmanga-exchange,18735,CF_336x280_Banner_包子漫畫_twmanga-exchange,,,,230,0,0,230,170,60,73.91%,26.09%,0.00%,0.00%
20260126,20,CBROOT LTD,3510,包子漫畫_twmanga-exchange,18736,CF_970x250_ 包子漫畫_twmanga-exchange,,,,"2,263",0,0,"2,263","1,702",561,75.21%,24.79%,0.00%,0.00%
20260126,20,第一網站股份有限公司,3516,ezneering,18756,(子)CF_300x250_Banner_ezneering,,,子聯播網,6,0,0,6,6,0,100.00%,0.00%,0.00%,0.00%
20260126,20,台灣英文新聞股份有限公司,3537,台灣英文新聞(new)-exchange,18924,CF_300x250_內容頁_右側看版_1_台灣英文新聞(new)-exchange,,知名媒體,,152,0,0,152,112,40,73.68%,26.32%,0.00%,0.00%
20260126,20,台灣英文新聞股份有限公司,3537,台灣英文新聞(new)-exchange,18925,CF_300x600_內容頁_右側看版_2_台灣英文新聞(new)-exchange,,知名媒體,,82,0,0,82,39,43,47.56%,52.44%,0.00%,0.00%
20260126,20,艾得基客行銷顧問股份有限公司,3373,良醫健康網,19009,MW_蓋板_良醫健康網,,知名媒體,,6,0,0,6,6,0,100.00%,0.00%,0.00%,0.00%
20260126,20,艾得基客行銷顧問股份有限公司,3373,良醫健康網,19010,MW_300x250_文中_良醫健康網,,知名媒體,,6,0,0,6,4,2,66.67%,33.33%,0.00%,0.00%
20260126,20,聯合線上股份有限公司,3549,UDN元氣網,19018,CF_首頁文章推薦第三格300x250_UDN元氣網,,知名媒體,,6,0,0,6,6,0,100.00%,0.00%,0.00%,0.00%
20260126,20,艾得基客行銷顧問股份有限公司,3552,玩具人,19044,MW_320x480_文中創意_玩具人,,知名媒體,,151,0,0,151,140,11,92.72%,7.28%,0.00%,0.00%
20260126,20,先驅媒體社會企業股份有限公司,3554,新頭殼(R18),19047,(子)CF_300x250Banner_newtalk.tw_content_300250_1_新頭殼(R18),,知名媒體,子聯播網,12,0,0,12,10,2,83.33%,16.67%,0.00%,0.00%
20260126,20,第一網站股份有限公司,2783,漫畫櫃manhuagui,20685,MW_300X250_manhuagui,antifroud,,,"3,208",0,0,"3,208","2,965",243,92.43%,7.57%,0.00%,0.00%
20260126,20,德榕企業有限公司,3578,TW Bodhi_mobile,20707,MW_置底創意_TW Bodhi,,,,42,0,0,42,42,0,100.00%,0.00%,0.00%,0.00%
20260126,20,德榕企業有限公司,3578,TW Bodhi_mobile,20708,MW_蓋板_TW Bodhi,,,,736,0,0,736,735,1,99.86%,0.14%,0.00%,0.00%
20260126,20,德榕企業有限公司,3581,忘憂書屋,20727,CF_336x280文章頁(RWD)_忘憂書屋,,,,130,0,0,130,130,0,100.00%,0.00%,0.00%,0.00%
20260126,20,德榕企業有限公司,3582,忘憂書屋_mobile,20728,MW_文中創意300x250_忘憂書屋,,,,7,0,0,7,7,0,100.00%,0.00%,0.00%,0.00%
20260126,20,德榕企業有限公司,3582,忘憂書屋_mobile,20729,MW_蓋板_忘憂書屋,,,,6,0,0,6,6,0,100.00%,0.00%,0.00%,0.00%
20260126,20,德榕企業有限公司,3582,忘憂書屋_mobile,20730,MW_置底創意_忘憂書屋,,,,54,0,0,54,54,0,100.00%,0.00%,0.00%,0.00%
20260126,20,第一網站股份有限公司,2910,clickme,20735,(子)CF_300x250_banner_clickme(成人),,,子聯播網,"13,418",0,0,"13,418","11,337","2,081",84.49%,15.51%,0.00%,0.00%
20260126,20,朱光宁,3269,石頭小說-mobile,21741,MW_320x480_蓋版_石頭小說-mobile,antifroud,,,6,0,0,6,2,4,33.33%,66.67%,0.00%,0.00%
20260126,20,富盈數據股份有限公司,3653,TVBS-女人我最大_HB,21760,MW_文章三_336x280_TVBS-女人我最大_HB,,知名媒體,,158,0,0,158,156,2,98.73%,1.27%,0.00%,0.00%
20260126,20,富盈數據股份有限公司,3653,TVBS-女人我最大_HB,21761,MW_文章四_336x280_TVBS-女人我最大_HB,,知名媒體,,958,0,0,958,930,28,97.08%,2.92%,0.00%,0.00%
20260126,20,富盈數據股份有限公司,3653,TVBS-女人我最大_HB,21763,MW_文中創意320x480_TVBS-女人我最大_HB,,知名媒體,,"1,152",0,0,"1,152","1,131",21,98.18%,1.82%,0.00%,0.00%
20260126,20,富盈數據股份有限公司,3654,TVBS-健康2.0_HB,21768,MW_文中創意320x480_TVBS-健康2.0_HB,,知名媒體,,"1,539",0,0,"1,539","1,487",52,96.62%,3.38%,0.00%,0.00%
20260126,20,富盈數據股份有限公司,3655,TVBS-食尚玩家_HB,21770,MW_文章三_336x280_TVBS-食尚玩家_HB,,知名媒體,,670,0,0,670,628,42,93.73%,6.27%,0.00%,0.00%
20260126,20,富盈數據股份有限公司,3655,TVBS-食尚玩家_HB,21771,MW_文章四_336x280_TVBS-食尚玩家_HB,,知名媒體,,6,0,0,6,5,1,83.33%,16.67%,0.00%,0.00%
20260126,20,富盈數據股份有限公司,3655,TVBS-食尚玩家_HB,21772,MW_文章置底_320x100_TVBS-食尚玩家_HB,,知名媒體,,24,0,0,24,22,2,91.67%,8.33%,0.00%,0.00%
20260126,20,富盈數據股份有限公司,3655,TVBS-食尚玩家_HB,21773,MW_文中創意320x480_TVBS-食尚玩家_HB,,知名媒體,,908,0,0,908,817,91,89.98%,10.02%,0.00%,0.00%
20260126,20,富盈數據股份有限公司,3653,TVBS-女人我最大_HB,21803,MW_文章一_336x280_TVBS-女人我最大_HB,,知名媒體,,12,0,0,12,12,0,100.00%,0.00%,0.00%,0.00%
20260126,20,先驅媒體社會企業股份有限公司,3554,新頭殼(R18),21831,(子)CF_300x250Banner_newtalk.tw_all_300250_2_新頭殼(R18),,知名媒體,子聯播網,6,0,0,6,3,3,50.00%,50.00%,0.00%,0.00%
20260126,20,先驅媒體社會企業股份有限公司,3554,新頭殼(R18),21839,ＭＷ_336x280Banner_newtalk.tw_mobile_all_336280_2_新頭殼(R18),antifroud,知名媒體,,164,0,0,164,161,3,98.17%,1.83%,0.00%,0.00%
20260126,20,儂儂雜誌社股份有限公司(bella儂儂),2135,Bella儂儂_2024,21876,MW-300x250_文章標題上方1_Bella儂儂,,知名媒體,,"1,012",0,0,"1,012",977,35,96.54%,3.46%,0.00%,0.00%
20260126,20,富盈數據股份有限公司,3680,TVBS-新聞網_HB,21898,CF_文章右側300x600_TVBS-新聞網_HB,,知名媒體,,58,0,0,58,57,1,98.28%,1.72%,0.00%,0.00%
20260126,20,富盈數據股份有限公司,3680,TVBS-新聞網_HB,21899,MW_文章一_336x280_TVBS-新聞網_HB,,知名媒體,,"2,729",0,0,"2,729","2,543",186,93.18%,6.82%,0.00%,0.00%
20260126,20,富盈數據股份有限公司,3680,TVBS-新聞網_HB,21900,MW_文章三_336x280_TVBS-新聞網_HB,,知名媒體,,153,0,0,153,148,5,96.73%,3.27%,0.00%,0.00%
20260126,20,富盈數據股份有限公司,3680,TVBS-新聞網_HB,21902,MW_文章置底_320x100_TVBS-新聞網_HB,,知名媒體,,"2,035",0,0,"2,035","1,940",95,95.33%,4.67%,0.00%,0.00%
20260126,20,富盈數據股份有限公司,3684,稅美人_mobile,21923,MW_置底創意(非展開)_稅美人-mobile,,,,"3,532",0,0,"3,532","2,074","1,458",58.72%,41.28%,0.00%,0.00%
20260126,20,富盈數據股份有限公司,3685,玩桌遊_mobile,21924,MW_置底創意(非展開)_玩桌遊-mobile,,,,549,0,0,549,417,132,75.96%,24.04%,0.00%,0.00%
20260126,20,富盈數據股份有限公司,2615,熱血台中,21986,CF_336x280_全網_熱血台中,,,,146,0,0,146,139,7,95.21%,4.79%,0.00%,0.00%
20260126,20,富盈數據股份有限公司,2615,熱血台中,21987,CF_336x280_全網_熱血台中,,,,116,0,0,116,111,5,95.69%,4.31%,0.00%,0.00%
20260126,20,富盈數據股份有限公司,3703,繁體小說,22022,MW_置底創意(非展開)_繁體小說-mobile,,,,6,0,0,6,5,1,83.33%,16.67%,0.00%,0.00%
20260126,20,富盈數據股份有限公司,3704,天天要聞,22030,CF_300 x 250 banner_天天要聞_cpc2,,,,"4,841",0,0,"4,841","2,510","2,331",51.85%,48.15%,0.00%,0.00%
20260126,20,富盈數據股份有限公司,3703,繁體小說,22031,CF_300 x 250 banner_繁體小說_cpc2,,,,242,0,0,242,178,64,73.55%,26.45%,0.00%,0.00%
20260126,20,朱光宁,3708,石頭小說,22045,CF_336 x 280 banner_石頭小說_cpc1.67,antifroud,,,"299,664",0,0,"299,664","153,029","146,635",51.07%,48.93%,0.00%,0.00%
20260126,20,朱光宁,3718,稷下書院2,22093,CF_336 x 280 banner_稷下書院2_cpc1.67,antifroud,,,"231,508",0,0,"231,508","115,050","116,458",49.70%,50.30%,0.00%,0.00%
20260126,20,艾得基客行銷顧問股份有限公司,3719,遠見雜誌,22105,MW_蓋板_遠見_遠見雜誌,,知名媒體,,6,0,0,6,6,0,100.00%,0.00%,0.00%,0.00%
20260126,20,富盈數據股份有限公司,3680,TVBS-新聞網_HB,22131,CF_文中300x250_TVBS-新聞網_HB_1,,知名媒體,,62,0,0,62,60,2,96.77%,3.23%,0.00%,0.00%
20260126,20,富盈數據股份有限公司,3680,TVBS-新聞網_HB,22132,CF_文中300x250_TVBS-新聞網_HB_2,,知名媒體,,456,0,0,456,442,14,96.93%,3.07%,0.00%,0.00%
20260126,20,富盈數據股份有限公司,3680,TVBS-新聞網_HB,22133,CF_文中300x250_TVBS-新聞網_HB_3,,知名媒體,,"1,084",0,0,"1,084","1,003",81,92.53%,7.47%,0.00%,0.00%
20260126,20,富盈數據股份有限公司,3730,Teepr 亮新聞 HB,22145,MW_336x280_文中創意_Teepr亮新聞 HB,,,,6,0,0,6,6,0,100.00%,0.00%,0.00%,0.00%
20260126,20,闇碼科技股份有限公司,3048,縮短網址產生器-reurl,22213,MW_蓋版_縮短網址產生器-reurl-2025.05(特殊供量),,知名媒體,,"3,160",0,0,"3,159",183,"2,976",5.79%,94.21%,0.00%,0.00%
20260126,20,艾得基客行銷顧問股份有限公司,3724,上報,22217,MW_置底創意(非展開)_上報,,知名媒體,,824,0,0,824,806,18,97.82%,2.18%,0.00%,0.00%
20260126,20,艾得基客行銷顧問股份有限公司,3724,上報,22218,MW_置底(展開)_上報,,知名媒體,,564,0,0,564,557,7,98.76%,1.24%,0.00%,0.00%
20260126,20,艾得基客行銷顧問股份有限公司,2689,Basketball Top5,22219,MW_置底(展開)_Basketball TOP5,,,,72,0,0,72,71,1,98.61%,1.39%,0.00%,0.00%
20260126,20,朱光宁,3741,石頭小說3,22398,CF_336 x 280 banner_石頭小說3_cpc1.67,,,,"24,936",0,0,"24,934","13,351","11,583",53.55%,46.45%,0.00%,0.00%
20260126,20,艾得基客行銷顧問股份有限公司,3724,上報,22405,MW_蓋版_上報,,知名媒體,,34,0,0,34,34,0,100.00%,0.00%,0.00%,0.00%
20260126,20,闇碼科技股份有限公司,3068,限時圖片-imgus,22406,MW_置底_imgus,antifroud,,,807,0,0,807,806,1,99.88%,0.12%,0.00%,0.00%
20260126,20,第一網站股份有限公司,2783,漫畫櫃manhuagui,22443,MW_置底_manhuagui,antifroud,,,"2,149",0,0,"2,149","2,027",122,94.32%,5.68%,0.00%,0.00%
20260126,20,艾得基客行銷顧問股份有限公司,2689,Basketball Top5,22498,MW_300x250 Banner_Basketball TOP5_CPM5,,,子聯播網,284,0,0,284,281,3,98.94%,1.06%,0.00%,0.00%
20260126,20,艾得基客行銷顧問股份有限公司,2578,鉅亨網,22507,MW_300x250_鉅亨網_直播用BN-1,,知名媒體,子聯播網,"5,009",0,0,"5,009","4,918",91,98.18%,1.82%,0.00%,0.00%
20260126,20,艾得基客行銷顧問股份有限公司,3724,上報,22512,MW_300x250_上報_直播用BN-3,,知名媒體,子聯播網,6,0,0,6,6,0,100.00%,0.00%,0.00%,0.00%
20260126,20,艾得基客行銷顧問股份有限公司,3752,ＭoneyDJ,22514,MW_文中創意320x480_MoneyDJ,antifroud,知名媒體,,84,0,0,84,78,6,92.86%,7.14%,0.00%,0.00%
20260126,20,李承翰-webptt,718,Web批踢踢(RWD),2284,MW-蓋板_文中_Web批踢踢,antifroud,,,12,0,0,12,8,4,66.67%,33.33%,0.00%,0.00%
20260126,20,麥智維,999,動漫戲說,3543,CF-728*90-內文上方-動漫戲說,antifroud,,,68,0,0,68,45,23,66.18%,33.82%,0.00%,0.00%
20260126,20,麥智維,999,動漫戲說,3544,CF-728*90-列表上方-動漫戲說,,,,6,0,0,6,5,1,83.33%,16.67%,0.00%,0.00%
20260126,20,陈晋福,1367,電視超人,4997,CF-300X250-電視超人,,,,48,0,0,48,48,0,100.00%,0.00%,0.00%,0.00%
20260126,20,麥智維,999,動漫戲說,6069,CF-300*250-首頁-動漫戲說,,,,128,0,0,128,104,24,81.25%,18.75%,0.00%,0.00%
20260126,20,精鏡傳媒股份有限公司,1060,鏡週刊,8250,MW_置底創意(非展開)_鏡週刊,,知名媒體,,30,0,0,30,29,1,96.67%,3.33%,0.00%,0.00%
20260126,20,布林遊國際有限公司,1692,Bring You,8393,CF-300X250-上方通欄右側_BringYou,,知名媒體,,8,0,0,8,8,0,100.00%,0.00%,0.00%,0.00%
20260126,20,巧克科技新媒體股份有限公司,2127,LINE TV_Banner-exchange,8576,CF_336x280_戲劇-右側好康資訊下方_LINE TV-exchange,,知名媒體,,44,0,0,44,41,3,93.18%,6.82%,0.00%,0.00%
20260126,20,巧克科技新媒體股份有限公司,2127,LINE TV_Banner-exchange,8577,CF_336x280_戲劇-右側好康資訊上方_LINE TV-exchange,,知名媒體,,36,0,0,36,34,2,94.44%,5.56%,0.00%,0.00%
20260126,20,鳳梨傳媒股份有限公司,2190,民視新聞網-Exchange,8862,CF_970X90_分類新聞內頁上方_民視新聞(MCM),,知名媒體,,6,0,0,6,0,6,0.00%,100.00%,0.00%,0.00%
20260126,20,見聞科技有限公司,2251,就是節目表,9233,MW-300x250-節目表文中-就是節目表,,,,43,0,0,43,41,2,95.35%,4.65%,0.00%,0.00%
20260126,20,蔡瑞文,300,樂透彩幸運發財網,9470,MW-置底-樂透幸運發財網,antifroud,知名媒體,,36,0,0,36,36,0,100.00%,0.00%,0.00%,0.00%
20260126,20,巧克科技新媒體股份有限公司,2127,LINE TV_Banner-exchange,9788,CF_970x250_首頁-戲劇列表第一塊_LINE TV-exchange,,知名媒體,,6,0,0,6,6,0,100.00%,0.00%,0.00%,0.00%
20260126,21,英屬維京群島商浩美數位有限公司台灣分公司,2315,Teepr亮新聞-exchange,10012,CF_336x280Banner_Teepr亮新聞-exchange,,知名媒體,,"1,046",0,0,"1,046","1,024",22,97.90%,2.10%,0.00%,0.00%
20260126,21,第一網站股份有限公司,2300,keketravel,10594,(子)CF_336x280_keketravel,,,子聯播網,66,0,0,66,60,6,90.91%,9.09%,0.00%,0.00%
20260126,21,昱得資訊工作室,2528,數位書香,11080,CF_728x90_首頁上方_數位書香,antifroud,,,60,0,0,60,56,4,93.33%,6.67%,0.00%,0.00%
20260126,21,昱得資訊工作室,2528,數位書香,11081,CF_160x600_首頁右側_數位書香,antifroud,,,840,0,0,840,840,0,100.00%,0.00%,0.00%,0.00%
20260126,21,第一網站股份有限公司,2518,麻辣家族討論區(twbts),11082,CF-728X90-twbts,antifroud,,,181,0,0,181,172,9,95.03%,4.97%,0.00%,0.00%
20260126,21,第一網站股份有限公司,2540,risu短網址,11260,MW-300X250-MB_page_left-risu,,知名媒體,,6,0,0,6,6,0,100.00%,0.00%,0.00%,0.00%
20260126,21,第一網站股份有限公司,2492,ttshow,11273,MW-300X250-ttshow,,知名媒體,,12,0,0,12,11,1,91.67%,8.33%,0.00%,0.00%
20260126,21,第一網站股份有限公司,2601,Meme梗圖倉庫,11443,CF-336X280-meme,,,,160,0,0,160,148,12,92.50%,7.50%,0.00%,0.00%
20260126,21,葉志斌,2745,繁中寶可夢卡表生成器-奶爸工作室-exchange,12210,CF_728x90__文末__繁中寶可夢卡表生成器,,,,24,0,0,24,24,0,100.00%,0.00%,0.00%,0.00%
20260126,21,第一網站股份有限公司,2540,risu短網址,12496,CF_300x250_popup(直播) _risu短網址,antifroud,知名媒體,,8,0,0,8,8,0,100.00%,0.00%,0.00%,0.00%
20260126,21,第一網站股份有限公司,2768,czbooks,12570,CF_728x90_banner_czbooks,,,,"66,547",0,0,"66,547","44,787","21,760",67.30%,32.70%,0.00%,0.00%
20260126,21,鳳梨傳媒股份有限公司,2190,民視新聞網-Exchange,12579,CF_300x250_右側第一塊_民視新聞網-Exchange(RWD)(MCM),,知名媒體,,"4,488",0,0,"4,488","4,391",97,97.84%,2.16%,0.00%,0.00%
20260126,21,鳳梨傳媒股份有限公司,2190,民視新聞網-Exchange,12580,CF_300x250_內文文中左側_民視新聞網-Exchange(RWD)(MCM),,知名媒體,,"4,146",0,0,"4,146","4,032",114,97.25%,2.75%,0.00%,0.00%
20260126,21,第一網站股份有限公司,2783,漫畫櫃manhuagui,12676,CF_728X90_manhuagui,antifroud,,,"82,939",0,0,"82,939","69,423","13,516",83.70%,16.30%,0.00%,0.00%
20260126,21,艾得基客行銷顧問股份有限公司,2635,工商時報,12761,MW_320x480_文中創意_工商時報new,,知名媒體,,289,0,0,289,272,17,94.12%,5.88%,0.00%,0.00%
20260126,21,第一網站股份有限公司,2801,damanwoo,12868,CF-300x250_Banner_damanwoo_大人物,,,,12,0,0,12,12,0,100.00%,0.00%,0.00%,0.00%
20260126,21,永悅健康股份有限公司,2813,早安樂活,12927,MW_置底創意(非展開)_早安樂活,,知名媒體,,12,0,0,12,12,0,100.00%,0.00%,0.00%,0.00%
20260126,21,第一網站股份有限公司,2820,星座好朋友(horofriend88),12966,MW_320x100_horofriend88,antifroud,,,46,0,0,46,44,2,95.65%,4.35%,0.00%,0.00%
20260126,21,第一網站股份有限公司,2836,vivi01,13032,MW_置底創意_vivi01 ViVi視頻,,,,12,0,0,12,12,0,100.00%,0.00%,0.00%,0.00%
20260126,21,和運租車股份有限公司,2878,abc好車網,13368,CF_970x90_物件頁下方_abc好車網,,知名媒體,,6,0,0,6,3,3,50.00%,50.00%,0.00%,0.00%
20260126,21,曾憲敏,202,85小說網,13445,MW_336X280_全量1_85小說網,,,,794,0,0,794,585,209,73.68%,26.32%,0.00%,0.00%
20260126,21,曾憲敏,202,85小說網,13446,MW_336X280_全量2_85小說網,,,,"7,148",0,0,"7,148","5,615","1,533",78.55%,21.45%,0.00%,0.00%
20260126,21,曾憲敏,601,85小說網_PC,13450,(子)CF_336x280_全量2_85小說網,,,子聯播網,370,0,0,370,246,124,66.49%,33.51%,0.00%,0.00%
20260126,21,第一網站股份有限公司,2768,czbooks,13481,MW_300x250_banner_czbooks,antifroud,,子聯播網,"230,708",0,0,"230,708","129,068","101,640",55.94%,44.06%,0.00%,0.00%
20260126,21,第一網站股份有限公司,2768,czbooks,13482,(子)CF_300x600_banner_czbooks(限時段),,,子聯播網,"67,726",0,0,"67,726","44,099","23,627",65.11%,34.89%,0.00%,0.00%
20260126,21,第一網站股份有限公司,2768,czbooks,13483,(子)CF_970x250_banner_czbooks(限時段),,,子聯播網,"75,078",0,0,"75,078","46,082","28,996",61.38%,38.62%,0.00%,0.00%
20260126,21,第一網站股份有限公司,2910,clickme,13548,(子)CF_300x250_banner_clickme(一般),,,子聯播網,"2,279",0,0,"2,279","1,699",580,74.55%,25.45%,0.00%,0.00%
20260126,21,第一網站股份有限公司,2910,clickme,13549,CF_300x250_banner_clickme(一般),,,,322,0,0,322,297,25,92.24%,7.76%,0.00%,0.00%
20260126,21,第一網站股份有限公司,2916,KiKiNote,13576,(子)CF_300x250_banner_kikinote,,知名媒體,子聯播網,"2,255",0,0,"2,255","2,115",140,93.79%,6.21%,0.00%,0.00%
20260126,21,闇碼科技股份有限公司,2992,縮短網址產生器-reurl-exchange,13848,CF_300x250_轉址失敗_最右邊_reurl,,知名媒體,,6,0,0,6,5,1,83.33%,16.67%,0.00%,0.00%
20260126,21,闇碼科技股份有限公司,2992,縮短網址產生器-reurl-exchange,13856,CF_300x250_轉址失敗頁第二塊_reurl,,知名媒體,,12,0,0,12,5,7,41.67%,58.33%,0.00%,0.00%
20260126,21,闇碼科技股份有限公司,2992,縮短網址產生器-reurl-exchange,13858,CF_300x250_網址下方左側_reurl,,知名媒體,,12,0,0,12,10,2,83.33%,16.67%,0.00%,0.00%
20260126,21,闇碼科技股份有限公司,2992,縮短網址產生器-reurl-exchange,13860,CF_300x250_網址下方右側_reurl,,知名媒體,,24,0,0,24,22,2,91.67%,8.33%,0.00%,0.00%
20260126,21,闇碼科技股份有限公司,2992,縮短網址產生器-reurl-exchange,13861,CF_300x250_網址下方右側(PB)_reurl,,知名媒體,,150,0,0,150,26,124,17.33%,82.67%,0.00%,0.00%
20260126,21,第一網站股份有限公司,2768,czbooks,13903,(子)CF_300x250_banner_czbooks(直播),antifroud,,子聯播網,"296,168",0,0,"296,168","160,203","135,965",54.09%,45.91%,0.00%,0.00%
20260126,21,第一網站股份有限公司,2783,漫畫櫃manhuagui,13904,(子)CF_300x250_banner_manhuagui(直播),antifroud,,子聯播網,"211,151",0,0,"211,151","170,816","40,335",80.90%,19.10%,0.00%,0.00%
20260126,21,第一網站股份有限公司,2768,czbooks,14036,MW_320x480_CZBOOKS,antifroud,,,89,0,0,89,58,31,65.17%,34.83%,0.00%,0.00%
20260126,21,陳人鳳,480,飛格寵物家族_PC,1407,CF-728X90_上方通欄_飛格寵物家族,,,,6,0,0,6,3,3,50.00%,50.00%,0.00%,0.00%
20260126,21,陳人鳳,480,飛格寵物家族_PC,1408,CF-300X250_內文_飛格寵物家族,,,,94,0,0,94,58,36,61.70%,38.30%,0.00%,0.00%
20260126,21,飛凡傳播股份有限公司,1921,非凡新聞台-exchange,14188,MW_300x250_內文上方_非凡新聞-exchange,antifroud,知名媒體,,6,0,0,6,5,1,83.33%,16.67%,0.00%,0.00%
20260126,21,闇碼科技股份有限公司,3048,縮短網址產生器-reurl,14210,MW_文中創意300x250_縮短網址產生器-reurl,,知名媒體,,453,0,0,453,282,171,62.25%,37.75%,0.00%,0.00%
20260126,21,巨思文化股份有限公司,3052,經理人_HB,14241,MW_300x250_內文下方_經理人-HB,,知名媒體,,6,0,0,6,6,0,100.00%,0.00%,0.00%,0.00%
20260126,21,富盈數據股份有限公司,3059,塔科女子,14258,CF_336x280_全網_塔科女子,,知名媒體,,642,0,0,642,617,25,96.11%,3.89%,0.00%,0.00%
20260126,21,CBROOT LTD,3003,包子漫畫-exchange,14291,MW_300x250_蓋板(PB)_包子漫畫,,,,328,0,0,328,290,38,88.41%,11.59%,0.00%,0.00%
20260126,21,朱光宁,3152,石頭小說-exchange,14472,MW_336x280_Banner_石頭小說,,,,"7,553",0,0,"7,553","4,296","3,257",56.88%,43.12%,0.00%,0.00%
20260126,21,朱光宁,3149,稷下書院-exchange,14748,MW_320x100_置底(PB)_稷下書院,,,,"36,231",0,0,"36,223","20,206","16,017",55.78%,44.22%,0.00%,0.00%
20260126,21,巨思文化股份有限公司,3053,數位時代_HB,14764,MW_置底創意_(非展開)_數位時代_HB,,知名媒體,,115,0,0,115,98,17,85.22%,14.78%,0.00%,0.00%
20260126,21,中天電視股份有限公司,3282,中天新聞網-exchange,14980,CF_970x250_內頁_PC置頂橫幅-中天新聞網-exchange,,知名媒體,,448,0,0,448,379,69,84.60%,15.40%,0.00%,0.00%
20260126,21,CBROOT LTD,3305,包子漫畫NEW-exchange,15143,(子)CF_970x250_Banner(直播)_包子漫畫(kukuc.co),,,子聯播網,8,0,0,8,8,0,100.00%,0.00%,0.00%,0.00%
20260126,21,CBROOT LTD,3305,包子漫畫NEW-exchange,15145,(子)CF_970x250_指定流量Banner_包子漫畫(kukuc.co),antifroud,,子聯播網,"1,446",0,0,"1,446","1,433",13,99.10%,0.90%,0.00%,0.00%
20260126,21,曾憲敏,3327,85小說網_創意,15227,MW-300X250_85小說網_隨身影音PB,,,,18,0,0,18,14,4,77.78%,22.22%,0.00%,0.00%
20260126,21,曾憲敏,3327,85小說網_創意,15228,MW-創意-85小說網,,,,20,0,0,20,16,4,80.00%,20.00%,0.00%,0.00%
20260126,21,中天電視股份有限公司,3282,中天新聞網-exchange,15859,CF_336x280_內頁_PC右側互動看板B-中天新聞網-exchange,,知名媒體,,653,0,0,653,551,102,84.38%,15.62%,0.00%,0.00%
20260126,21,CBROOT LTD,3352,西瓜卡通-exchange,15969,CF_728x90_影音內容_西瓜卡通-exchange,,,,30,0,0,30,28,2,93.33%,6.67%,0.00%,0.00%
20260126,21,CBROOT LTD,3352,西瓜卡通-exchange,15970,CF_160x600_影音內容_西瓜卡通-exchange,,,,268,0,0,268,263,5,98.13%,1.87%,0.00%,0.00%
20260126,21,時報資訊股份有限公司,2817,旺得富,16910,CF_300x250_Billboard_1s_旺得富,,知名媒體,,6,0,0,6,6,0,100.00%,0.00%,0.00%,0.00%
20260126,21,時報資訊股份有限公司,2817,旺得富,16911,CF_300x250_Billboard_2nd_旺得富,,知名媒體,,18,0,0,18,16,2,88.89%,11.11%,0.00%,0.00%
20260126,21,葉志斌,2745,繁中寶可夢卡表生成器-奶爸工作室-exchange,16950,CF_160x600_Banner_繁中寶可夢卡表生成器-奶爸工作室-exchange,,,,6,0,0,6,6,0,100.00%,0.00%,0.00%,0.00%
20260126,21,葉志斌,2745,繁中寶可夢卡表生成器-奶爸工作室-exchange,16951,CF_300x600_Banner_繁中寶可夢卡表生成器-奶爸工作室-exchange,,,,601,0,0,601,601,0,100.00%,0.00%,0.00%,0.00%
20260126,21,朱光宁,3360,提莫書屋-exchange,16957,MW_336x280banner_提莫書屋_exchange,,,,"23,237",0,0,"23,236","17,351","5,885",74.67%,25.33%,0.00%,0.00%
20260126,21,朱光宁,3361,提莫書屋-mobile,16959,MW_320x480_文中創意_提莫書屋-mobile,,,,160,0,0,160,132,28,82.50%,17.50%,0.00%,0.00%
20260126,21,欣發現股份有限公司,3365,Hami任務牆-mobile,16969,MW_置底創意_Hami任務牆,,知名媒體,,6,0,0,6,4,2,66.67%,33.33%,0.00%,0.00%
20260126,21,欣發現股份有限公司,3364,女子學-mobile,16972,MW_置底創意_女子學,antifroud,,,47,0,0,47,34,13,72.34%,27.66%,0.00%,0.00%
20260126,21,欣發現股份有限公司,3363,大人物-mobile,16973,MW_置底創意_大人物,,知名媒體,,6,0,0,6,5,1,83.33%,16.67%,0.00%,0.00%
20260126,21,朱光宁,3149,稷下書院-exchange,17003,(子)CF_336x280_Banner(指定流量)_稷下書院-exchange,,,子聯播網,"7,772",0,0,"7,763","3,469","4,294",44.69%,55.31%,0.00%,0.00%
20260126,21,第一網站股份有限公司,2820,星座好朋友(horofriend88),17026,MW_320x480_蓋版_星座好朋友(horofriend88),antifroud,,,6,0,0,6,6,0,100.00%,0.00%,0.00%,0.00%
20260126,21,第一網站股份有限公司,2783,漫畫櫃manhuagui,17027,MW_320x480_蓋版_漫畫櫃manhuagui,,,,18,0,0,18,16,2,88.89%,11.11%,0.00%,0.00%
20260126,21,艾得基客行銷顧問股份有限公司,3373,良醫健康網,17092,MW_置底創意_良醫健康網,,知名媒體,,30,0,0,30,26,4,86.67%,13.33%,0.00%,0.00%
20260126,21,朱光宁,3149,稷下書院-exchange,17095,(子)MW_336x280_Banner_稷下書院-exchange,antifroud,,,"27,309",0,0,"27,305","12,318","14,987",45.11%,54.89%,0.00%,0.00%
20260126,21,詠勝科技有限公司,3385,Mobile01_HB,17174,CF_970x250_超級橫幅_置底_Mobile01_HB,,知名媒體,,32,0,0,32,27,5,84.38%,15.62%,0.00%,0.00%
20260126,21,詠勝科技有限公司,3385,Mobile01_HB,17178,CF_300x250_頻道頁_大看板_Mobile01_HB,,知名媒體,,204,0,0,204,166,38,81.37%,18.63%,0.00%,0.00%
20260126,21,詠勝科技有限公司,3385,Mobile01_HB,17179,CF_300x250_熱門大看板_Mobile01_HB,,知名媒體,,"17,734",0,0,"17,734","13,890","3,844",78.32%,21.68%,0.00%,0.00%
20260126,21,詠勝科技有限公司,3385,Mobile01_HB,17183,CF_300x600_大摩天_Mobile01_HB,,知名媒體,,"6,794",0,0,"6,794","5,621","1,173",82.73%,17.27%,0.00%,0.00%
20260126,21,朱光宁,3268,稷下書院-mobile,17207,MW_320x480_蓋版_稷下書院-mobile,,,,553,0,0,553,263,290,47.56%,52.44%,0.00%,0.00%
20260126,21,李立娟,3395,vivi0視頻-exchange,17293,CF_336x280_Banner_vivi01視頻-exchange,antifroud,,,"30,548",0,0,"30,548","29,128","1,420",95.35%,4.65%,0.00%,0.00%
20260126,21,李立娟,3395,vivi0視頻-exchange,17294,MW_336x280_Banner_vivi01視頻-exchange,antifroud,,,"22,759",0,0,"22,759","21,687","1,072",95.29%,4.71%,0.00%,0.00%
20260126,21,李立娟,3397,趣聞圖說-exchange,17297,(子)MW_336x280_Banner_趣聞圖說-exchange,antifroud,,,"126,593",0,0,"126,558","116,107","10,451",91.74%,8.26%,0.00%,0.00%
20260126,21,李立娟,3395,vivi0視頻-exchange,17299,MW_300x250_蓋板(PB)-vivi01視頻-exchange,,,,128,0,0,128,115,13,89.84%,10.16%,0.00%,0.00%
20260126,21,李立娟,3395,vivi0視頻-exchange,17300,MW_320x100_置底(PB)_vivi01視頻-exchange,antifroud,,,565,0,0,565,527,38,93.27%,6.73%,0.00%,0.00%
20260126,21,李立娟,3397,趣聞圖說-exchange,17309,MW_336x280_文中Banner_趣聞圖說-exchange,,,,19,0,0,19,11,8,57.89%,42.11%,0.00%,0.00%
20260126,21,曾憲敏,601,85小說網_PC,1773,CF-300x250_85小說網_內文1,,,,393,0,0,393,248,145,63.10%,36.90%,0.00%,0.00%
20260126,21,第一網站股份有限公司,2768,czbooks,17927,MW_置底創意_czbook,,,,126,0,0,126,70,56,55.56%,44.44%,0.00%,0.00%
20260126,21,第一網站股份有限公司,3420,ftvnews,17970,MW_300x250_內文_ftvnews,,知名媒體,,6,0,0,6,6,0,100.00%,0.00%,0.00%,0.00%
20260126,21,時報資訊股份有限公司_工商時報,3427,工商時報-exchange,18003,CF_300x250_互動看板2_工商時報-exchange,,知名媒體,,18,0,0,18,14,4,77.78%,22.22%,0.00%,0.00%
20260126,21,時報資訊股份有限公司_工商時報,3427,工商時報-exchange,18014,MW_300x250_文末Banner1_工商時報-exchange,,知名媒體,,6,0,0,6,6,0,100.00%,0.00%,0.00%,0.00%
20260126,21,第一網站股份有限公司,3440,fsa_passback_first,18202,CF_300x250_fsa_passback_first,,,,79,0,0,79,62,17,78.48%,21.52%,0.00%,0.00%
20260126,21,第一網站股份有限公司,3440,fsa_passback_first,18266,(子)CF_970x250_cfbanner_blog,,,子聯播網,160,0,0,160,115,45,71.88%,28.12%,0.00%,0.00%
20260126,21,莊博凱,3455,夢遊電玩,18269,300x250 Banner,,,,52,0,0,52,46,6,88.46%,11.54%,0.00%,0.00%
20260126,21,朱光宁,3268,稷下書院-mobile,18297,MW_置底創意(展開)_稷下書院-mobile,,,,6,0,0,6,2,4,33.33%,66.67%,0.00%,0.00%
20260126,21,冰楓科技有限公司,3485,冰楓論壇-exchange,18487,CF_970x90_內文上方第一塊_冰楓論壇-exchange,,,,"1,556",0,0,"1,556","1,326",230,85.22%,14.78%,0.00%,0.00%
20260126,21,冰楓科技有限公司,3485,冰楓論壇-exchange,18492,MW_300x250_Banner_ 冰楓論壇-exchange,,,,697,0,0,697,604,93,86.66%,13.34%,0.00%,0.00%
20260126,21,闇碼科技股份有限公司,3048,縮短網址產生器-reurl,18535,MW_蓋版_縮短網址產生器-reurl,,知名媒體,,12,0,0,12,11,1,91.67%,8.33%,0.00%,0.00%
20260126,21,CBROOT LTD,3492,包子漫畫(特開流量)-exchange,18544,(子)CF_300x600_指定流量_包子漫畫(特開流量)-exchange,,,子聯播網,"28,700",0,0,"28,700","25,271","3,429",88.05%,11.95%,0.00%,0.00%
20260126,21,CBROOT LTD,3492,包子漫畫(特開流量)-exchange,18545,(子)CF_970x250_指定時段_包子漫畫(特開流量)-exchange,,,子聯播網,"204,324",0,0,"204,324","189,150","15,174",92.57%,7.43%,0.00%,0.00%
20260126,21,CBROOT LTD,3492,包子漫畫(特開流量)-exchange,18546,(子)CF_300x250_指定時段_包子漫畫(特開流量)-exchange,,,子聯播網,"503,823",0,0,"503,823","456,790","47,033",90.66%,9.34%,0.00%,0.00%
20260126,21,CBROOT LTD,3510,包子漫畫_twmanga-exchange,18732,MW_336x280_Banner_包子漫畫_twmanga,,,子聯播網,"105,889",0,0,"105,889","75,833","30,056",71.62%,28.38%,0.00%,0.00%
20260126,21,CBROOT LTD,3510,包子漫畫_twmanga-exchange,18735,CF_336x280_Banner_包子漫畫_twmanga-exchange,,,,"1,379",0,0,"1,379","1,264",115,91.66%,8.34%,0.00%,0.00%
20260126,21,CBROOT LTD,3510,包子漫畫_twmanga-exchange,18736,CF_970x250_ 包子漫畫_twmanga-exchange,,,,"2,603",0,0,"2,603","2,182",421,83.83%,16.17%,0.00%,0.00%
20260126,21,台灣英文新聞股份有限公司,3537,台灣英文新聞(new)-exchange,18923,CF_300x600_列表頁_右側看版_台灣英文新聞(new)-exchange,,知名媒體,,6,0,0,6,0,6,0.00%,100.00%,0.00%,0.00%
20260126,21,台灣英文新聞股份有限公司,3537,台灣英文新聞(new)-exchange,18924,CF_300x250_內容頁_右側看版_1_台灣英文新聞(new)-exchange,,知名媒體,,157,0,0,157,114,43,72.61%,27.39%,0.00%,0.00%
20260126,21,台灣英文新聞股份有限公司,3537,台灣英文新聞(new)-exchange,18925,CF_300x600_內容頁_右側看版_2_台灣英文新聞(new)-exchange,,知名媒體,,37,0,0,37,27,10,72.97%,27.03%,0.00%,0.00%
20260126,21,艾得基客行銷顧問股份有限公司,3373,良醫健康網,19011,MW_320x480_文中創意_良醫健康網,,知名媒體,,12,0,0,12,11,1,91.67%,8.33%,0.00%,0.00%
20260126,21,艾得基客行銷顧問股份有限公司,3552,玩具人,19044,MW_320x480_文中創意_玩具人,,知名媒體,,321,0,0,321,286,35,89.10%,10.90%,0.00%,0.00%
20260126,21,先驅媒體社會企業股份有限公司,3554,新頭殼(R18),19047,(子)CF_300x250Banner_newtalk.tw_content_300250_1_新頭殼(R18),,知名媒體,子聯播網,6,0,0,6,3,3,50.00%,50.00%,0.00%,0.00%
20260126,21,第一網站股份有限公司,2783,漫畫櫃manhuagui,20685,MW_300X250_manhuagui,antifroud,,,"3,677",0,0,"3,677","3,405",272,92.60%,7.40%,0.00%,0.00%
20260126,21,德榕企業有限公司,3578,TW Bodhi_mobile,20708,MW_蓋板_TW Bodhi,,,,750,0,0,750,748,2,99.73%,0.27%,0.00%,0.00%
20260126,21,德榕企業有限公司,3581,忘憂書屋,20727,CF_336x280文章頁(RWD)_忘憂書屋,,,,208,0,0,208,206,2,99.04%,0.96%,0.00%,0.00%
20260126,21,德榕企業有限公司,3582,忘憂書屋_mobile,20728,MW_文中創意300x250_忘憂書屋,,,,24,0,0,24,24,0,100.00%,0.00%,0.00%,0.00%
20260126,21,第一網站股份有限公司,2910,clickme,20735,(子)CF_300x250_banner_clickme(成人),,,子聯播網,"15,501",0,0,"15,501","12,894","2,607",83.18%,16.82%,0.00%,0.00%
20260126,21,第一網站股份有限公司,3440,fsa_passback_first,21699,CF_336x280_fsa_passback_first,,,,64,0,0,64,51,13,79.69%,20.31%,0.00%,0.00%
20260126,21,朱光宁,3269,石頭小說-mobile,21741,MW_320x480_蓋版_石頭小說-mobile,antifroud,,,18,0,0,18,7,11,38.89%,61.11%,0.00%,0.00%
20260126,21,富盈數據股份有限公司,3653,TVBS-女人我最大_HB,21761,MW_文章四_336x280_TVBS-女人我最大_HB,,知名媒體,,8,0,0,8,8,0,100.00%,0.00%,0.00%,0.00%
20260126,21,富盈數據股份有限公司,3653,TVBS-女人我最大_HB,21763,MW_文中創意320x480_TVBS-女人我最大_HB,,知名媒體,,"3,658",0,0,"3,658","3,529",129,96.47%,3.53%,0.00%,0.00%
20260126,21,富盈數據股份有限公司,3654,TVBS-健康2.0_HB,21764,CF_文章右側300x600_TVBS-健康2.0_HB,,知名媒體,,18,0,0,18,15,3,83.33%,16.67%,0.00%,0.00%
20260126,21,富盈數據股份有限公司,3655,TVBS-食尚玩家_HB,21770,MW_文章三_336x280_TVBS-食尚玩家_HB,,知名媒體,,287,0,0,287,276,11,96.17%,3.83%,0.00%,0.00%
20260126,21,富盈數據股份有限公司,3655,TVBS-食尚玩家_HB,21771,MW_文章四_336x280_TVBS-食尚玩家_HB,,知名媒體,,6,0,0,6,6,0,100.00%,0.00%,0.00%,0.00%
20260126,21,富盈數據股份有限公司,3655,TVBS-食尚玩家_HB,21772,MW_文章置底_320x100_TVBS-食尚玩家_HB,,知名媒體,,12,0,0,12,11,1,91.67%,8.33%,0.00%,0.00%
20260126,21,富盈數據股份有限公司,3655,TVBS-食尚玩家_HB,21773,MW_文中創意320x480_TVBS-食尚玩家_HB,,知名媒體,,400,0,0,400,369,31,92.25%,7.75%,0.00%,0.00%
20260126,21,寶利拾股份有限公司,3652,愛料理_HB,21781,MW_置底創意(非展開)_愛料理_HB,,知名媒體,,6,0,0,6,6,0,100.00%,0.00%,0.00%,0.00%
20260126,21,先驅媒體社會企業股份有限公司,3554,新頭殼(R18),21830,(子)CF_300x250Banner_newtalk.tw_all_300250_1_新頭殼(R18),antifroud,知名媒體,子聯播網,6,0,0,6,5,1,83.33%,16.67%,0.00%,0.00%
20260126,21,先驅媒體社會企業股份有限公司,3554,新頭殼(R18),21839,ＭＷ_336x280Banner_newtalk.tw_mobile_all_336280_2_新頭殼(R18),antifroud,知名媒體,,201,0,0,201,197,4,98.01%,1.99%,0.00%,0.00%
20260126,21,儂儂雜誌社股份有限公司(bella儂儂),2135,Bella儂儂_2024,21876,MW-300x250_文章標題上方1_Bella儂儂,,知名媒體,,"1,419",0,0,"1,419","1,371",48,96.62%,3.38%,0.00%,0.00%
20260126,21,富盈數據股份有限公司,3680,TVBS-新聞網_HB,21898,CF_文章右側300x600_TVBS-新聞網_HB,,知名媒體,,95,0,0,95,94,1,98.95%,1.05%,0.00%,0.00%
20260126,21,富盈數據股份有限公司,3685,玩桌遊_mobile,21924,MW_置底創意(非展開)_玩桌遊-mobile,,,,668,0,0,668,521,147,77.99%,22.01%,0.00%,0.00%
20260126,21,富盈數據股份有限公司,2615,熱血台中,21986,CF_336x280_全網_熱血台中,,,,196,0,0,196,162,34,82.65%,17.35%,0.00%,0.00%
20260126,21,富盈數據股份有限公司,2615,熱血台中,21987,CF_336x280_全網_熱血台中,,,,95,0,0,95,77,18,81.05%,18.95%,0.00%,0.00%
20260126,21,富盈數據股份有限公司,3704,天天要聞,22030,CF_300 x 250 banner_天天要聞_cpc2,,,,"4,724",0,0,"4,724","2,469","2,255",52.27%,47.73%,0.00%,0.00%
20260126,21,富盈數據股份有限公司,3703,繁體小說,22031,CF_300 x 250 banner_繁體小說_cpc2,,,,451,0,0,451,327,124,72.51%,27.49%,0.00%,0.00%
20260126,21,朱光宁,3708,石頭小說,22045,CF_336 x 280 banner_石頭小說_cpc1.67,antifroud,,,"311,251",0,0,"311,251","146,238","165,013",46.98%,53.02%,0.00%,0.00%
20260126,21,冠妍動力科技有限公司,484,小老婆汽機車資訊網,22058,MW_文中創意320x480_小老婆汽機車資訊網-測試,,知名媒體,,25,0,0,25,15,10,60.00%,40.00%,0.00%,0.00%
20260126,21,朱光宁,3718,稷下書院2,22093,CF_336 x 280 banner_稷下書院2_cpc1.67,antifroud,,,"244,969",0,0,"244,969","121,683","123,286",49.67%,50.33%,0.00%,0.00%
20260126,21,富盈數據股份有限公司,3680,TVBS-新聞網_HB,22131,CF_文中300x250_TVBS-新聞網_HB_1,,知名媒體,,86,0,0,86,86,0,100.00%,0.00%,0.00%,0.00%
20260126,21,富盈數據股份有限公司,3680,TVBS-新聞網_HB,22132,CF_文中300x250_TVBS-新聞網_HB_2,,知名媒體,,524,0,0,524,513,11,97.90%,2.10%,0.00%,0.00%
20260126,21,富盈數據股份有限公司,3680,TVBS-新聞網_HB,22133,CF_文中300x250_TVBS-新聞網_HB_3,,知名媒體,,"1,219",0,0,"1,219","1,128",91,92.53%,7.47%,0.00%,0.00%
20260126,21,冰楓科技有限公司,3485,冰楓論壇-exchange,22160,CF_300x250_Banner2_ 冰楓論壇-exchange,,,,12,0,0,12,11,1,91.67%,8.33%,0.00%,0.00%
20260126,21,闇碼科技股份有限公司,3048,縮短網址產生器-reurl,22213,MW_蓋版_縮短網址產生器-reurl-2025.05(特殊供量),,知名媒體,,308,0,0,308,243,65,78.90%,21.10%,0.00%,0.00%
20260126,21,艾得基客行銷顧問股份有限公司,3724,上報,22217,MW_置底創意(非展開)_上報,,知名媒體,,294,0,0,294,285,9,96.94%,3.06%,0.00%,0.00%
20260126,21,艾得基客行銷顧問股份有限公司,3724,上報,22218,MW_置底(展開)_上報,,知名媒體,,199,0,0,199,192,7,96.48%,3.52%,0.00%,0.00%
20260126,21,朱光宁,3741,石頭小說3,22398,CF_336 x 280 banner_石頭小說3_cpc1.67,,,,"26,430",0,0,"26,426","15,210","11,216",57.56%,42.44%,0.00%,0.00%
20260126,21,朱光宁,3741,石頭小說3,22399,CF_320 x 480 橫幅_石頭小說3,,,,14,0,0,14,9,5,64.29%,35.71%,0.00%,0.00%
20260126,21,艾得基客行銷顧問股份有限公司,3724,上報,22405,MW_蓋版_上報,,知名媒體,,50,0,0,50,49,1,98.00%,2.00%,0.00%,0.00%
20260126,21,闇碼科技股份有限公司,3068,限時圖片-imgus,22406,MW_置底_imgus,antifroud,,,768,0,0,768,763,5,99.35%,0.65%,0.00%,0.00%
20260126,21,第一網站股份有限公司,2783,漫畫櫃manhuagui,22443,MW_置底_manhuagui,antifroud,,,"1,601",0,0,"1,601","1,476",125,92.19%,7.81%,0.00%,0.00%
20260126,21,艾得基客行銷顧問股份有限公司,2689,Basketball Top5,22498,MW_300x250 Banner_Basketball TOP5_CPM5,,,子聯播網,84,0,0,84,83,1,98.81%,1.19%,0.00%,0.00%
20260126,21,艾得基客行銷顧問股份有限公司,2578,鉅亨網,22507,MW_300x250_鉅亨網_直播用BN-1,,知名媒體,子聯播網,"5,257",0,0,"5,257","5,160",97,98.15%,1.85%,0.00%,0.00%
20260126,21,艾得基客行銷顧問股份有限公司,3752,ＭoneyDJ,22514,MW_文中創意320x480_MoneyDJ,antifroud,知名媒體,,155,0,0,155,137,18,88.39%,11.61%,0.00%,0.00%
20260126,21,艾得基客行銷顧問股份有限公司,3373,良醫健康網,22732,MW_300x250_良醫健康網,,知名媒體,,6,0,0,6,6,0,100.00%,0.00%,0.00%,0.00%
20260126,21,李承翰-webptt,718,Web批踢踢(RWD),2284,MW-蓋板_文中_Web批踢踢,antifroud,,,48,0,0,48,32,16,66.67%,33.33%,0.00%,0.00%
20260126,21,麥智維,999,動漫戲說,3543,CF-728*90-內文上方-動漫戲說,antifroud,,,6,0,0,6,6,0,100.00%,0.00%,0.00%,0.00%
20260126,21,技達創意資訊有限公司,1299,泰好網,4733,CF-300*250-內文下方-泰好網,,,,6,0,0,6,6,0,100.00%,0.00%,0.00%,0.00%
20260126,21,技達創意資訊有限公司,1299,泰好網,4734,MW-320*100-首頁、內文上方-泰好網,,,,18,0,0,18,18,0,100.00%,0.00%,0.00%,0.00%
20260126,21,陈晋福,1367,電視超人,4997,CF-300X250-電視超人,,,,32,0,0,32,26,6,81.25%,18.75%,0.00%,0.00%
20260126,21,麥智維,999,動漫戲說,6069,CF-300*250-首頁-動漫戲說,,,,175,0,0,175,141,34,80.57%,19.43%,0.00%,0.00%
20260126,21,精鏡傳媒股份有限公司,1060,鏡週刊,8250,MW_置底創意(非展開)_鏡週刊,,知名媒體,,68,0,0,68,60,8,88.24%,11.76%,0.00%,0.00%
20260126,21,巧克科技新媒體股份有限公司,2127,LINE TV_Banner-exchange,8576,CF_336x280_戲劇-右側好康資訊下方_LINE TV-exchange,,知名媒體,,60,0,0,60,53,7,88.33%,11.67%,0.00%,0.00%
20260126,21,見聞科技有限公司,2251,就是節目表,9233,MW-300x250-節目表文中-就是節目表,,,,8,0,0,8,8,0,100.00%,0.00%,0.00%,0.00%
20260126,22,英屬維京群島商浩美數位有限公司台灣分公司,2315,Teepr亮新聞-exchange,10012,CF_336x280Banner_Teepr亮新聞-exchange,,知名媒體,,716,0,0,716,696,20,97.21%,2.79%,0.00%,0.00%
20260126,22,第一網站股份有限公司,2300,keketravel,10594,(子)CF_336x280_keketravel,,,子聯播網,116,0,0,116,104,12,89.66%,10.34%,0.00%,0.00%
20260126,22,昱得資訊工作室,2528,數位書香,11080,CF_728x90_首頁上方_數位書香,antifroud,,,68,0,0,68,68,0,100.00%,0.00%,0.00%,0.00%
20260126,22,昱得資訊工作室,2528,數位書香,11081,CF_160x600_首頁右側_數位書香,antifroud,,,"1,121",0,0,"1,121","1,121",0,100.00%,0.00%,0.00%,0.00%
20260126,22,第一網站股份有限公司,2518,麻辣家族討論區(twbts),11082,CF-728X90-twbts,antifroud,,,292,0,0,292,273,19,93.49%,6.51%,0.00%,0.00%
20260126,22,第一網站股份有限公司,2540,risu短網址,11260,MW-300X250-MB_page_left-risu,,知名媒體,,6,0,0,6,6,0,100.00%,0.00%,0.00%,0.00%
20260126,22,第一網站股份有限公司,2492,ttshow,11273,MW-300X250-ttshow,,知名媒體,,30,0,0,30,25,5,83.33%,16.67%,0.00%,0.00%
20260126,22,第一網站股份有限公司,2601,Meme梗圖倉庫,11443,CF-336X280-meme,,,,84,0,0,84,67,17,79.76%,20.24%,0.00%,0.00%
20260126,22,葉志斌,2745,繁中寶可夢卡表生成器-奶爸工作室-exchange,12209,CF_336x280_文中_繁中寶可夢卡表生成器,,,,6,0,0,6,3,3,50.00%,50.00%,0.00%,0.00%
20260126,22,葉志斌,2745,繁中寶可夢卡表生成器-奶爸工作室-exchange,12210,CF_728x90__文末__繁中寶可夢卡表生成器,,,,6,0,0,6,6,0,100.00%,0.00%,0.00%,0.00%
20260126,22,第一網站股份有限公司,2540,risu短網址,12496,CF_300x250_popup(直播) _risu短網址,antifroud,知名媒體,,14,0,0,14,10,4,71.43%,28.57%,0.00%,0.00%
20260126,22,冰楓科技有限公司,1710,冰楓論壇,12511,MW_300x250_Banner_冰楓論壇-exchange,,,,6,0,0,6,6,0,100.00%,0.00%,0.00%,0.00%
20260126,22,第一網站股份有限公司,2768,czbooks,12570,CF_728x90_banner_czbooks,,,,"67,192",0,0,"67,192","47,199","19,993",70.24%,29.76%,0.00%,0.00%
20260126,22,鳳梨傳媒股份有限公司,2190,民視新聞網-Exchange,12579,CF_300x250_右側第一塊_民視新聞網-Exchange(RWD)(MCM),,知名媒體,,"3,495",0,0,"3,495","3,439",56,98.40%,1.60%,0.00%,0.00%
20260126,22,鳳梨傳媒股份有限公司,2190,民視新聞網-Exchange,12580,CF_300x250_內文文中左側_民視新聞網-Exchange(RWD)(MCM),,知名媒體,,"3,500",0,0,"3,500","3,428",72,97.94%,2.06%,0.00%,0.00%
20260126,22,第一網站股份有限公司,2783,漫畫櫃manhuagui,12676,CF_728X90_manhuagui,antifroud,,,"98,305",0,0,"98,305","83,357","14,948",84.79%,15.21%,0.00%,0.00%
20260126,22,第一網站股份有限公司,2801,damanwoo,12868,CF-300x250_Banner_damanwoo_大人物,,,,12,0,0,12,12,0,100.00%,0.00%,0.00%,0.00%
20260126,22,第一網站股份有限公司,2820,星座好朋友(horofriend88),12966,MW_320x100_horofriend88,antifroud,,,6,0,0,6,6,0,100.00%,0.00%,0.00%,0.00%
20260126,22,第一網站股份有限公司,2836,vivi01,13032,MW_置底創意_vivi01 ViVi視頻,,,,12,0,0,12,10,2,83.33%,16.67%,0.00%,0.00%
20260126,22,和運租車股份有限公司,2878,abc好車網,13368,CF_970x90_物件頁下方_abc好車網,,知名媒體,,13,0,0,13,8,5,61.54%,38.46%,0.00%,0.00%
20260126,22,曾憲敏,202,85小說網,13445,MW_336X280_全量1_85小說網,,,,"1,236",0,0,"1,236",940,296,76.05%,23.95%,0.00%,0.00%
20260126,22,曾憲敏,202,85小說網,13446,MW_336X280_全量2_85小說網,,,,"8,052",0,0,"8,052","6,428","1,624",79.83%,20.17%,0.00%,0.00%
20260126,22,曾憲敏,601,85小說網_PC,13450,(子)CF_336x280_全量2_85小說網,,,子聯播網,238,0,0,238,151,87,63.45%,36.55%,0.00%,0.00%
20260126,22,第一網站股份有限公司,2768,czbooks,13481,MW_300x250_banner_czbooks,antifroud,,子聯播網,"117,321",0,0,"117,321","66,077","51,244",56.32%,43.68%,0.00%,0.00%
20260126,22,第一網站股份有限公司,2768,czbooks,13482,(子)CF_300x600_banner_czbooks(限時段),,,子聯播網,"66,008",0,0,"66,008","44,582","21,426",67.54%,32.46%,0.00%,0.00%
20260126,22,第一網站股份有限公司,2768,czbooks,13483,(子)CF_970x250_banner_czbooks(限時段),,,子聯播網,"71,325",0,0,"71,325","45,067","26,258",63.19%,36.81%,0.00%,0.00%
20260126,22,第一網站股份有限公司,2910,clickme,13548,(子)CF_300x250_banner_clickme(一般),,,子聯播網,"1,830",0,0,"1,830","1,481",349,80.93%,19.07%,0.00%,0.00%
20260126,22,第一網站股份有限公司,2910,clickme,13549,CF_300x250_banner_clickme(一般),,,,128,0,0,128,117,11,91.41%,8.59%,0.00%,0.00%
20260126,22,第一網站股份有限公司,2916,KiKiNote,13576,(子)CF_300x250_banner_kikinote,,知名媒體,子聯播網,"2,070",0,0,"2,070","1,921",149,92.80%,7.20%,0.00%,0.00%
20260126,22,闇碼科技股份有限公司,2992,縮短網址產生器-reurl-exchange,13858,CF_300x250_網址下方左側_reurl,,知名媒體,,18,0,0,18,17,1,94.44%,5.56%,0.00%,0.00%
20260126,22,闇碼科技股份有限公司,2992,縮短網址產生器-reurl-exchange,13860,CF_300x250_網址下方右側_reurl,,知名媒體,,24,0,0,24,20,4,83.33%,16.67%,0.00%,0.00%
20260126,22,闇碼科技股份有限公司,2992,縮短網址產生器-reurl-exchange,13861,CF_300x250_網址下方右側(PB)_reurl,,知名媒體,,55,0,0,55,25,30,45.45%,54.55%,0.00%,0.00%
20260126,22,第一網站股份有限公司,2768,czbooks,13903,(子)CF_300x250_banner_czbooks(直播),antifroud,,子聯播網,"301,346",0,0,"301,346","163,812","137,534",54.36%,45.64%,0.00%,0.00%
20260126,22,第一網站股份有限公司,2783,漫畫櫃manhuagui,13904,(子)CF_300x250_banner_manhuagui(直播),antifroud,,子聯播網,"180,799",0,0,"180,799","156,483","24,316",86.55%,13.45%,0.00%,0.00%
20260126,22,陳人鳳,480,飛格寵物家族_PC,1407,CF-728X90_上方通欄_飛格寵物家族,,,,86,0,0,86,61,25,70.93%,29.07%,0.00%,0.00%
20260126,22,陳人鳳,480,飛格寵物家族_PC,1408,CF-300X250_內文_飛格寵物家族,,,,91,0,0,91,60,31,65.93%,34.07%,0.00%,0.00%
20260126,22,飛凡傳播股份有限公司,1921,非凡新聞台-exchange,14188,MW_300x250_內文上方_非凡新聞-exchange,antifroud,知名媒體,,12,0,0,12,10,2,83.33%,16.67%,0.00%,0.00%
20260126,22,飛凡傳播股份有限公司,1921,非凡新聞台-exchange,14189,CF_300x600_右側下方_非凡新聞-exchange,antifroud,知名媒體,,19,0,0,19,19,0,100.00%,0.00%,0.00%,0.00%
20260126,22,闇碼科技股份有限公司,3048,縮短網址產生器-reurl,14210,MW_文中創意300x250_縮短網址產生器-reurl,,知名媒體,,297,0,0,297,241,56,81.14%,18.86%,0.00%,0.00%
20260126,22,富盈數據股份有限公司,3059,塔科女子,14258,CF_336x280_全網_塔科女子,,知名媒體,,102,0,0,102,99,3,97.06%,2.94%,0.00%,0.00%
20260126,22,CBROOT LTD,3003,包子漫畫-exchange,14291,MW_300x250_蓋板(PB)_包子漫畫,,,,197,0,0,197,171,26,86.80%,13.20%,0.00%,0.00%
20260126,22,朱光宁,3152,石頭小說-exchange,14472,MW_336x280_Banner_石頭小說,,,,"9,680",0,0,"9,679","5,762","3,917",59.53%,40.47%,0.00%,0.00%
20260126,22,朱光宁,3149,稷下書院-exchange,14748,MW_320x100_置底(PB)_稷下書院,,,,"40,372",0,0,"40,366","23,819","16,547",59.01%,40.99%,0.00%,0.00%
20260126,22,巨思文化股份有限公司,3053,數位時代_HB,14764,MW_置底創意_(非展開)_數位時代_HB,,知名媒體,,63,0,0,63,52,11,82.54%,17.46%,0.00%,0.00%
20260126,22,中天電視股份有限公司,3282,中天新聞網-exchange,14980,CF_970x250_內頁_PC置頂橫幅-中天新聞網-exchange,,知名媒體,,155,0,0,155,147,8,94.84%,5.16%,0.00%,0.00%
20260126,22,CBROOT LTD,3305,包子漫畫NEW-exchange,15143,(子)CF_970x250_Banner(直播)_包子漫畫(kukuc.co),,,子聯播網,82,0,0,82,82,0,100.00%,0.00%,0.00%,0.00%
20260126,22,CBROOT LTD,3305,包子漫畫NEW-exchange,15145,(子)CF_970x250_指定流量Banner_包子漫畫(kukuc.co),antifroud,,子聯播網,"1,822",0,0,"1,822","1,808",14,99.23%,0.77%,0.00%,0.00%
20260126,22,曾憲敏,3327,85小說網_創意,15228,MW-創意-85小說網,,,,24,0,0,24,18,6,75.00%,25.00%,0.00%,0.00%
20260126,22,和運租車股份有限公司,2878,abc好車網,15249,CF_300x250_搜尋頁右側_abc好車網,,知名媒體,,6,0,0,6,5,1,83.33%,16.67%,0.00%,0.00%
20260126,22,中天電視股份有限公司,3282,中天新聞網-exchange,15859,CF_336x280_內頁_PC右側互動看板B-中天新聞網-exchange,,知名媒體,,636,0,0,636,596,40,93.71%,6.29%,0.00%,0.00%
20260126,22,CBROOT LTD,3352,西瓜卡通-exchange,15969,CF_728x90_影音內容_西瓜卡通-exchange,,,,80,0,0,80,77,3,96.25%,3.75%,0.00%,0.00%
20260126,22,CBROOT LTD,3352,西瓜卡通-exchange,15970,CF_160x600_影音內容_西瓜卡通-exchange,,,,134,0,0,134,130,4,97.01%,2.99%,0.00%,0.00%
20260126,22,時報資訊股份有限公司,2817,旺得富,16910,CF_300x250_Billboard_1s_旺得富,,知名媒體,,12,0,0,12,12,0,100.00%,0.00%,0.00%,0.00%
20260126,22,時報資訊股份有限公司,2817,旺得富,16911,CF_300x250_Billboard_2nd_旺得富,,知名媒體,,18,0,0,18,18,0,100.00%,0.00%,0.00%,0.00%
20260126,22,葉志斌,2745,繁中寶可夢卡表生成器-奶爸工作室-exchange,16951,CF_300x600_Banner_繁中寶可夢卡表生成器-奶爸工作室-exchange,,,,"1,067",0,0,"1,067","1,067",0,100.00%,0.00%,0.00%,0.00%
20260126,22,朱光宁,3360,提莫書屋-exchange,16957,MW_336x280banner_提莫書屋_exchange,,,,"24,637",0,0,"24,636","18,422","6,214",74.78%,25.22%,0.00%,0.00%
20260126,22,朱光宁,3361,提莫書屋-mobile,16959,MW_320x480_文中創意_提莫書屋-mobile,,,,108,0,0,108,87,21,80.56%,19.44%,0.00%,0.00%
20260126,22,欣發現股份有限公司,3364,女子學-mobile,16972,MW_置底創意_女子學,antifroud,,,105,0,0,105,74,31,70.48%,29.52%,0.00%,0.00%
20260126,22,朱光宁,3149,稷下書院-exchange,17003,(子)CF_336x280_Banner(指定流量)_稷下書院-exchange,,,子聯播網,"3,379",0,0,"3,371","1,548","1,823",45.92%,54.08%,0.00%,0.00%
20260126,22,第一網站股份有限公司,2783,漫畫櫃manhuagui,17027,MW_320x480_蓋版_漫畫櫃manhuagui,,,,66,0,0,66,59,7,89.39%,10.61%,0.00%,0.00%
20260126,22,朱光宁,3149,稷下書院-exchange,17095,(子)MW_336x280_Banner_稷下書院-exchange,antifroud,,,"29,517",0,0,"29,513","14,225","15,288",48.20%,51.80%,0.00%,0.00%
20260126,22,詠勝科技有限公司,3385,Mobile01_HB,17174,CF_970x250_超級橫幅_置底_Mobile01_HB,,知名媒體,,6,0,0,6,1,5,16.67%,83.33%,0.00%,0.00%
20260126,22,詠勝科技有限公司,3385,Mobile01_HB,17178,CF_300x250_頻道頁_大看板_Mobile01_HB,,知名媒體,,60,0,0,60,42,18,70.00%,30.00%,0.00%,0.00%
20260126,22,詠勝科技有限公司,3385,Mobile01_HB,17179,CF_300x250_熱門大看板_Mobile01_HB,,知名媒體,,"4,909",0,0,"4,909","3,821","1,088",77.84%,22.16%,0.00%,0.00%
20260126,22,詠勝科技有限公司,3385,Mobile01_HB,17183,CF_300x600_大摩天_Mobile01_HB,,知名媒體,,"2,266",0,0,"2,266","1,848",418,81.55%,18.45%,0.00%,0.00%
20260126,22,朱光宁,3268,稷下書院-mobile,17207,MW_320x480_蓋版_稷下書院-mobile,,,,300,0,0,300,180,120,60.00%,40.00%,0.00%,0.00%
20260126,22,中華電視股份有限公司,3389,華視-mobile,17230,MW_置底創意(非展開)_華視-mobile,,知名媒體,,12,0,0,12,12,0,100.00%,0.00%,0.00%,0.00%
20260126,22,李立娟,3395,vivi0視頻-exchange,17293,CF_336x280_Banner_vivi01視頻-exchange,antifroud,,,698,0,0,698,672,26,96.28%,3.72%,0.00%,0.00%
20260126,22,李立娟,3395,vivi0視頻-exchange,17294,MW_336x280_Banner_vivi01視頻-exchange,antifroud,,,"5,734",0,0,"5,734","5,417",317,94.47%,5.53%,0.00%,0.00%
20260126,22,李立娟,3397,趣聞圖說-exchange,17297,(子)MW_336x280_Banner_趣聞圖說-exchange,antifroud,,,"59,265",0,0,"59,265","53,091","6,174",89.58%,10.42%,0.00%,0.00%
20260126,22,李立娟,3395,vivi0視頻-exchange,17299,MW_300x250_蓋板(PB)-vivi01視頻-exchange,,,,76,0,0,76,74,2,97.37%,2.63%,0.00%,0.00%
20260126,22,李立娟,3395,vivi0視頻-exchange,17300,MW_320x100_置底(PB)_vivi01視頻-exchange,antifroud,,,632,0,0,632,607,25,96.04%,3.96%,0.00%,0.00%
20260126,22,李立娟,3397,趣聞圖說-exchange,17309,MW_336x280_文中Banner_趣聞圖說-exchange,,,,14,0,0,14,10,4,71.43%,28.57%,0.00%,0.00%
20260126,22,曾憲敏,601,85小說網_PC,1773,CF-300x250_85小說網_內文1,,,,280,0,0,280,182,98,65.00%,35.00%,0.00%,0.00%
20260126,22,第一網站股份有限公司,2768,czbooks,17927,MW_置底創意_czbook,,,,46,0,0,46,29,17,63.04%,36.96%,0.00%,0.00%
20260126,22,時報資訊股份有限公司_工商時報,3427,工商時報-exchange,18003,CF_300x250_互動看板2_工商時報-exchange,,知名媒體,,30,0,0,30,16,14,53.33%,46.67%,0.00%,0.00%
20260126,22,第一網站股份有限公司,3440,fsa_passback_first,18202,CF_300x250_fsa_passback_first,,,,"1,399",0,0,"1,399","1,145",254,81.84%,18.16%,0.00%,0.00%
20260126,22,第一網站股份有限公司,3440,fsa_passback_first,18266,(子)CF_970x250_cfbanner_blog,,,子聯播網,"1,029",0,0,"1,029",854,175,82.99%,17.01%,0.00%,0.00%
20260126,22,莊博凱,3455,夢遊電玩,18269,300x250 Banner,,,,20,0,0,20,14,6,70.00%,30.00%,0.00%,0.00%
20260126,22,冰楓科技有限公司,3485,冰楓論壇-exchange,18487,CF_970x90_內文上方第一塊_冰楓論壇-exchange,,,,880,0,0,880,742,138,84.32%,15.68%,0.00%,0.00%
20260126,22,冰楓科技有限公司,3485,冰楓論壇-exchange,18488,MW_320x100_內文上方第一塊_ 冰楓論壇-exchange,antifroud,,,6,0,0,6,4,2,66.67%,33.33%,0.00%,0.00%
20260126,22,冰楓科技有限公司,3485,冰楓論壇-exchange,18492,MW_300x250_Banner_ 冰楓論壇-exchange,,,,300,0,0,300,267,33,89.00%,11.00%,0.00%,0.00%
20260126,22,CBROOT LTD,3492,包子漫畫(特開流量)-exchange,18544,(子)CF_300x600_指定流量_包子漫畫(特開流量)-exchange,,,子聯播網,"22,735",0,0,"22,735","20,113","2,622",88.47%,11.53%,0.00%,0.00%
20260126,22,CBROOT LTD,3492,包子漫畫(特開流量)-exchange,18545,(子)CF_970x250_指定時段_包子漫畫(特開流量)-exchange,,,子聯播網,"88,316",0,0,"88,316","82,142","6,174",93.01%,6.99%,0.00%,0.00%
20260126,22,CBROOT LTD,3492,包子漫畫(特開流量)-exchange,18546,(子)CF_300x250_指定時段_包子漫畫(特開流量)-exchange,,,子聯播網,"219,438",0,0,"219,438","199,639","19,799",90.98%,9.02%,0.00%,0.00%
20260126,22,CBROOT LTD,3492,包子漫畫(特開流量)-exchange,18558,CF_970x250_指定時段_包子漫畫(特開流量PB)-exchange,,,,"62,457",0,0,"62,457","57,303","5,154",91.75%,8.25%,0.00%,0.00%
20260126,22,CBROOT LTD,3510,包子漫畫_twmanga-exchange,18732,MW_336x280_Banner_包子漫畫_twmanga,,,子聯播網,"53,615",0,0,"53,615","38,097","15,518",71.06%,28.94%,0.00%,0.00%
20260126,22,CBROOT LTD,3510,包子漫畫_twmanga-exchange,18735,CF_336x280_Banner_包子漫畫_twmanga-exchange,,,,478,0,0,478,460,18,96.23%,3.77%,0.00%,0.00%
20260126,22,CBROOT LTD,3510,包子漫畫_twmanga-exchange,18736,CF_970x250_ 包子漫畫_twmanga-exchange,,,,887,0,0,887,778,109,87.71%,12.29%,0.00%,0.00%
20260126,22,第一網站股份有限公司,3516,ezneering,18756,(子)CF_300x250_Banner_ezneering,,,子聯播網,14,0,0,14,14,0,100.00%,0.00%,0.00%,0.00%
20260126,22,舒禾驊,3535,荷花動漫筆記,18887,CF_336x280_文章頁文中_荷花動漫筆記,,,,32,0,0,32,27,5,84.38%,15.62%,0.00%,0.00%
20260126,22,台灣英文新聞股份有限公司,3537,台灣英文新聞(new)-exchange,18924,CF_300x250_內容頁_右側看版_1_台灣英文新聞(new)-exchange,,知名媒體,,137,0,0,137,97,40,70.80%,29.20%,0.00%,0.00%
20260126,22,台灣英文新聞股份有限公司,3537,台灣英文新聞(new)-exchange,18925,CF_300x600_內容頁_右側看版_2_台灣英文新聞(new)-exchange,,知名媒體,,14,0,0,14,10,4,71.43%,28.57%,0.00%,0.00%
20260126,22,聯合線上股份有限公司,3442,UDN聯合新聞網,19031,MW_置底創意_UDN聯合新聞網,antifroud,知名媒體,,6,0,0,6,6,0,100.00%,0.00%,0.00%,0.00%
20260126,22,艾得基客行銷顧問股份有限公司,3552,玩具人,19044,MW_320x480_文中創意_玩具人,,知名媒體,,233,0,0,233,223,10,95.71%,4.29%,0.00%,0.00%
20260126,22,第一網站股份有限公司,2783,漫畫櫃manhuagui,20685,MW_300X250_manhuagui,antifroud,,,40,0,0,40,36,4,90.00%,10.00%,0.00%,0.00%
20260126,22,德榕企業有限公司,3578,TW Bodhi_mobile,20708,MW_蓋板_TW Bodhi,,,,806,0,0,806,800,6,99.26%,0.74%,0.00%,0.00%
20260126,22,德榕企業有限公司,3581,忘憂書屋,20727,CF_336x280文章頁(RWD)_忘憂書屋,,,,178,0,0,178,171,7,96.07%,3.93%,0.00%,0.00%
20260126,22,第一網站股份有限公司,2910,clickme,20735,(子)CF_300x250_banner_clickme(成人),,,子聯播網,"13,318",0,0,"13,318","11,094","2,224",83.30%,16.70%,0.00%,0.00%
20260126,22,富盈數據股份有限公司,3653,TVBS-女人我最大_HB,21761,MW_文章四_336x280_TVBS-女人我最大_HB,,知名媒體,,6,0,0,6,6,0,100.00%,0.00%,0.00%,0.00%
20260126,22,富盈數據股份有限公司,3653,TVBS-女人我最大_HB,21763,MW_文中創意320x480_TVBS-女人我最大_HB,,知名媒體,,"3,122",0,0,"3,122","3,048",74,97.63%,2.37%,0.00%,0.00%
20260126,22,富盈數據股份有限公司,3655,TVBS-食尚玩家_HB,21770,MW_文章三_336x280_TVBS-食尚玩家_HB,,知名媒體,,110,0,0,110,105,5,95.45%,4.55%,0.00%,0.00%
20260126,22,富盈數據股份有限公司,3655,TVBS-食尚玩家_HB,21773,MW_文中創意320x480_TVBS-食尚玩家_HB,,知名媒體,,"1,059",0,0,"1,059","1,003",56,94.71%,5.29%,0.00%,0.00%
20260126,22,先驅媒體社會企業股份有限公司,3554,新頭殼(R18),21830,(子)CF_300x250Banner_newtalk.tw_all_300250_1_新頭殼(R18),antifroud,知名媒體,子聯播網,6,0,0,6,4,2,66.67%,33.33%,0.00%,0.00%
20260126,22,先驅媒體社會企業股份有限公司,3554,新頭殼(R18),21831,(子)CF_300x250Banner_newtalk.tw_all_300250_2_新頭殼(R18),,知名媒體,子聯播網,6,0,0,6,4,2,66.67%,33.33%,0.00%,0.00%
20260126,22,先驅媒體社會企業股份有限公司,3554,新頭殼(R18),21839,ＭＷ_336x280Banner_newtalk.tw_mobile_all_336280_2_新頭殼(R18),antifroud,知名媒體,,86,0,0,86,83,3,96.51%,3.49%,0.00%,0.00%
20260126,22,儂儂雜誌社股份有限公司(bella儂儂),2135,Bella儂儂_2024,21876,MW-300x250_文章標題上方1_Bella儂儂,,知名媒體,,"1,406",0,0,"1,406","1,350",56,96.02%,3.98%,0.00%,0.00%
20260126,22,富盈數據股份有限公司,3680,TVBS-新聞網_HB,21898,CF_文章右側300x600_TVBS-新聞網_HB,,知名媒體,,34,0,0,34,34,0,100.00%,0.00%,0.00%,0.00%
20260126,22,富盈數據股份有限公司,3685,玩桌遊_mobile,21924,MW_置底創意(非展開)_玩桌遊-mobile,,,,455,0,0,455,347,108,76.26%,23.74%,0.00%,0.00%
20260126,22,富盈數據股份有限公司,2615,熱血台中,21986,CF_336x280_全網_熱血台中,,,,64,0,0,64,56,8,87.50%,12.50%,0.00%,0.00%
20260126,22,富盈數據股份有限公司,2615,熱血台中,21987,CF_336x280_全網_熱血台中,,,,45,0,0,45,45,0,100.00%,0.00%,0.00%,0.00%
20260126,22,富盈數據股份有限公司,3704,天天要聞,22030,CF_300 x 250 banner_天天要聞_cpc2,,,,"2,558",0,0,"2,558","1,348","1,210",52.70%,47.30%,0.00%,0.00%
20260126,22,富盈數據股份有限公司,3703,繁體小說,22031,CF_300 x 250 banner_繁體小說_cpc2,,,,217,0,0,217,139,78,64.06%,35.94%,0.00%,0.00%
20260126,22,朱光宁,3708,石頭小說,22045,CF_336 x 280 banner_石頭小說_cpc1.67,antifroud,,,"321,059",0,0,"321,059","187,373","133,686",58.36%,41.64%,0.00%,0.00%
20260126,22,冠妍動力科技有限公司,484,小老婆汽機車資訊網,22058,MW_文中創意320x480_小老婆汽機車資訊網-測試,,知名媒體,,30,0,0,30,21,9,70.00%,30.00%,0.00%,0.00%
20260126,22,朱光宁,3718,稷下書院2,22093,CF_336 x 280 banner_稷下書院2_cpc1.67,antifroud,,,"253,939",0,0,"253,939","141,283","112,656",55.64%,44.36%,0.00%,0.00%
20260126,22,富盈數據股份有限公司,3680,TVBS-新聞網_HB,22131,CF_文中300x250_TVBS-新聞網_HB_1,,知名媒體,,12,0,0,12,11,1,91.67%,8.33%,0.00%,0.00%
20260126,22,富盈數據股份有限公司,3680,TVBS-新聞網_HB,22132,CF_文中300x250_TVBS-新聞網_HB_2,,知名媒體,,90,0,0,90,89,1,98.89%,1.11%,0.00%,0.00%
20260126,22,富盈數據股份有限公司,3680,TVBS-新聞網_HB,22133,CF_文中300x250_TVBS-新聞網_HB_3,,知名媒體,,185,0,0,185,178,7,96.22%,3.78%,0.00%,0.00%
20260126,22,富盈數據股份有限公司,3730,Teepr 亮新聞 HB,22145,MW_336x280_文中創意_Teepr亮新聞 HB,,,,6,0,0,6,6,0,100.00%,0.00%,0.00%,0.00%
20260126,22,冰楓科技有限公司,3485,冰楓論壇-exchange,22160,CF_300x250_Banner2_ 冰楓論壇-exchange,,,,6,0,0,6,6,0,100.00%,0.00%,0.00%,0.00%
20260126,22,闇碼科技股份有限公司,3048,縮短網址產生器-reurl,22213,MW_蓋版_縮短網址產生器-reurl-2025.05(特殊供量),,知名媒體,,289,0,0,289,197,92,68.17%,31.83%,0.00%,0.00%
20260126,22,欣發現股份有限公司,3363,大人物-mobile,22222,MW_蓋板_大人物,,知名媒體,,6,0,0,6,5,1,83.33%,16.67%,0.00%,0.00%
20260126,22,朱光宁,3741,石頭小說3,22398,CF_336 x 280 banner_石頭小說3_cpc1.67,,,,"26,682",0,0,"26,680","15,316","11,364",57.41%,42.59%,0.00%,0.00%
20260126,22,朱光宁,3741,石頭小說3,22399,CF_320 x 480 橫幅_石頭小說3,,,,26,0,0,26,15,11,57.69%,42.31%,0.00%,0.00%
20260126,22,闇碼科技股份有限公司,3068,限時圖片-imgus,22406,MW_置底_imgus,antifroud,,,358,0,0,358,356,2,99.44%,0.56%,0.00%,0.00%
20260126,22,第一網站股份有限公司,2783,漫畫櫃manhuagui,22443,MW_置底_manhuagui,antifroud,,,"1,415",0,0,"1,415","1,305",110,92.23%,7.77%,0.00%,0.00%
20260126,22,艾得基客行銷顧問股份有限公司,2578,鉅亨網,22507,MW_300x250_鉅亨網_直播用BN-1,,知名媒體,子聯播網,7,0,0,7,7,0,100.00%,0.00%,0.00%,0.00%
20260126,22,李承翰-webptt,718,Web批踢踢(RWD),2284,MW-蓋板_文中_Web批踢踢,antifroud,,,50,0,0,50,35,15,70.00%,30.00%,0.00%,0.00%
20260126,22,麥智維,999,動漫戲說,3543,CF-728*90-內文上方-動漫戲說,antifroud,,,30,0,0,30,16,14,53.33%,46.67%,0.00%,0.00%
20260126,22,肖偉彬,1287,紅櫻桃小說書庫,4678,CF-內文上方-300*250-紅櫻桃小說書庫,,,,6,0,0,6,4,2,66.67%,33.33%,0.00%,0.00%
20260126,22,技達創意資訊有限公司,1299,泰好網,4734,MW-320*100-首頁、內文上方-泰好網,,,,24,0,0,24,22,2,91.67%,8.33%,0.00%,0.00%
20260126,22,陈晋福,1367,電視超人,4997,CF-300X250-電視超人,,,,8,0,0,8,5,3,62.50%,37.50%,0.00%,0.00%
20260126,22,麥智維,999,動漫戲說,6069,CF-300*250-首頁-動漫戲說,,,,166,0,0,166,142,24,85.54%,14.46%,0.00%,0.00%
20260126,22,精鏡傳媒股份有限公司,1060,鏡週刊,8250,MW_置底創意(非展開)_鏡週刊,,知名媒體,,69,0,0,69,60,9,86.96%,13.04%,0.00%,0.00%
20260126,22,臺灣電視事業股份有限公司,52,台視,8313,PC-300x250_內文第一塊_台視財經,,知名媒體,,6,0,0,6,6,0,100.00%,0.00%,0.00%,0.00%
20260126,22,布林遊國際有限公司,1692,Bring You,8393,CF-300X250-上方通欄右側_BringYou,,知名媒體,,6,0,0,6,6,0,100.00%,0.00%,0.00%,0.00%
20260126,22,巧克科技新媒體股份有限公司,2127,LINE TV_Banner-exchange,8576,CF_336x280_戲劇-右側好康資訊下方_LINE TV-exchange,,知名媒體,,38,0,0,38,33,5,86.84%,13.16%,0.00%,0.00%
20260126,23,英屬維京群島商浩美數位有限公司台灣分公司,2315,Teepr亮新聞-exchange,10012,CF_336x280Banner_Teepr亮新聞-exchange,,知名媒體,,168,0,0,168,168,0,100.00%,0.00%,0.00%,0.00%
20260126,23,昱得資訊工作室,2528,數位書香,11080,CF_728x90_首頁上方_數位書香,antifroud,,,76,0,0,76,76,0,100.00%,0.00%,0.00%,0.00%
20260126,23,昱得資訊工作室,2528,數位書香,11081,CF_160x600_首頁右側_數位書香,antifroud,,,"1,034",0,0,"1,034","1,033",1,99.90%,0.10%,0.00%,0.00%
20260126,23,第一網站股份有限公司,2518,麻辣家族討論區(twbts),11082,CF-728X90-twbts,antifroud,,,145,0,0,145,135,10,93.10%,6.90%,0.00%,0.00%
20260126,23,第一網站股份有限公司,2540,risu短網址,11260,MW-300X250-MB_page_left-risu,,知名媒體,,6,0,0,6,6,0,100.00%,0.00%,0.00%,0.00%
20260126,23,第一網站股份有限公司,2492,ttshow,11273,MW-300X250-ttshow,,知名媒體,,18,0,0,18,14,4,77.78%,22.22%,0.00%,0.00%
20260126,23,第一網站股份有限公司,2601,Meme梗圖倉庫,11443,CF-336X280-meme,,,,24,0,0,24,24,0,100.00%,0.00%,0.00%,0.00%
20260126,23,葉志斌,2745,繁中寶可夢卡表生成器-奶爸工作室-exchange,12210,CF_728x90__文末__繁中寶可夢卡表生成器,,,,34,0,0,34,34,0,100.00%,0.00%,0.00%,0.00%
20260126,23,第一網站股份有限公司,2768,czbooks,12570,CF_728x90_banner_czbooks,,,,"49,582",0,0,"49,582","36,898","12,684",74.42%,25.58%,0.00%,0.00%
20260126,23,鳳梨傳媒股份有限公司,2190,民視新聞網-Exchange,12579,CF_300x250_右側第一塊_民視新聞網-Exchange(RWD)(MCM),,知名媒體,,"1,471",0,0,"1,471","1,427",44,97.01%,2.99%,0.00%,0.00%
20260126,23,鳳梨傳媒股份有限公司,2190,民視新聞網-Exchange,12580,CF_300x250_內文文中左側_民視新聞網-Exchange(RWD)(MCM),,知名媒體,,"1,494",0,0,"1,494","1,408",86,94.24%,5.76%,0.00%,0.00%
20260126,23,第一網站股份有限公司,2783,漫畫櫃manhuagui,12676,CF_728X90_manhuagui,antifroud,,,"78,977",0,0,"78,977","65,843","13,134",83.37%,16.63%,0.00%,0.00%
20260126,23,第一網站股份有限公司,2801,damanwoo,12868,CF-300x250_Banner_damanwoo_大人物,,,,6,0,0,6,6,0,100.00%,0.00%,0.00%,0.00%
20260126,23,第一網站股份有限公司,2820,星座好朋友(horofriend88),12966,MW_320x100_horofriend88,antifroud,,,8,0,0,8,8,0,100.00%,0.00%,0.00%,0.00%
20260126,23,曾憲敏,202,85小說網,13445,MW_336X280_全量1_85小說網,,,,"1,090",0,0,"1,090",799,291,73.30%,26.70%,0.00%,0.00%
20260126,23,曾憲敏,202,85小說網,13446,MW_336X280_全量2_85小說網,,,,"8,098",0,0,"8,098","6,325","1,773",78.11%,21.89%,0.00%,0.00%
20260126,23,曾憲敏,601,85小說網_PC,13450,(子)CF_336x280_全量2_85小說網,,,子聯播網,176,0,0,176,114,62,64.77%,35.23%,0.00%,0.00%
20260126,23,第一網站股份有限公司,2768,czbooks,13482,(子)CF_300x600_banner_czbooks(限時段),,,子聯播網,"3,247",0,0,"3,247","2,167","1,080",66.74%,33.26%,0.00%,0.00%
20260126,23,第一網站股份有限公司,2768,czbooks,13483,(子)CF_970x250_banner_czbooks(限時段),,,子聯播網,"3,743",0,0,"3,743","2,319","1,424",61.96%,38.04%,0.00%,0.00%
20260126,23,第一網站股份有限公司,2910,clickme,13548,(子)CF_300x250_banner_clickme(一般),,,子聯播網,"2,464",0,0,"2,464","1,826",638,74.11%,25.89%,0.00%,0.00%
20260126,23,第一網站股份有限公司,2910,clickme,13549,CF_300x250_banner_clickme(一般),,,,20,0,0,20,20,0,100.00%,0.00%,0.00%,0.00%
20260126,23,第一網站股份有限公司,2916,KiKiNote,13576,(子)CF_300x250_banner_kikinote,,知名媒體,子聯播網,"1,575",0,0,"1,575","1,474",101,93.59%,6.41%,0.00%,0.00%
20260126,23,闇碼科技股份有限公司,2992,縮短網址產生器-reurl-exchange,13848,CF_300x250_轉址失敗_最右邊_reurl,,知名媒體,,6,0,0,6,0,6,0.00%,100.00%,0.00%,0.00%
20260126,23,闇碼科技股份有限公司,2992,縮短網址產生器-reurl-exchange,13856,CF_300x250_轉址失敗頁第二塊_reurl,,知名媒體,,18,0,0,18,8,10,44.44%,55.56%,0.00%,0.00%
20260126,23,第一網站股份有限公司,2768,czbooks,13903,(子)CF_300x250_banner_czbooks(直播),antifroud,,子聯播網,"266,108",0,0,"266,108","138,794","127,314",52.16%,47.84%,0.00%,0.00%
20260126,23,陳人鳳,480,飛格寵物家族_PC,1407,CF-728X90_上方通欄_飛格寵物家族,,,,54,0,0,54,42,12,77.78%,22.22%,0.00%,0.00%
20260126,23,陳人鳳,480,飛格寵物家族_PC,1408,CF-300X250_內文_飛格寵物家族,,,,104,0,0,104,58,46,55.77%,44.23%,0.00%,0.00%
20260126,23,闇碼科技股份有限公司,3048,縮短網址產生器-reurl,14210,MW_文中創意300x250_縮短網址產生器-reurl,,知名媒體,,179,0,0,179,147,32,82.12%,17.88%,0.00%,0.00%
20260126,23,巨思文化股份有限公司,3052,經理人_HB,14238,MW_文章結束第一塊_300x250_經理人-HB,,知名媒體,,6,0,0,6,4,2,66.67%,33.33%,0.00%,0.00%
20260126,23,巨思文化股份有限公司,3052,經理人_HB,14241,MW_300x250_內文下方_經理人-HB,,知名媒體,,6,0,0,6,4,2,66.67%,33.33%,0.00%,0.00%
20260126,23,富盈數據股份有限公司,3059,塔科女子,14258,CF_336x280_全網_塔科女子,,知名媒體,,36,0,0,36,36,0,100.00%,0.00%,0.00%,0.00%
20260126,23,朱光宁,3152,石頭小說-exchange,14472,MW_336x280_Banner_石頭小說,,,,"6,794",0,0,"6,794","3,978","2,816",58.55%,41.45%,0.00%,0.00%
20260126,23,朱光宁,3149,稷下書院-exchange,14748,MW_320x100_置底(PB)_稷下書院,,,,"40,457",0,0,"40,457","20,382","20,075",50.38%,49.62%,0.00%,0.00%
20260126,23,CBROOT LTD,3305,包子漫畫NEW-exchange,15145,(子)CF_970x250_指定流量Banner_包子漫畫(kukuc.co),antifroud,,子聯播網,827,0,0,827,827,0,100.00%,0.00%,0.00%,0.00%
20260126,23,和運租車股份有限公司,2878,abc好車網,15249,CF_300x250_搜尋頁右側_abc好車網,,知名媒體,,6,0,0,6,5,1,83.33%,16.67%,0.00%,0.00%
20260126,23,中天電視股份有限公司,3282,中天新聞網-exchange,15859,CF_336x280_內頁_PC右側互動看板B-中天新聞網-exchange,,知名媒體,,132,0,0,132,96,36,72.73%,27.27%,0.00%,0.00%
20260126,23,CBROOT LTD,3352,西瓜卡通-exchange,15969,CF_728x90_影音內容_西瓜卡通-exchange,,,,6,0,0,6,6,0,100.00%,0.00%,0.00%,0.00%
20260126,23,CBROOT LTD,3352,西瓜卡通-exchange,15970,CF_160x600_影音內容_西瓜卡通-exchange,,,,118,0,0,118,112,6,94.92%,5.08%,0.00%,0.00%
20260126,23,葉志斌,2745,繁中寶可夢卡表生成器-奶爸工作室-exchange,16950,CF_160x600_Banner_繁中寶可夢卡表生成器-奶爸工作室-exchange,,,,24,0,0,24,24,0,100.00%,0.00%,0.00%,0.00%
20260126,23,葉志斌,2745,繁中寶可夢卡表生成器-奶爸工作室-exchange,16951,CF_300x600_Banner_繁中寶可夢卡表生成器-奶爸工作室-exchange,,,,48,0,0,48,48,0,100.00%,0.00%,0.00%,0.00%
20260126,23,朱光宁,3360,提莫書屋-exchange,16957,MW_336x280banner_提莫書屋_exchange,,,,"23,006",0,0,"23,006","17,127","5,879",74.45%,25.55%,0.00%,0.00%
20260126,23,朱光宁,3361,提莫書屋-mobile,16959,MW_320x480_文中創意_提莫書屋-mobile,,,,112,0,0,112,92,20,82.14%,17.86%,0.00%,0.00%
20260126,23,欣發現股份有限公司,3364,女子學-mobile,16972,MW_置底創意_女子學,antifroud,,,42,0,0,42,32,10,76.19%,23.81%,0.00%,0.00%
20260126,23,朱光宁,3149,稷下書院-exchange,17095,(子)MW_336x280_Banner_稷下書院-exchange,antifroud,,,"1,540",0,0,"1,540",458,"1,082",29.74%,70.26%,0.00%,0.00%
20260126,23,李立娟,3395,vivi0視頻-exchange,17294,MW_336x280_Banner_vivi01視頻-exchange,antifroud,,,6,0,0,6,4,2,66.67%,33.33%,0.00%,0.00%
20260126,23,李立娟,3395,vivi0視頻-exchange,17300,MW_320x100_置底(PB)_vivi01視頻-exchange,antifroud,,,6,0,0,6,4,2,66.67%,33.33%,0.00%,0.00%
20260126,23,李立娟,3397,趣聞圖說-exchange,17309,MW_336x280_文中Banner_趣聞圖說-exchange,,,,6,0,0,6,4,2,66.67%,33.33%,0.00%,0.00%
20260126,23,曾憲敏,601,85小說網_PC,1773,CF-300x250_85小說網_內文1,,,,166,0,0,166,106,60,63.86%,36.14%,0.00%,0.00%
20260126,23,第一網站股份有限公司,3440,fsa_passback_first,18202,CF_300x250_fsa_passback_first,,,,"6,657",0,0,"6,657","5,478","1,179",82.29%,17.71%,0.00%,0.00%
20260126,23,第一網站股份有限公司,3440,fsa_passback_first,18266,(子)CF_970x250_cfbanner_blog,,,子聯播網,24,0,0,24,24,0,100.00%,0.00%,0.00%,0.00%
20260126,23,冰楓科技有限公司,3485,冰楓論壇-exchange,18487,CF_970x90_內文上方第一塊_冰楓論壇-exchange,,,,842,0,0,842,684,158,81.24%,18.76%,0.00%,0.00%
20260126,23,冰楓科技有限公司,3485,冰楓論壇-exchange,18492,MW_300x250_Banner_ 冰楓論壇-exchange,,,,370,0,0,370,324,46,87.57%,12.43%,0.00%,0.00%
20260126,23,CBROOT LTD,3492,包子漫畫(特開流量)-exchange,18544,(子)CF_300x600_指定流量_包子漫畫(特開流量)-exchange,,,子聯播網,"1,051",0,0,"1,051",967,84,92.01%,7.99%,0.00%,0.00%
20260126,23,CBROOT LTD,3492,包子漫畫(特開流量)-exchange,18558,CF_970x250_指定時段_包子漫畫(特開流量PB)-exchange,,,,"9,755",0,0,"9,755","9,049",706,92.76%,7.24%,0.00%,0.00%
20260126,23,舒禾驊,3535,荷花動漫筆記,18887,CF_336x280_文章頁文中_荷花動漫筆記,,,,16,0,0,16,8,8,50.00%,50.00%,0.00%,0.00%
20260126,23,艾得基客行銷顧問股份有限公司,3552,玩具人,19044,MW_320x480_文中創意_玩具人,,知名媒體,,201,0,0,201,179,22,89.05%,10.95%,0.00%,0.00%
20260126,23,第一網站股份有限公司,2783,漫畫櫃manhuagui,20685,MW_300X250_manhuagui,antifroud,,,6,0,0,6,6,0,100.00%,0.00%,0.00%,0.00%
20260126,23,德榕企業有限公司,3577,TW Bodhi,20705,(子)CF_336x280_文章頁(RWD)_TW Bodhi,antifroud,,子聯播網,6,0,0,6,6,0,100.00%,0.00%,0.00%,0.00%
20260126,23,德榕企業有限公司,3578,TW Bodhi_mobile,20708,MW_蓋板_TW Bodhi,,,,713,0,0,713,710,3,99.58%,0.42%,0.00%,0.00%
20260126,23,德榕企業有限公司,3581,忘憂書屋,20727,CF_336x280文章頁(RWD)_忘憂書屋,,,,6,0,0,6,6,0,100.00%,0.00%,0.00%,0.00%
20260126,23,第一網站股份有限公司,2910,clickme,20735,(子)CF_300x250_banner_clickme(成人),,,子聯播網,"14,300",0,0,"14,300","12,162","2,138",85.05%,14.95%,0.00%,0.00%
20260126,23,朱光宁,3269,石頭小說-mobile,21741,MW_320x480_蓋版_石頭小說-mobile,antifroud,,,6,0,0,6,6,0,100.00%,0.00%,0.00%,0.00%
20260126,23,富盈數據股份有限公司,3653,TVBS-女人我最大_HB,21763,MW_文中創意320x480_TVBS-女人我最大_HB,,知名媒體,,"1,722",0,0,"1,722","1,688",34,98.03%,1.97%,0.00%,0.00%
20260126,23,富盈數據股份有限公司,3655,TVBS-食尚玩家_HB,21770,MW_文章三_336x280_TVBS-食尚玩家_HB,,知名媒體,,58,0,0,58,57,1,98.28%,1.72%,0.00%,0.00%
20260126,23,富盈數據股份有限公司,3655,TVBS-食尚玩家_HB,21773,MW_文中創意320x480_TVBS-食尚玩家_HB,,知名媒體,,306,0,0,306,296,10,96.73%,3.27%,0.00%,0.00%
20260126,23,儂儂雜誌社股份有限公司(bella儂儂),2135,Bella儂儂_2024,21876,MW-300x250_文章標題上方1_Bella儂儂,,知名媒體,,843,0,0,843,816,27,96.80%,3.20%,0.00%,0.00%
20260126,23,富盈數據股份有限公司,2615,熱血台中,21986,CF_336x280_全網_熱血台中,,,,28,0,0,28,28,0,100.00%,0.00%,0.00%,0.00%
20260126,23,富盈數據股份有限公司,2615,熱血台中,21987,CF_336x280_全網_熱血台中,,,,44,0,0,44,44,0,100.00%,0.00%,0.00%,0.00%
20260126,23,富盈數據股份有限公司,3704,天天要聞,22030,CF_300 x 250 banner_天天要聞_cpc2,,,,34,0,0,34,17,17,50.00%,50.00%,0.00%,0.00%
20260126,23,富盈數據股份有限公司,3703,繁體小說,22031,CF_300 x 250 banner_繁體小說_cpc2,,,,6,0,0,6,6,0,100.00%,0.00%,0.00%,0.00%
20260126,23,朱光宁,3708,石頭小說,22045,CF_336 x 280 banner_石頭小說_cpc1.67,antifroud,,,"65,554",0,0,"65,554","32,998","32,556",50.34%,49.66%,0.00%,0.00%
20260126,23,冠妍動力科技有限公司,484,小老婆汽機車資訊網,22058,MW_文中創意320x480_小老婆汽機車資訊網-測試,,知名媒體,,6,0,0,6,3,3,50.00%,50.00%,0.00%,0.00%
20260126,23,朱光宁,3718,稷下書院2,22093,CF_336 x 280 banner_稷下書院2_cpc1.67,antifroud,,,"58,174",0,0,"58,174","25,387","32,787",43.64%,56.36%,0.00%,0.00%
20260126,23,闇碼科技股份有限公司,3048,縮短網址產生器-reurl,22213,MW_蓋版_縮短網址產生器-reurl-2025.05(特殊供量),,知名媒體,,375,0,0,375,169,206,45.07%,54.93%,0.00%,0.00%
20260126,23,朱光宁,3741,石頭小說3,22398,CF_336 x 280 banner_石頭小說3_cpc1.67,,,,"7,747",0,0,"7,747","4,361","3,386",56.29%,43.71%,0.00%,0.00%
20260126,23,闇碼科技股份有限公司,3068,限時圖片-imgus,22406,MW_置底_imgus,antifroud,,,195,0,0,195,194,1,99.49%,0.51%,0.00%,0.00%
20260126,23,李承翰-webptt,718,Web批踢踢(RWD),2284,MW-蓋板_文中_Web批踢踢,antifroud,,,78,0,0,78,51,27,65.38%,34.62%,0.00%,0.00%
20260126,23,麥智維,999,動漫戲說,3543,CF-728*90-內文上方-動漫戲說,antifroud,,,12,0,0,12,6,6,50.00%,50.00%,0.00%,0.00%
20260126,23,技達創意資訊有限公司,1299,泰好網,4733,CF-300*250-內文下方-泰好網,,,,8,0,0,8,8,0,100.00%,0.00%,0.00%,0.00%
20260126,23,技達創意資訊有限公司,1299,泰好網,4734,MW-320*100-首頁、內文上方-泰好網,,,,30,0,0,18,18,0,100.00%,0.00%,0.00%,0.00%
20260126,23,陈晋福,1367,電視超人,4997,CF-300X250-電視超人,,,,24,0,0,24,15,9,62.50%,37.50%,0.00%,0.00%
20260126,23,麥智維,999,動漫戲說,6069,CF-300*250-首頁-動漫戲說,,,,68,0,0,68,62,6,91.18%,8.82%,0.00%,0.00%
20260126,23,巧克科技新媒體股份有限公司,2127,LINE TV_Banner-exchange,8576,CF_336x280_戲劇-右側好康資訊下方_LINE TV-exchange,,知名媒體,,18,0,0,18,16,2,88.89%,11.11%,0.00%,0.00%
20260127,00,英屬維京群島商浩美數位有限公司台灣分公司,2315,Teepr亮新聞-exchange,10012,CF_336x280Banner_Teepr亮新聞-exchange,,知名媒體,,61,0,0,61,56,5,91.80%,8.20%,0.00%,0.00%
20260127,00,昱得資訊工作室,2528,數位書香,11080,CF_728x90_首頁上方_數位書香,antifroud,,,36,0,0,36,36,0,100.00%,0.00%,0.00%,0.00%
20260127,00,昱得資訊工作室,2528,數位書香,11081,CF_160x600_首頁右側_數位書香,antifroud,,,640,0,0,640,640,0,100.00%,0.00%,0.00%,0.00%
20260127,00,第一網站股份有限公司,2518,麻辣家族討論區(twbts),11082,CF-728X90-twbts,antifroud,,,"1,943",0,0,"1,943","1,904",39,97.99%,2.01%,0.00%,0.00%
20260127,00,第一網站股份有限公司,2540,risu短網址,11260,MW-300X250-MB_page_left-risu,,知名媒體,,20,0,0,20,16,4,80.00%,20.00%,0.00%,0.00%
20260127,00,第一網站股份有限公司,2492,ttshow,11273,MW-300X250-ttshow,,知名媒體,,6,0,0,6,3,3,50.00%,50.00%,0.00%,0.00%
20260127,00,第一網站股份有限公司,2601,Meme梗圖倉庫,11443,CF-336X280-meme,,,,284,0,0,284,258,26,90.85%,9.15%,0.00%,0.00%
20260127,00,艾得基客行銷顧問股份有限公司,2578,鉅亨網,12070,MW_320x480_文中創意_鉅亨網,,知名媒體,,"6,258",0,0,"6,258","6,165",93,98.51%,1.49%,0.00%,0.00%
20260127,00,時報資訊股份有限公司,2770,中時電子報_HB,12559,CF_300x250_右側互動看版_中時電子報_HB,,知名媒體,,85,0,0,85,65,20,76.47%,23.53%,0.00%,0.00%
20260127,00,時報資訊股份有限公司,2770,中時電子報_HB,12560,CF_336x280_文中看板_中時電子報_HB,,知名媒體,,92,0,0,92,70,22,76.09%,23.91%,0.00%,0.00%
20260127,00,時報資訊股份有限公司,2770,中時電子報_HB,12561,MW_300x250_內頁TOP Banner_中時電子報_HB,antifroud,知名媒體,,936,0,0,936,892,44,95.30%,4.70%,0.00%,0.00%
20260127,00,第一網站股份有限公司,2768,czbooks,12570,CF_728x90_banner_czbooks,,,,"4,398",0,0,"4,398","3,179","1,219",72.28%,27.72%,0.00%,0.00%
20260127,00,第一網站股份有限公司,2768,czbooks,12571,CF-300x600_Banner_czbooks,,,,"1,720",0,0,"1,720","1,159",561,67.38%,32.62%,0.00%,0.00%
20260127,00,鳳梨傳媒股份有限公司,2190,民視新聞網-Exchange,12579,CF_300x250_右側第一塊_民視新聞網-Exchange(RWD)(MCM),,知名媒體,,406,0,0,406,389,17,95.81%,4.19%,0.00%,0.00%
20260127,00,鳳梨傳媒股份有限公司,2190,民視新聞網-Exchange,12580,CF_300x250_內文文中左側_民視新聞網-Exchange(RWD)(MCM),,知名媒體,,419,0,0,419,400,19,95.47%,4.53%,0.00%,0.00%
20260127,00,第一網站股份有限公司,2783,漫畫櫃manhuagui,12676,CF_728X90_manhuagui,antifroud,,,"61,990",0,0,"61,990","54,741","7,249",88.31%,11.69%,0.00%,0.00%
20260127,00,第一網站股份有限公司,2820,星座好朋友(horofriend88),12966,MW_320x100_horofriend88,antifroud,,,176,0,0,176,163,13,92.61%,7.39%,0.00%,0.00%
20260127,00,第一網站股份有限公司,2836,vivi01,13032,MW_置底創意_vivi01 ViVi視頻,,,,12,0,0,12,11,1,91.67%,8.33%,0.00%,0.00%
20260127,00,第一網站股份有限公司,2838,mycard,13041,MW_320x480_加倍mycard,,,,"3,014",0,0,"3,014",0,"3,014",0.00%,100.00%,0.00%,0.00%
20260127,00,第一網站股份有限公司,2862,Manhuaren,13254,MW_320x100_banner_manhuaren,,,,30,0,0,30,22,8,73.33%,26.67%,0.00%,0.00%
20260127,00,和運租車股份有限公司,2878,abc好車網,13368,CF_970x90_物件頁下方_abc好車網,,知名媒體,,8,0,0,8,4,4,50.00%,50.00%,0.00%,0.00%
20260127,00,譚謹恩,2885,Mr. & Mrs. Diary-exchange,13403,CF_728x90_內文上方_ Mr. & Mrs. Diary-exchange,,,,6,0,0,6,6,0,100.00%,0.00%,0.00%,0.00%
20260127,00,譚謹恩,2885,Mr. & Mrs. Diary-exchange,13405,CF_970x250_內文文中_Mr. & Mrs. Diary-exchange,,,,6,0,0,6,6,0,100.00%,0.00%,0.00%,0.00%
20260127,00,曾憲敏,202,85小說網,13445,MW_336X280_全量1_85小說網,,,,426,0,0,426,308,118,72.30%,27.70%,0.00%,0.00%
20260127,00,曾憲敏,202,85小說網,13446,MW_336X280_全量2_85小說網,,,,"1,922",0,0,"1,922","1,494",428,77.73%,22.27%,0.00%,0.00%
20260127,00,第一網站股份有限公司,2910,clickme,13549,CF_300x250_banner_clickme(一般),,,,"2,114",0,0,"2,114","1,873",241,88.60%,11.40%,0.00%,0.00%
20260127,00,第一網站股份有限公司,2768,czbooks,14036,MW_320x480_CZBOOKS,antifroud,,,"2,106",0,0,"2,106","1,261",845,59.88%,40.12%,0.00%,0.00%
20260127,00,陳人鳳,480,飛格寵物家族_PC,1407,CF-728X90_上方通欄_飛格寵物家族,,,,30,0,0,30,17,13,56.67%,43.33%,0.00%,0.00%
20260127,00,陳人鳳,480,飛格寵物家族_PC,1408,CF-300X250_內文_飛格寵物家族,,,,121,0,0,121,66,55,54.55%,45.45%,0.00%,0.00%
20260127,00,闇碼科技股份有限公司,3048,縮短網址產生器-reurl,14210,MW_文中創意300x250_縮短網址產生器-reurl,,知名媒體,,88,0,0,88,66,22,75.00%,25.00%,0.00%,0.00%
20260127,00,巨思文化股份有限公司,3052,經理人_HB,14238,MW_文章結束第一塊_300x250_經理人-HB,,知名媒體,,20,0,0,20,17,3,85.00%,15.00%,0.00%,0.00%
20260127,00,巨思文化股份有限公司,3052,經理人_HB,14241,MW_300x250_內文下方_經理人-HB,,知名媒體,,14,0,0,14,11,3,78.57%,21.43%,0.00%,0.00%
20260127,00,巨思文化股份有限公司,3053,數位時代_HB,14246,MW_300x250_文章結束第一塊_數位時代-HB,,知名媒體,,6,0,0,6,6,0,100.00%,0.00%,0.00%,0.00%
20260127,00,富盈數據股份有限公司,3059,塔科女子,14258,CF_336x280_全網_塔科女子,,知名媒體,,159,0,0,159,159,0,100.00%,0.00%,0.00%,0.00%
20260127,00,CBROOT LTD,3003,包子漫畫-exchange,14291,MW_300x250_蓋板(PB)_包子漫畫,,,,"1,321",0,0,"1,321","1,145",176,86.68%,13.32%,0.00%,0.00%
20260127,00,巨思文化股份有限公司,3052,經理人_HB,14735,MW_文中創意320x480_第二塊_數位時代_HB,,知名媒體,,6,0,0,6,4,2,66.67%,33.33%,0.00%,0.00%
20260127,00,朱光宁,3149,稷下書院-exchange,14748,MW_320x100_置底(PB)_稷下書院,,,,32,0,0,32,19,13,59.38%,40.62%,0.00%,0.00%
20260127,00,巨思文化股份有限公司,3053,數位時代_HB,14764,MW_置底創意_(非展開)_數位時代_HB,,知名媒體,,36,0,0,36,34,2,94.44%,5.56%,0.00%,0.00%
20260127,00,鳳梨傳媒股份有限公司,3277,民視新聞網-Mobile,14772,MW_置底創意_民視新聞-Mobile,,知名媒體,,"4,907",0,0,"4,907","4,858",49,99.00%,1.00%,0.00%,0.00%
20260127,00,曾憲敏,3327,85小說網_創意,15227,MW-300X250_85小說網_隨身影音PB,,,,104,0,0,104,79,25,75.96%,24.04%,0.00%,0.00%
20260127,00,曾憲敏,3327,85小說網_創意,15228,MW-創意-85小說網,,,,"1,151",0,0,"1,151",906,245,78.71%,21.29%,0.00%,0.00%
20260127,00,中天電視股份有限公司,3282,中天新聞網-exchange,15859,CF_336x280_內頁_PC右側互動看板B-中天新聞網-exchange,,知名媒體,,66,0,0,66,42,24,63.64%,36.36%,0.00%,0.00%
20260127,00,CBROOT LTD,3352,西瓜卡通-exchange,15969,CF_728x90_影音內容_西瓜卡通-exchange,,,,26,0,0,26,26,0,100.00%,0.00%,0.00%,0.00%
20260127,00,CBROOT LTD,3352,西瓜卡通-exchange,15970,CF_160x600_影音內容_西瓜卡通-exchange,,,,341,0,0,341,327,14,95.89%,4.11%,0.00%,0.00%
20260127,00,朱光宁,3360,提莫書屋-exchange,16957,MW_336x280banner_提莫書屋_exchange,,,,"18,142",0,0,"18,142","13,484","4,658",74.32%,25.68%,0.00%,0.00%
20260127,00,朱光宁,3361,提莫書屋-mobile,16958,MW_置底創意_提莫書屋-mobile,,,,110,0,0,110,78,32,70.91%,29.09%,0.00%,0.00%
20260127,00,朱光宁,3361,提莫書屋-mobile,16959,MW_320x480_文中創意_提莫書屋-mobile,,,,141,0,0,141,115,26,81.56%,18.44%,0.00%,0.00%
20260127,00,巧克科技新媒體股份有限公司,1494,LINE TV,16964,CF_336x280_影音暫停頁_LINE TV,,知名媒體,,490,0,0,490,483,7,98.57%,1.43%,0.00%,0.00%
20260127,00,欣發現股份有限公司,3365,Hami任務牆-mobile,16969,MW_置底創意_Hami任務牆,,知名媒體,,160,0,0,160,118,42,73.75%,26.25%,0.00%,0.00%
20260127,00,欣發現股份有限公司,3364,女子學-mobile,16972,MW_置底創意_女子學,antifroud,,,"1,004",0,0,"1,004",763,241,76.00%,24.00%,0.00%,0.00%
20260127,00,欣發現股份有限公司,3363,大人物-mobile,16973,MW_置底創意_大人物,,知名媒體,,93,0,0,93,66,27,70.97%,29.03%,0.00%,0.00%
20260127,00,欣發現股份有限公司,3362,妞新聞-mobile,16974,MW_置底創意_妞新聞,,知名媒體,,6,0,0,6,4,2,66.67%,33.33%,0.00%,0.00%
20260127,00,第一網站股份有限公司,2783,漫畫櫃manhuagui,17027,MW_320x480_蓋版_漫畫櫃manhuagui,,,,"12,506",0,0,"12,506","11,682",824,93.41%,6.59%,0.00%,0.00%
20260127,00,詠勝科技有限公司,3385,Mobile01_HB,17175,CF_970x90_橫幅Banner_Mobile01_HB,,知名媒體,,501,0,0,501,416,85,83.03%,16.97%,0.00%,0.00%
20260127,00,詠勝科技有限公司,3385,Mobile01_HB,17178,CF_300x250_頻道頁_大看板_Mobile01_HB,,知名媒體,,6,0,0,6,6,0,100.00%,0.00%,0.00%,0.00%
20260127,00,詠勝科技有限公司,3385,Mobile01_HB,17179,CF_300x250_熱門大看板_Mobile01_HB,,知名媒體,,609,0,0,609,501,108,82.27%,17.73%,0.00%,0.00%
20260127,00,詠勝科技有限公司,3385,Mobile01_HB,17180,CF_300x250_置底看板左_Mobile01_HB,,知名媒體,,105,0,0,105,99,6,94.29%,5.71%,0.00%,0.00%
20260127,00,詠勝科技有限公司,3385,Mobile01_HB,17181,CF_300x250_置底看板中_Mobile01_HB,,知名媒體,,105,0,0,105,100,5,95.24%,4.76%,0.00%,0.00%
20260127,00,詠勝科技有限公司,3385,Mobile01_HB,17183,CF_300x600_大摩天_Mobile01_HB,,知名媒體,,255,0,0,255,232,23,90.98%,9.02%,0.00%,0.00%
20260127,00,詠勝科技有限公司,3385,Mobile01_HB,17196,CF_160x600_門神_right_Mobile01_HB,,知名媒體,,24,0,0,24,22,2,91.67%,8.33%,0.00%,0.00%
20260127,00,詠勝科技有限公司,3385,Mobile01_HB,17197,CF_160x600_門神_left_Mobile01_HB,,知名媒體,,24,0,0,24,22,2,91.67%,8.33%,0.00%,0.00%
20260127,00,詠勝科技有限公司,3385,Mobile01_HB,17204,MW_300x250_文中Banner(interscroller)_Mobile01_HB,,知名媒體,,207,0,0,207,171,36,82.61%,17.39%,0.00%,0.00%
20260127,00,朱光宁,3268,稷下書院-mobile,17207,MW_320x480_蓋版_稷下書院-mobile,,,,"42,419",0,0,"42,419","27,693","14,726",65.28%,34.72%,0.00%,0.00%
20260127,00,艾得基客行銷顧問股份有限公司,3391,UDN聯合新聞網,17236,MW_置底創意_UDN聯合新聞,,知名媒體,,"12,807",0,0,"12,807","12,393",414,96.77%,3.23%,0.00%,0.00%
20260127,00,李立娟,3395,vivi0視頻-exchange,17293,CF_336x280_Banner_vivi01視頻-exchange,antifroud,,,"38,146",0,0,"38,146","35,780","2,366",93.80%,6.20%,0.00%,0.00%
20260127,00,李立娟,3395,vivi0視頻-exchange,17294,MW_336x280_Banner_vivi01視頻-exchange,antifroud,,,"49,056",0,0,"49,056","46,556","2,500",94.90%,5.10%,0.00%,0.00%
20260127,00,李立娟,3395,vivi0視頻-exchange,17299,MW_300x250_蓋板(PB)-vivi01視頻-exchange,,,,6,0,0,6,4,2,66.67%,33.33%,0.00%,0.00%
20260127,00,李立娟,3395,vivi0視頻-exchange,17300,MW_320x100_置底(PB)_vivi01視頻-exchange,antifroud,,,"62,546",0,0,"62,546","59,545","3,001",95.20%,4.80%,0.00%,0.00%
20260127,00,李立娟,3397,趣聞圖說-exchange,17309,MW_336x280_文中Banner_趣聞圖說-exchange,,,,18,0,0,18,15,3,83.33%,16.67%,0.00%,0.00%
20260127,00,曾憲敏,601,85小說網_PC,1773,CF-300x250_85小說網_內文1,,,,12,0,0,12,8,4,66.67%,33.33%,0.00%,0.00%
20260127,00,李立娟,3396,趣聞圖說-Mobile,17923,MW_置底創意(展開)_趣聞圖說-Mobile,,,,42,0,0,42,38,4,90.48%,9.52%,0.00%,0.00%
20260127,00,第一網站股份有限公司,2768,czbooks,17927,MW_置底創意_czbook,,,,"19,827",0,0,"19,827","12,174","7,653",61.40%,38.60%,0.00%,0.00%
20260127,00,時報資訊股份有限公司_工商時報,3427,工商時報-exchange,18014,MW_300x250_文末Banner1_工商時報-exchange,,知名媒體,,12,0,0,12,12,0,100.00%,0.00%,0.00%,0.00%
20260127,00,時報資訊股份有限公司_工商時報,3427,工商時報-exchange,18015,MW_300x250_文末Banner2_工商時報-exchange,,知名媒體,,194,0,0,194,191,3,98.45%,1.55%,0.00%,0.00%
20260127,00,第一網站股份有限公司,3440,fsa_passback_first,18201,CF_336x280_fsa_passback_first,,,,121,0,0,121,69,52,57.02%,42.98%,0.00%,0.00%
20260127,00,第一網站股份有限公司,3440,fsa_passback_first,18202,CF_300x250_fsa_passback_first,,,,452,0,0,452,378,74,83.63%,16.37%,0.00%,0.00%
20260127,00,冰楓科技有限公司,3485,冰楓論壇-exchange,18487,CF_970x90_內文上方第一塊_冰楓論壇-exchange,,,,"1,097",0,0,"1,095",889,206,81.19%,18.81%,0.00%,0.00%
20260127,00,冰楓科技有限公司,3485,冰楓論壇-exchange,18488,MW_320x100_內文上方第一塊_ 冰楓論壇-exchange,antifroud,,,142,0,0,142,122,20,85.92%,14.08%,0.00%,0.00%
20260127,00,冰楓科技有限公司,3485,冰楓論壇-exchange,18492,MW_300x250_Banner_ 冰楓論壇-exchange,,,,351,0,0,351,278,73,79.20%,20.80%,0.00%,0.00%
20260127,00,闇碼科技股份有限公司,3048,縮短網址產生器-reurl,18535,MW_蓋版_縮短網址產生器-reurl,,知名媒體,,6,0,0,6,6,0,100.00%,0.00%,0.00%,0.00%
20260127,00,CBROOT LTD,3492,包子漫畫(特開流量)-exchange,18557,CF_300x600_指定流量_包子漫畫(特開流量PB)-exchange,,,,120,0,0,120,115,5,95.83%,4.17%,0.00%,0.00%
20260127,00,CBROOT LTD,3492,包子漫畫(特開流量)-exchange,18558,CF_970x250_指定時段_包子漫畫(特開流量PB)-exchange,,,,"1,605",0,0,"1,605","1,504",101,93.71%,6.29%,0.00%,0.00%
20260127,00,CBROOT LTD,3510,包子漫畫_twmanga-exchange,18737,CF_970x90_Banner_ 包子漫畫_twmanga-exchange,,,,44,0,0,44,44,0,100.00%,0.00%,0.00%,0.00%
20260127,00,台灣英文新聞股份有限公司,3537,台灣英文新聞(new)-exchange,18924,CF_300x250_內容頁_右側看版_1_台灣英文新聞(new)-exchange,,知名媒體,,6,0,0,6,3,3,50.00%,50.00%,0.00%,0.00%
20260127,00,聯合線上股份有限公司,3442,UDN聯合新聞網,19031,MW_置底創意_UDN聯合新聞網,antifroud,知名媒體,,"4,183",0,0,"4,183","4,146",37,99.12%,0.88%,0.00%,0.00%
20260127,00,聯合線上股份有限公司,3549,UDN元氣網,19033,MW_置底創意_UDN元氣網,,知名媒體,,172,0,0,172,166,6,96.51%,3.49%,0.00%,0.00%
20260127,00,艾得基客行銷顧問股份有限公司,3552,玩具人,19044,MW_320x480_文中創意_玩具人,,知名媒體,,66,0,0,66,59,7,89.39%,10.61%,0.00%,0.00%
20260127,00,第一網站股份有限公司,2783,漫畫櫃manhuagui,20685,MW_300X250_manhuagui,antifroud,,,"20,102",0,0,"20,102","17,398","2,704",86.55%,13.45%,0.00%,0.00%
20260127,00,德榕企業有限公司,3578,TW Bodhi_mobile,20707,MW_置底創意_TW Bodhi,,,,114,0,0,114,114,0,100.00%,0.00%,0.00%,0.00%
20260127,00,德榕企業有限公司,3578,TW Bodhi_mobile,20708,MW_蓋板_TW Bodhi,,,,254,0,0,254,254,0,100.00%,0.00%,0.00%,0.00%
20260127,00,德榕企業有限公司,3581,忘憂書屋,20727,CF_336x280文章頁(RWD)_忘憂書屋,,,,119,0,0,119,118,1,99.16%,0.84%,0.00%,0.00%
20260127,00,德榕企業有限公司,3582,忘憂書屋_mobile,20729,MW_蓋板_忘憂書屋,,,,110,0,0,110,110,0,100.00%,0.00%,0.00%,0.00%
20260127,00,德榕企業有限公司,3582,忘憂書屋_mobile,20730,MW_置底創意_忘憂書屋,,,,146,0,0,146,146,0,100.00%,0.00%,0.00%,0.00%
20260127,00,第一網站股份有限公司,2916,KiKiNote,20731,CF_300x250_banner_kikinote (PB),,知名媒體,,44,0,0,44,40,4,90.91%,9.09%,0.00%,0.00%
20260127,00,艾得基客行銷顧問股份有限公司,3490,太報,21317,MW_蓋版_太報,,知名媒體,,6,0,0,6,6,0,100.00%,0.00%,0.00%,0.00%
20260127,00,第一網站股份有限公司,2768,czbooks,21412,(子)CF_970x250_banner_czbooks(限時段)-PB,,,子聯播網,"3,351",0,0,"3,351","1,933","1,418",57.68%,42.32%,0.00%,0.00%
20260127,00,第一網站股份有限公司,3440,fsa_passback_first,21699,CF_336x280_fsa_passback_first,,,,268,0,0,268,203,65,75.75%,24.25%,0.00%,0.00%
20260127,00,富盈數據股份有限公司,3653,TVBS-女人我最大_HB,21761,MW_文章四_336x280_TVBS-女人我最大_HB,,知名媒體,,90,0,0,90,90,0,100.00%,0.00%,0.00%,0.00%
20260127,00,富盈數據股份有限公司,3653,TVBS-女人我最大_HB,21763,MW_文中創意320x480_TVBS-女人我最大_HB,,知名媒體,,151,0,0,151,150,1,99.34%,0.66%,0.00%,0.00%
20260127,00,富盈數據股份有限公司,3654,TVBS-健康2.0_HB,21765,MW_文章三_336x280_TVBS-健康2.0_HB,,知名媒體,,160,0,0,160,159,1,99.38%,0.62%,0.00%,0.00%
20260127,00,富盈數據股份有限公司,3654,TVBS-健康2.0_HB,21768,MW_文中創意320x480_TVBS-健康2.0_HB,,知名媒體,,666,0,0,666,639,27,95.95%,4.05%,0.00%,0.00%
20260127,00,富盈數據股份有限公司,3655,TVBS-食尚玩家_HB,21770,MW_文章三_336x280_TVBS-食尚玩家_HB,,知名媒體,,110,0,0,110,103,7,93.64%,6.36%,0.00%,0.00%
20260127,00,富盈數據股份有限公司,3655,TVBS-食尚玩家_HB,21773,MW_文中創意320x480_TVBS-食尚玩家_HB,,知名媒體,,54,0,0,54,51,3,94.44%,5.56%,0.00%,0.00%
20260127,00,儂儂雜誌社股份有限公司(bella儂儂),2135,Bella儂儂_2024,21876,MW-300x250_文章標題上方1_Bella儂儂,,知名媒體,,120,0,0,120,115,5,95.83%,4.17%,0.00%,0.00%
20260127,00,富盈數據股份有限公司,3680,TVBS-新聞網_HB,21899,MW_文章一_336x280_TVBS-新聞網_HB,,知名媒體,,"8,027",0,0,"8,027","7,919",108,98.65%,1.35%,0.00%,0.00%
20260127,00,富盈數據股份有限公司,3680,TVBS-新聞網_HB,21900,MW_文章三_336x280_TVBS-新聞網_HB,,知名媒體,,104,0,0,104,101,3,97.12%,2.88%,0.00%,0.00%
20260127,00,富盈數據股份有限公司,3680,TVBS-新聞網_HB,21902,MW_文章置底_320x100_TVBS-新聞網_HB,,知名媒體,,"6,443",0,0,"6,443","6,365",78,98.79%,1.21%,0.00%,0.00%
20260127,00,富盈數據股份有限公司,3684,稅美人_mobile,21923,MW_置底創意(非展開)_稅美人-mobile,,,,6,0,0,6,3,3,50.00%,50.00%,0.00%,0.00%
20260127,00,富盈數據股份有限公司,3685,玩桌遊_mobile,21924,MW_置底創意(非展開)_玩桌遊-mobile,,,,124,0,0,124,91,33,73.39%,26.61%,0.00%,0.00%
20260127,00,富盈數據股份有限公司,2615,熱血台中,21986,CF_336x280_全網_熱血台中,,,,128,0,0,128,125,3,97.66%,2.34%,0.00%,0.00%
20260127,00,富盈數據股份有限公司,2615,熱血台中,21987,CF_336x280_全網_熱血台中,,,,175,0,0,175,172,3,98.29%,1.71%,0.00%,0.00%
20260127,00,富盈數據股份有限公司,3704,天天要聞,22030,CF_300 x 250 banner_天天要聞_cpc2,,,,486,0,0,486,270,216,55.56%,44.44%,0.00%,0.00%
20260127,00,富盈數據股份有限公司,3703,繁體小說,22031,CF_300 x 250 banner_繁體小說_cpc2,,,,268,0,0,268,218,50,81.34%,18.66%,0.00%,0.00%
20260127,00,冠妍動力科技有限公司,484,小老婆汽機車資訊網,22058,MW_文中創意320x480_小老婆汽機車資訊網-測試,,知名媒體,,6,0,0,6,3,3,50.00%,50.00%,0.00%,0.00%
20260127,00,英屬蓋曼群島商家庭傳媒股份有限公司城邦分公司,701,T客邦_Mobile,2213,MW_置底創意(非展開)_T客邦,,知名媒體,,6,0,0,6,6,0,100.00%,0.00%,0.00%,0.00%
20260127,00,富盈數據股份有限公司,3680,TVBS-新聞網_HB,22132,CF_文中300x250_TVBS-新聞網_HB_2,,知名媒體,,6,0,0,6,6,0,100.00%,0.00%,0.00%,0.00%
20260127,00,富盈數據股份有限公司,3680,TVBS-新聞網_HB,22133,CF_文中300x250_TVBS-新聞網_HB_3,,知名媒體,,24,0,0,24,23,1,95.83%,4.17%,0.00%,0.00%
20260127,00,闇碼科技股份有限公司,3048,縮短網址產生器-reurl,22213,MW_蓋版_縮短網址產生器-reurl-2025.05(特殊供量),,知名媒體,,82,0,0,82,51,31,62.20%,37.80%,0.00%,0.00%
20260127,00,欣發現股份有限公司,3362,妞新聞-mobile,22221,MW_蓋板_妞新聞,,知名媒體,,24,0,0,24,20,4,83.33%,16.67%,0.00%,0.00%
20260127,00,欣發現股份有限公司,3363,大人物-mobile,22222,MW_蓋板_大人物,,知名媒體,,87,0,0,87,65,22,74.71%,25.29%,0.00%,0.00%
20260127,00,朱光宁,3741,石頭小說3,22396,MW_置底_石頭小說3,,,,377,0,0,377,226,151,59.95%,40.05%,0.00%,0.00%
20260127,00,朱光宁,3741,石頭小說3,22398,CF_336 x 280 banner_石頭小說3_cpc1.67,,,,"1,994",0,0,"1,994","1,166",828,58.48%,41.52%,0.00%,0.00%
20260127,00,朱光宁,3741,石頭小說3,22399,CF_320 x 480 橫幅_石頭小說3,,,,434,0,0,434,284,150,65.44%,34.56%,0.00%,0.00%
20260127,00,艾得基客行銷顧問股份有限公司,2825,科技紫薇,22403,MW_蓋版_科技紫微,,,,24,0,0,24,24,0,100.00%,0.00%,0.00%,0.00%
20260127,00,闇碼科技股份有限公司,3068,限時圖片-imgus,22406,MW_置底_imgus,antifroud,,,"1,528",0,0,"1,528","1,520",8,99.48%,0.52%,0.00%,0.00%
20260127,00,第一網站股份有限公司,2783,漫畫櫃manhuagui,22443,MW_置底_manhuagui,antifroud,,,"78,209",0,0,"78,209","73,892","4,317",94.48%,5.52%,0.00%,0.00%
20260127,00,艾得基客行銷顧問股份有限公司,3752,ＭoneyDJ,22515,MW_300x250 BANNER_MoneyDJ,antifroud,知名媒體,,135,0,0,135,120,15,88.89%,11.11%,0.00%,0.00%
20260127,00,李承翰-webptt,718,Web批踢踢(RWD),2284,MW-蓋板_文中_Web批踢踢,antifroud,,,56,0,0,56,44,12,78.57%,21.43%,0.00%,0.00%
20260127,00,麥智維,999,動漫戲說,3543,CF-728*90-內文上方-動漫戲說,antifroud,,,"1,110",0,0,"1,110",769,341,69.28%,30.72%,0.00%,0.00%
20260127,00,肖偉彬,1286,龍騰世紀書庫,4673,CF-內文下方-728*90-龍騰世紀書庫,,,,6,0,0,6,3,3,50.00%,50.00%,0.00%,0.00%
20260127,00,肖偉彬,1287,紅櫻桃小說書庫,4678,CF-內文上方-300*250-紅櫻桃小說書庫,,,,47,0,0,47,33,14,70.21%,29.79%,0.00%,0.00%
20260127,00,肖偉彬,1287,紅櫻桃小說書庫,4717,MW_文中創意300x250_紅櫻桃小說書庫,,,,18,0,0,18,11,7,61.11%,38.89%,0.00%,0.00%
20260127,00,技達創意資訊有限公司,1299,泰好網,4733,CF-300*250-內文下方-泰好網,,,,6,0,0,6,6,0,100.00%,0.00%,0.00%,0.00%
20260127,00,技達創意資訊有限公司,1299,泰好網,4734,MW-320*100-首頁、內文上方-泰好網,,,,40,0,0,23,22,1,95.65%,4.35%,0.00%,0.00%
20260127,00,陈晋福,1367,電視超人,4997,CF-300X250-電視超人,,,,13,0,0,13,10,3,76.92%,23.08%,0.00%,0.00%
20260127,00,麥智維,999,動漫戲說,6069,CF-300*250-首頁-動漫戲說,,,,51,0,0,51,39,12,76.47%,23.53%,0.00%,0.00%
20260127,00,莊博凱,1676,夢遊電玩-exchange,6309,CF-336x280_內文上方_夢遊電玩-exchange,,,,25,0,0,25,2,23,8.00%,92.00%,0.00%,0.00%
20260127,00,莊博凱,1676,夢遊電玩-exchange,6310,CF-160*600-網頁右側-夢遊電玩-exchange,,,,6,0,0,6,4,2,66.67%,33.33%,0.00%,0.00%
20260127,00,精鏡傳媒股份有限公司,1060,鏡週刊,8250,MW_置底創意(非展開)_鏡週刊,,知名媒體,,24,0,0,24,23,1,95.83%,4.17%,0.00%,0.00%
20260127,00,巧克科技新媒體股份有限公司,2127,LINE TV_Banner-exchange,8576,CF_336x280_戲劇-右側好康資訊下方_LINE TV-exchange,,知名媒體,,191,0,0,191,189,2,98.95%,1.05%,0.00%,0.00%
20260127,00,巧克科技新媒體股份有限公司,2127,LINE TV_Banner-exchange,8577,CF_336x280_戲劇-右側好康資訊上方_LINE TV-exchange,,知名媒體,,565,0,0,565,553,12,97.88%,2.12%,0.00%,0.00%
20260127,00,見聞科技有限公司,2251,就是節目表,9233,MW-300x250-節目表文中-就是節目表,,,,136,0,0,71,6,65,8.45%,91.55%,0.00%,0.00%
20260127,01,英屬維京群島商浩美數位有限公司台灣分公司,2315,Teepr亮新聞-exchange,10012,CF_336x280Banner_Teepr亮新聞-exchange,,知名媒體,,12,0,0,12,12,0,100.00%,0.00%,0.00%,0.00%
20260127,01,昱得資訊工作室,2528,數位書香,11080,CF_728x90_首頁上方_數位書香,antifroud,,,42,0,0,42,42,0,100.00%,0.00%,0.00%,0.00%
20260127,01,昱得資訊工作室,2528,數位書香,11081,CF_160x600_首頁右側_數位書香,antifroud,,,617,0,0,617,617,0,100.00%,0.00%,0.00%,0.00%
20260127,01,第一網站股份有限公司,2518,麻辣家族討論區(twbts),11082,CF-728X90-twbts,antifroud,,,"1,769",0,0,"1,769","1,752",17,99.04%,0.96%,0.00%,0.00%
20260127,01,第一網站股份有限公司,2540,risu短網址,11260,MW-300X250-MB_page_left-risu,,知名媒體,,200,0,0,200,173,27,86.50%,13.50%,0.00%,0.00%
20260127,01,第一網站股份有限公司,2492,ttshow,11273,MW-300X250-ttshow,,知名媒體,,18,0,0,18,15,3,83.33%,16.67%,0.00%,0.00%
20260127,01,第一網站股份有限公司,2601,Meme梗圖倉庫,11443,CF-336X280-meme,,,,436,0,0,436,398,38,91.28%,8.72%,0.00%,0.00%
20260127,01,第一網站股份有限公司,2540,risu短網址,11978,MW_變形蓋版_risu短網址,,知名媒體,,66,0,0,66,59,7,89.39%,10.61%,0.00%,0.00%
20260127,01,第一網站股份有限公司,2540,risu短網址,11979,MW_置底創意_risu短網址(IOS),,知名媒體,,20,0,0,20,18,2,90.00%,10.00%,0.00%,0.00%
20260127,01,第一網站股份有限公司,2540,risu短網址,12009,MW_置底創意_risu短網址(Android),,知名媒體,,6,0,0,6,6,0,100.00%,0.00%,0.00%,0.00%
20260127,01,艾得基客行銷顧問股份有限公司,2578,鉅亨網,12070,MW_320x480_文中創意_鉅亨網,,知名媒體,,"2,165",0,0,"2,165","2,126",39,98.20%,1.80%,0.00%,0.00%
20260127,01,第一網站股份有限公司,2540,risu短網址,12496,CF_300x250_popup(直播) _risu短網址,antifroud,知名媒體,,12,0,0,12,10,2,83.33%,16.67%,0.00%,0.00%
20260127,01,時報資訊股份有限公司,2770,中時電子報_HB,12559,CF_300x250_右側互動看版_中時電子報_HB,,知名媒體,,12,0,0,12,10,2,83.33%,16.67%,0.00%,0.00%
20260127,01,時報資訊股份有限公司,2770,中時電子報_HB,12560,CF_336x280_文中看板_中時電子報_HB,,知名媒體,,12,0,0,12,10,2,83.33%,16.67%,0.00%,0.00%
20260127,01,時報資訊股份有限公司,2770,中時電子報_HB,12561,MW_300x250_內頁TOP Banner_中時電子報_HB,antifroud,知名媒體,,790,0,0,790,740,50,93.67%,6.33%,0.00%,0.00%
20260127,01,第一網站股份有限公司,2768,czbooks,12570,CF_728x90_banner_czbooks,,,,"4,326",0,0,"4,326","3,443",883,79.59%,20.41%,0.00%,0.00%
20260127,01,第一網站股份有限公司,2768,czbooks,12571,CF-300x600_Banner_czbooks,,,,"1,693",0,0,"1,693","1,186",507,70.05%,29.95%,0.00%,0.00%
20260127,01,鳳梨傳媒股份有限公司,2190,民視新聞網-Exchange,12579,CF_300x250_右側第一塊_民視新聞網-Exchange(RWD)(MCM),,知名媒體,,68,0,0,68,68,0,100.00%,0.00%,0.00%,0.00%
20260127,01,鳳梨傳媒股份有限公司,2190,民視新聞網-Exchange,12580,CF_300x250_內文文中左側_民視新聞網-Exchange(RWD)(MCM),,知名媒體,,64,0,0,64,63,1,98.44%,1.56%,0.00%,0.00%
20260127,01,第一網站股份有限公司,2783,漫畫櫃manhuagui,12676,CF_728X90_manhuagui,antifroud,,,"40,866",0,0,"40,866","36,707","4,159",89.82%,10.18%,0.00%,0.00%
20260127,01,第一網站股份有限公司,2801,damanwoo,12868,CF-300x250_Banner_damanwoo_大人物,,,,8,0,0,8,6,2,75.00%,25.00%,0.00%,0.00%
20260127,01,第一網站股份有限公司,2820,星座好朋友(horofriend88),12966,MW_320x100_horofriend88,antifroud,,,42,0,0,42,38,4,90.48%,9.52%,0.00%,0.00%
20260127,01,第一網站股份有限公司,2862,Manhuaren,13254,MW_320x100_banner_manhuaren,,,,18,0,0,18,12,6,66.67%,33.33%,0.00%,0.00%
20260127,01,和運租車股份有限公司,2878,abc好車網,13368,CF_970x90_物件頁下方_abc好車網,,知名媒體,,6,0,0,6,4,2,66.67%,33.33%,0.00%,0.00%
20260127,01,曾憲敏,202,85小說網,13445,MW_336X280_全量1_85小說網,,,,174,0,0,174,127,47,72.99%,27.01%,0.00%,0.00%
20260127,01,曾憲敏,202,85小說網,13446,MW_336X280_全量2_85小說網,,,,936,0,0,936,732,204,78.21%,21.79%,0.00%,0.00%
20260127,01,第一網站股份有限公司,2910,clickme,13549,CF_300x250_banner_clickme(一般),,,,"1,138",0,0,"1,138","1,011",127,88.84%,11.16%,0.00%,0.00%
20260127,01,第一網站股份有限公司,2768,czbooks,14036,MW_320x480_CZBOOKS,antifroud,,,734,0,0,734,435,299,59.26%,40.74%,0.00%,0.00%
20260127,01,陳人鳳,480,飛格寵物家族_PC,1407,CF-728X90_上方通欄_飛格寵物家族,,,,8,0,0,8,6,2,75.00%,25.00%,0.00%,0.00%
20260127,01,陳人鳳,480,飛格寵物家族_PC,1408,CF-300X250_內文_飛格寵物家族,,,,115,0,0,115,78,37,67.83%,32.17%,0.00%,0.00%
20260127,01,闇碼科技股份有限公司,3048,縮短網址產生器-reurl,14210,MW_文中創意300x250_縮短網址產生器-reurl,,知名媒體,,62,0,0,62,35,27,56.45%,43.55%,0.00%,0.00%
20260127,01,巨思文化股份有限公司,3052,經理人_HB,14238,MW_文章結束第一塊_300x250_經理人-HB,,知名媒體,,12,0,0,12,10,2,83.33%,16.67%,0.00%,0.00%
20260127,01,巨思文化股份有限公司,3052,經理人_HB,14241,MW_300x250_內文下方_經理人-HB,,知名媒體,,6,0,0,6,4,2,66.67%,33.33%,0.00%,0.00%
20260127,01,富盈數據股份有限公司,3059,塔科女子,14258,CF_336x280_全網_塔科女子,,知名媒體,,111,0,0,111,111,0,100.00%,0.00%,0.00%,0.00%
20260127,01,CBROOT LTD,3003,包子漫畫-exchange,14291,MW_300x250_蓋板(PB)_包子漫畫,,,,"2,425",0,0,"2,425","2,075",350,85.57%,14.43%,0.00%,0.00%
20260127,01,朱光宁,3268,稷下書院-mobile,14737,MW_置底創意(非展開)_稷下書院-mobile,,,,12,0,0,12,8,4,66.67%,33.33%,0.00%,0.00%
20260127,01,朱光宁,3149,稷下書院-exchange,14748,MW_320x100_置底(PB)_稷下書院,,,,"21,848",0,0,"21,848","11,046","10,802",50.56%,49.44%,0.00%,0.00%
20260127,01,巨思文化股份有限公司,3053,數位時代_HB,14764,MW_置底創意_(非展開)_數位時代_HB,,知名媒體,,6,0,0,6,6,0,100.00%,0.00%,0.00%,0.00%
20260127,01,曾憲敏,3327,85小說網_創意,15227,MW-300X250_85小說網_隨身影音PB,,,,36,0,0,36,27,9,75.00%,25.00%,0.00%,0.00%
20260127,01,曾憲敏,3327,85小說網_創意,15228,MW-創意-85小說網,,,,334,0,0,334,273,61,81.74%,18.26%,0.00%,0.00%
20260127,01,CBROOT LTD,3352,西瓜卡通-exchange,15969,CF_728x90_影音內容_西瓜卡通-exchange,,,,12,0,0,12,12,0,100.00%,0.00%,0.00%,0.00%
20260127,01,CBROOT LTD,3352,西瓜卡通-exchange,15970,CF_160x600_影音內容_西瓜卡通-exchange,,,,528,0,0,528,519,9,98.30%,1.70%,0.00%,0.00%
20260127,01,朱光宁,3360,提莫書屋-exchange,16957,MW_336x280banner_提莫書屋_exchange,,,,"11,880",0,0,"11,879","8,576","3,303",72.19%,27.81%,0.00%,0.00%
20260127,01,朱光宁,3361,提莫書屋-mobile,16958,MW_置底創意_提莫書屋-mobile,,,,44,0,0,44,31,13,70.45%,29.55%,0.00%,0.00%
20260127,01,朱光宁,3361,提莫書屋-mobile,16959,MW_320x480_文中創意_提莫書屋-mobile,,,,24,0,0,24,20,4,83.33%,16.67%,0.00%,0.00%
20260127,01,巧克科技新媒體股份有限公司,1494,LINE TV,16964,CF_336x280_影音暫停頁_LINE TV,,知名媒體,,26,0,0,26,26,0,100.00%,0.00%,0.00%,0.00%
20260127,01,欣發現股份有限公司,3365,Hami任務牆-mobile,16969,MW_置底創意_Hami任務牆,,知名媒體,,36,0,0,36,26,10,72.22%,27.78%,0.00%,0.00%
20260127,01,欣發現股份有限公司,3364,女子學-mobile,16972,MW_置底創意_女子學,antifroud,,,296,0,0,296,226,70,76.35%,23.65%,0.00%,0.00%
20260127,01,欣發現股份有限公司,3363,大人物-mobile,16973,MW_置底創意_大人物,,知名媒體,,12,0,0,12,10,2,83.33%,16.67%,0.00%,0.00%
20260127,01,欣發現股份有限公司,3362,妞新聞-mobile,16974,MW_置底創意_妞新聞,,知名媒體,,6,0,0,6,5,1,83.33%,16.67%,0.00%,0.00%
20260127,01,第一網站股份有限公司,2783,漫畫櫃manhuagui,17027,MW_320x480_蓋版_漫畫櫃manhuagui,,,,"6,958",0,0,"6,958","6,516",442,93.65%,6.35%,0.00%,0.00%
20260127,01,詠勝科技有限公司,3385,Mobile01_HB,17175,CF_970x90_橫幅Banner_Mobile01_HB,,知名媒體,,203,0,0,203,164,39,80.79%,19.21%,0.00%,0.00%
20260127,01,詠勝科技有限公司,3385,Mobile01_HB,17176,CF_728x90_內頁橫幅Banner_7F_Mobile01_HB,,知名媒體,,14,0,0,14,4,10,28.57%,71.43%,0.00%,0.00%
20260127,01,詠勝科技有限公司,3385,Mobile01_HB,17179,CF_300x250_熱門大看板_Mobile01_HB,,知名媒體,,327,0,0,327,271,56,82.87%,17.13%,0.00%,0.00%
20260127,01,詠勝科技有限公司,3385,Mobile01_HB,17180,CF_300x250_置底看板左_Mobile01_HB,,知名媒體,,94,0,0,94,81,13,86.17%,13.83%,0.00%,0.00%
20260127,01,詠勝科技有限公司,3385,Mobile01_HB,17181,CF_300x250_置底看板中_Mobile01_HB,,知名媒體,,94,0,0,94,81,13,86.17%,13.83%,0.00%,0.00%
20260127,01,詠勝科技有限公司,3385,Mobile01_HB,17183,CF_300x600_大摩天_Mobile01_HB,,知名媒體,,78,0,0,78,68,10,87.18%,12.82%,0.00%,0.00%
20260127,01,詠勝科技有限公司,3385,Mobile01_HB,17196,CF_160x600_門神_right_Mobile01_HB,,知名媒體,,40,0,0,40,33,7,82.50%,17.50%,0.00%,0.00%
20260127,01,詠勝科技有限公司,3385,Mobile01_HB,17197,CF_160x600_門神_left_Mobile01_HB,,知名媒體,,52,0,0,52,42,10,80.77%,19.23%,0.00%,0.00%
20260127,01,詠勝科技有限公司,3385,Mobile01_HB,17204,MW_300x250_文中Banner(interscroller)_Mobile01_HB,,知名媒體,,181,0,0,181,144,37,79.56%,20.44%,0.00%,0.00%
20260127,01,朱光宁,3268,稷下書院-mobile,17207,MW_320x480_蓋版_稷下書院-mobile,,,,"16,819",0,0,"16,819","10,813","6,006",64.29%,35.71%,0.00%,0.00%
20260127,01,艾得基客行銷顧問股份有限公司,3391,UDN聯合新聞網,17236,MW_置底創意_UDN聯合新聞,,知名媒體,,"3,900",0,0,"3,900","3,643",257,93.41%,6.59%,0.00%,0.00%
20260127,01,李立娟,3395,vivi0視頻-exchange,17293,CF_336x280_Banner_vivi01視頻-exchange,antifroud,,,"26,280",0,0,"26,280","24,766","1,514",94.24%,5.76%,0.00%,0.00%
20260127,01,李立娟,3395,vivi0視頻-exchange,17294,MW_336x280_Banner_vivi01視頻-exchange,antifroud,,,"28,853",0,0,"28,849","27,417","1,432",95.04%,4.96%,0.00%,0.00%
20260127,01,李立娟,3395,vivi0視頻-exchange,17299,MW_300x250_蓋板(PB)-vivi01視頻-exchange,,,,6,0,0,6,6,0,100.00%,0.00%,0.00%,0.00%
20260127,01,李立娟,3395,vivi0視頻-exchange,17300,MW_320x100_置底(PB)_vivi01視頻-exchange,antifroud,,,"40,612",0,0,"40,609","38,915","1,694",95.83%,4.17%,0.00%,0.00%
20260127,01,第一網站股份有限公司,2768,czbooks,17927,MW_置底創意_czbook,,,,"10,836",0,0,"10,836","6,707","4,129",61.90%,38.10%,0.00%,0.00%
20260127,01,時報資訊股份有限公司_工商時報,3427,工商時報-exchange,18015,MW_300x250_文末Banner2_工商時報-exchange,,知名媒體,,122,0,0,122,117,5,95.90%,4.10%,0.00%,0.00%
20260127,01,第一網站股份有限公司,3440,fsa_passback_first,18201,CF_336x280_fsa_passback_first,,,,"1,764",0,0,"1,764","1,323",441,75.00%,25.00%,0.00%,0.00%
20260127,01,第一網站股份有限公司,3440,fsa_passback_first,18202,CF_300x250_fsa_passback_first,,,,"1,480",0,0,"1,480","1,110",370,75.00%,25.00%,0.00%,0.00%
20260127,01,莊博凱,3455,夢遊電玩,18269,300x250 Banner,,,,6,0,0,6,6,0,100.00%,0.00%,0.00%,0.00%
20260127,01,朱光宁,3268,稷下書院-mobile,18297,MW_置底創意(展開)_稷下書院-mobile,,,,740,0,0,740,435,305,58.78%,41.22%,0.00%,0.00%
20260127,01,冰楓科技有限公司,3485,冰楓論壇-exchange,18487,CF_970x90_內文上方第一塊_冰楓論壇-exchange,,,,674,0,0,674,612,62,90.80%,9.20%,0.00%,0.00%
20260127,01,冰楓科技有限公司,3485,冰楓論壇-exchange,18488,MW_320x100_內文上方第一塊_ 冰楓論壇-exchange,antifroud,,,72,0,0,72,58,14,80.56%,19.44%,0.00%,0.00%
20260127,01,冰楓科技有限公司,3485,冰楓論壇-exchange,18492,MW_300x250_Banner_ 冰楓論壇-exchange,,,,280,0,0,280,247,33,88.21%,11.79%,0.00%,0.00%
20260127,01,CBROOT LTD,3492,包子漫畫(特開流量)-exchange,18557,CF_300x600_指定流量_包子漫畫(特開流量PB)-exchange,,,,229,0,0,229,211,18,92.14%,7.86%,0.00%,0.00%
20260127,01,CBROOT LTD,3510,包子漫畫_twmanga-exchange,18737,CF_970x90_Banner_ 包子漫畫_twmanga-exchange,,,,509,0,0,509,475,34,93.32%,6.68%,0.00%,0.00%
20260127,01,舒禾驊,3535,荷花動漫筆記,18887,CF_336x280_文章頁文中_荷花動漫筆記,,,,6,0,0,6,4,2,66.67%,33.33%,0.00%,0.00%
20260127,01,台灣英文新聞股份有限公司,3537,台灣英文新聞(new)-exchange,18914,MW_320x100_內文頁_置頂橫幅_台灣英文新聞(new)-exchange,,知名媒體,,6,0,0,6,6,0,100.00%,0.00%,0.00%,0.00%
20260127,01,台灣英文新聞股份有限公司,3537,台灣英文新聞(new)-exchange,18924,CF_300x250_內容頁_右側看版_1_台灣英文新聞(new)-exchange,,知名媒體,,12,0,0,12,4,8,33.33%,66.67%,0.00%,0.00%
20260127,01,台灣英文新聞股份有限公司,3537,台灣英文新聞(new)-exchange,18925,CF_300x600_內容頁_右側看版_2_台灣英文新聞(new)-exchange,,知名媒體,,6,0,0,6,6,0,100.00%,0.00%,0.00%,0.00%
20260127,01,聯合線上股份有限公司,3442,UDN聯合新聞網,19031,MW_置底創意_UDN聯合新聞網,antifroud,知名媒體,,901,0,0,901,890,11,98.78%,1.22%,0.00%,0.00%
20260127,01,聯合線上股份有限公司,3549,UDN元氣網,19033,MW_置底創意_UDN元氣網,,知名媒體,,80,0,0,80,78,2,97.50%,2.50%,0.00%,0.00%
20260127,01,艾得基客行銷顧問股份有限公司,3552,玩具人,19044,MW_320x480_文中創意_玩具人,,知名媒體,,12,0,0,12,12,0,100.00%,0.00%,0.00%,0.00%
20260127,01,第一網站股份有限公司,2783,漫畫櫃manhuagui,20685,MW_300X250_manhuagui,antifroud,,,"17,293",0,0,"17,293","15,041","2,252",86.98%,13.02%,0.00%,0.00%
20260127,01,德榕企業有限公司,3578,TW Bodhi_mobile,20707,MW_置底創意_TW Bodhi,,,,54,0,0,54,54,0,100.00%,0.00%,0.00%,0.00%
20260127,01,德榕企業有限公司,3578,TW Bodhi_mobile,20708,MW_蓋板_TW Bodhi,,,,142,0,0,142,141,1,99.30%,0.70%,0.00%,0.00%
20260127,01,德榕企業有限公司,3581,忘憂書屋,20727,CF_336x280文章頁(RWD)_忘憂書屋,,,,48,0,0,48,48,0,100.00%,0.00%,0.00%,0.00%
20260127,01,德榕企業有限公司,3582,忘憂書屋_mobile,20729,MW_蓋板_忘憂書屋,,,,60,0,0,60,60,0,100.00%,0.00%,0.00%,0.00%
20260127,01,德榕企業有限公司,3582,忘憂書屋_mobile,20730,MW_置底創意_忘憂書屋,,,,48,0,0,48,47,1,97.92%,2.08%,0.00%,0.00%
20260127,01,第一網站股份有限公司,2916,KiKiNote,20731,CF_300x250_banner_kikinote (PB),,知名媒體,,50,0,0,50,43,7,86.00%,14.00%,0.00%,0.00%
20260127,01,第一網站股份有限公司,2768,czbooks,21412,(子)CF_970x250_banner_czbooks(限時段)-PB,,,子聯播網,"3,900",0,0,"3,900","2,251","1,649",57.72%,42.28%,0.00%,0.00%
20260127,01,第一網站股份有限公司,3440,fsa_passback_first,21699,CF_336x280_fsa_passback_first,,,,453,0,0,453,345,108,76.16%,23.84%,0.00%,0.00%
20260127,01,富盈數據股份有限公司,3653,TVBS-女人我最大_HB,21761,MW_文章四_336x280_TVBS-女人我最大_HB,,知名媒體,,82,0,0,82,82,0,100.00%,0.00%,0.00%,0.00%
20260127,01,富盈數據股份有限公司,3653,TVBS-女人我最大_HB,21762,MW_文章置底_320x100_TVBS-女人我最大_HB,,知名媒體,,50,0,0,50,50,0,100.00%,0.00%,0.00%,0.00%
20260127,01,富盈數據股份有限公司,3653,TVBS-女人我最大_HB,21763,MW_文中創意320x480_TVBS-女人我最大_HB,,知名媒體,,53,0,0,53,53,0,100.00%,0.00%,0.00%,0.00%
20260127,01,富盈數據股份有限公司,3654,TVBS-健康2.0_HB,21765,MW_文章三_336x280_TVBS-健康2.0_HB,,知名媒體,,117,0,0,117,117,0,100.00%,0.00%,0.00%,0.00%
20260127,01,富盈數據股份有限公司,3654,TVBS-健康2.0_HB,21768,MW_文中創意320x480_TVBS-健康2.0_HB,,知名媒體,,220,0,0,220,214,6,97.27%,2.73%,0.00%,0.00%
20260127,01,富盈數據股份有限公司,3655,TVBS-食尚玩家_HB,21770,MW_文章三_336x280_TVBS-食尚玩家_HB,,知名媒體,,12,0,0,12,12,0,100.00%,0.00%,0.00%,0.00%
20260127,01,富盈數據股份有限公司,3654,TVBS-健康2.0_HB,21812,MW_文章一_336x280_TVBS-健康2.0_HB,,知名媒體,,112,0,0,112,107,5,95.54%,4.46%,0.00%,0.00%
20260127,01,儂儂雜誌社股份有限公司(bella儂儂),2135,Bella儂儂_2024,21876,MW-300x250_文章標題上方1_Bella儂儂,,知名媒體,,68,0,0,68,65,3,95.59%,4.41%,0.00%,0.00%
20260127,01,富盈數據股份有限公司,3680,TVBS-新聞網_HB,21899,MW_文章一_336x280_TVBS-新聞網_HB,,知名媒體,,"2,142",0,0,"2,142","2,097",45,97.90%,2.10%,0.00%,0.00%
20260127,01,富盈數據股份有限公司,3680,TVBS-新聞網_HB,21902,MW_文章置底_320x100_TVBS-新聞網_HB,,知名媒體,,"1,561",0,0,"1,561","1,525",36,97.69%,2.31%,0.00%,0.00%
20260127,01,富盈數據股份有限公司,3685,玩桌遊_mobile,21924,MW_置底創意(非展開)_玩桌遊-mobile,,,,559,0,0,559,434,125,77.64%,22.36%,0.00%,0.00%
20260127,01,富盈數據股份有限公司,2615,熱血台中,21986,CF_336x280_全網_熱血台中,,,,104,0,0,104,103,1,99.04%,0.96%,0.00%,0.00%
20260127,01,富盈數據股份有限公司,2615,熱血台中,21987,CF_336x280_全網_熱血台中,,,,183,0,0,183,173,10,94.54%,5.46%,0.00%,0.00%
20260127,01,富盈數據股份有限公司,3704,天天要聞,22030,CF_300 x 250 banner_天天要聞_cpc2,,,,737,0,0,737,384,353,52.10%,47.90%,0.00%,0.00%
20260127,01,富盈數據股份有限公司,3703,繁體小說,22031,CF_300 x 250 banner_繁體小說_cpc2,,,,228,0,0,228,173,55,75.88%,24.12%,0.00%,0.00%
20260127,01,闇碼科技股份有限公司,3048,縮短網址產生器-reurl,22213,MW_蓋版_縮短網址產生器-reurl-2025.05(特殊供量),,知名媒體,,55,0,0,53,26,27,49.06%,50.94%,0.00%,0.00%
20260127,01,欣發現股份有限公司,3363,大人物-mobile,22222,MW_蓋板_大人物,,知名媒體,,6,0,0,6,6,0,100.00%,0.00%,0.00%,0.00%
20260127,01,朱光宁,3741,石頭小說3,22396,MW_置底_石頭小說3,,,,237,0,0,237,147,90,62.03%,37.97%,0.00%,0.00%
20260127,01,朱光宁,3741,石頭小說3,22398,CF_336 x 280 banner_石頭小說3_cpc1.67,,,,"2,575",0,0,"2,575","1,529","1,046",59.38%,40.62%,0.00%,0.00%
20260127,01,朱光宁,3741,石頭小說3,22399,CF_320 x 480 橫幅_石頭小說3,,,,71,0,0,71,43,28,60.56%,39.44%,0.00%,0.00%
20260127,01,闇碼科技股份有限公司,3068,限時圖片-imgus,22406,MW_置底_imgus,antifroud,,,578,0,0,578,576,2,99.65%,0.35%,0.00%,0.00%
20260127,01,第一網站股份有限公司,2783,漫畫櫃manhuagui,22443,MW_置底_manhuagui,antifroud,,,"46,103",0,0,"46,103","43,651","2,452",94.68%,5.32%,0.00%,0.00%
20260127,01,艾得基客行銷顧問股份有限公司,3752,ＭoneyDJ,22515,MW_300x250 BANNER_MoneyDJ,antifroud,知名媒體,,12,0,0,12,12,0,100.00%,0.00%,0.00%,0.00%
20260127,01,李承翰-webptt,718,Web批踢踢(RWD),2284,MW-蓋板_文中_Web批踢踢,antifroud,,,26,0,0,26,20,6,76.92%,23.08%,0.00%,0.00%
20260127,01,麥智維,999,動漫戲說,3543,CF-728*90-內文上方-動漫戲說,antifroud,,,490,0,0,490,298,192,60.82%,39.18%,0.00%,0.00%
20260127,01,肖偉彬,1287,紅櫻桃小說書庫,4678,CF-內文上方-300*250-紅櫻桃小說書庫,,,,32,0,0,32,24,8,75.00%,25.00%,0.00%,0.00%
20260127,01,肖偉彬,1286,龍騰世紀書庫,4716,CF-內文中間-300*250-龍騰世紀書庫,,,,6,0,0,6,4,2,66.67%,33.33%,0.00%,0.00%
20260127,01,技達創意資訊有限公司,1299,泰好網,4733,CF-300*250-內文下方-泰好網,,,,12,0,0,12,12,0,100.00%,0.00%,0.00%,0.00%
20260127,01,技達創意資訊有限公司,1299,泰好網,4734,MW-320*100-首頁、內文上方-泰好網,,,,6,0,0,6,6,0,100.00%,0.00%,0.00%,0.00%
20260127,01,陈晋福,1367,電視超人,4997,CF-300X250-電視超人,,,,21,0,0,21,18,3,85.71%,14.29%,0.00%,0.00%
20260127,01,麥智維,999,動漫戲說,6069,CF-300*250-首頁-動漫戲說,,,,20,0,0,20,16,4,80.00%,20.00%,0.00%,0.00%
20260127,01,台灣時報社股份有限公司,1665,台灣時報電子報,6263,CF-300X600-右側通欄-台灣時報電子報,,,,6,0,0,6,0,6,0.00%,100.00%,0.00%,0.00%
20260127,01,莊博凱,1676,夢遊電玩-exchange,6310,CF-160*600-網頁右側-夢遊電玩-exchange,,,,6,0,0,6,6,0,100.00%,0.00%,0.00%,0.00%
20260127,01,巧克科技新媒體股份有限公司,2127,LINE TV_Banner-exchange,8576,CF_336x280_戲劇-右側好康資訊下方_LINE TV-exchange,,知名媒體,,20,0,0,20,20,0,100.00%,0.00%,0.00%,0.00%
20260127,01,巧克科技新媒體股份有限公司,2127,LINE TV_Banner-exchange,8577,CF_336x280_戲劇-右側好康資訊上方_LINE TV-exchange,,知名媒體,,45,0,0,45,44,1,97.78%,2.22%,0.00%,0.00%
20260127,01,冰楓科技有限公司,1711,冰楓短網址,9308,ＭＷ-300X250-跳轉頁下方-冰楓短網址,,,,6,0,0,6,4,2,66.67%,33.33%,0.00%,0.00%
20260127,01,冰楓科技有限公司,2289,BFFile,9576,CF-300X600-下載頁上方-BFFile,,,,12,0,0,12,12,0,100.00%,0.00%,0.00%,0.00%
20260127,02,英屬維京群島商浩美數位有限公司台灣分公司,2315,Teepr亮新聞-exchange,10012,CF_336x280Banner_Teepr亮新聞-exchange,,知名媒體,,6,0,0,6,2,4,33.33%,66.67%,0.00%,0.00%
20260127,02,昱得資訊工作室,2528,數位書香,11080,CF_728x90_首頁上方_數位書香,antifroud,,,36,0,0,36,36,0,100.00%,0.00%,0.00%,0.00%
20260127,02,昱得資訊工作室,2528,數位書香,11081,CF_160x600_首頁右側_數位書香,antifroud,,,878,0,0,878,878,0,100.00%,0.00%,0.00%,0.00%
20260127,02,第一網站股份有限公司,2518,麻辣家族討論區(twbts),11082,CF-728X90-twbts,antifroud,,,"2,139",0,0,"2,139","2,119",20,99.06%,0.94%,0.00%,0.00%
20260127,02,第一網站股份有限公司,2540,risu短網址,11260,MW-300X250-MB_page_left-risu,,知名媒體,,105,0,0,105,89,16,84.76%,15.24%,0.00%,0.00%
20260127,02,第一網站股份有限公司,2492,ttshow,11273,MW-300X250-ttshow,,知名媒體,,26,0,0,26,14,12,53.85%,46.15%,0.00%,0.00%
20260127,02,第一網站股份有限公司,2601,Meme梗圖倉庫,11443,CF-336X280-meme,,,,305,0,0,305,251,54,82.30%,17.70%,0.00%,0.00%
20260127,02,第一網站股份有限公司,2540,risu短網址,11978,MW_變形蓋版_risu短網址,,知名媒體,,30,0,0,30,26,4,86.67%,13.33%,0.00%,0.00%
20260127,02,第一網站股份有限公司,2540,risu短網址,11979,MW_置底創意_risu短網址(IOS),,知名媒體,,31,0,0,31,29,2,93.55%,6.45%,0.00%,0.00%
20260127,02,艾得基客行銷顧問股份有限公司,2578,鉅亨網,12070,MW_320x480_文中創意_鉅亨網,,知名媒體,,728,0,0,728,710,18,97.53%,2.47%,0.00%,0.00%
20260127,02,第一網站股份有限公司,2540,risu短網址,12496,CF_300x250_popup(直播) _risu短網址,antifroud,知名媒體,,42,0,0,42,33,9,78.57%,21.43%,0.00%,0.00%
20260127,02,時報資訊股份有限公司,2770,中時電子報_HB,12560,CF_336x280_文中看板_中時電子報_HB,,知名媒體,,6,0,0,6,4,2,66.67%,33.33%,0.00%,0.00%
20260127,02,時報資訊股份有限公司,2770,中時電子報_HB,12561,MW_300x250_內頁TOP Banner_中時電子報_HB,antifroud,知名媒體,,422,0,0,422,408,14,96.68%,3.32%,0.00%,0.00%
20260127,02,第一網站股份有限公司,2768,czbooks,12570,CF_728x90_banner_czbooks,,,,"2,789",0,0,"2,789","2,474",315,88.71%,11.29%,0.00%,0.00%
20260127,02,第一網站股份有限公司,2768,czbooks,12571,CF-300x600_Banner_czbooks,,,,272,0,0,272,169,103,62.13%,37.87%,0.00%,0.00%
20260127,02,鳳梨傳媒股份有限公司,2190,民視新聞網-Exchange,12579,CF_300x250_右側第一塊_民視新聞網-Exchange(RWD)(MCM),,知名媒體,,30,0,0,30,27,3,90.00%,10.00%,0.00%,0.00%
20260127,02,鳳梨傳媒股份有限公司,2190,民視新聞網-Exchange,12580,CF_300x250_內文文中左側_民視新聞網-Exchange(RWD)(MCM),,知名媒體,,30,0,0,30,23,7,76.67%,23.33%,0.00%,0.00%
20260127,02,第一網站股份有限公司,2783,漫畫櫃manhuagui,12676,CF_728X90_manhuagui,antifroud,,,"28,137",0,0,"28,137","25,057","3,080",89.05%,10.95%,0.00%,0.00%
20260127,02,第一網站股份有限公司,2801,damanwoo,12868,CF-300x250_Banner_damanwoo_大人物,,,,6,0,0,6,6,0,100.00%,0.00%,0.00%,0.00%
20260127,02,第一網站股份有限公司,2820,星座好朋友(horofriend88),12966,MW_320x100_horofriend88,antifroud,,,12,0,0,12,12,0,100.00%,0.00%,0.00%,0.00%
20260127,02,第一網站股份有限公司,2862,Manhuaren,13254,MW_320x100_banner_manhuaren,,,,6,0,0,6,5,1,83.33%,16.67%,0.00%,0.00%
20260127,02,譚謹恩,2885,Mr. & Mrs. Diary-exchange,13406,MW_300x250_內文文中-Mr. & Mrs. Diary-exchange,,,,6,0,0,6,6,0,100.00%,0.00%,0.00%,0.00%
20260127,02,曾憲敏,202,85小說網,13445,MW_336X280_全量1_85小說網,,,,48,0,0,48,39,9,81.25%,18.75%,0.00%,0.00%
20260127,02,曾憲敏,202,85小說網,13446,MW_336X280_全量2_85小說網,,,,410,0,0,410,313,97,76.34%,23.66%,0.00%,0.00%
20260127,02,第一網站股份有限公司,2910,clickme,13549,CF_300x250_banner_clickme(一般),,,,"1,470",0,0,"1,470","1,192",278,81.09%,18.91%,0.00%,0.00%
20260127,02,第一網站股份有限公司,2768,czbooks,14036,MW_320x480_CZBOOKS,antifroud,,,221,0,0,221,134,87,60.63%,39.37%,0.00%,0.00%
20260127,02,陳人鳳,480,飛格寵物家族_PC,1407,CF-728X90_上方通欄_飛格寵物家族,,,,25,0,0,25,14,11,56.00%,44.00%,0.00%,0.00%
20260127,02,陳人鳳,480,飛格寵物家族_PC,1408,CF-300X250_內文_飛格寵物家族,,,,51,0,0,51,33,18,64.71%,35.29%,0.00%,0.00%
20260127,02,闇碼科技股份有限公司,3048,縮短網址產生器-reurl,14210,MW_文中創意300x250_縮短網址產生器-reurl,,知名媒體,,"4,296",0,0,"4,296",51,"4,245",1.19%,98.81%,0.00%,0.00%
20260127,02,富盈數據股份有限公司,3059,塔科女子,14258,CF_336x280_全網_塔科女子,,知名媒體,,107,0,0,107,105,2,98.13%,1.87%,0.00%,0.00%
20260127,02,CBROOT LTD,3003,包子漫畫-exchange,14291,MW_300x250_蓋板(PB)_包子漫畫,,,,"2,221",0,0,"2,221","1,845",376,83.07%,16.93%,0.00%,0.00%
20260127,02,朱光宁,3268,稷下書院-mobile,14737,MW_置底創意(非展開)_稷下書院-mobile,,,,14,0,0,14,7,7,50.00%,50.00%,0.00%,0.00%
20260127,02,朱光宁,3149,稷下書院-exchange,14748,MW_320x100_置底(PB)_稷下書院,,,,"14,636",0,0,"14,635","7,314","7,321",49.98%,50.02%,0.00%,0.00%
20260127,02,曾憲敏,3327,85小說網_創意,15228,MW-創意-85小說網,,,,88,0,0,88,66,22,75.00%,25.00%,0.00%,0.00%
20260127,02,CBROOT LTD,3352,西瓜卡通-exchange,15969,CF_728x90_影音內容_西瓜卡通-exchange,,,,24,0,0,24,24,0,100.00%,0.00%,0.00%,0.00%
20260127,02,CBROOT LTD,3352,西瓜卡通-exchange,15970,CF_160x600_影音內容_西瓜卡通-exchange,,,,328,0,0,328,323,5,98.48%,1.52%,0.00%,0.00%
20260127,02,朱光宁,3360,提莫書屋-exchange,16957,MW_336x280banner_提莫書屋_exchange,,,,"8,423",0,0,"8,423","6,406","2,017",76.05%,23.95%,0.00%,0.00%
20260127,02,朱光宁,3361,提莫書屋-mobile,16958,MW_置底創意_提莫書屋-mobile,,,,18,0,0,18,16,2,88.89%,11.11%,0.00%,0.00%
20260127,02,朱光宁,3361,提莫書屋-mobile,16959,MW_320x480_文中創意_提莫書屋-mobile,,,,12,0,0,12,9,3,75.00%,25.00%,0.00%,0.00%
20260127,02,欣發現股份有限公司,3365,Hami任務牆-mobile,16969,MW_置底創意_Hami任務牆,,知名媒體,,6,0,0,6,5,1,83.33%,16.67%,0.00%,0.00%
20260127,02,欣發現股份有限公司,3364,女子學-mobile,16972,MW_置底創意_女子學,antifroud,,,30,0,0,30,21,9,70.00%,30.00%,0.00%,0.00%
20260127,02,第一網站股份有限公司,2783,漫畫櫃manhuagui,17027,MW_320x480_蓋版_漫畫櫃manhuagui,,,,"4,485",0,0,"4,485","4,147",338,92.46%,7.54%,0.00%,0.00%
20260127,02,詠勝科技有限公司,3385,Mobile01_HB,17175,CF_970x90_橫幅Banner_Mobile01_HB,,知名媒體,,142,0,0,142,107,35,75.35%,24.65%,0.00%,0.00%
20260127,02,詠勝科技有限公司,3385,Mobile01_HB,17176,CF_728x90_內頁橫幅Banner_7F_Mobile01_HB,,知名媒體,,8,0,0,8,4,4,50.00%,50.00%,0.00%,0.00%
20260127,02,詠勝科技有限公司,3385,Mobile01_HB,17179,CF_300x250_熱門大看板_Mobile01_HB,,知名媒體,,168,0,0,168,128,40,76.19%,23.81%,0.00%,0.00%
20260127,02,詠勝科技有限公司,3385,Mobile01_HB,17180,CF_300x250_置底看板左_Mobile01_HB,,知名媒體,,54,0,0,54,45,9,83.33%,16.67%,0.00%,0.00%
20260127,02,詠勝科技有限公司,3385,Mobile01_HB,17181,CF_300x250_置底看板中_Mobile01_HB,,知名媒體,,54,0,0,54,45,9,83.33%,16.67%,0.00%,0.00%
20260127,02,詠勝科技有限公司,3385,Mobile01_HB,17183,CF_300x600_大摩天_Mobile01_HB,,知名媒體,,50,0,0,50,36,14,72.00%,28.00%,0.00%,0.00%
20260127,02,詠勝科技有限公司,3385,Mobile01_HB,17204,MW_300x250_文中Banner(interscroller)_Mobile01_HB,,知名媒體,,80,0,0,80,68,12,85.00%,15.00%,0.00%,0.00%
20260127,02,朱光宁,3268,稷下書院-mobile,17207,MW_320x480_蓋版_稷下書院-mobile,,,,"9,276",0,0,"9,276","5,733","3,543",61.80%,38.20%,0.00%,0.00%
20260127,02,艾得基客行銷顧問股份有限公司,3391,UDN聯合新聞網,17236,MW_置底創意_UDN聯合新聞,,知名媒體,,128,0,0,128,126,2,98.44%,1.56%,0.00%,0.00%
20260127,02,李立娟,3395,vivi0視頻-exchange,17293,CF_336x280_Banner_vivi01視頻-exchange,antifroud,,,"17,377",0,0,"17,377","15,926","1,451",91.65%,8.35%,0.00%,0.00%
20260127,02,李立娟,3395,vivi0視頻-exchange,17294,MW_336x280_Banner_vivi01視頻-exchange,antifroud,,,"19,157",0,0,"19,157","18,065","1,092",94.30%,5.70%,0.00%,0.00%
20260127,02,李立娟,3395,vivi0視頻-exchange,17299,MW_300x250_蓋板(PB)-vivi01視頻-exchange,,,,6,0,0,6,6,0,100.00%,0.00%,0.00%,0.00%
20260127,02,李立娟,3395,vivi0視頻-exchange,17300,MW_320x100_置底(PB)_vivi01視頻-exchange,antifroud,,,"27,229",0,0,"27,229","26,005","1,224",95.50%,4.50%,0.00%,0.00%
20260127,02,曾憲敏,601,85小說網_PC,1773,CF-300x250_85小說網_內文1,,,,6,0,0,6,5,1,83.33%,16.67%,0.00%,0.00%
20260127,02,李立娟,3396,趣聞圖說-Mobile,17923,MW_置底創意(展開)_趣聞圖說-Mobile,,,,6,0,0,6,6,0,100.00%,0.00%,0.00%,0.00%
20260127,02,第一網站股份有限公司,2768,czbooks,17927,MW_置底創意_czbook,,,,"5,763",0,0,"5,763","3,589","2,174",62.28%,37.72%,0.00%,0.00%
20260127,02,時報資訊股份有限公司_工商時報,3427,工商時報-exchange,18014,MW_300x250_文末Banner1_工商時報-exchange,,知名媒體,,6,0,0,6,6,0,100.00%,0.00%,0.00%,0.00%
20260127,02,時報資訊股份有限公司_工商時報,3427,工商時報-exchange,18015,MW_300x250_文末Banner2_工商時報-exchange,,知名媒體,,68,0,0,68,67,1,98.53%,1.47%,0.00%,0.00%
20260127,02,第一網站股份有限公司,3440,fsa_passback_first,18201,CF_336x280_fsa_passback_first,,,,"1,942",0,0,"1,942","1,420",522,73.12%,26.88%,0.00%,0.00%
20260127,02,第一網站股份有限公司,3440,fsa_passback_first,18202,CF_300x250_fsa_passback_first,,,,"2,772",0,0,"2,772","1,714","1,058",61.83%,38.17%,0.00%,0.00%
20260127,02,朱光宁,3268,稷下書院-mobile,18297,MW_置底創意(展開)_稷下書院-mobile,,,,283,0,0,283,168,115,59.36%,40.64%,0.00%,0.00%
20260127,02,冰楓科技有限公司,3485,冰楓論壇-exchange,18487,CF_970x90_內文上方第一塊_冰楓論壇-exchange,,,,296,0,0,296,237,59,80.07%,19.93%,0.00%,0.00%
20260127,02,冰楓科技有限公司,3485,冰楓論壇-exchange,18488,MW_320x100_內文上方第一塊_ 冰楓論壇-exchange,antifroud,,,56,0,0,56,42,14,75.00%,25.00%,0.00%,0.00%
20260127,02,冰楓科技有限公司,3485,冰楓論壇-exchange,18492,MW_300x250_Banner_ 冰楓論壇-exchange,,,,138,0,0,138,120,18,86.96%,13.04%,0.00%,0.00%
20260127,02,CBROOT LTD,3492,包子漫畫(特開流量)-exchange,18557,CF_300x600_指定流量_包子漫畫(特開流量PB)-exchange,,,,180,0,0,180,158,22,87.78%,12.22%,0.00%,0.00%
20260127,02,CBROOT LTD,3510,包子漫畫_twmanga-exchange,18737,CF_970x90_Banner_ 包子漫畫_twmanga-exchange,,,,108,0,0,108,98,10,90.74%,9.26%,0.00%,0.00%
20260127,02,舒禾驊,3535,荷花動漫筆記,18887,CF_336x280_文章頁文中_荷花動漫筆記,,,,6,0,0,6,3,3,50.00%,50.00%,0.00%,0.00%
20260127,02,台灣英文新聞股份有限公司,3537,台灣英文新聞(new)-exchange,18924,CF_300x250_內容頁_右側看版_1_台灣英文新聞(new)-exchange,,知名媒體,,12,0,0,12,2,10,16.67%,83.33%,0.00%,0.00%
20260127,02,第一網站股份有限公司,2783,漫畫櫃manhuagui,20685,MW_300X250_manhuagui,antifroud,,,"13,998",0,0,"13,998","11,786","2,212",84.20%,15.80%,0.00%,0.00%
20260127,02,德榕企業有限公司,3578,TW Bodhi_mobile,20707,MW_置底創意_TW Bodhi,,,,12,0,0,12,12,0,100.00%,0.00%,0.00%,0.00%
20260127,02,德榕企業有限公司,3578,TW Bodhi_mobile,20708,MW_蓋板_TW Bodhi,,,,30,0,0,30,30,0,100.00%,0.00%,0.00%,0.00%
20260127,02,德榕企業有限公司,3581,忘憂書屋,20727,CF_336x280文章頁(RWD)_忘憂書屋,,,,12,0,0,12,12,0,100.00%,0.00%,0.00%,0.00%
20260127,02,德榕企業有限公司,3582,忘憂書屋_mobile,20729,MW_蓋板_忘憂書屋,,,,18,0,0,18,18,0,100.00%,0.00%,0.00%,0.00%
20260127,02,第一網站股份有限公司,2916,KiKiNote,20731,CF_300x250_banner_kikinote (PB),,知名媒體,,30,0,0,30,27,3,90.00%,10.00%,0.00%,0.00%
20260127,02,第一網站股份有限公司,2768,czbooks,21412,(子)CF_970x250_banner_czbooks(限時段)-PB,,,子聯播網,"2,913",0,0,"2,913","1,672","1,241",57.40%,42.60%,0.00%,0.00%
20260127,02,第一網站股份有限公司,3440,fsa_passback_first,21699,CF_336x280_fsa_passback_first,,,,565,0,0,565,458,107,81.06%,18.94%,0.00%,0.00%
20260127,02,富盈數據股份有限公司,3653,TVBS-女人我最大_HB,21761,MW_文章四_336x280_TVBS-女人我最大_HB,,知名媒體,,60,0,0,60,58,2,96.67%,3.33%,0.00%,0.00%
20260127,02,富盈數據股份有限公司,3653,TVBS-女人我最大_HB,21762,MW_文章置底_320x100_TVBS-女人我最大_HB,,知名媒體,,6,0,0,6,6,0,100.00%,0.00%,0.00%,0.00%
20260127,02,富盈數據股份有限公司,3653,TVBS-女人我最大_HB,21763,MW_文中創意320x480_TVBS-女人我最大_HB,,知名媒體,,24,0,0,24,23,1,95.83%,4.17%,0.00%,0.00%
20260127,02,富盈數據股份有限公司,3654,TVBS-健康2.0_HB,21765,MW_文章三_336x280_TVBS-健康2.0_HB,,知名媒體,,52,0,0,52,52,0,100.00%,0.00%,0.00%,0.00%
20260127,02,富盈數據股份有限公司,3654,TVBS-健康2.0_HB,21768,MW_文中創意320x480_TVBS-健康2.0_HB,,知名媒體,,42,0,0,42,41,1,97.62%,2.38%,0.00%,0.00%
20260127,02,富盈數據股份有限公司,3655,TVBS-食尚玩家_HB,21770,MW_文章三_336x280_TVBS-食尚玩家_HB,,知名媒體,,6,0,0,6,6,0,100.00%,0.00%,0.00%,0.00%
20260127,02,富盈數據股份有限公司,3655,TVBS-食尚玩家_HB,21773,MW_文中創意320x480_TVBS-食尚玩家_HB,,知名媒體,,6,0,0,6,6,0,100.00%,0.00%,0.00%,0.00%
20260127,02,富盈數據股份有限公司,3654,TVBS-健康2.0_HB,21812,MW_文章一_336x280_TVBS-健康2.0_HB,,知名媒體,,40,0,0,40,40,0,100.00%,0.00%,0.00%,0.00%
20260127,02,儂儂雜誌社股份有限公司(bella儂儂),2135,Bella儂儂_2024,21876,MW-300x250_文章標題上方1_Bella儂儂,,知名媒體,,18,0,0,18,17,1,94.44%,5.56%,0.00%,0.00%
20260127,02,富盈數據股份有限公司,3680,TVBS-新聞網_HB,21899,MW_文章一_336x280_TVBS-新聞網_HB,,知名媒體,,"2,731",0,0,"2,731","2,675",56,97.95%,2.05%,0.00%,0.00%
20260127,02,富盈數據股份有限公司,3680,TVBS-新聞網_HB,21902,MW_文章置底_320x100_TVBS-新聞網_HB,,知名媒體,,"3,046",0,0,"3,046","2,980",66,97.83%,2.17%,0.00%,0.00%
20260127,02,富盈數據股份有限公司,3685,玩桌遊_mobile,21924,MW_置底創意(非展開)_玩桌遊-mobile,,,,126,0,0,126,97,29,76.98%,23.02%,0.00%,0.00%
20260127,02,富盈數據股份有限公司,2615,熱血台中,21986,CF_336x280_全網_熱血台中,,,,30,0,0,30,30,0,100.00%,0.00%,0.00%,0.00%
20260127,02,富盈數據股份有限公司,2615,熱血台中,21987,CF_336x280_全網_熱血台中,,,,110,0,0,110,107,3,97.27%,2.73%,0.00%,0.00%
20260127,02,富盈數據股份有限公司,3704,天天要聞,22030,CF_300 x 250 banner_天天要聞_cpc2,,,,506,0,0,506,262,244,51.78%,48.22%,0.00%,0.00%
20260127,02,富盈數據股份有限公司,3703,繁體小說,22031,CF_300 x 250 banner_繁體小說_cpc2,,,,163,0,0,163,111,52,68.10%,31.90%,0.00%,0.00%
20260127,02,冰楓科技有限公司,3485,冰楓論壇-exchange,22160,CF_300x250_Banner2_ 冰楓論壇-exchange,,,,6,0,0,6,0,6,0.00%,100.00%,0.00%,0.00%
20260127,02,闇碼科技股份有限公司,3048,縮短網址產生器-reurl,22213,MW_蓋版_縮短網址產生器-reurl-2025.05(特殊供量),,知名媒體,,"4,272",0,0,"4,272",36,"4,236",0.84%,99.16%,0.00%,0.00%
20260127,02,欣發現股份有限公司,3363,大人物-mobile,22222,MW_蓋板_大人物,,知名媒體,,18,0,0,18,16,2,88.89%,11.11%,0.00%,0.00%
20260127,02,朱光宁,3741,石頭小說3,22396,MW_置底_石頭小說3,,,,148,0,0,148,94,54,63.51%,36.49%,0.00%,0.00%
20260127,02,朱光宁,3741,石頭小說3,22398,CF_336 x 280 banner_石頭小說3_cpc1.67,,,,"1,963",0,0,"1,963","1,161",802,59.14%,40.86%,0.00%,0.00%
20260127,02,朱光宁,3741,石頭小說3,22399,CF_320 x 480 橫幅_石頭小說3,,,,37,0,0,37,23,14,62.16%,37.84%,0.00%,0.00%
20260127,02,闇碼科技股份有限公司,3068,限時圖片-imgus,22406,MW_置底_imgus,antifroud,,,54,0,0,54,54,0,100.00%,0.00%,0.00%,0.00%
20260127,02,第一網站股份有限公司,2783,漫畫櫃manhuagui,22443,MW_置底_manhuagui,antifroud,,,"36,191",0,0,"36,191","33,891","2,300",93.64%,6.36%,0.00%,0.00%
20260127,02,李承翰-webptt,718,Web批踢踢(RWD),2284,MW-蓋板_文中_Web批踢踢,antifroud,,,44,0,0,44,29,15,65.91%,34.09%,0.00%,0.00%
20260127,02,李承翰-webptt,718,Web批踢踢(RWD),2290,MW-300x250&336x280_第一塊_Web批踢踢(RWD),,,,6,0,0,6,6,0,100.00%,0.00%,0.00%,0.00%
20260127,02,麥智維,999,動漫戲說,3543,CF-728*90-內文上方-動漫戲說,antifroud,,,325,0,0,325,205,120,63.08%,36.92%,0.00%,0.00%
20260127,02,蔡建磊,1269,跑跑資訊站,4622,CF-300X250-內文右側-跑跑資訊站,,,,12,0,0,12,8,4,66.67%,33.33%,0.00%,0.00%
20260127,02,肖偉彬,1287,紅櫻桃小說書庫,4678,CF-內文上方-300*250-紅櫻桃小說書庫,,,,21,0,0,21,12,9,57.14%,42.86%,0.00%,0.00%
20260127,02,肖偉彬,1286,龍騰世紀書庫,4716,CF-內文中間-300*250-龍騰世紀書庫,,,,6,0,0,6,3,3,50.00%,50.00%,0.00%,0.00%
20260127,02,肖偉彬,1287,紅櫻桃小說書庫,4717,MW_文中創意300x250_紅櫻桃小說書庫,,,,12,0,0,12,8,4,66.67%,33.33%,0.00%,0.00%
20260127,02,技達創意資訊有限公司,1299,泰好網,4734,MW-320*100-首頁、內文上方-泰好網,,,,6,0,0,6,6,0,100.00%,0.00%,0.00%,0.00%
20260127,02,陈晋福,1367,電視超人,4997,CF-300X250-電視超人,,,,6,0,0,6,3,3,50.00%,50.00%,0.00%,0.00%
20260127,02,麥智維,999,動漫戲說,6069,CF-300*250-首頁-動漫戲說,,,,26,0,0,26,23,3,88.46%,11.54%,0.00%,0.00%
20260127,02,巧克科技新媒體股份有限公司,2127,LINE TV_Banner-exchange,8577,CF_336x280_戲劇-右側好康資訊上方_LINE TV-exchange,,知名媒體,,6,0,0,6,6,0,100.00%,0.00%,0.00%,0.00%
20260127,03,英屬維京群島商浩美數位有限公司台灣分公司,2315,Teepr亮新聞-exchange,10012,CF_336x280Banner_Teepr亮新聞-exchange,,知名媒體,,18,0,0,18,6,12,33.33%,66.67%,0.00%,0.00%
20260127,03,昱得資訊工作室,2528,數位書香,11080,CF_728x90_首頁上方_數位書香,antifroud,,,42,0,0,42,42,0,100.00%,0.00%,0.00%,0.00%
20260127,03,昱得資訊工作室,2528,數位書香,11081,CF_160x600_首頁右側_數位書香,antifroud,,,847,0,0,847,847,0,100.00%,0.00%,0.00%,0.00%
20260127,03,第一網站股份有限公司,2518,麻辣家族討論區(twbts),11082,CF-728X90-twbts,antifroud,,,"2,375",0,0,"2,375","2,337",38,98.40%,1.60%,0.00%,0.00%
20260127,03,第一網站股份有限公司,2540,risu短網址,11260,MW-300X250-MB_page_left-risu,,知名媒體,,6,0,0,6,6,0,100.00%,0.00%,0.00%,0.00%
20260127,03,第一網站股份有限公司,2492,ttshow,11273,MW-300X250-ttshow,,知名媒體,,6,0,0,6,6,0,100.00%,0.00%,0.00%,0.00%
20260127,03,第一網站股份有限公司,2601,Meme梗圖倉庫,11443,CF-336X280-meme,,,,359,0,0,359,292,67,81.34%,18.66%,0.00%,0.00%
20260127,03,艾得基客行銷顧問股份有限公司,2578,鉅亨網,12070,MW_320x480_文中創意_鉅亨網,,知名媒體,,362,0,0,362,354,8,97.79%,2.21%,0.00%,0.00%
20260127,03,時報資訊股份有限公司,2770,中時電子報_HB,12559,CF_300x250_右側互動看版_中時電子報_HB,,知名媒體,,12,0,0,12,8,4,66.67%,33.33%,0.00%,0.00%
20260127,03,時報資訊股份有限公司,2770,中時電子報_HB,12561,MW_300x250_內頁TOP Banner_中時電子報_HB,antifroud,知名媒體,,266,0,0,266,253,13,95.11%,4.89%,0.00%,0.00%
20260127,03,第一網站股份有限公司,2768,czbooks,12570,CF_728x90_banner_czbooks,,,,"1,598",0,0,"1,598","1,437",161,89.92%,10.08%,0.00%,0.00%
20260127,03,第一網站股份有限公司,2768,czbooks,12571,CF-300x600_Banner_czbooks,,,,18,0,0,18,11,7,61.11%,38.89%,0.00%,0.00%
20260127,03,鳳梨傳媒股份有限公司,2190,民視新聞網-Exchange,12579,CF_300x250_右側第一塊_民視新聞網-Exchange(RWD)(MCM),,知名媒體,,6,0,0,6,6,0,100.00%,0.00%,0.00%,0.00%
20260127,03,鳳梨傳媒股份有限公司,2190,民視新聞網-Exchange,12580,CF_300x250_內文文中左側_民視新聞網-Exchange(RWD)(MCM),,知名媒體,,12,0,0,12,10,2,83.33%,16.67%,0.00%,0.00%
20260127,03,第一網站股份有限公司,2783,漫畫櫃manhuagui,12676,CF_728X90_manhuagui,antifroud,,,"16,959",0,0,"16,959","14,839","2,120",87.50%,12.50%,0.00%,0.00%
20260127,03,第一網站股份有限公司,2801,damanwoo,12868,CF-300x250_Banner_damanwoo_大人物,,,,6,0,0,6,6,0,100.00%,0.00%,0.00%,0.00%
20260127,03,第一網站股份有限公司,2820,星座好朋友(horofriend88),12966,MW_320x100_horofriend88,antifroud,,,18,0,0,18,17,1,94.44%,5.56%,0.00%,0.00%
20260127,03,第一網站股份有限公司,2862,Manhuaren,13254,MW_320x100_banner_manhuaren,,,,6,0,0,6,4,2,66.67%,33.33%,0.00%,0.00%
20260127,03,譚謹恩,2885,Mr. & Mrs. Diary-exchange,13405,CF_970x250_內文文中_Mr. & Mrs. Diary-exchange,,,,6,0,0,6,6,0,100.00%,0.00%,0.00%,0.00%
20260127,03,曾憲敏,202,85小說網,13445,MW_336X280_全量1_85小說網,,,,18,0,0,18,15,3,83.33%,16.67%,0.00%,0.00%
20260127,03,曾憲敏,202,85小說網,13446,MW_336X280_全量2_85小說網,,,,204,0,0,204,157,47,76.96%,23.04%,0.00%,0.00%
20260127,03,第一網站股份有限公司,2910,clickme,13549,CF_300x250_banner_clickme(一般),,,,699,0,0,699,580,119,82.98%,17.02%,0.00%,0.00%
20260127,03,第一網站股份有限公司,2768,czbooks,14036,MW_320x480_CZBOOKS,antifroud,,,50,0,0,50,30,20,60.00%,40.00%,0.00%,0.00%
20260127,03,陳人鳳,480,飛格寵物家族_PC,1407,CF-728X90_上方通欄_飛格寵物家族,,,,12,0,0,12,7,5,58.33%,41.67%,0.00%,0.00%
20260127,03,陳人鳳,480,飛格寵物家族_PC,1408,CF-300X250_內文_飛格寵物家族,,,,50,0,0,50,34,16,68.00%,32.00%,0.00%,0.00%
20260127,03,闇碼科技股份有限公司,3048,縮短網址產生器-reurl,14210,MW_文中創意300x250_縮短網址產生器-reurl,,知名媒體,,40,0,0,40,30,10,75.00%,25.00%,0.00%,0.00%
20260127,03,富盈數據股份有限公司,3059,塔科女子,14258,CF_336x280_全網_塔科女子,,知名媒體,,132,0,0,132,132,0,100.00%,0.00%,0.00%,0.00%
20260127,03,CBROOT LTD,3003,包子漫畫-exchange,14291,MW_300x250_蓋板(PB)_包子漫畫,,,,"1,408",0,0,"1,408","1,167",241,82.88%,17.12%,0.00%,0.00%
20260127,03,朱光宁,3149,稷下書院-exchange,14748,MW_320x100_置底(PB)_稷下書院,,,,"9,111",0,0,"9,111","4,768","4,343",52.33%,47.67%,0.00%,0.00%
20260127,03,曾憲敏,3327,85小說網_創意,15227,MW-300X250_85小說網_隨身影音PB,,,,12,0,0,12,11,1,91.67%,8.33%,0.00%,0.00%
20260127,03,曾憲敏,3327,85小說網_創意,15228,MW-創意-85小說網,,,,92,0,0,92,67,25,72.83%,27.17%,0.00%,0.00%
20260127,03,CBROOT LTD,3352,西瓜卡通-exchange,15969,CF_728x90_影音內容_西瓜卡通-exchange,,,,12,0,0,12,12,0,100.00%,0.00%,0.00%,0.00%
20260127,03,CBROOT LTD,3352,西瓜卡通-exchange,15970,CF_160x600_影音內容_西瓜卡通-exchange,,,,460,0,0,460,457,3,99.35%,0.65%,0.00%,0.00%
20260127,03,朱光宁,3360,提莫書屋-exchange,16957,MW_336x280banner_提莫書屋_exchange,,,,"5,998",0,0,"5,997","4,451","1,546",74.22%,25.78%,0.00%,0.00%
20260127,03,朱光宁,3361,提莫書屋-mobile,16958,MW_置底創意_提莫書屋-mobile,,,,6,0,0,6,4,2,66.67%,33.33%,0.00%,0.00%
20260127,03,朱光宁,3361,提莫書屋-mobile,16959,MW_320x480_文中創意_提莫書屋-mobile,,,,6,0,0,6,6,0,100.00%,0.00%,0.00%,0.00%
20260127,03,欣發現股份有限公司,3363,大人物-mobile,16973,MW_置底創意_大人物,,知名媒體,,12,0,0,12,8,4,66.67%,33.33%,0.00%,0.00%
20260127,03,第一網站股份有限公司,2783,漫畫櫃manhuagui,17027,MW_320x480_蓋版_漫畫櫃manhuagui,,,,"2,004",0,0,"2,004","1,851",153,92.37%,7.63%,0.00%,0.00%
20260127,03,詠勝科技有限公司,3385,Mobile01_HB,17175,CF_970x90_橫幅Banner_Mobile01_HB,,知名媒體,,54,0,0,54,36,18,66.67%,33.33%,0.00%,0.00%
20260127,03,詠勝科技有限公司,3385,Mobile01_HB,17179,CF_300x250_熱門大看板_Mobile01_HB,,知名媒體,,109,0,0,109,77,32,70.64%,29.36%,0.00%,0.00%
20260127,03,詠勝科技有限公司,3385,Mobile01_HB,17204,MW_300x250_文中Banner(interscroller)_Mobile01_HB,,知名媒體,,6,0,0,6,5,1,83.33%,16.67%,0.00%,0.00%
20260127,03,朱光宁,3268,稷下書院-mobile,17207,MW_320x480_蓋版_稷下書院-mobile,,,,"5,542",0,0,"5,542","3,415","2,127",61.62%,38.38%,0.00%,0.00%
20260127,03,艾得基客行銷顧問股份有限公司,3391,UDN聯合新聞網,17236,MW_置底創意_UDN聯合新聞,,知名媒體,,94,0,0,94,92,2,97.87%,2.13%,0.00%,0.00%
20260127,03,李立娟,3395,vivi0視頻-exchange,17293,CF_336x280_Banner_vivi01視頻-exchange,antifroud,,,"15,023",0,0,"15,023","13,814","1,209",91.95%,8.05%,0.00%,0.00%
20260127,03,李立娟,3395,vivi0視頻-exchange,17294,MW_336x280_Banner_vivi01視頻-exchange,antifroud,,,"14,599",0,0,"14,599","13,628",971,93.35%,6.65%,0.00%,0.00%
20260127,03,李立娟,3395,vivi0視頻-exchange,17300,MW_320x100_置底(PB)_vivi01視頻-exchange,antifroud,,,"19,264",0,0,"19,264","18,085","1,179",93.88%,6.12%,0.00%,0.00%
20260127,03,第一網站股份有限公司,2768,czbooks,17927,MW_置底創意_czbook,,,,"2,737",0,0,"2,737","1,686","1,051",61.60%,38.40%,0.00%,0.00%
20260127,03,時報資訊股份有限公司_工商時報,3427,工商時報-exchange,18003,CF_300x250_互動看板2_工商時報-exchange,,知名媒體,,36,0,0,36,16,20,44.44%,55.56%,0.00%,0.00%
20260127,03,時報資訊股份有限公司_工商時報,3427,工商時報-exchange,18007,CF_336x280_文末右側看板_工商時報-exchange,,知名媒體,,12,0,0,12,2,10,16.67%,83.33%,0.00%,0.00%
20260127,03,時報資訊股份有限公司_工商時報,3427,工商時報-exchange,18008,CF_336x280_文末左側看板_工商時報-exchange,,知名媒體,,20,0,0,20,5,15,25.00%,75.00%,0.00%,0.00%
20260127,03,時報資訊股份有限公司_工商時報,3427,工商時報-exchange,18015,MW_300x250_文末Banner2_工商時報-exchange,,知名媒體,,12,0,0,12,12,0,100.00%,0.00%,0.00%,0.00%
20260127,03,第一網站股份有限公司,3440,fsa_passback_first,18201,CF_336x280_fsa_passback_first,,,,"1,032",0,0,"1,032",768,264,74.42%,25.58%,0.00%,0.00%
20260127,03,第一網站股份有限公司,3440,fsa_passback_first,18202,CF_300x250_fsa_passback_first,,,,"8,549",0,0,"8,549","4,545","4,004",53.16%,46.84%,0.00%,0.00%
20260127,03,莊博凱,3455,夢遊電玩,18269,300x250 Banner,,,,12,0,0,12,8,4,66.67%,33.33%,0.00%,0.00%
20260127,03,時報資訊股份有限公司_工商時報,3427,工商時報-exchange,18278,CF_336x280_文中-MiddleBillboard_工商時報-exchange,,知名媒體,,26,0,0,26,8,18,30.77%,69.23%,0.00%,0.00%
20260127,03,朱光宁,3268,稷下書院-mobile,18297,MW_置底創意(展開)_稷下書院-mobile,,,,133,0,0,133,78,55,58.65%,41.35%,0.00%,0.00%
20260127,03,冰楓科技有限公司,3485,冰楓論壇-exchange,18487,CF_970x90_內文上方第一塊_冰楓論壇-exchange,,,,212,0,0,212,174,38,82.08%,17.92%,0.00%,0.00%
20260127,03,冰楓科技有限公司,3485,冰楓論壇-exchange,18488,MW_320x100_內文上方第一塊_ 冰楓論壇-exchange,antifroud,,,38,0,0,38,30,8,78.95%,21.05%,0.00%,0.00%
20260127,03,冰楓科技有限公司,3485,冰楓論壇-exchange,18492,MW_300x250_Banner_ 冰楓論壇-exchange,,,,96,0,0,96,78,18,81.25%,18.75%,0.00%,0.00%
20260127,03,闇碼科技股份有限公司,3048,縮短網址產生器-reurl,18535,MW_蓋版_縮短網址產生器-reurl,,知名媒體,,6,0,0,6,6,0,100.00%,0.00%,0.00%,0.00%
20260127,03,CBROOT LTD,3492,包子漫畫(特開流量)-exchange,18557,CF_300x600_指定流量_包子漫畫(特開流量PB)-exchange,,,,106,0,0,106,98,8,92.45%,7.55%,0.00%,0.00%
20260127,03,CBROOT LTD,3510,包子漫畫_twmanga-exchange,18737,CF_970x90_Banner_ 包子漫畫_twmanga-exchange,,,,148,0,0,148,144,4,97.30%,2.70%,0.00%,0.00%
20260127,03,第一網站股份有限公司,2783,漫畫櫃manhuagui,20685,MW_300X250_manhuagui,antifroud,,,"9,122",0,0,"9,122","7,677","1,445",84.16%,15.84%,0.00%,0.00%
20260127,03,德榕企業有限公司,3578,TW Bodhi_mobile,20708,MW_蓋板_TW Bodhi,,,,18,0,0,18,18,0,100.00%,0.00%,0.00%,0.00%
20260127,03,德榕企業有限公司,3581,忘憂書屋,20727,CF_336x280文章頁(RWD)_忘憂書屋,,,,12,0,0,12,12,0,100.00%,0.00%,0.00%,0.00%
20260127,03,德榕企業有限公司,3582,忘憂書屋_mobile,20729,MW_蓋板_忘憂書屋,,,,18,0,0,18,18,0,100.00%,0.00%,0.00%,0.00%
20260127,03,第一網站股份有限公司,2916,KiKiNote,20731,CF_300x250_banner_kikinote (PB),,知名媒體,,12,0,0,12,10,2,83.33%,16.67%,0.00%,0.00%
20260127,03,第一網站股份有限公司,2768,czbooks,21412,(子)CF_970x250_banner_czbooks(限時段)-PB,,,子聯播網,"1,863",0,0,"1,863","1,044",819,56.04%,43.96%,0.00%,0.00%
20260127,03,第一網站股份有限公司,3440,fsa_passback_first,21699,CF_336x280_fsa_passback_first,,,,390,0,0,390,309,81,79.23%,20.77%,0.00%,0.00%
20260127,03,富盈數據股份有限公司,3653,TVBS-女人我最大_HB,21761,MW_文章四_336x280_TVBS-女人我最大_HB,,知名媒體,,12,0,0,12,12,0,100.00%,0.00%,0.00%,0.00%
20260127,03,富盈數據股份有限公司,3654,TVBS-健康2.0_HB,21768,MW_文中創意320x480_TVBS-健康2.0_HB,,知名媒體,,12,0,0,12,12,0,100.00%,0.00%,0.00%,0.00%
20260127,03,富盈數據股份有限公司,3655,TVBS-食尚玩家_HB,21770,MW_文章三_336x280_TVBS-食尚玩家_HB,,知名媒體,,6,0,0,6,5,1,83.33%,16.67%,0.00%,0.00%
20260127,03,富盈數據股份有限公司,3654,TVBS-健康2.0_HB,21812,MW_文章一_336x280_TVBS-健康2.0_HB,,知名媒體,,12,0,0,12,12,0,100.00%,0.00%,0.00%,0.00%
20260127,03,儂儂雜誌社股份有限公司(bella儂儂),2135,Bella儂儂_2024,21876,MW-300x250_文章標題上方1_Bella儂儂,,知名媒體,,6,0,0,6,6,0,100.00%,0.00%,0.00%,0.00%
20260127,03,富盈數據股份有限公司,3680,TVBS-新聞網_HB,21899,MW_文章一_336x280_TVBS-新聞網_HB,,知名媒體,,"1,990",0,0,"1,990","1,947",43,97.84%,2.16%,0.00%,0.00%
20260127,03,富盈數據股份有限公司,3680,TVBS-新聞網_HB,21900,MW_文章三_336x280_TVBS-新聞網_HB,,知名媒體,,6,0,0,6,6,0,100.00%,0.00%,0.00%,0.00%
20260127,03,富盈數據股份有限公司,3680,TVBS-新聞網_HB,21902,MW_文章置底_320x100_TVBS-新聞網_HB,,知名媒體,,"2,347",0,0,"2,347","2,288",59,97.49%,2.51%,0.00%,0.00%
20260127,03,富盈數據股份有限公司,3685,玩桌遊_mobile,21924,MW_置底創意(非展開)_玩桌遊-mobile,,,,40,0,0,40,31,9,77.50%,22.50%,0.00%,0.00%
20260127,03,富盈數據股份有限公司,2615,熱血台中,21986,CF_336x280_全網_熱血台中,,,,76,0,0,76,76,0,100.00%,0.00%,0.00%,0.00%
20260127,03,富盈數據股份有限公司,2615,熱血台中,21987,CF_336x280_全網_熱血台中,,,,116,0,0,116,116,0,100.00%,0.00%,0.00%,0.00%
20260127,03,富盈數據股份有限公司,3704,天天要聞,22030,CF_300 x 250 banner_天天要聞_cpc2,,,,443,0,0,443,239,204,53.95%,46.05%,0.00%,0.00%
20260127,03,富盈數據股份有限公司,3703,繁體小說,22031,CF_300 x 250 banner_繁體小說_cpc2,,,,273,0,0,273,199,74,72.89%,27.11%,0.00%,0.00%
20260127,03,闇碼科技股份有限公司,3048,縮短網址產生器-reurl,22213,MW_蓋版_縮短網址產生器-reurl-2025.05(特殊供量),,知名媒體,,16,0,0,16,9,7,56.25%,43.75%,0.00%,0.00%
20260127,03,朱光宁,3741,石頭小說3,22396,MW_置底_石頭小說3,,,,66,0,0,66,40,26,60.61%,39.39%,0.00%,0.00%
20260127,03,朱光宁,3741,石頭小說3,22398,CF_336 x 280 banner_石頭小說3_cpc1.67,,,,"2,162",0,0,"2,162","1,290",872,59.67%,40.33%,0.00%,0.00%
20260127,03,朱光宁,3741,石頭小說3,22399,CF_320 x 480 橫幅_石頭小說3,,,,12,0,0,12,6,6,50.00%,50.00%,0.00%,0.00%
20260127,03,闇碼科技股份有限公司,3068,限時圖片-imgus,22406,MW_置底_imgus,antifroud,,,26,0,0,26,26,0,100.00%,0.00%,0.00%,0.00%
20260127,03,第一網站股份有限公司,2783,漫畫櫃manhuagui,22443,MW_置底_manhuagui,antifroud,,,"22,662",0,0,"22,662","21,196","1,466",93.53%,6.47%,0.00%,0.00%
20260127,03,李承翰-webptt,718,Web批踢踢(RWD),2284,MW-蓋板_文中_Web批踢踢,antifroud,,,14,0,0,14,12,2,85.71%,14.29%,0.00%,0.00%
20260127,03,麥智維,999,動漫戲說,3543,CF-728*90-內文上方-動漫戲說,antifroud,,,442,0,0,442,256,186,57.92%,42.08%,0.00%,0.00%
20260127,03,蔡建磊,1269,跑跑資訊站,4622,CF-300X250-內文右側-跑跑資訊站,,,,6,0,0,6,6,0,100.00%,0.00%,0.00%,0.00%
20260127,03,高政德,1015,小鎮資訊,4656,CF-300X250_小政_小鎮資訊,,,,6,0,0,6,0,6,0.00%,100.00%,0.00%,0.00%
20260127,03,肖偉彬,1286,龍騰世紀書庫,4673,CF-內文下方-728*90-龍騰世紀書庫,,,,6,0,0,6,3,3,50.00%,50.00%,0.00%,0.00%
20260127,03,肖偉彬,1287,紅櫻桃小說書庫,4678,CF-內文上方-300*250-紅櫻桃小說書庫,,,,6,0,0,6,6,0,100.00%,0.00%,0.00%,0.00%
20260127,03,技達創意資訊有限公司,1299,泰好網,4733,CF-300*250-內文下方-泰好網,,,,12,0,0,12,12,0,100.00%,0.00%,0.00%,0.00%
20260127,03,技達創意資訊有限公司,1299,泰好網,4734,MW-320*100-首頁、內文上方-泰好網,,,,36,0,0,36,32,4,88.89%,11.11%,0.00%,0.00%
20260127,03,麥智維,999,動漫戲說,6069,CF-300*250-首頁-動漫戲說,,,,6,0,0,6,6,0,100.00%,0.00%,0.00%,0.00%
20260127,04,昱得資訊工作室,2528,數位書香,11080,CF_728x90_首頁上方_數位書香,antifroud,,,32,0,0,32,32,0,100.00%,0.00%,0.00%,0.00%
20260127,04,昱得資訊工作室,2528,數位書香,11081,CF_160x600_首頁右側_數位書香,antifroud,,,996,0,0,996,994,2,99.80%,0.20%,0.00%,0.00%
20260127,04,第一網站股份有限公司,2518,麻辣家族討論區(twbts),11082,CF-728X90-twbts,antifroud,,,"2,321",0,0,"2,321","2,290",31,98.66%,1.34%,0.00%,0.00%
20260127,04,第一網站股份有限公司,2492,ttshow,11273,MW-300X250-ttshow,,知名媒體,,12,0,0,12,12,0,100.00%,0.00%,0.00%,0.00%
20260127,04,第一網站股份有限公司,2601,Meme梗圖倉庫,11443,CF-336X280-meme,,,,135,0,0,135,117,18,86.67%,13.33%,0.00%,0.00%
20260127,04,艾得基客行銷顧問股份有限公司,2578,鉅亨網,12070,MW_320x480_文中創意_鉅亨網,,知名媒體,,447,0,0,447,436,11,97.54%,2.46%,0.00%,0.00%
20260127,04,第一網站股份有限公司,2540,risu短網址,12496,CF_300x250_popup(直播) _risu短網址,antifroud,知名媒體,,6,0,0,6,4,2,66.67%,33.33%,0.00%,0.00%
20260127,04,時報資訊股份有限公司,2770,中時電子報_HB,12561,MW_300x250_內頁TOP Banner_中時電子報_HB,antifroud,知名媒體,,290,0,0,290,274,16,94.48%,5.52%,0.00%,0.00%
20260127,04,第一網站股份有限公司,2768,czbooks,12570,CF_728x90_banner_czbooks,,,,"1,137",0,0,"1,137","1,075",62,94.55%,5.45%,0.00%,0.00%
20260127,04,第一網站股份有限公司,2768,czbooks,12571,CF-300x600_Banner_czbooks,,,,64,0,0,64,39,25,60.94%,39.06%,0.00%,0.00%
20260127,04,鳳梨傳媒股份有限公司,2190,民視新聞網-Exchange,12580,CF_300x250_內文文中左側_民視新聞網-Exchange(RWD)(MCM),,知名媒體,,12,0,0,12,8,4,66.67%,33.33%,0.00%,0.00%
20260127,04,第一網站股份有限公司,2783,漫畫櫃manhuagui,12676,CF_728X90_manhuagui,antifroud,,,"10,270",0,0,"10,270","8,829","1,441",85.97%,14.03%,0.00%,0.00%
20260127,04,第一網站股份有限公司,2801,damanwoo,12868,CF-300x250_Banner_damanwoo_大人物,,,,6,0,0,6,6,0,100.00%,0.00%,0.00%,0.00%
20260127,04,第一網站股份有限公司,2820,星座好朋友(horofriend88),12966,MW_320x100_horofriend88,antifroud,,,18,0,0,18,18,0,100.00%,0.00%,0.00%,0.00%
20260127,04,第一網站股份有限公司,2838,mycard,13041,MW_320x480_加倍mycard,,,,12,0,0,12,0,12,0.00%,100.00%,0.00%,0.00%
20260127,04,第一網站股份有限公司,2862,Manhuaren,13254,MW_320x100_banner_manhuaren,,,,24,0,0,24,21,3,87.50%,12.50%,0.00%,0.00%
20260127,04,曾憲敏,202,85小說網,13445,MW_336X280_全量1_85小說網,,,,14,0,0,14,12,2,85.71%,14.29%,0.00%,0.00%
20260127,04,曾憲敏,202,85小說網,13446,MW_336X280_全量2_85小說網,,,,140,0,0,140,112,28,80.00%,20.00%,0.00%,0.00%
20260127,04,第一網站股份有限公司,2910,clickme,13549,CF_300x250_banner_clickme(一般),,,,741,0,0,741,667,74,90.01%,9.99%,0.00%,0.00%
20260127,04,第一網站股份有限公司,2768,czbooks,14036,MW_320x480_CZBOOKS,antifroud,,,18,0,0,18,9,9,50.00%,50.00%,0.00%,0.00%
20260127,04,陳人鳳,480,飛格寵物家族_PC,1407,CF-728X90_上方通欄_飛格寵物家族,,,,12,0,0,12,9,3,75.00%,25.00%,0.00%,0.00%
20260127,04,陳人鳳,480,飛格寵物家族_PC,1408,CF-300X250_內文_飛格寵物家族,,,,52,0,0,52,30,22,57.69%,42.31%,0.00%,0.00%
20260127,04,闇碼科技股份有限公司,3048,縮短網址產生器-reurl,14210,MW_文中創意300x250_縮短網址產生器-reurl,,知名媒體,,20,0,0,20,11,9,55.00%,45.00%,0.00%,0.00%
20260127,04,富盈數據股份有限公司,3059,塔科女子,14258,CF_336x280_全網_塔科女子,,知名媒體,,124,0,0,124,124,0,100.00%,0.00%,0.00%,0.00%
20260127,04,CBROOT LTD,3003,包子漫畫-exchange,14291,MW_300x250_蓋板(PB)_包子漫畫,,,,931,0,0,931,789,142,84.75%,15.25%,0.00%,0.00%
20260127,04,朱光宁,3268,稷下書院-mobile,14737,MW_置底創意(非展開)_稷下書院-mobile,,,,6,0,0,6,5,1,83.33%,16.67%,0.00%,0.00%
20260127,04,朱光宁,3149,稷下書院-exchange,14748,MW_320x100_置底(PB)_稷下書院,,,,"7,659",0,0,"7,659","4,047","3,612",52.84%,47.16%,0.00%,0.00%
20260127,04,曾憲敏,3327,85小說網_創意,15228,MW-創意-85小說網,,,,34,0,0,34,29,5,85.29%,14.71%,0.00%,0.00%
20260127,04,中天電視股份有限公司,3282,中天新聞網-exchange,15859,CF_336x280_內頁_PC右側互動看板B-中天新聞網-exchange,,知名媒體,,6,0,0,6,2,4,33.33%,66.67%,0.00%,0.00%
20260127,04,CBROOT LTD,3352,西瓜卡通-exchange,15970,CF_160x600_影音內容_西瓜卡通-exchange,,,,526,0,0,526,526,0,100.00%,0.00%,0.00%,0.00%
20260127,04,朱光宁,3360,提莫書屋-exchange,16957,MW_336x280banner_提莫書屋_exchange,,,,"6,573",0,0,"6,573","4,778","1,795",72.69%,27.31%,0.00%,0.00%
20260127,04,朱光宁,3361,提莫書屋-mobile,16958,MW_置底創意_提莫書屋-mobile,,,,6,0,0,6,1,5,16.67%,83.33%,0.00%,0.00%
20260127,04,欣發現股份有限公司,3365,Hami任務牆-mobile,16969,MW_置底創意_Hami任務牆,,知名媒體,,25,0,0,25,23,2,92.00%,8.00%,0.00%,0.00%
20260127,04,欣發現股份有限公司,3364,女子學-mobile,16972,MW_置底創意_女子學,antifroud,,,6,0,0,6,6,0,100.00%,0.00%,0.00%,0.00%
20260127,04,第一網站股份有限公司,2783,漫畫櫃manhuagui,17027,MW_320x480_蓋版_漫畫櫃manhuagui,,,,952,0,0,952,875,77,91.91%,8.09%,0.00%,0.00%
20260127,04,詠勝科技有限公司,3385,Mobile01_HB,17175,CF_970x90_橫幅Banner_Mobile01_HB,,知名媒體,,62,0,0,62,39,23,62.90%,37.10%,0.00%,0.00%
20260127,04,詠勝科技有限公司,3385,Mobile01_HB,17179,CF_300x250_熱門大看板_Mobile01_HB,,知名媒體,,70,0,0,70,50,20,71.43%,28.57%,0.00%,0.00%
20260127,04,詠勝科技有限公司,3385,Mobile01_HB,17183,CF_300x600_大摩天_Mobile01_HB,,知名媒體,,6,0,0,6,5,1,83.33%,16.67%,0.00%,0.00%
20260127,04,詠勝科技有限公司,3385,Mobile01_HB,17204,MW_300x250_文中Banner(interscroller)_Mobile01_HB,,知名媒體,,6,0,0,6,5,1,83.33%,16.67%,0.00%,0.00%
20260127,04,朱光宁,3268,稷下書院-mobile,17207,MW_320x480_蓋版_稷下書院-mobile,,,,"3,635",0,0,"3,635","2,226","1,409",61.24%,38.76%,0.00%,0.00%
20260127,04,艾得基客行銷顧問股份有限公司,3391,UDN聯合新聞網,17236,MW_置底創意_UDN聯合新聞,,知名媒體,,74,0,0,74,64,10,86.49%,13.51%,0.00%,0.00%
20260127,04,李立娟,3395,vivi0視頻-exchange,17293,CF_336x280_Banner_vivi01視頻-exchange,antifroud,,,"11,304",0,0,"11,304","10,320",984,91.30%,8.70%,0.00%,0.00%
20260127,04,李立娟,3395,vivi0視頻-exchange,17294,MW_336x280_Banner_vivi01視頻-exchange,antifroud,,,"11,680",0,0,"11,657","10,764",893,92.34%,7.66%,0.00%,0.00%
20260127,04,李立娟,3395,vivi0視頻-exchange,17300,MW_320x100_置底(PB)_vivi01視頻-exchange,antifroud,,,"16,299",0,0,"16,299","15,306",993,93.91%,6.09%,0.00%,0.00%
20260127,04,第一網站股份有限公司,2768,czbooks,17927,MW_置底創意_czbook,,,,"1,271",0,0,"1,271",767,504,60.35%,39.65%,0.00%,0.00%
20260127,04,時報資訊股份有限公司_工商時報,3427,工商時報-exchange,18015,MW_300x250_文末Banner2_工商時報-exchange,,知名媒體,,31,0,0,31,31,0,100.00%,0.00%,0.00%,0.00%
20260127,04,第一網站股份有限公司,3440,fsa_passback_first,18201,CF_336x280_fsa_passback_first,,,,"1,292",0,0,"1,292","1,025",267,79.33%,20.67%,0.00%,0.00%
20260127,04,第一網站股份有限公司,3440,fsa_passback_first,18202,CF_300x250_fsa_passback_first,,,,"2,826",0,0,"2,826","1,492","1,334",52.80%,47.20%,0.00%,0.00%
20260127,04,莊博凱,3455,夢遊電玩,18269,300x250 Banner,,,,6,0,0,6,6,0,100.00%,0.00%,0.00%,0.00%
20260127,04,朱光宁,3268,稷下書院-mobile,18297,MW_置底創意(展開)_稷下書院-mobile,,,,61,0,0,61,34,27,55.74%,44.26%,0.00%,0.00%
20260127,04,冰楓科技有限公司,3485,冰楓論壇-exchange,18487,CF_970x90_內文上方第一塊_冰楓論壇-exchange,,,,228,0,0,228,194,34,85.09%,14.91%,0.00%,0.00%
20260127,04,冰楓科技有限公司,3485,冰楓論壇-exchange,18488,MW_320x100_內文上方第一塊_ 冰楓論壇-exchange,antifroud,,,18,0,0,18,13,5,72.22%,27.78%,0.00%,0.00%
20260127,04,冰楓科技有限公司,3485,冰楓論壇-exchange,18492,MW_300x250_Banner_ 冰楓論壇-exchange,,,,72,0,0,72,50,22,69.44%,30.56%,0.00%,0.00%
20260127,04,CBROOT LTD,3492,包子漫畫(特開流量)-exchange,18557,CF_300x600_指定流量_包子漫畫(特開流量PB)-exchange,,,,112,0,0,112,97,15,86.61%,13.39%,0.00%,0.00%
20260127,04,CBROOT LTD,3510,包子漫畫_twmanga-exchange,18737,CF_970x90_Banner_ 包子漫畫_twmanga-exchange,,,,85,0,0,85,83,2,97.65%,2.35%,0.00%,0.00%
20260127,04,台灣英文新聞股份有限公司,3537,台灣英文新聞(new)-exchange,18924,CF_300x250_內容頁_右側看版_1_台灣英文新聞(new)-exchange,,知名媒體,,6,0,0,6,6,0,100.00%,0.00%,0.00%,0.00%
20260127,04,第一網站股份有限公司,2783,漫畫櫃manhuagui,20685,MW_300X250_manhuagui,antifroud,,,"6,598",0,0,"6,598","5,438","1,160",82.42%,17.58%,0.00%,0.00%
20260127,04,德榕企業有限公司,3578,TW Bodhi_mobile,20708,MW_蓋板_TW Bodhi,,,,12,0,0,12,12,0,100.00%,0.00%,0.00%,0.00%
20260127,04,德榕企業有限公司,3581,忘憂書屋,20727,CF_336x280文章頁(RWD)_忘憂書屋,,,,12,0,0,12,12,0,100.00%,0.00%,0.00%,0.00%
20260127,04,第一網站股份有限公司,2916,KiKiNote,20731,CF_300x250_banner_kikinote (PB),,知名媒體,,16,0,0,16,16,0,100.00%,0.00%,0.00%,0.00%
20260127,04,第一網站股份有限公司,2768,czbooks,21412,(子)CF_970x250_banner_czbooks(限時段)-PB,,,子聯播網,"1,343",0,0,"1,343",749,594,55.77%,44.23%,0.00%,0.00%
20260127,04,第一網站股份有限公司,3440,fsa_passback_first,21699,CF_336x280_fsa_passback_first,,,,166,0,0,166,131,35,78.92%,21.08%,0.00%,0.00%
20260127,04,富盈數據股份有限公司,3653,TVBS-女人我最大_HB,21763,MW_文中創意320x480_TVBS-女人我最大_HB,,知名媒體,,8,0,0,8,7,1,87.50%,12.50%,0.00%,0.00%
20260127,04,富盈數據股份有限公司,3654,TVBS-健康2.0_HB,21765,MW_文章三_336x280_TVBS-健康2.0_HB,,知名媒體,,26,0,0,26,25,1,96.15%,3.85%,0.00%,0.00%
20260127,04,富盈數據股份有限公司,3654,TVBS-健康2.0_HB,21768,MW_文中創意320x480_TVBS-健康2.0_HB,,知名媒體,,24,0,0,24,24,0,100.00%,0.00%,0.00%,0.00%
20260127,04,富盈數據股份有限公司,3655,TVBS-食尚玩家_HB,21770,MW_文章三_336x280_TVBS-食尚玩家_HB,,知名媒體,,13,0,0,13,13,0,100.00%,0.00%,0.00%,0.00%
20260127,04,富盈數據股份有限公司,3654,TVBS-健康2.0_HB,21812,MW_文章一_336x280_TVBS-健康2.0_HB,,知名媒體,,6,0,0,6,5,1,83.33%,16.67%,0.00%,0.00%
20260127,04,儂儂雜誌社股份有限公司(bella儂儂),2135,Bella儂儂_2024,21876,MW-300x250_文章標題上方1_Bella儂儂,,知名媒體,,6,0,0,6,6,0,100.00%,0.00%,0.00%,0.00%
20260127,04,富盈數據股份有限公司,3680,TVBS-新聞網_HB,21899,MW_文章一_336x280_TVBS-新聞網_HB,,知名媒體,,"1,412",0,0,"1,412","1,375",37,97.38%,2.62%,0.00%,0.00%
20260127,04,富盈數據股份有限公司,3680,TVBS-新聞網_HB,21902,MW_文章置底_320x100_TVBS-新聞網_HB,,知名媒體,,"1,799",0,0,"1,799","1,760",39,97.83%,2.17%,0.00%,0.00%
20260127,04,富盈數據股份有限公司,3685,玩桌遊_mobile,21924,MW_置底創意(非展開)_玩桌遊-mobile,,,,24,0,0,24,20,4,83.33%,16.67%,0.00%,0.00%
20260127,04,富盈數據股份有限公司,2615,熱血台中,21986,CF_336x280_全網_熱血台中,,,,74,0,0,74,68,6,91.89%,8.11%,0.00%,0.00%
20260127,04,富盈數據股份有限公司,2615,熱血台中,21987,CF_336x280_全網_熱血台中,,,,134,0,0,134,128,6,95.52%,4.48%,0.00%,0.00%
20260127,04,富盈數據股份有限公司,3704,天天要聞,22030,CF_300 x 250 banner_天天要聞_cpc2,,,,268,0,0,268,137,131,51.12%,48.88%,0.00%,0.00%
20260127,04,富盈數據股份有限公司,3703,繁體小說,22031,CF_300 x 250 banner_繁體小說_cpc2,,,,47,0,0,47,46,1,97.87%,2.13%,0.00%,0.00%
20260127,04,闇碼科技股份有限公司,3048,縮短網址產生器-reurl,22213,MW_蓋版_縮短網址產生器-reurl-2025.05(特殊供量),,知名媒體,,6,0,0,6,2,4,33.33%,66.67%,0.00%,0.00%
20260127,04,欣發現股份有限公司,3363,大人物-mobile,22222,MW_蓋板_大人物,,知名媒體,,14,0,0,14,11,3,78.57%,21.43%,0.00%,0.00%
20260127,04,朱光宁,3741,石頭小說3,22396,MW_置底_石頭小說3,,,,18,0,0,18,12,6,66.67%,33.33%,0.00%,0.00%
20260127,04,朱光宁,3741,石頭小說3,22398,CF_336 x 280 banner_石頭小說3_cpc1.67,,,,"1,474",0,0,"1,474",884,590,59.97%,40.03%,0.00%,0.00%
20260127,04,朱光宁,3741,石頭小說3,22399,CF_320 x 480 橫幅_石頭小說3,,,,18,0,0,18,10,8,55.56%,44.44%,0.00%,0.00%
20260127,04,闇碼科技股份有限公司,3068,限時圖片-imgus,22406,MW_置底_imgus,antifroud,,,36,0,0,36,36,0,100.00%,0.00%,0.00%,0.00%
20260127,04,第一網站股份有限公司,2783,漫畫櫃manhuagui,22443,MW_置底_manhuagui,antifroud,,,"16,430",0,0,"16,430","15,263","1,167",92.90%,7.10%,0.00%,0.00%
20260127,04,李承翰-webptt,718,Web批踢踢(RWD),2284,MW-蓋板_文中_Web批踢踢,antifroud,,,6,0,0,6,4,2,66.67%,33.33%,0.00%,0.00%
20260127,04,麥智維,999,動漫戲說,3543,CF-728*90-內文上方-動漫戲說,antifroud,,,182,0,0,182,107,75,58.79%,41.21%,0.00%,0.00%
20260127,04,蔡建磊,1269,跑跑資訊站,4622,CF-300X250-內文右側-跑跑資訊站,,,,12,0,0,12,10,2,83.33%,16.67%,0.00%,0.00%
20260127,04,肖偉彬,1287,紅櫻桃小說書庫,4717,MW_文中創意300x250_紅櫻桃小說書庫,,,,30,0,0,30,20,10,66.67%,33.33%,0.00%,0.00%
20260127,04,麥智維,999,動漫戲說,6069,CF-300*250-首頁-動漫戲說,,,,6,0,0,6,4,2,66.67%,33.33%,0.00%,0.00%
20260127,04,巧克科技新媒體股份有限公司,2127,LINE TV_Banner-exchange,8576,CF_336x280_戲劇-右側好康資訊下方_LINE TV-exchange,,知名媒體,,6,0,0,6,5,1,83.33%,16.67%,0.00%,0.00%
20260127,04,巧克科技新媒體股份有限公司,2127,LINE TV_Banner-exchange,8577,CF_336x280_戲劇-右側好康資訊上方_LINE TV-exchange,,知名媒體,,12,0,0,12,11,1,91.67%,8.33%,0.00%,0.00%
20260127,05,英屬維京群島商浩美數位有限公司台灣分公司,2315,Teepr亮新聞-exchange,10012,CF_336x280Banner_Teepr亮新聞-exchange,,知名媒體,,12,0,0,12,4,8,33.33%,66.67%,0.00%,0.00%
20260127,05,昱得資訊工作室,2528,數位書香,11080,CF_728x90_首頁上方_數位書香,antifroud,,,12,0,0,12,12,0,100.00%,0.00%,0.00%,0.00%
20260127,05,昱得資訊工作室,2528,數位書香,11081,CF_160x600_首頁右側_數位書香,antifroud,,,852,0,0,852,848,4,99.53%,0.47%,0.00%,0.00%
20260127,05,第一網站股份有限公司,2518,麻辣家族討論區(twbts),11082,CF-728X90-twbts,antifroud,,,"2,204",0,0,"2,204","2,167",37,98.32%,1.68%,0.00%,0.00%
20260127,05,第一網站股份有限公司,2492,ttshow,11273,MW-300X250-ttshow,,知名媒體,,6,0,0,6,6,0,100.00%,0.00%,0.00%,0.00%
20260127,05,第一網站股份有限公司,2601,Meme梗圖倉庫,11443,CF-336X280-meme,,,,22,0,0,22,18,4,81.82%,18.18%,0.00%,0.00%
20260127,05,艾得基客行銷顧問股份有限公司,2578,鉅亨網,12070,MW_320x480_文中創意_鉅亨網,,知名媒體,,"1,526",0,0,"1,526","1,503",23,98.49%,1.51%,0.00%,0.00%
20260127,05,第一網站股份有限公司,2540,risu短網址,12496,CF_300x250_popup(直播) _risu短網址,antifroud,知名媒體,,16,0,0,16,0,16,0.00%,100.00%,0.00%,0.00%
20260127,05,時報資訊股份有限公司,2770,中時電子報_HB,12559,CF_300x250_右側互動看版_中時電子報_HB,,知名媒體,,115,0,0,115,90,25,78.26%,21.74%,0.00%,0.00%
20260127,05,時報資訊股份有限公司,2770,中時電子報_HB,12560,CF_336x280_文中看板_中時電子報_HB,,知名媒體,,95,0,0,95,77,18,81.05%,18.95%,0.00%,0.00%
20260127,05,時報資訊股份有限公司,2770,中時電子報_HB,12561,MW_300x250_內頁TOP Banner_中時電子報_HB,antifroud,知名媒體,,878,0,0,878,845,33,96.24%,3.76%,0.00%,0.00%
20260127,05,第一網站股份有限公司,2768,czbooks,12570,CF_728x90_banner_czbooks,,,,"1,180",0,0,"1,180","1,099",81,93.14%,6.86%,0.00%,0.00%
20260127,05,第一網站股份有限公司,2768,czbooks,12571,CF-300x600_Banner_czbooks,,,,30,0,0,30,20,10,66.67%,33.33%,0.00%,0.00%
20260127,05,鳳梨傳媒股份有限公司,2190,民視新聞網-Exchange,12579,CF_300x250_右側第一塊_民視新聞網-Exchange(RWD)(MCM),,知名媒體,,12,0,0,12,12,0,100.00%,0.00%,0.00%,0.00%
20260127,05,第一網站股份有限公司,2783,漫畫櫃manhuagui,12676,CF_728X90_manhuagui,antifroud,,,"6,902",0,0,"6,902","6,043",859,87.55%,12.45%,0.00%,0.00%
20260127,05,第一網站股份有限公司,2801,damanwoo,12868,CF-300x250_Banner_damanwoo_大人物,,,,12,0,0,12,12,0,100.00%,0.00%,0.00%,0.00%
20260127,05,第一網站股份有限公司,2820,星座好朋友(horofriend88),12966,MW_320x100_horofriend88,antifroud,,,32,0,0,32,31,1,96.88%,3.12%,0.00%,0.00%
20260127,05,曾憲敏,202,85小說網,13445,MW_336X280_全量1_85小說網,,,,12,0,0,12,9,3,75.00%,25.00%,0.00%,0.00%
20260127,05,曾憲敏,202,85小說網,13446,MW_336X280_全量2_85小說網,,,,124,0,0,124,99,25,79.84%,20.16%,0.00%,0.00%
20260127,05,第一網站股份有限公司,2910,clickme,13549,CF_300x250_banner_clickme(一般),,,,468,0,0,468,358,110,76.50%,23.50%,0.00%,0.00%
20260127,05,闇碼科技股份有限公司,2992,縮短網址產生器-reurl-exchange,13848,CF_300x250_轉址失敗_最右邊_reurl,,知名媒體,,6,0,0,6,0,6,0.00%,100.00%,0.00%,0.00%
20260127,05,闇碼科技股份有限公司,2992,縮短網址產生器-reurl-exchange,13856,CF_300x250_轉址失敗頁第二塊_reurl,,知名媒體,,6,0,0,6,0,6,0.00%,100.00%,0.00%,0.00%
20260127,05,第一網站股份有限公司,2768,czbooks,14036,MW_320x480_CZBOOKS,antifroud,,,12,0,0,12,8,4,66.67%,33.33%,0.00%,0.00%
20260127,05,陳人鳳,480,飛格寵物家族_PC,1407,CF-728X90_上方通欄_飛格寵物家族,,,,30,0,0,30,24,6,80.00%,20.00%,0.00%,0.00%
20260127,05,陳人鳳,480,飛格寵物家族_PC,1408,CF-300X250_內文_飛格寵物家族,,,,59,0,0,59,38,21,64.41%,35.59%,0.00%,0.00%
20260127,05,闇碼科技股份有限公司,3048,縮短網址產生器-reurl,14210,MW_文中創意300x250_縮短網址產生器-reurl,,知名媒體,,856,0,0,856,10,846,1.17%,98.83%,0.00%,0.00%
20260127,05,巨思文化股份有限公司,3053,數位時代_HB,14246,MW_300x250_文章結束第一塊_數位時代-HB,,知名媒體,,6,0,0,6,3,3,50.00%,50.00%,0.00%,0.00%
20260127,05,富盈數據股份有限公司,3059,塔科女子,14258,CF_336x280_全網_塔科女子,,知名媒體,,90,0,0,90,88,2,97.78%,2.22%,0.00%,0.00%
20260127,05,CBROOT LTD,3003,包子漫畫-exchange,14291,MW_300x250_蓋板(PB)_包子漫畫,,,,259,0,0,259,235,24,90.73%,9.27%,0.00%,0.00%
20260127,05,朱光宁,3149,稷下書院-exchange,14748,MW_320x100_置底(PB)_稷下書院,,,,"7,729",0,0,"7,729","3,961","3,768",51.25%,48.75%,0.00%,0.00%
20260127,05,巨思文化股份有限公司,3053,數位時代_HB,14764,MW_置底創意_(非展開)_數位時代_HB,,知名媒體,,6,0,0,6,3,3,50.00%,50.00%,0.00%,0.00%
20260127,05,中天電視股份有限公司,3282,中天新聞網-exchange,14980,CF_970x250_內頁_PC置頂橫幅-中天新聞網-exchange,,知名媒體,,6,0,0,4,4,0,100.00%,0.00%,0.00%,0.00%
20260127,05,曾憲敏,3327,85小說網_創意,15227,MW-300X250_85小說網_隨身影音PB,,,,12,0,0,12,11,1,91.67%,8.33%,0.00%,0.00%
20260127,05,曾憲敏,3327,85小說網_創意,15228,MW-創意-85小說網,,,,36,0,0,36,30,6,83.33%,16.67%,0.00%,0.00%
20260127,05,和運租車股份有限公司,2878,abc好車網,15249,CF_300x250_搜尋頁右側_abc好車網,,知名媒體,,276,0,0,276,0,276,0.00%,100.00%,0.00%,0.00%
20260127,05,CBROOT LTD,3352,西瓜卡通-exchange,15970,CF_160x600_影音內容_西瓜卡通-exchange,,,,484,0,0,484,483,1,99.79%,0.21%,0.00%,0.00%
20260127,05,朱光宁,3360,提莫書屋-exchange,16957,MW_336x280banner_提莫書屋_exchange,,,,"5,302",0,0,"5,302","3,983","1,319",75.12%,24.88%,0.00%,0.00%
20260127,05,朱光宁,3361,提莫書屋-mobile,16958,MW_置底創意_提莫書屋-mobile,,,,12,0,0,12,10,2,83.33%,16.67%,0.00%,0.00%
20260127,05,欣發現股份有限公司,3365,Hami任務牆-mobile,16969,MW_置底創意_Hami任務牆,,知名媒體,,206,0,0,206,169,37,82.04%,17.96%,0.00%,0.00%
20260127,05,欣發現股份有限公司,3364,女子學-mobile,16972,MW_置底創意_女子學,antifroud,,,172,0,0,172,131,41,76.16%,23.84%,0.00%,0.00%
20260127,05,欣發現股份有限公司,3363,大人物-mobile,16973,MW_置底創意_大人物,,知名媒體,,12,0,0,12,10,2,83.33%,16.67%,0.00%,0.00%
20260127,05,第一網站股份有限公司,2783,漫畫櫃manhuagui,17027,MW_320x480_蓋版_漫畫櫃manhuagui,,,,537,0,0,537,491,46,91.43%,8.57%,0.00%,0.00%
20260127,05,詠勝科技有限公司,3385,Mobile01_HB,17175,CF_970x90_橫幅Banner_Mobile01_HB,,知名媒體,,113,0,0,113,68,45,60.18%,39.82%,0.00%,0.00%
20260127,05,詠勝科技有限公司,3385,Mobile01_HB,17179,CF_300x250_熱門大看板_Mobile01_HB,,知名媒體,,162,0,0,162,102,60,62.96%,37.04%,0.00%,0.00%
20260127,05,詠勝科技有限公司,3385,Mobile01_HB,17180,CF_300x250_置底看板左_Mobile01_HB,,知名媒體,,6,0,0,6,6,0,100.00%,0.00%,0.00%,0.00%
20260127,05,詠勝科技有限公司,3385,Mobile01_HB,17181,CF_300x250_置底看板中_Mobile01_HB,,知名媒體,,6,0,0,6,6,0,100.00%,0.00%,0.00%,0.00%
20260127,05,詠勝科技有限公司,3385,Mobile01_HB,17204,MW_300x250_文中Banner(interscroller)_Mobile01_HB,,知名媒體,,12,0,0,12,10,2,83.33%,16.67%,0.00%,0.00%
20260127,05,朱光宁,3268,稷下書院-mobile,17207,MW_320x480_蓋版_稷下書院-mobile,,,,"2,846",0,0,"2,846","1,775","1,071",62.37%,37.63%,0.00%,0.00%
20260127,05,艾得基客行銷顧問股份有限公司,3391,UDN聯合新聞網,17236,MW_置底創意_UDN聯合新聞,,知名媒體,,275,0,0,275,238,37,86.55%,13.45%,0.00%,0.00%
20260127,05,李立娟,3395,vivi0視頻-exchange,17293,CF_336x280_Banner_vivi01視頻-exchange,antifroud,,,"16,890",0,0,"16,890","15,464","1,426",91.56%,8.44%,0.00%,0.00%
20260127,05,李立娟,3395,vivi0視頻-exchange,17294,MW_336x280_Banner_vivi01視頻-exchange,antifroud,,,"20,263",0,0,"20,263","18,674","1,589",92.16%,7.84%,0.00%,0.00%
20260127,05,李立娟,3395,vivi0視頻-exchange,17300,MW_320x100_置底(PB)_vivi01視頻-exchange,antifroud,,,"27,542",0,0,"27,542","25,758","1,784",93.52%,6.48%,0.00%,0.00%
20260127,05,李立娟,3396,趣聞圖說-Mobile,17923,MW_置底創意(展開)_趣聞圖說-Mobile,,,,6,0,0,6,4,2,66.67%,33.33%,0.00%,0.00%
20260127,05,第一網站股份有限公司,2768,czbooks,17927,MW_置底創意_czbook,,,,"1,199",0,0,"1,199",721,478,60.13%,39.87%,0.00%,0.00%
20260127,05,時報資訊股份有限公司_工商時報,3427,工商時報-exchange,18015,MW_300x250_文末Banner2_工商時報-exchange,,知名媒體,,29,0,0,29,29,0,100.00%,0.00%,0.00%,0.00%
20260127,05,第一網站股份有限公司,3440,fsa_passback_first,18201,CF_336x280_fsa_passback_first,,,,303,0,0,303,262,41,86.47%,13.53%,0.00%,0.00%
20260127,05,第一網站股份有限公司,3440,fsa_passback_first,18202,CF_300x250_fsa_passback_first,,,,84,0,0,84,63,21,75.00%,25.00%,0.00%,0.00%
20260127,05,朱光宁,3268,稷下書院-mobile,18297,MW_置底創意(展開)_稷下書院-mobile,,,,54,0,0,54,32,22,59.26%,40.74%,0.00%,0.00%
20260127,05,冰楓科技有限公司,3485,冰楓論壇-exchange,18487,CF_970x90_內文上方第一塊_冰楓論壇-exchange,,,,281,0,0,281,262,19,93.24%,6.76%,0.00%,0.00%
20260127,05,冰楓科技有限公司,3485,冰楓論壇-exchange,18488,MW_320x100_內文上方第一塊_ 冰楓論壇-exchange,antifroud,,,42,0,0,42,31,11,73.81%,26.19%,0.00%,0.00%
20260127,05,冰楓科技有限公司,3485,冰楓論壇-exchange,18492,MW_300x250_Banner_ 冰楓論壇-exchange,,,,90,0,0,90,81,9,90.00%,10.00%,0.00%,0.00%
20260127,05,CBROOT LTD,3492,包子漫畫(特開流量)-exchange,18557,CF_300x600_指定流量_包子漫畫(特開流量PB)-exchange,,,,6,0,0,6,6,0,100.00%,0.00%,0.00%,0.00%
20260127,05,CBROOT LTD,3510,包子漫畫_twmanga-exchange,18737,CF_970x90_Banner_ 包子漫畫_twmanga-exchange,,,,48,0,0,48,48,0,100.00%,0.00%,0.00%,0.00%
20260127,05,台灣英文新聞股份有限公司,3537,台灣英文新聞(new)-exchange,18924,CF_300x250_內容頁_右側看版_1_台灣英文新聞(new)-exchange,,知名媒體,,6,0,0,6,2,4,33.33%,66.67%,0.00%,0.00%
20260127,05,第一網站股份有限公司,2783,漫畫櫃manhuagui,20685,MW_300X250_manhuagui,antifroud,,,"3,829",0,0,"3,829","3,264",565,85.24%,14.76%,0.00%,0.00%
20260127,05,德榕企業有限公司,3578,TW Bodhi_mobile,20707,MW_置底創意_TW Bodhi,,,,12,0,0,12,12,0,100.00%,0.00%,0.00%,0.00%
20260127,05,德榕企業有限公司,3578,TW Bodhi_mobile,20708,MW_蓋板_TW Bodhi,,,,26,0,0,26,26,0,100.00%,0.00%,0.00%,0.00%
20260127,05,德榕企業有限公司,3581,忘憂書屋,20727,CF_336x280文章頁(RWD)_忘憂書屋,,,,6,0,0,6,6,0,100.00%,0.00%,0.00%,0.00%
20260127,05,德榕企業有限公司,3582,忘憂書屋_mobile,20729,MW_蓋板_忘憂書屋,,,,18,0,0,18,18,0,100.00%,0.00%,0.00%,0.00%
20260127,05,德榕企業有限公司,3582,忘憂書屋_mobile,20730,MW_置底創意_忘憂書屋,,,,12,0,0,12,12,0,100.00%,0.00%,0.00%,0.00%
20260127,05,第一網站股份有限公司,2916,KiKiNote,20731,CF_300x250_banner_kikinote (PB),,知名媒體,,6,0,0,6,6,0,100.00%,0.00%,0.00%,0.00%
20260127,05,第一網站股份有限公司,2768,czbooks,21412,(子)CF_970x250_banner_czbooks(限時段)-PB,,,子聯播網,"1,563",0,0,"1,563",887,676,56.75%,43.25%,0.00%,0.00%
20260127,05,第一網站股份有限公司,3440,fsa_passback_first,21699,CF_336x280_fsa_passback_first,,,,181,0,0,181,116,65,64.09%,35.91%,0.00%,0.00%
20260127,05,富盈數據股份有限公司,3653,TVBS-女人我最大_HB,21761,MW_文章四_336x280_TVBS-女人我最大_HB,,知名媒體,,12,0,0,12,12,0,100.00%,0.00%,0.00%,0.00%
20260127,05,富盈數據股份有限公司,3653,TVBS-女人我最大_HB,21762,MW_文章置底_320x100_TVBS-女人我最大_HB,,知名媒體,,12,0,0,12,11,1,91.67%,8.33%,0.00%,0.00%
20260127,05,富盈數據股份有限公司,3653,TVBS-女人我最大_HB,21763,MW_文中創意320x480_TVBS-女人我最大_HB,,知名媒體,,6,0,0,6,5,1,83.33%,16.67%,0.00%,0.00%
20260127,05,富盈數據股份有限公司,3654,TVBS-健康2.0_HB,21765,MW_文章三_336x280_TVBS-健康2.0_HB,,知名媒體,,30,0,0,30,30,0,100.00%,0.00%,0.00%,0.00%
20260127,05,富盈數據股份有限公司,3654,TVBS-健康2.0_HB,21768,MW_文中創意320x480_TVBS-健康2.0_HB,,知名媒體,,163,0,0,163,158,5,96.93%,3.07%,0.00%,0.00%
20260127,05,富盈數據股份有限公司,3654,TVBS-健康2.0_HB,21812,MW_文章一_336x280_TVBS-健康2.0_HB,,知名媒體,,110,0,0,110,110,0,100.00%,0.00%,0.00%,0.00%
20260127,05,儂儂雜誌社股份有限公司(bella儂儂),2135,Bella儂儂_2024,21876,MW-300x250_文章標題上方1_Bella儂儂,,知名媒體,,6,0,0,6,6,0,100.00%,0.00%,0.00%,0.00%
20260127,05,富盈數據股份有限公司,3680,TVBS-新聞網_HB,21899,MW_文章一_336x280_TVBS-新聞網_HB,,知名媒體,,196,0,0,196,184,12,93.88%,6.12%,0.00%,0.00%
20260127,05,富盈數據股份有限公司,3680,TVBS-新聞網_HB,21902,MW_文章置底_320x100_TVBS-新聞網_HB,,知名媒體,,754,0,0,754,730,24,96.82%,3.18%,0.00%,0.00%
20260127,05,富盈數據股份有限公司,3685,玩桌遊_mobile,21924,MW_置底創意(非展開)_玩桌遊-mobile,,,,6,0,0,6,5,1,83.33%,16.67%,0.00%,0.00%
20260127,05,富盈數據股份有限公司,2615,熱血台中,21986,CF_336x280_全網_熱血台中,,,,30,0,0,30,30,0,100.00%,0.00%,0.00%,0.00%
20260127,05,富盈數據股份有限公司,2615,熱血台中,21987,CF_336x280_全網_熱血台中,,,,76,0,0,76,76,0,100.00%,0.00%,0.00%,0.00%
20260127,05,富盈數據股份有限公司,3703,繁體小說,22022,MW_置底創意(非展開)_繁體小說-mobile,,,,18,0,0,18,17,1,94.44%,5.56%,0.00%,0.00%
20260127,05,富盈數據股份有限公司,3704,天天要聞,22030,CF_300 x 250 banner_天天要聞_cpc2,,,,403,0,0,403,220,183,54.59%,45.41%,0.00%,0.00%
20260127,05,富盈數據股份有限公司,3703,繁體小說,22031,CF_300 x 250 banner_繁體小說_cpc2,,,,54,0,0,54,49,5,90.74%,9.26%,0.00%,0.00%
20260127,05,闇碼科技股份有限公司,3048,縮短網址產生器-reurl,22213,MW_蓋版_縮短網址產生器-reurl-2025.05(特殊供量),,知名媒體,,862,0,0,862,11,851,1.28%,98.72%,0.00%,0.00%
20260127,05,欣發現股份有限公司,3363,大人物-mobile,22222,MW_蓋板_大人物,,知名媒體,,13,0,0,13,7,6,53.85%,46.15%,0.00%,0.00%
20260127,05,朱光宁,3741,石頭小說3,22396,MW_置底_石頭小說3,,,,14,0,0,14,8,6,57.14%,42.86%,0.00%,0.00%
20260127,05,朱光宁,3741,石頭小說3,22398,CF_336 x 280 banner_石頭小說3_cpc1.67,,,,"1,122",0,0,"1,122",653,469,58.20%,41.80%,0.00%,0.00%
20260127,05,朱光宁,3741,石頭小說3,22399,CF_320 x 480 橫幅_石頭小說3,,,,12,0,0,12,8,4,66.67%,33.33%,0.00%,0.00%
20260127,05,艾得基客行銷顧問股份有限公司,2825,科技紫薇,22403,MW_蓋版_科技紫微,,,,12,0,0,12,12,0,100.00%,0.00%,0.00%,0.00%
20260127,05,闇碼科技股份有限公司,3068,限時圖片-imgus,22406,MW_置底_imgus,antifroud,,,39,0,0,39,39,0,100.00%,0.00%,0.00%,0.00%
20260127,05,第一網站股份有限公司,2783,漫畫櫃manhuagui,22443,MW_置底_manhuagui,antifroud,,,"12,579",0,0,"12,579","11,665",914,92.73%,7.27%,0.00%,0.00%
20260127,05,李承翰-webptt,718,Web批踢踢(RWD),2284,MW-蓋板_文中_Web批踢踢,antifroud,,,6,0,0,6,4,2,66.67%,33.33%,0.00%,0.00%
20260127,05,麥智維,999,動漫戲說,3543,CF-728*90-內文上方-動漫戲說,antifroud,,,142,0,0,142,102,40,71.83%,28.17%,0.00%,0.00%
20260127,05,蔡建磊,1269,跑跑資訊站,4622,CF-300X250-內文右側-跑跑資訊站,,,,6,0,0,6,4,2,66.67%,33.33%,0.00%,0.00%
20260127,05,肖偉彬,1287,紅櫻桃小說書庫,4678,CF-內文上方-300*250-紅櫻桃小說書庫,,,,6,0,0,6,4,2,66.67%,33.33%,0.00%,0.00%
20260127,05,肖偉彬,1287,紅櫻桃小說書庫,4717,MW_文中創意300x250_紅櫻桃小說書庫,,,,6,0,0,6,4,2,66.67%,33.33%,0.00%,0.00%
20260127,05,肖偉彬,1347,雲台書屋,4923,CF-上方通欄-300*250-雲台書屋,,,,6,0,0,6,3,3,50.00%,50.00%,0.00%,0.00%
20260127,05,陈晋福,1367,電視超人,4997,CF-300X250-電視超人,,,,6,0,0,6,3,3,50.00%,50.00%,0.00%,0.00%
20260127,06,英屬維京群島商浩美數位有限公司台灣分公司,2315,Teepr亮新聞-exchange,10012,CF_336x280Banner_Teepr亮新聞-exchange,,知名媒體,,20,0,0,20,8,12,40.00%,60.00%,0.00%,0.00%
20260127,06,昱得資訊工作室,2528,數位書香,11080,CF_728x90_首頁上方_數位書香,antifroud,,,12,0,0,12,10,2,83.33%,16.67%,0.00%,0.00%
20260127,06,昱得資訊工作室,2528,數位書香,11081,CF_160x600_首頁右側_數位書香,antifroud,,,384,0,0,384,378,6,98.44%,1.56%,0.00%,0.00%
20260127,06,第一網站股份有限公司,2518,麻辣家族討論區(twbts),11082,CF-728X90-twbts,antifroud,,,"1,889",0,0,"1,889","1,872",17,99.10%,0.90%,0.00%,0.00%
20260127,06,第一網站股份有限公司,2492,ttshow,11273,MW-300X250-ttshow,,知名媒體,,12,0,0,12,12,0,100.00%,0.00%,0.00%,0.00%
20260127,06,第一網站股份有限公司,2601,Meme梗圖倉庫,11443,CF-336X280-meme,,,,97,0,0,97,93,4,95.88%,4.12%,0.00%,0.00%
20260127,06,艾得基客行銷顧問股份有限公司,2578,鉅亨網,12070,MW_320x480_文中創意_鉅亨網,,知名媒體,,"7,128",0,0,"7,128","7,045",83,98.84%,1.16%,0.00%,0.00%
20260127,06,第一網站股份有限公司,2540,risu短網址,12496,CF_300x250_popup(直播) _risu短網址,antifroud,知名媒體,,6,0,0,0,0,0,0.00%,0.00%,0.00%,0.00%
20260127,06,時報資訊股份有限公司,2770,中時電子報_HB,12559,CF_300x250_右側互動看版_中時電子報_HB,,知名媒體,,505,0,0,505,429,76,84.95%,15.05%,0.00%,0.00%
20260127,06,時報資訊股份有限公司,2770,中時電子報_HB,12560,CF_336x280_文中看板_中時電子報_HB,,知名媒體,,386,0,0,386,326,60,84.46%,15.54%,0.00%,0.00%
20260127,06,時報資訊股份有限公司,2770,中時電子報_HB,12561,MW_300x250_內頁TOP Banner_中時電子報_HB,antifroud,知名媒體,,"2,740",0,0,"2,740","2,652",88,96.79%,3.21%,0.00%,0.00%
20260127,06,第一網站股份有限公司,2768,czbooks,12570,CF_728x90_banner_czbooks,,,,720,0,0,720,664,56,92.22%,7.78%,0.00%,0.00%
20260127,06,第一網站股份有限公司,2768,czbooks,12571,CF-300x600_Banner_czbooks,,,,6,0,0,6,4,2,66.67%,33.33%,0.00%,0.00%
20260127,06,鳳梨傳媒股份有限公司,2190,民視新聞網-Exchange,12579,CF_300x250_右側第一塊_民視新聞網-Exchange(RWD)(MCM),,知名媒體,,271,0,0,271,266,5,98.15%,1.85%,0.00%,0.00%
20260127,06,鳳梨傳媒股份有限公司,2190,民視新聞網-Exchange,12580,CF_300x250_內文文中左側_民視新聞網-Exchange(RWD)(MCM),,知名媒體,,174,0,0,174,159,15,91.38%,8.62%,0.00%,0.00%
20260127,06,第一網站股份有限公司,2783,漫畫櫃manhuagui,12676,CF_728X90_manhuagui,antifroud,,,"7,614",0,0,"7,614","6,742",872,88.55%,11.45%,0.00%,0.00%
20260127,06,第一網站股份有限公司,2801,damanwoo,12868,CF-300x250_Banner_damanwoo_大人物,,,,24,0,0,24,24,0,100.00%,0.00%,0.00%,0.00%
20260127,06,第一網站股份有限公司,2820,星座好朋友(horofriend88),12966,MW_320x100_horofriend88,antifroud,,,38,0,0,38,37,1,97.37%,2.63%,0.00%,0.00%
20260127,06,第一網站股份有限公司,2838,mycard,13041,MW_320x480_加倍mycard,,,,180,0,0,180,0,180,0.00%,100.00%,0.00%,0.00%
20260127,06,曾憲敏,202,85小說網,13445,MW_336X280_全量1_85小說網,,,,60,0,0,60,48,12,80.00%,20.00%,0.00%,0.00%
20260127,06,曾憲敏,202,85小說網,13446,MW_336X280_全量2_85小說網,,,,301,0,0,301,241,60,80.07%,19.93%,0.00%,0.00%
20260127,06,第一網站股份有限公司,2910,clickme,13549,CF_300x250_banner_clickme(一般),,,,525,0,0,525,426,99,81.14%,18.86%,0.00%,0.00%
20260127,06,闇碼科技股份有限公司,2992,縮短網址產生器-reurl-exchange,13848,CF_300x250_轉址失敗_最右邊_reurl,,知名媒體,,9,0,0,9,0,9,0.00%,100.00%,0.00%,0.00%
20260127,06,闇碼科技股份有限公司,2992,縮短網址產生器-reurl-exchange,13856,CF_300x250_轉址失敗頁第二塊_reurl,,知名媒體,,8,0,0,8,0,8,0.00%,100.00%,0.00%,0.00%
20260127,06,闇碼科技股份有限公司,2992,縮短網址產生器-reurl-exchange,13861,CF_300x250_網址下方右側(PB)_reurl,,知名媒體,,6,0,0,6,6,0,100.00%,0.00%,0.00%,0.00%
20260127,06,第一網站股份有限公司,2768,czbooks,14036,MW_320x480_CZBOOKS,antifroud,,,46,0,0,46,27,19,58.70%,41.30%,0.00%,0.00%
20260127,06,陳人鳳,480,飛格寵物家族_PC,1407,CF-728X90_上方通欄_飛格寵物家族,,,,18,0,0,13,8,5,61.54%,38.46%,0.00%,0.00%
20260127,06,陳人鳳,480,飛格寵物家族_PC,1408,CF-300X250_內文_飛格寵物家族,,,,91,0,0,91,60,31,65.93%,34.07%,0.00%,0.00%
20260127,06,闇碼科技股份有限公司,3048,縮短網址產生器-reurl,14210,MW_文中創意300x250_縮短網址產生器-reurl,,知名媒體,,44,0,0,44,16,28,36.36%,63.64%,0.00%,0.00%
20260127,06,巨思文化股份有限公司,3052,經理人_HB,14238,MW_文章結束第一塊_300x250_經理人-HB,,知名媒體,,24,0,0,24,19,5,79.17%,20.83%,0.00%,0.00%
20260127,06,巨思文化股份有限公司,3052,經理人_HB,14241,MW_300x250_內文下方_經理人-HB,,知名媒體,,24,0,0,24,19,5,79.17%,20.83%,0.00%,0.00%
20260127,06,富盈數據股份有限公司,3059,塔科女子,14258,CF_336x280_全網_塔科女子,,知名媒體,,36,0,0,36,36,0,100.00%,0.00%,0.00%,0.00%
20260127,06,CBROOT LTD,3003,包子漫畫-exchange,14291,MW_300x250_蓋板(PB)_包子漫畫,,,,67,0,0,67,64,3,95.52%,4.48%,0.00%,0.00%
20260127,06,朱光宁,3149,稷下書院-exchange,14748,MW_320x100_置底(PB)_稷下書院,,,,"12,072",0,0,"12,072","6,433","5,639",53.29%,46.71%,0.00%,0.00%
20260127,06,巨思文化股份有限公司,3053,數位時代_HB,14764,MW_置底創意_(非展開)_數位時代_HB,,知名媒體,,14,0,0,14,14,0,100.00%,0.00%,0.00%,0.00%
20260127,06,中天電視股份有限公司,3282,中天新聞網-exchange,14980,CF_970x250_內頁_PC置頂橫幅-中天新聞網-exchange,,知名媒體,,6,0,0,6,6,0,100.00%,0.00%,0.00%,0.00%
20260127,06,曾憲敏,3327,85小說網_創意,15228,MW-創意-85小說網,,,,74,0,0,74,57,17,77.03%,22.97%,0.00%,0.00%
20260127,06,中天電視股份有限公司,3282,中天新聞網-exchange,15859,CF_336x280_內頁_PC右側互動看板B-中天新聞網-exchange,,知名媒體,,12,0,0,12,12,0,100.00%,0.00%,0.00%,0.00%
20260127,06,CBROOT LTD,3352,西瓜卡通-exchange,15969,CF_728x90_影音內容_西瓜卡通-exchange,,,,100,0,0,100,97,3,97.00%,3.00%,0.00%,0.00%
20260127,06,CBROOT LTD,3352,西瓜卡通-exchange,15970,CF_160x600_影音內容_西瓜卡通-exchange,,,,234,0,0,234,234,0,100.00%,0.00%,0.00%,0.00%
20260127,06,朱光宁,3360,提莫書屋-exchange,16957,MW_336x280banner_提莫書屋_exchange,,,,"6,972",0,0,"6,971","5,488","1,483",78.73%,21.27%,0.00%,0.00%
20260127,06,朱光宁,3361,提莫書屋-mobile,16959,MW_320x480_文中創意_提莫書屋-mobile,,,,12,0,0,12,12,0,100.00%,0.00%,0.00%,0.00%
20260127,06,巧克科技新媒體股份有限公司,1494,LINE TV,16964,CF_336x280_影音暫停頁_LINE TV,,知名媒體,,8,0,0,8,8,0,100.00%,0.00%,0.00%,0.00%
20260127,06,欣發現股份有限公司,3365,Hami任務牆-mobile,16969,MW_置底創意_Hami任務牆,,知名媒體,,"3,954",0,0,"3,954","3,623",331,91.63%,8.37%,0.00%,0.00%
20260127,06,欣發現股份有限公司,3365,Hami任務牆-mobile,16971,MW_文中創意300x250_Hami任務牆,,知名媒體,,24,0,0,24,23,1,95.83%,4.17%,0.00%,0.00%
20260127,06,欣發現股份有限公司,3364,女子學-mobile,16972,MW_置底創意_女子學,antifroud,,,"2,059",0,0,"2,059","1,969",90,95.63%,4.37%,0.00%,0.00%
20260127,06,欣發現股份有限公司,3363,大人物-mobile,16973,MW_置底創意_大人物,,知名媒體,,52,0,0,52,37,15,71.15%,28.85%,0.00%,0.00%
20260127,06,欣發現股份有限公司,3362,妞新聞-mobile,16974,MW_置底創意_妞新聞,,知名媒體,,152,0,0,152,145,7,95.39%,4.61%,0.00%,0.00%
20260127,06,欣發現股份有限公司,3362,妞新聞-mobile,16981,MW_文中創意300x250_妞新聞,,知名媒體,,30,0,0,30,26,4,86.67%,13.33%,0.00%,0.00%
20260127,06,第一網站股份有限公司,2783,漫畫櫃manhuagui,17027,MW_320x480_蓋版_漫畫櫃manhuagui,,,,102,0,0,102,93,9,91.18%,8.82%,0.00%,0.00%
20260127,06,詠勝科技有限公司,3385,Mobile01_HB,17175,CF_970x90_橫幅Banner_Mobile01_HB,,知名媒體,,81,0,0,81,61,20,75.31%,24.69%,0.00%,0.00%
20260127,06,詠勝科技有限公司,3385,Mobile01_HB,17179,CF_300x250_熱門大看板_Mobile01_HB,,知名媒體,,72,0,0,72,60,12,83.33%,16.67%,0.00%,0.00%
20260127,06,詠勝科技有限公司,3385,Mobile01_HB,17180,CF_300x250_置底看板左_Mobile01_HB,,知名媒體,,38,0,0,38,24,14,63.16%,36.84%,0.00%,0.00%
20260127,06,詠勝科技有限公司,3385,Mobile01_HB,17181,CF_300x250_置底看板中_Mobile01_HB,,知名媒體,,30,0,0,30,18,12,60.00%,40.00%,0.00%,0.00%
20260127,06,詠勝科技有限公司,3385,Mobile01_HB,17182,CF_300x250_置底看板右_Mobile01_HB,,知名媒體,,14,0,0,14,9,5,64.29%,35.71%,0.00%,0.00%
20260127,06,詠勝科技有限公司,3385,Mobile01_HB,17183,CF_300x600_大摩天_Mobile01_HB,,知名媒體,,36,0,0,36,23,13,63.89%,36.11%,0.00%,0.00%
20260127,06,詠勝科技有限公司,3385,Mobile01_HB,17204,MW_300x250_文中Banner(interscroller)_Mobile01_HB,,知名媒體,,12,0,0,12,9,3,75.00%,25.00%,0.00%,0.00%
20260127,06,朱光宁,3268,稷下書院-mobile,17207,MW_320x480_蓋版_稷下書院-mobile,,,,"2,937",0,0,"2,937","1,832","1,105",62.38%,37.62%,0.00%,0.00%
20260127,06,艾得基客行銷顧問股份有限公司,3391,UDN聯合新聞網,17236,MW_置底創意_UDN聯合新聞,,知名媒體,,"1,455",0,0,"1,455","1,330",125,91.41%,8.59%,0.00%,0.00%
20260127,06,李立娟,3395,vivi0視頻-exchange,17293,CF_336x280_Banner_vivi01視頻-exchange,antifroud,,,"33,282",0,0,"33,282","31,286","1,996",94.00%,6.00%,0.00%,0.00%
20260127,06,李立娟,3395,vivi0視頻-exchange,17294,MW_336x280_Banner_vivi01視頻-exchange,antifroud,,,"37,948",0,0,"37,948","35,640","2,308",93.92%,6.08%,0.00%,0.00%
20260127,06,李立娟,3395,vivi0視頻-exchange,17300,MW_320x100_置底(PB)_vivi01視頻-exchange,antifroud,,,"54,749",0,0,"54,749","51,676","3,073",94.39%,5.61%,0.00%,0.00%
20260127,06,李立娟,3396,趣聞圖說-Mobile,17923,MW_置底創意(展開)_趣聞圖說-Mobile,,,,34,0,0,34,31,3,91.18%,8.82%,0.00%,0.00%
20260127,06,第一網站股份有限公司,2768,czbooks,17927,MW_置底創意_czbook,,,,"4,387",0,0,"4,387","2,602","1,785",59.31%,40.69%,0.00%,0.00%
20260127,06,時報資訊股份有限公司_工商時報,3427,工商時報-exchange,18014,MW_300x250_文末Banner1_工商時報-exchange,,知名媒體,,6,0,0,6,5,1,83.33%,16.67%,0.00%,0.00%
20260127,06,時報資訊股份有限公司_工商時報,3427,工商時報-exchange,18015,MW_300x250_文末Banner2_工商時報-exchange,,知名媒體,,148,0,0,148,144,4,97.30%,2.70%,0.00%,0.00%
20260127,06,第一網站股份有限公司,3440,fsa_passback_first,18201,CF_336x280_fsa_passback_first,,,,661,0,0,661,559,102,84.57%,15.43%,0.00%,0.00%
20260127,06,第一網站股份有限公司,3440,fsa_passback_first,18202,CF_300x250_fsa_passback_first,,,,137,0,0,137,115,22,83.94%,16.06%,0.00%,0.00%
20260127,06,莊博凱,3455,夢遊電玩,18269,300x250 Banner,,,,6,0,0,6,6,0,100.00%,0.00%,0.00%,0.00%
20260127,06,朱光宁,3268,稷下書院-mobile,18297,MW_置底創意(展開)_稷下書院-mobile,,,,78,0,0,78,46,32,58.97%,41.03%,0.00%,0.00%
20260127,06,冰楓科技有限公司,3485,冰楓論壇-exchange,18487,CF_970x90_內文上方第一塊_冰楓論壇-exchange,,,,198,0,0,198,164,34,82.83%,17.17%,0.00%,0.00%
20260127,06,冰楓科技有限公司,3485,冰楓論壇-exchange,18488,MW_320x100_內文上方第一塊_ 冰楓論壇-exchange,antifroud,,,24,0,0,24,22,2,91.67%,8.33%,0.00%,0.00%
20260127,06,冰楓科技有限公司,3485,冰楓論壇-exchange,18492,MW_300x250_Banner_ 冰楓論壇-exchange,,,,60,0,0,60,55,5,91.67%,8.33%,0.00%,0.00%
20260127,06,CBROOT LTD,3492,包子漫畫(特開流量)-exchange,18557,CF_300x600_指定流量_包子漫畫(特開流量PB)-exchange,,,,32,0,0,32,26,6,81.25%,18.75%,0.00%,0.00%
20260127,06,CBROOT LTD,3510,包子漫畫_twmanga-exchange,18737,CF_970x90_Banner_ 包子漫畫_twmanga-exchange,,,,34,0,0,34,34,0,100.00%,0.00%,0.00%,0.00%
20260127,06,台灣英文新聞股份有限公司,3537,台灣英文新聞(new)-exchange,18924,CF_300x250_內容頁_右側看版_1_台灣英文新聞(new)-exchange,,知名媒體,,12,0,0,12,12,0,100.00%,0.00%,0.00%,0.00%
20260127,06,第一網站股份有限公司,2783,漫畫櫃manhuagui,20685,MW_300X250_manhuagui,antifroud,,,"2,234",0,0,"2,234","1,900",334,85.05%,14.95%,0.00%,0.00%
20260127,06,德榕企業有限公司,3578,TW Bodhi_mobile,20708,MW_蓋板_TW Bodhi,,,,50,0,0,50,36,14,72.00%,28.00%,0.00%,0.00%
20260127,06,第一網站股份有限公司,2768,czbooks,21412,(子)CF_970x250_banner_czbooks(限時段)-PB,,,子聯播網,966,0,0,966,537,429,55.59%,44.41%,0.00%,0.00%
20260127,06,第一網站股份有限公司,3440,fsa_passback_first,21699,CF_336x280_fsa_passback_first,,,,170,0,0,170,142,28,83.53%,16.47%,0.00%,0.00%
20260127,06,富盈數據股份有限公司,3653,TVBS-女人我最大_HB,21761,MW_文章四_336x280_TVBS-女人我最大_HB,,知名媒體,,114,0,0,114,113,1,99.12%,0.88%,0.00%,0.00%
20260127,06,富盈數據股份有限公司,3653,TVBS-女人我最大_HB,21762,MW_文章置底_320x100_TVBS-女人我最大_HB,,知名媒體,,30,0,0,30,30,0,100.00%,0.00%,0.00%,0.00%
20260127,06,富盈數據股份有限公司,3653,TVBS-女人我最大_HB,21763,MW_文中創意320x480_TVBS-女人我最大_HB,,知名媒體,,92,0,0,92,91,1,98.91%,1.09%,0.00%,0.00%
20260127,06,富盈數據股份有限公司,3654,TVBS-健康2.0_HB,21765,MW_文章三_336x280_TVBS-健康2.0_HB,,知名媒體,,112,0,0,112,112,0,100.00%,0.00%,0.00%,0.00%
20260127,06,富盈數據股份有限公司,3654,TVBS-健康2.0_HB,21767,MW_文章置底_320x100_TVBS-健康2.0_HB,,知名媒體,,6,0,0,6,5,1,83.33%,16.67%,0.00%,0.00%
20260127,06,富盈數據股份有限公司,3654,TVBS-健康2.0_HB,21768,MW_文中創意320x480_TVBS-健康2.0_HB,,知名媒體,,"1,041",0,0,"1,041","1,019",22,97.89%,2.11%,0.00%,0.00%
20260127,06,富盈數據股份有限公司,3655,TVBS-食尚玩家_HB,21770,MW_文章三_336x280_TVBS-食尚玩家_HB,,知名媒體,,6,0,0,6,6,0,100.00%,0.00%,0.00%,0.00%
20260127,06,富盈數據股份有限公司,3655,TVBS-食尚玩家_HB,21773,MW_文中創意320x480_TVBS-食尚玩家_HB,,知名媒體,,6,0,0,6,5,1,83.33%,16.67%,0.00%,0.00%
20260127,06,富盈數據股份有限公司,3654,TVBS-健康2.0_HB,21812,MW_文章一_336x280_TVBS-健康2.0_HB,,知名媒體,,411,0,0,411,396,15,96.35%,3.65%,0.00%,0.00%
20260127,06,儂儂雜誌社股份有限公司(bella儂儂),2135,Bella儂儂_2024,21876,MW-300x250_文章標題上方1_Bella儂儂,,知名媒體,,50,0,0,50,50,0,100.00%,0.00%,0.00%,0.00%
20260127,06,富盈數據股份有限公司,3680,TVBS-新聞網_HB,21899,MW_文章一_336x280_TVBS-新聞網_HB,,知名媒體,,"3,712",0,0,"3,712","3,620",92,97.52%,2.48%,0.00%,0.00%
20260127,06,富盈數據股份有限公司,3680,TVBS-新聞網_HB,21902,MW_文章置底_320x100_TVBS-新聞網_HB,,知名媒體,,"4,835",0,0,"4,835","4,725",110,97.72%,2.28%,0.00%,0.00%
20260127,06,富盈數據股份有限公司,3685,玩桌遊_mobile,21924,MW_置底創意(非展開)_玩桌遊-mobile,,,,25,0,0,25,20,5,80.00%,20.00%,0.00%,0.00%
20260127,06,富盈數據股份有限公司,2615,熱血台中,21986,CF_336x280_全網_熱血台中,,,,50,0,0,50,50,0,100.00%,0.00%,0.00%,0.00%
20260127,06,富盈數據股份有限公司,2615,熱血台中,21987,CF_336x280_全網_熱血台中,,,,112,0,0,112,112,0,100.00%,0.00%,0.00%,0.00%
20260127,06,富盈數據股份有限公司,3703,繁體小說,22022,MW_置底創意(非展開)_繁體小說-mobile,,,,6,0,0,6,6,0,100.00%,0.00%,0.00%,0.00%
20260127,06,富盈數據股份有限公司,3704,天天要聞,22030,CF_300 x 250 banner_天天要聞_cpc2,,,,"1,298",0,0,"1,298",680,618,52.39%,47.61%,0.00%,0.00%
20260127,06,富盈數據股份有限公司,3703,繁體小說,22031,CF_300 x 250 banner_繁體小說_cpc2,,,,78,0,0,78,73,5,93.59%,6.41%,0.00%,0.00%
20260127,06,闇碼科技股份有限公司,3048,縮短網址產生器-reurl,22213,MW_蓋版_縮短網址產生器-reurl-2025.05(特殊供量),,知名媒體,,35,0,0,35,9,26,25.71%,74.29%,0.00%,0.00%
20260127,06,欣發現股份有限公司,3363,大人物-mobile,22222,MW_蓋板_大人物,,知名媒體,,102,0,0,102,82,20,80.39%,19.61%,0.00%,0.00%
20260127,06,朱光宁,3741,石頭小說3,22396,MW_置底_石頭小說3,,,,24,0,0,24,14,10,58.33%,41.67%,0.00%,0.00%
20260127,06,朱光宁,3741,石頭小說3,22398,CF_336 x 280 banner_石頭小說3_cpc1.67,,,,"1,420",0,0,"1,420",807,613,56.83%,43.17%,0.00%,0.00%
20260127,06,朱光宁,3741,石頭小說3,22399,CF_320 x 480 橫幅_石頭小說3,,,,18,0,0,18,14,4,77.78%,22.22%,0.00%,0.00%
20260127,06,艾得基客行銷顧問股份有限公司,2825,科技紫薇,22403,MW_蓋版_科技紫微,,,,12,0,0,12,12,0,100.00%,0.00%,0.00%,0.00%
20260127,06,闇碼科技股份有限公司,3068,限時圖片-imgus,22406,MW_置底_imgus,antifroud,,,150,0,0,150,150,0,100.00%,0.00%,0.00%,0.00%
20260127,06,第一網站股份有限公司,2783,漫畫櫃manhuagui,22443,MW_置底_manhuagui,antifroud,,,"4,792",0,0,"4,792","4,576",216,95.49%,4.51%,0.00%,0.00%
20260127,06,艾得基客行銷顧問股份有限公司,3752,ＭoneyDJ,22515,MW_300x250 BANNER_MoneyDJ,antifroud,知名媒體,,66,0,0,66,59,7,89.39%,10.61%,0.00%,0.00%
20260127,06,李承翰-webptt,718,Web批踢踢(RWD),2284,MW-蓋板_文中_Web批踢踢,antifroud,,,12,0,0,12,4,8,33.33%,66.67%,0.00%,0.00%
20260127,06,麥智維,999,動漫戲說,3543,CF-728*90-內文上方-動漫戲說,antifroud,,,118,0,0,118,81,37,68.64%,31.36%,0.00%,0.00%
20260127,06,肖偉彬,1287,紅櫻桃小說書庫,4678,CF-內文上方-300*250-紅櫻桃小說書庫,,,,6,0,0,6,5,1,83.33%,16.67%,0.00%,0.00%
20260127,06,肖偉彬,1287,紅櫻桃小說書庫,4717,MW_文中創意300x250_紅櫻桃小說書庫,,,,12,0,0,12,8,4,66.67%,33.33%,0.00%,0.00%
20260127,06,技達創意資訊有限公司,1299,泰好網,4734,MW-320*100-首頁、內文上方-泰好網,,,,18,0,0,2,0,2,0.00%,100.00%,0.00%,0.00%
20260127,06,陈晋福,1367,電視超人,4997,CF-300X250-電視超人,,,,6,0,0,6,6,0,100.00%,0.00%,0.00%,0.00%
20260127,06,麥智維,999,動漫戲說,6069,CF-300*250-首頁-動漫戲說,,,,8,0,0,8,8,0,100.00%,0.00%,0.00%,0.00%
20260127,06,巧克科技新媒體股份有限公司,2127,LINE TV_Banner-exchange,8576,CF_336x280_戲劇-右側好康資訊下方_LINE TV-exchange,,知名媒體,,24,0,0,24,20,4,83.33%,16.67%,0.00%,0.00%
20260127,06,巧克科技新媒體股份有限公司,2127,LINE TV_Banner-exchange,8577,CF_336x280_戲劇-右側好康資訊上方_LINE TV-exchange,,知名媒體,,42,0,0,42,36,6,85.71%,14.29%,0.00%,0.00%
20260127,06,冰楓科技有限公司,1711,冰楓短網址,9308,ＭＷ-300X250-跳轉頁下方-冰楓短網址,,,,6,0,0,6,6,0,100.00%,0.00%,0.00%,0.00%
20260127,07,英屬維京群島商浩美數位有限公司台灣分公司,2315,Teepr亮新聞-exchange,10012,CF_336x280Banner_Teepr亮新聞-exchange,,知名媒體,,12,0,0,12,12,0,100.00%,0.00%,0.00%,0.00%
20260127,07,三立電視股份有限公司,269,三立新聞網_Mobile,11013,MW-置底創意廣告_三立新聞網,,知名媒體,,"6,155",0,0,"6,155","6,091",64,98.96%,1.04%,0.00%,0.00%
20260127,07,昱得資訊工作室,2528,數位書香,11081,CF_160x600_首頁右側_數位書香,antifroud,,,353,0,0,353,353,0,100.00%,0.00%,0.00%,0.00%
20260127,07,第一網站股份有限公司,2518,麻辣家族討論區(twbts),11082,CF-728X90-twbts,antifroud,,,"1,904",0,0,"1,904","1,885",19,99.00%,1.00%,0.00%,0.00%
20260127,07,第一網站股份有限公司,2601,Meme梗圖倉庫,11443,CF-336X280-meme,,,,54,0,0,54,39,15,72.22%,27.78%,0.00%,0.00%
20260127,07,艾得基客行銷顧問股份有限公司,2578,鉅亨網,12070,MW_320x480_文中創意_鉅亨網,,知名媒體,,"14,771",0,0,"14,771","14,586",185,98.75%,1.25%,0.00%,0.00%
20260127,07,時報資訊股份有限公司,2770,中時電子報_HB,12559,CF_300x250_右側互動看版_中時電子報_HB,,知名媒體,,793,0,0,793,697,96,87.89%,12.11%,0.00%,0.00%
20260127,07,時報資訊股份有限公司,2770,中時電子報_HB,12560,CF_336x280_文中看板_中時電子報_HB,,知名媒體,,696,0,0,696,614,82,88.22%,11.78%,0.00%,0.00%
20260127,07,時報資訊股份有限公司,2770,中時電子報_HB,12561,MW_300x250_內頁TOP Banner_中時電子報_HB,antifroud,知名媒體,,"3,803",0,0,"3,803","3,618",185,95.14%,4.86%,0.00%,0.00%
20260127,07,第一網站股份有限公司,2768,czbooks,12570,CF_728x90_banner_czbooks,,,,"1,263",0,0,"1,263","1,104",159,87.41%,12.59%,0.00%,0.00%
20260127,07,第一網站股份有限公司,2768,czbooks,12571,CF-300x600_Banner_czbooks,,,,104,0,0,104,62,42,59.62%,40.38%,0.00%,0.00%
20260127,07,鳳梨傳媒股份有限公司,2190,民視新聞網-Exchange,12579,CF_300x250_右側第一塊_民視新聞網-Exchange(RWD)(MCM),,知名媒體,,"1,186",0,0,"1,186","1,171",15,98.74%,1.26%,0.00%,0.00%
20260127,07,鳳梨傳媒股份有限公司,2190,民視新聞網-Exchange,12580,CF_300x250_內文文中左側_民視新聞網-Exchange(RWD)(MCM),,知名媒體,,"1,133",0,0,"1,133","1,091",42,96.29%,3.71%,0.00%,0.00%
20260127,07,第一網站股份有限公司,2783,漫畫櫃manhuagui,12676,CF_728X90_manhuagui,antifroud,,,"10,637",0,0,"10,637","9,270","1,367",87.15%,12.85%,0.00%,0.00%
20260127,07,艾得基客行銷顧問股份有限公司,2635,工商時報,12761,MW_320x480_文中創意_工商時報new,,知名媒體,,"9,087",0,0,"9,087","8,796",291,96.80%,3.20%,0.00%,0.00%
20260127,07,第一網站股份有限公司,2820,星座好朋友(horofriend88),12966,MW_320x100_horofriend88,antifroud,,,140,0,0,140,140,0,100.00%,0.00%,0.00%,0.00%
20260127,07,第一網站股份有限公司,2836,vivi01,13032,MW_置底創意_vivi01 ViVi視頻,,,,15,0,0,15,13,2,86.67%,13.33%,0.00%,0.00%
20260127,07,第一網站股份有限公司,2838,mycard,13041,MW_320x480_加倍mycard,,,,173,0,0,173,0,173,0.00%,100.00%,0.00%,0.00%
20260127,07,曾憲敏,202,85小說網,13445,MW_336X280_全量1_85小說網,,,,218,0,0,218,167,51,76.61%,23.39%,0.00%,0.00%
20260127,07,曾憲敏,202,85小說網,13446,MW_336X280_全量2_85小說網,,,,"1,042",0,0,"1,042",817,225,78.41%,21.59%,0.00%,0.00%
20260127,07,第一網站股份有限公司,2910,clickme,13549,CF_300x250_banner_clickme(一般),,,,263,0,0,263,212,51,80.61%,19.39%,0.00%,0.00%
20260127,07,第一網站股份有限公司,2768,czbooks,14036,MW_320x480_CZBOOKS,antifroud,,,127,0,0,127,68,59,53.54%,46.46%,0.00%,0.00%
20260127,07,陳人鳳,480,飛格寵物家族_PC,1407,CF-728X90_上方通欄_飛格寵物家族,,,,26,0,0,26,17,9,65.38%,34.62%,0.00%,0.00%
20260127,07,陳人鳳,480,飛格寵物家族_PC,1408,CF-300X250_內文_飛格寵物家族,,,,94,0,0,94,62,32,65.96%,34.04%,0.00%,0.00%
20260127,07,飛凡傳播股份有限公司,1921,非凡新聞台-exchange,14188,MW_300x250_內文上方_非凡新聞-exchange,antifroud,知名媒體,,33,0,0,33,0,33,0.00%,100.00%,0.00%,0.00%
20260127,07,闇碼科技股份有限公司,3048,縮短網址產生器-reurl,14210,MW_文中創意300x250_縮短網址產生器-reurl,,知名媒體,,"1,012",0,0,"1,012",52,960,5.14%,94.86%,0.00%,0.00%
20260127,07,巨思文化股份有限公司,3052,經理人_HB,14238,MW_文章結束第一塊_300x250_經理人-HB,,知名媒體,,54,0,0,54,45,9,83.33%,16.67%,0.00%,0.00%
20260127,07,巨思文化股份有限公司,3052,經理人_HB,14241,MW_300x250_內文下方_經理人-HB,,知名媒體,,40,0,0,40,34,6,85.00%,15.00%,0.00%,0.00%
20260127,07,巨思文化股份有限公司,3053,數位時代_HB,14246,MW_300x250_文章結束第一塊_數位時代-HB,,知名媒體,,12,0,0,12,11,1,91.67%,8.33%,0.00%,0.00%
20260127,07,富盈數據股份有限公司,3059,塔科女子,14258,CF_336x280_全網_塔科女子,,知名媒體,,30,0,0,30,30,0,100.00%,0.00%,0.00%,0.00%
20260127,07,CBROOT LTD,3003,包子漫畫-exchange,14291,MW_300x250_蓋板(PB)_包子漫畫,,,,130,0,0,130,108,22,83.08%,16.92%,0.00%,0.00%
20260127,07,朱光宁,3149,稷下書院-exchange,14748,MW_320x100_置底(PB)_稷下書院,,,,"19,968",0,0,"19,968","10,235","9,733",51.26%,48.74%,0.00%,0.00%
20260127,07,巨思文化股份有限公司,3053,數位時代_HB,14764,MW_置底創意_(非展開)_數位時代_HB,,知名媒體,,110,0,0,110,104,6,94.55%,5.45%,0.00%,0.00%
20260127,07,中天電視股份有限公司,3283,中天新聞網-mobile,14918,MW_置底創意(非展開)_中天新聞網-mobile,,知名媒體,,509,0,0,509,507,2,99.61%,0.39%,0.00%,0.00%
20260127,07,曾憲敏,3327,85小說網_創意,15227,MW-300X250_85小說網_隨身影音PB,,,,20,0,0,20,15,5,75.00%,25.00%,0.00%,0.00%
20260127,07,曾憲敏,3327,85小說網_創意,15228,MW-創意-85小說網,,,,173,0,0,173,127,46,73.41%,26.59%,0.00%,0.00%
20260127,07,千晶文化事業股份有限公司,3336,Beauty 美人圈,15252,MW_文中創意320x480_Beauty 美人圈,,知名媒體,,30,0,0,30,30,0,100.00%,0.00%,0.00%,0.00%
20260127,07,千晶文化事業股份有限公司,3336,Beauty 美人圈,15254,MW_置底創意(非展開)_ Beauty 美人圈,,知名媒體,,"2,941",0,0,"2,941","2,905",36,98.78%,1.22%,0.00%,0.00%
20260127,07,中天電視股份有限公司,3282,中天新聞網-exchange,15859,CF_336x280_內頁_PC右側互動看板B-中天新聞網-exchange,,知名媒體,,94,0,0,94,79,15,84.04%,15.96%,0.00%,0.00%
20260127,07,CBROOT LTD,3352,西瓜卡通-exchange,15970,CF_160x600_影音內容_西瓜卡通-exchange,,,,152,0,0,152,150,2,98.68%,1.32%,0.00%,0.00%
20260127,07,朱光宁,3360,提莫書屋-exchange,16957,MW_336x280banner_提莫書屋_exchange,,,,"11,031",0,0,"11,031","8,596","2,435",77.93%,22.07%,0.00%,0.00%
20260127,07,朱光宁,3361,提莫書屋-mobile,16958,MW_置底創意_提莫書屋-mobile,,,,6,0,0,6,4,2,66.67%,33.33%,0.00%,0.00%
20260127,07,朱光宁,3361,提莫書屋-mobile,16959,MW_320x480_文中創意_提莫書屋-mobile,,,,64,0,0,64,55,9,85.94%,14.06%,0.00%,0.00%
20260127,07,欣發現股份有限公司,3365,Hami任務牆-mobile,16969,MW_置底創意_Hami任務牆,,知名媒體,,981,0,0,981,858,123,87.46%,12.54%,0.00%,0.00%
20260127,07,欣發現股份有限公司,3365,Hami任務牆-mobile,16971,MW_文中創意300x250_Hami任務牆,,知名媒體,,26,0,0,26,25,1,96.15%,3.85%,0.00%,0.00%
20260127,07,欣發現股份有限公司,3364,女子學-mobile,16972,MW_置底創意_女子學,antifroud,,,"1,080",0,0,"1,080","1,014",66,93.89%,6.11%,0.00%,0.00%
20260127,07,欣發現股份有限公司,3363,大人物-mobile,16973,MW_置底創意_大人物,,知名媒體,,68,0,0,68,56,12,82.35%,17.65%,0.00%,0.00%
20260127,07,欣發現股份有限公司,3362,妞新聞-mobile,16974,MW_置底創意_妞新聞,,知名媒體,,92,0,0,92,74,18,80.43%,19.57%,0.00%,0.00%
20260127,07,欣發現股份有限公司,3362,妞新聞-mobile,16981,MW_文中創意300x250_妞新聞,,知名媒體,,18,0,0,18,14,4,77.78%,22.22%,0.00%,0.00%
20260127,07,第一網站股份有限公司,2783,漫畫櫃manhuagui,17027,MW_320x480_蓋版_漫畫櫃manhuagui,,,,161,0,0,161,149,12,92.55%,7.45%,0.00%,0.00%
20260127,07,詠勝科技有限公司,3385,Mobile01_HB,17175,CF_970x90_橫幅Banner_Mobile01_HB,,知名媒體,,94,0,0,94,81,13,86.17%,13.83%,0.00%,0.00%
20260127,07,詠勝科技有限公司,3385,Mobile01_HB,17179,CF_300x250_熱門大看板_Mobile01_HB,,知名媒體,,6,0,0,6,5,1,83.33%,16.67%,0.00%,0.00%
20260127,07,詠勝科技有限公司,3385,Mobile01_HB,17180,CF_300x250_置底看板左_Mobile01_HB,,知名媒體,,18,0,0,18,14,4,77.78%,22.22%,0.00%,0.00%
20260127,07,詠勝科技有限公司,3385,Mobile01_HB,17181,CF_300x250_置底看板中_Mobile01_HB,,知名媒體,,18,0,0,18,13,5,72.22%,27.78%,0.00%,0.00%
20260127,07,詠勝科技有限公司,3385,Mobile01_HB,17182,CF_300x250_置底看板右_Mobile01_HB,,知名媒體,,24,0,0,24,20,4,83.33%,16.67%,0.00%,0.00%
20260127,07,詠勝科技有限公司,3385,Mobile01_HB,17183,CF_300x600_大摩天_Mobile01_HB,,知名媒體,,32,0,0,32,26,6,81.25%,18.75%,0.00%,0.00%
20260127,07,詠勝科技有限公司,3385,Mobile01_HB,17195,CF_300x600_特殊大摩天_Mobile01_HB,,知名媒體,,10,0,0,10,5,5,50.00%,50.00%,0.00%,0.00%
20260127,07,詠勝科技有限公司,3385,Mobile01_HB,17204,MW_300x250_文中Banner(interscroller)_Mobile01_HB,,知名媒體,,20,0,0,20,16,4,80.00%,20.00%,0.00%,0.00%
20260127,07,朱光宁,3268,稷下書院-mobile,17207,MW_320x480_蓋版_稷下書院-mobile,,,,"3,648",0,0,"3,648","2,297","1,351",62.97%,37.03%,0.00%,0.00%
20260127,07,李立娟,3395,vivi0視頻-exchange,17293,CF_336x280_Banner_vivi01視頻-exchange,antifroud,,,"44,863",0,0,"44,863","41,420","3,443",92.33%,7.67%,0.00%,0.00%
20260127,07,李立娟,3395,vivi0視頻-exchange,17294,MW_336x280_Banner_vivi01視頻-exchange,antifroud,,,"51,608",0,0,"51,608","48,123","3,485",93.25%,6.75%,0.00%,0.00%
20260127,07,李立娟,3395,vivi0視頻-exchange,17300,MW_320x100_置底(PB)_vivi01視頻-exchange,antifroud,,,"80,344",0,0,"80,344","75,450","4,894",93.91%,6.09%,0.00%,0.00%
20260127,07,李立娟,3396,趣聞圖說-Mobile,17923,MW_置底創意(展開)_趣聞圖說-Mobile,,,,6,0,0,6,6,0,100.00%,0.00%,0.00%,0.00%
20260127,07,第一網站股份有限公司,2768,czbooks,17927,MW_置底創意_czbook,,,,"9,264",0,0,"9,264","5,442","3,822",58.74%,41.26%,0.00%,0.00%
20260127,07,中天電視股份有限公司,3283,中天新聞網-mobile,17937,MW_置底創意(展開)_中天新聞網-mobile,,知名媒體,,"13,381",0,0,"13,381","13,323",58,99.57%,0.43%,0.00%,0.00%
20260127,07,時報資訊股份有限公司_工商時報,3427,工商時報-exchange,18003,CF_300x250_互動看板2_工商時報-exchange,,知名媒體,,6,0,0,6,6,0,100.00%,0.00%,0.00%,0.00%
20260127,07,時報資訊股份有限公司_工商時報,3427,工商時報-exchange,18007,CF_336x280_文末右側看板_工商時報-exchange,,知名媒體,,6,0,0,6,5,1,83.33%,16.67%,0.00%,0.00%
20260127,07,時報資訊股份有限公司_工商時報,3427,工商時報-exchange,18008,CF_336x280_文末左側看板_工商時報-exchange,,知名媒體,,6,0,0,6,5,1,83.33%,16.67%,0.00%,0.00%
20260127,07,時報資訊股份有限公司_工商時報,3427,工商時報-exchange,18014,MW_300x250_文末Banner1_工商時報-exchange,,知名媒體,,45,0,0,45,42,3,93.33%,6.67%,0.00%,0.00%
20260127,07,時報資訊股份有限公司_工商時報,3427,工商時報-exchange,18015,MW_300x250_文末Banner2_工商時報-exchange,,知名媒體,,384,0,0,384,376,8,97.92%,2.08%,0.00%,0.00%
20260127,07,第一網站股份有限公司,3440,fsa_passback_first,18201,CF_336x280_fsa_passback_first,,,,469,0,0,469,360,109,76.76%,23.24%,0.00%,0.00%
20260127,07,第一網站股份有限公司,3440,fsa_passback_first,18202,CF_300x250_fsa_passback_first,,,,440,0,0,440,337,103,76.59%,23.41%,0.00%,0.00%
20260127,07,莊博凱,1676,夢遊電玩-exchange,18264,MW-336x280_內文上方_夢遊電玩_exchange,,,,6,0,0,6,6,0,100.00%,0.00%,0.00%,0.00%
20260127,07,莊博凱,3455,夢遊電玩,18269,300x250 Banner,,,,6,0,0,6,4,2,66.67%,33.33%,0.00%,0.00%
20260127,07,朱光宁,3268,稷下書院-mobile,18297,MW_置底創意(展開)_稷下書院-mobile,,,,220,0,0,220,137,83,62.27%,37.73%,0.00%,0.00%
20260127,07,冰楓科技有限公司,3485,冰楓論壇-exchange,18487,CF_970x90_內文上方第一塊_冰楓論壇-exchange,,,,289,0,0,289,254,35,87.89%,12.11%,0.00%,0.00%
20260127,07,冰楓科技有限公司,3485,冰楓論壇-exchange,18488,MW_320x100_內文上方第一塊_ 冰楓論壇-exchange,antifroud,,,51,0,0,51,41,10,80.39%,19.61%,0.00%,0.00%
20260127,07,冰楓科技有限公司,3485,冰楓論壇-exchange,18492,MW_300x250_Banner_ 冰楓論壇-exchange,,,,136,0,0,136,129,7,94.85%,5.15%,0.00%,0.00%
20260127,07,CBROOT LTD,3492,包子漫畫(特開流量)-exchange,18557,CF_300x600_指定流量_包子漫畫(特開流量PB)-exchange,,,,72,0,0,72,56,16,77.78%,22.22%,0.00%,0.00%
20260127,07,CBROOT LTD,3510,包子漫畫_twmanga-exchange,18737,CF_970x90_Banner_ 包子漫畫_twmanga-exchange,,,,65,0,0,65,52,13,80.00%,20.00%,0.00%,0.00%
20260127,07,台灣英文新聞股份有限公司,3537,台灣英文新聞(new)-exchange,18924,CF_300x250_內容頁_右側看版_1_台灣英文新聞(new)-exchange,,知名媒體,,18,0,0,18,12,6,66.67%,33.33%,0.00%,0.00%
20260127,07,艾得基客行銷顧問股份有限公司,3552,玩具人,19044,MW_320x480_文中創意_玩具人,,知名媒體,,36,0,0,36,32,4,88.89%,11.11%,0.00%,0.00%
20260127,07,第一網站股份有限公司,2783,漫畫櫃manhuagui,20685,MW_300X250_manhuagui,antifroud,,,"2,508",0,0,"2,508","2,124",384,84.69%,15.31%,0.00%,0.00%
20260127,07,德榕企業有限公司,3578,TW Bodhi_mobile,20707,MW_置底創意_TW Bodhi,,,,34,0,0,34,34,0,100.00%,0.00%,0.00%,0.00%
20260127,07,德榕企業有限公司,3578,TW Bodhi_mobile,20708,MW_蓋板_TW Bodhi,,,,178,0,0,178,178,0,100.00%,0.00%,0.00%,0.00%
20260127,07,德榕企業有限公司,3581,忘憂書屋,20727,CF_336x280文章頁(RWD)_忘憂書屋,,,,20,0,0,20,19,1,95.00%,5.00%,0.00%,0.00%
20260127,07,德榕企業有限公司,3582,忘憂書屋_mobile,20729,MW_蓋板_忘憂書屋,,,,6,0,0,6,6,0,100.00%,0.00%,0.00%,0.00%
20260127,07,德榕企業有限公司,3582,忘憂書屋_mobile,20730,MW_置底創意_忘憂書屋,,,,18,0,0,18,18,0,100.00%,0.00%,0.00%,0.00%
20260127,07,第一網站股份有限公司,2916,KiKiNote,20731,CF_300x250_banner_kikinote (PB),,知名媒體,,26,0,0,26,26,0,100.00%,0.00%,0.00%,0.00%
20260127,07,艾得基客行銷顧問股份有限公司,3609,商妮吃喝遊樂,21319,MW_320x480_文中創意_商妮吃喝遊樂,,,,12,0,0,12,12,0,100.00%,0.00%,0.00%,0.00%
20260127,07,第一網站股份有限公司,2768,czbooks,21412,(子)CF_970x250_banner_czbooks(限時段)-PB,,,子聯播網,"1,324",0,0,"1,324",744,580,56.19%,43.81%,0.00%,0.00%
20260127,07,第一網站股份有限公司,3440,fsa_passback_first,21699,CF_336x280_fsa_passback_first,,,,456,0,0,456,369,87,80.92%,19.08%,0.00%,0.00%
20260127,07,富盈數據股份有限公司,3653,TVBS-女人我最大_HB,21760,MW_文章三_336x280_TVBS-女人我最大_HB,,知名媒體,,12,0,0,12,12,0,100.00%,0.00%,0.00%,0.00%
20260127,07,富盈數據股份有限公司,3653,TVBS-女人我最大_HB,21761,MW_文章四_336x280_TVBS-女人我最大_HB,,知名媒體,,388,0,0,388,380,8,97.94%,2.06%,0.00%,0.00%
20260127,07,富盈數據股份有限公司,3653,TVBS-女人我最大_HB,21762,MW_文章置底_320x100_TVBS-女人我最大_HB,,知名媒體,,114,0,0,114,113,1,99.12%,0.88%,0.00%,0.00%
20260127,07,富盈數據股份有限公司,3653,TVBS-女人我最大_HB,21763,MW_文中創意320x480_TVBS-女人我最大_HB,,知名媒體,,383,0,0,383,378,5,98.69%,1.31%,0.00%,0.00%
20260127,07,富盈數據股份有限公司,3654,TVBS-健康2.0_HB,21765,MW_文章三_336x280_TVBS-健康2.0_HB,,知名媒體,,204,0,0,204,204,0,100.00%,0.00%,0.00%,0.00%
20260127,07,富盈數據股份有限公司,3654,TVBS-健康2.0_HB,21767,MW_文章置底_320x100_TVBS-健康2.0_HB,,知名媒體,,6,0,0,6,6,0,100.00%,0.00%,0.00%,0.00%
20260127,07,富盈數據股份有限公司,3654,TVBS-健康2.0_HB,21768,MW_文中創意320x480_TVBS-健康2.0_HB,,知名媒體,,"4,581",0,0,"4,581","3,959",622,86.42%,13.58%,0.00%,0.00%
20260127,07,富盈數據股份有限公司,3655,TVBS-食尚玩家_HB,21770,MW_文章三_336x280_TVBS-食尚玩家_HB,,知名媒體,,45,0,0,45,43,2,95.56%,4.44%,0.00%,0.00%
20260127,07,富盈數據股份有限公司,3655,TVBS-食尚玩家_HB,21773,MW_文中創意320x480_TVBS-食尚玩家_HB,,知名媒體,,150,0,0,150,147,3,98.00%,2.00%,0.00%,0.00%
20260127,07,富盈數據股份有限公司,3653,TVBS-女人我最大_HB,21803,MW_文章一_336x280_TVBS-女人我最大_HB,,知名媒體,,6,0,0,6,6,0,100.00%,0.00%,0.00%,0.00%
20260127,07,富盈數據股份有限公司,3654,TVBS-健康2.0_HB,21812,MW_文章一_336x280_TVBS-健康2.0_HB,,知名媒體,,996,0,0,996,967,29,97.09%,2.91%,0.00%,0.00%
20260127,07,儂儂雜誌社股份有限公司(bella儂儂),2135,Bella儂儂_2024,21876,MW-300x250_文章標題上方1_Bella儂儂,,知名媒體,,112,0,0,112,108,4,96.43%,3.57%,0.00%,0.00%
20260127,07,富盈數據股份有限公司,3680,TVBS-新聞網_HB,21899,MW_文章一_336x280_TVBS-新聞網_HB,,知名媒體,,"5,280",0,0,"5,280","5,166",114,97.84%,2.16%,0.00%,0.00%
20260127,07,富盈數據股份有限公司,3680,TVBS-新聞網_HB,21900,MW_文章三_336x280_TVBS-新聞網_HB,,知名媒體,,136,0,0,136,134,2,98.53%,1.47%,0.00%,0.00%
20260127,07,富盈數據股份有限公司,3680,TVBS-新聞網_HB,21902,MW_文章置底_320x100_TVBS-新聞網_HB,,知名媒體,,"6,362",0,0,"6,362","6,241",121,98.10%,1.90%,0.00%,0.00%
20260127,07,富盈數據股份有限公司,3684,稅美人_mobile,21923,MW_置底創意(非展開)_稅美人-mobile,,,,6,0,0,6,3,3,50.00%,50.00%,0.00%,0.00%
20260127,07,富盈數據股份有限公司,3685,玩桌遊_mobile,21924,MW_置底創意(非展開)_玩桌遊-mobile,,,,42,0,0,42,33,9,78.57%,21.43%,0.00%,0.00%
20260127,07,富盈數據股份有限公司,2615,熱血台中,21986,CF_336x280_全網_熱血台中,,,,76,0,0,76,70,6,92.11%,7.89%,0.00%,0.00%
20260127,07,富盈數據股份有限公司,2615,熱血台中,21987,CF_336x280_全網_熱血台中,,,,152,0,0,152,145,7,95.39%,4.61%,0.00%,0.00%
20260127,07,富盈數據股份有限公司,3704,天天要聞,22030,CF_300 x 250 banner_天天要聞_cpc2,,,,"1,376",0,0,"1,376",714,662,51.89%,48.11%,0.00%,0.00%
20260127,07,富盈數據股份有限公司,3703,繁體小說,22031,CF_300 x 250 banner_繁體小說_cpc2,,,,56,0,0,56,49,7,87.50%,12.50%,0.00%,0.00%
20260127,07,英屬蓋曼群島商家庭傳媒股份有限公司城邦分公司,701,T客邦_Mobile,2213,MW_置底創意(非展開)_T客邦,,知名媒體,,6,0,0,6,6,0,100.00%,0.00%,0.00%,0.00%
20260127,07,富盈數據股份有限公司,3730,Teepr 亮新聞 HB,22145,MW_336x280_文中創意_Teepr亮新聞 HB,,,,6,0,0,6,6,0,100.00%,0.00%,0.00%,0.00%
20260127,07,闇碼科技股份有限公司,3048,縮短網址產生器-reurl,22213,MW_蓋版_縮短網址產生器-reurl-2025.05(特殊供量),,知名媒體,,"1,021",0,0,"1,021",53,968,5.19%,94.81%,0.00%,0.00%
20260127,07,艾得基客行銷顧問股份有限公司,2689,Basketball Top5,22219,MW_置底(展開)_Basketball TOP5,,,,588,0,0,588,584,4,99.32%,0.68%,0.00%,0.00%
20260127,07,艾得基客行銷顧問股份有限公司,2084,經濟日報,22220,MW_置底(展開)_經濟日報,,知名媒體,,"1,139",0,0,"1,139","1,101",38,96.66%,3.34%,0.00%,0.00%
20260127,07,欣發現股份有限公司,3363,大人物-mobile,22222,MW_蓋板_大人物,,知名媒體,,90,0,0,90,70,20,77.78%,22.22%,0.00%,0.00%
20260127,07,朱光宁,3741,石頭小說3,22396,MW_置底_石頭小說3,,,,24,0,0,24,17,7,70.83%,29.17%,0.00%,0.00%
20260127,07,朱光宁,3741,石頭小說3,22398,CF_336 x 280 banner_石頭小說3_cpc1.67,,,,"1,631",0,0,"1,631",978,653,59.96%,40.04%,0.00%,0.00%
20260127,07,朱光宁,3741,石頭小說3,22399,CF_320 x 480 橫幅_石頭小說3,,,,44,0,0,44,29,15,65.91%,34.09%,0.00%,0.00%
20260127,07,艾得基客行銷顧問股份有限公司,2825,科技紫薇,22403,MW_蓋版_科技紫微,,,,18,0,0,18,18,0,100.00%,0.00%,0.00%,0.00%
20260127,07,闇碼科技股份有限公司,3068,限時圖片-imgus,22406,MW_置底_imgus,antifroud,,,250,0,0,250,250,0,100.00%,0.00%,0.00%,0.00%
20260127,07,第一網站股份有限公司,2783,漫畫櫃manhuagui,22443,MW_置底_manhuagui,antifroud,,,"4,425",0,0,"4,425","4,141",284,93.58%,6.42%,0.00%,0.00%
20260127,07,艾得基客行銷顧問股份有限公司,2689,Basketball Top5,22498,MW_300x250 Banner_Basketball TOP5_CPM5,,,子聯播網,"1,365",0,0,"1,365","1,351",14,98.97%,1.03%,0.00%,0.00%
20260127,07,艾得基客行銷顧問股份有限公司,2578,鉅亨網,22507,MW_300x250_鉅亨網_直播用BN-1,,知名媒體,子聯播網,546,0,0,546,535,11,97.99%,2.01%,0.00%,0.00%
20260127,07,艾得基客行銷顧問股份有限公司,3752,ＭoneyDJ,22514,MW_文中創意320x480_MoneyDJ,antifroud,知名媒體,,66,0,0,66,62,4,93.94%,6.06%,0.00%,0.00%
20260127,07,艾得基客行銷顧問股份有限公司,2084,經濟日報,22517,MW_置底創意(非展開)_經濟日報,,知名媒體,,671,0,0,671,647,24,96.42%,3.58%,0.00%,0.00%
20260127,07,李承翰-webptt,718,Web批踢踢(RWD),2284,MW-蓋板_文中_Web批踢踢,antifroud,,,30,0,0,30,16,14,53.33%,46.67%,0.00%,0.00%
20260127,07,麥智維,999,動漫戲說,3543,CF-728*90-內文上方-動漫戲說,antifroud,,,69,0,0,69,48,21,69.57%,30.43%,0.00%,0.00%
20260127,07,肖偉彬,1287,紅櫻桃小說書庫,4678,CF-內文上方-300*250-紅櫻桃小說書庫,,,,30,0,0,30,26,4,86.67%,13.33%,0.00%,0.00%
20260127,07,肖偉彬,1287,紅櫻桃小說書庫,4717,MW_文中創意300x250_紅櫻桃小說書庫,,,,24,0,0,24,17,7,70.83%,29.17%,0.00%,0.00%
20260127,07,肖偉彬,1347,雲台書屋,4922,CF-內文中間-728*90-雲台書屋,antifroud,,,6,0,0,6,6,0,100.00%,0.00%,0.00%,0.00%
20260127,07,陈晋福,1367,電視超人,4997,CF-300X250-電視超人,,,,8,0,0,8,5,3,62.50%,37.50%,0.00%,0.00%
20260127,07,精鏡傳媒股份有限公司,1060,鏡週刊,8250,MW_置底創意(非展開)_鏡週刊,,知名媒體,,6,0,0,6,6,0,100.00%,0.00%,0.00%,0.00%
20260127,07,巧克科技新媒體股份有限公司,2127,LINE TV_Banner-exchange,8576,CF_336x280_戲劇-右側好康資訊下方_LINE TV-exchange,,知名媒體,,18,0,0,18,9,9,50.00%,50.00%,0.00%,0.00%
20260127,07,巧克科技新媒體股份有限公司,2127,LINE TV_Banner-exchange,8577,CF_336x280_戲劇-右側好康資訊上方_LINE TV-exchange,,知名媒體,,50,0,0,50,37,13,74.00%,26.00%,0.00%,0.00%
20260127,07,鳳梨傳媒股份有限公司,2190,民視新聞網-Exchange,8862,CF_970X90_分類新聞內頁上方_民視新聞(MCM),,知名媒體,,6,0,0,6,0,6,0.00%,100.00%,0.00%,0.00%
20260127,08,英屬維京群島商浩美數位有限公司台灣分公司,2315,Teepr亮新聞-exchange,10012,CF_336x280Banner_Teepr亮新聞-exchange,,知名媒體,,54,0,0,54,45,9,83.33%,16.67%,0.00%,0.00%
20260127,08,昱得資訊工作室,2528,數位書香,11080,CF_728x90_首頁上方_數位書香,antifroud,,,18,0,0,18,15,3,83.33%,16.67%,0.00%,0.00%
20260127,08,昱得資訊工作室,2528,數位書香,11081,CF_160x600_首頁右側_數位書香,antifroud,,,324,0,0,324,307,17,94.75%,5.25%,0.00%,0.00%
20260127,08,第一網站股份有限公司,2518,麻辣家族討論區(twbts),11082,CF-728X90-twbts,antifroud,,,"1,332",0,0,"1,332","1,323",9,99.32%,0.68%,0.00%,0.00%
20260127,08,第一網站股份有限公司,2601,Meme梗圖倉庫,11443,CF-336X280-meme,,,,108,0,0,108,85,23,78.70%,21.30%,0.00%,0.00%
20260127,08,艾得基客行銷顧問股份有限公司,2578,鉅亨網,12070,MW_320x480_文中創意_鉅亨網,,知名媒體,,"17,630",0,0,"17,630","17,350",280,98.41%,1.59%,0.00%,0.00%
20260127,08,時報資訊股份有限公司,2770,中時電子報_HB,12559,CF_300x250_右側互動看版_中時電子報_HB,,知名媒體,,"1,820",0,0,"1,820","1,600",220,87.91%,12.09%,0.00%,0.00%
20260127,08,時報資訊股份有限公司,2770,中時電子報_HB,12560,CF_336x280_文中看板_中時電子報_HB,,知名媒體,,"1,703",0,0,"1,703","1,505",198,88.37%,11.63%,0.00%,0.00%
20260127,08,時報資訊股份有限公司,2770,中時電子報_HB,12561,MW_300x250_內頁TOP Banner_中時電子報_HB,antifroud,知名媒體,,"2,570",0,0,"2,570","2,450",120,95.33%,4.67%,0.00%,0.00%
20260127,08,第一網站股份有限公司,2768,czbooks,12570,CF_728x90_banner_czbooks,,,,"1,211",0,0,"1,211",994,217,82.08%,17.92%,0.00%,0.00%
20260127,08,第一網站股份有限公司,2768,czbooks,12571,CF-300x600_Banner_czbooks,,,,238,0,0,238,138,100,57.98%,42.02%,0.00%,0.00%
20260127,08,鳳梨傳媒股份有限公司,2190,民視新聞網-Exchange,12579,CF_300x250_右側第一塊_民視新聞網-Exchange(RWD)(MCM),,知名媒體,,"1,394",0,0,"1,394","1,346",48,96.56%,3.44%,0.00%,0.00%
20260127,08,鳳梨傳媒股份有限公司,2190,民視新聞網-Exchange,12580,CF_300x250_內文文中左側_民視新聞網-Exchange(RWD)(MCM),,知名媒體,,"1,186",0,0,"1,186","1,142",44,96.29%,3.71%,0.00%,0.00%
20260127,08,第一網站股份有限公司,2783,漫畫櫃manhuagui,12676,CF_728X90_manhuagui,antifroud,,,"16,114",0,0,"16,114","13,835","2,279",85.86%,14.14%,0.00%,0.00%
20260127,08,艾得基客行銷顧問股份有限公司,2635,工商時報,12761,MW_320x480_文中創意_工商時報new,,知名媒體,,"2,001",0,0,"2,001","1,922",79,96.05%,3.95%,0.00%,0.00%
20260127,08,第一網站股份有限公司,2801,damanwoo,12868,CF-300x250_Banner_damanwoo_大人物,,,,26,0,0,26,23,3,88.46%,11.54%,0.00%,0.00%
20260127,08,第一網站股份有限公司,2820,星座好朋友(horofriend88),12966,MW_320x100_horofriend88,antifroud,,,162,0,0,162,151,11,93.21%,6.79%,0.00%,0.00%
20260127,08,第一網站股份有限公司,2838,mycard,13041,MW_320x480_加倍mycard,,,,93,0,0,93,0,93,0.00%,100.00%,0.00%,0.00%
20260127,08,大霹靂國際整合行銷股份有限公司,2883,霹靂網-Mobile,13392,MW_置底創意_霹靂網-Mobile,,知名媒體,,6,0,0,6,5,1,83.33%,16.67%,0.00%,0.00%
20260127,08,曾憲敏,202,85小說網,13445,MW_336X280_全量1_85小說網,,,,255,0,0,255,193,62,75.69%,24.31%,0.00%,0.00%
20260127,08,曾憲敏,202,85小說網,13446,MW_336X280_全量2_85小說網,,,,"1,604",0,0,"1,604","1,265",339,78.87%,21.13%,0.00%,0.00%
20260127,08,第一網站股份有限公司,2910,clickme,13549,CF_300x250_banner_clickme(一般),,,,495,0,0,495,395,100,79.80%,20.20%,0.00%,0.00%
20260127,08,闇碼科技股份有限公司,2992,縮短網址產生器-reurl-exchange,13848,CF_300x250_轉址失敗_最右邊_reurl,,知名媒體,,6,0,0,6,4,2,66.67%,33.33%,0.00%,0.00%
20260127,08,闇碼科技股份有限公司,2992,縮短網址產生器-reurl-exchange,13856,CF_300x250_轉址失敗頁第二塊_reurl,,知名媒體,,6,0,0,6,4,2,66.67%,33.33%,0.00%,0.00%
20260127,08,第一網站股份有限公司,2768,czbooks,14036,MW_320x480_CZBOOKS,antifroud,,,157,0,0,157,86,71,54.78%,45.22%,0.00%,0.00%
20260127,08,陳人鳳,480,飛格寵物家族_PC,1407,CF-728X90_上方通欄_飛格寵物家族,,,,18,0,0,18,12,6,66.67%,33.33%,0.00%,0.00%
20260127,08,陳人鳳,480,飛格寵物家族_PC,1408,CF-300X250_內文_飛格寵物家族,,,,50,0,0,50,31,19,62.00%,38.00%,0.00%,0.00%
20260127,08,飛凡傳播股份有限公司,1921,非凡新聞台-exchange,14188,MW_300x250_內文上方_非凡新聞-exchange,antifroud,知名媒體,,6,0,0,6,6,0,100.00%,0.00%,0.00%,0.00%
20260127,08,闇碼科技股份有限公司,3048,縮短網址產生器-reurl,14210,MW_文中創意300x250_縮短網址產生器-reurl,,知名媒體,,106,0,0,106,53,53,50.00%,50.00%,0.00%,0.00%
20260127,08,巨思文化股份有限公司,3052,經理人_HB,14238,MW_文章結束第一塊_300x250_經理人-HB,,知名媒體,,87,0,0,87,70,17,80.46%,19.54%,0.00%,0.00%
20260127,08,巨思文化股份有限公司,3052,經理人_HB,14241,MW_300x250_內文下方_經理人-HB,,知名媒體,,87,0,0,87,71,16,81.61%,18.39%,0.00%,0.00%
20260127,08,巨思文化股份有限公司,3053,數位時代_HB,14244,MW_300x250_文中第四塊_數位時代-HB,,知名媒體,,14,0,0,14,10,4,71.43%,28.57%,0.00%,0.00%
20260127,08,巨思文化股份有限公司,3053,數位時代_HB,14246,MW_300x250_文章結束第一塊_數位時代-HB,,知名媒體,,44,0,0,44,35,9,79.55%,20.45%,0.00%,0.00%
20260127,08,富盈數據股份有限公司,3059,塔科女子,14258,CF_336x280_全網_塔科女子,,知名媒體,,25,0,0,25,25,0,100.00%,0.00%,0.00%,0.00%
20260127,08,CBROOT LTD,3003,包子漫畫-exchange,14291,MW_300x250_蓋板(PB)_包子漫畫,,,,221,0,0,221,185,36,83.71%,16.29%,0.00%,0.00%
20260127,08,朱光宁,3149,稷下書院-exchange,14748,MW_320x100_置底(PB)_稷下書院,,,,"26,137",0,0,"26,137","13,288","12,849",50.84%,49.16%,0.00%,0.00%
20260127,08,巨思文化股份有限公司,3053,數位時代_HB,14764,MW_置底創意_(非展開)_數位時代_HB,,知名媒體,,433,0,0,433,383,50,88.45%,11.55%,0.00%,0.00%
20260127,08,中天電視股份有限公司,3282,中天新聞網-exchange,14980,CF_970x250_內頁_PC置頂橫幅-中天新聞網-exchange,,知名媒體,,12,0,0,12,8,4,66.67%,33.33%,0.00%,0.00%
20260127,08,曾憲敏,3327,85小說網_創意,15227,MW-300X250_85小說網_隨身影音PB,,,,36,0,0,36,26,10,72.22%,27.78%,0.00%,0.00%
20260127,08,曾憲敏,3327,85小說網_創意,15228,MW-創意-85小說網,,,,281,0,0,281,208,73,74.02%,25.98%,0.00%,0.00%
20260127,08,千晶文化事業股份有限公司,3336,Beauty 美人圈,15254,MW_置底創意(非展開)_ Beauty 美人圈,,知名媒體,,"3,290",0,0,"3,290","3,263",27,99.18%,0.82%,0.00%,0.00%
20260127,08,中天電視股份有限公司,3282,中天新聞網-exchange,15859,CF_336x280_內頁_PC右側互動看板B-中天新聞網-exchange,,知名媒體,,158,0,0,158,133,25,84.18%,15.82%,0.00%,0.00%
20260127,08,CBROOT LTD,3352,西瓜卡通-exchange,15970,CF_160x600_影音內容_西瓜卡通-exchange,,,,104,0,0,104,104,0,100.00%,0.00%,0.00%,0.00%
20260127,08,時報資訊股份有限公司,2817,旺得富,16910,CF_300x250_Billboard_1s_旺得富,,知名媒體,,6,0,0,6,6,0,100.00%,0.00%,0.00%,0.00%
20260127,08,朱光宁,3360,提莫書屋-exchange,16957,MW_336x280banner_提莫書屋_exchange,,,,"12,922",0,0,"12,922","9,905","3,017",76.65%,23.35%,0.00%,0.00%
20260127,08,朱光宁,3361,提莫書屋-mobile,16958,MW_置底創意_提莫書屋-mobile,,,,18,0,0,18,11,7,61.11%,38.89%,0.00%,0.00%
20260127,08,朱光宁,3361,提莫書屋-mobile,16959,MW_320x480_文中創意_提莫書屋-mobile,,,,18,0,0,18,14,4,77.78%,22.22%,0.00%,0.00%
20260127,08,巧克科技新媒體股份有限公司,1494,LINE TV,16964,CF_336x280_影音暫停頁_LINE TV,,知名媒體,,12,0,0,12,7,5,58.33%,41.67%,0.00%,0.00%
20260127,08,欣發現股份有限公司,3365,Hami任務牆-mobile,16969,MW_置底創意_Hami任務牆,,知名媒體,,887,0,0,887,747,140,84.22%,15.78%,0.00%,0.00%
20260127,08,欣發現股份有限公司,3364,女子學-mobile,16972,MW_置底創意_女子學,antifroud,,,"2,424",0,0,"2,424","2,306",118,95.13%,4.87%,0.00%,0.00%
20260127,08,欣發現股份有限公司,3363,大人物-mobile,16973,MW_置底創意_大人物,,知名媒體,,483,0,0,483,365,118,75.57%,24.43%,0.00%,0.00%
20260127,08,欣發現股份有限公司,3362,妞新聞-mobile,16974,MW_置底創意_妞新聞,,知名媒體,,73,0,0,73,61,12,83.56%,16.44%,0.00%,0.00%
20260127,08,第一網站股份有限公司,2783,漫畫櫃manhuagui,17027,MW_320x480_蓋版_漫畫櫃manhuagui,,,,366,0,0,366,328,38,89.62%,10.38%,0.00%,0.00%
20260127,08,艾得基客行銷顧問股份有限公司,3373,良醫健康網,17092,MW_置底創意_良醫健康網,,知名媒體,,134,0,0,134,102,32,76.12%,23.88%,0.00%,0.00%
20260127,08,詠勝科技有限公司,3385,Mobile01_HB,17175,CF_970x90_橫幅Banner_Mobile01_HB,,知名媒體,,886,0,0,886,644,242,72.69%,27.31%,0.00%,0.00%
20260127,08,詠勝科技有限公司,3385,Mobile01_HB,17176,CF_728x90_內頁橫幅Banner_7F_Mobile01_HB,,知名媒體,,24,0,0,24,21,3,87.50%,12.50%,0.00%,0.00%
20260127,08,詠勝科技有限公司,3385,Mobile01_HB,17178,CF_300x250_頻道頁_大看板_Mobile01_HB,,知名媒體,,50,0,0,50,43,7,86.00%,14.00%,0.00%,0.00%
20260127,08,詠勝科技有限公司,3385,Mobile01_HB,17179,CF_300x250_熱門大看板_Mobile01_HB,,知名媒體,,6,0,0,6,5,1,83.33%,16.67%,0.00%,0.00%
20260127,08,詠勝科技有限公司,3385,Mobile01_HB,17180,CF_300x250_置底看板左_Mobile01_HB,,知名媒體,,324,0,0,324,264,60,81.48%,18.52%,0.00%,0.00%
20260127,08,詠勝科技有限公司,3385,Mobile01_HB,17181,CF_300x250_置底看板中_Mobile01_HB,,知名媒體,,368,0,0,368,296,72,80.43%,19.57%,0.00%,0.00%
20260127,08,詠勝科技有限公司,3385,Mobile01_HB,17182,CF_300x250_置底看板右_Mobile01_HB,,知名媒體,,315,0,0,315,251,64,79.68%,20.32%,0.00%,0.00%
20260127,08,詠勝科技有限公司,3385,Mobile01_HB,17183,CF_300x600_大摩天_Mobile01_HB,,知名媒體,,627,0,0,627,504,123,80.38%,19.62%,0.00%,0.00%
20260127,08,詠勝科技有限公司,3385,Mobile01_HB,17204,MW_300x250_文中Banner(interscroller)_Mobile01_HB,,知名媒體,,36,0,0,36,28,8,77.78%,22.22%,0.00%,0.00%
20260127,08,朱光宁,3268,稷下書院-mobile,17207,MW_320x480_蓋版_稷下書院-mobile,,,,"4,787",0,0,"4,787","2,996","1,791",62.59%,37.41%,0.00%,0.00%
20260127,08,中華電視股份有限公司,3389,華視-mobile,17230,MW_置底創意(非展開)_華視-mobile,,知名媒體,,12,0,0,12,11,1,91.67%,8.33%,0.00%,0.00%
20260127,08,中華電視股份有限公司,3389,華視-mobile,17232,MW_文中創意320x480_華視-mobile,,知名媒體,,12,0,0,12,11,1,91.67%,8.33%,0.00%,0.00%
20260127,08,李立娟,3395,vivi0視頻-exchange,17293,CF_336x280_Banner_vivi01視頻-exchange,antifroud,,,"46,665",0,0,"46,665","43,479","3,186",93.17%,6.83%,0.00%,0.00%
20260127,08,李立娟,3395,vivi0視頻-exchange,17294,MW_336x280_Banner_vivi01視頻-exchange,antifroud,,,"54,900",0,0,"54,900","51,486","3,414",93.78%,6.22%,0.00%,0.00%
20260127,08,李立娟,3395,vivi0視頻-exchange,17300,MW_320x100_置底(PB)_vivi01視頻-exchange,antifroud,,,"84,710",0,0,"84,710","79,833","4,877",94.24%,5.76%,0.00%,0.00%
20260127,08,李立娟,3397,趣聞圖說-exchange,17309,MW_336x280_文中Banner_趣聞圖說-exchange,,,,18,0,0,18,15,3,83.33%,16.67%,0.00%,0.00%
20260127,08,曾憲敏,601,85小說網_PC,1773,CF-300x250_85小說網_內文1,,,,22,0,0,22,16,6,72.73%,27.27%,0.00%,0.00%
20260127,08,李立娟,3396,趣聞圖說-Mobile,17923,MW_置底創意(展開)_趣聞圖說-Mobile,,,,80,0,0,80,78,2,97.50%,2.50%,0.00%,0.00%
20260127,08,第一網站股份有限公司,2768,czbooks,17927,MW_置底創意_czbook,,,,"10,532",0,0,"10,532","6,197","4,335",58.84%,41.16%,0.00%,0.00%
20260127,08,時報資訊股份有限公司_工商時報,3427,工商時報-exchange,18003,CF_300x250_互動看板2_工商時報-exchange,,知名媒體,,14,0,0,14,13,1,92.86%,7.14%,0.00%,0.00%
20260127,08,時報資訊股份有限公司_工商時報,3427,工商時報-exchange,18007,CF_336x280_文末右側看板_工商時報-exchange,,知名媒體,,44,0,0,44,36,8,81.82%,18.18%,0.00%,0.00%
20260127,08,時報資訊股份有限公司_工商時報,3427,工商時報-exchange,18008,CF_336x280_文末左側看板_工商時報-exchange,,知名媒體,,36,0,0,36,31,5,86.11%,13.89%,0.00%,0.00%
20260127,08,時報資訊股份有限公司_工商時報,3427,工商時報-exchange,18014,MW_300x250_文末Banner1_工商時報-exchange,,知名媒體,,204,0,0,204,192,12,94.12%,5.88%,0.00%,0.00%
20260127,08,時報資訊股份有限公司_工商時報,3427,工商時報-exchange,18015,MW_300x250_文末Banner2_工商時報-exchange,,知名媒體,,733,0,0,733,691,42,94.27%,5.73%,0.00%,0.00%
20260127,08,第一網站股份有限公司,3440,fsa_passback_first,18201,CF_336x280_fsa_passback_first,,,,381,0,0,381,284,97,74.54%,25.46%,0.00%,0.00%
20260127,08,第一網站股份有限公司,3440,fsa_passback_first,18202,CF_300x250_fsa_passback_first,,,,"1,154",0,0,"1,154",895,259,77.56%,22.44%,0.00%,0.00%
20260127,08,朱光宁,3268,稷下書院-mobile,18297,MW_置底創意(展開)_稷下書院-mobile,,,,236,0,0,236,130,106,55.08%,44.92%,0.00%,0.00%
20260127,08,冰楓科技有限公司,3485,冰楓論壇-exchange,18487,CF_970x90_內文上方第一塊_冰楓論壇-exchange,,,,938,0,0,933,809,124,86.71%,13.29%,0.00%,0.00%
20260127,08,冰楓科技有限公司,3485,冰楓論壇-exchange,18488,MW_320x100_內文上方第一塊_ 冰楓論壇-exchange,antifroud,,,72,0,0,72,59,13,81.94%,18.06%,0.00%,0.00%
20260127,08,冰楓科技有限公司,3485,冰楓論壇-exchange,18492,MW_300x250_Banner_ 冰楓論壇-exchange,,,,358,0,0,356,333,23,93.54%,6.46%,0.00%,0.00%
20260127,08,CBROOT LTD,3492,包子漫畫(特開流量)-exchange,18557,CF_300x600_指定流量_包子漫畫(特開流量PB)-exchange,,,,98,0,0,98,91,7,92.86%,7.14%,0.00%,0.00%
20260127,08,CBROOT LTD,3510,包子漫畫_twmanga-exchange,18737,CF_970x90_Banner_ 包子漫畫_twmanga-exchange,,,,81,0,0,81,77,4,95.06%,4.94%,0.00%,0.00%
20260127,08,舒禾驊,3535,荷花動漫筆記,18887,CF_336x280_文章頁文中_荷花動漫筆記,,,,8,0,0,8,4,4,50.00%,50.00%,0.00%,0.00%
20260127,08,台灣英文新聞股份有限公司,3537,台灣英文新聞(new)-exchange,18924,CF_300x250_內容頁_右側看版_1_台灣英文新聞(new)-exchange,,知名媒體,,12,0,0,12,10,2,83.33%,16.67%,0.00%,0.00%
20260127,08,艾得基客行銷顧問股份有限公司,3552,玩具人,19044,MW_320x480_文中創意_玩具人,,知名媒體,,18,0,0,18,18,0,100.00%,0.00%,0.00%,0.00%
20260127,08,第一網站股份有限公司,2783,漫畫櫃manhuagui,20685,MW_300X250_manhuagui,antifroud,,,"2,869",0,0,"2,869","2,384",485,83.10%,16.90%,0.00%,0.00%
20260127,08,德榕企業有限公司,3578,TW Bodhi_mobile,20707,MW_置底創意_TW Bodhi,,,,38,0,0,38,38,0,100.00%,0.00%,0.00%,0.00%
20260127,08,德榕企業有限公司,3578,TW Bodhi_mobile,20708,MW_蓋板_TW Bodhi,,,,252,0,0,252,250,2,99.21%,0.79%,0.00%,0.00%
20260127,08,德榕企業有限公司,3578,TW Bodhi_mobile,20719,MW_文中創意300x250_TW Bodhi,,,,6,0,0,6,6,0,100.00%,0.00%,0.00%,0.00%
20260127,08,德榕企業有限公司,3581,忘憂書屋,20727,CF_336x280文章頁(RWD)_忘憂書屋,,,,36,0,0,36,36,0,100.00%,0.00%,0.00%,0.00%
20260127,08,德榕企業有限公司,3582,忘憂書屋_mobile,20728,MW_文中創意300x250_忘憂書屋,,,,168,0,0,168,168,0,100.00%,0.00%,0.00%,0.00%
20260127,08,德榕企業有限公司,3582,忘憂書屋_mobile,20729,MW_蓋板_忘憂書屋,,,,42,0,0,42,42,0,100.00%,0.00%,0.00%,0.00%
20260127,08,德榕企業有限公司,3582,忘憂書屋_mobile,20730,MW_置底創意_忘憂書屋,,,,38,0,0,38,38,0,100.00%,0.00%,0.00%,0.00%
20260127,08,第一網站股份有限公司,2916,KiKiNote,20731,CF_300x250_banner_kikinote (PB),,知名媒體,,34,0,0,34,32,2,94.12%,5.88%,0.00%,0.00%
20260127,08,艾得基客行銷顧問股份有限公司,3490,太報,21317,MW_蓋版_太報,,知名媒體,,12,0,0,12,12,0,100.00%,0.00%,0.00%,0.00%
20260127,08,艾得基客行銷顧問股份有限公司,3609,商妮吃喝遊樂,21319,MW_320x480_文中創意_商妮吃喝遊樂,,,,6,0,0,6,6,0,100.00%,0.00%,0.00%,0.00%
20260127,08,第一網站股份有限公司,2768,czbooks,21412,(子)CF_970x250_banner_czbooks(限時段)-PB,,,子聯播網,"1,277",0,0,"1,277",701,576,54.89%,45.11%,0.00%,0.00%
20260127,08,第一網站股份有限公司,3440,fsa_passback_first,21699,CF_336x280_fsa_passback_first,,,,858,0,0,858,636,222,74.13%,25.87%,0.00%,0.00%
20260127,08,富盈數據股份有限公司,3653,TVBS-女人我最大_HB,21760,MW_文章三_336x280_TVBS-女人我最大_HB,,知名媒體,,12,0,0,12,12,0,100.00%,0.00%,0.00%,0.00%
20260127,08,富盈數據股份有限公司,3653,TVBS-女人我最大_HB,21761,MW_文章四_336x280_TVBS-女人我最大_HB,,知名媒體,,889,0,0,889,880,9,98.99%,1.01%,0.00%,0.00%
20260127,08,富盈數據股份有限公司,3653,TVBS-女人我最大_HB,21762,MW_文章置底_320x100_TVBS-女人我最大_HB,,知名媒體,,174,0,0,174,170,4,97.70%,2.30%,0.00%,0.00%
20260127,08,富盈數據股份有限公司,3653,TVBS-女人我最大_HB,21763,MW_文中創意320x480_TVBS-女人我最大_HB,,知名媒體,,801,0,0,801,795,6,99.25%,0.75%,0.00%,0.00%
20260127,08,富盈數據股份有限公司,3654,TVBS-健康2.0_HB,21765,MW_文章三_336x280_TVBS-健康2.0_HB,,知名媒體,,258,0,0,258,248,10,96.12%,3.88%,0.00%,0.00%
20260127,08,富盈數據股份有限公司,3654,TVBS-健康2.0_HB,21767,MW_文章置底_320x100_TVBS-健康2.0_HB,,知名媒體,,12,0,0,12,12,0,100.00%,0.00%,0.00%,0.00%
20260127,08,富盈數據股份有限公司,3654,TVBS-健康2.0_HB,21768,MW_文中創意320x480_TVBS-健康2.0_HB,,知名媒體,,"4,889",0,0,"4,889","4,421",468,90.43%,9.57%,0.00%,0.00%
20260127,08,富盈數據股份有限公司,3655,TVBS-食尚玩家_HB,21770,MW_文章三_336x280_TVBS-食尚玩家_HB,,知名媒體,,357,0,0,357,344,13,96.36%,3.64%,0.00%,0.00%
20260127,08,富盈數據股份有限公司,3655,TVBS-食尚玩家_HB,21771,MW_文章四_336x280_TVBS-食尚玩家_HB,,知名媒體,,18,0,0,18,16,2,88.89%,11.11%,0.00%,0.00%
20260127,08,富盈數據股份有限公司,3655,TVBS-食尚玩家_HB,21773,MW_文中創意320x480_TVBS-食尚玩家_HB,,知名媒體,,117,0,0,117,113,4,96.58%,3.42%,0.00%,0.00%
20260127,08,富盈數據股份有限公司,3654,TVBS-健康2.0_HB,21812,MW_文章一_336x280_TVBS-健康2.0_HB,,知名媒體,,"1,079",0,0,"1,079",950,129,88.04%,11.96%,0.00%,0.00%
20260127,08,儂儂雜誌社股份有限公司(bella儂儂),2135,Bella儂儂_2024,21876,MW-300x250_文章標題上方1_Bella儂儂,,知名媒體,,118,0,0,118,96,22,81.36%,18.64%,0.00%,0.00%
20260127,08,富盈數據股份有限公司,3680,TVBS-新聞網_HB,21899,MW_文章一_336x280_TVBS-新聞網_HB,,知名媒體,,"5,830",0,0,"5,830","5,734",96,98.35%,1.65%,0.00%,0.00%
20260127,08,富盈數據股份有限公司,3680,TVBS-新聞網_HB,21900,MW_文章三_336x280_TVBS-新聞網_HB,,知名媒體,,805,0,0,805,802,3,99.63%,0.37%,0.00%,0.00%
20260127,08,富盈數據股份有限公司,3680,TVBS-新聞網_HB,21902,MW_文章置底_320x100_TVBS-新聞網_HB,,知名媒體,,"5,630",0,0,"5,630","5,536",94,98.33%,1.67%,0.00%,0.00%
20260127,08,聯合線上股份有限公司,3679,噓新聞,21903,PC_300x250_首頁及內文頁_噓新聞,,知名媒體,,12,0,0,12,12,0,100.00%,0.00%,0.00%,0.00%
20260127,08,富盈數據股份有限公司,3683,書中字有黃金屋_mobile,21922,MW_置底創意(非展開)_書中字有黃金屋-mobile,,,,12,0,0,12,7,5,58.33%,41.67%,0.00%,0.00%
20260127,08,富盈數據股份有限公司,3684,稅美人_mobile,21923,MW_置底創意(非展開)_稅美人-mobile,,,,6,0,0,6,4,2,66.67%,33.33%,0.00%,0.00%
20260127,08,富盈數據股份有限公司,3685,玩桌遊_mobile,21924,MW_置底創意(非展開)_玩桌遊-mobile,,,,30,0,0,30,24,6,80.00%,20.00%,0.00%,0.00%
20260127,08,富盈數據股份有限公司,2615,熱血台中,21986,CF_336x280_全網_熱血台中,,,,174,0,0,174,173,1,99.43%,0.57%,0.00%,0.00%
20260127,08,富盈數據股份有限公司,2615,熱血台中,21987,CF_336x280_全網_熱血台中,,,,174,0,0,174,174,0,100.00%,0.00%,0.00%,0.00%
20260127,08,富盈數據股份有限公司,3703,繁體小說,22022,MW_置底創意(非展開)_繁體小說-mobile,,,,12,0,0,12,11,1,91.67%,8.33%,0.00%,0.00%
20260127,08,富盈數據股份有限公司,3704,天天要聞,22030,CF_300 x 250 banner_天天要聞_cpc2,,,,"1,505",0,0,"1,505",763,742,50.70%,49.30%,0.00%,0.00%
20260127,08,富盈數據股份有限公司,3703,繁體小說,22031,CF_300 x 250 banner_繁體小說_cpc2,,,,239,0,0,239,192,47,80.33%,19.67%,0.00%,0.00%
20260127,08,冠妍動力科技有限公司,484,小老婆汽機車資訊網,22058,MW_文中創意320x480_小老婆汽機車資訊網-測試,,知名媒體,,6,0,0,6,3,3,50.00%,50.00%,0.00%,0.00%
20260127,08,艾得基客行銷顧問股份有限公司,3719,遠見雜誌,22105,MW_蓋板_遠見_遠見雜誌,,知名媒體,,94,0,0,94,94,0,100.00%,0.00%,0.00%,0.00%
20260127,08,富盈數據股份有限公司,3680,TVBS-新聞網_HB,22131,CF_文中300x250_TVBS-新聞網_HB_1,,知名媒體,,6,0,0,6,6,0,100.00%,0.00%,0.00%,0.00%
20260127,08,富盈數據股份有限公司,3680,TVBS-新聞網_HB,22132,CF_文中300x250_TVBS-新聞網_HB_2,,知名媒體,,18,0,0,18,18,0,100.00%,0.00%,0.00%,0.00%
20260127,08,富盈數據股份有限公司,3680,TVBS-新聞網_HB,22133,CF_文中300x250_TVBS-新聞網_HB_3,,知名媒體,,45,0,0,45,41,4,91.11%,8.89%,0.00%,0.00%
20260127,08,闇碼科技股份有限公司,3048,縮短網址產生器-reurl,22213,MW_蓋版_縮短網址產生器-reurl-2025.05(特殊供量),,知名媒體,,79,0,0,79,31,48,39.24%,60.76%,0.00%,0.00%
20260127,08,艾得基客行銷顧問股份有限公司,2689,Basketball Top5,22219,MW_置底(展開)_Basketball TOP5,,,,394,0,0,394,391,3,99.24%,0.76%,0.00%,0.00%
20260127,08,艾得基客行銷顧問股份有限公司,2084,經濟日報,22220,MW_置底(展開)_經濟日報,,知名媒體,,"1,182",0,0,"1,182",999,183,84.52%,15.48%,0.00%,0.00%
20260127,08,欣發現股份有限公司,3362,妞新聞-mobile,22221,MW_蓋板_妞新聞,,知名媒體,,6,0,0,6,6,0,100.00%,0.00%,0.00%,0.00%
20260127,08,欣發現股份有限公司,3363,大人物-mobile,22222,MW_蓋板_大人物,,知名媒體,,444,0,0,444,359,85,80.86%,19.14%,0.00%,0.00%
20260127,08,朱光宁,3741,石頭小說3,22396,MW_置底_石頭小說3,,,,86,0,0,86,56,30,65.12%,34.88%,0.00%,0.00%
20260127,08,朱光宁,3741,石頭小說3,22398,CF_336 x 280 banner_石頭小說3_cpc1.67,,,,"1,521",0,0,"1,521",911,610,59.89%,40.11%,0.00%,0.00%
20260127,08,朱光宁,3741,石頭小說3,22399,CF_320 x 480 橫幅_石頭小說3,,,,66,0,0,66,51,15,77.27%,22.73%,0.00%,0.00%
20260127,08,闇碼科技股份有限公司,3068,限時圖片-imgus,22406,MW_置底_imgus,antifroud,,,137,0,0,137,134,3,97.81%,2.19%,0.00%,0.00%
20260127,08,第一網站股份有限公司,2783,漫畫櫃manhuagui,22443,MW_置底_manhuagui,antifroud,,,"8,522",0,0,"8,522","7,721",801,90.60%,9.40%,0.00%,0.00%
20260127,08,艾得基客行銷顧問股份有限公司,3490,太報,22495,MW_300x250 BANNER_太報_CPM5,,知名媒體,子聯播網,12,0,0,12,12,0,100.00%,0.00%,0.00%,0.00%
20260127,08,艾得基客行銷顧問股份有限公司,2689,Basketball Top5,22498,MW_300x250 Banner_Basketball TOP5_CPM5,,,子聯播網,860,0,0,860,851,9,98.95%,1.05%,0.00%,0.00%
20260127,08,艾得基客行銷顧問股份有限公司,2578,鉅亨網,22507,MW_300x250_鉅亨網_直播用BN-1,,知名媒體,子聯播網,"1,222",0,0,"1,222","1,203",19,98.45%,1.55%,0.00%,0.00%
20260127,08,艾得基客行銷顧問股份有限公司,3752,ＭoneyDJ,22514,MW_文中創意320x480_MoneyDJ,antifroud,知名媒體,,60,0,0,60,52,8,86.67%,13.33%,0.00%,0.00%
20260127,08,艾得基客行銷顧問股份有限公司,2084,經濟日報,22517,MW_置底創意(非展開)_經濟日報,,知名媒體,,"5,198",0,0,"5,198","4,515",683,86.86%,13.14%,0.00%,0.00%
20260127,08,艾得基客行銷顧問股份有限公司,3373,良醫健康網,22732,MW_300x250_良醫健康網,,知名媒體,,12,0,0,12,9,3,75.00%,25.00%,0.00%,0.00%
20260127,08,李承翰-webptt,718,Web批踢踢(RWD),2284,MW-蓋板_文中_Web批踢踢,antifroud,,,12,0,0,12,8,4,66.67%,33.33%,0.00%,0.00%
20260127,08,麥智維,999,動漫戲說,3543,CF-728*90-內文上方-動漫戲說,antifroud,,,357,0,0,357,261,96,73.11%,26.89%,0.00%,0.00%
20260127,08,肖偉彬,1287,紅櫻桃小說書庫,4678,CF-內文上方-300*250-紅櫻桃小說書庫,,,,20,0,0,20,17,3,85.00%,15.00%,0.00%,0.00%
20260127,08,肖偉彬,1287,紅櫻桃小說書庫,4717,MW_文中創意300x250_紅櫻桃小說書庫,,,,20,0,0,20,15,5,75.00%,25.00%,0.00%,0.00%
20260127,08,技達創意資訊有限公司,1299,泰好網,4733,CF-300*250-內文下方-泰好網,,,,6,0,0,6,6,0,100.00%,0.00%,0.00%,0.00%
20260127,08,技達創意資訊有限公司,1299,泰好網,4734,MW-320*100-首頁、內文上方-泰好網,,,,12,0,0,12,12,0,100.00%,0.00%,0.00%,0.00%
20260127,08,陈晋福,1367,電視超人,4997,CF-300X250-電視超人,,,,12,0,0,12,9,3,75.00%,25.00%,0.00%,0.00%
20260127,08,麥智維,999,動漫戲說,6069,CF-300*250-首頁-動漫戲說,,,,61,0,0,61,61,0,100.00%,0.00%,0.00%,0.00%
20260127,08,精鏡傳媒股份有限公司,1060,鏡週刊,8250,MW_置底創意(非展開)_鏡週刊,,知名媒體,,42,0,0,42,36,6,85.71%,14.29%,0.00%,0.00%
20260127,08,布林遊國際有限公司,1692,Bring You,8393,CF-300X250-上方通欄右側_BringYou,,知名媒體,,6,0,0,6,6,0,100.00%,0.00%,0.00%,0.00%
20260127,08,巧克科技新媒體股份有限公司,2127,LINE TV_Banner-exchange,8576,CF_336x280_戲劇-右側好康資訊下方_LINE TV-exchange,,知名媒體,,74,0,0,74,72,2,97.30%,2.70%,0.00%,0.00%
20260127,08,巧克科技新媒體股份有限公司,2127,LINE TV_Banner-exchange,8577,CF_336x280_戲劇-右側好康資訊上方_LINE TV-exchange,,知名媒體,,162,0,0,162,151,11,93.21%,6.79%,0.00%,0.00%
20260127,09,英屬維京群島商浩美數位有限公司台灣分公司,2315,Teepr亮新聞-exchange,10012,CF_336x280Banner_Teepr亮新聞-exchange,,知名媒體,,142,0,0,142,133,9,93.66%,6.34%,0.00%,0.00%
20260127,09,昱得資訊工作室,2528,數位書香,11080,CF_728x90_首頁上方_數位書香,antifroud,,,12,0,0,12,12,0,100.00%,0.00%,0.00%,0.00%
20260127,09,昱得資訊工作室,2528,數位書香,11081,CF_160x600_首頁右側_數位書香,antifroud,,,239,0,0,239,239,0,100.00%,0.00%,0.00%,0.00%
20260127,09,第一網站股份有限公司,2518,麻辣家族討論區(twbts),11082,CF-728X90-twbts,antifroud,,,"1,237",0,0,"1,237","1,227",10,99.19%,0.81%,0.00%,0.00%
20260127,09,第一網站股份有限公司,2492,ttshow,11273,MW-300X250-ttshow,,知名媒體,,12,0,0,12,12,0,100.00%,0.00%,0.00%,0.00%
20260127,09,第一網站股份有限公司,2601,Meme梗圖倉庫,11443,CF-336X280-meme,,,,487,0,0,487,423,64,86.86%,13.14%,0.00%,0.00%
20260127,09,艾得基客行銷顧問股份有限公司,2578,鉅亨網,12070,MW_320x480_文中創意_鉅亨網,,知名媒體,,"11,238",0,0,"11,238","10,951",287,97.45%,2.55%,0.00%,0.00%
20260127,09,時報資訊股份有限公司,2770,中時電子報_HB,12559,CF_300x250_右側互動看版_中時電子報_HB,,知名媒體,,"2,287",0,0,"2,287","2,026",261,88.59%,11.41%,0.00%,0.00%
20260127,09,時報資訊股份有限公司,2770,中時電子報_HB,12560,CF_336x280_文中看板_中時電子報_HB,,知名媒體,,"2,164",0,0,"2,164","1,915",249,88.49%,11.51%,0.00%,0.00%
20260127,09,時報資訊股份有限公司,2770,中時電子報_HB,12561,MW_300x250_內頁TOP Banner_中時電子報_HB,antifroud,知名媒體,,"2,222",0,0,"2,222","2,038",184,91.72%,8.28%,0.00%,0.00%
20260127,09,第一網站股份有限公司,2768,czbooks,12570,CF_728x90_banner_czbooks,,,,"2,090",0,0,"2,090","1,702",388,81.44%,18.56%,0.00%,0.00%
20260127,09,第一網站股份有限公司,2768,czbooks,12571,CF-300x600_Banner_czbooks,,,,"1,193",0,0,"1,193",688,505,57.67%,42.33%,0.00%,0.00%
20260127,09,鳳梨傳媒股份有限公司,2190,民視新聞網-Exchange,12579,CF_300x250_右側第一塊_民視新聞網-Exchange(RWD)(MCM),,知名媒體,,"1,220",0,0,"1,220","1,158",62,94.92%,5.08%,0.00%,0.00%
20260127,09,鳳梨傳媒股份有限公司,2190,民視新聞網-Exchange,12580,CF_300x250_內文文中左側_民視新聞網-Exchange(RWD)(MCM),,知名媒體,,"1,059",0,0,"1,059",996,63,94.05%,5.95%,0.00%,0.00%
20260127,09,第一網站股份有限公司,2783,漫畫櫃manhuagui,12676,CF_728X90_manhuagui,antifroud,,,"22,684",0,0,"22,684","18,611","4,073",82.04%,17.96%,0.00%,0.00%
20260127,09,艾得基客行銷顧問股份有限公司,2635,工商時報,12761,MW_320x480_文中創意_工商時報new,,知名媒體,,112,0,0,112,106,6,94.64%,5.36%,0.00%,0.00%
20260127,09,第一網站股份有限公司,2801,damanwoo,12868,CF-300x250_Banner_damanwoo_大人物,,,,57,0,0,57,51,6,89.47%,10.53%,0.00%,0.00%
20260127,09,第一網站股份有限公司,2820,星座好朋友(horofriend88),12966,MW_320x100_horofriend88,antifroud,,,74,0,0,74,71,3,95.95%,4.05%,0.00%,0.00%
20260127,09,第一網站股份有限公司,2836,vivi01,13032,MW_置底創意_vivi01 ViVi視頻,,,,12,0,0,12,12,0,100.00%,0.00%,0.00%,0.00%
20260127,09,第一網站股份有限公司,2838,mycard,13041,MW_320x480_加倍mycard,,,,590,0,0,590,0,590,0.00%,100.00%,0.00%,0.00%
20260127,09,和運租車股份有限公司,2878,abc好車網,13368,CF_970x90_物件頁下方_abc好車網,,知名媒體,,6,0,0,6,3,3,50.00%,50.00%,0.00%,0.00%
20260127,09,曾憲敏,202,85小說網,13445,MW_336X280_全量1_85小說網,,,,190,0,0,190,133,57,70.00%,30.00%,0.00%,0.00%
20260127,09,曾憲敏,202,85小說網,13446,MW_336X280_全量2_85小說網,,,,"1,636",0,0,"1,636","1,237",399,75.61%,24.39%,0.00%,0.00%
20260127,09,第一網站股份有限公司,2910,clickme,13549,CF_300x250_banner_clickme(一般),,,,661,0,0,661,520,141,78.67%,21.33%,0.00%,0.00%
20260127,09,闇碼科技股份有限公司,2992,縮短網址產生器-reurl-exchange,13847,CF_970x90_轉址失敗_下方第一排 _reurl,,知名媒體,,6,0,0,6,6,0,100.00%,0.00%,0.00%,0.00%
20260127,09,闇碼科技股份有限公司,2992,縮短網址產生器-reurl-exchange,13848,CF_300x250_轉址失敗_最右邊_reurl,,知名媒體,,18,0,0,18,18,0,100.00%,0.00%,0.00%,0.00%
20260127,09,闇碼科技股份有限公司,2992,縮短網址產生器-reurl-exchange,13856,CF_300x250_轉址失敗頁第二塊_reurl,,知名媒體,,18,0,0,18,18,0,100.00%,0.00%,0.00%,0.00%
20260127,09,闇碼科技股份有限公司,2992,縮短網址產生器-reurl-exchange,13861,CF_300x250_網址下方右側(PB)_reurl,,知名媒體,,6,0,0,6,6,0,100.00%,0.00%,0.00%,0.00%
20260127,09,第一網站股份有限公司,2768,czbooks,14036,MW_320x480_CZBOOKS,antifroud,,,100,0,0,100,52,48,52.00%,48.00%,0.00%,0.00%
20260127,09,陳人鳳,480,飛格寵物家族_PC,1407,CF-728X90_上方通欄_飛格寵物家族,,,,18,0,0,18,15,3,83.33%,16.67%,0.00%,0.00%
20260127,09,陳人鳳,480,飛格寵物家族_PC,1408,CF-300X250_內文_飛格寵物家族,,,,157,0,0,157,92,65,58.60%,41.40%,0.00%,0.00%
20260127,09,飛凡傳播股份有限公司,1921,非凡新聞台-exchange,14188,MW_300x250_內文上方_非凡新聞-exchange,antifroud,知名媒體,,88,0,0,66,14,52,21.21%,78.79%,0.00%,0.00%
20260127,09,飛凡傳播股份有限公司,1921,非凡新聞台-exchange,14189,CF_300x600_右側下方_非凡新聞-exchange,antifroud,知名媒體,,12,0,0,6,0,6,0.00%,100.00%,0.00%,0.00%
20260127,09,闇碼科技股份有限公司,3048,縮短網址產生器-reurl,14210,MW_文中創意300x250_縮短網址產生器-reurl,,知名媒體,,"1,144",0,0,"1,144",193,951,16.87%,83.13%,0.00%,0.00%
20260127,09,巨思文化股份有限公司,3052,經理人_HB,14238,MW_文章結束第一塊_300x250_經理人-HB,,知名媒體,,68,0,0,68,51,17,75.00%,25.00%,0.00%,0.00%
20260127,09,巨思文化股份有限公司,3052,經理人_HB,14239,CF_300x250_內文下方右側_經理人-HB,,知名媒體,,48,0,0,48,36,12,75.00%,25.00%,0.00%,0.00%
20260127,09,巨思文化股份有限公司,3052,經理人_HB,14240,CF_300x250_內文下方左側_經理人-HB,,知名媒體,,54,0,0,54,42,12,77.78%,22.22%,0.00%,0.00%
20260127,09,巨思文化股份有限公司,3052,經理人_HB,14241,MW_300x250_內文下方_經理人-HB,,知名媒體,,70,0,0,70,53,17,75.71%,24.29%,0.00%,0.00%
20260127,09,巨思文化股份有限公司,3053,數位時代_HB,14242,CF_300x250_內文下方左側_數位時代-HB,,知名媒體,,118,0,0,118,89,29,75.42%,24.58%,0.00%,0.00%
20260127,09,巨思文化股份有限公司,3053,數位時代_HB,14243,CF_300x250_內文下方右側_數位時代-HB,,知名媒體,,124,0,0,124,91,33,73.39%,26.61%,0.00%,0.00%
20260127,09,巨思文化股份有限公司,3053,數位時代_HB,14246,MW_300x250_文章結束第一塊_數位時代-HB,,知名媒體,,24,0,0,24,21,3,87.50%,12.50%,0.00%,0.00%
20260127,09,富盈數據股份有限公司,3059,塔科女子,14258,CF_336x280_全網_塔科女子,,知名媒體,,104,0,0,104,104,0,100.00%,0.00%,0.00%,0.00%
20260127,09,CBROOT LTD,3003,包子漫畫-exchange,14291,MW_300x250_蓋板(PB)_包子漫畫,,,,254,0,0,254,211,43,83.07%,16.93%,0.00%,0.00%
20260127,09,朱光宁,3268,稷下書院-mobile,14737,MW_置底創意(非展開)_稷下書院-mobile,,,,12,0,0,12,7,5,58.33%,41.67%,0.00%,0.00%
20260127,09,朱光宁,3149,稷下書院-exchange,14748,MW_320x100_置底(PB)_稷下書院,,,,"20,906",0,0,"20,906","10,104","10,802",48.33%,51.67%,0.00%,0.00%
20260127,09,巨思文化股份有限公司,3053,數位時代_HB,14764,MW_置底創意_(非展開)_數位時代_HB,,知名媒體,,188,0,0,188,177,11,94.15%,5.85%,0.00%,0.00%
20260127,09,中天電視股份有限公司,3282,中天新聞網-exchange,14980,CF_970x250_內頁_PC置頂橫幅-中天新聞網-exchange,,知名媒體,,24,0,0,24,17,7,70.83%,29.17%,0.00%,0.00%
20260127,09,黃俊德,3298,Disp BBS_2023_Exchange,15013,CF_300x250_Disp BBS_2023_Exchange,,知名媒體,,6,0,0,6,0,6,0.00%,100.00%,0.00%,0.00%
20260127,09,今健康新媒體有限公司,3326,今健康-Mobile,15217,MW_置底創意(非展開)-今健康-Mobile,,知名媒體,,6,0,0,6,0,6,0.00%,100.00%,0.00%,0.00%
20260127,09,曾憲敏,3327,85小說網_創意,15227,MW-300X250_85小說網_隨身影音PB,,,,12,0,0,12,8,4,66.67%,33.33%,0.00%,0.00%
20260127,09,曾憲敏,3327,85小說網_創意,15228,MW-創意-85小說網,,,,336,0,0,336,255,81,75.89%,24.11%,0.00%,0.00%
20260127,09,千晶文化事業股份有限公司,3336,Beauty 美人圈,15254,MW_置底創意(非展開)_ Beauty 美人圈,,知名媒體,,"2,398",0,0,"2,398","2,355",43,98.21%,1.79%,0.00%,0.00%
20260127,09,中天電視股份有限公司,3282,中天新聞網-exchange,15859,CF_336x280_內頁_PC右側互動看板B-中天新聞網-exchange,,知名媒體,,128,0,0,128,99,29,77.34%,22.66%,0.00%,0.00%
20260127,09,CBROOT LTD,3352,西瓜卡通-exchange,15969,CF_728x90_影音內容_西瓜卡通-exchange,,,,6,0,0,6,6,0,100.00%,0.00%,0.00%,0.00%
20260127,09,CBROOT LTD,3352,西瓜卡通-exchange,15970,CF_160x600_影音內容_西瓜卡通-exchange,,,,140,0,0,140,139,1,99.29%,0.71%,0.00%,0.00%
20260127,09,時報資訊股份有限公司,2817,旺得富,16908,CF_970x250_MiddleBanner_旺得富,,知名媒體,,25,0,0,25,25,0,100.00%,0.00%,0.00%,0.00%
20260127,09,時報資訊股份有限公司,2817,旺得富,16910,CF_300x250_Billboard_1s_旺得富,,知名媒體,,30,0,0,30,29,1,96.67%,3.33%,0.00%,0.00%
20260127,09,時報資訊股份有限公司,2817,旺得富,16911,CF_300x250_Billboard_2nd_旺得富,,知名媒體,,12,0,0,12,12,0,100.00%,0.00%,0.00%,0.00%
20260127,09,朱光宁,3360,提莫書屋-exchange,16957,MW_336x280banner_提莫書屋_exchange,,,,"13,106",0,0,"13,106","9,431","3,675",71.96%,28.04%,0.00%,0.00%
20260127,09,朱光宁,3361,提莫書屋-mobile,16958,MW_置底創意_提莫書屋-mobile,,,,30,0,0,30,18,12,60.00%,40.00%,0.00%,0.00%
20260127,09,朱光宁,3361,提莫書屋-mobile,16959,MW_320x480_文中創意_提莫書屋-mobile,,,,48,0,0,48,33,15,68.75%,31.25%,0.00%,0.00%
20260127,09,欣發現股份有限公司,3365,Hami任務牆-mobile,16969,MW_置底創意_Hami任務牆,,知名媒體,,829,0,0,829,704,125,84.92%,15.08%,0.00%,0.00%
20260127,09,欣發現股份有限公司,3364,女子學-mobile,16972,MW_置底創意_女子學,antifroud,,,"2,175",0,0,"2,175","2,001",174,92.00%,8.00%,0.00%,0.00%
20260127,09,欣發現股份有限公司,3363,大人物-mobile,16973,MW_置底創意_大人物,,知名媒體,,180,0,0,180,143,37,79.44%,20.56%,0.00%,0.00%
20260127,09,欣發現股份有限公司,3362,妞新聞-mobile,16974,MW_置底創意_妞新聞,,知名媒體,,18,0,0,18,17,1,94.44%,5.56%,0.00%,0.00%
20260127,09,第一網站股份有限公司,2783,漫畫櫃manhuagui,17027,MW_320x480_蓋版_漫畫櫃manhuagui,,,,497,0,0,497,441,56,88.73%,11.27%,0.00%,0.00%
20260127,09,艾得基客行銷顧問股份有限公司,3373,良醫健康網,17092,MW_置底創意_良醫健康網,,知名媒體,,36,0,0,36,32,4,88.89%,11.11%,0.00%,0.00%
20260127,09,詠勝科技有限公司,3385,Mobile01_HB,17173,CF_970x250_超級橫幅_Mobile01_HB,,知名媒體,,6,0,0,6,6,0,100.00%,0.00%,0.00%,0.00%
20260127,09,詠勝科技有限公司,3385,Mobile01_HB,17174,CF_970x250_超級橫幅_置底_Mobile01_HB,,知名媒體,,24,0,0,24,18,6,75.00%,25.00%,0.00%,0.00%
20260127,09,詠勝科技有限公司,3385,Mobile01_HB,17175,CF_970x90_橫幅Banner_Mobile01_HB,,知名媒體,,"1,932",0,0,"1,932","1,388",544,71.84%,28.16%,0.00%,0.00%
20260127,09,詠勝科技有限公司,3385,Mobile01_HB,17176,CF_728x90_內頁橫幅Banner_7F_Mobile01_HB,,知名媒體,,136,0,0,136,89,47,65.44%,34.56%,0.00%,0.00%
20260127,09,詠勝科技有限公司,3385,Mobile01_HB,17178,CF_300x250_頻道頁_大看板_Mobile01_HB,,知名媒體,,117,0,0,117,85,32,72.65%,27.35%,0.00%,0.00%
20260127,09,詠勝科技有限公司,3385,Mobile01_HB,17179,CF_300x250_熱門大看板_Mobile01_HB,,知名媒體,,"2,267",0,0,"2,267","1,636",631,72.17%,27.83%,0.00%,0.00%
20260127,09,詠勝科技有限公司,3385,Mobile01_HB,17180,CF_300x250_置底看板左_Mobile01_HB,,知名媒體,,812,0,0,812,638,174,78.57%,21.43%,0.00%,0.00%
20260127,09,詠勝科技有限公司,3385,Mobile01_HB,17181,CF_300x250_置底看板中_Mobile01_HB,,知名媒體,,798,0,0,798,628,170,78.70%,21.30%,0.00%,0.00%
20260127,09,詠勝科技有限公司,3385,Mobile01_HB,17182,CF_300x250_置底看板右_Mobile01_HB,,知名媒體,,16,0,0,16,8,8,50.00%,50.00%,0.00%,0.00%
20260127,09,詠勝科技有限公司,3385,Mobile01_HB,17183,CF_300x600_大摩天_Mobile01_HB,,知名媒體,,"1,259",0,0,"1,259",978,281,77.68%,22.32%,0.00%,0.00%
20260127,09,詠勝科技有限公司,3385,Mobile01_HB,17184,CF_970x90_特殊banner_Mobile01_HB,,知名媒體,,8,0,0,8,1,7,12.50%,87.50%,0.00%,0.00%
20260127,09,詠勝科技有限公司,3385,Mobile01_HB,17185,CF_300x250_特殊看板右上_Mobile01_HB,,知名媒體,,8,0,0,8,1,7,12.50%,87.50%,0.00%,0.00%
20260127,09,詠勝科技有限公司,3385,Mobile01_HB,17192,CF_300x250_特殊置底看板左_Mobile01_HB,,知名媒體,,10,0,0,10,4,6,40.00%,60.00%,0.00%,0.00%
20260127,09,詠勝科技有限公司,3385,Mobile01_HB,17193,CF_300x250_特殊置底看板中_Mobile01_HB,,知名媒體,,10,0,0,10,4,6,40.00%,60.00%,0.00%,0.00%
20260127,09,詠勝科技有限公司,3385,Mobile01_HB,17195,CF_300x600_特殊大摩天_Mobile01_HB,,知名媒體,,10,0,0,10,3,7,30.00%,70.00%,0.00%,0.00%
20260127,09,詠勝科技有限公司,3385,Mobile01_HB,17196,CF_160x600_門神_right_Mobile01_HB,,知名媒體,,208,0,0,208,132,76,63.46%,36.54%,0.00%,0.00%
20260127,09,詠勝科技有限公司,3385,Mobile01_HB,17197,CF_160x600_門神_left_Mobile01_HB,,知名媒體,,208,0,0,208,135,73,64.90%,35.10%,0.00%,0.00%
20260127,09,朱光宁,3268,稷下書院-mobile,17207,MW_320x480_蓋版_稷下書院-mobile,,,,"3,967",0,0,"3,967","2,394","1,573",60.35%,39.65%,0.00%,0.00%
20260127,09,李立娟,3395,vivi0視頻-exchange,17293,CF_336x280_Banner_vivi01視頻-exchange,antifroud,,,"38,376",0,0,"38,376","34,407","3,969",89.66%,10.34%,0.00%,0.00%
20260127,09,李立娟,3395,vivi0視頻-exchange,17294,MW_336x280_Banner_vivi01視頻-exchange,antifroud,,,"46,529",0,0,"46,529","42,698","3,831",91.77%,8.23%,0.00%,0.00%
20260127,09,李立娟,3395,vivi0視頻-exchange,17300,MW_320x100_置底(PB)_vivi01視頻-exchange,antifroud,,,"70,992",0,0,"70,992","66,028","4,964",93.01%,6.99%,0.00%,0.00%
20260127,09,李立娟,3397,趣聞圖說-exchange,17309,MW_336x280_文中Banner_趣聞圖說-exchange,,,,12,0,0,12,8,4,66.67%,33.33%,0.00%,0.00%
20260127,09,李立娟,3396,趣聞圖說-Mobile,17923,MW_置底創意(展開)_趣聞圖說-Mobile,,,,40,0,0,40,36,4,90.00%,10.00%,0.00%,0.00%
20260127,09,第一網站股份有限公司,2768,czbooks,17927,MW_置底創意_czbook,,,,"12,226",0,0,"12,226","7,171","5,055",58.65%,41.35%,0.00%,0.00%
20260127,09,時報資訊股份有限公司_工商時報,3427,工商時報-exchange,18003,CF_300x250_互動看板2_工商時報-exchange,,知名媒體,,12,0,0,12,10,2,83.33%,16.67%,0.00%,0.00%
20260127,09,時報資訊股份有限公司_工商時報,3427,工商時報-exchange,18007,CF_336x280_文末右側看板_工商時報-exchange,,知名媒體,,94,0,0,94,76,18,80.85%,19.15%,0.00%,0.00%
20260127,09,時報資訊股份有限公司_工商時報,3427,工商時報-exchange,18008,CF_336x280_文末左側看板_工商時報-exchange,,知名媒體,,70,0,0,70,56,14,80.00%,20.00%,0.00%,0.00%
20260127,09,時報資訊股份有限公司_工商時報,3427,工商時報-exchange,18014,MW_300x250_文末Banner1_工商時報-exchange,,知名媒體,,40,0,0,40,39,1,97.50%,2.50%,0.00%,0.00%
20260127,09,時報資訊股份有限公司_工商時報,3427,工商時報-exchange,18015,MW_300x250_文末Banner2_工商時報-exchange,,知名媒體,,172,0,0,172,163,9,94.77%,5.23%,0.00%,0.00%
20260127,09,第一網站股份有限公司,3440,fsa_passback_first,18201,CF_336x280_fsa_passback_first,,,,"1,652",0,0,"1,652","1,097",555,66.40%,33.60%,0.00%,0.00%
20260127,09,第一網站股份有限公司,3440,fsa_passback_first,18202,CF_300x250_fsa_passback_first,,,,"2,246",0,0,"2,246","1,679",567,74.76%,25.24%,0.00%,0.00%
20260127,09,朱光宁,3268,稷下書院-mobile,18297,MW_置底創意(展開)_稷下書院-mobile,,,,304,0,0,304,164,140,53.95%,46.05%,0.00%,0.00%
20260127,09,冰楓科技有限公司,3485,冰楓論壇-exchange,18487,CF_970x90_內文上方第一塊_冰楓論壇-exchange,,,,951,0,0,951,847,104,89.06%,10.94%,0.00%,0.00%
20260127,09,冰楓科技有限公司,3485,冰楓論壇-exchange,18488,MW_320x100_內文上方第一塊_ 冰楓論壇-exchange,antifroud,,,84,0,0,84,68,16,80.95%,19.05%,0.00%,0.00%
20260127,09,冰楓科技有限公司,3485,冰楓論壇-exchange,18492,MW_300x250_Banner_ 冰楓論壇-exchange,,,,330,0,0,330,297,33,90.00%,10.00%,0.00%,0.00%
20260127,09,闇碼科技股份有限公司,3048,縮短網址產生器-reurl,18535,MW_蓋版_縮短網址產生器-reurl,,知名媒體,,19,0,0,19,19,0,100.00%,0.00%,0.00%,0.00%
20260127,09,CBROOT LTD,3492,包子漫畫(特開流量)-exchange,18557,CF_300x600_指定流量_包子漫畫(特開流量PB)-exchange,,,,171,0,0,171,146,25,85.38%,14.62%,0.00%,0.00%
20260127,09,CBROOT LTD,3510,包子漫畫_twmanga-exchange,18737,CF_970x90_Banner_ 包子漫畫_twmanga-exchange,,,,314,0,0,314,274,40,87.26%,12.74%,0.00%,0.00%
20260127,09,闇碼科技股份有限公司,2992,縮短網址產生器-reurl-exchange,18876,CF_首頁連結bar下方_縮短網址產生器-reurl-exchange,,知名媒體,,6,0,0,6,6,0,100.00%,0.00%,0.00%,0.00%
20260127,09,闇碼科技股份有限公司,2992,縮短網址產生器-reurl-exchange,18877,MW_首頁連結bar下方_縮短網址產生器-reurl-exchange,,知名媒體,,6,0,0,6,6,0,100.00%,0.00%,0.00%,0.00%
20260127,09,台灣英文新聞股份有限公司,3537,台灣英文新聞(new)-exchange,18924,CF_300x250_內容頁_右側看版_1_台灣英文新聞(new)-exchange,,知名媒體,,48,0,0,48,10,38,20.83%,79.17%,0.00%,0.00%
20260127,09,艾得基客行銷顧問股份有限公司,3490,太報,19043,MW_置底創意(展開)_太報,,知名媒體,,6,0,0,6,6,0,100.00%,0.00%,0.00%,0.00%
20260127,09,艾得基客行銷顧問股份有限公司,3552,玩具人,19044,MW_320x480_文中創意_玩具人,,知名媒體,,18,0,0,18,16,2,88.89%,11.11%,0.00%,0.00%
20260127,09,先驅媒體社會企業股份有限公司,3554,新頭殼(R18),19047,(子)CF_300x250Banner_newtalk.tw_content_300250_1_新頭殼(R18),,知名媒體,子聯播網,12,0,0,12,9,3,75.00%,25.00%,0.00%,0.00%
20260127,09,第一網站股份有限公司,2783,漫畫櫃manhuagui,20685,MW_300X250_manhuagui,antifroud,,,"4,456",0,0,"4,456","3,621",835,81.26%,18.74%,0.00%,0.00%
20260127,09,德榕企業有限公司,3578,TW Bodhi_mobile,20707,MW_置底創意_TW Bodhi,,,,36,0,0,36,36,0,100.00%,0.00%,0.00%,0.00%
20260127,09,德榕企業有限公司,3578,TW Bodhi_mobile,20708,MW_蓋板_TW Bodhi,,,,180,0,0,180,180,0,100.00%,0.00%,0.00%,0.00%
20260127,09,德榕企業有限公司,3581,忘憂書屋,20727,CF_336x280文章頁(RWD)_忘憂書屋,,,,46,0,0,46,46,0,100.00%,0.00%,0.00%,0.00%
20260127,09,德榕企業有限公司,3582,忘憂書屋_mobile,20728,MW_文中創意300x250_忘憂書屋,,,,102,0,0,102,102,0,100.00%,0.00%,0.00%,0.00%
20260127,09,德榕企業有限公司,3582,忘憂書屋_mobile,20730,MW_置底創意_忘憂書屋,,,,30,0,0,30,30,0,100.00%,0.00%,0.00%,0.00%
20260127,09,第一網站股份有限公司,2916,KiKiNote,20731,CF_300x250_banner_kikinote (PB),,知名媒體,,46,0,0,46,46,0,100.00%,0.00%,0.00%,0.00%
20260127,09,艾得基客行銷顧問股份有限公司,3490,太報,21317,MW_蓋版_太報,,知名媒體,,18,0,0,18,18,0,100.00%,0.00%,0.00%,0.00%
20260127,09,第一網站股份有限公司,2768,czbooks,21412,(子)CF_970x250_banner_czbooks(限時段)-PB,,,子聯播網,"2,011",0,0,"2,011","1,112",899,55.30%,44.70%,0.00%,0.00%
20260127,09,第一網站股份有限公司,3440,fsa_passback_first,21699,CF_336x280_fsa_passback_first,,,,"1,121",0,0,"1,121",834,287,74.40%,25.60%,0.00%,0.00%
20260127,09,富盈數據股份有限公司,3653,TVBS-女人我最大_HB,21759,CF_文章右側300x600_TVBS-女人我最大_HB,,知名媒體,,6,0,0,6,6,0,100.00%,0.00%,0.00%,0.00%
20260127,09,富盈數據股份有限公司,3653,TVBS-女人我最大_HB,21760,MW_文章三_336x280_TVBS-女人我最大_HB,,知名媒體,,42,0,0,42,42,0,100.00%,0.00%,0.00%,0.00%
20260127,09,富盈數據股份有限公司,3653,TVBS-女人我最大_HB,21761,MW_文章四_336x280_TVBS-女人我最大_HB,,知名媒體,,672,0,0,672,663,9,98.66%,1.34%,0.00%,0.00%
20260127,09,富盈數據股份有限公司,3653,TVBS-女人我最大_HB,21762,MW_文章置底_320x100_TVBS-女人我最大_HB,,知名媒體,,200,0,0,200,197,3,98.50%,1.50%,0.00%,0.00%
20260127,09,富盈數據股份有限公司,3653,TVBS-女人我最大_HB,21763,MW_文中創意320x480_TVBS-女人我最大_HB,,知名媒體,,650,0,0,650,642,8,98.77%,1.23%,0.00%,0.00%
20260127,09,富盈數據股份有限公司,3654,TVBS-健康2.0_HB,21764,CF_文章右側300x600_TVBS-健康2.0_HB,,知名媒體,,20,0,0,20,20,0,100.00%,0.00%,0.00%,0.00%
20260127,09,富盈數據股份有限公司,3654,TVBS-健康2.0_HB,21765,MW_文章三_336x280_TVBS-健康2.0_HB,,知名媒體,,147,0,0,147,142,5,96.60%,3.40%,0.00%,0.00%
20260127,09,富盈數據股份有限公司,3654,TVBS-健康2.0_HB,21767,MW_文章置底_320x100_TVBS-健康2.0_HB,,知名媒體,,6,0,0,6,6,0,100.00%,0.00%,0.00%,0.00%
20260127,09,富盈數據股份有限公司,3654,TVBS-健康2.0_HB,21768,MW_文中創意320x480_TVBS-健康2.0_HB,,知名媒體,,"3,404",0,0,"3,404","3,145",259,92.39%,7.61%,0.00%,0.00%
20260127,09,富盈數據股份有限公司,3655,TVBS-食尚玩家_HB,21770,MW_文章三_336x280_TVBS-食尚玩家_HB,,知名媒體,,"1,134",0,0,"1,134","1,098",36,96.83%,3.17%,0.00%,0.00%
20260127,09,富盈數據股份有限公司,3655,TVBS-食尚玩家_HB,21771,MW_文章四_336x280_TVBS-食尚玩家_HB,,知名媒體,,18,0,0,18,18,0,100.00%,0.00%,0.00%,0.00%
20260127,09,富盈數據股份有限公司,3655,TVBS-食尚玩家_HB,21773,MW_文中創意320x480_TVBS-食尚玩家_HB,,知名媒體,,63,0,0,63,58,5,92.06%,7.94%,0.00%,0.00%
20260127,09,富盈數據股份有限公司,3654,TVBS-健康2.0_HB,21812,MW_文章一_336x280_TVBS-健康2.0_HB,,知名媒體,,788,0,0,788,708,80,89.85%,10.15%,0.00%,0.00%
20260127,09,先驅媒體社會企業股份有限公司,3554,新頭殼(R18),21830,(子)CF_300x250Banner_newtalk.tw_all_300250_1_新頭殼(R18),antifroud,知名媒體,子聯播網,6,0,0,6,6,0,100.00%,0.00%,0.00%,0.00%
20260127,09,儂儂雜誌社股份有限公司(bella儂儂),2135,Bella儂儂_2024,21876,MW-300x250_文章標題上方1_Bella儂儂,,知名媒體,,204,0,0,204,192,12,94.12%,5.88%,0.00%,0.00%
20260127,09,富盈數據股份有限公司,3680,TVBS-新聞網_HB,21898,CF_文章右側300x600_TVBS-新聞網_HB,,知名媒體,,8,0,0,8,8,0,100.00%,0.00%,0.00%,0.00%
20260127,09,富盈數據股份有限公司,3680,TVBS-新聞網_HB,21899,MW_文章一_336x280_TVBS-新聞網_HB,,知名媒體,,"4,366",0,0,"4,366","4,186",180,95.88%,4.12%,0.00%,0.00%
20260127,09,富盈數據股份有限公司,3680,TVBS-新聞網_HB,21900,MW_文章三_336x280_TVBS-新聞網_HB,,知名媒體,,461,0,0,461,455,6,98.70%,1.30%,0.00%,0.00%
20260127,09,富盈數據股份有限公司,3680,TVBS-新聞網_HB,21901,MW_文章四_336x280_TVBS-新聞網_HB,,知名媒體,,6,0,0,6,6,0,100.00%,0.00%,0.00%,0.00%
20260127,09,富盈數據股份有限公司,3680,TVBS-新聞網_HB,21902,MW_文章置底_320x100_TVBS-新聞網_HB,,知名媒體,,"3,324",0,0,"3,324","3,176",148,95.55%,4.45%,0.00%,0.00%
20260127,09,聯合線上股份有限公司,3679,噓新聞,21903,PC_300x250_首頁及內文頁_噓新聞,,知名媒體,,12,0,0,12,12,0,100.00%,0.00%,0.00%,0.00%
20260127,09,富盈數據股份有限公司,3685,玩桌遊_mobile,21924,MW_置底創意(非展開)_玩桌遊-mobile,,,,56,0,0,56,44,12,78.57%,21.43%,0.00%,0.00%
20260127,09,富盈數據股份有限公司,2615,熱血台中,21986,CF_336x280_全網_熱血台中,,,,64,0,0,64,60,4,93.75%,6.25%,0.00%,0.00%
20260127,09,富盈數據股份有限公司,2615,熱血台中,21987,CF_336x280_全網_熱血台中,,,,108,0,0,108,105,3,97.22%,2.78%,0.00%,0.00%
20260127,09,富盈數據股份有限公司,3704,天天要聞,22030,CF_300 x 250 banner_天天要聞_cpc2,,,,"1,294",0,0,"1,294",644,650,49.77%,50.23%,0.00%,0.00%
20260127,09,富盈數據股份有限公司,3703,繁體小說,22031,CF_300 x 250 banner_繁體小說_cpc2,,,,290,0,0,290,232,58,80.00%,20.00%,0.00%,0.00%
20260127,09,冠妍動力科技有限公司,484,小老婆汽機車資訊網,22058,MW_文中創意320x480_小老婆汽機車資訊網-測試,,知名媒體,,6,0,0,6,3,3,50.00%,50.00%,0.00%,0.00%
20260127,09,富盈數據股份有限公司,3680,TVBS-新聞網_HB,22131,CF_文中300x250_TVBS-新聞網_HB_1,,知名媒體,,6,0,0,6,6,0,100.00%,0.00%,0.00%,0.00%
20260127,09,富盈數據股份有限公司,3680,TVBS-新聞網_HB,22132,CF_文中300x250_TVBS-新聞網_HB_2,,知名媒體,,68,0,0,68,67,1,98.53%,1.47%,0.00%,0.00%
20260127,09,富盈數據股份有限公司,3680,TVBS-新聞網_HB,22133,CF_文中300x250_TVBS-新聞網_HB_3,,知名媒體,,118,0,0,118,115,3,97.46%,2.54%,0.00%,0.00%
20260127,09,富盈數據股份有限公司,3730,Teepr 亮新聞 HB,22145,MW_336x280_文中創意_Teepr亮新聞 HB,,,,6,0,0,6,5,1,83.33%,16.67%,0.00%,0.00%
20260127,09,冰楓科技有限公司,3485,冰楓論壇-exchange,22160,CF_300x250_Banner2_ 冰楓論壇-exchange,,,,6,0,0,6,6,0,100.00%,0.00%,0.00%,0.00%
20260127,09,闇碼科技股份有限公司,3048,縮短網址產生器-reurl,22213,MW_蓋版_縮短網址產生器-reurl-2025.05(特殊供量),,知名媒體,,"1,054",0,0,"1,054",131,923,12.43%,87.57%,0.00%,0.00%
20260127,09,艾得基客行銷顧問股份有限公司,2689,Basketball Top5,22219,MW_置底(展開)_Basketball TOP5,,,,432,0,0,432,430,2,99.54%,0.46%,0.00%,0.00%
20260127,09,欣發現股份有限公司,3363,大人物-mobile,22222,MW_蓋板_大人物,,知名媒體,,403,0,0,403,345,58,85.61%,14.39%,0.00%,0.00%
20260127,09,艾得基客行銷顧問股份有限公司,3738,痞客邦,22223,MW_中繼頁_置底創意(展開)-痞客邦_Mobile,,知名媒體,,6,0,0,6,5,1,83.33%,16.67%,0.00%,0.00%
20260127,09,朱光宁,3741,石頭小說3,22396,MW_置底_石頭小說3,,,,98,0,0,98,58,40,59.18%,40.82%,0.00%,0.00%
20260127,09,朱光宁,3741,石頭小說3,22398,CF_336 x 280 banner_石頭小說3_cpc1.67,,,,"1,454",0,0,"1,452",792,660,54.55%,45.45%,0.00%,0.00%
20260127,09,朱光宁,3741,石頭小說3,22399,CF_320 x 480 橫幅_石頭小說3,,,,18,0,0,18,12,6,66.67%,33.33%,0.00%,0.00%
20260127,09,闇碼科技股份有限公司,3068,限時圖片-imgus,22406,MW_置底_imgus,antifroud,,,32,0,0,32,32,0,100.00%,0.00%,0.00%,0.00%
20260127,09,第一網站股份有限公司,2783,漫畫櫃manhuagui,22443,MW_置底_manhuagui,antifroud,,,"17,139",0,0,"17,139","15,640","1,499",91.25%,8.75%,0.00%,0.00%
20260127,09,艾得基客行銷顧問股份有限公司,3490,太報,22495,MW_300x250 BANNER_太報_CPM5,,知名媒體,子聯播網,12,0,0,12,12,0,100.00%,0.00%,0.00%,0.00%
20260127,09,艾得基客行銷顧問股份有限公司,2689,Basketball Top5,22498,MW_300x250 Banner_Basketball TOP5_CPM5,,,子聯播網,"1,047",0,0,"1,047","1,040",7,99.33%,0.67%,0.00%,0.00%
20260127,09,艾得基客行銷顧問股份有限公司,2578,鉅亨網,22507,MW_300x250_鉅亨網_直播用BN-1,,知名媒體,子聯播網,849,0,0,849,825,24,97.17%,2.83%,0.00%,0.00%
20260127,09,艾得基客行銷顧問股份有限公司,3752,ＭoneyDJ,22514,MW_文中創意320x480_MoneyDJ,antifroud,知名媒體,,88,0,0,88,77,11,87.50%,12.50%,0.00%,0.00%
20260127,09,艾得基客行銷顧問股份有限公司,2084,經濟日報,22517,MW_置底創意(非展開)_經濟日報,,知名媒體,,6,0,0,6,5,1,83.33%,16.67%,0.00%,0.00%
20260127,09,李承翰-webptt,718,Web批踢踢(RWD),2284,MW-蓋板_文中_Web批踢踢,antifroud,,,25,0,0,25,19,6,76.00%,24.00%,0.00%,0.00%
20260127,09,麥智維,999,動漫戲說,3543,CF-728*90-內文上方-動漫戲說,antifroud,,,447,0,0,447,308,139,68.90%,31.10%,0.00%,0.00%
20260127,09,肖偉彬,1287,紅櫻桃小說書庫,4678,CF-內文上方-300*250-紅櫻桃小說書庫,,,,20,0,0,20,15,5,75.00%,25.00%,0.00%,0.00%
20260127,09,肖偉彬,1287,紅櫻桃小說書庫,4717,MW_文中創意300x250_紅櫻桃小說書庫,,,,6,0,0,6,4,2,66.67%,33.33%,0.00%,0.00%
20260127,09,技達創意資訊有限公司,1299,泰好網,4733,CF-300*250-內文下方-泰好網,,,,6,0,0,6,6,0,100.00%,0.00%,0.00%,0.00%
20260127,09,陈晋福,1367,電視超人,4997,CF-300X250-電視超人,,,,6,0,0,6,3,3,50.00%,50.00%,0.00%,0.00%
20260127,09,台灣時報社股份有限公司,1665,台灣時報電子報,6263,CF-300X600-右側通欄-台灣時報電子報,,,,6,0,0,6,6,0,100.00%,0.00%,0.00%,0.00%
20260127,09,精鏡傳媒股份有限公司,1060,鏡週刊,8246,MW_文中創意320x480_鏡週刊,,知名媒體,,6,0,0,6,6,0,100.00%,0.00%,0.00%,0.00%
20260127,09,精鏡傳媒股份有限公司,1060,鏡週刊,8250,MW_置底創意(非展開)_鏡週刊,,知名媒體,,12,0,0,12,12,0,100.00%,0.00%,0.00%,0.00%
20260127,09,巧克科技新媒體股份有限公司,2127,LINE TV_Banner-exchange,8576,CF_336x280_戲劇-右側好康資訊下方_LINE TV-exchange,,知名媒體,,45,0,0,45,42,3,93.33%,6.67%,0.00%,0.00%
20260127,09,巧克科技新媒體股份有限公司,2127,LINE TV_Banner-exchange,8577,CF_336x280_戲劇-右側好康資訊上方_LINE TV-exchange,,知名媒體,,90,0,0,90,79,11,87.78%,12.22%,0.00%,0.00%
20260127,09,鳳梨傳媒股份有限公司,2190,民視新聞網-Exchange,8862,CF_970X90_分類新聞內頁上方_民視新聞(MCM),,知名媒體,,12,0,0,12,10,2,83.33%,16.67%,0.00%,0.00%
20260127,09,時報資訊股份有限公司,2335,中時電子報_2019,9887,MW-置底創意(非展開)中時電子報_2019,,知名媒體,,"3,320",0,0,"3,320","3,222",98,97.05%,2.95%,0.00%,0.00%
20260127,10,英屬維京群島商浩美數位有限公司台灣分公司,2315,Teepr亮新聞-exchange,10012,CF_336x280Banner_Teepr亮新聞-exchange,,知名媒體,,746,0,0,746,714,32,95.71%,4.29%,0.00%,0.00%
20260127,10,第一網站股份有限公司,2235,線上英漢字典(cdict),10549,CF_300x250_cdict,,,,6,0,0,6,4,2,66.67%,33.33%,0.00%,0.00%
20260127,10,昱得資訊工作室,2528,數位書香,11080,CF_728x90_首頁上方_數位書香,antifroud,,,8,0,0,8,0,8,0.00%,100.00%,0.00%,0.00%
20260127,10,昱得資訊工作室,2528,數位書香,11081,CF_160x600_首頁右側_數位書香,antifroud,,,111,0,0,111,100,11,90.09%,9.91%,0.00%,0.00%
20260127,10,第一網站股份有限公司,2518,麻辣家族討論區(twbts),11082,CF-728X90-twbts,antifroud,,,"1,344",0,0,"1,344","1,331",13,99.03%,0.97%,0.00%,0.00%
20260127,10,第一網站股份有限公司,2540,risu短網址,11260,MW-300X250-MB_page_left-risu,,知名媒體,,"1,673",0,0,"1,673","1,651",22,98.68%,1.32%,0.00%,0.00%
20260127,10,第一網站股份有限公司,2492,ttshow,11273,MW-300X250-ttshow,,知名媒體,,18,0,0,18,17,1,94.44%,5.56%,0.00%,0.00%
20260127,10,第一網站股份有限公司,2601,Meme梗圖倉庫,11443,CF-336X280-meme,,,,"1,331",0,0,"1,331","1,226",105,92.11%,7.89%,0.00%,0.00%
20260127,10,第一網站股份有限公司,2540,risu短網址,11978,MW_變形蓋版_risu短網址,,知名媒體,,12,0,0,12,12,0,100.00%,0.00%,0.00%,0.00%
20260127,10,第一網站股份有限公司,2540,risu短網址,11979,MW_置底創意_risu短網址(IOS),,知名媒體,,12,0,0,12,12,0,100.00%,0.00%,0.00%,0.00%
20260127,10,艾得基客行銷顧問股份有限公司,2578,鉅亨網,12070,MW_320x480_文中創意_鉅亨網,,知名媒體,,"9,402",0,0,"9,402","9,156",246,97.38%,2.62%,0.00%,0.00%
20260127,10,時報資訊股份有限公司,2770,中時電子報_HB,12559,CF_300x250_右側互動看版_中時電子報_HB,,知名媒體,,"1,856",0,0,"1,856","1,600",256,86.21%,13.79%,0.00%,0.00%
20260127,10,時報資訊股份有限公司,2770,中時電子報_HB,12560,CF_336x280_文中看板_中時電子報_HB,,知名媒體,,"1,796",0,0,"1,796","1,549",247,86.25%,13.75%,0.00%,0.00%
20260127,10,時報資訊股份有限公司,2770,中時電子報_HB,12561,MW_300x250_內頁TOP Banner_中時電子報_HB,antifroud,知名媒體,,"8,461",0,0,"8,461","8,012",449,94.69%,5.31%,0.00%,0.00%
20260127,10,第一網站股份有限公司,2768,czbooks,12570,CF_728x90_banner_czbooks,,,,"3,046",0,0,"3,046","2,202",844,72.29%,27.71%,0.00%,0.00%
20260127,10,第一網站股份有限公司,2768,czbooks,12571,CF-300x600_Banner_czbooks,,,,"1,283",0,0,"1,283",700,583,54.56%,45.44%,0.00%,0.00%
20260127,10,鳳梨傳媒股份有限公司,2190,民視新聞網-Exchange,12579,CF_300x250_右側第一塊_民視新聞網-Exchange(RWD)(MCM),,知名媒體,,887,0,0,887,852,35,96.05%,3.95%,0.00%,0.00%
20260127,10,鳳梨傳媒股份有限公司,2190,民視新聞網-Exchange,12580,CF_300x250_內文文中左側_民視新聞網-Exchange(RWD)(MCM),,知名媒體,,982,0,0,982,904,78,92.06%,7.94%,0.00%,0.00%
20260127,10,第一網站股份有限公司,2783,漫畫櫃manhuagui,12676,CF_728X90_manhuagui,antifroud,,,"35,795",0,0,"35,795","28,237","7,558",78.89%,21.11%,0.00%,0.00%
20260127,10,艾得基客行銷顧問股份有限公司,2635,工商時報,12761,MW_320x480_文中創意_工商時報new,,知名媒體,,66,0,0,66,61,5,92.42%,7.58%,0.00%,0.00%
20260127,10,第一網站股份有限公司,2801,damanwoo,12868,CF-300x250_Banner_damanwoo_大人物,,,,166,0,0,166,160,6,96.39%,3.61%,0.00%,0.00%
20260127,10,第一網站股份有限公司,2820,星座好朋友(horofriend88),12966,MW_320x100_horofriend88,antifroud,,,18,0,0,18,18,0,100.00%,0.00%,0.00%,0.00%
20260127,10,第一網站股份有限公司,2836,vivi01,13032,MW_置底創意_vivi01 ViVi視頻,,,,6,0,0,6,6,0,100.00%,0.00%,0.00%,0.00%
20260127,10,第一網站股份有限公司,2838,mycard,13041,MW_320x480_加倍mycard,,,,58,0,0,58,0,58,0.00%,100.00%,0.00%,0.00%
20260127,10,第一網站股份有限公司,2862,Manhuaren,13254,MW_320x100_banner_manhuaren,,,,6,0,0,6,6,0,100.00%,0.00%,0.00%,0.00%
20260127,10,和運租車股份有限公司,2878,abc好車網,13368,CF_970x90_物件頁下方_abc好車網,,知名媒體,,6,0,0,6,3,3,50.00%,50.00%,0.00%,0.00%
20260127,10,曾憲敏,202,85小說網,13445,MW_336X280_全量1_85小說網,,,,259,0,0,259,194,65,74.90%,25.10%,0.00%,0.00%
20260127,10,曾憲敏,202,85小說網,13446,MW_336X280_全量2_85小說網,,,,"1,879",0,0,"1,879","1,430",449,76.10%,23.90%,0.00%,0.00%
20260127,10,第一網站股份有限公司,2768,czbooks,13481,MW_300x250_banner_czbooks,antifroud,,子聯播網,"40,980",0,0,"40,980","23,348","17,632",56.97%,43.03%,0.00%,0.00%
20260127,10,第一網站股份有限公司,2768,czbooks,13482,(子)CF_300x600_banner_czbooks(限時段),,,子聯播網,132,0,0,132,90,42,68.18%,31.82%,0.00%,0.00%
20260127,10,第一網站股份有限公司,2768,czbooks,13483,(子)CF_970x250_banner_czbooks(限時段),,,子聯播網,186,0,0,186,114,72,61.29%,38.71%,0.00%,0.00%
20260127,10,第一網站股份有限公司,2910,clickme,13548,(子)CF_300x250_banner_clickme(一般),,,子聯播網,325,0,0,325,244,81,75.08%,24.92%,0.00%,0.00%
20260127,10,第一網站股份有限公司,2910,clickme,13549,CF_300x250_banner_clickme(一般),,,,693,0,0,693,558,135,80.52%,19.48%,0.00%,0.00%
20260127,10,第一網站股份有限公司,2916,KiKiNote,13576,(子)CF_300x250_banner_kikinote,,知名媒體,子聯播網,"1,016",0,0,"1,016",951,65,93.60%,6.40%,0.00%,0.00%
20260127,10,闇碼科技股份有限公司,2992,縮短網址產生器-reurl-exchange,13848,CF_300x250_轉址失敗_最右邊_reurl,,知名媒體,,26,0,0,26,5,21,19.23%,80.77%,0.00%,0.00%
20260127,10,闇碼科技股份有限公司,2992,縮短網址產生器-reurl-exchange,13856,CF_300x250_轉址失敗頁第二塊_reurl,,知名媒體,,16,0,0,16,0,16,0.00%,100.00%,0.00%,0.00%
20260127,10,闇碼科技股份有限公司,2992,縮短網址產生器-reurl-exchange,13861,CF_300x250_網址下方右側(PB)_reurl,,知名媒體,,8,0,0,8,8,0,100.00%,0.00%,0.00%,0.00%
20260127,10,第一網站股份有限公司,2768,czbooks,13903,(子)CF_300x250_banner_czbooks(直播),antifroud,,子聯播網,"5,376",0,0,"5,376","3,234","2,142",60.16%,39.84%,0.00%,0.00%
20260127,10,第一網站股份有限公司,2768,czbooks,14036,MW_320x480_CZBOOKS,antifroud,,,130,0,0,130,70,60,53.85%,46.15%,0.00%,0.00%
20260127,10,陳人鳳,480,飛格寵物家族_PC,1407,CF-728X90_上方通欄_飛格寵物家族,,,,19,0,0,19,13,6,68.42%,31.58%,0.00%,0.00%
20260127,10,陳人鳳,480,飛格寵物家族_PC,1408,CF-300X250_內文_飛格寵物家族,,,,62,0,0,62,36,26,58.06%,41.94%,0.00%,0.00%
20260127,10,飛凡傳播股份有限公司,1921,非凡新聞台-exchange,14188,MW_300x250_內文上方_非凡新聞-exchange,antifroud,知名媒體,,18,0,0,18,0,18,0.00%,100.00%,0.00%,0.00%
20260127,10,闇碼科技股份有限公司,3048,縮短網址產生器-reurl,14210,MW_文中創意300x250_縮短網址產生器-reurl,,知名媒體,,379,0,0,379,159,220,41.95%,58.05%,0.00%,0.00%
20260127,10,巨思文化股份有限公司,3052,經理人_HB,14238,MW_文章結束第一塊_300x250_經理人-HB,,知名媒體,,18,0,0,18,16,2,88.89%,11.11%,0.00%,0.00%
20260127,10,巨思文化股份有限公司,3052,經理人_HB,14241,MW_300x250_內文下方_經理人-HB,,知名媒體,,18,0,0,18,16,2,88.89%,11.11%,0.00%,0.00%
20260127,10,巨思文化股份有限公司,3053,數位時代_HB,14242,CF_300x250_內文下方左側_數位時代-HB,,知名媒體,,32,0,0,32,30,2,93.75%,6.25%,0.00%,0.00%
20260127,10,巨思文化股份有限公司,3053,數位時代_HB,14243,CF_300x250_內文下方右側_數位時代-HB,,知名媒體,,32,0,0,32,30,2,93.75%,6.25%,0.00%,0.00%
20260127,10,巨思文化股份有限公司,3053,數位時代_HB,14244,MW_300x250_文中第四塊_數位時代-HB,,知名媒體,,6,0,0,6,6,0,100.00%,0.00%,0.00%,0.00%
20260127,10,巨思文化股份有限公司,3053,數位時代_HB,14246,MW_300x250_文章結束第一塊_數位時代-HB,,知名媒體,,14,0,0,14,14,0,100.00%,0.00%,0.00%,0.00%
20260127,10,富盈數據股份有限公司,3059,塔科女子,14258,CF_336x280_全網_塔科女子,,知名媒體,,131,0,0,131,127,4,96.95%,3.05%,0.00%,0.00%
20260127,10,CBROOT LTD,3003,包子漫畫-exchange,14291,MW_300x250_蓋板(PB)_包子漫畫,,,,291,0,0,291,241,50,82.82%,17.18%,0.00%,0.00%
20260127,10,朱光宁,3152,石頭小說-exchange,14472,MW_336x280_Banner_石頭小說,,,,"2,841",0,0,"2,841","1,731","1,110",60.93%,39.07%,0.00%,0.00%
20260127,10,朱光宁,3149,稷下書院-exchange,14748,MW_320x100_置底(PB)_稷下書院,,,,"21,118",0,0,"21,118","10,743","10,375",50.87%,49.13%,0.00%,0.00%
20260127,10,巨思文化股份有限公司,3053,數位時代_HB,14764,MW_置底創意_(非展開)_數位時代_HB,,知名媒體,,260,0,0,260,250,10,96.15%,3.85%,0.00%,0.00%
20260127,10,中天電視股份有限公司,3282,中天新聞網-exchange,14980,CF_970x250_內頁_PC置頂橫幅-中天新聞網-exchange,,知名媒體,,24,0,0,24,19,5,79.17%,20.83%,0.00%,0.00%
20260127,10,曾憲敏,3327,85小說網_創意,15227,MW-300X250_85小說網_隨身影音PB,,,,12,0,0,12,9,3,75.00%,25.00%,0.00%,0.00%
20260127,10,曾憲敏,3327,85小說網_創意,15228,MW-創意-85小說網,,,,387,0,0,387,280,107,72.35%,27.65%,0.00%,0.00%
20260127,10,和運租車股份有限公司,2878,abc好車網,15249,CF_300x250_搜尋頁右側_abc好車網,,知名媒體,,6,0,0,6,5,1,83.33%,16.67%,0.00%,0.00%
20260127,10,千晶文化事業股份有限公司,3336,Beauty 美人圈,15254,MW_置底創意(非展開)_ Beauty 美人圈,,知名媒體,,"1,141",0,0,"1,141","1,130",11,99.04%,0.96%,0.00%,0.00%
20260127,10,中天電視股份有限公司,3282,中天新聞網-exchange,15859,CF_336x280_內頁_PC右側互動看板B-中天新聞網-exchange,,知名媒體,,280,0,0,280,253,27,90.36%,9.64%,0.00%,0.00%
20260127,10,CBROOT LTD,3352,西瓜卡通-exchange,15970,CF_160x600_影音內容_西瓜卡通-exchange,,,,120,0,0,120,107,13,89.17%,10.83%,0.00%,0.00%
20260127,10,時報資訊股份有限公司,2817,旺得富,16908,CF_970x250_MiddleBanner_旺得富,,知名媒體,,6,0,0,6,4,2,66.67%,33.33%,0.00%,0.00%
20260127,10,時報資訊股份有限公司,2817,旺得富,16911,CF_300x250_Billboard_2nd_旺得富,,知名媒體,,20,0,0,20,20,0,100.00%,0.00%,0.00%,0.00%
20260127,10,朱光宁,3360,提莫書屋-exchange,16957,MW_336x280banner_提莫書屋_exchange,,,,"14,252",0,0,"14,249","10,215","4,034",71.69%,28.31%,0.00%,0.00%
20260127,10,朱光宁,3361,提莫書屋-mobile,16958,MW_置底創意_提莫書屋-mobile,,,,24,0,0,24,12,12,50.00%,50.00%,0.00%,0.00%
20260127,10,朱光宁,3361,提莫書屋-mobile,16959,MW_320x480_文中創意_提莫書屋-mobile,,,,36,0,0,36,30,6,83.33%,16.67%,0.00%,0.00%
20260127,10,欣發現股份有限公司,3365,Hami任務牆-mobile,16969,MW_置底創意_Hami任務牆,,知名媒體,,366,0,0,366,319,47,87.16%,12.84%,0.00%,0.00%
20260127,10,欣發現股份有限公司,3364,女子學-mobile,16972,MW_置底創意_女子學,antifroud,,,601,0,0,601,582,19,96.84%,3.16%,0.00%,0.00%
20260127,10,欣發現股份有限公司,3363,大人物-mobile,16973,MW_置底創意_大人物,,知名媒體,,174,0,0,174,139,35,79.89%,20.11%,0.00%,0.00%
20260127,10,欣發現股份有限公司,3362,妞新聞-mobile,16974,MW_置底創意_妞新聞,,知名媒體,,6,0,0,6,6,0,100.00%,0.00%,0.00%,0.00%
20260127,10,第一網站股份有限公司,2783,漫畫櫃manhuagui,17027,MW_320x480_蓋版_漫畫櫃manhuagui,,,,536,0,0,536,482,54,89.93%,10.07%,0.00%,0.00%
20260127,10,艾得基客行銷顧問股份有限公司,3373,良醫健康網,17092,MW_置底創意_良醫健康網,,知名媒體,,140,0,0,140,127,13,90.71%,9.29%,0.00%,0.00%
20260127,10,詠勝科技有限公司,3385,Mobile01_HB,17174,CF_970x250_超級橫幅_置底_Mobile01_HB,,知名媒體,,6,0,0,6,6,0,100.00%,0.00%,0.00%,0.00%
20260127,10,詠勝科技有限公司,3385,Mobile01_HB,17175,CF_970x90_橫幅Banner_Mobile01_HB,,知名媒體,,"1,516",0,0,"1,516",917,599,60.49%,39.51%,0.00%,0.00%
20260127,10,詠勝科技有限公司,3385,Mobile01_HB,17176,CF_728x90_內頁橫幅Banner_7F_Mobile01_HB,,知名媒體,,42,0,0,42,27,15,64.29%,35.71%,0.00%,0.00%
20260127,10,詠勝科技有限公司,3385,Mobile01_HB,17178,CF_300x250_頻道頁_大看板_Mobile01_HB,,知名媒體,,51,0,0,51,38,13,74.51%,25.49%,0.00%,0.00%
20260127,10,詠勝科技有限公司,3385,Mobile01_HB,17179,CF_300x250_熱門大看板_Mobile01_HB,,知名媒體,,"1,829",0,0,"1,829","1,108",721,60.58%,39.42%,0.00%,0.00%
20260127,10,詠勝科技有限公司,3385,Mobile01_HB,17180,CF_300x250_置底看板左_Mobile01_HB,,知名媒體,,703,0,0,703,482,221,68.56%,31.44%,0.00%,0.00%
20260127,10,詠勝科技有限公司,3385,Mobile01_HB,17181,CF_300x250_置底看板中_Mobile01_HB,,知名媒體,,692,0,0,692,473,219,68.35%,31.65%,0.00%,0.00%
20260127,10,詠勝科技有限公司,3385,Mobile01_HB,17182,CF_300x250_置底看板右_Mobile01_HB,,知名媒體,,6,0,0,6,3,3,50.00%,50.00%,0.00%,0.00%
20260127,10,詠勝科技有限公司,3385,Mobile01_HB,17183,CF_300x600_大摩天_Mobile01_HB,,知名媒體,,898,0,0,898,568,330,63.25%,36.75%,0.00%,0.00%
20260127,10,詠勝科技有限公司,3385,Mobile01_HB,17195,CF_300x600_特殊大摩天_Mobile01_HB,,知名媒體,,12,0,0,12,10,2,83.33%,16.67%,0.00%,0.00%
20260127,10,詠勝科技有限公司,3385,Mobile01_HB,17196,CF_160x600_門神_right_Mobile01_HB,,知名媒體,,299,0,0,299,172,127,57.53%,42.47%,0.00%,0.00%
20260127,10,詠勝科技有限公司,3385,Mobile01_HB,17197,CF_160x600_門神_left_Mobile01_HB,,知名媒體,,293,0,0,293,173,120,59.04%,40.96%,0.00%,0.00%
20260127,10,朱光宁,3268,稷下書院-mobile,17207,MW_320x480_蓋版_稷下書院-mobile,,,,"2,698",0,0,"2,698","1,595","1,103",59.12%,40.88%,0.00%,0.00%
20260127,10,李立娟,3395,vivi0視頻-exchange,17293,CF_336x280_Banner_vivi01視頻-exchange,antifroud,,,"38,088",0,0,"38,088","34,738","3,350",91.20%,8.80%,0.00%,0.00%
20260127,10,李立娟,3395,vivi0視頻-exchange,17294,MW_336x280_Banner_vivi01視頻-exchange,antifroud,,,"43,439",0,0,"43,439","40,179","3,260",92.50%,7.50%,0.00%,0.00%
20260127,10,李立娟,3395,vivi0視頻-exchange,17300,MW_320x100_置底(PB)_vivi01視頻-exchange,antifroud,,,"65,573",0,0,"65,573","61,355","4,218",93.57%,6.43%,0.00%,0.00%
20260127,10,李立娟,3397,趣聞圖說-exchange,17309,MW_336x280_文中Banner_趣聞圖說-exchange,,,,12,0,0,12,12,0,100.00%,0.00%,0.00%,0.00%
20260127,10,曾憲敏,601,85小說網_PC,1773,CF-300x250_85小說網_內文1,,,,24,0,0,24,16,8,66.67%,33.33%,0.00%,0.00%
20260127,10,李立娟,3396,趣聞圖說-Mobile,17923,MW_置底創意(展開)_趣聞圖說-Mobile,,,,12,0,0,12,12,0,100.00%,0.00%,0.00%,0.00%
20260127,10,第一網站股份有限公司,2768,czbooks,17927,MW_置底創意_czbook,,,,"9,367",0,0,"9,367","5,507","3,860",58.79%,41.21%,0.00%,0.00%
20260127,10,時報資訊股份有限公司_工商時報,3427,工商時報-exchange,18003,CF_300x250_互動看板2_工商時報-exchange,,知名媒體,,61,0,0,61,59,2,96.72%,3.28%,0.00%,0.00%
20260127,10,時報資訊股份有限公司_工商時報,3427,工商時報-exchange,18007,CF_336x280_文末右側看板_工商時報-exchange,,知名媒體,,68,0,0,68,56,12,82.35%,17.65%,0.00%,0.00%
20260127,10,時報資訊股份有限公司_工商時報,3427,工商時報-exchange,18008,CF_336x280_文末左側看板_工商時報-exchange,,知名媒體,,50,0,0,50,42,8,84.00%,16.00%,0.00%,0.00%
20260127,10,時報資訊股份有限公司_工商時報,3427,工商時報-exchange,18014,MW_300x250_文末Banner1_工商時報-exchange,,知名媒體,,132,0,0,132,128,4,96.97%,3.03%,0.00%,0.00%
20260127,10,時報資訊股份有限公司_工商時報,3427,工商時報-exchange,18015,MW_300x250_文末Banner2_工商時報-exchange,,知名媒體,,244,0,0,244,231,13,94.67%,5.33%,0.00%,0.00%
20260127,10,第一網站股份有限公司,3440,fsa_passback_first,18201,CF_336x280_fsa_passback_first,,,,"1,798",0,0,"1,798","1,176",622,65.41%,34.59%,0.00%,0.00%
20260127,10,第一網站股份有限公司,3440,fsa_passback_first,18202,CF_300x250_fsa_passback_first,,,,"2,949",0,0,"2,949","2,227",722,75.52%,24.48%,0.00%,0.00%
20260127,10,第一網站股份有限公司,3440,fsa_passback_first,18266,(子)CF_970x250_cfbanner_blog,,,子聯播網,917,0,0,917,908,9,99.02%,0.98%,0.00%,0.00%
20260127,10,朱光宁,3268,稷下書院-mobile,18297,MW_置底創意(展開)_稷下書院-mobile,,,,256,0,0,256,135,121,52.73%,47.27%,0.00%,0.00%
20260127,10,冰楓科技有限公司,3485,冰楓論壇-exchange,18487,CF_970x90_內文上方第一塊_冰楓論壇-exchange,,,,861,0,0,861,740,121,85.95%,14.05%,0.00%,0.00%
20260127,10,冰楓科技有限公司,3485,冰楓論壇-exchange,18488,MW_320x100_內文上方第一塊_ 冰楓論壇-exchange,antifroud,,,67,0,0,67,47,20,70.15%,29.85%,0.00%,0.00%
20260127,10,冰楓科技有限公司,3485,冰楓論壇-exchange,18492,MW_300x250_Banner_ 冰楓論壇-exchange,,,,348,0,0,348,303,45,87.07%,12.93%,0.00%,0.00%
20260127,10,闇碼科技股份有限公司,3048,縮短網址產生器-reurl,18535,MW_蓋版_縮短網址產生器-reurl,,知名媒體,,12,0,0,12,11,1,91.67%,8.33%,0.00%,0.00%
20260127,10,CBROOT LTD,3492,包子漫畫(特開流量)-exchange,18544,(子)CF_300x600_指定流量_包子漫畫(特開流量)-exchange,,,子聯播網,12,0,0,12,12,0,100.00%,0.00%,0.00%,0.00%
20260127,10,CBROOT LTD,3492,包子漫畫(特開流量)-exchange,18557,CF_300x600_指定流量_包子漫畫(特開流量PB)-exchange,,,,175,0,0,175,156,19,89.14%,10.86%,0.00%,0.00%
20260127,10,CBROOT LTD,3510,包子漫畫_twmanga-exchange,18732,MW_336x280_Banner_包子漫畫_twmanga,,,子聯播網,"15,592",0,0,"15,592","11,223","4,369",71.98%,28.02%,0.00%,0.00%
20260127,10,CBROOT LTD,3510,包子漫畫_twmanga-exchange,18737,CF_970x90_Banner_ 包子漫畫_twmanga-exchange,,,,334,0,0,334,295,39,88.32%,11.68%,0.00%,0.00%
20260127,10,闇碼科技股份有限公司,2992,縮短網址產生器-reurl-exchange,18876,CF_首頁連結bar下方_縮短網址產生器-reurl-exchange,,知名媒體,,6,0,0,6,6,0,100.00%,0.00%,0.00%,0.00%
20260127,10,闇碼科技股份有限公司,2992,縮短網址產生器-reurl-exchange,18877,MW_首頁連結bar下方_縮短網址產生器-reurl-exchange,,知名媒體,,6,0,0,6,6,0,100.00%,0.00%,0.00%,0.00%
20260127,10,舒禾驊,3535,荷花動漫筆記,18887,CF_336x280_文章頁文中_荷花動漫筆記,,,,22,0,0,22,19,3,86.36%,13.64%,0.00%,0.00%
20260127,10,台灣英文新聞股份有限公司,3537,台灣英文新聞(new)-exchange,18924,CF_300x250_內容頁_右側看版_1_台灣英文新聞(new)-exchange,,知名媒體,,67,0,0,67,38,29,56.72%,43.28%,0.00%,0.00%
20260127,10,艾得基客行銷顧問股份有限公司,3373,良醫健康網,19011,MW_320x480_文中創意_良醫健康網,,知名媒體,,6,0,0,6,5,1,83.33%,16.67%,0.00%,0.00%
20260127,10,聯合線上股份有限公司,3549,UDN元氣網,19018,CF_首頁文章推薦第三格300x250_UDN元氣網,,知名媒體,,18,0,0,18,17,1,94.44%,5.56%,0.00%,0.00%
20260127,10,艾得基客行銷顧問股份有限公司,3490,太報,19043,MW_置底創意(展開)_太報,,知名媒體,,32,0,0,32,30,2,93.75%,6.25%,0.00%,0.00%
20260127,10,艾得基客行銷顧問股份有限公司,3552,玩具人,19044,MW_320x480_文中創意_玩具人,,知名媒體,,18,0,0,18,18,0,100.00%,0.00%,0.00%,0.00%
20260127,10,先驅媒體社會企業股份有限公司,3554,新頭殼(R18),19047,(子)CF_300x250Banner_newtalk.tw_content_300250_1_新頭殼(R18),,知名媒體,子聯播網,6,0,0,6,5,1,83.33%,16.67%,0.00%,0.00%
20260127,10,第一網站股份有限公司,2783,漫畫櫃manhuagui,20685,MW_300X250_manhuagui,antifroud,,,"5,558",0,0,"5,558","4,634",924,83.38%,16.62%,0.00%,0.00%
20260127,10,德榕企業有限公司,3578,TW Bodhi_mobile,20707,MW_置底創意_TW Bodhi,,,,32,0,0,32,32,0,100.00%,0.00%,0.00%,0.00%
20260127,10,德榕企業有限公司,3578,TW Bodhi_mobile,20708,MW_蓋板_TW Bodhi,,,,200,0,0,200,198,2,99.00%,1.00%,0.00%,0.00%
20260127,10,德榕企業有限公司,3578,TW Bodhi_mobile,20719,MW_文中創意300x250_TW Bodhi,,,,6,0,0,6,6,0,100.00%,0.00%,0.00%,0.00%
20260127,10,德榕企業有限公司,3581,忘憂書屋,20727,CF_336x280文章頁(RWD)_忘憂書屋,,,,78,0,0,78,78,0,100.00%,0.00%,0.00%,0.00%
20260127,10,德榕企業有限公司,3582,忘憂書屋_mobile,20728,MW_文中創意300x250_忘憂書屋,,,,67,0,0,67,67,0,100.00%,0.00%,0.00%,0.00%
20260127,10,德榕企業有限公司,3582,忘憂書屋_mobile,20729,MW_蓋板_忘憂書屋,,,,24,0,0,24,24,0,100.00%,0.00%,0.00%,0.00%
20260127,10,德榕企業有限公司,3582,忘憂書屋_mobile,20730,MW_置底創意_忘憂書屋,,,,18,0,0,18,18,0,100.00%,0.00%,0.00%,0.00%
20260127,10,第一網站股份有限公司,2916,KiKiNote,20731,CF_300x250_banner_kikinote (PB),,知名媒體,,207,0,0,207,191,16,92.27%,7.73%,0.00%,0.00%
20260127,10,第一網站股份有限公司,2910,clickme,20735,(子)CF_300x250_banner_clickme(成人),,,子聯播網,"2,546",0,0,"2,546","1,998",548,78.48%,21.52%,0.00%,0.00%
20260127,10,艾得基客行銷顧問股份有限公司,3490,太報,21317,MW_蓋版_太報,,知名媒體,,68,0,0,68,65,3,95.59%,4.41%,0.00%,0.00%
20260127,10,第一網站股份有限公司,2768,czbooks,21412,(子)CF_970x250_banner_czbooks(限時段)-PB,,,子聯播網,"2,007",0,0,"2,007","1,093",914,54.46%,45.54%,0.00%,0.00%
20260127,10,第一網站股份有限公司,3440,fsa_passback_first,21699,CF_336x280_fsa_passback_first,,,,"2,495",0,0,"2,495","1,929",566,77.31%,22.69%,0.00%,0.00%
20260127,10,富盈數據股份有限公司,3653,TVBS-女人我最大_HB,21760,MW_文章三_336x280_TVBS-女人我最大_HB,,知名媒體,,43,0,0,43,43,0,100.00%,0.00%,0.00%,0.00%
20260127,10,富盈數據股份有限公司,3653,TVBS-女人我最大_HB,21761,MW_文章四_336x280_TVBS-女人我最大_HB,,知名媒體,,472,0,0,472,463,9,98.09%,1.91%,0.00%,0.00%
20260127,10,富盈數據股份有限公司,3653,TVBS-女人我最大_HB,21762,MW_文章置底_320x100_TVBS-女人我最大_HB,,知名媒體,,173,0,0,173,169,4,97.69%,2.31%,0.00%,0.00%
20260127,10,富盈數據股份有限公司,3653,TVBS-女人我最大_HB,21763,MW_文中創意320x480_TVBS-女人我最大_HB,,知名媒體,,599,0,0,599,597,2,99.67%,0.33%,0.00%,0.00%
20260127,10,富盈數據股份有限公司,3654,TVBS-健康2.0_HB,21764,CF_文章右側300x600_TVBS-健康2.0_HB,,知名媒體,,12,0,0,12,12,0,100.00%,0.00%,0.00%,0.00%
20260127,10,富盈數據股份有限公司,3654,TVBS-健康2.0_HB,21765,MW_文章三_336x280_TVBS-健康2.0_HB,,知名媒體,,169,0,0,169,167,2,98.82%,1.18%,0.00%,0.00%
20260127,10,富盈數據股份有限公司,3654,TVBS-健康2.0_HB,21767,MW_文章置底_320x100_TVBS-健康2.0_HB,,知名媒體,,115,0,0,115,105,10,91.30%,8.70%,0.00%,0.00%
20260127,10,富盈數據股份有限公司,3654,TVBS-健康2.0_HB,21768,MW_文中創意320x480_TVBS-健康2.0_HB,,知名媒體,,"3,641",0,0,"3,641","3,453",188,94.84%,5.16%,0.00%,0.00%
20260127,10,富盈數據股份有限公司,3655,TVBS-食尚玩家_HB,21770,MW_文章三_336x280_TVBS-食尚玩家_HB,,知名媒體,,"1,051",0,0,"1,051","1,016",35,96.67%,3.33%,0.00%,0.00%
20260127,10,富盈數據股份有限公司,3655,TVBS-食尚玩家_HB,21771,MW_文章四_336x280_TVBS-食尚玩家_HB,,知名媒體,,48,0,0,48,45,3,93.75%,6.25%,0.00%,0.00%
20260127,10,富盈數據股份有限公司,3655,TVBS-食尚玩家_HB,21773,MW_文中創意320x480_TVBS-食尚玩家_HB,,知名媒體,,62,0,0,62,59,3,95.16%,4.84%,0.00%,0.00%
20260127,10,寶利拾股份有限公司,3652,愛料理_HB,21781,MW_置底創意(非展開)_愛料理_HB,,知名媒體,,6,0,0,6,5,1,83.33%,16.67%,0.00%,0.00%
20260127,10,富盈數據股份有限公司,3654,TVBS-健康2.0_HB,21812,MW_文章一_336x280_TVBS-健康2.0_HB,,知名媒體,,687,0,0,687,634,53,92.29%,7.71%,0.00%,0.00%
20260127,10,儂儂雜誌社股份有限公司(bella儂儂),2135,Bella儂儂_2024,21876,MW-300x250_文章標題上方1_Bella儂儂,,知名媒體,,136,0,0,136,127,9,93.38%,6.62%,0.00%,0.00%
20260127,10,富盈數據股份有限公司,3680,TVBS-新聞網_HB,21898,CF_文章右側300x600_TVBS-新聞網_HB,,知名媒體,,44,0,0,44,40,4,90.91%,9.09%,0.00%,0.00%
20260127,10,富盈數據股份有限公司,3680,TVBS-新聞網_HB,21899,MW_文章一_336x280_TVBS-新聞網_HB,,知名媒體,,"5,462",0,0,"5,462","5,247",215,96.06%,3.94%,0.00%,0.00%
20260127,10,富盈數據股份有限公司,3680,TVBS-新聞網_HB,21900,MW_文章三_336x280_TVBS-新聞網_HB,,知名媒體,,309,0,0,309,304,5,98.38%,1.62%,0.00%,0.00%
20260127,10,富盈數據股份有限公司,3680,TVBS-新聞網_HB,21902,MW_文章置底_320x100_TVBS-新聞網_HB,,知名媒體,,"5,911",0,0,"5,911","5,675",236,96.01%,3.99%,0.00%,0.00%
20260127,10,富盈數據股份有限公司,3685,玩桌遊_mobile,21924,MW_置底創意(非展開)_玩桌遊-mobile,,,,78,0,0,78,64,14,82.05%,17.95%,0.00%,0.00%
20260127,10,富盈數據股份有限公司,2615,熱血台中,21986,CF_336x280_全網_熱血台中,,,,74,0,0,74,74,0,100.00%,0.00%,0.00%,0.00%
20260127,10,富盈數據股份有限公司,2615,熱血台中,21987,CF_336x280_全網_熱血台中,,,,76,0,0,76,76,0,100.00%,0.00%,0.00%,0.00%
20260127,10,富盈數據股份有限公司,3703,繁體小說,22022,MW_置底創意(非展開)_繁體小說-mobile,,,,6,0,0,6,4,2,66.67%,33.33%,0.00%,0.00%
20260127,10,富盈數據股份有限公司,3704,天天要聞,22030,CF_300 x 250 banner_天天要聞_cpc2,,,,"2,157",0,0,"2,157","1,116","1,041",51.74%,48.26%,0.00%,0.00%
20260127,10,富盈數據股份有限公司,3703,繁體小說,22031,CF_300 x 250 banner_繁體小說_cpc2,,,,375,0,0,375,274,101,73.07%,26.93%,0.00%,0.00%
20260127,10,朱光宁,3708,石頭小說,22045,CF_336 x 280 banner_石頭小說_cpc1.67,antifroud,,,648,0,0,648,340,308,52.47%,47.53%,0.00%,0.00%
20260127,10,冠妍動力科技有限公司,484,小老婆汽機車資訊網,22058,MW_文中創意320x480_小老婆汽機車資訊網-測試,,知名媒體,,6,0,0,6,3,3,50.00%,50.00%,0.00%,0.00%
20260127,10,朱光宁,3718,稷下書院2,22093,CF_336 x 280 banner_稷下書院2_cpc1.67,antifroud,,,"1,279",0,0,"1,279",649,630,50.74%,49.26%,0.00%,0.00%
20260127,10,艾得基客行銷顧問股份有限公司,3719,遠見雜誌,22106,MW_蓋板_遠見_ESG遠見,,知名媒體,,26,0,0,26,15,11,57.69%,42.31%,0.00%,0.00%
20260127,10,富盈數據股份有限公司,3680,TVBS-新聞網_HB,22131,CF_文中300x250_TVBS-新聞網_HB_1,,知名媒體,,12,0,0,12,12,0,100.00%,0.00%,0.00%,0.00%
20260127,10,富盈數據股份有限公司,3680,TVBS-新聞網_HB,22132,CF_文中300x250_TVBS-新聞網_HB_2,,知名媒體,,146,0,0,146,137,9,93.84%,6.16%,0.00%,0.00%
20260127,10,富盈數據股份有限公司,3680,TVBS-新聞網_HB,22133,CF_文中300x250_TVBS-新聞網_HB_3,,知名媒體,,320,0,0,320,306,14,95.62%,4.38%,0.00%,0.00%
20260127,10,富盈數據股份有限公司,3730,Teepr 亮新聞 HB,22145,MW_336x280_文中創意_Teepr亮新聞 HB,,,,18,0,0,18,17,1,94.44%,5.56%,0.00%,0.00%
20260127,10,冰楓科技有限公司,3485,冰楓論壇-exchange,22160,CF_300x250_Banner2_ 冰楓論壇-exchange,,,,6,0,0,6,5,1,83.33%,16.67%,0.00%,0.00%
20260127,10,闇碼科技股份有限公司,3048,縮短網址產生器-reurl,22213,MW_蓋版_縮短網址產生器-reurl-2025.05(特殊供量),,知名媒體,,340,0,0,338,126,212,37.28%,62.72%,0.00%,0.00%
20260127,10,艾得基客行銷顧問股份有限公司,3724,上報,22217,MW_置底創意(非展開)_上報,,知名媒體,,206,0,0,206,201,5,97.57%,2.43%,0.00%,0.00%
20260127,10,艾得基客行銷顧問股份有限公司,3724,上報,22218,MW_置底(展開)_上報,,知名媒體,,76,0,0,76,74,2,97.37%,2.63%,0.00%,0.00%
20260127,10,艾得基客行銷顧問股份有限公司,2689,Basketball Top5,22219,MW_置底(展開)_Basketball TOP5,,,,414,0,0,414,410,4,99.03%,0.97%,0.00%,0.00%
20260127,10,欣發現股份有限公司,3363,大人物-mobile,22222,MW_蓋板_大人物,,知名媒體,,218,0,0,218,176,42,80.73%,19.27%,0.00%,0.00%
20260127,10,朱光宁,3741,石頭小說3,22396,MW_置底_石頭小說3,,,,132,0,0,132,92,40,69.70%,30.30%,0.00%,0.00%
20260127,10,朱光宁,3741,石頭小說3,22398,CF_336 x 280 banner_石頭小說3_cpc1.67,,,,"4,596",0,0,"4,596","2,701","1,895",58.77%,41.23%,0.00%,0.00%
20260127,10,朱光宁,3741,石頭小說3,22399,CF_320 x 480 橫幅_石頭小說3,,,,24,0,0,24,17,7,70.83%,29.17%,0.00%,0.00%
20260127,10,闇碼科技股份有限公司,3068,限時圖片-imgus,22406,MW_置底_imgus,antifroud,,,43,0,0,43,42,1,97.67%,2.33%,0.00%,0.00%
20260127,10,第一網站股份有限公司,2783,漫畫櫃manhuagui,22443,MW_置底_manhuagui,antifroud,,,"7,757",0,0,"7,757","6,950",807,89.60%,10.40%,0.00%,0.00%
20260127,10,艾得基客行銷顧問股份有限公司,3490,太報,22495,MW_300x250 BANNER_太報_CPM5,,知名媒體,子聯播網,18,0,0,18,18,0,100.00%,0.00%,0.00%,0.00%
20260127,10,艾得基客行銷顧問股份有限公司,2689,Basketball Top5,22498,MW_300x250 Banner_Basketball TOP5_CPM5,,,子聯播網,794,0,0,794,786,8,98.99%,1.01%,0.00%,0.00%
20260127,10,艾得基客行銷顧問股份有限公司,2578,鉅亨網,22507,MW_300x250_鉅亨網_直播用BN-1,,知名媒體,子聯播網,750,0,0,750,732,18,97.60%,2.40%,0.00%,0.00%
20260127,10,艾得基客行銷顧問股份有限公司,3752,ＭoneyDJ,22514,MW_文中創意320x480_MoneyDJ,antifroud,知名媒體,,26,0,0,26,26,0,100.00%,0.00%,0.00%,0.00%
20260127,10,艾得基客行銷顧問股份有限公司,3752,ＭoneyDJ,22515,MW_300x250 BANNER_MoneyDJ,antifroud,知名媒體,,20,0,0,20,18,2,90.00%,10.00%,0.00%,0.00%
20260127,10,艾得基客行銷顧問股份有限公司,3373,良醫健康網,22732,MW_300x250_良醫健康網,,知名媒體,,6,0,0,6,6,0,100.00%,0.00%,0.00%,0.00%
20260127,10,李承翰-webptt,718,Web批踢踢(RWD),2284,MW-蓋板_文中_Web批踢踢,antifroud,,,20,0,0,20,13,7,65.00%,35.00%,0.00%,0.00%
20260127,10,英屬蓋曼群島商家庭傳媒股份有限公司城邦分公司,701,T客邦_Mobile,2647,MW_置底創意(展開)_T客邦,,知名媒體,,6,0,0,6,6,0,100.00%,0.00%,0.00%,0.00%
20260127,10,麥智維,999,動漫戲說,3543,CF-728*90-內文上方-動漫戲說,antifroud,,,192,0,0,192,141,51,73.44%,26.56%,0.00%,0.00%
20260127,10,肖偉彬,1287,紅櫻桃小說書庫,4678,CF-內文上方-300*250-紅櫻桃小說書庫,,,,36,0,0,36,23,13,63.89%,36.11%,0.00%,0.00%
20260127,10,肖偉彬,1287,紅櫻桃小說書庫,4717,MW_文中創意300x250_紅櫻桃小說書庫,,,,24,0,0,24,14,10,58.33%,41.67%,0.00%,0.00%
20260127,10,技達創意資訊有限公司,1299,泰好網,4733,CF-300*250-內文下方-泰好網,,,,24,0,0,24,24,0,100.00%,0.00%,0.00%,0.00%
20260127,10,技達創意資訊有限公司,1299,泰好網,4734,MW-320*100-首頁、內文上方-泰好網,,,,6,0,0,6,6,0,100.00%,0.00%,0.00%,0.00%
20260127,10,肖偉彬,1347,雲台書屋,4923,CF-上方通欄-300*250-雲台書屋,,,,18,0,0,18,13,5,72.22%,27.78%,0.00%,0.00%
20260127,10,陈晋福,1367,電視超人,4997,CF-300X250-電視超人,,,,52,0,0,52,46,6,88.46%,11.54%,0.00%,0.00%
20260127,10,麥智維,999,動漫戲說,6069,CF-300*250-首頁-動漫戲說,,,,47,0,0,47,41,6,87.23%,12.77%,0.00%,0.00%
20260127,10,莊博凱,1676,夢遊電玩-exchange,6310,CF-160*600-網頁右側-夢遊電玩-exchange,,,,18,0,0,18,18,0,100.00%,0.00%,0.00%,0.00%
20260127,10,精鏡傳媒股份有限公司,1060,鏡週刊,8250,MW_置底創意(非展開)_鏡週刊,,知名媒體,,12,0,0,12,11,1,91.67%,8.33%,0.00%,0.00%
20260127,10,臺灣電視事業股份有限公司,52,台視,8313,PC-300x250_內文第一塊_台視財經,,知名媒體,,19,0,0,19,6,13,31.58%,68.42%,0.00%,0.00%
20260127,10,布林遊國際有限公司,1692,Bring You,8393,CF-300X250-上方通欄右側_BringYou,,知名媒體,,6,0,0,6,6,0,100.00%,0.00%,0.00%,0.00%
20260127,10,巧克科技新媒體股份有限公司,2127,LINE TV_Banner-exchange,8576,CF_336x280_戲劇-右側好康資訊下方_LINE TV-exchange,,知名媒體,,24,0,0,24,21,3,87.50%,12.50%,0.00%,0.00%
20260127,10,巧克科技新媒體股份有限公司,2127,LINE TV_Banner-exchange,8577,CF_336x280_戲劇-右側好康資訊上方_LINE TV-exchange,,知名媒體,,82,0,0,82,77,5,93.90%,6.10%,0.00%,0.00%
20260127,10,鳳梨傳媒股份有限公司,2190,民視新聞網-Exchange,8862,CF_970X90_分類新聞內頁上方_民視新聞(MCM),,知名媒體,,12,0,0,12,12,0,100.00%,0.00%,0.00%,0.00%
20260127,10,冰楓科技有限公司,1711,冰楓短網址,9308,ＭＷ-300X250-跳轉頁下方-冰楓短網址,,,,6,0,0,6,4,2,66.67%,33.33%,0.00%,0.00%
20260127,10,蔡瑞文,300,樂透彩幸運發財網,9470,MW-置底-樂透幸運發財網,antifroud,知名媒體,,10,0,0,10,10,0,100.00%,0.00%,0.00%,0.00%
20260127,10,英屬維京群島商浩美數位有限公司台灣分公司,2275,TEEPR亮新聞-mobile,9804,MW_蓋版_TEEPR亮新聞-mobile,,,,6,0,0,6,6,0,100.00%,0.00%,0.00%,0.00%
20260127,10,時報資訊股份有限公司,2335,中時電子報_2019,9887,MW-置底創意(非展開)中時電子報_2019,,知名媒體,,662,0,0,662,634,28,95.77%,4.23%,0.00%,0.00%
20260127,11,英屬維京群島商浩美數位有限公司台灣分公司,2315,Teepr亮新聞-exchange,10012,CF_336x280Banner_Teepr亮新聞-exchange,,知名媒體,,577,0,0,577,524,53,90.81%,9.19%,0.00%,0.00%
20260127,11,昱得資訊工作室,2528,數位書香,11080,CF_728x90_首頁上方_數位書香,antifroud,,,6,0,0,6,6,0,100.00%,0.00%,0.00%,0.00%
20260127,11,昱得資訊工作室,2528,數位書香,11081,CF_160x600_首頁右側_數位書香,antifroud,,,170,0,0,170,170,0,100.00%,0.00%,0.00%,0.00%
20260127,11,第一網站股份有限公司,2518,麻辣家族討論區(twbts),11082,CF-728X90-twbts,antifroud,,,"1,311",0,0,"1,311","1,311",0,100.00%,0.00%,0.00%,0.00%
20260127,11,第一網站股份有限公司,2540,risu短網址,11260,MW-300X250-MB_page_left-risu,,知名媒體,,"6,033",0,0,"6,033","5,744",289,95.21%,4.79%,0.00%,0.00%
20260127,11,第一網站股份有限公司,2492,ttshow,11273,MW-300X250-ttshow,,知名媒體,,12,0,0,12,10,2,83.33%,16.67%,0.00%,0.00%
20260127,11,第一網站股份有限公司,2601,Meme梗圖倉庫,11443,CF-336X280-meme,,,,"2,172",0,0,"2,172","1,910",262,87.94%,12.06%,0.00%,0.00%
20260127,11,第一網站股份有限公司,2540,risu短網址,11978,MW_變形蓋版_risu短網址,,知名媒體,,80,0,0,80,79,1,98.75%,1.25%,0.00%,0.00%
20260127,11,第一網站股份有限公司,2540,risu短網址,11979,MW_置底創意_risu短網址(IOS),,知名媒體,,24,0,0,24,21,3,87.50%,12.50%,0.00%,0.00%
20260127,11,第一網站股份有限公司,2540,risu短網址,12009,MW_置底創意_risu短網址(Android),,知名媒體,,12,0,0,12,9,3,75.00%,25.00%,0.00%,0.00%
20260127,11,艾得基客行銷顧問股份有限公司,2578,鉅亨網,12070,MW_320x480_文中創意_鉅亨網,,知名媒體,,"10,116",0,0,"10,116","9,870",246,97.57%,2.43%,0.00%,0.00%
20260127,11,葉志斌,2745,繁中寶可夢卡表生成器-奶爸工作室-exchange,12210,CF_728x90__文末__繁中寶可夢卡表生成器,,,,12,0,0,12,12,0,100.00%,0.00%,0.00%,0.00%
20260127,11,第一網站股份有限公司,2540,risu短網址,12496,CF_300x250_popup(直播) _risu短網址,antifroud,知名媒體,,76,0,0,60,60,0,100.00%,0.00%,0.00%,0.00%
20260127,11,時報資訊股份有限公司,2770,中時電子報_HB,12559,CF_300x250_右側互動看版_中時電子報_HB,,知名媒體,,"1,448",0,0,"1,448","1,201",247,82.94%,17.06%,0.00%,0.00%
20260127,11,時報資訊股份有限公司,2770,中時電子報_HB,12560,CF_336x280_文中看板_中時電子報_HB,,知名媒體,,"1,417",0,0,"1,417","1,176",241,82.99%,17.01%,0.00%,0.00%
20260127,11,時報資訊股份有限公司,2770,中時電子報_HB,12561,MW_300x250_內頁TOP Banner_中時電子報_HB,antifroud,知名媒體,,"17,428",0,0,"17,428","16,690",738,95.77%,4.23%,0.00%,0.00%
20260127,11,第一網站股份有限公司,2768,czbooks,12570,CF_728x90_banner_czbooks,,,,"5,200",0,0,"5,200","3,437","1,763",66.10%,33.90%,0.00%,0.00%
20260127,11,第一網站股份有限公司,2768,czbooks,12571,CF-300x600_Banner_czbooks,,,,240,0,0,240,130,110,54.17%,45.83%,0.00%,0.00%
20260127,11,鳳梨傳媒股份有限公司,2190,民視新聞網-Exchange,12579,CF_300x250_右側第一塊_民視新聞網-Exchange(RWD)(MCM),,知名媒體,,"1,287",0,0,"1,287","1,218",69,94.64%,5.36%,0.00%,0.00%
20260127,11,鳳梨傳媒股份有限公司,2190,民視新聞網-Exchange,12580,CF_300x250_內文文中左側_民視新聞網-Exchange(RWD)(MCM),,知名媒體,,"1,534",0,0,"1,534","1,419",115,92.50%,7.50%,0.00%,0.00%
20260127,11,第一網站股份有限公司,2783,漫畫櫃manhuagui,12676,CF_728X90_manhuagui,antifroud,,,"50,535",0,0,"50,535","37,074","13,461",73.36%,26.64%,0.00%,0.00%
20260127,11,艾得基客行銷顧問股份有限公司,2635,工商時報,12761,MW_320x480_文中創意_工商時報new,,知名媒體,,48,0,0,48,46,2,95.83%,4.17%,0.00%,0.00%
20260127,11,第一網站股份有限公司,2801,damanwoo,12868,CF-300x250_Banner_damanwoo_大人物,,,,86,0,0,86,83,3,96.51%,3.49%,0.00%,0.00%
20260127,11,第一網站股份有限公司,2820,星座好朋友(horofriend88),12966,MW_320x100_horofriend88,antifroud,,,62,0,0,62,60,2,96.77%,3.23%,0.00%,0.00%
20260127,11,時報資訊股份有限公司,2335,中時電子報_2019,12974,MW-置底創意(展開)-中時電子報_2019,antifroud,知名媒體,,217,0,0,217,213,4,98.16%,1.84%,0.00%,0.00%
20260127,11,第一網站股份有限公司,2838,mycard,13041,MW_320x480_加倍mycard,,,,12,0,0,12,0,12,0.00%,100.00%,0.00%,0.00%
20260127,11,和運租車股份有限公司,2878,abc好車網,13368,CF_970x90_物件頁下方_abc好車網,,知名媒體,,6,0,0,6,3,3,50.00%,50.00%,0.00%,0.00%
20260127,11,曾憲敏,202,85小說網,13445,MW_336X280_全量1_85小說網,,,,292,0,0,292,203,89,69.52%,30.48%,0.00%,0.00%
20260127,11,曾憲敏,202,85小說網,13446,MW_336X280_全量2_85小說網,,,,"2,555",0,0,"2,555","1,949",606,76.28%,23.72%,0.00%,0.00%
20260127,11,第一網站股份有限公司,2768,czbooks,13481,MW_300x250_banner_czbooks,antifroud,,子聯播網,"111,507",0,0,"111,507","63,891","47,616",57.30%,42.70%,0.00%,0.00%
20260127,11,第一網站股份有限公司,2768,czbooks,13482,(子)CF_300x600_banner_czbooks(限時段),,,子聯播網,431,0,0,431,265,166,61.48%,38.52%,0.00%,0.00%
20260127,11,第一網站股份有限公司,2768,czbooks,13483,(子)CF_970x250_banner_czbooks(限時段),,,子聯播網,565,0,0,565,333,232,58.94%,41.06%,0.00%,0.00%
20260127,11,第一網站股份有限公司,2910,clickme,13548,(子)CF_300x250_banner_clickme(一般),,,子聯播網,"1,020",0,0,"1,020",780,240,76.47%,23.53%,0.00%,0.00%
20260127,11,第一網站股份有限公司,2910,clickme,13549,CF_300x250_banner_clickme(一般),,,,616,0,0,616,441,175,71.59%,28.41%,0.00%,0.00%
20260127,11,第一網站股份有限公司,2916,KiKiNote,13576,(子)CF_300x250_banner_kikinote,,知名媒體,子聯播網,"2,453",0,0,"2,453","2,314",139,94.33%,5.67%,0.00%,0.00%
20260127,11,闇碼科技股份有限公司,2992,縮短網址產生器-reurl-exchange,13848,CF_300x250_轉址失敗_最右邊_reurl,,知名媒體,,18,0,0,18,6,12,33.33%,66.67%,0.00%,0.00%
20260127,11,闇碼科技股份有限公司,2992,縮短網址產生器-reurl-exchange,13856,CF_300x250_轉址失敗頁第二塊_reurl,,知名媒體,,24,0,0,24,6,18,25.00%,75.00%,0.00%,0.00%
20260127,11,闇碼科技股份有限公司,2992,縮短網址產生器-reurl-exchange,13860,CF_300x250_網址下方右側_reurl,,知名媒體,,6,0,0,6,6,0,100.00%,0.00%,0.00%,0.00%
20260127,11,闇碼科技股份有限公司,2992,縮短網址產生器-reurl-exchange,13861,CF_300x250_網址下方右側(PB)_reurl,,知名媒體,,6,0,0,6,6,0,100.00%,0.00%,0.00%,0.00%
20260127,11,第一網站股份有限公司,2768,czbooks,13903,(子)CF_300x250_banner_czbooks(直播),antifroud,,子聯播網,"14,831",0,0,"14,831","9,193","5,638",61.99%,38.01%,0.00%,0.00%
20260127,11,第一網站股份有限公司,2768,czbooks,14036,MW_320x480_CZBOOKS,antifroud,,,124,0,0,124,81,43,65.32%,34.68%,0.00%,0.00%
20260127,11,陳人鳳,480,飛格寵物家族_PC,1407,CF-728X90_上方通欄_飛格寵物家族,,,,24,0,0,24,17,7,70.83%,29.17%,0.00%,0.00%
20260127,11,陳人鳳,480,飛格寵物家族_PC,1408,CF-300X250_內文_飛格寵物家族,,,,82,0,0,82,53,29,64.63%,35.37%,0.00%,0.00%
20260127,11,飛凡傳播股份有限公司,1921,非凡新聞台-exchange,14188,MW_300x250_內文上方_非凡新聞-exchange,antifroud,知名媒體,,6,0,0,6,6,0,100.00%,0.00%,0.00%,0.00%
20260127,11,闇碼科技股份有限公司,3048,縮短網址產生器-reurl,14210,MW_文中創意300x250_縮短網址產生器-reurl,,知名媒體,,270,0,0,270,104,166,38.52%,61.48%,0.00%,0.00%
20260127,11,巨思文化股份有限公司,3052,經理人_HB,14238,MW_文章結束第一塊_300x250_經理人-HB,,知名媒體,,20,0,0,20,18,2,90.00%,10.00%,0.00%,0.00%
20260127,11,巨思文化股份有限公司,3052,經理人_HB,14241,MW_300x250_內文下方_經理人-HB,,知名媒體,,14,0,0,14,12,2,85.71%,14.29%,0.00%,0.00%
20260127,11,巨思文化股份有限公司,3053,數位時代_HB,14246,MW_300x250_文章結束第一塊_數位時代-HB,,知名媒體,,14,0,0,14,13,1,92.86%,7.14%,0.00%,0.00%
20260127,11,富盈數據股份有限公司,3059,塔科女子,14258,CF_336x280_全網_塔科女子,,知名媒體,,154,0,0,154,150,4,97.40%,2.60%,0.00%,0.00%
20260127,11,CBROOT LTD,3003,包子漫畫-exchange,14291,MW_300x250_蓋板(PB)_包子漫畫,,,,338,0,0,338,294,44,86.98%,13.02%,0.00%,0.00%
20260127,11,朱光宁,3152,石頭小說-exchange,14472,MW_336x280_Banner_石頭小說,,,,"6,314",0,0,"6,314","3,729","2,585",59.06%,40.94%,0.00%,0.00%
20260127,11,朱光宁,3268,稷下書院-mobile,14737,MW_置底創意(非展開)_稷下書院-mobile,,,,18,0,0,18,10,8,55.56%,44.44%,0.00%,0.00%
20260127,11,朱光宁,3149,稷下書院-exchange,14748,MW_320x100_置底(PB)_稷下書院,,,,"21,385",0,0,"21,385","10,927","10,458",51.10%,48.90%,0.00%,0.00%
20260127,11,巨思文化股份有限公司,3053,數位時代_HB,14764,MW_置底創意_(非展開)_數位時代_HB,,知名媒體,,184,0,0,184,173,11,94.02%,5.98%,0.00%,0.00%
20260127,11,中天電視股份有限公司,3282,中天新聞網-exchange,14980,CF_970x250_內頁_PC置頂橫幅-中天新聞網-exchange,,知名媒體,,122,0,0,122,77,45,63.11%,36.89%,0.00%,0.00%
20260127,11,曾憲敏,3327,85小說網_創意,15227,MW-300X250_85小說網_隨身影音PB,,,,18,0,0,18,12,6,66.67%,33.33%,0.00%,0.00%
20260127,11,曾憲敏,3327,85小說網_創意,15228,MW-創意-85小說網,,,,196,0,0,196,146,50,74.49%,25.51%,0.00%,0.00%
20260127,11,千晶文化事業股份有限公司,3336,Beauty 美人圈,15254,MW_置底創意(非展開)_ Beauty 美人圈,,知名媒體,,"1,387",0,0,"1,387","1,371",16,98.85%,1.15%,0.00%,0.00%
20260127,11,中天電視股份有限公司,3282,中天新聞網-exchange,15859,CF_336x280_內頁_PC右側互動看板B-中天新聞網-exchange,,知名媒體,,594,0,0,594,482,112,81.14%,18.86%,0.00%,0.00%
20260127,11,布林遊國際有限公司,2620,Bring You-exchange,15951,CF_300x600_右側通欄_BringYou-exchange,,知名媒體,,6,0,0,6,6,0,100.00%,0.00%,0.00%,0.00%
20260127,11,CBROOT LTD,3352,西瓜卡通-exchange,15969,CF_728x90_影音內容_西瓜卡通-exchange,,,,6,0,0,6,6,0,100.00%,0.00%,0.00%,0.00%
20260127,11,CBROOT LTD,3352,西瓜卡通-exchange,15970,CF_160x600_影音內容_西瓜卡通-exchange,,,,20,0,0,20,20,0,100.00%,0.00%,0.00%,0.00%
20260127,11,時報資訊股份有限公司,2817,旺得富,16908,CF_970x250_MiddleBanner_旺得富,,知名媒體,,6,0,0,6,4,2,66.67%,33.33%,0.00%,0.00%
20260127,11,時報資訊股份有限公司,2817,旺得富,16911,CF_300x250_Billboard_2nd_旺得富,,知名媒體,,12,0,0,12,10,2,83.33%,16.67%,0.00%,0.00%
20260127,11,葉志斌,2745,繁中寶可夢卡表生成器-奶爸工作室-exchange,16950,CF_160x600_Banner_繁中寶可夢卡表生成器-奶爸工作室-exchange,,,,12,0,0,12,12,0,100.00%,0.00%,0.00%,0.00%
20260127,11,朱光宁,3360,提莫書屋-exchange,16957,MW_336x280banner_提莫書屋_exchange,,,,"17,021",0,0,"17,021","11,785","5,236",69.24%,30.76%,0.00%,0.00%
20260127,11,朱光宁,3361,提莫書屋-mobile,16958,MW_置底創意_提莫書屋-mobile,,,,66,0,0,66,44,22,66.67%,33.33%,0.00%,0.00%
20260127,11,朱光宁,3361,提莫書屋-mobile,16959,MW_320x480_文中創意_提莫書屋-mobile,,,,62,0,0,62,50,12,80.65%,19.35%,0.00%,0.00%
20260127,11,欣發現股份有限公司,3365,Hami任務牆-mobile,16969,MW_置底創意_Hami任務牆,,知名媒體,,121,0,0,121,109,12,90.08%,9.92%,0.00%,0.00%
20260127,11,欣發現股份有限公司,3364,女子學-mobile,16972,MW_置底創意_女子學,antifroud,,,258,0,0,258,230,28,89.15%,10.85%,0.00%,0.00%
20260127,11,欣發現股份有限公司,3363,大人物-mobile,16973,MW_置底創意_大人物,,知名媒體,,26,0,0,26,21,5,80.77%,19.23%,0.00%,0.00%
20260127,11,欣發現股份有限公司,3362,妞新聞-mobile,16974,MW_置底創意_妞新聞,,知名媒體,,6,0,0,6,6,0,100.00%,0.00%,0.00%,0.00%
20260127,11,朱光宁,3149,稷下書院-exchange,17003,(子)CF_336x280_Banner(指定流量)_稷下書院-exchange,,,子聯播網,6,0,0,6,3,3,50.00%,50.00%,0.00%,0.00%
20260127,11,第一網站股份有限公司,2783,漫畫櫃manhuagui,17027,MW_320x480_蓋版_漫畫櫃manhuagui,,,,846,0,0,846,758,88,89.60%,10.40%,0.00%,0.00%
20260127,11,艾得基客行銷顧問股份有限公司,3373,良醫健康網,17092,MW_置底創意_良醫健康網,,知名媒體,,129,0,0,129,124,5,96.12%,3.88%,0.00%,0.00%
20260127,11,詠勝科技有限公司,3385,Mobile01_HB,17174,CF_970x250_超級橫幅_置底_Mobile01_HB,,知名媒體,,6,0,0,6,6,0,100.00%,0.00%,0.00%,0.00%
20260127,11,詠勝科技有限公司,3385,Mobile01_HB,17175,CF_970x90_橫幅Banner_Mobile01_HB,,知名媒體,,"1,863",0,0,"1,863","1,488",375,79.87%,20.13%,0.00%,0.00%
20260127,11,詠勝科技有限公司,3385,Mobile01_HB,17176,CF_728x90_內頁橫幅Banner_7F_Mobile01_HB,,知名媒體,,158,0,0,158,132,26,83.54%,16.46%,0.00%,0.00%
20260127,11,詠勝科技有限公司,3385,Mobile01_HB,17178,CF_300x250_頻道頁_大看板_Mobile01_HB,,知名媒體,,12,0,0,12,11,1,91.67%,8.33%,0.00%,0.00%
20260127,11,詠勝科技有限公司,3385,Mobile01_HB,17179,CF_300x250_熱門大看板_Mobile01_HB,,知名媒體,,674,0,0,674,506,168,75.07%,24.93%,0.00%,0.00%
20260127,11,詠勝科技有限公司,3385,Mobile01_HB,17180,CF_300x250_置底看板左_Mobile01_HB,,知名媒體,,325,0,0,325,270,55,83.08%,16.92%,0.00%,0.00%
20260127,11,詠勝科技有限公司,3385,Mobile01_HB,17181,CF_300x250_置底看板中_Mobile01_HB,,知名媒體,,306,0,0,306,252,54,82.35%,17.65%,0.00%,0.00%
20260127,11,詠勝科技有限公司,3385,Mobile01_HB,17182,CF_300x250_置底看板右_Mobile01_HB,,知名媒體,,6,0,0,6,6,0,100.00%,0.00%,0.00%,0.00%
20260127,11,詠勝科技有限公司,3385,Mobile01_HB,17183,CF_300x600_大摩天_Mobile01_HB,,知名媒體,,245,0,0,245,189,56,77.14%,22.86%,0.00%,0.00%
20260127,11,朱光宁,3268,稷下書院-mobile,17207,MW_320x480_蓋版_稷下書院-mobile,,,,"1,889",0,0,"1,889","1,176",713,62.26%,37.74%,0.00%,0.00%
20260127,11,李立娟,3395,vivi0視頻-exchange,17293,CF_336x280_Banner_vivi01視頻-exchange,antifroud,,,"47,493",0,0,"47,493","43,648","3,845",91.90%,8.10%,0.00%,0.00%
20260127,11,李立娟,3395,vivi0視頻-exchange,17294,MW_336x280_Banner_vivi01視頻-exchange,antifroud,,,"45,295",0,0,"45,267","41,928","3,339",92.62%,7.38%,0.00%,0.00%
20260127,11,李立娟,3395,vivi0視頻-exchange,17299,MW_300x250_蓋板(PB)-vivi01視頻-exchange,,,,14,0,0,14,13,1,92.86%,7.14%,0.00%,0.00%
20260127,11,李立娟,3395,vivi0視頻-exchange,17300,MW_320x100_置底(PB)_vivi01視頻-exchange,antifroud,,,"69,393",0,0,"69,371","64,730","4,641",93.31%,6.69%,0.00%,0.00%
20260127,11,李立娟,3397,趣聞圖說-exchange,17309,MW_336x280_文中Banner_趣聞圖說-exchange,,,,26,0,0,24,12,12,50.00%,50.00%,0.00%,0.00%
20260127,11,曾憲敏,601,85小說網_PC,1773,CF-300x250_85小說網_內文1,,,,260,0,0,260,176,84,67.69%,32.31%,0.00%,0.00%
20260127,11,李立娟,3396,趣聞圖說-Mobile,17923,MW_置底創意(展開)_趣聞圖說-Mobile,,,,64,0,0,64,58,6,90.62%,9.38%,0.00%,0.00%
20260127,11,第一網站股份有限公司,2768,czbooks,17927,MW_置底創意_czbook,,,,"7,021",0,0,"7,021","4,160","2,861",59.25%,40.75%,0.00%,0.00%
20260127,11,時報資訊股份有限公司_工商時報,3427,工商時報-exchange,18003,CF_300x250_互動看板2_工商時報-exchange,,知名媒體,,18,0,0,18,16,2,88.89%,11.11%,0.00%,0.00%
20260127,11,時報資訊股份有限公司_工商時報,3427,工商時報-exchange,18007,CF_336x280_文末右側看板_工商時報-exchange,,知名媒體,,80,0,0,80,66,14,82.50%,17.50%,0.00%,0.00%
20260127,11,時報資訊股份有限公司_工商時報,3427,工商時報-exchange,18008,CF_336x280_文末左側看板_工商時報-exchange,,知名媒體,,32,0,0,32,25,7,78.12%,21.88%,0.00%,0.00%
20260127,11,時報資訊股份有限公司_工商時報,3427,工商時報-exchange,18014,MW_300x250_文末Banner1_工商時報-exchange,,知名媒體,,94,0,0,94,88,6,93.62%,6.38%,0.00%,0.00%
20260127,11,時報資訊股份有限公司_工商時報,3427,工商時報-exchange,18015,MW_300x250_文末Banner2_工商時報-exchange,,知名媒體,,230,0,0,230,220,10,95.65%,4.35%,0.00%,0.00%
20260127,11,第一網站股份有限公司,3440,fsa_passback_first,18201,CF_336x280_fsa_passback_first,,,,"2,393",0,0,"2,393","1,697",696,70.92%,29.08%,0.00%,0.00%
20260127,11,第一網站股份有限公司,3440,fsa_passback_first,18202,CF_300x250_fsa_passback_first,,,,"3,996",0,0,"3,996","2,904","1,092",72.67%,27.33%,0.00%,0.00%
20260127,11,第一網站股份有限公司,3440,fsa_passback_first,18266,(子)CF_970x250_cfbanner_blog,,,子聯播網,"2,883",0,0,"2,883","2,753",130,95.49%,4.51%,0.00%,0.00%
20260127,11,莊博凱,3455,夢遊電玩,18269,300x250 Banner,,,,12,0,0,12,10,2,83.33%,16.67%,0.00%,0.00%
20260127,11,朱光宁,3268,稷下書院-mobile,18297,MW_置底創意(展開)_稷下書院-mobile,,,,172,0,0,172,99,73,57.56%,42.44%,0.00%,0.00%
20260127,11,冰楓科技有限公司,3485,冰楓論壇-exchange,18487,CF_970x90_內文上方第一塊_冰楓論壇-exchange,,,,742,0,0,740,639,101,86.35%,13.65%,0.00%,0.00%
20260127,11,冰楓科技有限公司,3485,冰楓論壇-exchange,18488,MW_320x100_內文上方第一塊_ 冰楓論壇-exchange,antifroud,,,80,0,0,80,66,14,82.50%,17.50%,0.00%,0.00%
20260127,11,冰楓科技有限公司,3485,冰楓論壇-exchange,18492,MW_300x250_Banner_ 冰楓論壇-exchange,,,,393,0,0,393,329,64,83.72%,16.28%,0.00%,0.00%
20260127,11,闇碼科技股份有限公司,3048,縮短網址產生器-reurl,18535,MW_蓋版_縮短網址產生器-reurl,,知名媒體,,18,0,0,18,14,4,77.78%,22.22%,0.00%,0.00%
20260127,11,CBROOT LTD,3492,包子漫畫(特開流量)-exchange,18544,(子)CF_300x600_指定流量_包子漫畫(特開流量)-exchange,,,子聯播網,248,0,0,248,244,4,98.39%,1.61%,0.00%,0.00%
20260127,11,CBROOT LTD,3492,包子漫畫(特開流量)-exchange,18557,CF_300x600_指定流量_包子漫畫(特開流量PB)-exchange,,,,126,0,0,126,98,28,77.78%,22.22%,0.00%,0.00%
20260127,11,CBROOT LTD,3510,包子漫畫_twmanga-exchange,18732,MW_336x280_Banner_包子漫畫_twmanga,,,子聯播網,"46,983",0,0,"46,983","34,376","12,607",73.17%,26.83%,0.00%,0.00%
20260127,11,CBROOT LTD,3510,包子漫畫_twmanga-exchange,18737,CF_970x90_Banner_ 包子漫畫_twmanga-exchange,,,,307,0,0,307,268,39,87.30%,12.70%,0.00%,0.00%
20260127,11,闇碼科技股份有限公司,2992,縮短網址產生器-reurl-exchange,18876,CF_首頁連結bar下方_縮短網址產生器-reurl-exchange,,知名媒體,,6,0,0,6,6,0,100.00%,0.00%,0.00%,0.00%
20260127,11,舒禾驊,3535,荷花動漫筆記,18887,CF_336x280_文章頁文中_荷花動漫筆記,,,,6,0,0,6,3,3,50.00%,50.00%,0.00%,0.00%
20260127,11,台灣英文新聞股份有限公司,3537,台灣英文新聞(new)-exchange,18914,MW_320x100_內文頁_置頂橫幅_台灣英文新聞(new)-exchange,,知名媒體,,6,0,0,6,5,1,83.33%,16.67%,0.00%,0.00%
20260127,11,台灣英文新聞股份有限公司,3537,台灣英文新聞(new)-exchange,18924,CF_300x250_內容頁_右側看版_1_台灣英文新聞(new)-exchange,,知名媒體,,74,0,0,74,55,19,74.32%,25.68%,0.00%,0.00%
20260127,11,台灣英文新聞股份有限公司,3537,台灣英文新聞(new)-exchange,18925,CF_300x600_內容頁_右側看版_2_台灣英文新聞(new)-exchange,,知名媒體,,12,0,0,12,11,1,91.67%,8.33%,0.00%,0.00%
20260127,11,聯合線上股份有限公司,3549,UDN元氣網,19018,CF_首頁文章推薦第三格300x250_UDN元氣網,,知名媒體,,46,0,0,46,43,3,93.48%,6.52%,0.00%,0.00%
20260127,11,艾得基客行銷顧問股份有限公司,3490,太報,19043,MW_置底創意(展開)_太報,,知名媒體,,32,0,0,32,32,0,100.00%,0.00%,0.00%,0.00%
20260127,11,艾得基客行銷顧問股份有限公司,3552,玩具人,19044,MW_320x480_文中創意_玩具人,,知名媒體,,44,0,0,44,41,3,93.18%,6.82%,0.00%,0.00%
20260127,11,先驅媒體社會企業股份有限公司,3554,新頭殼(R18),19047,(子)CF_300x250Banner_newtalk.tw_content_300250_1_新頭殼(R18),,知名媒體,子聯播網,12,0,0,12,11,1,91.67%,8.33%,0.00%,0.00%
20260127,11,先驅媒體社會企業股份有限公司,3554,新頭殼(R18),19048,CF_970x250Banner_新頭殼(R18),antifroud,知名媒體,,6,0,0,6,4,2,66.67%,33.33%,0.00%,0.00%
20260127,11,劉佳鑫,2886,哇哇3C日誌-mobile,20614,MW_文中創意320x480_哇哇3C日誌-mobile,,知名媒體,,8,0,0,8,4,4,50.00%,50.00%,0.00%,0.00%
20260127,11,第一網站股份有限公司,2783,漫畫櫃manhuagui,20685,MW_300X250_manhuagui,antifroud,,,"7,037",0,0,"7,037","5,846","1,191",83.08%,16.92%,0.00%,0.00%
20260127,11,德榕企業有限公司,3578,TW Bodhi_mobile,20708,MW_蓋板_TW Bodhi,,,,200,0,0,200,196,4,98.00%,2.00%,0.00%,0.00%
20260127,11,德榕企業有限公司,3581,忘憂書屋,20727,CF_336x280文章頁(RWD)_忘憂書屋,,,,125,0,0,125,123,2,98.40%,1.60%,0.00%,0.00%
20260127,11,德榕企業有限公司,3582,忘憂書屋_mobile,20728,MW_文中創意300x250_忘憂書屋,,,,59,0,0,59,59,0,100.00%,0.00%,0.00%,0.00%
20260127,11,德榕企業有限公司,3582,忘憂書屋_mobile,20729,MW_蓋板_忘憂書屋,,,,30,0,0,30,30,0,100.00%,0.00%,0.00%,0.00%
20260127,11,德榕企業有限公司,3582,忘憂書屋_mobile,20730,MW_置底創意_忘憂書屋,,,,18,0,0,18,18,0,100.00%,0.00%,0.00%,0.00%
20260127,11,第一網站股份有限公司,2910,clickme,20735,(子)CF_300x250_banner_clickme(成人),,,子聯播網,"9,002",0,0,"9,002","7,111","1,891",78.99%,21.01%,0.00%,0.00%
20260127,11,艾得基客行銷顧問股份有限公司,3490,太報,21317,MW_蓋版_太報,,知名媒體,,87,0,0,87,87,0,100.00%,0.00%,0.00%,0.00%
20260127,11,第一網站股份有限公司,2768,czbooks,21412,(子)CF_970x250_banner_czbooks(限時段)-PB,,,子聯播網,"2,694",0,0,"2,694","1,439","1,255",53.41%,46.59%,0.00%,0.00%
20260127,11,第一網站股份有限公司,3440,fsa_passback_first,21699,CF_336x280_fsa_passback_first,,,,"2,350",0,0,"2,350","1,783",567,75.87%,24.13%,0.00%,0.00%
20260127,11,朱光宁,3269,石頭小說-mobile,21741,MW_320x480_蓋版_石頭小說-mobile,antifroud,,,6,0,0,5,2,3,40.00%,60.00%,0.00%,0.00%
20260127,11,富盈數據股份有限公司,3653,TVBS-女人我最大_HB,21760,MW_文章三_336x280_TVBS-女人我最大_HB,,知名媒體,,54,0,0,54,54,0,100.00%,0.00%,0.00%,0.00%
20260127,11,富盈數據股份有限公司,3653,TVBS-女人我最大_HB,21761,MW_文章四_336x280_TVBS-女人我最大_HB,,知名媒體,,822,0,0,822,817,5,99.39%,0.61%,0.00%,0.00%
20260127,11,富盈數據股份有限公司,3653,TVBS-女人我最大_HB,21762,MW_文章置底_320x100_TVBS-女人我最大_HB,,知名媒體,,136,0,0,136,133,3,97.79%,2.21%,0.00%,0.00%
20260127,11,富盈數據股份有限公司,3653,TVBS-女人我最大_HB,21763,MW_文中創意320x480_TVBS-女人我最大_HB,,知名媒體,,842,0,0,842,839,3,99.64%,0.36%,0.00%,0.00%
20260127,11,富盈數據股份有限公司,3654,TVBS-健康2.0_HB,21765,MW_文章三_336x280_TVBS-健康2.0_HB,,知名媒體,,32,0,0,32,32,0,100.00%,0.00%,0.00%,0.00%
20260127,11,富盈數據股份有限公司,3654,TVBS-健康2.0_HB,21767,MW_文章置底_320x100_TVBS-健康2.0_HB,,知名媒體,,72,0,0,72,68,4,94.44%,5.56%,0.00%,0.00%
20260127,11,富盈數據股份有限公司,3654,TVBS-健康2.0_HB,21768,MW_文中創意320x480_TVBS-健康2.0_HB,,知名媒體,,"4,047",0,0,"4,047","3,897",150,96.29%,3.71%,0.00%,0.00%
20260127,11,富盈數據股份有限公司,3655,TVBS-食尚玩家_HB,21770,MW_文章三_336x280_TVBS-食尚玩家_HB,,知名媒體,,"1,413",0,0,"1,413","1,357",56,96.04%,3.96%,0.00%,0.00%
20260127,11,富盈數據股份有限公司,3655,TVBS-食尚玩家_HB,21771,MW_文章四_336x280_TVBS-食尚玩家_HB,,知名媒體,,44,0,0,44,41,3,93.18%,6.82%,0.00%,0.00%
20260127,11,富盈數據股份有限公司,3655,TVBS-食尚玩家_HB,21773,MW_文中創意320x480_TVBS-食尚玩家_HB,,知名媒體,,54,0,0,54,52,2,96.30%,3.70%,0.00%,0.00%
20260127,11,寶利拾股份有限公司,3652,愛料理_HB,21781,MW_置底創意(非展開)_愛料理_HB,,知名媒體,,12,0,0,12,10,2,83.33%,16.67%,0.00%,0.00%
20260127,11,富盈數據股份有限公司,3654,TVBS-健康2.0_HB,21812,MW_文章一_336x280_TVBS-健康2.0_HB,,知名媒體,,152,0,0,152,146,6,96.05%,3.95%,0.00%,0.00%
20260127,11,先驅媒體社會企業股份有限公司,3554,新頭殼(R18),21839,ＭＷ_336x280Banner_newtalk.tw_mobile_all_336280_2_新頭殼(R18),antifroud,知名媒體,,6,0,0,6,5,1,83.33%,16.67%,0.00%,0.00%
20260127,11,儂儂雜誌社股份有限公司(bella儂儂),2135,Bella儂儂_2024,21876,MW-300x250_文章標題上方1_Bella儂儂,,知名媒體,,133,0,0,133,125,8,93.98%,6.02%,0.00%,0.00%
20260127,11,富盈數據股份有限公司,3680,TVBS-新聞網_HB,21898,CF_文章右側300x600_TVBS-新聞網_HB,,知名媒體,,44,0,0,44,42,2,95.45%,4.55%,0.00%,0.00%
20260127,11,富盈數據股份有限公司,3680,TVBS-新聞網_HB,21899,MW_文章一_336x280_TVBS-新聞網_HB,,知名媒體,,"4,333",0,0,"4,333","4,180",153,96.47%,3.53%,0.00%,0.00%
20260127,11,富盈數據股份有限公司,3680,TVBS-新聞網_HB,21900,MW_文章三_336x280_TVBS-新聞網_HB,,知名媒體,,454,0,0,454,437,17,96.26%,3.74%,0.00%,0.00%
20260127,11,富盈數據股份有限公司,3680,TVBS-新聞網_HB,21902,MW_文章置底_320x100_TVBS-新聞網_HB,,知名媒體,,"5,984",0,0,"5,984","5,766",218,96.36%,3.64%,0.00%,0.00%
20260127,11,富盈數據股份有限公司,3685,玩桌遊_mobile,21924,MW_置底創意(非展開)_玩桌遊-mobile,,,,125,0,0,125,102,23,81.60%,18.40%,0.00%,0.00%
20260127,11,富盈數據股份有限公司,2615,熱血台中,21986,CF_336x280_全網_熱血台中,,,,34,0,0,34,34,0,100.00%,0.00%,0.00%,0.00%
20260127,11,富盈數據股份有限公司,2615,熱血台中,21987,CF_336x280_全網_熱血台中,,,,26,0,0,26,26,0,100.00%,0.00%,0.00%,0.00%
20260127,11,富盈數據股份有限公司,3703,繁體小說,22022,MW_置底創意(非展開)_繁體小說-mobile,,,,6,0,0,6,6,0,100.00%,0.00%,0.00%,0.00%
20260127,11,富盈數據股份有限公司,3704,天天要聞,22030,CF_300 x 250 banner_天天要聞_cpc2,,,,"4,092",0,0,"4,092","2,104","1,988",51.42%,48.58%,0.00%,0.00%
20260127,11,富盈數據股份有限公司,3703,繁體小說,22031,CF_300 x 250 banner_繁體小說_cpc2,,,,593,0,0,593,455,138,76.73%,23.27%,0.00%,0.00%
20260127,11,朱光宁,3708,石頭小說,22045,CF_336 x 280 banner_石頭小說_cpc1.67,antifroud,,,"2,173",0,0,"2,173","1,151","1,022",52.97%,47.03%,0.00%,0.00%
20260127,11,冠妍動力科技有限公司,484,小老婆汽機車資訊網,22058,MW_文中創意320x480_小老婆汽機車資訊網-測試,,知名媒體,,12,0,0,12,4,8,33.33%,66.67%,0.00%,0.00%
20260127,11,朱光宁,3718,稷下書院2,22093,CF_336 x 280 banner_稷下書院2_cpc1.67,antifroud,,,"3,763",0,0,"3,763","1,939","1,824",51.53%,48.47%,0.00%,0.00%
20260127,11,富盈數據股份有限公司,3680,TVBS-新聞網_HB,22131,CF_文中300x250_TVBS-新聞網_HB_1,,知名媒體,,12,0,0,12,12,0,100.00%,0.00%,0.00%,0.00%
20260127,11,富盈數據股份有限公司,3680,TVBS-新聞網_HB,22132,CF_文中300x250_TVBS-新聞網_HB_2,,知名媒體,,56,0,0,56,55,1,98.21%,1.79%,0.00%,0.00%
20260127,11,富盈數據股份有限公司,3680,TVBS-新聞網_HB,22133,CF_文中300x250_TVBS-新聞網_HB_3,,知名媒體,,283,0,0,283,272,11,96.11%,3.89%,0.00%,0.00%
20260127,11,富盈數據股份有限公司,3730,Teepr 亮新聞 HB,22145,MW_336x280_文中創意_Teepr亮新聞 HB,,,,6,0,0,6,6,0,100.00%,0.00%,0.00%,0.00%
20260127,11,闇碼科技股份有限公司,3048,縮短網址產生器-reurl,22213,MW_蓋版_縮短網址產生器-reurl-2025.05(特殊供量),,知名媒體,,252,0,0,252,97,155,38.49%,61.51%,0.00%,0.00%
20260127,11,艾得基客行銷顧問股份有限公司,3724,上報,22217,MW_置底創意(非展開)_上報,,知名媒體,,"1,021",0,0,"1,021",991,30,97.06%,2.94%,0.00%,0.00%
20260127,11,艾得基客行銷顧問股份有限公司,3724,上報,22218,MW_置底(展開)_上報,,知名媒體,,449,0,0,449,434,15,96.66%,3.34%,0.00%,0.00%
20260127,11,艾得基客行銷顧問股份有限公司,2689,Basketball Top5,22219,MW_置底(展開)_Basketball TOP5,,,,778,0,0,778,774,4,99.49%,0.51%,0.00%,0.00%
20260127,11,欣發現股份有限公司,3363,大人物-mobile,22222,MW_蓋板_大人物,,知名媒體,,94,0,0,94,73,21,77.66%,22.34%,0.00%,0.00%
20260127,11,朱光宁,3741,石頭小說3,22396,MW_置底_石頭小說3,,,,542,0,0,542,370,172,68.27%,31.73%,0.00%,0.00%
20260127,11,朱光宁,3741,石頭小說3,22398,CF_336 x 280 banner_石頭小說3_cpc1.67,,,,"11,198",0,0,"11,197","6,585","4,612",58.81%,41.19%,0.00%,0.00%
20260127,11,朱光宁,3741,石頭小說3,22399,CF_320 x 480 橫幅_石頭小說3,,,,62,0,0,62,39,23,62.90%,37.10%,0.00%,0.00%
20260127,11,艾得基客行銷顧問股份有限公司,3724,上報,22405,MW_蓋版_上報,,知名媒體,,134,0,0,134,130,4,97.01%,2.99%,0.00%,0.00%
20260127,11,闇碼科技股份有限公司,3068,限時圖片-imgus,22406,MW_置底_imgus,antifroud,,,168,0,0,168,166,2,98.81%,1.19%,0.00%,0.00%
20260127,11,第一網站股份有限公司,2783,漫畫櫃manhuagui,22443,MW_置底_manhuagui,antifroud,,,"8,080",0,0,"8,080","7,369",711,91.20%,8.80%,0.00%,0.00%
20260127,11,艾得基客行銷顧問股份有限公司,3490,太報,22495,MW_300x250 BANNER_太報_CPM5,,知名媒體,子聯播網,24,0,0,24,24,0,100.00%,0.00%,0.00%,0.00%
20260127,11,艾得基客行銷顧問股份有限公司,2689,Basketball Top5,22498,MW_300x250 Banner_Basketball TOP5_CPM5,,,子聯播網,801,0,0,801,796,5,99.38%,0.62%,0.00%,0.00%
20260127,11,艾得基客行銷顧問股份有限公司,2578,鉅亨網,22507,MW_300x250_鉅亨網_直播用BN-1,,知名媒體,子聯播網,847,0,0,847,822,25,97.05%,2.95%,0.00%,0.00%
20260127,11,艾得基客行銷顧問股份有限公司,3752,ＭoneyDJ,22514,MW_文中創意320x480_MoneyDJ,antifroud,知名媒體,,44,0,0,44,44,0,100.00%,0.00%,0.00%,0.00%
20260127,11,艾得基客行銷顧問股份有限公司,3752,ＭoneyDJ,22515,MW_300x250 BANNER_MoneyDJ,antifroud,知名媒體,,6,0,0,6,6,0,100.00%,0.00%,0.00%,0.00%
20260127,11,艾得基客行銷顧問股份有限公司,3373,良醫健康網,22732,MW_300x250_良醫健康網,,知名媒體,,6,0,0,6,6,0,100.00%,0.00%,0.00%,0.00%
20260127,11,李承翰-webptt,718,Web批踢踢(RWD),2284,MW-蓋板_文中_Web批踢踢,antifroud,,,38,0,0,38,28,10,73.68%,26.32%,0.00%,0.00%
20260127,11,麥智維,999,動漫戲說,3543,CF-728*90-內文上方-動漫戲說,antifroud,,,235,0,0,235,177,58,75.32%,24.68%,0.00%,0.00%
20260127,11,肖偉彬,1287,紅櫻桃小說書庫,4678,CF-內文上方-300*250-紅櫻桃小說書庫,,,,22,0,0,22,16,6,72.73%,27.27%,0.00%,0.00%
20260127,11,肖偉彬,1287,紅櫻桃小說書庫,4717,MW_文中創意300x250_紅櫻桃小說書庫,,,,26,0,0,26,19,7,73.08%,26.92%,0.00%,0.00%
20260127,11,技達創意資訊有限公司,1299,泰好網,4733,CF-300*250-內文下方-泰好網,,,,6,0,0,6,6,0,100.00%,0.00%,0.00%,0.00%
20260127,11,陈晋福,1367,電視超人,4997,CF-300X250-電視超人,,,,12,0,0,12,12,0,100.00%,0.00%,0.00%,0.00%
20260127,11,麥智維,999,動漫戲說,6069,CF-300*250-首頁-動漫戲說,,,,93,0,0,93,69,24,74.19%,25.81%,0.00%,0.00%
20260127,11,臺灣電視事業股份有限公司,52,台視,8313,PC-300x250_內文第一塊_台視財經,,知名媒體,,8,0,0,8,6,2,75.00%,25.00%,0.00%,0.00%
20260127,11,巧克科技新媒體股份有限公司,2127,LINE TV_Banner-exchange,8576,CF_336x280_戲劇-右側好康資訊下方_LINE TV-exchange,,知名媒體,,24,0,0,24,18,6,75.00%,25.00%,0.00%,0.00%
20260127,11,巧克科技新媒體股份有限公司,2127,LINE TV_Banner-exchange,8577,CF_336x280_戲劇-右側好康資訊上方_LINE TV-exchange,,知名媒體,,90,0,0,90,80,10,88.89%,11.11%,0.00%,0.00%
20260127,11,鳳梨傳媒股份有限公司,2191,四季線上影視-Exchange,8860,CF_300X250_文章右側_今日最新上方_四季線上,antifroud,知名媒體,,22,0,0,11,0,11,0.00%,100.00%,0.00%,0.00%
20260127,11,冰楓科技有限公司,2289,BFFile,9576,CF-300X600-下載頁上方-BFFile,,,,6,0,0,6,6,0,100.00%,0.00%,0.00%,0.00%
20260127,11,時報資訊股份有限公司,2335,中時電子報_2019,9887,MW-置底創意(非展開)中時電子報_2019,,知名媒體,,939,0,0,939,904,35,96.27%,3.73%,0.00%,0.00%
20260127,12,英屬維京群島商浩美數位有限公司台灣分公司,2315,Teepr亮新聞-exchange,10012,CF_336x280Banner_Teepr亮新聞-exchange,,知名媒體,,"2,369",0,0,"2,369","2,323",46,98.06%,1.94%,0.00%,0.00%
20260127,12,昱得資訊工作室,2528,數位書香,11081,CF_160x600_首頁右側_數位書香,antifroud,,,349,0,0,349,348,1,99.71%,0.29%,0.00%,0.00%
20260127,12,第一網站股份有限公司,2518,麻辣家族討論區(twbts),11082,CF-728X90-twbts,antifroud,,,"1,583",0,0,"1,583","1,570",13,99.18%,0.82%,0.00%,0.00%
20260127,12,第一網站股份有限公司,2540,risu短網址,11260,MW-300X250-MB_page_left-risu,,知名媒體,,508,0,0,508,478,30,94.09%,5.91%,0.00%,0.00%
20260127,12,第一網站股份有限公司,2492,ttshow,11273,MW-300X250-ttshow,,知名媒體,,12,0,0,12,10,2,83.33%,16.67%,0.00%,0.00%
20260127,12,第一網站股份有限公司,2601,Meme梗圖倉庫,11443,CF-336X280-meme,,,,931,0,0,931,865,66,92.91%,7.09%,0.00%,0.00%
20260127,12,艾得基客行銷顧問股份有限公司,2578,鉅亨網,12070,MW_320x480_文中創意_鉅亨網,,知名媒體,,"15,067",0,0,"15,067","14,749",318,97.89%,2.11%,0.00%,0.00%
20260127,12,第一網站股份有限公司,2540,risu短網址,12496,CF_300x250_popup(直播) _risu短網址,antifroud,知名媒體,,12,0,0,12,10,2,83.33%,16.67%,0.00%,0.00%
20260127,12,時報資訊股份有限公司,2770,中時電子報_HB,12559,CF_300x250_右側互動看版_中時電子報_HB,,知名媒體,,708,0,0,708,607,101,85.73%,14.27%,0.00%,0.00%
20260127,12,時報資訊股份有限公司,2770,中時電子報_HB,12560,CF_336x280_文中看板_中時電子報_HB,,知名媒體,,681,0,0,681,589,92,86.49%,13.51%,0.00%,0.00%
20260127,12,時報資訊股份有限公司,2770,中時電子報_HB,12561,MW_300x250_內頁TOP Banner_中時電子報_HB,antifroud,知名媒體,,"1,228",0,0,"1,228","1,132",96,92.18%,7.82%,0.00%,0.00%
20260127,12,第一網站股份有限公司,2768,czbooks,12570,CF_728x90_banner_czbooks,,,,"51,650",0,0,"51,650","29,848","21,802",57.79%,42.21%,0.00%,0.00%
20260127,12,鳳梨傳媒股份有限公司,2190,民視新聞網-Exchange,12579,CF_300x250_右側第一塊_民視新聞網-Exchange(RWD)(MCM),,知名媒體,,"6,981",0,0,"6,981","6,784",197,97.18%,2.82%,0.00%,0.00%
20260127,12,鳳梨傳媒股份有限公司,2190,民視新聞網-Exchange,12580,CF_300x250_內文文中左側_民視新聞網-Exchange(RWD)(MCM),,知名媒體,,"7,759",0,0,"7,759","7,428",331,95.73%,4.27%,0.00%,0.00%
20260127,12,第一網站股份有限公司,2783,漫畫櫃manhuagui,12676,CF_728X90_manhuagui,antifroud,,,"57,132",0,0,"57,132","43,292","13,840",75.78%,24.22%,0.00%,0.00%
20260127,12,艾得基客行銷顧問股份有限公司,2635,工商時報,12761,MW_320x480_文中創意_工商時報new,,知名媒體,,58,0,0,58,57,1,98.28%,1.72%,0.00%,0.00%
20260127,12,第一網站股份有限公司,2801,damanwoo,12868,CF-300x250_Banner_damanwoo_大人物,,,,48,0,0,48,46,2,95.83%,4.17%,0.00%,0.00%
20260127,12,第一網站股份有限公司,2820,星座好朋友(horofriend88),12966,MW_320x100_horofriend88,antifroud,,,50,0,0,50,49,1,98.00%,2.00%,0.00%,0.00%
20260127,12,時報資訊股份有限公司,2335,中時電子報_2019,12974,MW-置底創意(展開)-中時電子報_2019,antifroud,知名媒體,,216,0,0,216,199,17,92.13%,7.87%,0.00%,0.00%
20260127,12,第一網站股份有限公司,2836,vivi01,13032,MW_置底創意_vivi01 ViVi視頻,,,,6,0,0,6,6,0,100.00%,0.00%,0.00%,0.00%
20260127,12,第一網站股份有限公司,2838,mycard,13041,MW_320x480_加倍mycard,,,,215,0,0,215,0,215,0.00%,100.00%,0.00%,0.00%
20260127,12,東森電視事業股份有限公司,2014,東森新聞網,13162,MW_置底創意(展開)_東森新聞網,antifroud,知名媒體,,307,0,0,307,275,32,89.58%,10.42%,0.00%,0.00%
20260127,12,東森電視事業股份有限公司,2014,東森新聞網,13163,MW_文中創意320x480_東森新聞網,,知名媒體,,"4,082",0,0,"4,082","4,050",32,99.22%,0.78%,0.00%,0.00%
20260127,12,第一網站股份有限公司,2862,Manhuaren,13254,MW_320x100_banner_manhuaren,,,,20,0,0,20,13,7,65.00%,35.00%,0.00%,0.00%
20260127,12,和運租車股份有限公司,2878,abc好車網,13368,CF_970x90_物件頁下方_abc好車網,,知名媒體,,6,0,0,6,3,3,50.00%,50.00%,0.00%,0.00%
20260127,12,譚謹恩,2885,Mr. & Mrs. Diary-exchange,13406,MW_300x250_內文文中-Mr. & Mrs. Diary-exchange,,,,6,0,0,6,6,0,100.00%,0.00%,0.00%,0.00%
20260127,12,曾憲敏,202,85小說網,13445,MW_336X280_全量1_85小說網,,,,629,0,0,629,468,161,74.40%,25.60%,0.00%,0.00%
20260127,12,曾憲敏,202,85小說網,13446,MW_336X280_全量2_85小說網,,,,"5,051",0,0,"5,051","3,871","1,180",76.64%,23.36%,0.00%,0.00%
20260127,12,曾憲敏,601,85小說網_PC,13450,(子)CF_336x280_全量2_85小說網,,,子聯播網,148,0,0,148,94,54,63.51%,36.49%,0.00%,0.00%
20260127,12,第一網站股份有限公司,2768,czbooks,13481,MW_300x250_banner_czbooks,antifroud,,子聯播網,"4,887",0,0,"4,887","2,864","2,023",58.60%,41.40%,0.00%,0.00%
20260127,12,第一網站股份有限公司,2768,czbooks,13482,(子)CF_300x600_banner_czbooks(限時段),,,子聯播網,635,0,0,635,391,244,61.57%,38.43%,0.00%,0.00%
20260127,12,第一網站股份有限公司,2768,czbooks,13483,(子)CF_970x250_banner_czbooks(限時段),,,子聯播網,"1,049",0,0,"1,049",640,409,61.01%,38.99%,0.00%,0.00%
20260127,12,第一網站股份有限公司,2910,clickme,13548,(子)CF_300x250_banner_clickme(一般),,,子聯播網,658,0,0,658,452,206,68.69%,31.31%,0.00%,0.00%
20260127,12,第一網站股份有限公司,2910,clickme,13549,CF_300x250_banner_clickme(一般),,,,806,0,0,806,615,191,76.30%,23.70%,0.00%,0.00%
20260127,12,第一網站股份有限公司,2916,KiKiNote,13576,(子)CF_300x250_banner_kikinote,,知名媒體,子聯播網,"2,146",0,0,"2,146","2,015",131,93.90%,6.10%,0.00%,0.00%
20260127,12,闇碼科技股份有限公司,2992,縮短網址產生器-reurl-exchange,13848,CF_300x250_轉址失敗_最右邊_reurl,,知名媒體,,216,0,0,216,19,197,8.80%,91.20%,0.00%,0.00%
20260127,12,闇碼科技股份有限公司,2992,縮短網址產生器-reurl-exchange,13856,CF_300x250_轉址失敗頁第二塊_reurl,,知名媒體,,211,0,0,211,21,190,9.95%,90.05%,0.00%,0.00%
20260127,12,第一網站股份有限公司,2768,czbooks,13903,(子)CF_300x250_banner_czbooks(直播),antifroud,,子聯播網,"18,615",0,0,"18,615","11,583","7,032",62.22%,37.78%,0.00%,0.00%
20260127,12,第一網站股份有限公司,2768,czbooks,14036,MW_320x480_CZBOOKS,antifroud,,,72,0,0,72,46,26,63.89%,36.11%,0.00%,0.00%
20260127,12,陳人鳳,480,飛格寵物家族_PC,1407,CF-728X90_上方通欄_飛格寵物家族,,,,30,0,0,30,23,7,76.67%,23.33%,0.00%,0.00%
20260127,12,陳人鳳,480,飛格寵物家族_PC,1408,CF-300X250_內文_飛格寵物家族,,,,145,0,0,145,93,52,64.14%,35.86%,0.00%,0.00%
20260127,12,東森電視事業股份有限公司,2014,東森新聞網,14097,MW_蓋版_東森新聞網,,知名媒體,,"1,914",0,0,"1,914","1,763",151,92.11%,7.89%,0.00%,0.00%
20260127,12,飛凡傳播股份有限公司,1921,非凡新聞台-exchange,14188,MW_300x250_內文上方_非凡新聞-exchange,antifroud,知名媒體,,12,0,0,12,6,6,50.00%,50.00%,0.00%,0.00%
20260127,12,闇碼科技股份有限公司,3048,縮短網址產生器-reurl,14210,MW_文中創意300x250_縮短網址產生器-reurl,,知名媒體,,620,0,0,620,152,468,24.52%,75.48%,0.00%,0.00%
20260127,12,巨思文化股份有限公司,3052,經理人_HB,14240,CF_300x250_內文下方左側_經理人-HB,,知名媒體,,6,0,0,6,6,0,100.00%,0.00%,0.00%,0.00%
20260127,12,巨思文化股份有限公司,3053,數位時代_HB,14242,CF_300x250_內文下方左側_數位時代-HB,,知名媒體,,6,0,0,6,5,1,83.33%,16.67%,0.00%,0.00%
20260127,12,巨思文化股份有限公司,3053,數位時代_HB,14246,MW_300x250_文章結束第一塊_數位時代-HB,,知名媒體,,6,0,0,6,4,2,66.67%,33.33%,0.00%,0.00%
20260127,12,富盈數據股份有限公司,3059,塔科女子,14258,CF_336x280_全網_塔科女子,,知名媒體,,16,0,0,16,16,0,100.00%,0.00%,0.00%,0.00%
20260127,12,CBROOT LTD,3003,包子漫畫-exchange,14291,MW_300x250_蓋板(PB)_包子漫畫,,,,617,0,0,617,546,71,88.49%,11.51%,0.00%,0.00%
20260127,12,朱光宁,3152,石頭小說-exchange,14472,MW_336x280_Banner_石頭小說,,,,"7,962",0,0,"7,962","4,688","3,274",58.88%,41.12%,0.00%,0.00%
20260127,12,朱光宁,3149,稷下書院-exchange,14748,MW_320x100_置底(PB)_稷下書院,,,,"28,156",0,0,"28,155","14,409","13,746",51.18%,48.82%,0.00%,0.00%
20260127,12,巨思文化股份有限公司,3053,數位時代_HB,14764,MW_置底創意_(非展開)_數位時代_HB,,知名媒體,,393,0,0,393,358,35,91.09%,8.91%,0.00%,0.00%
20260127,12,中天電視股份有限公司,3282,中天新聞網-exchange,14980,CF_970x250_內頁_PC置頂橫幅-中天新聞網-exchange,,知名媒體,,122,0,0,122,94,28,77.05%,22.95%,0.00%,0.00%
20260127,12,曾憲敏,3327,85小說網_創意,15227,MW-300X250_85小說網_隨身影音PB,,,,18,0,0,18,14,4,77.78%,22.22%,0.00%,0.00%
20260127,12,曾憲敏,3327,85小說網_創意,15228,MW-創意-85小說網,,,,6,0,0,6,3,3,50.00%,50.00%,0.00%,0.00%
20260127,12,千晶文化事業股份有限公司,3336,Beauty 美人圈,15254,MW_置底創意(非展開)_ Beauty 美人圈,,知名媒體,,"2,277",0,0,"2,277","2,259",18,99.21%,0.79%,0.00%,0.00%
20260127,12,中天電視股份有限公司,3282,中天新聞網-exchange,15859,CF_336x280_內頁_PC右側互動看板B-中天新聞網-exchange,,知名媒體,,775,0,0,775,660,115,85.16%,14.84%,0.00%,0.00%
20260127,12,CBROOT LTD,3352,西瓜卡通-exchange,15970,CF_160x600_影音內容_西瓜卡通-exchange,,,,6,0,0,6,6,0,100.00%,0.00%,0.00%,0.00%
20260127,12,朱光宁,3360,提莫書屋-exchange,16957,MW_336x280banner_提莫書屋_exchange,,,,"21,246",0,0,"21,245","15,314","5,931",72.08%,27.92%,0.00%,0.00%
20260127,12,朱光宁,3361,提莫書屋-mobile,16958,MW_置底創意_提莫書屋-mobile,,,,6,0,0,6,5,1,83.33%,16.67%,0.00%,0.00%
20260127,12,朱光宁,3361,提莫書屋-mobile,16959,MW_320x480_文中創意_提莫書屋-mobile,,,,120,0,0,120,97,23,80.83%,19.17%,0.00%,0.00%
20260127,12,欣發現股份有限公司,3365,Hami任務牆-mobile,16969,MW_置底創意_Hami任務牆,,知名媒體,,109,0,0,109,91,18,83.49%,16.51%,0.00%,0.00%
20260127,12,欣發現股份有限公司,3364,女子學-mobile,16972,MW_置底創意_女子學,antifroud,,,83,0,0,83,53,30,63.86%,36.14%,0.00%,0.00%
20260127,12,欣發現股份有限公司,3363,大人物-mobile,16973,MW_置底創意_大人物,,知名媒體,,104,0,0,104,80,24,76.92%,23.08%,0.00%,0.00%
20260127,12,欣發現股份有限公司,3362,妞新聞-mobile,16974,MW_置底創意_妞新聞,,知名媒體,,6,0,0,6,4,2,66.67%,33.33%,0.00%,0.00%
20260127,12,朱光宁,3149,稷下書院-exchange,17003,(子)CF_336x280_Banner(指定流量)_稷下書院-exchange,,,子聯播網,18,0,0,18,18,0,100.00%,0.00%,0.00%,0.00%
20260127,12,第一網站股份有限公司,2783,漫畫櫃manhuagui,17027,MW_320x480_蓋版_漫畫櫃manhuagui,,,,114,0,0,114,103,11,90.35%,9.65%,0.00%,0.00%
20260127,12,艾得基客行銷顧問股份有限公司,3373,良醫健康網,17092,MW_置底創意_良醫健康網,,知名媒體,,92,0,0,92,89,3,96.74%,3.26%,0.00%,0.00%
20260127,12,詠勝科技有限公司,3385,Mobile01_HB,17178,CF_300x250_頻道頁_大看板_Mobile01_HB,,知名媒體,,6,0,0,6,1,5,16.67%,83.33%,0.00%,0.00%
20260127,12,詠勝科技有限公司,3385,Mobile01_HB,17179,CF_300x250_熱門大看板_Mobile01_HB,,知名媒體,,270,0,0,270,185,85,68.52%,31.48%,0.00%,0.00%
20260127,12,詠勝科技有限公司,3385,Mobile01_HB,17180,CF_300x250_置底看板左_Mobile01_HB,,知名媒體,,8,0,0,8,5,3,62.50%,37.50%,0.00%,0.00%
20260127,12,詠勝科技有限公司,3385,Mobile01_HB,17181,CF_300x250_置底看板中_Mobile01_HB,,知名媒體,,30,0,0,30,21,9,70.00%,30.00%,0.00%,0.00%
20260127,12,詠勝科技有限公司,3385,Mobile01_HB,17182,CF_300x250_置底看板右_Mobile01_HB,,知名媒體,,33,0,0,33,28,5,84.85%,15.15%,0.00%,0.00%
20260127,12,詠勝科技有限公司,3385,Mobile01_HB,17183,CF_300x600_大摩天_Mobile01_HB,,知名媒體,,36,0,0,36,22,14,61.11%,38.89%,0.00%,0.00%
20260127,12,朱光宁,3268,稷下書院-mobile,17207,MW_320x480_蓋版_稷下書院-mobile,,,,"1,079",0,0,"1,079",647,432,59.96%,40.04%,0.00%,0.00%
20260127,12,中華電視股份有限公司,3389,華視-mobile,17230,MW_置底創意(非展開)_華視-mobile,,知名媒體,,155,0,0,155,154,1,99.35%,0.65%,0.00%,0.00%
20260127,12,中華電視股份有限公司,3389,華視-mobile,17232,MW_文中創意320x480_華視-mobile,,知名媒體,,46,0,0,46,46,0,100.00%,0.00%,0.00%,0.00%
20260127,12,李立娟,3395,vivi0視頻-exchange,17293,CF_336x280_Banner_vivi01視頻-exchange,antifroud,,,"45,187",0,0,"45,187","41,349","3,838",91.51%,8.49%,0.00%,0.00%
20260127,12,李立娟,3395,vivi0視頻-exchange,17294,MW_336x280_Banner_vivi01視頻-exchange,antifroud,,,"53,780",0,0,"53,780","49,699","4,081",92.41%,7.59%,0.00%,0.00%
20260127,12,李立娟,3395,vivi0視頻-exchange,17299,MW_300x250_蓋板(PB)-vivi01視頻-exchange,,,,6,0,0,6,4,2,66.67%,33.33%,0.00%,0.00%
20260127,12,李立娟,3395,vivi0視頻-exchange,17300,MW_320x100_置底(PB)_vivi01視頻-exchange,antifroud,,,"84,839",0,0,"84,839","78,687","6,152",92.75%,7.25%,0.00%,0.00%
20260127,12,李立娟,3397,趣聞圖說-exchange,17309,MW_336x280_文中Banner_趣聞圖說-exchange,,,,24,0,0,24,14,10,58.33%,41.67%,0.00%,0.00%
20260127,12,曾憲敏,601,85小說網_PC,1773,CF-300x250_85小說網_內文1,,,,260,0,0,260,173,87,66.54%,33.46%,0.00%,0.00%
20260127,12,李立娟,3396,趣聞圖說-Mobile,17923,MW_置底創意(展開)_趣聞圖說-Mobile,,,,42,0,0,42,38,4,90.48%,9.52%,0.00%,0.00%
20260127,12,第一網站股份有限公司,2768,czbooks,17927,MW_置底創意_czbook,,,,"10,879",0,0,"10,879","6,453","4,426",59.32%,40.68%,0.00%,0.00%
20260127,12,時報資訊股份有限公司_工商時報,3427,工商時報-exchange,18003,CF_300x250_互動看板2_工商時報-exchange,,知名媒體,,6,0,0,6,4,2,66.67%,33.33%,0.00%,0.00%
20260127,12,時報資訊股份有限公司_工商時報,3427,工商時報-exchange,18007,CF_336x280_文末右側看板_工商時報-exchange,,知名媒體,,12,0,0,12,12,0,100.00%,0.00%,0.00%,0.00%
20260127,12,時報資訊股份有限公司_工商時報,3427,工商時報-exchange,18014,MW_300x250_文末Banner1_工商時報-exchange,,知名媒體,,32,0,0,32,28,4,87.50%,12.50%,0.00%,0.00%
20260127,12,時報資訊股份有限公司_工商時報,3427,工商時報-exchange,18015,MW_300x250_文末Banner2_工商時報-exchange,,知名媒體,,112,0,0,112,103,9,91.96%,8.04%,0.00%,0.00%
20260127,12,第一網站股份有限公司,3440,fsa_passback_first,18201,CF_336x280_fsa_passback_first,,,,"1,930",0,0,"1,930","1,364",566,70.67%,29.33%,0.00%,0.00%
20260127,12,第一網站股份有限公司,3440,fsa_passback_first,18202,CF_300x250_fsa_passback_first,,,,"4,452",0,0,"4,452","3,385","1,067",76.03%,23.97%,0.00%,0.00%
20260127,12,第一網站股份有限公司,3440,fsa_passback_first,18266,(子)CF_970x250_cfbanner_blog,,,子聯播網,"4,629",0,0,"4,629","4,219",410,91.14%,8.86%,0.00%,0.00%
20260127,12,莊博凱,3455,夢遊電玩,18269,300x250 Banner,,,,6,0,0,6,0,6,0.00%,100.00%,0.00%,0.00%
20260127,12,朱光宁,3268,稷下書院-mobile,18297,MW_置底創意(展開)_稷下書院-mobile,,,,372,0,0,372,206,166,55.38%,44.62%,0.00%,0.00%
20260127,12,冰楓科技有限公司,3485,冰楓論壇-exchange,18487,CF_970x90_內文上方第一塊_冰楓論壇-exchange,,,,713,0,0,713,597,116,83.73%,16.27%,0.00%,0.00%
20260127,12,冰楓科技有限公司,3485,冰楓論壇-exchange,18488,MW_320x100_內文上方第一塊_ 冰楓論壇-exchange,antifroud,,,44,0,0,44,40,4,90.91%,9.09%,0.00%,0.00%
20260127,12,冰楓科技有限公司,3485,冰楓論壇-exchange,18492,MW_300x250_Banner_ 冰楓論壇-exchange,,,,375,0,0,375,324,51,86.40%,13.60%,0.00%,0.00%
20260127,12,CBROOT LTD,3492,包子漫畫(特開流量)-exchange,18544,(子)CF_300x600_指定流量_包子漫畫(特開流量)-exchange,,,子聯播網,322,0,0,322,310,12,96.27%,3.73%,0.00%,0.00%
20260127,12,CBROOT LTD,3510,包子漫畫_twmanga-exchange,18732,MW_336x280_Banner_包子漫畫_twmanga,,,子聯播網,"1,918",0,0,"1,918","1,378",540,71.85%,28.15%,0.00%,0.00%
20260127,12,CBROOT LTD,3510,包子漫畫_twmanga-exchange,18735,CF_336x280_Banner_包子漫畫_twmanga-exchange,,,,20,0,0,20,20,0,100.00%,0.00%,0.00%,0.00%
20260127,12,CBROOT LTD,3510,包子漫畫_twmanga-exchange,18737,CF_970x90_Banner_ 包子漫畫_twmanga-exchange,,,,12,0,0,12,12,0,100.00%,0.00%,0.00%,0.00%
20260127,12,舒禾驊,3535,荷花動漫筆記,18887,CF_336x280_文章頁文中_荷花動漫筆記,,,,31,0,0,31,22,9,70.97%,29.03%,0.00%,0.00%
20260127,12,台灣英文新聞股份有限公司,3537,台灣英文新聞(new)-exchange,18924,CF_300x250_內容頁_右側看版_1_台灣英文新聞(new)-exchange,,知名媒體,,36,0,0,36,29,7,80.56%,19.44%,0.00%,0.00%
20260127,12,聯合線上股份有限公司,3549,UDN元氣網,19018,CF_首頁文章推薦第三格300x250_UDN元氣網,,知名媒體,,31,0,0,31,31,0,100.00%,0.00%,0.00%,0.00%
20260127,12,艾得基客行銷顧問股份有限公司,3490,太報,19043,MW_置底創意(展開)_太報,,知名媒體,,443,0,0,443,430,13,97.07%,2.93%,0.00%,0.00%
20260127,12,艾得基客行銷顧問股份有限公司,3552,玩具人,19044,MW_320x480_文中創意_玩具人,,知名媒體,,74,0,0,74,69,5,93.24%,6.76%,0.00%,0.00%
20260127,12,第一網站股份有限公司,2783,漫畫櫃manhuagui,20685,MW_300X250_manhuagui,antifroud,,,"7,048",0,0,"7,048","6,010","1,038",85.27%,14.73%,0.00%,0.00%
20260127,12,德榕企業有限公司,3577,TW Bodhi,20705,(子)CF_336x280_文章頁(RWD)_TW Bodhi,antifroud,,子聯播網,6,0,0,6,6,0,100.00%,0.00%,0.00%,0.00%
20260127,12,德榕企業有限公司,3578,TW Bodhi_mobile,20707,MW_置底創意_TW Bodhi,,,,30,0,0,30,29,1,96.67%,3.33%,0.00%,0.00%
20260127,12,德榕企業有限公司,3578,TW Bodhi_mobile,20708,MW_蓋板_TW Bodhi,,,,296,0,0,296,287,9,96.96%,3.04%,0.00%,0.00%
20260127,12,德榕企業有限公司,3581,忘憂書屋,20727,CF_336x280文章頁(RWD)_忘憂書屋,,,,94,0,0,94,92,2,97.87%,2.13%,0.00%,0.00%
20260127,12,德榕企業有限公司,3582,忘憂書屋_mobile,20728,MW_文中創意300x250_忘憂書屋,,,,58,0,0,58,58,0,100.00%,0.00%,0.00%,0.00%
20260127,12,德榕企業有限公司,3582,忘憂書屋_mobile,20729,MW_蓋板_忘憂書屋,,,,18,0,0,18,18,0,100.00%,0.00%,0.00%,0.00%
20260127,12,德榕企業有限公司,3582,忘憂書屋_mobile,20730,MW_置底創意_忘憂書屋,,,,6,0,0,6,6,0,100.00%,0.00%,0.00%,0.00%
20260127,12,第一網站股份有限公司,2910,clickme,20735,(子)CF_300x250_banner_clickme(成人),,,子聯播網,"8,343",0,0,"8,343","6,651","1,692",79.72%,20.28%,0.00%,0.00%
20260127,12,第一網站股份有限公司,3440,fsa_passback_first,21699,CF_336x280_fsa_passback_first,,,,"1,413",0,0,"1,413","1,091",322,77.21%,22.79%,0.00%,0.00%
20260127,12,朱光宁,3269,石頭小說-mobile,21741,MW_320x480_蓋版_石頭小說-mobile,antifroud,,,12,0,0,12,7,5,58.33%,41.67%,0.00%,0.00%
20260127,12,富盈數據股份有限公司,3653,TVBS-女人我最大_HB,21760,MW_文章三_336x280_TVBS-女人我最大_HB,,知名媒體,,160,0,0,160,160,0,100.00%,0.00%,0.00%,0.00%
20260127,12,富盈數據股份有限公司,3653,TVBS-女人我最大_HB,21761,MW_文章四_336x280_TVBS-女人我最大_HB,,知名媒體,,"2,097",0,0,"2,097","1,994",103,95.09%,4.91%,0.00%,0.00%
20260127,12,富盈數據股份有限公司,3653,TVBS-女人我最大_HB,21763,MW_文中創意320x480_TVBS-女人我最大_HB,,知名媒體,,"1,451",0,0,"1,451","1,410",41,97.17%,2.83%,0.00%,0.00%
20260127,12,富盈數據股份有限公司,3654,TVBS-健康2.0_HB,21765,MW_文章三_336x280_TVBS-健康2.0_HB,,知名媒體,,6,0,0,6,6,0,100.00%,0.00%,0.00%,0.00%
20260127,12,富盈數據股份有限公司,3654,TVBS-健康2.0_HB,21768,MW_文中創意320x480_TVBS-健康2.0_HB,,知名媒體,,"13,155",0,0,"13,155","11,159","1,996",84.83%,15.17%,0.00%,0.00%
20260127,12,富盈數據股份有限公司,3655,TVBS-食尚玩家_HB,21770,MW_文章三_336x280_TVBS-食尚玩家_HB,,知名媒體,,"2,517",0,0,"2,517","1,919",598,76.24%,23.76%,0.00%,0.00%
20260127,12,富盈數據股份有限公司,3655,TVBS-食尚玩家_HB,21771,MW_文章四_336x280_TVBS-食尚玩家_HB,,知名媒體,,146,0,0,146,142,4,97.26%,2.74%,0.00%,0.00%
20260127,12,富盈數據股份有限公司,3655,TVBS-食尚玩家_HB,21773,MW_文中創意320x480_TVBS-食尚玩家_HB,,知名媒體,,"2,113",0,0,"2,113","1,484",629,70.23%,29.77%,0.00%,0.00%
20260127,12,寶利拾股份有限公司,3652,愛料理_HB,21781,MW_置底創意(非展開)_愛料理_HB,,知名媒體,,6,0,0,6,6,0,100.00%,0.00%,0.00%,0.00%
20260127,12,富盈數據股份有限公司,3654,TVBS-健康2.0_HB,21812,MW_文章一_336x280_TVBS-健康2.0_HB,,知名媒體,,50,0,0,50,48,2,96.00%,4.00%,0.00%,0.00%
20260127,12,先驅媒體社會企業股份有限公司,3554,新頭殼(R18),21839,ＭＷ_336x280Banner_newtalk.tw_mobile_all_336280_2_新頭殼(R18),antifroud,知名媒體,,8,0,0,8,8,0,100.00%,0.00%,0.00%,0.00%
20260127,12,儂儂雜誌社股份有限公司(bella儂儂),2135,Bella儂儂_2024,21876,MW-300x250_文章標題上方1_Bella儂儂,,知名媒體,,342,0,0,342,323,19,94.44%,5.56%,0.00%,0.00%
20260127,12,富盈數據股份有限公司,3680,TVBS-新聞網_HB,21898,CF_文章右側300x600_TVBS-新聞網_HB,,知名媒體,,6,0,0,6,6,0,100.00%,0.00%,0.00%,0.00%
20260127,12,富盈數據股份有限公司,3680,TVBS-新聞網_HB,21899,MW_文章一_336x280_TVBS-新聞網_HB,,知名媒體,,"3,352",0,0,"3,352","3,330",22,99.34%,0.66%,0.00%,0.00%
20260127,12,富盈數據股份有限公司,3680,TVBS-新聞網_HB,21900,MW_文章三_336x280_TVBS-新聞網_HB,,知名媒體,,"1,078",0,0,"1,078","1,074",4,99.63%,0.37%,0.00%,0.00%
20260127,12,富盈數據股份有限公司,3680,TVBS-新聞網_HB,21902,MW_文章置底_320x100_TVBS-新聞網_HB,,知名媒體,,"2,876",0,0,"2,876","2,855",21,99.27%,0.73%,0.00%,0.00%
20260127,12,富盈數據股份有限公司,3684,稅美人_mobile,21923,MW_置底創意(非展開)_稅美人-mobile,,,,12,0,0,12,7,5,58.33%,41.67%,0.00%,0.00%
20260127,12,富盈數據股份有限公司,3685,玩桌遊_mobile,21924,MW_置底創意(非展開)_玩桌遊-mobile,,,,524,0,0,521,449,72,86.18%,13.82%,0.00%,0.00%
20260127,12,富盈數據股份有限公司,2615,熱血台中,21986,CF_336x280_全網_熱血台中,,,,6,0,0,6,6,0,100.00%,0.00%,0.00%,0.00%
20260127,12,富盈數據股份有限公司,2615,熱血台中,21987,CF_336x280_全網_熱血台中,,,,50,0,0,50,49,1,98.00%,2.00%,0.00%,0.00%
20260127,12,富盈數據股份有限公司,3704,天天要聞,22030,CF_300 x 250 banner_天天要聞_cpc2,,,,910,0,0,910,465,445,51.10%,48.90%,0.00%,0.00%
20260127,12,富盈數據股份有限公司,3703,繁體小說,22031,CF_300 x 250 banner_繁體小說_cpc2,,,,54,0,0,54,45,9,83.33%,16.67%,0.00%,0.00%
20260127,12,朱光宁,3708,石頭小說,22045,CF_336 x 280 banner_石頭小說_cpc1.67,antifroud,,,"51,522",0,0,"51,522","23,925","27,597",46.44%,53.56%,0.00%,0.00%
20260127,12,冠妍動力科技有限公司,484,小老婆汽機車資訊網,22058,MW_文中創意320x480_小老婆汽機車資訊網-測試,,知名媒體,,6,0,0,6,4,2,66.67%,33.33%,0.00%,0.00%
20260127,12,朱光宁,3718,稷下書院2,22093,CF_336 x 280 banner_稷下書院2_cpc1.67,antifroud,,,"54,935",0,0,"54,935","25,769","29,166",46.91%,53.09%,0.00%,0.00%
20260127,12,富盈數據股份有限公司,3680,TVBS-新聞網_HB,22131,CF_文中300x250_TVBS-新聞網_HB_1,,知名媒體,,6,0,0,6,6,0,100.00%,0.00%,0.00%,0.00%
20260127,12,富盈數據股份有限公司,3680,TVBS-新聞網_HB,22132,CF_文中300x250_TVBS-新聞網_HB_2,,知名媒體,,42,0,0,42,40,2,95.24%,4.76%,0.00%,0.00%
20260127,12,富盈數據股份有限公司,3680,TVBS-新聞網_HB,22133,CF_文中300x250_TVBS-新聞網_HB_3,,知名媒體,,129,0,0,129,119,10,92.25%,7.75%,0.00%,0.00%
20260127,12,闇碼科技股份有限公司,3048,縮短網址產生器-reurl,22213,MW_蓋版_縮短網址產生器-reurl-2025.05(特殊供量),,知名媒體,,625,0,0,625,121,504,19.36%,80.64%,0.00%,0.00%
20260127,12,艾得基客行銷顧問股份有限公司,3724,上報,22217,MW_置底創意(非展開)_上報,,知名媒體,,"1,335",0,0,"1,335","1,307",28,97.90%,2.10%,0.00%,0.00%
20260127,12,艾得基客行銷顧問股份有限公司,3724,上報,22218,MW_置底(展開)_上報,,知名媒體,,"2,302",0,0,"2,302","2,242",60,97.39%,2.61%,0.00%,0.00%
20260127,12,艾得基客行銷顧問股份有限公司,2689,Basketball Top5,22219,MW_置底(展開)_Basketball TOP5,,,,389,0,0,389,387,2,99.49%,0.51%,0.00%,0.00%
20260127,12,欣發現股份有限公司,3363,大人物-mobile,22222,MW_蓋板_大人物,,知名媒體,,73,0,0,73,57,16,78.08%,21.92%,0.00%,0.00%
20260127,12,朱光宁,3741,石頭小說3,22396,MW_置底_石頭小說3,,,,36,0,0,36,26,10,72.22%,27.78%,0.00%,0.00%
20260127,12,朱光宁,3741,石頭小說3,22398,CF_336 x 280 banner_石頭小說3_cpc1.67,,,,"11,380",0,0,"11,380","5,459","5,921",47.97%,52.03%,0.00%,0.00%
20260127,12,朱光宁,3741,石頭小說3,22399,CF_320 x 480 橫幅_石頭小說3,,,,18,0,0,18,13,5,72.22%,27.78%,0.00%,0.00%
20260127,12,艾得基客行銷顧問股份有限公司,3724,上報,22405,MW_蓋版_上報,,知名媒體,,24,0,0,24,23,1,95.83%,4.17%,0.00%,0.00%
20260127,12,闇碼科技股份有限公司,3068,限時圖片-imgus,22406,MW_置底_imgus,antifroud,,,86,0,0,86,86,0,100.00%,0.00%,0.00%,0.00%
20260127,12,第一網站股份有限公司,2783,漫畫櫃manhuagui,22443,MW_置底_manhuagui,antifroud,,,"4,936",0,0,"4,936","4,525",411,91.67%,8.33%,0.00%,0.00%
20260127,12,艾得基客行銷顧問股份有限公司,3490,太報,22495,MW_300x250 BANNER_太報_CPM5,,知名媒體,子聯播網,54,0,0,54,54,0,100.00%,0.00%,0.00%,0.00%
20260127,12,艾得基客行銷顧問股份有限公司,2689,Basketball Top5,22498,MW_300x250 Banner_Basketball TOP5_CPM5,,,子聯播網,"1,081",0,0,"1,081","1,078",3,99.72%,0.28%,0.00%,0.00%
20260127,12,艾得基客行銷顧問股份有限公司,2578,鉅亨網,22507,MW_300x250_鉅亨網_直播用BN-1,,知名媒體,子聯播網,"1,275",0,0,"1,275","1,238",37,97.10%,2.90%,0.00%,0.00%
20260127,12,艾得基客行銷顧問股份有限公司,3752,ＭoneyDJ,22514,MW_文中創意320x480_MoneyDJ,antifroud,知名媒體,,92,0,0,92,87,5,94.57%,5.43%,0.00%,0.00%
20260127,12,艾得基客行銷顧問股份有限公司,3752,ＭoneyDJ,22515,MW_300x250 BANNER_MoneyDJ,antifroud,知名媒體,,6,0,0,6,5,1,83.33%,16.67%,0.00%,0.00%
20260127,12,李承翰-webptt,718,Web批踢踢(RWD),2284,MW-蓋板_文中_Web批踢踢,antifroud,,,18,0,0,18,12,6,66.67%,33.33%,0.00%,0.00%
20260127,12,麥智維,999,動漫戲說,3543,CF-728*90-內文上方-動漫戲說,antifroud,,,252,0,0,252,183,69,72.62%,27.38%,0.00%,0.00%
20260127,12,肖偉彬,1287,紅櫻桃小說書庫,4678,CF-內文上方-300*250-紅櫻桃小說書庫,,,,98,0,0,98,70,28,71.43%,28.57%,0.00%,0.00%
20260127,12,肖偉彬,1286,龍騰世紀書庫,4716,CF-內文中間-300*250-龍騰世紀書庫,,,,6,0,0,6,3,3,50.00%,50.00%,0.00%,0.00%
20260127,12,肖偉彬,1287,紅櫻桃小說書庫,4717,MW_文中創意300x250_紅櫻桃小說書庫,,,,6,0,0,6,4,2,66.67%,33.33%,0.00%,0.00%
20260127,12,技達創意資訊有限公司,1299,泰好網,4733,CF-300*250-內文下方-泰好網,,,,6,0,0,6,4,2,66.67%,33.33%,0.00%,0.00%
20260127,12,技達創意資訊有限公司,1299,泰好網,4734,MW-320*100-首頁、內文上方-泰好網,,,,6,0,0,6,6,0,100.00%,0.00%,0.00%,0.00%
20260127,12,肖偉彬,1347,雲台書屋,4923,CF-上方通欄-300*250-雲台書屋,,,,6,0,0,6,5,1,83.33%,16.67%,0.00%,0.00%
20260127,12,陈晋福,1367,電視超人,4997,CF-300X250-電視超人,,,,45,0,0,45,45,0,100.00%,0.00%,0.00%,0.00%
20260127,12,麥智維,999,動漫戲說,6069,CF-300*250-首頁-動漫戲說,,,,90,0,0,90,63,27,70.00%,30.00%,0.00%,0.00%
20260127,12,吳慧玲,2082,宅女懶懶子,8074,CF-內文中間_x0008_-300x250-宅女懶懶子,,,,7,0,0,7,4,3,57.14%,42.86%,0.00%,0.00%
20260127,12,精鏡傳媒股份有限公司,1060,鏡週刊,8250,MW_置底創意(非展開)_鏡週刊,,知名媒體,,90,0,0,90,86,4,95.56%,4.44%,0.00%,0.00%
20260127,12,臺灣電視事業股份有限公司,52,台視,8313,PC-300x250_內文第一塊_台視財經,,知名媒體,,25,0,0,25,20,5,80.00%,20.00%,0.00%,0.00%
20260127,12,巧克科技新媒體股份有限公司,2127,LINE TV_Banner-exchange,8576,CF_336x280_戲劇-右側好康資訊下方_LINE TV-exchange,,知名媒體,,188,0,0,188,170,18,90.43%,9.57%,0.00%,0.00%
20260127,12,巧克科技新媒體股份有限公司,2127,LINE TV_Banner-exchange,8577,CF_336x280_戲劇-右側好康資訊上方_LINE TV-exchange,,知名媒體,,296,0,0,296,266,30,89.86%,10.14%,0.00%,0.00%
20260127,12,鳳梨傳媒股份有限公司,2190,民視新聞網-Exchange,8862,CF_970X90_分類新聞內頁上方_民視新聞(MCM),,知名媒體,,6,0,0,6,6,0,100.00%,0.00%,0.00%,0.00%
20260127,12,見聞科技有限公司,2251,就是節目表,9233,MW-300x250-節目表文中-就是節目表,,,,19,0,0,19,16,3,84.21%,15.79%,0.00%,0.00%
20260127,12,冰楓科技有限公司,1711,冰楓短網址,9307,CF-300X250-跳轉頁下方-冰楓短網址,,,,6,0,0,6,6,0,100.00%,0.00%,0.00%,0.00%
20260127,13,英屬維京群島商浩美數位有限公司台灣分公司,2315,Teepr亮新聞-exchange,10012,CF_336x280Banner_Teepr亮新聞-exchange,,知名媒體,,"1,288",0,0,"1,288","1,248",40,96.89%,3.11%,0.00%,0.00%
20260127,13,昱得資訊工作室,2528,數位書香,11080,CF_728x90_首頁上方_數位書香,antifroud,,,14,0,0,14,14,0,100.00%,0.00%,0.00%,0.00%
20260127,13,昱得資訊工作室,2528,數位書香,11081,CF_160x600_首頁右側_數位書香,antifroud,,,427,0,0,427,426,1,99.77%,0.23%,0.00%,0.00%
20260127,13,第一網站股份有限公司,2518,麻辣家族討論區(twbts),11082,CF-728X90-twbts,antifroud,,,860,0,796,860,857,3,99.65%,0.35%,0.00%,92.56%
20260127,13,第一網站股份有限公司,2601,Meme梗圖倉庫,11443,CF-336X280-meme,,,,943,0,0,943,877,66,93.00%,7.00%,0.00%,0.00%
20260127,13,艾得基客行銷顧問股份有限公司,2578,鉅亨網,12070,MW_320x480_文中創意_鉅亨網,,知名媒體,,"12,155",0,0,"12,155","11,917",238,98.04%,1.96%,0.00%,0.00%
20260127,13,冰楓科技有限公司,1710,冰楓論壇,12511,MW_300x250_Banner_冰楓論壇-exchange,,,,12,0,0,12,9,3,75.00%,25.00%,0.00%,0.00%
20260127,13,時報資訊股份有限公司,2770,中時電子報_HB,12559,CF_300x250_右側互動看版_中時電子報_HB,,知名媒體,,529,0,0,529,427,102,80.72%,19.28%,0.00%,0.00%
20260127,13,時報資訊股份有限公司,2770,中時電子報_HB,12560,CF_336x280_文中看板_中時電子報_HB,,知名媒體,,498,0,0,498,405,93,81.33%,18.67%,0.00%,0.00%
20260127,13,時報資訊股份有限公司,2770,中時電子報_HB,12561,MW_300x250_內頁TOP Banner_中時電子報_HB,antifroud,知名媒體,,981,0,0,981,870,111,88.69%,11.31%,0.00%,0.00%
20260127,13,第一網站股份有限公司,2768,czbooks,12570,CF_728x90_banner_czbooks,,,,"61,957",0,0,"61,957","34,889","27,068",56.31%,43.69%,0.00%,0.00%
20260127,13,鳳梨傳媒股份有限公司,2190,民視新聞網-Exchange,12579,CF_300x250_右側第一塊_民視新聞網-Exchange(RWD)(MCM),,知名媒體,,"3,762",0,0,"3,762","3,560",202,94.63%,5.37%,0.00%,0.00%
20260127,13,鳳梨傳媒股份有限公司,2190,民視新聞網-Exchange,12580,CF_300x250_內文文中左側_民視新聞網-Exchange(RWD)(MCM),,知名媒體,,"4,027",0,0,"4,027","3,718",309,92.33%,7.67%,0.00%,0.00%
20260127,13,第一網站股份有限公司,2783,漫畫櫃manhuagui,12676,CF_728X90_manhuagui,antifroud,,,"33,322",0,0,"33,322","26,996","6,326",81.02%,18.98%,0.00%,0.00%
20260127,13,艾得基客行銷顧問股份有限公司,2635,工商時報,12761,MW_320x480_文中創意_工商時報new,,知名媒體,,22,0,0,22,19,3,86.36%,13.64%,0.00%,0.00%
20260127,13,第一網站股份有限公司,2801,damanwoo,12868,CF-300x250_Banner_damanwoo_大人物,,,,30,0,0,30,30,0,100.00%,0.00%,0.00%,0.00%
20260127,13,第一網站股份有限公司,2820,星座好朋友(horofriend88),12966,MW_320x100_horofriend88,antifroud,,,30,0,0,30,30,0,100.00%,0.00%,0.00%,0.00%
20260127,13,時報資訊股份有限公司,2335,中時電子報_2019,12974,MW-置底創意(展開)-中時電子報_2019,antifroud,知名媒體,,54,0,0,54,48,6,88.89%,11.11%,0.00%,0.00%
20260127,13,第一網站股份有限公司,2836,vivi01,13032,MW_置底創意_vivi01 ViVi視頻,,,,18,0,0,18,14,4,77.78%,22.22%,0.00%,0.00%
20260127,13,第一網站股份有限公司,2838,mycard,13041,MW_320x480_加倍mycard,,,,35,0,0,35,0,35,0.00%,100.00%,0.00%,0.00%
20260127,13,第一網站股份有限公司,2862,Manhuaren,13254,MW_320x100_banner_manhuaren,,,,6,0,0,6,6,0,100.00%,0.00%,0.00%,0.00%
20260127,13,曾憲敏,202,85小說網,13445,MW_336X280_全量1_85小說網,,,,426,0,0,426,311,115,73.00%,27.00%,0.00%,0.00%
20260127,13,曾憲敏,202,85小說網,13446,MW_336X280_全量2_85小說網,,,,"3,450",0,0,"3,450","2,660",790,77.10%,22.90%,0.00%,0.00%
20260127,13,曾憲敏,601,85小說網_PC,13450,(子)CF_336x280_全量2_85小說網,,,子聯播網,216,0,0,216,143,73,66.20%,33.80%,0.00%,0.00%
20260127,13,第一網站股份有限公司,2768,czbooks,13482,(子)CF_300x600_banner_czbooks(限時段),,,子聯播網,30,0,0,30,16,14,53.33%,46.67%,0.00%,0.00%
20260127,13,第一網站股份有限公司,2768,czbooks,13483,(子)CF_970x250_banner_czbooks(限時段),,,子聯播網,32,0,0,32,16,16,50.00%,50.00%,0.00%,0.00%
20260127,13,第一網站股份有限公司,2910,clickme,13548,(子)CF_300x250_banner_clickme(一般),,,子聯播網,187,0,0,187,159,28,85.03%,14.97%,0.00%,0.00%
20260127,13,第一網站股份有限公司,2910,clickme,13549,CF_300x250_banner_clickme(一般),,,,758,0,0,758,623,135,82.19%,17.81%,0.00%,0.00%
20260127,13,第一網站股份有限公司,2916,KiKiNote,13576,(子)CF_300x250_banner_kikinote,,知名媒體,子聯播網,"1,240",0,0,"1,240","1,171",69,94.44%,5.56%,0.00%,0.00%
20260127,13,闇碼科技股份有限公司,2992,縮短網址產生器-reurl-exchange,13848,CF_300x250_轉址失敗_最右邊_reurl,,知名媒體,,6,0,0,6,4,2,66.67%,33.33%,0.00%,0.00%
20260127,13,闇碼科技股份有限公司,2992,縮短網址產生器-reurl-exchange,13861,CF_300x250_網址下方右側(PB)_reurl,,知名媒體,,12,0,0,12,11,1,91.67%,8.33%,0.00%,0.00%
20260127,13,第一網站股份有限公司,2768,czbooks,13903,(子)CF_300x250_banner_czbooks(直播),antifroud,,子聯播網,776,0,0,776,465,311,59.92%,40.08%,0.00%,0.00%
20260127,13,第一網站股份有限公司,2768,czbooks,14036,MW_320x480_CZBOOKS,antifroud,,,102,0,0,102,62,40,60.78%,39.22%,0.00%,0.00%
20260127,13,陳人鳳,480,飛格寵物家族_PC,1407,CF-728X90_上方通欄_飛格寵物家族,,,,12,0,0,12,8,4,66.67%,33.33%,0.00%,0.00%
20260127,13,陳人鳳,480,飛格寵物家族_PC,1408,CF-300X250_內文_飛格寵物家族,,,,28,0,0,28,18,10,64.29%,35.71%,0.00%,0.00%
20260127,13,飛凡傳播股份有限公司,1921,非凡新聞台-exchange,14188,MW_300x250_內文上方_非凡新聞-exchange,antifroud,知名媒體,,6,0,0,6,6,0,100.00%,0.00%,0.00%,0.00%
20260127,13,闇碼科技股份有限公司,3048,縮短網址產生器-reurl,14210,MW_文中創意300x250_縮短網址產生器-reurl,,知名媒體,,266,0,0,266,153,113,57.52%,42.48%,0.00%,0.00%
20260127,13,巨思文化股份有限公司,3053,數位時代_HB,14246,MW_300x250_文章結束第一塊_數位時代-HB,,知名媒體,,6,0,0,6,5,1,83.33%,16.67%,0.00%,0.00%
20260127,13,鳳梨傳媒股份有限公司,2896,四季線上影視-Mobile,14247,MW_文中創意320x480_四季線上影視-Mobile,,知名媒體,,6,0,0,6,6,0,100.00%,0.00%,0.00%,0.00%
20260127,13,富盈數據股份有限公司,3059,塔科女子,14258,CF_336x280_全網_塔科女子,,知名媒體,,19,0,0,19,13,6,68.42%,31.58%,0.00%,0.00%
20260127,13,CBROOT LTD,3003,包子漫畫-exchange,14291,MW_300x250_蓋板(PB)_包子漫畫,,,,266,0,0,266,210,56,78.95%,21.05%,0.00%,0.00%
20260127,13,朱光宁,3152,石頭小說-exchange,14472,MW_336x280_Banner_石頭小說,,,,295,0,0,295,184,111,62.37%,37.63%,0.00%,0.00%
20260127,13,朱光宁,3149,稷下書院-exchange,14748,MW_320x100_置底(PB)_稷下書院,,,,"29,623",0,0,"29,623","14,882","14,741",50.24%,49.76%,0.00%,0.00%
20260127,13,巨思文化股份有限公司,3053,數位時代_HB,14764,MW_置底創意_(非展開)_數位時代_HB,,知名媒體,,479,0,0,479,405,74,84.55%,15.45%,0.00%,0.00%
20260127,13,中天電視股份有限公司,3282,中天新聞網-exchange,14980,CF_970x250_內頁_PC置頂橫幅-中天新聞網-exchange,,知名媒體,,150,0,0,150,109,41,72.67%,27.33%,0.00%,0.00%
20260127,13,曾憲敏,3327,85小說網_創意,15227,MW-300X250_85小說網_隨身影音PB,,,,50,0,0,50,41,9,82.00%,18.00%,0.00%,0.00%
20260127,13,曾憲敏,3327,85小說網_創意,15228,MW-創意-85小說網,,,,76,0,0,76,56,20,73.68%,26.32%,0.00%,0.00%
20260127,13,千晶文化事業股份有限公司,3336,Beauty 美人圈,15254,MW_置底創意(非展開)_ Beauty 美人圈,,知名媒體,,"1,303",0,0,"1,303","1,288",15,98.85%,1.15%,0.00%,0.00%
20260127,13,中天電視股份有限公司,3282,中天新聞網-exchange,15859,CF_336x280_內頁_PC右側互動看板B-中天新聞網-exchange,,知名媒體,,996,0,0,996,850,146,85.34%,14.66%,0.00%,0.00%
20260127,13,CBROOT LTD,3352,西瓜卡通-exchange,15970,CF_160x600_影音內容_西瓜卡通-exchange,,,,6,0,0,6,6,0,100.00%,0.00%,0.00%,0.00%
20260127,13,時報資訊股份有限公司,2817,旺得富,16911,CF_300x250_Billboard_2nd_旺得富,,知名媒體,,6,0,0,6,6,0,100.00%,0.00%,0.00%,0.00%
20260127,13,朱光宁,3360,提莫書屋-exchange,16957,MW_336x280banner_提莫書屋_exchange,,,,"17,621",0,0,"17,621","12,955","4,666",73.52%,26.48%,0.00%,0.00%
20260127,13,朱光宁,3361,提莫書屋-mobile,16959,MW_320x480_文中創意_提莫書屋-mobile,,,,68,0,0,68,51,17,75.00%,25.00%,0.00%,0.00%
20260127,13,欣發現股份有限公司,3365,Hami任務牆-mobile,16969,MW_置底創意_Hami任務牆,,知名媒體,,44,0,0,44,36,8,81.82%,18.18%,0.00%,0.00%
20260127,13,欣發現股份有限公司,3364,女子學-mobile,16972,MW_置底創意_女子學,antifroud,,,108,0,0,108,108,0,100.00%,0.00%,0.00%,0.00%
20260127,13,欣發現股份有限公司,3363,大人物-mobile,16973,MW_置底創意_大人物,,知名媒體,,37,0,0,37,30,7,81.08%,18.92%,0.00%,0.00%
20260127,13,第一網站股份有限公司,2783,漫畫櫃manhuagui,17027,MW_320x480_蓋版_漫畫櫃manhuagui,,,,134,0,0,134,118,16,88.06%,11.94%,0.00%,0.00%
20260127,13,艾得基客行銷顧問股份有限公司,3373,良醫健康網,17092,MW_置底創意_良醫健康網,,知名媒體,,36,0,0,36,36,0,100.00%,0.00%,0.00%,0.00%
20260127,13,詠勝科技有限公司,3385,Mobile01_HB,17179,CF_300x250_熱門大看板_Mobile01_HB,,知名媒體,,281,0,0,281,188,93,66.90%,33.10%,0.00%,0.00%
20260127,13,詠勝科技有限公司,3385,Mobile01_HB,17180,CF_300x250_置底看板左_Mobile01_HB,,知名媒體,,66,0,0,66,44,22,66.67%,33.33%,0.00%,0.00%
20260127,13,詠勝科技有限公司,3385,Mobile01_HB,17181,CF_300x250_置底看板中_Mobile01_HB,,知名媒體,,108,0,0,108,85,23,78.70%,21.30%,0.00%,0.00%
20260127,13,詠勝科技有限公司,3385,Mobile01_HB,17182,CF_300x250_置底看板右_Mobile01_HB,,知名媒體,,12,0,0,12,4,8,33.33%,66.67%,0.00%,0.00%
20260127,13,朱光宁,3268,稷下書院-mobile,17207,MW_320x480_蓋版_稷下書院-mobile,,,,"1,065",0,0,"1,065",596,469,55.96%,44.04%,0.00%,0.00%
20260127,13,中華電視股份有限公司,3389,華視-mobile,17230,MW_置底創意(非展開)_華視-mobile,,知名媒體,,24,0,0,24,24,0,100.00%,0.00%,0.00%,0.00%
20260127,13,李立娟,3395,vivi0視頻-exchange,17293,CF_336x280_Banner_vivi01視頻-exchange,antifroud,,,"42,934",0,0,"42,934","39,477","3,457",91.95%,8.05%,0.00%,0.00%
20260127,13,李立娟,3395,vivi0視頻-exchange,17294,MW_336x280_Banner_vivi01視頻-exchange,antifroud,,,"44,719",0,0,"44,719","41,373","3,346",92.52%,7.48%,0.00%,0.00%
20260127,13,李立娟,3395,vivi0視頻-exchange,17299,MW_300x250_蓋板(PB)-vivi01視頻-exchange,,,,12,0,0,12,7,5,58.33%,41.67%,0.00%,0.00%
20260127,13,李立娟,3395,vivi0視頻-exchange,17300,MW_320x100_置底(PB)_vivi01視頻-exchange,antifroud,,,"69,432",0,0,"69,432","64,868","4,564",93.43%,6.57%,0.00%,0.00%
20260127,13,李立娟,3397,趣聞圖說-exchange,17309,MW_336x280_文中Banner_趣聞圖說-exchange,,,,6,0,0,6,1,5,16.67%,83.33%,0.00%,0.00%
20260127,13,曾憲敏,601,85小說網_PC,1773,CF-300x250_85小說網_內文1,,,,299,0,0,299,192,107,64.21%,35.79%,0.00%,0.00%
20260127,13,李立娟,3396,趣聞圖說-Mobile,17923,MW_置底創意(展開)_趣聞圖說-Mobile,,,,92,0,0,92,83,9,90.22%,9.78%,0.00%,0.00%
20260127,13,第一網站股份有限公司,2768,czbooks,17927,MW_置底創意_czbook,,,,"5,535",0,0,"5,535","3,330","2,205",60.16%,39.84%,0.00%,0.00%
20260127,13,時報資訊股份有限公司_工商時報,3427,工商時報-exchange,18003,CF_300x250_互動看板2_工商時報-exchange,,知名媒體,,8,0,0,8,7,1,87.50%,12.50%,0.00%,0.00%
20260127,13,時報資訊股份有限公司_工商時報,3427,工商時報-exchange,18014,MW_300x250_文末Banner1_工商時報-exchange,,知名媒體,,58,0,0,58,53,5,91.38%,8.62%,0.00%,0.00%
20260127,13,時報資訊股份有限公司_工商時報,3427,工商時報-exchange,18015,MW_300x250_文末Banner2_工商時報-exchange,,知名媒體,,161,0,0,161,155,6,96.27%,3.73%,0.00%,0.00%
20260127,13,第一網站股份有限公司,3440,fsa_passback_first,18201,CF_336x280_fsa_passback_first,,,,976,0,0,976,759,217,77.77%,22.23%,0.00%,0.00%
20260127,13,第一網站股份有限公司,3440,fsa_passback_first,18202,CF_300x250_fsa_passback_first,,,,"4,729",0,0,"4,729","3,533","1,196",74.71%,25.29%,0.00%,0.00%
20260127,13,第一網站股份有限公司,3440,fsa_passback_first,18266,(子)CF_970x250_cfbanner_blog,,,子聯播網,284,0,0,284,255,29,89.79%,10.21%,0.00%,0.00%
20260127,13,莊博凱,3455,夢遊電玩,18269,300x250 Banner,,,,18,0,0,18,15,3,83.33%,16.67%,0.00%,0.00%
20260127,13,朱光宁,3268,稷下書院-mobile,18297,MW_置底創意(展開)_稷下書院-mobile,,,,138,0,0,138,71,67,51.45%,48.55%,0.00%,0.00%
20260127,13,冰楓科技有限公司,3485,冰楓論壇-exchange,18487,CF_970x90_內文上方第一塊_冰楓論壇-exchange,,,,991,0,0,991,837,154,84.46%,15.54%,0.00%,0.00%
20260127,13,冰楓科技有限公司,3485,冰楓論壇-exchange,18488,MW_320x100_內文上方第一塊_ 冰楓論壇-exchange,antifroud,,,97,0,0,97,89,8,91.75%,8.25%,0.00%,0.00%
20260127,13,冰楓科技有限公司,3485,冰楓論壇-exchange,18492,MW_300x250_Banner_ 冰楓論壇-exchange,,,,468,0,0,468,414,54,88.46%,11.54%,0.00%,0.00%
20260127,13,闇碼科技股份有限公司,3048,縮短網址產生器-reurl,18535,MW_蓋版_縮短網址產生器-reurl,,知名媒體,,18,0,0,18,17,1,94.44%,5.56%,0.00%,0.00%
20260127,13,CBROOT LTD,3492,包子漫畫(特開流量)-exchange,18544,(子)CF_300x600_指定流量_包子漫畫(特開流量)-exchange,,,子聯播網,12,0,0,12,10,2,83.33%,16.67%,0.00%,0.00%
20260127,13,CBROOT LTD,3510,包子漫畫_twmanga-exchange,18737,CF_970x90_Banner_ 包子漫畫_twmanga-exchange,,,,46,0,0,46,40,6,86.96%,13.04%,0.00%,0.00%
20260127,13,闇碼科技股份有限公司,2992,縮短網址產生器-reurl-exchange,18877,MW_首頁連結bar下方_縮短網址產生器-reurl-exchange,,知名媒體,,6,0,0,6,6,0,100.00%,0.00%,0.00%,0.00%
20260127,13,舒禾驊,3535,荷花動漫筆記,18887,CF_336x280_文章頁文中_荷花動漫筆記,,,,6,0,0,6,3,3,50.00%,50.00%,0.00%,0.00%
20260127,13,台灣英文新聞股份有限公司,3537,台灣英文新聞(new)-exchange,18924,CF_300x250_內容頁_右側看版_1_台灣英文新聞(new)-exchange,,知名媒體,,32,0,0,32,16,16,50.00%,50.00%,0.00%,0.00%
20260127,13,台灣英文新聞股份有限公司,3537,台灣英文新聞(new)-exchange,18925,CF_300x600_內容頁_右側看版_2_台灣英文新聞(new)-exchange,,知名媒體,,6,0,0,6,6,0,100.00%,0.00%,0.00%,0.00%
20260127,13,聯合線上股份有限公司,3549,UDN元氣網,19018,CF_首頁文章推薦第三格300x250_UDN元氣網,,知名媒體,,6,0,0,6,6,0,100.00%,0.00%,0.00%,0.00%
20260127,13,艾得基客行銷顧問股份有限公司,3490,太報,19043,MW_置底創意(展開)_太報,,知名媒體,,273,0,0,273,264,9,96.70%,3.30%,0.00%,0.00%
20260127,13,艾得基客行銷顧問股份有限公司,3552,玩具人,19044,MW_320x480_文中創意_玩具人,,知名媒體,,53,0,0,53,48,5,90.57%,9.43%,0.00%,0.00%
20260127,13,先驅媒體社會企業股份有限公司,3554,新頭殼(R18),19047,(子)CF_300x250Banner_newtalk.tw_content_300250_1_新頭殼(R18),,知名媒體,子聯播網,6,0,0,6,5,1,83.33%,16.67%,0.00%,0.00%
20260127,13,第一網站股份有限公司,2783,漫畫櫃manhuagui,20685,MW_300X250_manhuagui,antifroud,,,"6,213",0,0,"6,213","5,205","1,008",83.78%,16.22%,0.00%,0.00%
20260127,13,德榕企業有限公司,3577,TW Bodhi,20705,(子)CF_336x280_文章頁(RWD)_TW Bodhi,antifroud,,子聯播網,12,0,0,12,12,0,100.00%,0.00%,0.00%,0.00%
20260127,13,德榕企業有限公司,3578,TW Bodhi_mobile,20707,MW_置底創意_TW Bodhi,,,,18,0,0,18,18,0,100.00%,0.00%,0.00%,0.00%
20260127,13,德榕企業有限公司,3578,TW Bodhi_mobile,20708,MW_蓋板_TW Bodhi,,,,238,0,0,238,238,0,100.00%,0.00%,0.00%,0.00%
20260127,13,德榕企業有限公司,3578,TW Bodhi_mobile,20719,MW_文中創意300x250_TW Bodhi,,,,6,0,0,6,6,0,100.00%,0.00%,0.00%,0.00%
20260127,13,德榕企業有限公司,3581,忘憂書屋,20727,CF_336x280文章頁(RWD)_忘憂書屋,,,,54,0,0,54,54,0,100.00%,0.00%,0.00%,0.00%
20260127,13,德榕企業有限公司,3582,忘憂書屋_mobile,20728,MW_文中創意300x250_忘憂書屋,,,,68,0,0,68,68,0,100.00%,0.00%,0.00%,0.00%
20260127,13,德榕企業有限公司,3582,忘憂書屋_mobile,20729,MW_蓋板_忘憂書屋,,,,12,0,0,12,12,0,100.00%,0.00%,0.00%,0.00%
20260127,13,德榕企業有限公司,3582,忘憂書屋_mobile,20730,MW_置底創意_忘憂書屋,,,,32,0,0,32,32,0,100.00%,0.00%,0.00%,0.00%
20260127,13,第一網站股份有限公司,2916,KiKiNote,20731,CF_300x250_banner_kikinote (PB),,知名媒體,,26,0,0,26,23,3,88.46%,11.54%,0.00%,0.00%
20260127,13,第一網站股份有限公司,2910,clickme,20735,(子)CF_300x250_banner_clickme(成人),,,子聯播網,"5,691",0,0,"5,691","5,224",467,91.79%,8.21%,0.00%,0.00%
20260127,13,第一網站股份有限公司,3440,fsa_passback_first,21699,CF_336x280_fsa_passback_first,,,,"1,639",0,0,"1,639","1,282",357,78.22%,21.78%,0.00%,0.00%
20260127,13,富盈數據股份有限公司,3653,TVBS-女人我最大_HB,21760,MW_文章三_336x280_TVBS-女人我最大_HB,,知名媒體,,92,0,0,92,92,0,100.00%,0.00%,0.00%,0.00%
20260127,13,富盈數據股份有限公司,3653,TVBS-女人我最大_HB,21761,MW_文章四_336x280_TVBS-女人我最大_HB,,知名媒體,,"1,025",0,0,"1,025",998,27,97.37%,2.63%,0.00%,0.00%
20260127,13,富盈數據股份有限公司,3653,TVBS-女人我最大_HB,21763,MW_文中創意320x480_TVBS-女人我最大_HB,,知名媒體,,575,0,0,575,566,9,98.43%,1.57%,0.00%,0.00%
20260127,13,富盈數據股份有限公司,3654,TVBS-健康2.0_HB,21765,MW_文章三_336x280_TVBS-健康2.0_HB,,知名媒體,,68,0,0,68,45,23,66.18%,33.82%,0.00%,0.00%
20260127,13,富盈數據股份有限公司,3654,TVBS-健康2.0_HB,21768,MW_文中創意320x480_TVBS-健康2.0_HB,,知名媒體,,"7,774",0,0,"7,774","6,956",818,89.48%,10.52%,0.00%,0.00%
20260127,13,富盈數據股份有限公司,3655,TVBS-食尚玩家_HB,21770,MW_文章三_336x280_TVBS-食尚玩家_HB,,知名媒體,,44,0,0,44,40,4,90.91%,9.09%,0.00%,0.00%
20260127,13,富盈數據股份有限公司,3655,TVBS-食尚玩家_HB,21773,MW_文中創意320x480_TVBS-食尚玩家_HB,,知名媒體,,520,0,0,520,441,79,84.81%,15.19%,0.00%,0.00%
20260127,13,富盈數據股份有限公司,3654,TVBS-健康2.0_HB,21812,MW_文章一_336x280_TVBS-健康2.0_HB,,知名媒體,,123,0,0,123,101,22,82.11%,17.89%,0.00%,0.00%
20260127,13,儂儂雜誌社股份有限公司(bella儂儂),2135,Bella儂儂_2024,21876,MW-300x250_文章標題上方1_Bella儂儂,,知名媒體,,162,0,0,162,153,9,94.44%,5.56%,0.00%,0.00%
20260127,13,富盈數據股份有限公司,3680,TVBS-新聞網_HB,21898,CF_文章右側300x600_TVBS-新聞網_HB,,知名媒體,,26,0,0,26,25,1,96.15%,3.85%,0.00%,0.00%
20260127,13,富盈數據股份有限公司,3680,TVBS-新聞網_HB,21899,MW_文章一_336x280_TVBS-新聞網_HB,,知名媒體,,"4,259",0,0,"4,259","3,694",565,86.73%,13.27%,0.00%,0.00%
20260127,13,富盈數據股份有限公司,3680,TVBS-新聞網_HB,21900,MW_文章三_336x280_TVBS-新聞網_HB,,知名媒體,,721,0,0,721,683,38,94.73%,5.27%,0.00%,0.00%
20260127,13,富盈數據股份有限公司,3680,TVBS-新聞網_HB,21902,MW_文章置底_320x100_TVBS-新聞網_HB,,知名媒體,,"3,442",0,0,"3,442","3,004",438,87.27%,12.73%,0.00%,0.00%
20260127,13,富盈數據股份有限公司,3684,稅美人_mobile,21923,MW_置底創意(非展開)_稅美人-mobile,,,,66,0,0,66,37,29,56.06%,43.94%,0.00%,0.00%
20260127,13,富盈數據股份有限公司,3685,玩桌遊_mobile,21924,MW_置底創意(非展開)_玩桌遊-mobile,,,,146,0,0,146,120,26,82.19%,17.81%,0.00%,0.00%
20260127,13,富盈數據股份有限公司,2615,熱血台中,21986,CF_336x280_全網_熱血台中,,,,18,0,0,18,18,0,100.00%,0.00%,0.00%,0.00%
20260127,13,富盈數據股份有限公司,2615,熱血台中,21987,CF_336x280_全網_熱血台中,,,,36,0,0,36,30,6,83.33%,16.67%,0.00%,0.00%
20260127,13,富盈數據股份有限公司,3704,天天要聞,22030,CF_300 x 250 banner_天天要聞_cpc2,,,,842,0,0,842,427,415,50.71%,49.29%,0.00%,0.00%
20260127,13,富盈數據股份有限公司,3703,繁體小說,22031,CF_300 x 250 banner_繁體小說_cpc2,,,,58,0,0,58,44,14,75.86%,24.14%,0.00%,0.00%
20260127,13,朱光宁,3708,石頭小說,22045,CF_336 x 280 banner_石頭小說_cpc1.67,antifroud,,,"66,070",0,0,"66,070","31,540","34,530",47.74%,52.26%,0.00%,0.00%
20260127,13,冠妍動力科技有限公司,484,小老婆汽機車資訊網,22058,MW_文中創意320x480_小老婆汽機車資訊網-測試,,知名媒體,,6,0,0,6,1,5,16.67%,83.33%,0.00%,0.00%
20260127,13,朱光宁,3718,稷下書院2,22093,CF_336 x 280 banner_稷下書院2_cpc1.67,antifroud,,,"68,479",0,0,"68,479","35,982","32,497",52.54%,47.46%,0.00%,0.00%
20260127,13,富盈數據股份有限公司,3680,TVBS-新聞網_HB,22131,CF_文中300x250_TVBS-新聞網_HB_1,,知名媒體,,6,0,0,6,6,0,100.00%,0.00%,0.00%,0.00%
20260127,13,富盈數據股份有限公司,3680,TVBS-新聞網_HB,22132,CF_文中300x250_TVBS-新聞網_HB_2,,知名媒體,,30,0,0,30,27,3,90.00%,10.00%,0.00%,0.00%
20260127,13,富盈數據股份有限公司,3680,TVBS-新聞網_HB,22133,CF_文中300x250_TVBS-新聞網_HB_3,,知名媒體,,132,0,0,132,113,19,85.61%,14.39%,0.00%,0.00%
20260127,13,格上汽車租賃股份有限公司,1975,行遍天下,22135,MW_置底創意(非展開)_行遍天下-mobile,,知名媒體,,6,0,0,6,0,6,0.00%,100.00%,0.00%,0.00%
20260127,13,富盈數據股份有限公司,3730,Teepr 亮新聞 HB,22145,MW_336x280_文中創意_Teepr亮新聞 HB,,,,6,0,0,6,6,0,100.00%,0.00%,0.00%,0.00%
20260127,13,冰楓科技有限公司,3485,冰楓論壇-exchange,22160,CF_300x250_Banner2_ 冰楓論壇-exchange,,,,24,0,0,24,19,5,79.17%,20.83%,0.00%,0.00%
20260127,13,闇碼科技股份有限公司,3048,縮短網址產生器-reurl,22213,MW_蓋版_縮短網址產生器-reurl-2025.05(特殊供量),,知名媒體,,247,0,0,247,141,106,57.09%,42.91%,0.00%,0.00%
20260127,13,艾得基客行銷顧問股份有限公司,3724,上報,22217,MW_置底創意(非展開)_上報,,知名媒體,,"2,699",0,0,"2,699","2,641",58,97.85%,2.15%,0.00%,0.00%
20260127,13,艾得基客行銷顧問股份有限公司,3724,上報,22218,MW_置底(展開)_上報,,知名媒體,,"1,031",0,0,"1,031","1,011",20,98.06%,1.94%,0.00%,0.00%
20260127,13,艾得基客行銷顧問股份有限公司,2689,Basketball Top5,22219,MW_置底(展開)_Basketball TOP5,,,,196,0,0,196,196,0,100.00%,0.00%,0.00%,0.00%
20260127,13,欣發現股份有限公司,3363,大人物-mobile,22222,MW_蓋板_大人物,,知名媒體,,49,0,0,49,44,5,89.80%,10.20%,0.00%,0.00%
20260127,13,艾得基客行銷顧問股份有限公司,3738,痞客邦,22226,MW_文章頁-置底-痞客邦,,知名媒體,,6,0,0,6,4,2,66.67%,33.33%,0.00%,0.00%
20260127,13,朱光宁,3741,石頭小說3,22396,MW_置底_石頭小說3,,,,30,0,0,30,18,12,60.00%,40.00%,0.00%,0.00%
20260127,13,朱光宁,3741,石頭小說3,22398,CF_336 x 280 banner_石頭小說3_cpc1.67,,,,"12,324",0,0,"12,324","7,073","5,251",57.39%,42.61%,0.00%,0.00%
20260127,13,朱光宁,3741,石頭小說3,22399,CF_320 x 480 橫幅_石頭小說3,,,,20,0,0,20,13,7,65.00%,35.00%,0.00%,0.00%
20260127,13,艾得基客行銷顧問股份有限公司,3724,上報,22405,MW_蓋版_上報,,知名媒體,,301,0,0,301,295,6,98.01%,1.99%,0.00%,0.00%
20260127,13,闇碼科技股份有限公司,3068,限時圖片-imgus,22406,MW_置底_imgus,antifroud,,,69,0,0,69,67,2,97.10%,2.90%,0.00%,0.00%
20260127,13,第一網站股份有限公司,2783,漫畫櫃manhuagui,22443,MW_置底_manhuagui,antifroud,,,"4,693",0,0,"4,693","4,279",414,91.18%,8.82%,0.00%,0.00%
20260127,13,艾得基客行銷顧問股份有限公司,3490,太報,22495,MW_300x250 BANNER_太報_CPM5,,知名媒體,子聯播網,12,0,0,12,11,1,91.67%,8.33%,0.00%,0.00%
20260127,13,艾得基客行銷顧問股份有限公司,2689,Basketball Top5,22498,MW_300x250 Banner_Basketball TOP5_CPM5,,,子聯播網,375,0,0,375,372,3,99.20%,0.80%,0.00%,0.00%
20260127,13,艾得基客行銷顧問股份有限公司,2578,鉅亨網,22507,MW_300x250_鉅亨網_直播用BN-1,,知名媒體,子聯播網,811,0,0,811,792,19,97.66%,2.34%,0.00%,0.00%
20260127,13,艾得基客行銷顧問股份有限公司,3752,ＭoneyDJ,22514,MW_文中創意320x480_MoneyDJ,antifroud,知名媒體,,102,0,0,102,95,7,93.14%,6.86%,0.00%,0.00%
20260127,13,艾得基客行銷顧問股份有限公司,3752,ＭoneyDJ,22515,MW_300x250 BANNER_MoneyDJ,antifroud,知名媒體,,6,0,0,6,5,1,83.33%,16.67%,0.00%,0.00%
20260127,13,李承翰-webptt,718,Web批踢踢(RWD),2284,MW-蓋板_文中_Web批踢踢,antifroud,,,26,0,0,26,17,9,65.38%,34.62%,0.00%,0.00%
20260127,13,麥智維,999,動漫戲說,3543,CF-728*90-內文上方-動漫戲說,antifroud,,,136,0,0,136,91,45,66.91%,33.09%,0.00%,0.00%
20260127,13,蔡建磊,1269,跑跑資訊站,4622,CF-300X250-內文右側-跑跑資訊站,,,,6,0,0,6,6,0,100.00%,0.00%,0.00%,0.00%
20260127,13,肖偉彬,1287,紅櫻桃小說書庫,4678,CF-內文上方-300*250-紅櫻桃小說書庫,,,,20,0,0,20,14,6,70.00%,30.00%,0.00%,0.00%
20260127,13,肖偉彬,1287,紅櫻桃小說書庫,4717,MW_文中創意300x250_紅櫻桃小說書庫,,,,6,0,0,6,4,2,66.67%,33.33%,0.00%,0.00%
20260127,13,技達創意資訊有限公司,1299,泰好網,4734,MW-320*100-首頁、內文上方-泰好網,,,,6,0,0,6,6,0,100.00%,0.00%,0.00%,0.00%
20260127,13,侯皓及,1346,3C老實說 · 氣象部落客勞倫斯,4920,MW-300x250-內文中間-3C老實說.氣象部落客勞倫斯,,,,6,0,0,6,0,6,0.00%,100.00%,0.00%,0.00%
20260127,13,陈晋福,1367,電視超人,4997,CF-300X250-電視超人,,,,18,0,0,18,16,2,88.89%,11.11%,0.00%,0.00%
20260127,13,麥智維,999,動漫戲說,6069,CF-300*250-首頁-動漫戲說,,,,30,0,0,30,27,3,90.00%,10.00%,0.00%,0.00%
20260127,13,莊博凱,1676,夢遊電玩-exchange,6310,CF-160*600-網頁右側-夢遊電玩-exchange,,,,12,0,0,12,10,2,83.33%,16.67%,0.00%,0.00%
20260127,13,精鏡傳媒股份有限公司,1060,鏡週刊,8249,MW_置底創意(展開)_鏡週刊,,知名媒體,,6,0,0,6,6,0,100.00%,0.00%,0.00%,0.00%
20260127,13,精鏡傳媒股份有限公司,1060,鏡週刊,8250,MW_置底創意(非展開)_鏡週刊,,知名媒體,,"1,314",0,0,"1,314","1,119",195,85.16%,14.84%,0.00%,0.00%
20260127,13,臺灣電視事業股份有限公司,52,台視,8313,PC-300x250_內文第一塊_台視財經,,知名媒體,,40,0,0,40,29,11,72.50%,27.50%,0.00%,0.00%
20260127,13,布林遊國際有限公司,1692,Bring You,8393,CF-300X250-上方通欄右側_BringYou,,知名媒體,,6,0,0,6,6,0,100.00%,0.00%,0.00%,0.00%
20260127,13,巧克科技新媒體股份有限公司,2127,LINE TV_Banner-exchange,8576,CF_336x280_戲劇-右側好康資訊下方_LINE TV-exchange,,知名媒體,,66,0,0,66,60,6,90.91%,9.09%,0.00%,0.00%
20260127,13,巧克科技新媒體股份有限公司,2127,LINE TV_Banner-exchange,8577,CF_336x280_戲劇-右側好康資訊上方_LINE TV-exchange,,知名媒體,,89,0,0,89,80,9,89.89%,10.11%,0.00%,0.00%
20260127,13,鳳梨傳媒股份有限公司,2190,民視新聞網-Exchange,8862,CF_970X90_分類新聞內頁上方_民視新聞(MCM),,知名媒體,,12,0,0,12,8,4,66.67%,33.33%,0.00%,0.00%
20260127,13,見聞科技有限公司,2251,就是節目表,9233,MW-300x250-節目表文中-就是節目表,,,,12,0,0,12,12,0,100.00%,0.00%,0.00%,0.00%
20260127,13,冰楓科技有限公司,2289,BFFile,9576,CF-300X600-下載頁上方-BFFile,,,,6,0,0,6,6,0,100.00%,0.00%,0.00%,0.00%
20260127,14,英屬維京群島商浩美數位有限公司台灣分公司,2315,Teepr亮新聞-exchange,10012,CF_336x280Banner_Teepr亮新聞-exchange,,知名媒體,,831,0,0,831,798,33,96.03%,3.97%,0.00%,0.00%
20260127,14,第一網站股份有限公司,2300,keketravel,10594,(子)CF_336x280_keketravel,,,子聯播網,8,0,0,8,8,0,100.00%,0.00%,0.00%,0.00%
20260127,14,昱得資訊工作室,2528,數位書香,11080,CF_728x90_首頁上方_數位書香,antifroud,,,134,0,0,134,129,5,96.27%,3.73%,0.00%,0.00%
20260127,14,昱得資訊工作室,2528,數位書香,11081,CF_160x600_首頁右側_數位書香,antifroud,,,"1,082",0,0,"1,082","1,074",8,99.26%,0.74%,0.00%,0.00%
20260127,14,第一網站股份有限公司,2518,麻辣家族討論區(twbts),11082,CF-728X90-twbts,antifroud,,,"1,180",0,809,"1,180","1,120",60,94.92%,5.08%,0.00%,68.56%
20260127,14,第一網站股份有限公司,2540,risu短網址,11260,MW-300X250-MB_page_left-risu,,知名媒體,,18,0,0,18,14,4,77.78%,22.22%,0.00%,0.00%
20260127,14,第一網站股份有限公司,2492,ttshow,11273,MW-300X250-ttshow,,知名媒體,,18,0,0,18,17,1,94.44%,5.56%,0.00%,0.00%
20260127,14,第一網站股份有限公司,2601,Meme梗圖倉庫,11443,CF-336X280-meme,,,,"1,398",0,0,"1,398","1,280",118,91.56%,8.44%,0.00%,0.00%
20260127,14,艾得基客行銷顧問股份有限公司,2578,鉅亨網,12070,MW_320x480_文中創意_鉅亨網,,知名媒體,,"9,844",0,0,"9,844","9,694",150,98.48%,1.52%,0.00%,0.00%
20260127,14,葉志斌,2745,繁中寶可夢卡表生成器-奶爸工作室-exchange,12210,CF_728x90__文末__繁中寶可夢卡表生成器,,,,12,0,0,12,12,0,100.00%,0.00%,0.00%,0.00%
20260127,14,第一網站股份有限公司,2540,risu短網址,12496,CF_300x250_popup(直播) _risu短網址,antifroud,知名媒體,,6,0,0,6,6,0,100.00%,0.00%,0.00%,0.00%
20260127,14,時報資訊股份有限公司,2770,中時電子報_HB,12559,CF_300x250_右側互動看版_中時電子報_HB,,知名媒體,,640,0,0,640,505,135,78.91%,21.09%,0.00%,0.00%
20260127,14,時報資訊股份有限公司,2770,中時電子報_HB,12560,CF_336x280_文中看板_中時電子報_HB,,知名媒體,,609,0,0,609,478,131,78.49%,21.51%,0.00%,0.00%
20260127,14,時報資訊股份有限公司,2770,中時電子報_HB,12561,MW_300x250_內頁TOP Banner_中時電子報_HB,antifroud,知名媒體,,"1,031",0,0,"1,031",852,179,82.64%,17.36%,0.00%,0.00%
20260127,14,第一網站股份有限公司,2768,czbooks,12570,CF_728x90_banner_czbooks,,,,"46,407",0,0,"46,407","26,264","20,143",56.59%,43.41%,0.00%,0.00%
20260127,14,鳳梨傳媒股份有限公司,2190,民視新聞網-Exchange,12579,CF_300x250_右側第一塊_民視新聞網-Exchange(RWD)(MCM),,知名媒體,,"2,345",0,0,"2,345","2,254",91,96.12%,3.88%,0.00%,0.00%
20260127,14,鳳梨傳媒股份有限公司,2190,民視新聞網-Exchange,12580,CF_300x250_內文文中左側_民視新聞網-Exchange(RWD)(MCM),,知名媒體,,"2,161",0,0,"2,161","2,042",119,94.49%,5.51%,0.00%,0.00%
20260127,14,第一網站股份有限公司,2783,漫畫櫃manhuagui,12676,CF_728X90_manhuagui,antifroud,,,"40,438",0,0,"40,438","34,439","5,999",85.16%,14.84%,0.00%,0.00%
20260127,14,艾得基客行銷顧問股份有限公司,2635,工商時報,12761,MW_320x480_文中創意_工商時報new,,知名媒體,,18,0,0,18,18,0,100.00%,0.00%,0.00%,0.00%
20260127,14,金隼行銷股份有限公司,2786,91譜,12792,MW_置底創意_91譜,,知名媒體,,6,0,0,6,5,1,83.33%,16.67%,0.00%,0.00%
20260127,14,第一網站股份有限公司,2801,damanwoo,12868,CF-300x250_Banner_damanwoo_大人物,,,,32,0,0,32,31,1,96.88%,3.12%,0.00%,0.00%
20260127,14,第一網站股份有限公司,2820,星座好朋友(horofriend88),12966,MW_320x100_horofriend88,antifroud,,,608,0,0,608,581,27,95.56%,4.44%,0.00%,0.00%
20260127,14,時報資訊股份有限公司,2335,中時電子報_2019,12974,MW-置底創意(展開)-中時電子報_2019,antifroud,知名媒體,,6,0,0,6,5,1,83.33%,16.67%,0.00%,0.00%
20260127,14,第一網站股份有限公司,2836,vivi01,13032,MW_置底創意_vivi01 ViVi視頻,,,,30,0,0,30,30,0,100.00%,0.00%,0.00%,0.00%
20260127,14,第一網站股份有限公司,2838,mycard,13041,MW_320x480_加倍mycard,,,,19,0,0,19,0,19,0.00%,100.00%,0.00%,0.00%
20260127,14,和運租車股份有限公司,2878,abc好車網,13368,CF_970x90_物件頁下方_abc好車網,,知名媒體,,12,0,0,12,9,3,75.00%,25.00%,0.00%,0.00%
20260127,14,曾憲敏,202,85小說網,13445,MW_336X280_全量1_85小說網,,,,336,0,0,336,255,81,75.89%,24.11%,0.00%,0.00%
20260127,14,曾憲敏,202,85小說網,13446,MW_336X280_全量2_85小說網,,,,"2,686",0,0,"2,686","2,135",551,79.49%,20.51%,0.00%,0.00%
20260127,14,曾憲敏,601,85小說網_PC,13450,(子)CF_336x280_全量2_85小說網,,,子聯播網,189,0,0,189,125,64,66.14%,33.86%,0.00%,0.00%
20260127,14,第一網站股份有限公司,2768,czbooks,13482,(子)CF_300x600_banner_czbooks(限時段),,,子聯播網,101,0,0,101,64,37,63.37%,36.63%,0.00%,0.00%
20260127,14,第一網站股份有限公司,2768,czbooks,13483,(子)CF_970x250_banner_czbooks(限時段),,,子聯播網,115,0,0,115,73,42,63.48%,36.52%,0.00%,0.00%
20260127,14,第一網站股份有限公司,2910,clickme,13548,(子)CF_300x250_banner_clickme(一般),,,子聯播網,724,0,0,724,564,160,77.90%,22.10%,0.00%,0.00%
20260127,14,第一網站股份有限公司,2910,clickme,13549,CF_300x250_banner_clickme(一般),,,,890,0,0,890,752,138,84.49%,15.51%,0.00%,0.00%
20260127,14,第一網站股份有限公司,2916,KiKiNote,13576,(子)CF_300x250_banner_kikinote,,知名媒體,子聯播網,"2,063",0,0,"2,063","1,906",157,92.39%,7.61%,0.00%,0.00%
20260127,14,闇碼科技股份有限公司,2992,縮短網址產生器-reurl-exchange,13848,CF_300x250_轉址失敗_最右邊_reurl,,知名媒體,,46,0,0,46,11,35,23.91%,76.09%,0.00%,0.00%
20260127,14,闇碼科技股份有限公司,2992,縮短網址產生器-reurl-exchange,13856,CF_300x250_轉址失敗頁第二塊_reurl,,知名媒體,,40,0,0,40,11,29,27.50%,72.50%,0.00%,0.00%
20260127,14,第一網站股份有限公司,2768,czbooks,13903,(子)CF_300x250_banner_czbooks(直播),antifroud,,子聯播網,"1,682",0,0,"1,682","1,062",620,63.14%,36.86%,0.00%,0.00%
20260127,14,第一網站股份有限公司,2768,czbooks,14036,MW_320x480_CZBOOKS,antifroud,,,59,0,0,59,40,19,67.80%,32.20%,0.00%,0.00%
20260127,14,陳人鳳,480,飛格寵物家族_PC,1407,CF-728X90_上方通欄_飛格寵物家族,,,,102,0,0,102,79,23,77.45%,22.55%,0.00%,0.00%
20260127,14,陳人鳳,480,飛格寵物家族_PC,1408,CF-300X250_內文_飛格寵物家族,,,,70,0,0,70,47,23,67.14%,32.86%,0.00%,0.00%
20260127,14,飛凡傳播股份有限公司,1921,非凡新聞台-exchange,14188,MW_300x250_內文上方_非凡新聞-exchange,antifroud,知名媒體,,7,0,0,7,0,7,0.00%,100.00%,0.00%,0.00%
20260127,14,闇碼科技股份有限公司,3048,縮短網址產生器-reurl,14209,MW_置底創意_縮短網址產生器-reurl,,知名媒體,,6,0,0,6,6,0,100.00%,0.00%,0.00%,0.00%
20260127,14,闇碼科技股份有限公司,3048,縮短網址產生器-reurl,14210,MW_文中創意300x250_縮短網址產生器-reurl,,知名媒體,,786,0,0,786,94,692,11.96%,88.04%,0.00%,0.00%
20260127,14,巨思文化股份有限公司,3053,數位時代_HB,14242,CF_300x250_內文下方左側_數位時代-HB,,知名媒體,,9,0,0,9,6,3,66.67%,33.33%,0.00%,0.00%
20260127,14,巨思文化股份有限公司,3053,數位時代_HB,14243,CF_300x250_內文下方右側_數位時代-HB,,知名媒體,,7,0,0,7,4,3,57.14%,42.86%,0.00%,0.00%
20260127,14,巨思文化股份有限公司,3053,數位時代_HB,14246,MW_300x250_文章結束第一塊_數位時代-HB,,知名媒體,,6,0,0,6,5,1,83.33%,16.67%,0.00%,0.00%
20260127,14,富盈數據股份有限公司,3059,塔科女子,14258,CF_336x280_全網_塔科女子,,知名媒體,,18,0,0,18,18,0,100.00%,0.00%,0.00%,0.00%
20260127,14,CBROOT LTD,3003,包子漫畫-exchange,14291,MW_300x250_蓋板(PB)_包子漫畫,,,,457,0,0,457,392,65,85.78%,14.22%,0.00%,0.00%
20260127,14,朱光宁,3152,石頭小說-exchange,14472,MW_336x280_Banner_石頭小說,,,,"1,753",0,0,"1,753","1,356",397,77.35%,22.65%,0.00%,0.00%
20260127,14,朱光宁,3149,稷下書院-exchange,14748,MW_320x100_置底(PB)_稷下書院,,,,"24,602",0,0,"24,602","13,646","10,956",55.47%,44.53%,0.00%,0.00%
20260127,14,巨思文化股份有限公司,3053,數位時代_HB,14764,MW_置底創意_(非展開)_數位時代_HB,,知名媒體,,218,0,0,218,197,21,90.37%,9.63%,0.00%,0.00%
20260127,14,中天電視股份有限公司,3282,中天新聞網-exchange,14980,CF_970x250_內頁_PC置頂橫幅-中天新聞網-exchange,,知名媒體,,126,0,0,126,79,47,62.70%,37.30%,0.00%,0.00%
20260127,14,曾憲敏,3327,85小說網_創意,15227,MW-300X250_85小說網_隨身影音PB,,,,24,0,0,24,17,7,70.83%,29.17%,0.00%,0.00%
20260127,14,曾憲敏,3327,85小說網_創意,15228,MW-創意-85小說網,,,,90,0,0,90,68,22,75.56%,24.44%,0.00%,0.00%
20260127,14,中天電視股份有限公司,3282,中天新聞網-exchange,15859,CF_336x280_內頁_PC右側互動看板B-中天新聞網-exchange,,知名媒體,,614,0,0,614,498,116,81.11%,18.89%,0.00%,0.00%
20260127,14,布林遊國際有限公司,2620,Bring You-exchange,15951,CF_300x600_右側通欄_BringYou-exchange,,知名媒體,,12,0,0,12,12,0,100.00%,0.00%,0.00%,0.00%
20260127,14,CBROOT LTD,3352,西瓜卡通-exchange,15970,CF_160x600_影音內容_西瓜卡通-exchange,,,,6,0,0,6,6,0,100.00%,0.00%,0.00%,0.00%
20260127,14,葉志斌,2745,繁中寶可夢卡表生成器-奶爸工作室-exchange,16950,CF_160x600_Banner_繁中寶可夢卡表生成器-奶爸工作室-exchange,,,,6,0,0,6,6,0,100.00%,0.00%,0.00%,0.00%
20260127,14,朱光宁,3360,提莫書屋-exchange,16957,MW_336x280banner_提莫書屋_exchange,,,,"17,420",0,0,"17,420","13,934","3,486",79.99%,20.01%,0.00%,0.00%
20260127,14,朱光宁,3361,提莫書屋-mobile,16959,MW_320x480_文中創意_提莫書屋-mobile,,,,32,0,0,32,29,3,90.62%,9.38%,0.00%,0.00%
20260127,14,欣發現股份有限公司,3365,Hami任務牆-mobile,16969,MW_置底創意_Hami任務牆,,知名媒體,,18,0,0,18,13,5,72.22%,27.78%,0.00%,0.00%
20260127,14,欣發現股份有限公司,3364,女子學-mobile,16972,MW_置底創意_女子學,antifroud,,,152,0,0,152,138,14,90.79%,9.21%,0.00%,0.00%
20260127,14,欣發現股份有限公司,3363,大人物-mobile,16973,MW_置底創意_大人物,,知名媒體,,6,0,0,6,4,2,66.67%,33.33%,0.00%,0.00%
20260127,14,第一網站股份有限公司,2783,漫畫櫃manhuagui,17027,MW_320x480_蓋版_漫畫櫃manhuagui,,,,107,0,0,107,96,11,89.72%,10.28%,0.00%,0.00%
20260127,14,艾得基客行銷顧問股份有限公司,3373,良醫健康網,17092,MW_置底創意_良醫健康網,,知名媒體,,56,0,0,56,52,4,92.86%,7.14%,0.00%,0.00%
20260127,14,詠勝科技有限公司,3385,Mobile01_HB,17179,CF_300x250_熱門大看板_Mobile01_HB,,知名媒體,,180,0,0,180,146,34,81.11%,18.89%,0.00%,0.00%
20260127,14,詠勝科技有限公司,3385,Mobile01_HB,17180,CF_300x250_置底看板左_Mobile01_HB,,知名媒體,,37,0,0,37,33,4,89.19%,10.81%,0.00%,0.00%
20260127,14,詠勝科技有限公司,3385,Mobile01_HB,17181,CF_300x250_置底看板中_Mobile01_HB,,知名媒體,,45,0,0,45,42,3,93.33%,6.67%,0.00%,0.00%
20260127,14,詠勝科技有限公司,3385,Mobile01_HB,17182,CF_300x250_置底看板右_Mobile01_HB,,知名媒體,,16,0,0,16,14,2,87.50%,12.50%,0.00%,0.00%
20260127,14,朱光宁,3268,稷下書院-mobile,17207,MW_320x480_蓋版_稷下書院-mobile,,,,693,0,0,693,430,263,62.05%,37.95%,0.00%,0.00%
20260127,14,李立娟,3395,vivi0視頻-exchange,17293,CF_336x280_Banner_vivi01視頻-exchange,antifroud,,,"45,465",0,0,"45,465","44,285","1,180",97.40%,2.60%,0.00%,0.00%
20260127,14,李立娟,3395,vivi0視頻-exchange,17294,MW_336x280_Banner_vivi01視頻-exchange,antifroud,,,"45,640",0,0,"45,614","44,467","1,147",97.49%,2.51%,0.00%,0.00%
20260127,14,李立娟,3395,vivi0視頻-exchange,17299,MW_300x250_蓋板(PB)-vivi01視頻-exchange,,,,12,0,0,12,12,0,100.00%,0.00%,0.00%,0.00%
20260127,14,李立娟,3395,vivi0視頻-exchange,17300,MW_320x100_置底(PB)_vivi01視頻-exchange,antifroud,,,"75,219",0,0,"75,219","73,692","1,527",97.97%,2.03%,0.00%,0.00%
20260127,14,李立娟,3397,趣聞圖說-exchange,17309,MW_336x280_文中Banner_趣聞圖說-exchange,,,,350,0,0,350,254,96,72.57%,27.43%,0.00%,0.00%
20260127,14,曾憲敏,601,85小說網_PC,1773,CF-300x250_85小說網_內文1,,,,280,0,0,280,184,96,65.71%,34.29%,0.00%,0.00%
20260127,14,李立娟,3396,趣聞圖說-Mobile,17923,MW_置底創意(展開)_趣聞圖說-Mobile,,,,42,0,0,42,39,3,92.86%,7.14%,0.00%,0.00%
20260127,14,第一網站股份有限公司,2768,czbooks,17927,MW_置底創意_czbook,,,,"4,580",0,0,"4,580","2,751","1,829",60.07%,39.93%,0.00%,0.00%
20260127,14,時報資訊股份有限公司_工商時報,3427,工商時報-exchange,18007,CF_336x280_文末右側看板_工商時報-exchange,,知名媒體,,6,0,0,6,5,1,83.33%,16.67%,0.00%,0.00%
20260127,14,時報資訊股份有限公司_工商時報,3427,工商時報-exchange,18014,MW_300x250_文末Banner1_工商時報-exchange,,知名媒體,,76,0,0,76,72,4,94.74%,5.26%,0.00%,0.00%
20260127,14,時報資訊股份有限公司_工商時報,3427,工商時報-exchange,18015,MW_300x250_文末Banner2_工商時報-exchange,,知名媒體,,92,0,0,92,87,5,94.57%,5.43%,0.00%,0.00%
20260127,14,第一網站股份有限公司,3440,fsa_passback_first,18201,CF_336x280_fsa_passback_first,,,,"1,417",0,0,"1,417","1,056",361,74.52%,25.48%,0.00%,0.00%
20260127,14,第一網站股份有限公司,3440,fsa_passback_first,18202,CF_300x250_fsa_passback_first,,,,"3,504",0,0,"3,504","2,711",793,77.37%,22.63%,0.00%,0.00%
20260127,14,第一網站股份有限公司,3440,fsa_passback_first,18266,(子)CF_970x250_cfbanner_blog,,,子聯播網,462,0,0,462,423,39,91.56%,8.44%,0.00%,0.00%
20260127,14,朱光宁,3268,稷下書院-mobile,18297,MW_置底創意(展開)_稷下書院-mobile,,,,144,0,0,144,91,53,63.19%,36.81%,0.00%,0.00%
20260127,14,冰楓科技有限公司,3485,冰楓論壇-exchange,18487,CF_970x90_內文上方第一塊_冰楓論壇-exchange,,,,"1,026",0,0,"1,026",910,116,88.69%,11.31%,0.00%,0.00%
20260127,14,冰楓科技有限公司,3485,冰楓論壇-exchange,18488,MW_320x100_內文上方第一塊_ 冰楓論壇-exchange,antifroud,,,71,0,0,71,61,10,85.92%,14.08%,0.00%,0.00%
20260127,14,冰楓科技有限公司,3485,冰楓論壇-exchange,18492,MW_300x250_Banner_ 冰楓論壇-exchange,,,,429,0,0,429,387,42,90.21%,9.79%,0.00%,0.00%
20260127,14,闇碼科技股份有限公司,3048,縮短網址產生器-reurl,18535,MW_蓋版_縮短網址產生器-reurl,,知名媒體,,14,0,0,14,14,0,100.00%,0.00%,0.00%,0.00%
20260127,14,CBROOT LTD,3492,包子漫畫(特開流量)-exchange,18544,(子)CF_300x600_指定流量_包子漫畫(特開流量)-exchange,,,子聯播網,6,0,0,6,4,2,66.67%,33.33%,0.00%,0.00%
20260127,14,CBROOT LTD,3510,包子漫畫_twmanga-exchange,18737,CF_970x90_Banner_ 包子漫畫_twmanga-exchange,,,,102,0,0,102,83,19,81.37%,18.63%,0.00%,0.00%
20260127,14,台灣英文新聞股份有限公司,3537,台灣英文新聞(new)-exchange,18924,CF_300x250_內容頁_右側看版_1_台灣英文新聞(new)-exchange,,知名媒體,,42,0,0,42,37,5,88.10%,11.90%,0.00%,0.00%
20260127,14,聯合線上股份有限公司,3549,UDN元氣網,19018,CF_首頁文章推薦第三格300x250_UDN元氣網,,知名媒體,,6,0,0,6,6,0,100.00%,0.00%,0.00%,0.00%
20260127,14,艾得基客行銷顧問股份有限公司,3490,太報,19043,MW_置底創意(展開)_太報,,知名媒體,,249,0,0,249,244,5,97.99%,2.01%,0.00%,0.00%
20260127,14,艾得基客行銷顧問股份有限公司,3552,玩具人,19044,MW_320x480_文中創意_玩具人,,知名媒體,,48,0,0,48,47,1,97.92%,2.08%,0.00%,0.00%
20260127,14,第一網站股份有限公司,2783,漫畫櫃manhuagui,20685,MW_300X250_manhuagui,antifroud,,,"5,218",0,0,"5,218","4,422",796,84.75%,15.25%,0.00%,0.00%
20260127,14,德榕企業有限公司,3577,TW Bodhi,20705,(子)CF_336x280_文章頁(RWD)_TW Bodhi,antifroud,,子聯播網,12,0,0,12,12,0,100.00%,0.00%,0.00%,0.00%
20260127,14,德榕企業有限公司,3578,TW Bodhi_mobile,20708,MW_蓋板_TW Bodhi,,,,243,0,0,243,239,4,98.35%,1.65%,0.00%,0.00%
20260127,14,德榕企業有限公司,3581,忘憂書屋,20727,CF_336x280文章頁(RWD)_忘憂書屋,,,,134,0,0,134,133,1,99.25%,0.75%,0.00%,0.00%
20260127,14,德榕企業有限公司,3582,忘憂書屋_mobile,20728,MW_文中創意300x250_忘憂書屋,,,,70,0,0,70,70,0,100.00%,0.00%,0.00%,0.00%
20260127,14,德榕企業有限公司,3582,忘憂書屋_mobile,20729,MW_蓋板_忘憂書屋,,,,14,0,0,14,14,0,100.00%,0.00%,0.00%,0.00%
20260127,14,第一網站股份有限公司,2916,KiKiNote,20731,CF_300x250_banner_kikinote (PB),,知名媒體,,20,0,0,20,18,2,90.00%,10.00%,0.00%,0.00%
20260127,14,第一網站股份有限公司,2910,clickme,20735,(子)CF_300x250_banner_clickme(成人),,,子聯播網,"5,937",0,0,"5,931","5,212",719,87.88%,12.12%,0.00%,0.00%
20260127,14,第一網站股份有限公司,3440,fsa_passback_first,21699,CF_336x280_fsa_passback_first,,,,"4,680",0,0,"4,680","3,979",701,85.02%,14.98%,0.00%,0.00%
20260127,14,朱光宁,3269,石頭小說-mobile,21741,MW_320x480_蓋版_石頭小說-mobile,antifroud,,,6,0,0,6,1,5,16.67%,83.33%,0.00%,0.00%
20260127,14,富盈數據股份有限公司,3653,TVBS-女人我最大_HB,21760,MW_文章三_336x280_TVBS-女人我最大_HB,,知名媒體,,6,0,0,6,6,0,100.00%,0.00%,0.00%,0.00%
20260127,14,富盈數據股份有限公司,3653,TVBS-女人我最大_HB,21761,MW_文章四_336x280_TVBS-女人我最大_HB,,知名媒體,,556,0,0,556,534,22,96.04%,3.96%,0.00%,0.00%
20260127,14,富盈數據股份有限公司,3653,TVBS-女人我最大_HB,21763,MW_文中創意320x480_TVBS-女人我最大_HB,,知名媒體,,301,0,0,301,298,3,99.00%,1.00%,0.00%,0.00%
20260127,14,富盈數據股份有限公司,3654,TVBS-健康2.0_HB,21765,MW_文章三_336x280_TVBS-健康2.0_HB,,知名媒體,,7,0,0,7,4,3,57.14%,42.86%,0.00%,0.00%
20260127,14,富盈數據股份有限公司,3654,TVBS-健康2.0_HB,21768,MW_文中創意320x480_TVBS-健康2.0_HB,,知名媒體,,"4,610",0,0,"4,610","4,242",368,92.02%,7.98%,0.00%,0.00%
20260127,14,富盈數據股份有限公司,3655,TVBS-食尚玩家_HB,21773,MW_文中創意320x480_TVBS-食尚玩家_HB,,知名媒體,,210,0,0,210,180,30,85.71%,14.29%,0.00%,0.00%
20260127,14,富盈數據股份有限公司,3654,TVBS-健康2.0_HB,21812,MW_文章一_336x280_TVBS-健康2.0_HB,,知名媒體,,65,0,0,65,58,7,89.23%,10.77%,0.00%,0.00%
20260127,14,儂儂雜誌社股份有限公司(bella儂儂),2135,Bella儂儂_2024,21876,MW-300x250_文章標題上方1_Bella儂儂,,知名媒體,,110,0,0,110,106,4,96.36%,3.64%,0.00%,0.00%
20260127,14,富盈數據股份有限公司,3680,TVBS-新聞網_HB,21898,CF_文章右側300x600_TVBS-新聞網_HB,,知名媒體,,12,0,0,12,12,0,100.00%,0.00%,0.00%,0.00%
20260127,14,富盈數據股份有限公司,3680,TVBS-新聞網_HB,21899,MW_文章一_336x280_TVBS-新聞網_HB,,知名媒體,,"2,293",0,0,"2,293","2,120",173,92.46%,7.54%,0.00%,0.00%
20260127,14,富盈數據股份有限公司,3680,TVBS-新聞網_HB,21900,MW_文章三_336x280_TVBS-新聞網_HB,,知名媒體,,339,0,0,339,331,8,97.64%,2.36%,0.00%,0.00%
20260127,14,富盈數據股份有限公司,3680,TVBS-新聞網_HB,21902,MW_文章置底_320x100_TVBS-新聞網_HB,,知名媒體,,"2,592",0,0,"2,592","2,372",220,91.51%,8.49%,0.00%,0.00%
20260127,14,富盈數據股份有限公司,3684,稅美人_mobile,21923,MW_置底創意(非展開)_稅美人-mobile,,,,427,0,0,427,229,198,53.63%,46.37%,0.00%,0.00%
20260127,14,富盈數據股份有限公司,3685,玩桌遊_mobile,21924,MW_置底創意(非展開)_玩桌遊-mobile,,,,164,0,0,164,142,22,86.59%,13.41%,0.00%,0.00%
20260127,14,富盈數據股份有限公司,2615,熱血台中,21986,CF_336x280_全網_熱血台中,,,,18,0,0,18,12,6,66.67%,33.33%,0.00%,0.00%
20260127,14,富盈數據股份有限公司,2615,熱血台中,21987,CF_336x280_全網_熱血台中,,,,44,0,0,44,44,0,100.00%,0.00%,0.00%,0.00%
20260127,14,富盈數據股份有限公司,3704,天天要聞,22030,CF_300 x 250 banner_天天要聞_cpc2,,,,737,0,0,737,367,370,49.80%,50.20%,0.00%,0.00%
20260127,14,富盈數據股份有限公司,3703,繁體小說,22031,CF_300 x 250 banner_繁體小說_cpc2,,,,14,0,0,14,9,5,64.29%,35.71%,0.00%,0.00%
20260127,14,朱光宁,3708,石頭小說,22045,CF_336 x 280 banner_石頭小說_cpc1.67,antifroud,,,"51,407",0,0,"51,407","28,472","22,935",55.39%,44.61%,0.00%,0.00%
20260127,14,冠妍動力科技有限公司,484,小老婆汽機車資訊網,22058,MW_文中創意320x480_小老婆汽機車資訊網-測試,,知名媒體,,6,0,0,6,3,3,50.00%,50.00%,0.00%,0.00%
20260127,14,朱光宁,3718,稷下書院2,22093,CF_336 x 280 banner_稷下書院2_cpc1.67,antifroud,,,"48,740",0,0,"48,740","28,282","20,458",58.03%,41.97%,0.00%,0.00%
20260127,14,富盈數據股份有限公司,3680,TVBS-新聞網_HB,22131,CF_文中300x250_TVBS-新聞網_HB_1,,知名媒體,,26,0,0,26,26,0,100.00%,0.00%,0.00%,0.00%
20260127,14,富盈數據股份有限公司,3680,TVBS-新聞網_HB,22132,CF_文中300x250_TVBS-新聞網_HB_2,,知名媒體,,42,0,0,42,40,2,95.24%,4.76%,0.00%,0.00%
20260127,14,富盈數據股份有限公司,3680,TVBS-新聞網_HB,22133,CF_文中300x250_TVBS-新聞網_HB_3,,知名媒體,,126,0,0,126,116,10,92.06%,7.94%,0.00%,0.00%
20260127,14,闇碼科技股份有限公司,3048,縮短網址產生器-reurl,22213,MW_蓋版_縮短網址產生器-reurl-2025.05(特殊供量),,知名媒體,,788,0,0,788,91,697,11.55%,88.45%,0.00%,0.00%
20260127,14,艾得基客行銷顧問股份有限公司,3724,上報,22217,MW_置底創意(非展開)_上報,,知名媒體,,"1,974",0,0,"1,974","1,928",46,97.67%,2.33%,0.00%,0.00%
20260127,14,艾得基客行銷顧問股份有限公司,3724,上報,22218,MW_置底(展開)_上報,,知名媒體,,"1,107",0,0,"1,107","1,072",35,96.84%,3.16%,0.00%,0.00%
20260127,14,艾得基客行銷顧問股份有限公司,2689,Basketball Top5,22219,MW_置底(展開)_Basketball TOP5,,,,86,0,0,86,86,0,100.00%,0.00%,0.00%,0.00%
20260127,14,欣發現股份有限公司,3363,大人物-mobile,22222,MW_蓋板_大人物,,知名媒體,,38,0,0,38,34,4,89.47%,10.53%,0.00%,0.00%
20260127,14,艾得基客行銷顧問股份有限公司,3738,痞客邦,22226,MW_文章頁-置底-痞客邦,,知名媒體,,12,0,0,12,9,3,75.00%,25.00%,0.00%,0.00%
20260127,14,朱光宁,3741,石頭小說3,22396,MW_置底_石頭小說3,,,,24,0,0,24,15,9,62.50%,37.50%,0.00%,0.00%
20260127,14,朱光宁,3741,石頭小說3,22398,CF_336 x 280 banner_石頭小說3_cpc1.67,,,,"10,378",0,0,"10,378","5,763","4,615",55.53%,44.47%,0.00%,0.00%
20260127,14,朱光宁,3741,石頭小說3,22399,CF_320 x 480 橫幅_石頭小說3,,,,20,0,0,20,11,9,55.00%,45.00%,0.00%,0.00%
20260127,14,艾得基客行銷顧問股份有限公司,3724,上報,22405,MW_蓋版_上報,,知名媒體,,219,0,0,219,213,6,97.26%,2.74%,0.00%,0.00%
20260127,14,闇碼科技股份有限公司,3068,限時圖片-imgus,22406,MW_置底_imgus,antifroud,,,159,0,0,159,156,3,98.11%,1.89%,0.00%,0.00%
20260127,14,第一網站股份有限公司,2783,漫畫櫃manhuagui,22443,MW_置底_manhuagui,antifroud,,,"4,263",0,0,"4,263","3,853",410,90.38%,9.62%,0.00%,0.00%
20260127,14,艾得基客行銷顧問股份有限公司,3490,太報,22495,MW_300x250 BANNER_太報_CPM5,,知名媒體,子聯播網,6,0,0,6,6,0,100.00%,0.00%,0.00%,0.00%
20260127,14,艾得基客行銷顧問股份有限公司,2689,Basketball Top5,22498,MW_300x250 Banner_Basketball TOP5_CPM5,,,子聯播網,302,0,0,302,298,4,98.68%,1.32%,0.00%,0.00%
20260127,14,艾得基客行銷顧問股份有限公司,2578,鉅亨網,22507,MW_300x250_鉅亨網_直播用BN-1,,知名媒體,子聯播網,794,0,0,794,771,23,97.10%,2.90%,0.00%,0.00%
20260127,14,艾得基客行銷顧問股份有限公司,3752,ＭoneyDJ,22514,MW_文中創意320x480_MoneyDJ,antifroud,知名媒體,,46,0,0,46,41,5,89.13%,10.87%,0.00%,0.00%
20260127,14,李承翰-webptt,718,Web批踢踢(RWD),2284,MW-蓋板_文中_Web批踢踢,antifroud,,,56,0,0,56,40,16,71.43%,28.57%,0.00%,0.00%
20260127,14,麥智維,999,動漫戲說,3543,CF-728*90-內文上方-動漫戲說,antifroud,,,147,0,0,147,105,42,71.43%,28.57%,0.00%,0.00%
20260127,14,蔡建磊,1269,跑跑資訊站,4622,CF-300X250-內文右側-跑跑資訊站,,,,6,0,0,6,4,2,66.67%,33.33%,0.00%,0.00%
20260127,14,肖偉彬,1287,紅櫻桃小說書庫,4678,CF-內文上方-300*250-紅櫻桃小說書庫,,,,40,0,0,40,30,10,75.00%,25.00%,0.00%,0.00%
20260127,14,肖偉彬,1286,龍騰世紀書庫,4716,CF-內文中間-300*250-龍騰世紀書庫,,,,6,0,0,6,3,3,50.00%,50.00%,0.00%,0.00%
20260127,14,肖偉彬,1287,紅櫻桃小說書庫,4717,MW_文中創意300x250_紅櫻桃小說書庫,,,,6,0,0,6,3,3,50.00%,50.00%,0.00%,0.00%
20260127,14,技達創意資訊有限公司,1299,泰好網,4733,CF-300*250-內文下方-泰好網,,,,24,0,0,24,24,0,100.00%,0.00%,0.00%,0.00%
20260127,14,技達創意資訊有限公司,1299,泰好網,4734,MW-320*100-首頁、內文上方-泰好網,,,,6,0,0,6,6,0,100.00%,0.00%,0.00%,0.00%
20260127,14,陈晋福,1367,電視超人,4997,CF-300X250-電視超人,,,,6,0,0,6,3,3,50.00%,50.00%,0.00%,0.00%
20260127,14,麥智維,999,動漫戲說,6069,CF-300*250-首頁-動漫戲說,,,,26,0,0,26,24,2,92.31%,7.69%,0.00%,0.00%
20260127,14,莊博凱,1676,夢遊電玩-exchange,6310,CF-160*600-網頁右側-夢遊電玩-exchange,,,,36,0,0,36,32,4,88.89%,11.11%,0.00%,0.00%
20260127,14,吳慧玲,2082,宅女懶懶子,8073,CF-右側通欄第二塊-300x600-宅女懶懶子,antifroud,,,12,0,0,12,8,4,66.67%,33.33%,0.00%,0.00%
20260127,14,精鏡傳媒股份有限公司,1060,鏡週刊,8249,MW_置底創意(展開)_鏡週刊,,知名媒體,,6,0,0,6,5,1,83.33%,16.67%,0.00%,0.00%
20260127,14,精鏡傳媒股份有限公司,1060,鏡週刊,8250,MW_置底創意(非展開)_鏡週刊,,知名媒體,,"1,024",0,0,"1,024",904,120,88.28%,11.72%,0.00%,0.00%
20260127,14,臺灣電視事業股份有限公司,52,台視,8313,PC-300x250_內文第一塊_台視財經,,知名媒體,,38,0,0,38,34,4,89.47%,10.53%,0.00%,0.00%
20260127,14,布林遊國際有限公司,1692,Bring You,8393,CF-300X250-上方通欄右側_BringYou,,知名媒體,,32,0,0,32,32,0,100.00%,0.00%,0.00%,0.00%
20260127,14,巧克科技新媒體股份有限公司,2127,LINE TV_Banner-exchange,8576,CF_336x280_戲劇-右側好康資訊下方_LINE TV-exchange,,知名媒體,,20,0,0,20,18,2,90.00%,10.00%,0.00%,0.00%
20260127,14,巧克科技新媒體股份有限公司,2127,LINE TV_Banner-exchange,8577,CF_336x280_戲劇-右側好康資訊上方_LINE TV-exchange,,知名媒體,,70,0,0,70,64,6,91.43%,8.57%,0.00%,0.00%
20260127,14,鳳梨傳媒股份有限公司,2190,民視新聞網-Exchange,8862,CF_970X90_分類新聞內頁上方_民視新聞(MCM),,知名媒體,,12,0,0,12,11,1,91.67%,8.33%,0.00%,0.00%
20260127,15,英屬維京群島商浩美數位有限公司台灣分公司,2315,Teepr亮新聞-exchange,10012,CF_336x280Banner_Teepr亮新聞-exchange,,知名媒體,,"1,386",0,0,"1,386","1,350",36,97.40%,2.60%,0.00%,0.00%
20260127,15,昱得資訊工作室,2528,數位書香,11080,CF_728x90_首頁上方_數位書香,antifroud,,,36,0,0,36,36,0,100.00%,0.00%,0.00%,0.00%
20260127,15,昱得資訊工作室,2528,數位書香,11081,CF_160x600_首頁右側_數位書香,antifroud,,,750,0,0,750,750,0,100.00%,0.00%,0.00%,0.00%
20260127,15,第一網站股份有限公司,2518,麻辣家族討論區(twbts),11082,CF-728X90-twbts,antifroud,,,419,0,336,419,408,11,97.37%,2.63%,0.00%,80.19%
20260127,15,第一網站股份有限公司,2540,risu短網址,11260,MW-300X250-MB_page_left-risu,,知名媒體,,56,0,0,56,41,15,73.21%,26.79%,0.00%,0.00%
20260127,15,第一網站股份有限公司,2492,ttshow,11273,MW-300X250-ttshow,,知名媒體,,41,0,0,41,33,8,80.49%,19.51%,0.00%,0.00%
20260127,15,第一網站股份有限公司,2601,Meme梗圖倉庫,11443,CF-336X280-meme,,,,"1,403",0,0,"1,403","1,317",86,93.87%,6.13%,0.00%,0.00%
20260127,15,艾得基客行銷顧問股份有限公司,2578,鉅亨網,12070,MW_320x480_文中創意_鉅亨網,,知名媒體,,"8,856",0,0,"8,856","8,728",128,98.55%,1.45%,0.00%,0.00%
20260127,15,葉志斌,2745,繁中寶可夢卡表生成器-奶爸工作室-exchange,12210,CF_728x90__文末__繁中寶可夢卡表生成器,,,,6,0,0,6,6,0,100.00%,0.00%,0.00%,0.00%
20260127,15,第一網站股份有限公司,2540,risu短網址,12496,CF_300x250_popup(直播) _risu短網址,antifroud,知名媒體,,6,0,0,6,6,0,100.00%,0.00%,0.00%,0.00%
20260127,15,時報資訊股份有限公司,2770,中時電子報_HB,12559,CF_300x250_右側互動看版_中時電子報_HB,,知名媒體,,545,0,0,545,443,102,81.28%,18.72%,0.00%,0.00%
20260127,15,時報資訊股份有限公司,2770,中時電子報_HB,12560,CF_336x280_文中看板_中時電子報_HB,,知名媒體,,531,0,0,531,429,102,80.79%,19.21%,0.00%,0.00%
20260127,15,時報資訊股份有限公司,2770,中時電子報_HB,12561,MW_300x250_內頁TOP Banner_中時電子報_HB,antifroud,知名媒體,,833,0,0,833,765,68,91.84%,8.16%,0.00%,0.00%
20260127,15,第一網站股份有限公司,2768,czbooks,12570,CF_728x90_banner_czbooks,,,,"3,991",0,0,"3,991","2,290","1,701",57.38%,42.62%,0.00%,0.00%
20260127,15,鳳梨傳媒股份有限公司,2190,民視新聞網-Exchange,12579,CF_300x250_右側第一塊_民視新聞網-Exchange(RWD)(MCM),,知名媒體,,"1,755",0,0,"1,755","1,691",64,96.35%,3.65%,0.00%,0.00%
20260127,15,鳳梨傳媒股份有限公司,2190,民視新聞網-Exchange,12580,CF_300x250_內文文中左側_民視新聞網-Exchange(RWD)(MCM),,知名媒體,,"1,807",0,0,"1,807","1,726",81,95.52%,4.48%,0.00%,0.00%
20260127,15,第一網站股份有限公司,2783,漫畫櫃manhuagui,12676,CF_728X90_manhuagui,antifroud,,,"57,145",0,0,"57,145","46,995","10,150",82.24%,17.76%,0.00%,0.00%
20260127,15,艾得基客行銷顧問股份有限公司,2635,工商時報,12761,MW_320x480_文中創意_工商時報new,,知名媒體,,36,0,0,36,35,1,97.22%,2.78%,0.00%,0.00%
20260127,15,第一網站股份有限公司,2801,damanwoo,12868,CF-300x250_Banner_damanwoo_大人物,,,,64,0,0,64,62,2,96.88%,3.12%,0.00%,0.00%
20260127,15,艾得基客行銷顧問股份有限公司,2266,嬰兒與母親,12869,MW_置底創意_嬰兒與母親,,知名媒體,,6,0,0,6,6,0,100.00%,0.00%,0.00%,0.00%
20260127,15,第一網站股份有限公司,2820,星座好朋友(horofriend88),12966,MW_320x100_horofriend88,antifroud,,,128,0,0,128,126,2,98.44%,1.56%,0.00%,0.00%
20260127,15,時報資訊股份有限公司,2335,中時電子報_2019,12974,MW-置底創意(展開)-中時電子報_2019,antifroud,知名媒體,,18,0,0,18,17,1,94.44%,5.56%,0.00%,0.00%
20260127,15,第一網站股份有限公司,2836,vivi01,13032,MW_置底創意_vivi01 ViVi視頻,,,,72,0,0,72,71,1,98.61%,1.39%,0.00%,0.00%
20260127,15,第一網站股份有限公司,2838,mycard,13041,MW_320x480_加倍mycard,,,,239,0,0,239,0,239,0.00%,100.00%,0.00%,0.00%
20260127,15,東森電視事業股份有限公司,2014,東森新聞網,13162,MW_置底創意(展開)_東森新聞網,antifroud,知名媒體,,269,0,0,269,269,0,100.00%,0.00%,0.00%,0.00%
20260127,15,和運租車股份有限公司,2878,abc好車網,13368,CF_970x90_物件頁下方_abc好車網,,知名媒體,,18,0,0,18,10,8,55.56%,44.44%,0.00%,0.00%
20260127,15,曾憲敏,202,85小說網,13445,MW_336X280_全量1_85小說網,,,,372,0,0,372,276,96,74.19%,25.81%,0.00%,0.00%
20260127,15,曾憲敏,202,85小說網,13446,MW_336X280_全量2_85小說網,,,,"2,503",0,0,"2,503","1,956",547,78.15%,21.85%,0.00%,0.00%
20260127,15,第一網站股份有限公司,2910,clickme,13548,(子)CF_300x250_banner_clickme(一般),,,子聯播網,"1,677",0,0,"1,677","1,238",439,73.82%,26.18%,0.00%,0.00%
20260127,15,第一網站股份有限公司,2910,clickme,13549,CF_300x250_banner_clickme(一般),,,,907,0,0,907,783,124,86.33%,13.67%,0.00%,0.00%
20260127,15,第一網站股份有限公司,2916,KiKiNote,13576,(子)CF_300x250_banner_kikinote,,知名媒體,子聯播網,"2,671",0,0,"2,671","2,519",152,94.31%,5.69%,0.00%,0.00%
20260127,15,闇碼科技股份有限公司,2992,縮短網址產生器-reurl-exchange,13848,CF_300x250_轉址失敗_最右邊_reurl,,知名媒體,,6,0,0,6,5,1,83.33%,16.67%,0.00%,0.00%
20260127,15,闇碼科技股份有限公司,2992,縮短網址產生器-reurl-exchange,13856,CF_300x250_轉址失敗頁第二塊_reurl,,知名媒體,,12,0,0,12,9,3,75.00%,25.00%,0.00%,0.00%
20260127,15,闇碼科技股份有限公司,2992,縮短網址產生器-reurl-exchange,13861,CF_300x250_網址下方右側(PB)_reurl,,知名媒體,,6,0,0,6,6,0,100.00%,0.00%,0.00%,0.00%
20260127,15,第一網站股份有限公司,2768,czbooks,14036,MW_320x480_CZBOOKS,antifroud,,,34,0,0,34,23,11,67.65%,32.35%,0.00%,0.00%
20260127,15,陳人鳳,480,飛格寵物家族_PC,1407,CF-728X90_上方通欄_飛格寵物家族,,,,18,0,0,18,14,4,77.78%,22.22%,0.00%,0.00%
20260127,15,陳人鳳,480,飛格寵物家族_PC,1408,CF-300X250_內文_飛格寵物家族,,,,78,0,0,78,52,26,66.67%,33.33%,0.00%,0.00%
20260127,15,東森電視事業股份有限公司,2014,東森新聞網,14097,MW_蓋版_東森新聞網,,知名媒體,,"1,886",0,0,"1,886","1,873",13,99.31%,0.69%,0.00%,0.00%
20260127,15,闇碼科技股份有限公司,3048,縮短網址產生器-reurl,14210,MW_文中創意300x250_縮短網址產生器-reurl,,知名媒體,,204,0,0,204,141,63,69.12%,30.88%,0.00%,0.00%
20260127,15,巨思文化股份有限公司,3052,經理人_HB,14238,MW_文章結束第一塊_300x250_經理人-HB,,知名媒體,,6,0,0,6,5,1,83.33%,16.67%,0.00%,0.00%
20260127,15,巨思文化股份有限公司,3052,經理人_HB,14239,CF_300x250_內文下方右側_經理人-HB,,知名媒體,,6,0,0,6,4,2,66.67%,33.33%,0.00%,0.00%
20260127,15,巨思文化股份有限公司,3052,經理人_HB,14240,CF_300x250_內文下方左側_經理人-HB,,知名媒體,,6,0,0,6,4,2,66.67%,33.33%,0.00%,0.00%
20260127,15,巨思文化股份有限公司,3052,經理人_HB,14241,MW_300x250_內文下方_經理人-HB,,知名媒體,,6,0,0,6,5,1,83.33%,16.67%,0.00%,0.00%
20260127,15,富盈數據股份有限公司,3059,塔科女子,14258,CF_336x280_全網_塔科女子,,知名媒體,,20,0,0,20,20,0,100.00%,0.00%,0.00%,0.00%
20260127,15,CBROOT LTD,3003,包子漫畫-exchange,14291,MW_300x250_蓋板(PB)_包子漫畫,,,,333,0,0,333,302,31,90.69%,9.31%,0.00%,0.00%
20260127,15,朱光宁,3152,石頭小說-exchange,14472,MW_336x280_Banner_石頭小說,,,,"7,524",0,0,"7,524","5,615","1,909",74.63%,25.37%,0.00%,0.00%
20260127,15,朱光宁,3149,稷下書院-exchange,14748,MW_320x100_置底(PB)_稷下書院,,,,"22,954",0,0,"22,944","12,591","10,353",54.88%,45.12%,0.00%,0.00%
20260127,15,巨思文化股份有限公司,3053,數位時代_HB,14764,MW_置底創意_(非展開)_數位時代_HB,,知名媒體,,210,0,0,210,204,6,97.14%,2.86%,0.00%,0.00%
20260127,15,中天電視股份有限公司,3282,中天新聞網-exchange,14980,CF_970x250_內頁_PC置頂橫幅-中天新聞網-exchange,,知名媒體,,112,0,0,112,98,14,87.50%,12.50%,0.00%,0.00%
20260127,15,曾憲敏,3327,85小說網_創意,15227,MW-300X250_85小說網_隨身影音PB,,,,6,0,0,6,4,2,66.67%,33.33%,0.00%,0.00%
20260127,15,曾憲敏,3327,85小說網_創意,15228,MW-創意-85小說網,,,,12,0,0,12,10,2,83.33%,16.67%,0.00%,0.00%
20260127,15,中天電視股份有限公司,3282,中天新聞網-exchange,15859,CF_336x280_內頁_PC右側互動看板B-中天新聞網-exchange,,知名媒體,,931,0,0,931,869,62,93.34%,6.66%,0.00%,0.00%
20260127,15,布林遊國際有限公司,2620,Bring You-exchange,15951,CF_300x600_右側通欄_BringYou-exchange,,知名媒體,,6,0,0,6,6,0,100.00%,0.00%,0.00%,0.00%
20260127,15,CBROOT LTD,3352,西瓜卡通-exchange,15970,CF_160x600_影音內容_西瓜卡通-exchange,,,,6,0,0,6,6,0,100.00%,0.00%,0.00%,0.00%
20260127,15,朱光宁,3360,提莫書屋-exchange,16957,MW_336x280banner_提莫書屋_exchange,,,,"15,846",0,0,"15,846","12,659","3,187",79.89%,20.11%,0.00%,0.00%
20260127,15,朱光宁,3361,提莫書屋-mobile,16959,MW_320x480_文中創意_提莫書屋-mobile,,,,56,0,0,56,50,6,89.29%,10.71%,0.00%,0.00%
20260127,15,欣發現股份有限公司,3365,Hami任務牆-mobile,16969,MW_置底創意_Hami任務牆,,知名媒體,,14,0,0,14,11,3,78.57%,21.43%,0.00%,0.00%
20260127,15,欣發現股份有限公司,3364,女子學-mobile,16972,MW_置底創意_女子學,antifroud,,,98,0,0,98,82,16,83.67%,16.33%,0.00%,0.00%
20260127,15,欣發現股份有限公司,3363,大人物-mobile,16973,MW_置底創意_大人物,,知名媒體,,6,0,0,6,5,1,83.33%,16.67%,0.00%,0.00%
20260127,15,第一網站股份有限公司,2783,漫畫櫃manhuagui,17027,MW_320x480_蓋版_漫畫櫃manhuagui,,,,54,0,0,54,51,3,94.44%,5.56%,0.00%,0.00%
20260127,15,艾得基客行銷顧問股份有限公司,3373,良醫健康網,17092,MW_置底創意_良醫健康網,,知名媒體,,18,0,0,18,18,0,100.00%,0.00%,0.00%,0.00%
20260127,15,詠勝科技有限公司,3385,Mobile01_HB,17179,CF_300x250_熱門大看板_Mobile01_HB,,知名媒體,,378,0,0,378,315,63,83.33%,16.67%,0.00%,0.00%
20260127,15,詠勝科技有限公司,3385,Mobile01_HB,17180,CF_300x250_置底看板左_Mobile01_HB,,知名媒體,,91,0,0,91,83,8,91.21%,8.79%,0.00%,0.00%
20260127,15,詠勝科技有限公司,3385,Mobile01_HB,17181,CF_300x250_置底看板中_Mobile01_HB,,知名媒體,,76,0,0,76,67,9,88.16%,11.84%,0.00%,0.00%
20260127,15,詠勝科技有限公司,3385,Mobile01_HB,17182,CF_300x250_置底看板右_Mobile01_HB,,知名媒體,,18,0,0,18,16,2,88.89%,11.11%,0.00%,0.00%
20260127,15,朱光宁,3268,稷下書院-mobile,17207,MW_320x480_蓋版_稷下書院-mobile,,,,"1,475",0,0,"1,475",965,510,65.42%,34.58%,0.00%,0.00%
20260127,15,中華電視股份有限公司,3389,華視-mobile,17230,MW_置底創意(非展開)_華視-mobile,,知名媒體,,6,0,0,6,6,0,100.00%,0.00%,0.00%,0.00%
20260127,15,李立娟,3395,vivi0視頻-exchange,17293,CF_336x280_Banner_vivi01視頻-exchange,antifroud,,,"45,427",0,0,"45,427","44,535",892,98.04%,1.96%,0.00%,0.00%
20260127,15,李立娟,3395,vivi0視頻-exchange,17294,MW_336x280_Banner_vivi01視頻-exchange,antifroud,,,"43,568",0,0,"43,568","42,695",873,98.00%,2.00%,0.00%,0.00%
20260127,15,李立娟,3395,vivi0視頻-exchange,17299,MW_300x250_蓋板(PB)-vivi01視頻-exchange,,,,6,0,0,6,6,0,100.00%,0.00%,0.00%,0.00%
20260127,15,李立娟,3395,vivi0視頻-exchange,17300,MW_320x100_置底(PB)_vivi01視頻-exchange,antifroud,,,"74,883",0,0,"74,883","73,865","1,018",98.64%,1.36%,0.00%,0.00%
20260127,15,李立娟,3397,趣聞圖說-exchange,17309,MW_336x280_文中Banner_趣聞圖說-exchange,,,,"1,373",0,0,"1,373",904,469,65.84%,34.16%,0.00%,0.00%
20260127,15,曾憲敏,601,85小說網_PC,1773,CF-300x250_85小說網_內文1,,,,412,0,0,412,265,147,64.32%,35.68%,0.00%,0.00%
20260127,15,李立娟,3396,趣聞圖說-Mobile,17923,MW_置底創意(展開)_趣聞圖說-Mobile,,,,21,0,0,21,21,0,100.00%,0.00%,0.00%,0.00%
20260127,15,第一網站股份有限公司,2768,czbooks,17927,MW_置底創意_czbook,,,,"4,778",0,0,"4,778","2,886","1,892",60.40%,39.60%,0.00%,0.00%
20260127,15,時報資訊股份有限公司_工商時報,3427,工商時報-exchange,18003,CF_300x250_互動看板2_工商時報-exchange,,知名媒體,,6,0,0,6,6,0,100.00%,0.00%,0.00%,0.00%
20260127,15,時報資訊股份有限公司_工商時報,3427,工商時報-exchange,18007,CF_336x280_文末右側看板_工商時報-exchange,,知名媒體,,13,0,0,13,13,0,100.00%,0.00%,0.00%,0.00%
20260127,15,時報資訊股份有限公司_工商時報,3427,工商時報-exchange,18008,CF_336x280_文末左側看板_工商時報-exchange,,知名媒體,,14,0,0,14,12,2,85.71%,14.29%,0.00%,0.00%
20260127,15,時報資訊股份有限公司_工商時報,3427,工商時報-exchange,18014,MW_300x250_文末Banner1_工商時報-exchange,,知名媒體,,91,0,0,91,90,1,98.90%,1.10%,0.00%,0.00%
20260127,15,時報資訊股份有限公司_工商時報,3427,工商時報-exchange,18015,MW_300x250_文末Banner2_工商時報-exchange,,知名媒體,,125,0,0,125,123,2,98.40%,1.60%,0.00%,0.00%
20260127,15,第一網站股份有限公司,3440,fsa_passback_first,18201,CF_336x280_fsa_passback_first,,,,"1,690",0,0,"1,690","1,222",468,72.31%,27.69%,0.00%,0.00%
20260127,15,第一網站股份有限公司,3440,fsa_passback_first,18202,CF_300x250_fsa_passback_first,,,,"4,414",0,0,"4,414","3,369","1,045",76.33%,23.67%,0.00%,0.00%
20260127,15,莊博凱,3455,夢遊電玩,18269,300x250 Banner,,,,6,0,0,6,3,3,50.00%,50.00%,0.00%,0.00%
20260127,15,朱光宁,3268,稷下書院-mobile,18297,MW_置底創意(展開)_稷下書院-mobile,,,,168,0,0,168,99,69,58.93%,41.07%,0.00%,0.00%
20260127,15,冰楓科技有限公司,3485,冰楓論壇-exchange,18487,CF_970x90_內文上方第一塊_冰楓論壇-exchange,,,,880,0,0,880,752,128,85.45%,14.55%,0.00%,0.00%
20260127,15,冰楓科技有限公司,3485,冰楓論壇-exchange,18488,MW_320x100_內文上方第一塊_ 冰楓論壇-exchange,antifroud,,,78,0,0,78,67,11,85.90%,14.10%,0.00%,0.00%
20260127,15,冰楓科技有限公司,3485,冰楓論壇-exchange,18492,MW_300x250_Banner_ 冰楓論壇-exchange,,,,448,0,0,448,393,55,87.72%,12.28%,0.00%,0.00%
20260127,15,CBROOT LTD,3510,包子漫畫_twmanga-exchange,18737,CF_970x90_Banner_ 包子漫畫_twmanga-exchange,,,,63,0,0,63,56,7,88.89%,11.11%,0.00%,0.00%
20260127,15,舒禾驊,3535,荷花動漫筆記,18887,CF_336x280_文章頁文中_荷花動漫筆記,,,,6,0,0,6,3,3,50.00%,50.00%,0.00%,0.00%
20260127,15,台灣英文新聞股份有限公司,3537,台灣英文新聞(new)-exchange,18924,CF_300x250_內容頁_右側看版_1_台灣英文新聞(new)-exchange,,知名媒體,,50,0,0,50,40,10,80.00%,20.00%,0.00%,0.00%
20260127,15,聯合線上股份有限公司,3549,UDN元氣網,19018,CF_首頁文章推薦第三格300x250_UDN元氣網,,知名媒體,,6,0,0,6,5,1,83.33%,16.67%,0.00%,0.00%
20260127,15,艾得基客行銷顧問股份有限公司,3490,太報,19043,MW_置底創意(展開)_太報,,知名媒體,,406,0,0,406,398,8,98.03%,1.97%,0.00%,0.00%
20260127,15,艾得基客行銷顧問股份有限公司,3552,玩具人,19044,MW_320x480_文中創意_玩具人,,知名媒體,,54,0,0,54,48,6,88.89%,11.11%,0.00%,0.00%
20260127,15,先驅媒體社會企業股份有限公司,3554,新頭殼(R18),19046,MW_320x100Banner_newtalk.tw_mobile_photo_320100_1_新頭殼(R18),,知名媒體,,6,0,0,6,6,0,100.00%,0.00%,0.00%,0.00%
20260127,15,先驅媒體社會企業股份有限公司,3554,新頭殼(R18),19047,(子)CF_300x250Banner_newtalk.tw_content_300250_1_新頭殼(R18),,知名媒體,子聯播網,6,0,0,6,5,1,83.33%,16.67%,0.00%,0.00%
20260127,15,第一網站股份有限公司,2783,漫畫櫃manhuagui,20685,MW_300X250_manhuagui,antifroud,,,"5,394",0,0,"5,394","4,661",733,86.41%,13.59%,0.00%,0.00%
20260127,15,德榕企業有限公司,3578,TW Bodhi_mobile,20708,MW_蓋板_TW Bodhi,,,,216,0,0,216,216,0,100.00%,0.00%,0.00%,0.00%
20260127,15,德榕企業有限公司,3581,忘憂書屋,20727,CF_336x280文章頁(RWD)_忘憂書屋,,,,50,0,0,50,48,2,96.00%,4.00%,0.00%,0.00%
20260127,15,德榕企業有限公司,3582,忘憂書屋_mobile,20728,MW_文中創意300x250_忘憂書屋,,,,42,0,0,42,42,0,100.00%,0.00%,0.00%,0.00%
20260127,15,第一網站股份有限公司,2910,clickme,20735,(子)CF_300x250_banner_clickme(成人),,,子聯播網,"9,589",0,0,"9,589","8,165","1,424",85.15%,14.85%,0.00%,0.00%
20260127,15,第一網站股份有限公司,3440,fsa_passback_first,21699,CF_336x280_fsa_passback_first,,,,"5,303",0,0,"5,303","4,446",857,83.84%,16.16%,0.00%,0.00%
20260127,15,朱光宁,3269,石頭小說-mobile,21741,MW_320x480_蓋版_石頭小說-mobile,antifroud,,,6,0,0,6,4,2,66.67%,33.33%,0.00%,0.00%
20260127,15,富盈數據股份有限公司,3653,TVBS-女人我最大_HB,21760,MW_文章三_336x280_TVBS-女人我最大_HB,,知名媒體,,44,0,0,44,44,0,100.00%,0.00%,0.00%,0.00%
20260127,15,富盈數據股份有限公司,3653,TVBS-女人我最大_HB,21761,MW_文章四_336x280_TVBS-女人我最大_HB,,知名媒體,,566,0,0,566,557,9,98.41%,1.59%,0.00%,0.00%
20260127,15,富盈數據股份有限公司,3653,TVBS-女人我最大_HB,21763,MW_文中創意320x480_TVBS-女人我最大_HB,,知名媒體,,309,0,0,309,307,2,99.35%,0.65%,0.00%,0.00%
20260127,15,富盈數據股份有限公司,3654,TVBS-健康2.0_HB,21768,MW_文中創意320x480_TVBS-健康2.0_HB,,知名媒體,,"4,641",0,0,"4,641","4,349",292,93.71%,6.29%,0.00%,0.00%
20260127,15,富盈數據股份有限公司,3655,TVBS-食尚玩家_HB,21770,MW_文章三_336x280_TVBS-食尚玩家_HB,,知名媒體,,8,0,0,8,8,0,100.00%,0.00%,0.00%,0.00%
20260127,15,富盈數據股份有限公司,3655,TVBS-食尚玩家_HB,21773,MW_文中創意320x480_TVBS-食尚玩家_HB,,知名媒體,,183,0,0,183,166,17,90.71%,9.29%,0.00%,0.00%
20260127,15,富盈數據股份有限公司,3654,TVBS-健康2.0_HB,21812,MW_文章一_336x280_TVBS-健康2.0_HB,,知名媒體,,50,0,0,50,44,6,88.00%,12.00%,0.00%,0.00%
20260127,15,先驅媒體社會企業股份有限公司,3554,新頭殼(R18),21839,ＭＷ_336x280Banner_newtalk.tw_mobile_all_336280_2_新頭殼(R18),antifroud,知名媒體,,18,0,0,18,18,0,100.00%,0.00%,0.00%,0.00%
20260127,15,儂儂雜誌社股份有限公司(bella儂儂),2135,Bella儂儂_2024,21876,MW-300x250_文章標題上方1_Bella儂儂,,知名媒體,,242,0,0,242,234,8,96.69%,3.31%,0.00%,0.00%
20260127,15,富盈數據股份有限公司,3680,TVBS-新聞網_HB,21898,CF_文章右側300x600_TVBS-新聞網_HB,,知名媒體,,18,0,0,18,18,0,100.00%,0.00%,0.00%,0.00%
20260127,15,富盈數據股份有限公司,3680,TVBS-新聞網_HB,21899,MW_文章一_336x280_TVBS-新聞網_HB,,知名媒體,,"2,378",0,0,"2,378","2,248",130,94.53%,5.47%,0.00%,0.00%
20260127,15,富盈數據股份有限公司,3680,TVBS-新聞網_HB,21900,MW_文章三_336x280_TVBS-新聞網_HB,,知名媒體,,319,0,0,319,316,3,99.06%,0.94%,0.00%,0.00%
20260127,15,富盈數據股份有限公司,3680,TVBS-新聞網_HB,21902,MW_文章置底_320x100_TVBS-新聞網_HB,,知名媒體,,"2,398",0,0,"2,398","2,268",130,94.58%,5.42%,0.00%,0.00%
20260127,15,富盈數據股份有限公司,3684,稅美人_mobile,21923,MW_置底創意(非展開)_稅美人-mobile,,,,459,0,0,459,254,205,55.34%,44.66%,0.00%,0.00%
20260127,15,富盈數據股份有限公司,3685,玩桌遊_mobile,21924,MW_置底創意(非展開)_玩桌遊-mobile,,,,238,0,0,238,199,39,83.61%,16.39%,0.00%,0.00%
20260127,15,富盈數據股份有限公司,2615,熱血台中,21986,CF_336x280_全網_熱血台中,,,,32,0,0,32,32,0,100.00%,0.00%,0.00%,0.00%
20260127,15,富盈數據股份有限公司,2615,熱血台中,21987,CF_336x280_全網_熱血台中,,,,34,0,0,34,31,3,91.18%,8.82%,0.00%,0.00%
20260127,15,富盈數據股份有限公司,3704,天天要聞,22030,CF_300 x 250 banner_天天要聞_cpc2,,,,759,0,0,759,391,368,51.52%,48.48%,0.00%,0.00%
20260127,15,富盈數據股份有限公司,3703,繁體小說,22031,CF_300 x 250 banner_繁體小說_cpc2,,,,46,0,0,46,34,12,73.91%,26.09%,0.00%,0.00%
20260127,15,朱光宁,3708,石頭小說,22045,CF_336 x 280 banner_石頭小說_cpc1.67,antifroud,,,"3,184",0,0,"3,184","1,796","1,388",56.41%,43.59%,0.00%,0.00%
20260127,15,冠妍動力科技有限公司,484,小老婆汽機車資訊網,22058,MW_文中創意320x480_小老婆汽機車資訊網-測試,,知名媒體,,6,0,0,6,3,3,50.00%,50.00%,0.00%,0.00%
20260127,15,朱光宁,3718,稷下書院2,22093,CF_336 x 280 banner_稷下書院2_cpc1.67,antifroud,,,"2,809",0,0,"2,809","1,634","1,175",58.17%,41.83%,0.00%,0.00%
20260127,15,富盈數據股份有限公司,3680,TVBS-新聞網_HB,22132,CF_文中300x250_TVBS-新聞網_HB_2,,知名媒體,,65,0,0,65,61,4,93.85%,6.15%,0.00%,0.00%
20260127,15,富盈數據股份有限公司,3680,TVBS-新聞網_HB,22133,CF_文中300x250_TVBS-新聞網_HB_3,,知名媒體,,109,0,0,109,100,9,91.74%,8.26%,0.00%,0.00%
20260127,15,富盈數據股份有限公司,3730,Teepr 亮新聞 HB,22145,MW_336x280_文中創意_Teepr亮新聞 HB,,,,14,0,0,14,14,0,100.00%,0.00%,0.00%,0.00%
20260127,15,冰楓科技有限公司,3485,冰楓論壇-exchange,22160,CF_300x250_Banner2_ 冰楓論壇-exchange,,,,6,0,0,6,3,3,50.00%,50.00%,0.00%,0.00%
20260127,15,闇碼科技股份有限公司,3048,縮短網址產生器-reurl,22213,MW_蓋版_縮短網址產生器-reurl-2025.05(特殊供量),,知名媒體,,141,0,0,141,102,39,72.34%,27.66%,0.00%,0.00%
20260127,15,艾得基客行銷顧問股份有限公司,3724,上報,22217,MW_置底創意(非展開)_上報,,知名媒體,,530,0,0,530,517,13,97.55%,2.45%,0.00%,0.00%
20260127,15,艾得基客行銷顧問股份有限公司,3724,上報,22218,MW_置底(展開)_上報,,知名媒體,,"1,147",0,0,"1,147","1,126",21,98.17%,1.83%,0.00%,0.00%
20260127,15,欣發現股份有限公司,3363,大人物-mobile,22222,MW_蓋板_大人物,,知名媒體,,8,0,0,8,5,3,62.50%,37.50%,0.00%,0.00%
20260127,15,朱光宁,3741,石頭小說3,22396,MW_置底_石頭小說3,,,,20,0,0,20,12,8,60.00%,40.00%,0.00%,0.00%
20260127,15,朱光宁,3741,石頭小說3,22398,CF_336 x 280 banner_石頭小說3_cpc1.67,,,,"1,566",0,0,"1,566",904,662,57.73%,42.27%,0.00%,0.00%
20260127,15,朱光宁,3741,石頭小說3,22399,CF_320 x 480 橫幅_石頭小說3,,,,36,0,0,36,24,12,66.67%,33.33%,0.00%,0.00%
20260127,15,艾得基客行銷顧問股份有限公司,3724,上報,22405,MW_蓋版_上報,,知名媒體,,136,0,0,136,130,6,95.59%,4.41%,0.00%,0.00%
20260127,15,闇碼科技股份有限公司,3068,限時圖片-imgus,22406,MW_置底_imgus,antifroud,,,167,0,0,167,164,3,98.20%,1.80%,0.00%,0.00%
20260127,15,第一網站股份有限公司,2783,漫畫櫃manhuagui,22443,MW_置底_manhuagui,antifroud,,,"4,725",0,0,"4,725","4,366",359,92.40%,7.60%,0.00%,0.00%
20260127,15,艾得基客行銷顧問股份有限公司,3490,太報,22495,MW_300x250 BANNER_太報_CPM5,,知名媒體,子聯播網,54,0,0,54,54,0,100.00%,0.00%,0.00%,0.00%
20260127,15,艾得基客行銷顧問股份有限公司,2689,Basketball Top5,22498,MW_300x250 Banner_Basketball TOP5_CPM5,,,子聯播網,438,0,0,438,437,1,99.77%,0.23%,0.00%,0.00%
20260127,15,艾得基客行銷顧問股份有限公司,2578,鉅亨網,22507,MW_300x250_鉅亨網_直播用BN-1,,知名媒體,子聯播網,"1,391",0,0,"1,390","1,349",41,97.05%,2.95%,0.00%,0.00%
20260127,15,艾得基客行銷顧問股份有限公司,3752,ＭoneyDJ,22514,MW_文中創意320x480_MoneyDJ,antifroud,知名媒體,,62,0,0,62,58,4,93.55%,6.45%,0.00%,0.00%
20260127,15,艾得基客行銷顧問股份有限公司,3752,ＭoneyDJ,22515,MW_300x250 BANNER_MoneyDJ,antifroud,知名媒體,,6,0,0,6,6,0,100.00%,0.00%,0.00%,0.00%
20260127,15,李承翰-webptt,718,Web批踢踢(RWD),2284,MW-蓋板_文中_Web批踢踢,antifroud,,,38,0,0,38,23,15,60.53%,39.47%,0.00%,0.00%
20260127,15,麥智維,999,動漫戲說,3543,CF-728*90-內文上方-動漫戲說,antifroud,,,297,0,0,297,207,90,69.70%,30.30%,0.00%,0.00%
20260127,15,蔡建磊,1269,跑跑資訊站,4622,CF-300X250-內文右側-跑跑資訊站,,,,6,0,0,6,6,0,100.00%,0.00%,0.00%,0.00%
20260127,15,肖偉彬,1287,紅櫻桃小說書庫,4678,CF-內文上方-300*250-紅櫻桃小說書庫,,,,26,0,0,26,19,7,73.08%,26.92%,0.00%,0.00%
20260127,15,技達創意資訊有限公司,1299,泰好網,4733,CF-300*250-內文下方-泰好網,,,,30,0,0,30,28,2,93.33%,6.67%,0.00%,0.00%
20260127,15,技達創意資訊有限公司,1299,泰好網,4734,MW-320*100-首頁、內文上方-泰好網,,,,26,0,0,26,26,0,100.00%,0.00%,0.00%,0.00%
20260127,15,陈晋福,1367,電視超人,4997,CF-300X250-電視超人,,,,18,0,0,18,15,3,83.33%,16.67%,0.00%,0.00%
20260127,15,麥智維,999,動漫戲說,6069,CF-300*250-首頁-動漫戲說,,,,128,0,0,128,107,21,83.59%,16.41%,0.00%,0.00%
20260127,15,莊博凱,1676,夢遊電玩-exchange,6310,CF-160*600-網頁右側-夢遊電玩-exchange,,,,20,0,0,20,18,2,90.00%,10.00%,0.00%,0.00%
20260127,15,精鏡傳媒股份有限公司,1060,鏡週刊,8250,MW_置底創意(非展開)_鏡週刊,,知名媒體,,639,0,0,637,575,62,90.27%,9.73%,0.00%,0.00%
20260127,15,臺灣電視事業股份有限公司,52,台視,8313,PC-300x250_內文第一塊_台視財經,,知名媒體,,18,0,0,18,14,4,77.78%,22.22%,0.00%,0.00%
20260127,15,布林遊國際有限公司,1692,Bring You,8393,CF-300X250-上方通欄右側_BringYou,,知名媒體,,18,0,0,18,17,1,94.44%,5.56%,0.00%,0.00%
20260127,15,巧克科技新媒體股份有限公司,2127,LINE TV_Banner-exchange,8576,CF_336x280_戲劇-右側好康資訊下方_LINE TV-exchange,,知名媒體,,24,0,0,24,19,5,79.17%,20.83%,0.00%,0.00%
20260127,15,巧克科技新媒體股份有限公司,2127,LINE TV_Banner-exchange,8577,CF_336x280_戲劇-右側好康資訊上方_LINE TV-exchange,,知名媒體,,6,0,0,6,6,0,100.00%,0.00%,0.00%,0.00%
20260127,15,鳳梨傳媒股份有限公司,2190,民視新聞網-Exchange,8862,CF_970X90_分類新聞內頁上方_民視新聞(MCM),,知名媒體,,12,0,0,12,11,1,91.67%,8.33%,0.00%,0.00%
20260127,15,冰楓科技有限公司,1711,冰楓短網址,9308,ＭＷ-300X250-跳轉頁下方-冰楓短網址,,,,6,0,0,6,4,2,66.67%,33.33%,0.00%,0.00%
20260127,16,愛七桃有限公司,2152,寶可夢資訊站,10008,MW-320X100-進入道館功能框下方-寶可夢資訊站,,,,19,0,0,19,19,0,100.00%,0.00%,0.00%,0.00%
20260127,16,英屬維京群島商浩美數位有限公司台灣分公司,2315,Teepr亮新聞-exchange,10012,CF_336x280Banner_Teepr亮新聞-exchange,,知名媒體,,"1,957",0,0,"1,957","1,913",44,97.75%,2.25%,0.00%,0.00%
20260127,16,昱得資訊工作室,2528,數位書香,11080,CF_728x90_首頁上方_數位書香,antifroud,,,40,0,0,40,40,0,100.00%,0.00%,0.00%,0.00%
20260127,16,昱得資訊工作室,2528,數位書香,11081,CF_160x600_首頁右側_數位書香,antifroud,,,906,0,0,906,905,1,99.89%,0.11%,0.00%,0.00%
20260127,16,第一網站股份有限公司,2518,麻辣家族討論區(twbts),11082,CF-728X90-twbts,antifroud,,,523,0,515,523,523,0,100.00%,0.00%,0.00%,98.47%
20260127,16,第一網站股份有限公司,2540,risu短網址,11260,MW-300X250-MB_page_left-risu,,知名媒體,,6,0,0,6,6,0,100.00%,0.00%,0.00%,0.00%
20260127,16,第一網站股份有限公司,2492,ttshow,11273,MW-300X250-ttshow,,知名媒體,,6,0,0,6,6,0,100.00%,0.00%,0.00%,0.00%
20260127,16,第一網站股份有限公司,2601,Meme梗圖倉庫,11443,CF-336X280-meme,,,,"1,278",0,0,"1,278","1,211",67,94.76%,5.24%,0.00%,0.00%
20260127,16,艾得基客行銷顧問股份有限公司,2578,鉅亨網,12070,MW_320x480_文中創意_鉅亨網,,知名媒體,,"4,668",0,0,"4,668","4,604",64,98.63%,1.37%,0.00%,0.00%
20260127,16,第一網站股份有限公司,2540,risu短網址,12496,CF_300x250_popup(直播) _risu短網址,antifroud,知名媒體,,14,0,0,14,14,0,100.00%,0.00%,0.00%,0.00%
20260127,16,時報資訊股份有限公司,2770,中時電子報_HB,12559,CF_300x250_右側互動看版_中時電子報_HB,,知名媒體,,611,0,0,611,512,99,83.80%,16.20%,0.00%,0.00%
20260127,16,時報資訊股份有限公司,2770,中時電子報_HB,12560,CF_336x280_文中看板_中時電子報_HB,,知名媒體,,621,0,0,621,512,109,82.45%,17.55%,0.00%,0.00%
20260127,16,時報資訊股份有限公司,2770,中時電子報_HB,12561,MW_300x250_內頁TOP Banner_中時電子報_HB,antifroud,知名媒體,,881,0,0,881,816,65,92.62%,7.38%,0.00%,0.00%
20260127,16,第一網站股份有限公司,2768,czbooks,12570,CF_728x90_banner_czbooks,,,,"2,279",0,0,"2,279","1,290",989,56.60%,43.40%,0.00%,0.00%
20260127,16,鳳梨傳媒股份有限公司,2190,民視新聞網-Exchange,12579,CF_300x250_右側第一塊_民視新聞網-Exchange(RWD)(MCM),,知名媒體,,"2,315",0,0,"2,315","2,264",51,97.80%,2.20%,0.00%,0.00%
20260127,16,鳳梨傳媒股份有限公司,2190,民視新聞網-Exchange,12580,CF_300x250_內文文中左側_民視新聞網-Exchange(RWD)(MCM),,知名媒體,,"2,379",0,0,"2,379","2,281",98,95.88%,4.12%,0.00%,0.00%
20260127,16,第一網站股份有限公司,2783,漫畫櫃manhuagui,12676,CF_728X90_manhuagui,antifroud,,,"7,814",0,0,"7,814","6,528","1,286",83.54%,16.46%,0.00%,0.00%
20260127,16,艾得基客行銷顧問股份有限公司,2635,工商時報,12761,MW_320x480_文中創意_工商時報new,,知名媒體,,12,0,0,12,12,0,100.00%,0.00%,0.00%,0.00%
20260127,16,金隼行銷股份有限公司,2786,91譜,12792,MW_置底創意_91譜,,知名媒體,,18,0,0,18,12,6,66.67%,33.33%,0.00%,0.00%
20260127,16,第一網站股份有限公司,2801,damanwoo,12868,CF-300x250_Banner_damanwoo_大人物,,,,36,0,0,36,32,4,88.89%,11.11%,0.00%,0.00%
20260127,16,時報資訊股份有限公司,2335,中時電子報_2019,12974,MW-置底創意(展開)-中時電子報_2019,antifroud,知名媒體,,12,0,0,12,11,1,91.67%,8.33%,0.00%,0.00%
20260127,16,第一網站股份有限公司,2836,vivi01,13032,MW_置底創意_vivi01 ViVi視頻,,,,43,0,0,43,42,1,97.67%,2.33%,0.00%,0.00%
20260127,16,第一網站股份有限公司,2862,Manhuaren,13254,MW_320x100_banner_manhuaren,,,,6,0,0,6,5,1,83.33%,16.67%,0.00%,0.00%
20260127,16,和運租車股份有限公司,2878,abc好車網,13368,CF_970x90_物件頁下方_abc好車網,,知名媒體,,24,0,0,24,14,10,58.33%,41.67%,0.00%,0.00%
20260127,16,譚謹恩,2885,Mr. & Mrs. Diary-exchange,13405,CF_970x250_內文文中_Mr. & Mrs. Diary-exchange,,,,9,0,0,9,9,0,100.00%,0.00%,0.00%,0.00%
20260127,16,曾憲敏,202,85小說網,13445,MW_336X280_全量1_85小說網,,,,430,0,0,430,327,103,76.05%,23.95%,0.00%,0.00%
20260127,16,曾憲敏,202,85小說網,13446,MW_336X280_全量2_85小說網,,,,"3,130",0,0,"3,126","2,444",682,78.18%,21.82%,0.00%,0.00%
20260127,16,第一網站股份有限公司,2910,clickme,13548,(子)CF_300x250_banner_clickme(一般),,,子聯播網,52,0,0,52,36,16,69.23%,30.77%,0.00%,0.00%
20260127,16,第一網站股份有限公司,2910,clickme,13549,CF_300x250_banner_clickme(一般),,,,277,0,0,277,224,53,80.87%,19.13%,0.00%,0.00%
20260127,16,第一網站股份有限公司,2916,KiKiNote,13576,(子)CF_300x250_banner_kikinote,,知名媒體,子聯播網,119,0,0,119,119,0,100.00%,0.00%,0.00%,0.00%
20260127,16,第一網站股份有限公司,2768,czbooks,13903,(子)CF_300x250_banner_czbooks(直播),antifroud,,子聯播網,"178,865",0,0,"178,865","97,535","81,330",54.53%,45.47%,0.00%,0.00%
20260127,16,第一網站股份有限公司,2768,czbooks,14036,MW_320x480_CZBOOKS,antifroud,,,59,0,0,59,38,21,64.41%,35.59%,0.00%,0.00%
20260127,16,陳人鳳,480,飛格寵物家族_PC,1407,CF-728X90_上方通欄_飛格寵物家族,,,,38,0,0,38,29,9,76.32%,23.68%,0.00%,0.00%
20260127,16,陳人鳳,480,飛格寵物家族_PC,1408,CF-300X250_內文_飛格寵物家族,,,,74,0,0,74,45,29,60.81%,39.19%,0.00%,0.00%
20260127,16,闇碼科技股份有限公司,3048,縮短網址產生器-reurl,14210,MW_文中創意300x250_縮短網址產生器-reurl,,知名媒體,,130,0,0,130,86,44,66.15%,33.85%,0.00%,0.00%
20260127,16,巨思文化股份有限公司,3052,經理人_HB,14238,MW_文章結束第一塊_300x250_經理人-HB,,知名媒體,,7,0,0,7,5,2,71.43%,28.57%,0.00%,0.00%
20260127,16,巨思文化股份有限公司,3052,經理人_HB,14241,MW_300x250_內文下方_經理人-HB,,知名媒體,,7,0,0,7,5,2,71.43%,28.57%,0.00%,0.00%
20260127,16,巨思文化股份有限公司,3053,數位時代_HB,14242,CF_300x250_內文下方左側_數位時代-HB,,知名媒體,,12,0,0,12,10,2,83.33%,16.67%,0.00%,0.00%
20260127,16,巨思文化股份有限公司,3053,數位時代_HB,14243,CF_300x250_內文下方右側_數位時代-HB,,知名媒體,,6,0,0,6,5,1,83.33%,16.67%,0.00%,0.00%
20260127,16,巨思文化股份有限公司,3053,數位時代_HB,14246,MW_300x250_文章結束第一塊_數位時代-HB,,知名媒體,,12,0,0,12,11,1,91.67%,8.33%,0.00%,0.00%
20260127,16,富盈數據股份有限公司,3059,塔科女子,14258,CF_336x280_全網_塔科女子,,知名媒體,,6,0,0,6,6,0,100.00%,0.00%,0.00%,0.00%
20260127,16,CBROOT LTD,3003,包子漫畫-exchange,14291,MW_300x250_蓋板(PB)_包子漫畫,,,,114,0,0,114,100,14,87.72%,12.28%,0.00%,0.00%
20260127,16,朱光宁,3152,石頭小說-exchange,14472,MW_336x280_Banner_石頭小說,,,,316,0,0,316,163,153,51.58%,48.42%,0.00%,0.00%
20260127,16,第一網站股份有限公司,3259,lookit,14698,MW_336x280_Banner_lookit,,,,6,0,0,6,5,1,83.33%,16.67%,0.00%,0.00%
20260127,16,朱光宁,3149,稷下書院-exchange,14748,MW_320x100_置底(PB)_稷下書院,,,,"23,733",0,0,"23,733","12,199","11,534",51.40%,48.60%,0.00%,0.00%
20260127,16,巨思文化股份有限公司,3053,數位時代_HB,14764,MW_置底創意_(非展開)_數位時代_HB,,知名媒體,,238,0,0,238,223,15,93.70%,6.30%,0.00%,0.00%
20260127,16,中天電視股份有限公司,3282,中天新聞網-exchange,14980,CF_970x250_內頁_PC置頂橫幅-中天新聞網-exchange,,知名媒體,,178,0,0,178,135,43,75.84%,24.16%,0.00%,0.00%
20260127,16,葉志斌,3319,繁中寶可夢卡表生成器-奶爸工作室-mobile,15197,MW_置底創意_繁中寶可夢卡表生成器-奶爸工作室,,,,6,0,0,6,6,0,100.00%,0.00%,0.00%,0.00%
20260127,16,中天電視股份有限公司,3282,中天新聞網-exchange,15859,CF_336x280_內頁_PC右側互動看板B-中天新聞網-exchange,,知名媒體,,"1,024",0,0,"1,024",874,150,85.35%,14.65%,0.00%,0.00%
20260127,16,CBROOT LTD,3352,西瓜卡通-exchange,15970,CF_160x600_影音內容_西瓜卡通-exchange,,,,14,0,0,14,12,2,85.71%,14.29%,0.00%,0.00%
20260127,16,朱光宁,3360,提莫書屋-exchange,16957,MW_336x280banner_提莫書屋_exchange,,,,"16,139",0,0,"16,139","12,392","3,747",76.78%,23.22%,0.00%,0.00%
20260127,16,朱光宁,3361,提莫書屋-mobile,16959,MW_320x480_文中創意_提莫書屋-mobile,,,,42,0,0,42,34,8,80.95%,19.05%,0.00%,0.00%
20260127,16,欣發現股份有限公司,3364,女子學-mobile,16972,MW_置底創意_女子學,antifroud,,,140,0,0,140,134,6,95.71%,4.29%,0.00%,0.00%
20260127,16,欣發現股份有限公司,3363,大人物-mobile,16973,MW_置底創意_大人物,,知名媒體,,6,0,0,6,6,0,100.00%,0.00%,0.00%,0.00%
20260127,16,第一網站股份有限公司,2783,漫畫櫃manhuagui,17027,MW_320x480_蓋版_漫畫櫃manhuagui,,,,18,0,0,18,17,1,94.44%,5.56%,0.00%,0.00%
20260127,16,艾得基客行銷顧問股份有限公司,3373,良醫健康網,17092,MW_置底創意_良醫健康網,,知名媒體,,36,0,0,36,35,1,97.22%,2.78%,0.00%,0.00%
20260127,16,朱光宁,3268,稷下書院-mobile,17207,MW_320x480_蓋版_稷下書院-mobile,,,,479,0,0,479,269,210,56.16%,43.84%,0.00%,0.00%
20260127,16,中華電視股份有限公司,3389,華視-mobile,17230,MW_置底創意(非展開)_華視-mobile,,知名媒體,,18,0,0,18,17,1,94.44%,5.56%,0.00%,0.00%
20260127,16,李立娟,3395,vivi0視頻-exchange,17293,CF_336x280_Banner_vivi01視頻-exchange,antifroud,,,"40,816",0,0,"40,816","38,355","2,461",93.97%,6.03%,0.00%,0.00%
20260127,16,李立娟,3395,vivi0視頻-exchange,17294,MW_336x280_Banner_vivi01視頻-exchange,antifroud,,,"27,405",0,0,"27,361","25,685","1,676",93.87%,6.13%,0.00%,0.00%
20260127,16,李立娟,3395,vivi0視頻-exchange,17299,MW_300x250_蓋板(PB)-vivi01視頻-exchange,,,,12,0,0,12,9,3,75.00%,25.00%,0.00%,0.00%
20260127,16,李立娟,3395,vivi0視頻-exchange,17300,MW_320x100_置底(PB)_vivi01視頻-exchange,antifroud,,,"3,804",0,0,"3,804","3,678",126,96.69%,3.31%,0.00%,0.00%
20260127,16,李立娟,3397,趣聞圖說-exchange,17309,MW_336x280_文中Banner_趣聞圖說-exchange,,,,277,0,0,276,144,132,52.17%,47.83%,0.00%,0.00%
20260127,16,曾憲敏,601,85小說網_PC,1773,CF-300x250_85小說網_內文1,,,,428,0,0,428,289,139,67.52%,32.48%,0.00%,0.00%
20260127,16,李立娟,3396,趣聞圖說-Mobile,17923,MW_置底創意(展開)_趣聞圖說-Mobile,,,,48,0,0,48,44,4,91.67%,8.33%,0.00%,0.00%
20260127,16,第一網站股份有限公司,2768,czbooks,17927,MW_置底創意_czbook,,,,"4,866",0,0,"4,866","2,911","1,955",59.82%,40.18%,0.00%,0.00%
20260127,16,時報資訊股份有限公司_工商時報,3427,工商時報-exchange,18003,CF_300x250_互動看板2_工商時報-exchange,,知名媒體,,14,0,0,14,12,2,85.71%,14.29%,0.00%,0.00%
20260127,16,時報資訊股份有限公司_工商時報,3427,工商時報-exchange,18007,CF_336x280_文末右側看板_工商時報-exchange,,知名媒體,,18,0,0,18,17,1,94.44%,5.56%,0.00%,0.00%
20260127,16,時報資訊股份有限公司_工商時報,3427,工商時報-exchange,18008,CF_336x280_文末左側看板_工商時報-exchange,,知名媒體,,6,0,0,6,5,1,83.33%,16.67%,0.00%,0.00%
20260127,16,時報資訊股份有限公司_工商時報,3427,工商時報-exchange,18014,MW_300x250_文末Banner1_工商時報-exchange,,知名媒體,,99,0,0,99,97,2,97.98%,2.02%,0.00%,0.00%
20260127,16,時報資訊股份有限公司_工商時報,3427,工商時報-exchange,18015,MW_300x250_文末Banner2_工商時報-exchange,,知名媒體,,150,0,0,150,147,3,98.00%,2.00%,0.00%,0.00%
20260127,16,第一網站股份有限公司,3440,fsa_passback_first,18201,CF_336x280_fsa_passback_first,,,,"1,881",0,0,"1,881","1,356",525,72.09%,27.91%,0.00%,0.00%
20260127,16,第一網站股份有限公司,3440,fsa_passback_first,18202,CF_300x250_fsa_passback_first,,,,"4,463",0,0,"4,463","3,243","1,220",72.66%,27.34%,0.00%,0.00%
20260127,16,朱光宁,3268,稷下書院-mobile,18297,MW_置底創意(展開)_稷下書院-mobile,,,,163,0,0,163,84,79,51.53%,48.47%,0.00%,0.00%
20260127,16,冰楓科技有限公司,3485,冰楓論壇-exchange,18487,CF_970x90_內文上方第一塊_冰楓論壇-exchange,,,,868,0,0,868,684,184,78.80%,21.20%,0.00%,0.00%
20260127,16,冰楓科技有限公司,3485,冰楓論壇-exchange,18488,MW_320x100_內文上方第一塊_ 冰楓論壇-exchange,antifroud,,,40,0,0,40,36,4,90.00%,10.00%,0.00%,0.00%
20260127,16,冰楓科技有限公司,3485,冰楓論壇-exchange,18492,MW_300x250_Banner_ 冰楓論壇-exchange,,,,271,0,0,271,229,42,84.50%,15.50%,0.00%,0.00%
20260127,16,闇碼科技股份有限公司,3048,縮短網址產生器-reurl,18535,MW_蓋版_縮短網址產生器-reurl,,知名媒體,,6,0,0,6,6,0,100.00%,0.00%,0.00%,0.00%
20260127,16,CBROOT LTD,3510,包子漫畫_twmanga-exchange,18737,CF_970x90_Banner_ 包子漫畫_twmanga-exchange,,,,110,0,0,110,100,10,90.91%,9.09%,0.00%,0.00%
20260127,16,舒禾驊,3535,荷花動漫筆記,18887,CF_336x280_文章頁文中_荷花動漫筆記,,,,18,0,0,18,15,3,83.33%,16.67%,0.00%,0.00%
20260127,16,台灣英文新聞股份有限公司,3537,台灣英文新聞(new)-exchange,18911,MW_300x250_首頁_ENDBANNER_5_台灣英文新聞(new)-exchange,,知名媒體,,6,0,0,6,6,0,100.00%,0.00%,0.00%,0.00%
20260127,16,台灣英文新聞股份有限公司,3537,台灣英文新聞(new)-exchange,18924,CF_300x250_內容頁_右側看版_1_台灣英文新聞(new)-exchange,,知名媒體,,49,0,0,49,26,23,53.06%,46.94%,0.00%,0.00%
20260127,16,聯合線上股份有限公司,3549,UDN元氣網,19018,CF_首頁文章推薦第三格300x250_UDN元氣網,,知名媒體,,39,0,0,39,37,2,94.87%,5.13%,0.00%,0.00%
20260127,16,艾得基客行銷顧問股份有限公司,3490,太報,19043,MW_置底創意(展開)_太報,,知名媒體,,380,0,0,380,368,12,96.84%,3.16%,0.00%,0.00%
20260127,16,艾得基客行銷顧問股份有限公司,3552,玩具人,19044,MW_320x480_文中創意_玩具人,,知名媒體,,140,0,0,140,123,17,87.86%,12.14%,0.00%,0.00%
20260127,16,先驅媒體社會企業股份有限公司,3554,新頭殼(R18),19047,(子)CF_300x250Banner_newtalk.tw_content_300250_1_新頭殼(R18),,知名媒體,子聯播網,6,0,0,6,6,0,100.00%,0.00%,0.00%,0.00%
20260127,16,第一網站股份有限公司,2783,漫畫櫃manhuagui,20685,MW_300X250_manhuagui,antifroud,,,"5,031",0,0,"5,031","4,365",666,86.76%,13.24%,0.00%,0.00%
20260127,16,德榕企業有限公司,3578,TW Bodhi_mobile,20708,MW_蓋板_TW Bodhi,,,,358,0,0,358,356,2,99.44%,0.56%,0.00%,0.00%
20260127,16,德榕企業有限公司,3581,忘憂書屋,20727,CF_336x280文章頁(RWD)_忘憂書屋,,,,58,0,0,58,58,0,100.00%,0.00%,0.00%,0.00%
20260127,16,德榕企業有限公司,3582,忘憂書屋_mobile,20728,MW_文中創意300x250_忘憂書屋,,,,30,0,0,30,30,0,100.00%,0.00%,0.00%,0.00%
20260127,16,德榕企業有限公司,3582,忘憂書屋_mobile,20729,MW_蓋板_忘憂書屋,,,,6,0,0,6,6,0,100.00%,0.00%,0.00%,0.00%
20260127,16,第一網站股份有限公司,2916,KiKiNote,20731,CF_300x250_banner_kikinote (PB),,知名媒體,,138,0,0,138,129,9,93.48%,6.52%,0.00%,0.00%
20260127,16,第一網站股份有限公司,2910,clickme,20735,(子)CF_300x250_banner_clickme(成人),,,子聯播網,587,0,0,587,457,130,77.85%,22.15%,0.00%,0.00%
20260127,16,CBROOT LTD,3637,包子漫畫2024-exchange,21502,MW_336x280_Banner_包子漫畫2024-exchange,antifroud,,,7,0,0,7,3,4,42.86%,57.14%,0.00%,0.00%
20260127,16,第一網站股份有限公司,3440,fsa_passback_first,21699,CF_336x280_fsa_passback_first,,,,"5,387",0,0,"5,387","4,381","1,006",81.33%,18.67%,0.00%,0.00%
20260127,16,朱光宁,3269,石頭小說-mobile,21741,MW_320x480_蓋版_石頭小說-mobile,antifroud,,,6,0,0,6,3,3,50.00%,50.00%,0.00%,0.00%
20260127,16,富盈數據股份有限公司,3653,TVBS-女人我最大_HB,21760,MW_文章三_336x280_TVBS-女人我最大_HB,,知名媒體,,12,0,0,12,12,0,100.00%,0.00%,0.00%,0.00%
20260127,16,富盈數據股份有限公司,3653,TVBS-女人我最大_HB,21761,MW_文章四_336x280_TVBS-女人我最大_HB,,知名媒體,,452,0,0,452,441,11,97.57%,2.43%,0.00%,0.00%
20260127,16,富盈數據股份有限公司,3653,TVBS-女人我最大_HB,21763,MW_文中創意320x480_TVBS-女人我最大_HB,,知名媒體,,315,0,0,315,311,4,98.73%,1.27%,0.00%,0.00%
20260127,16,富盈數據股份有限公司,3654,TVBS-健康2.0_HB,21768,MW_文中創意320x480_TVBS-健康2.0_HB,,知名媒體,,"4,568",0,0,"4,568","4,311",257,94.37%,5.63%,0.00%,0.00%
20260127,16,富盈數據股份有限公司,3655,TVBS-食尚玩家_HB,21773,MW_文中創意320x480_TVBS-食尚玩家_HB,,知名媒體,,117,0,0,117,109,8,93.16%,6.84%,0.00%,0.00%
20260127,16,富盈數據股份有限公司,3653,TVBS-女人我最大_HB,21803,MW_文章一_336x280_TVBS-女人我最大_HB,,知名媒體,,6,0,0,6,6,0,100.00%,0.00%,0.00%,0.00%
20260127,16,先驅媒體社會企業股份有限公司,3554,新頭殼(R18),21839,ＭＷ_336x280Banner_newtalk.tw_mobile_all_336280_2_新頭殼(R18),antifroud,知名媒體,,50,0,0,50,50,0,100.00%,0.00%,0.00%,0.00%
20260127,16,先驅媒體社會企業股份有限公司,3554,新頭殼(R18),21840,ＭＷ_336x280Banner_newtalk.tw_mobile_all_336280_3_新頭殼(R18),,知名媒體,,6,0,0,6,6,0,100.00%,0.00%,0.00%,0.00%
20260127,16,儂儂雜誌社股份有限公司(bella儂儂),2135,Bella儂儂_2024,21876,MW-300x250_文章標題上方1_Bella儂儂,,知名媒體,,189,0,0,189,181,8,95.77%,4.23%,0.00%,0.00%
20260127,16,富盈數據股份有限公司,3680,TVBS-新聞網_HB,21898,CF_文章右側300x600_TVBS-新聞網_HB,,知名媒體,,12,0,0,12,12,0,100.00%,0.00%,0.00%,0.00%
20260127,16,富盈數據股份有限公司,3680,TVBS-新聞網_HB,21899,MW_文章一_336x280_TVBS-新聞網_HB,,知名媒體,,"1,957",0,0,"1,957","1,882",75,96.17%,3.83%,0.00%,0.00%
20260127,16,富盈數據股份有限公司,3680,TVBS-新聞網_HB,21900,MW_文章三_336x280_TVBS-新聞網_HB,,知名媒體,,168,0,0,168,167,1,99.40%,0.60%,0.00%,0.00%
20260127,16,富盈數據股份有限公司,3680,TVBS-新聞網_HB,21902,MW_文章置底_320x100_TVBS-新聞網_HB,,知名媒體,,"2,175",0,0,"2,175","2,080",95,95.63%,4.37%,0.00%,0.00%
20260127,16,富盈數據股份有限公司,3684,稅美人_mobile,21923,MW_置底創意(非展開)_稅美人-mobile,,,,"1,631",0,0,"1,631",927,704,56.84%,43.16%,0.00%,0.00%
20260127,16,富盈數據股份有限公司,3685,玩桌遊_mobile,21924,MW_置底創意(非展開)_玩桌遊-mobile,,,,204,0,0,204,169,35,82.84%,17.16%,0.00%,0.00%
20260127,16,富盈數據股份有限公司,2615,熱血台中,21986,CF_336x280_全網_熱血台中,,,,12,0,0,12,10,2,83.33%,16.67%,0.00%,0.00%
20260127,16,富盈數據股份有限公司,2615,熱血台中,21987,CF_336x280_全網_熱血台中,,,,21,0,0,21,21,0,100.00%,0.00%,0.00%,0.00%
20260127,16,富盈數據股份有限公司,3704,天天要聞,22030,CF_300 x 250 banner_天天要聞_cpc2,,,,821,0,0,821,413,408,50.30%,49.70%,0.00%,0.00%
20260127,16,富盈數據股份有限公司,3703,繁體小說,22031,CF_300 x 250 banner_繁體小說_cpc2,,,,26,0,0,26,22,4,84.62%,15.38%,0.00%,0.00%
20260127,16,朱光宁,3708,石頭小說,22045,CF_336 x 280 banner_石頭小說_cpc1.67,antifroud,,,194,0,0,194,89,105,45.88%,54.12%,0.00%,0.00%
20260127,16,冠妍動力科技有限公司,484,小老婆汽機車資訊網,22058,MW_文中創意320x480_小老婆汽機車資訊網-測試,,知名媒體,,19,0,0,19,9,10,47.37%,52.63%,0.00%,0.00%
20260127,16,朱光宁,3718,稷下書院2,22092,MW_置底創意(非展開)_稷下書院2,antifroud,,,"62,857",0,0,"62,857","30,237","32,620",48.10%,51.90%,0.00%,0.00%
20260127,16,朱光宁,3718,稷下書院2,22093,CF_336 x 280 banner_稷下書院2_cpc1.67,antifroud,,,48,0,0,48,27,21,56.25%,43.75%,0.00%,0.00%
20260127,16,富盈數據股份有限公司,3680,TVBS-新聞網_HB,22131,CF_文中300x250_TVBS-新聞網_HB_1,,知名媒體,,12,0,0,12,12,0,100.00%,0.00%,0.00%,0.00%
20260127,16,富盈數據股份有限公司,3680,TVBS-新聞網_HB,22132,CF_文中300x250_TVBS-新聞網_HB_2,,知名媒體,,42,0,0,42,39,3,92.86%,7.14%,0.00%,0.00%
20260127,16,富盈數據股份有限公司,3680,TVBS-新聞網_HB,22133,CF_文中300x250_TVBS-新聞網_HB_3,,知名媒體,,106,0,0,106,90,16,84.91%,15.09%,0.00%,0.00%
20260127,16,闇碼科技股份有限公司,3048,縮短網址產生器-reurl,22213,MW_蓋版_縮短網址產生器-reurl-2025.05(特殊供量),,知名媒體,,149,0,0,149,66,83,44.30%,55.70%,0.00%,0.00%
20260127,16,艾得基客行銷顧問股份有限公司,3724,上報,22217,MW_置底創意(非展開)_上報,,知名媒體,,200,0,0,200,196,4,98.00%,2.00%,0.00%,0.00%
20260127,16,艾得基客行銷顧問股份有限公司,3724,上報,22218,MW_置底(展開)_上報,,知名媒體,,202,0,0,202,196,6,97.03%,2.97%,0.00%,0.00%
20260127,16,欣發現股份有限公司,3363,大人物-mobile,22222,MW_蓋板_大人物,,知名媒體,,27,0,0,27,18,9,66.67%,33.33%,0.00%,0.00%
20260127,16,朱光宁,3741,石頭小說3,22396,MW_置底_石頭小說3,,,,6,0,0,6,3,3,50.00%,50.00%,0.00%,0.00%
20260127,16,朱光宁,3741,石頭小說3,22398,CF_336 x 280 banner_石頭小說3_cpc1.67,,,,206,0,0,206,112,94,54.37%,45.63%,0.00%,0.00%
20260127,16,艾得基客行銷顧問股份有限公司,3724,上報,22405,MW_蓋版_上報,,知名媒體,,34,0,0,34,34,0,100.00%,0.00%,0.00%,0.00%
20260127,16,闇碼科技股份有限公司,3068,限時圖片-imgus,22406,MW_置底_imgus,antifroud,,,166,0,0,166,166,0,100.00%,0.00%,0.00%,0.00%
20260127,16,第一網站股份有限公司,2783,漫畫櫃manhuagui,22443,MW_置底_manhuagui,antifroud,,,"2,625",0,0,"2,625","2,410",215,91.81%,8.19%,0.00%,0.00%
20260127,16,艾得基客行銷顧問股份有限公司,3490,太報,22495,MW_300x250 BANNER_太報_CPM5,,知名媒體,子聯播網,34,0,0,34,33,1,97.06%,2.94%,0.00%,0.00%
20260127,16,艾得基客行銷顧問股份有限公司,2689,Basketball Top5,22498,MW_300x250 Banner_Basketball TOP5_CPM5,,,子聯播網,280,0,0,280,277,3,98.93%,1.07%,0.00%,0.00%
20260127,16,艾得基客行銷顧問股份有限公司,2578,鉅亨網,22507,MW_300x250_鉅亨網_直播用BN-1,,知名媒體,子聯播網,"1,907",0,0,"1,907","1,868",39,97.95%,2.05%,0.00%,0.00%
20260127,16,艾得基客行銷顧問股份有限公司,3752,ＭoneyDJ,22514,MW_文中創意320x480_MoneyDJ,antifroud,知名媒體,,66,0,0,66,64,2,96.97%,3.03%,0.00%,0.00%
20260127,16,李承翰-webptt,718,Web批踢踢(RWD),2284,MW-蓋板_文中_Web批踢踢,antifroud,,,24,0,0,24,19,5,79.17%,20.83%,0.00%,0.00%
20260127,16,麥智維,999,動漫戲說,3543,CF-728*90-內文上方-動漫戲說,antifroud,,,62,0,0,62,47,15,75.81%,24.19%,0.00%,0.00%
20260127,16,肖偉彬,1287,紅櫻桃小說書庫,4717,MW_文中創意300x250_紅櫻桃小說書庫,,,,6,0,0,6,4,2,66.67%,33.33%,0.00%,0.00%
20260127,16,技達創意資訊有限公司,1299,泰好網,4733,CF-300*250-內文下方-泰好網,,,,18,0,0,18,16,2,88.89%,11.11%,0.00%,0.00%
20260127,16,技達創意資訊有限公司,1299,泰好網,4734,MW-320*100-首頁、內文上方-泰好網,,,,12,0,0,12,10,2,83.33%,16.67%,0.00%,0.00%
20260127,16,肖偉彬,1347,雲台書屋,4923,CF-上方通欄-300*250-雲台書屋,,,,6,0,0,6,5,1,83.33%,16.67%,0.00%,0.00%
20260127,16,麥智維,999,動漫戲說,6069,CF-300*250-首頁-動漫戲說,,,,32,0,0,32,32,0,100.00%,0.00%,0.00%,0.00%
20260127,16,台灣時報社股份有限公司,1665,台灣時報電子報,6263,CF-300X600-右側通欄-台灣時報電子報,,,,6,0,0,6,6,0,100.00%,0.00%,0.00%,0.00%
20260127,16,莊博凱,1676,夢遊電玩-exchange,6310,CF-160*600-網頁右側-夢遊電玩-exchange,,,,12,0,0,12,10,2,83.33%,16.67%,0.00%,0.00%
20260127,16,全曜財經資訊股份有限公司,1902,Cmoney-Mobile,7293,MW_置底創意(非展開)_Cmoney,antifroud,知名媒體,,12,0,0,12,11,1,91.67%,8.33%,0.00%,0.00%
20260127,16,精鏡傳媒股份有限公司,1060,鏡週刊,8249,MW_置底創意(展開)_鏡週刊,,知名媒體,,6,0,0,6,6,0,100.00%,0.00%,0.00%,0.00%
20260127,16,精鏡傳媒股份有限公司,1060,鏡週刊,8250,MW_置底創意(非展開)_鏡週刊,,知名媒體,,537,0,0,537,492,45,91.62%,8.38%,0.00%,0.00%
20260127,16,臺灣電視事業股份有限公司,52,台視,8313,PC-300x250_內文第一塊_台視財經,,知名媒體,,12,0,0,12,6,6,50.00%,50.00%,0.00%,0.00%
20260127,16,布林遊國際有限公司,1692,Bring You,8393,CF-300X250-上方通欄右側_BringYou,,知名媒體,,24,0,0,24,23,1,95.83%,4.17%,0.00%,0.00%
20260127,16,巧克科技新媒體股份有限公司,2127,LINE TV_Banner-exchange,8576,CF_336x280_戲劇-右側好康資訊下方_LINE TV-exchange,,知名媒體,,24,0,0,24,20,4,83.33%,16.67%,0.00%,0.00%
20260127,16,鳳梨傳媒股份有限公司,2190,民視新聞網-Exchange,8862,CF_970X90_分類新聞內頁上方_民視新聞(MCM),,知名媒體,,18,0,0,18,18,0,100.00%,0.00%,0.00%,0.00%
20260127,16,見聞科技有限公司,2251,就是節目表,9233,MW-300x250-節目表文中-就是節目表,,,,22,0,0,22,22,0,100.00%,0.00%,0.00%,0.00%
20260127,16,蔡瑞文,300,樂透彩幸運發財網,9470,MW-置底-樂透幸運發財網,antifroud,知名媒體,,6,0,0,6,6,0,100.00%,0.00%,0.00%,0.00%
20260127,17,英屬維京群島商浩美數位有限公司台灣分公司,2315,Teepr亮新聞-exchange,10012,CF_336x280Banner_Teepr亮新聞-exchange,,知名媒體,,"2,337",0,0,"2,337","2,302",35,98.50%,1.50%,0.00%,0.00%
20260127,17,昱得資訊工作室,2528,數位書香,11080,CF_728x90_首頁上方_數位書香,antifroud,,,81,0,0,81,81,0,100.00%,0.00%,0.00%,0.00%
20260127,17,昱得資訊工作室,2528,數位書香,11081,CF_160x600_首頁右側_數位書香,antifroud,,,866,0,0,866,865,1,99.88%,0.12%,0.00%,0.00%
20260127,17,第一網站股份有限公司,2518,麻辣家族討論區(twbts),11082,CF-728X90-twbts,antifroud,,,889,0,647,889,847,42,95.28%,4.72%,0.00%,72.78%
20260127,17,第一網站股份有限公司,2492,ttshow,11273,MW-300X250-ttshow,,知名媒體,,18,0,0,18,14,4,77.78%,22.22%,0.00%,0.00%
20260127,17,第一網站股份有限公司,2601,Meme梗圖倉庫,11443,CF-336X280-meme,,,,475,0,0,475,421,54,88.63%,11.37%,0.00%,0.00%
20260127,17,艾得基客行銷顧問股份有限公司,2578,鉅亨網,12070,MW_320x480_文中創意_鉅亨網,,知名媒體,,"4,053",0,0,"4,053","3,968",85,97.90%,2.10%,0.00%,0.00%
20260127,17,葉志斌,2745,繁中寶可夢卡表生成器-奶爸工作室-exchange,12210,CF_728x90__文末__繁中寶可夢卡表生成器,,,,6,0,0,6,6,0,100.00%,0.00%,0.00%,0.00%
20260127,17,時報資訊股份有限公司,2770,中時電子報_HB,12559,CF_300x250_右側互動看版_中時電子報_HB,,知名媒體,,586,0,0,586,470,116,80.20%,19.80%,0.00%,0.00%
20260127,17,時報資訊股份有限公司,2770,中時電子報_HB,12560,CF_336x280_文中看板_中時電子報_HB,,知名媒體,,576,0,0,576,465,111,80.73%,19.27%,0.00%,0.00%
20260127,17,時報資訊股份有限公司,2770,中時電子報_HB,12561,MW_300x250_內頁TOP Banner_中時電子報_HB,antifroud,知名媒體,,618,0,0,618,577,41,93.37%,6.63%,0.00%,0.00%
20260127,17,第一網站股份有限公司,2768,czbooks,12570,CF_728x90_banner_czbooks,,,,"1,912",0,0,"1,912","1,482",430,77.51%,22.49%,0.00%,0.00%
20260127,17,鳳梨傳媒股份有限公司,2190,民視新聞網-Exchange,12579,CF_300x250_右側第一塊_民視新聞網-Exchange(RWD)(MCM),,知名媒體,,"2,776",0,0,"2,776","2,700",76,97.26%,2.74%,0.00%,0.00%
20260127,17,鳳梨傳媒股份有限公司,2190,民視新聞網-Exchange,12580,CF_300x250_內文文中左側_民視新聞網-Exchange(RWD)(MCM),,知名媒體,,"3,216",0,0,"3,216","3,056",160,95.02%,4.98%,0.00%,0.00%
20260127,17,第一網站股份有限公司,2783,漫畫櫃manhuagui,12676,CF_728X90_manhuagui,antifroud,,,"4,725",0,0,"4,725","3,866",859,81.82%,18.18%,0.00%,0.00%
20260127,17,艾得基客行銷顧問股份有限公司,2635,工商時報,12761,MW_320x480_文中創意_工商時報new,,知名媒體,,12,0,0,12,12,0,100.00%,0.00%,0.00%,0.00%
20260127,17,第一網站股份有限公司,2801,damanwoo,12868,CF-300x250_Banner_damanwoo_大人物,,,,30,0,0,30,30,0,100.00%,0.00%,0.00%,0.00%
20260127,17,第一網站股份有限公司,2820,星座好朋友(horofriend88),12966,MW_320x100_horofriend88,antifroud,,,18,0,0,18,17,1,94.44%,5.56%,0.00%,0.00%
20260127,17,時報資訊股份有限公司,2335,中時電子報_2019,12974,MW-置底創意(展開)-中時電子報_2019,antifroud,知名媒體,,6,0,0,6,5,1,83.33%,16.67%,0.00%,0.00%
20260127,17,第一網站股份有限公司,2836,vivi01,13032,MW_置底創意_vivi01 ViVi視頻,,,,42,0,0,42,38,4,90.48%,9.52%,0.00%,0.00%
20260127,17,和運租車股份有限公司,2878,abc好車網,13368,CF_970x90_物件頁下方_abc好車網,,知名媒體,,12,0,0,12,8,4,66.67%,33.33%,0.00%,0.00%
20260127,17,曾憲敏,202,85小說網,13445,MW_336X280_全量1_85小說網,,,,323,0,0,323,235,88,72.76%,27.24%,0.00%,0.00%
20260127,17,曾憲敏,202,85小說網,13446,MW_336X280_全量2_85小說網,,,,"3,236",0,0,"3,236","2,533",703,78.28%,21.72%,0.00%,0.00%
20260127,17,第一網站股份有限公司,2910,clickme,13549,CF_300x250_banner_clickme(一般),,,,514,0,0,514,419,95,81.52%,18.48%,0.00%,0.00%
20260127,17,闇碼科技股份有限公司,2992,縮短網址產生器-reurl-exchange,13848,CF_300x250_轉址失敗_最右邊_reurl,,知名媒體,,6,0,0,6,1,5,16.67%,83.33%,0.00%,0.00%
20260127,17,第一網站股份有限公司,2768,czbooks,13903,(子)CF_300x250_banner_czbooks(直播),antifroud,,子聯播網,"262,485",0,0,"262,485","141,507","120,978",53.91%,46.09%,0.00%,0.00%
20260127,17,第一網站股份有限公司,2768,czbooks,14036,MW_320x480_CZBOOKS,antifroud,,,50,0,0,50,30,20,60.00%,40.00%,0.00%,0.00%
20260127,17,陳人鳳,480,飛格寵物家族_PC,1407,CF-728X90_上方通欄_飛格寵物家族,,,,244,0,0,154,51,103,33.12%,66.88%,0.00%,0.00%
20260127,17,陳人鳳,480,飛格寵物家族_PC,1408,CF-300X250_內文_飛格寵物家族,,,,152,0,0,91,15,76,16.48%,83.52%,0.00%,0.00%
20260127,17,闇碼科技股份有限公司,3048,縮短網址產生器-reurl,14210,MW_文中創意300x250_縮短網址產生器-reurl,,知名媒體,,98,0,0,98,78,20,79.59%,20.41%,0.00%,0.00%
20260127,17,巨思文化股份有限公司,3052,經理人_HB,14238,MW_文章結束第一塊_300x250_經理人-HB,,知名媒體,,8,0,0,8,7,1,87.50%,12.50%,0.00%,0.00%
20260127,17,巨思文化股份有限公司,3052,經理人_HB,14239,CF_300x250_內文下方右側_經理人-HB,,知名媒體,,6,0,0,6,6,0,100.00%,0.00%,0.00%,0.00%
20260127,17,巨思文化股份有限公司,3052,經理人_HB,14240,CF_300x250_內文下方左側_經理人-HB,,知名媒體,,6,0,0,6,6,0,100.00%,0.00%,0.00%,0.00%
20260127,17,巨思文化股份有限公司,3052,經理人_HB,14241,MW_300x250_內文下方_經理人-HB,,知名媒體,,8,0,0,8,7,1,87.50%,12.50%,0.00%,0.00%
20260127,17,巨思文化股份有限公司,3053,數位時代_HB,14246,MW_300x250_文章結束第一塊_數位時代-HB,,知名媒體,,13,0,0,13,13,0,100.00%,0.00%,0.00%,0.00%
20260127,17,富盈數據股份有限公司,3059,塔科女子,14258,CF_336x280_全網_塔科女子,,知名媒體,,6,0,0,6,6,0,100.00%,0.00%,0.00%,0.00%
20260127,17,CBROOT LTD,3003,包子漫畫-exchange,14291,MW_300x250_蓋板(PB)_包子漫畫,,,,138,0,0,138,129,9,93.48%,6.52%,0.00%,0.00%
20260127,17,朱光宁,3149,稷下書院-exchange,14748,MW_320x100_置底(PB)_稷下書院,,,,"25,478",0,0,"25,471","13,629","11,842",53.51%,46.49%,0.00%,0.00%
20260127,17,巨思文化股份有限公司,3053,數位時代_HB,14764,MW_置底創意_(非展開)_數位時代_HB,,知名媒體,,258,0,0,258,246,12,95.35%,4.65%,0.00%,0.00%
20260127,17,中天電視股份有限公司,3282,中天新聞網-exchange,14980,CF_970x250_內頁_PC置頂橫幅-中天新聞網-exchange,,知名媒體,,94,0,0,94,75,19,79.79%,20.21%,0.00%,0.00%
20260127,17,曾憲敏,3327,85小說網_創意,15228,MW-創意-85小說網,,,,6,0,0,6,4,2,66.67%,33.33%,0.00%,0.00%
20260127,17,和運租車股份有限公司,2878,abc好車網,15249,CF_300x250_搜尋頁右側_abc好車網,,知名媒體,,8,0,0,8,7,1,87.50%,12.50%,0.00%,0.00%
20260127,17,中天電視股份有限公司,3282,中天新聞網-exchange,15859,CF_336x280_內頁_PC右側互動看板B-中天新聞網-exchange,,知名媒體,,551,0,0,551,458,93,83.12%,16.88%,0.00%,0.00%
20260127,17,布林遊國際有限公司,2620,Bring You-exchange,15951,CF_300x600_右側通欄_BringYou-exchange,,知名媒體,,6,0,0,6,5,1,83.33%,16.67%,0.00%,0.00%
20260127,17,CBROOT LTD,3352,西瓜卡通-exchange,15970,CF_160x600_影音內容_西瓜卡通-exchange,,,,12,0,0,12,12,0,100.00%,0.00%,0.00%,0.00%
20260127,17,朱光宁,3360,提莫書屋-exchange,16957,MW_336x280banner_提莫書屋_exchange,,,,"17,104",0,0,"17,104","12,604","4,500",73.69%,26.31%,0.00%,0.00%
20260127,17,朱光宁,3361,提莫書屋-mobile,16959,MW_320x480_文中創意_提莫書屋-mobile,,,,60,0,0,60,48,12,80.00%,20.00%,0.00%,0.00%
20260127,17,欣發現股份有限公司,3364,女子學-mobile,16972,MW_置底創意_女子學,antifroud,,,96,0,0,96,72,24,75.00%,25.00%,0.00%,0.00%
20260127,17,第一網站股份有限公司,2783,漫畫櫃manhuagui,17027,MW_320x480_蓋版_漫畫櫃manhuagui,,,,30,0,0,30,26,4,86.67%,13.33%,0.00%,0.00%
20260127,17,朱光宁,3268,稷下書院-mobile,17207,MW_320x480_蓋版_稷下書院-mobile,,,,490,0,0,490,295,195,60.20%,39.80%,0.00%,0.00%
20260127,17,中華電視股份有限公司,3389,華視-mobile,17230,MW_置底創意(非展開)_華視-mobile,,知名媒體,,6,0,0,6,6,0,100.00%,0.00%,0.00%,0.00%
20260127,17,李立娟,3395,vivi0視頻-exchange,17293,CF_336x280_Banner_vivi01視頻-exchange,antifroud,,,"33,807",0,0,"33,807","31,253","2,554",92.45%,7.55%,0.00%,0.00%
20260127,17,李立娟,3395,vivi0視頻-exchange,17294,MW_336x280_Banner_vivi01視頻-exchange,antifroud,,,"19,933",0,0,"19,933","18,430","1,503",92.46%,7.54%,0.00%,0.00%
20260127,17,李立娟,3395,vivi0視頻-exchange,17300,MW_320x100_置底(PB)_vivi01視頻-exchange,antifroud,,,"1,121",0,0,"1,121",995,126,88.76%,11.24%,0.00%,0.00%
20260127,17,李立娟,3397,趣聞圖說-exchange,17309,MW_336x280_文中Banner_趣聞圖說-exchange,,,,"2,140",0,0,"2,140","1,045","1,095",48.83%,51.17%,0.00%,0.00%
20260127,17,曾憲敏,601,85小說網_PC,1773,CF-300x250_85小說網_內文1,,,,293,0,0,293,198,95,67.58%,32.42%,0.00%,0.00%
20260127,17,李立娟,3396,趣聞圖說-Mobile,17923,MW_置底創意(展開)_趣聞圖說-Mobile,,,,25,0,0,25,19,6,76.00%,24.00%,0.00%,0.00%
20260127,17,第一網站股份有限公司,2768,czbooks,17927,MW_置底創意_czbook,,,,"2,208",0,0,"2,208","1,316",892,59.60%,40.40%,0.00%,0.00%
20260127,17,時報資訊股份有限公司_工商時報,3427,工商時報-exchange,18014,MW_300x250_文末Banner1_工商時報-exchange,,知名媒體,,102,0,0,102,96,6,94.12%,5.88%,0.00%,0.00%
20260127,17,時報資訊股份有限公司_工商時報,3427,工商時報-exchange,18015,MW_300x250_文末Banner2_工商時報-exchange,,知名媒體,,168,0,0,168,159,9,94.64%,5.36%,0.00%,0.00%
20260127,17,第一網站股份有限公司,3440,fsa_passback_first,18201,CF_336x280_fsa_passback_first,,,,142,0,0,142,90,52,63.38%,36.62%,0.00%,0.00%
20260127,17,第一網站股份有限公司,3440,fsa_passback_first,18202,CF_300x250_fsa_passback_first,,,,"4,502",0,0,"4,502","3,444","1,058",76.50%,23.50%,0.00%,0.00%
20260127,17,莊博凱,3455,夢遊電玩,18269,300x250 Banner,,,,6,0,0,6,4,2,66.67%,33.33%,0.00%,0.00%
20260127,17,時報資訊股份有限公司_工商時報,3427,工商時報-exchange,18278,CF_336x280_文中-MiddleBillboard_工商時報-exchange,,知名媒體,,6,0,0,6,6,0,100.00%,0.00%,0.00%,0.00%
20260127,17,朱光宁,3268,稷下書院-mobile,18297,MW_置底創意(展開)_稷下書院-mobile,,,,32,0,0,32,20,12,62.50%,37.50%,0.00%,0.00%
20260127,17,冰楓科技有限公司,3485,冰楓論壇-exchange,18487,CF_970x90_內文上方第一塊_冰楓論壇-exchange,,,,988,0,0,988,830,158,84.01%,15.99%,0.00%,0.00%
20260127,17,冰楓科技有限公司,3485,冰楓論壇-exchange,18488,MW_320x100_內文上方第一塊_ 冰楓論壇-exchange,antifroud,,,12,0,0,12,8,4,66.67%,33.33%,0.00%,0.00%
20260127,17,冰楓科技有限公司,3485,冰楓論壇-exchange,18492,MW_300x250_Banner_ 冰楓論壇-exchange,,,,267,0,0,267,200,67,74.91%,25.09%,0.00%,0.00%
20260127,17,CBROOT LTD,3510,包子漫畫_twmanga-exchange,18737,CF_970x90_Banner_ 包子漫畫_twmanga-exchange,,,,66,0,0,66,66,0,100.00%,0.00%,0.00%,0.00%
20260127,17,台灣英文新聞股份有限公司,3537,台灣英文新聞(new)-exchange,18914,MW_320x100_內文頁_置頂橫幅_台灣英文新聞(new)-exchange,,知名媒體,,10,0,0,10,0,10,0.00%,100.00%,0.00%,0.00%
20260127,17,台灣英文新聞股份有限公司,3537,台灣英文新聞(new)-exchange,18924,CF_300x250_內容頁_右側看版_1_台灣英文新聞(new)-exchange,,知名媒體,,36,0,0,36,22,14,61.11%,38.89%,0.00%,0.00%
20260127,17,艾得基客行銷顧問股份有限公司,3373,良醫健康網,19009,MW_蓋板_良醫健康網,,知名媒體,,57,0,0,57,48,9,84.21%,15.79%,0.00%,0.00%
20260127,17,聯合線上股份有限公司,3549,UDN元氣網,19018,CF_首頁文章推薦第三格300x250_UDN元氣網,,知名媒體,,6,0,0,6,4,2,66.67%,33.33%,0.00%,0.00%
20260127,17,聯合線上股份有限公司,3549,UDN元氣網,19019,CF_文章頁右上300x250_UDN元氣網,,知名媒體,,6,0,0,6,5,1,83.33%,16.67%,0.00%,0.00%
20260127,17,艾得基客行銷顧問股份有限公司,3490,太報,19043,MW_置底創意(展開)_太報,,知名媒體,,390,0,0,390,382,8,97.95%,2.05%,0.00%,0.00%
20260127,17,艾得基客行銷顧問股份有限公司,3552,玩具人,19044,MW_320x480_文中創意_玩具人,,知名媒體,,143,0,0,143,128,15,89.51%,10.49%,0.00%,0.00%
20260127,17,第一網站股份有限公司,2783,漫畫櫃manhuagui,20685,MW_300X250_manhuagui,antifroud,,,"2,206",0,0,"2,206","2,014",192,91.30%,8.70%,0.00%,0.00%
20260127,17,德榕企業有限公司,3578,TW Bodhi_mobile,20708,MW_蓋板_TW Bodhi,,,,251,0,0,251,251,0,100.00%,0.00%,0.00%,0.00%
20260127,17,德榕企業有限公司,3581,忘憂書屋,20727,CF_336x280文章頁(RWD)_忘憂書屋,,,,6,0,0,6,6,0,100.00%,0.00%,0.00%,0.00%
20260127,17,德榕企業有限公司,3582,忘憂書屋_mobile,20728,MW_文中創意300x250_忘憂書屋,,,,26,0,0,26,26,0,100.00%,0.00%,0.00%,0.00%
20260127,17,第一網站股份有限公司,2916,KiKiNote,20731,CF_300x250_banner_kikinote (PB),,知名媒體,,112,0,0,112,105,7,93.75%,6.25%,0.00%,0.00%
20260127,17,第一網站股份有限公司,3440,fsa_passback_first,21699,CF_336x280_fsa_passback_first,,,,"3,655",0,0,"3,655","2,752",903,75.29%,24.71%,0.00%,0.00%
20260127,17,富盈數據股份有限公司,3653,TVBS-女人我最大_HB,21760,MW_文章三_336x280_TVBS-女人我最大_HB,,知名媒體,,8,0,0,8,8,0,100.00%,0.00%,0.00%,0.00%
20260127,17,富盈數據股份有限公司,3653,TVBS-女人我最大_HB,21761,MW_文章四_336x280_TVBS-女人我最大_HB,,知名媒體,,556,0,0,556,511,45,91.91%,8.09%,0.00%,0.00%
20260127,17,富盈數據股份有限公司,3653,TVBS-女人我最大_HB,21763,MW_文中創意320x480_TVBS-女人我最大_HB,,知名媒體,,391,0,0,391,361,30,92.33%,7.67%,0.00%,0.00%
20260127,17,富盈數據股份有限公司,3654,TVBS-健康2.0_HB,21768,MW_文中創意320x480_TVBS-健康2.0_HB,,知名媒體,,"3,345",0,0,"3,345","3,193",152,95.46%,4.54%,0.00%,0.00%
20260127,17,富盈數據股份有限公司,3655,TVBS-食尚玩家_HB,21773,MW_文中創意320x480_TVBS-食尚玩家_HB,,知名媒體,,147,0,0,147,132,15,89.80%,10.20%,0.00%,0.00%
20260127,17,先驅媒體社會企業股份有限公司,3554,新頭殼(R18),21839,ＭＷ_336x280Banner_newtalk.tw_mobile_all_336280_2_新頭殼(R18),antifroud,知名媒體,,6,0,0,6,6,0,100.00%,0.00%,0.00%,0.00%
20260127,17,儂儂雜誌社股份有限公司(bella儂儂),2135,Bella儂儂_2024,21876,MW-300x250_文章標題上方1_Bella儂儂,,知名媒體,,270,0,0,270,261,9,96.67%,3.33%,0.00%,0.00%
20260127,17,富盈數據股份有限公司,3680,TVBS-新聞網_HB,21898,CF_文章右側300x600_TVBS-新聞網_HB,,知名媒體,,6,0,0,6,6,0,100.00%,0.00%,0.00%,0.00%
20260127,17,富盈數據股份有限公司,3680,TVBS-新聞網_HB,21899,MW_文章一_336x280_TVBS-新聞網_HB,,知名媒體,,"2,343",0,0,"2,343","2,271",72,96.93%,3.07%,0.00%,0.00%
20260127,17,富盈數據股份有限公司,3680,TVBS-新聞網_HB,21900,MW_文章三_336x280_TVBS-新聞網_HB,,知名媒體,,170,0,0,170,165,5,97.06%,2.94%,0.00%,0.00%
20260127,17,富盈數據股份有限公司,3680,TVBS-新聞網_HB,21902,MW_文章置底_320x100_TVBS-新聞網_HB,,知名媒體,,"2,800",0,0,"2,800","2,707",93,96.68%,3.32%,0.00%,0.00%
20260127,17,富盈數據股份有限公司,3684,稅美人_mobile,21923,MW_置底創意(非展開)_稅美人-mobile,,,,"2,556",0,0,"2,556","1,514","1,042",59.23%,40.77%,0.00%,0.00%
20260127,17,富盈數據股份有限公司,3685,玩桌遊_mobile,21924,MW_置底創意(非展開)_玩桌遊-mobile,,,,206,0,0,206,174,32,84.47%,15.53%,0.00%,0.00%
20260127,17,富盈數據股份有限公司,2615,熱血台中,21986,CF_336x280_全網_熱血台中,,,,30,0,0,30,30,0,100.00%,0.00%,0.00%,0.00%
20260127,17,富盈數據股份有限公司,2615,熱血台中,21987,CF_336x280_全網_熱血台中,,,,32,0,0,32,26,6,81.25%,18.75%,0.00%,0.00%
20260127,17,富盈數據股份有限公司,3704,天天要聞,22030,CF_300 x 250 banner_天天要聞_cpc2,,,,732,0,0,732,365,367,49.86%,50.14%,0.00%,0.00%
20260127,17,富盈數據股份有限公司,3703,繁體小說,22031,CF_300 x 250 banner_繁體小說_cpc2,,,,12,0,0,12,8,4,66.67%,33.33%,0.00%,0.00%
20260127,17,冠妍動力科技有限公司,484,小老婆汽機車資訊網,22058,MW_文中創意320x480_小老婆汽機車資訊網-測試,,知名媒體,,6,0,0,6,2,4,33.33%,66.67%,0.00%,0.00%
20260127,17,朱光宁,3718,稷下書院2,22092,MW_置底創意(非展開)_稷下書院2,antifroud,,,"117,835",0,0,"117,835","66,048","51,787",56.05%,43.95%,0.00%,0.00%
20260127,17,富盈數據股份有限公司,3680,TVBS-新聞網_HB,22131,CF_文中300x250_TVBS-新聞網_HB_1,,知名媒體,,6,0,0,6,6,0,100.00%,0.00%,0.00%,0.00%
20260127,17,富盈數據股份有限公司,3680,TVBS-新聞網_HB,22132,CF_文中300x250_TVBS-新聞網_HB_2,,知名媒體,,12,0,0,12,11,1,91.67%,8.33%,0.00%,0.00%
20260127,17,富盈數據股份有限公司,3680,TVBS-新聞網_HB,22133,CF_文中300x250_TVBS-新聞網_HB_3,,知名媒體,,60,0,0,60,47,13,78.33%,21.67%,0.00%,0.00%
20260127,17,富盈數據股份有限公司,3730,Teepr 亮新聞 HB,22145,MW_336x280_文中創意_Teepr亮新聞 HB,,,,18,0,0,18,18,0,100.00%,0.00%,0.00%,0.00%
20260127,17,闇碼科技股份有限公司,3048,縮短網址產生器-reurl,22213,MW_蓋版_縮短網址產生器-reurl-2025.05(特殊供量),,知名媒體,,132,0,0,132,53,79,40.15%,59.85%,0.00%,0.00%
20260127,17,艾得基客行銷顧問股份有限公司,3724,上報,22217,MW_置底創意(非展開)_上報,,知名媒體,,222,0,0,222,216,6,97.30%,2.70%,0.00%,0.00%
20260127,17,艾得基客行銷顧問股份有限公司,3724,上報,22218,MW_置底(展開)_上報,,知名媒體,,171,0,0,171,169,2,98.83%,1.17%,0.00%,0.00%
20260127,17,欣發現股份有限公司,3363,大人物-mobile,22222,MW_蓋板_大人物,,知名媒體,,13,0,0,13,10,3,76.92%,23.08%,0.00%,0.00%
20260127,17,朱光宁,3741,石頭小說3,22396,MW_置底_石頭小說3,,,,12,0,0,12,7,5,58.33%,41.67%,0.00%,0.00%
20260127,17,朱光宁,3741,石頭小說3,22398,CF_336 x 280 banner_石頭小說3_cpc1.67,,,,211,0,0,211,125,86,59.24%,40.76%,0.00%,0.00%
20260127,17,朱光宁,3741,石頭小說3,22399,CF_320 x 480 橫幅_石頭小說3,,,,12,0,0,12,9,3,75.00%,25.00%,0.00%,0.00%
20260127,17,艾得基客行銷顧問股份有限公司,3724,上報,22405,MW_蓋版_上報,,知名媒體,,16,0,0,16,16,0,100.00%,0.00%,0.00%,0.00%
20260127,17,闇碼科技股份有限公司,3068,限時圖片-imgus,22406,MW_置底_imgus,antifroud,,,169,0,0,169,168,1,99.41%,0.59%,0.00%,0.00%
20260127,17,第一網站股份有限公司,2783,漫畫櫃manhuagui,22443,MW_置底_manhuagui,antifroud,,,"2,311",0,0,"2,311","2,132",179,92.25%,7.75%,0.00%,0.00%
20260127,17,艾得基客行銷顧問股份有限公司,3490,太報,22495,MW_300x250 BANNER_太報_CPM5,,知名媒體,子聯播網,6,0,0,6,6,0,100.00%,0.00%,0.00%,0.00%
20260127,17,艾得基客行銷顧問股份有限公司,2689,Basketball Top5,22498,MW_300x250 Banner_Basketball TOP5_CPM5,,,子聯播網,209,0,0,209,209,0,100.00%,0.00%,0.00%,0.00%
20260127,17,艾得基客行銷顧問股份有限公司,2578,鉅亨網,22507,MW_300x250_鉅亨網_直播用BN-1,,知名媒體,子聯播網,"1,546",0,0,"1,546","1,522",24,98.45%,1.55%,0.00%,0.00%
20260127,17,艾得基客行銷顧問股份有限公司,3752,ＭoneyDJ,22514,MW_文中創意320x480_MoneyDJ,antifroud,知名媒體,,62,0,0,62,58,4,93.55%,6.45%,0.00%,0.00%
20260127,17,巨思文化股份有限公司,3053,數位時代_HB,22741,MW_文中創意320x480_第一塊_數位時代_HB,,知名媒體,,6,0,0,6,6,0,100.00%,0.00%,0.00%,0.00%
20260127,17,李承翰-webptt,718,Web批踢踢(RWD),2284,MW-蓋板_文中_Web批踢踢,antifroud,,,60,0,0,60,39,21,65.00%,35.00%,0.00%,0.00%
20260127,17,麥智維,999,動漫戲說,3543,CF-728*90-內文上方-動漫戲說,antifroud,,,135,0,0,135,99,36,73.33%,26.67%,0.00%,0.00%
20260127,17,肖偉彬,1287,紅櫻桃小說書庫,4678,CF-內文上方-300*250-紅櫻桃小說書庫,,,,14,0,0,14,8,6,57.14%,42.86%,0.00%,0.00%
20260127,17,技達創意資訊有限公司,1299,泰好網,4733,CF-300*250-內文下方-泰好網,,,,6,0,0,6,6,0,100.00%,0.00%,0.00%,0.00%
20260127,17,技達創意資訊有限公司,1299,泰好網,4734,MW-320*100-首頁、內文上方-泰好網,,,,6,0,0,6,6,0,100.00%,0.00%,0.00%,0.00%
20260127,17,肖偉彬,1347,雲台書屋,4923,CF-上方通欄-300*250-雲台書屋,,,,6,0,0,6,6,0,100.00%,0.00%,0.00%,0.00%
20260127,17,陈晋福,1367,電視超人,4997,CF-300X250-電視超人,,,,24,0,0,24,24,0,100.00%,0.00%,0.00%,0.00%
20260127,17,莊博凱,1676,夢遊電玩-exchange,6310,CF-160*600-網頁右側-夢遊電玩-exchange,,,,6,0,0,6,4,2,66.67%,33.33%,0.00%,0.00%
20260127,17,精鏡傳媒股份有限公司,1060,鏡週刊,8250,MW_置底創意(非展開)_鏡週刊,,知名媒體,,609,0,0,609,570,39,93.60%,6.40%,0.00%,0.00%
20260127,17,臺灣電視事業股份有限公司,52,台視,8313,PC-300x250_內文第一塊_台視財經,,知名媒體,,16,0,0,16,11,5,68.75%,31.25%,0.00%,0.00%
20260127,17,布林遊國際有限公司,1692,Bring You,8393,CF-300X250-上方通欄右側_BringYou,,知名媒體,,6,0,0,6,6,0,100.00%,0.00%,0.00%,0.00%
20260127,17,巧克科技新媒體股份有限公司,2127,LINE TV_Banner-exchange,8576,CF_336x280_戲劇-右側好康資訊下方_LINE TV-exchange,,知名媒體,,92,0,0,92,62,30,67.39%,32.61%,0.00%,0.00%
20260127,17,鳳梨傳媒股份有限公司,2190,民視新聞網-Exchange,8862,CF_970X90_分類新聞內頁上方_民視新聞(MCM),,知名媒體,,26,0,0,26,24,2,92.31%,7.69%,0.00%,0.00%
20260127,17,見聞科技有限公司,2251,就是節目表,9233,MW-300x250-節目表文中-就是節目表,,,,6,0,0,6,6,0,100.00%,0.00%,0.00%,0.00%
20260127,17,蔡瑞文,300,樂透彩幸運發財網,9470,MW-置底-樂透幸運發財網,antifroud,知名媒體,,12,0,0,12,12,0,100.00%,0.00%,0.00%,0.00%
20260127,18,英屬維京群島商浩美數位有限公司台灣分公司,2315,Teepr亮新聞-exchange,10012,CF_336x280Banner_Teepr亮新聞-exchange,,知名媒體,,88,0,0,88,87,1,98.86%,1.14%,0.00%,0.00%
20260127,18,昱得資訊工作室,2528,數位書香,11081,CF_160x600_首頁右側_數位書香,antifroud,,,42,0,0,42,42,0,100.00%,0.00%,0.00%,0.00%
20260127,18,第一網站股份有限公司,2518,麻辣家族討論區(twbts),11082,CF-728X90-twbts,antifroud,,,146,0,98,146,139,7,95.21%,4.79%,0.00%,67.12%
20260127,18,第一網站股份有限公司,2601,Meme梗圖倉庫,11443,CF-336X280-meme,,,,99,0,0,99,88,11,88.89%,11.11%,0.00%,0.00%
20260127,18,艾得基客行銷顧問股份有限公司,2578,鉅亨網,12070,MW_320x480_文中創意_鉅亨網,,知名媒體,,406,0,0,406,399,7,98.28%,1.72%,0.00%,0.00%
20260127,18,時報資訊股份有限公司,2770,中時電子報_HB,12559,CF_300x250_右側互動看版_中時電子報_HB,,知名媒體,,307,0,0,307,235,72,76.55%,23.45%,0.00%,0.00%
20260127,18,時報資訊股份有限公司,2770,中時電子報_HB,12560,CF_336x280_文中看板_中時電子報_HB,,知名媒體,,324,0,0,324,246,78,75.93%,24.07%,0.00%,0.00%
20260127,18,時報資訊股份有限公司,2770,中時電子報_HB,12561,MW_300x250_內頁TOP Banner_中時電子報_HB,antifroud,知名媒體,,"2,296",0,0,"2,296","2,180",116,94.95%,5.05%,0.00%,0.00%
20260127,18,第一網站股份有限公司,2768,czbooks,12570,CF_728x90_banner_czbooks,,,,97,0,0,97,74,23,76.29%,23.71%,0.00%,0.00%
20260127,18,第一網站股份有限公司,2768,czbooks,12571,CF-300x600_Banner_czbooks,,,,306,0,0,306,229,77,74.84%,25.16%,0.00%,0.00%
20260127,18,鳳梨傳媒股份有限公司,2190,民視新聞網-Exchange,12579,CF_300x250_右側第一塊_民視新聞網-Exchange(RWD)(MCM),,知名媒體,,109,0,0,109,100,9,91.74%,8.26%,0.00%,0.00%
20260127,18,鳳梨傳媒股份有限公司,2190,民視新聞網-Exchange,12580,CF_300x250_內文文中左側_民視新聞網-Exchange(RWD)(MCM),,知名媒體,,208,0,0,208,200,8,96.15%,3.85%,0.00%,0.00%
20260127,18,第一網站股份有限公司,2783,漫畫櫃manhuagui,12676,CF_728X90_manhuagui,antifroud,,,964,0,0,964,862,102,89.42%,10.58%,0.00%,0.00%
20260127,18,第一網站股份有限公司,2820,星座好朋友(horofriend88),12966,MW_320x100_horofriend88,antifroud,,,6,0,0,6,4,2,66.67%,33.33%,0.00%,0.00%
20260127,18,曾憲敏,202,85小說網,13445,MW_336X280_全量1_85小說網,,,,26,0,0,26,18,8,69.23%,30.77%,0.00%,0.00%
20260127,18,曾憲敏,202,85小說網,13446,MW_336X280_全量2_85小說網,,,,162,0,0,162,126,36,77.78%,22.22%,0.00%,0.00%
20260127,18,第一網站股份有限公司,2768,czbooks,13481,MW_300x250_banner_czbooks,antifroud,,子聯播網,"2,035",0,0,"2,035","1,212",823,59.56%,40.44%,0.00%,0.00%
20260127,18,第一網站股份有限公司,2910,clickme,13549,CF_300x250_banner_clickme(一般),,,,9,0,0,9,9,0,100.00%,0.00%,0.00%,0.00%
20260127,18,第一網站股份有限公司,2768,czbooks,13903,(子)CF_300x250_banner_czbooks(直播),antifroud,,子聯播網,"17,831",0,0,"17,831","9,794","8,037",54.93%,45.07%,0.00%,0.00%
20260127,18,第一網站股份有限公司,2783,漫畫櫃manhuagui,13904,(子)CF_300x250_banner_manhuagui(直播),antifroud,,子聯播網,"1,331",0,0,"1,331","1,175",156,88.28%,11.72%,0.00%,0.00%
20260127,18,第一網站股份有限公司,2768,czbooks,14036,MW_320x480_CZBOOKS,antifroud,,,44,0,0,44,24,20,54.55%,45.45%,0.00%,0.00%
20260127,18,闇碼科技股份有限公司,3048,縮短網址產生器-reurl,14210,MW_文中創意300x250_縮短網址產生器-reurl,,知名媒體,,18,0,0,18,13,5,72.22%,27.78%,0.00%,0.00%
20260127,18,巨思文化股份有限公司,3053,數位時代_HB,14242,CF_300x250_內文下方左側_數位時代-HB,,知名媒體,,6,0,0,6,5,1,83.33%,16.67%,0.00%,0.00%
20260127,18,巨思文化股份有限公司,3053,數位時代_HB,14243,CF_300x250_內文下方右側_數位時代-HB,,知名媒體,,6,0,0,6,5,1,83.33%,16.67%,0.00%,0.00%
20260127,18,巨思文化股份有限公司,3053,數位時代_HB,14244,MW_300x250_文中第四塊_數位時代-HB,,知名媒體,,6,0,0,6,4,2,66.67%,33.33%,0.00%,0.00%
20260127,18,巨思文化股份有限公司,3053,數位時代_HB,14246,MW_300x250_文章結束第一塊_數位時代-HB,,知名媒體,,32,0,0,32,25,7,78.12%,21.88%,0.00%,0.00%
20260127,18,富盈數據股份有限公司,3059,塔科女子,14258,CF_336x280_全網_塔科女子,,知名媒體,,6,0,0,6,6,0,100.00%,0.00%,0.00%,0.00%
20260127,18,CBROOT LTD,3003,包子漫畫-exchange,14291,MW_300x250_蓋板(PB)_包子漫畫,,,,30,0,0,30,25,5,83.33%,16.67%,0.00%,0.00%
20260127,18,朱光宁,3149,稷下書院-exchange,14748,MW_320x100_置底(PB)_稷下書院,,,,"1,756",0,0,"1,756",922,834,52.51%,47.49%,0.00%,0.00%
20260127,18,巨思文化股份有限公司,3053,數位時代_HB,14764,MW_置底創意_(非展開)_數位時代_HB,,知名媒體,,61,0,0,61,44,17,72.13%,27.87%,0.00%,0.00%
20260127,18,中天電視股份有限公司,3283,中天新聞網-mobile,14931,MW_320x480_蓋版_中天新聞網-mobile,antifroud,知名媒體,,99,0,0,99,99,0,100.00%,0.00%,0.00%,0.00%
20260127,18,中天電視股份有限公司,3282,中天新聞網-exchange,14980,CF_970x250_內頁_PC置頂橫幅-中天新聞網-exchange,,知名媒體,,6,0,0,6,4,2,66.67%,33.33%,0.00%,0.00%
20260127,18,中天電視股份有限公司,3282,中天新聞網-exchange,15859,CF_336x280_內頁_PC右側互動看板B-中天新聞網-exchange,,知名媒體,,12,0,0,12,10,2,83.33%,16.67%,0.00%,0.00%
20260127,18,朱光宁,3360,提莫書屋-exchange,16957,MW_336x280banner_提莫書屋_exchange,,,,"1,045",0,0,"1,045",787,258,75.31%,24.69%,0.00%,0.00%
20260127,18,欣發現股份有限公司,3364,女子學-mobile,16972,MW_置底創意_女子學,antifroud,,,6,0,0,6,3,3,50.00%,50.00%,0.00%,0.00%
20260127,18,第一網站股份有限公司,2783,漫畫櫃manhuagui,17027,MW_320x480_蓋版_漫畫櫃manhuagui,,,,24,0,0,24,24,0,100.00%,0.00%,0.00%,0.00%
20260127,18,朱光宁,3268,稷下書院-mobile,17207,MW_320x480_蓋版_稷下書院-mobile,,,,252,0,0,252,156,96,61.90%,38.10%,0.00%,0.00%
20260127,18,李立娟,3395,vivi0視頻-exchange,17293,CF_336x280_Banner_vivi01視頻-exchange,antifroud,,,"4,496",0,0,"4,496","4,214",282,93.73%,6.27%,0.00%,0.00%
20260127,18,李立娟,3395,vivi0視頻-exchange,17294,MW_336x280_Banner_vivi01視頻-exchange,antifroud,,,"2,505",0,0,"2,505","2,347",158,93.69%,6.31%,0.00%,0.00%
20260127,18,李立娟,3395,vivi0視頻-exchange,17300,MW_320x100_置底(PB)_vivi01視頻-exchange,antifroud,,,959,0,0,959,879,80,91.66%,8.34%,0.00%,0.00%
20260127,18,第一網站股份有限公司,2768,czbooks,17927,MW_置底創意_czbook,,,,267,0,0,267,164,103,61.42%,38.58%,0.00%,0.00%
20260127,18,時報資訊股份有限公司_工商時報,3427,工商時報-exchange,18014,MW_300x250_文末Banner1_工商時報-exchange,,知名媒體,,126,0,0,126,123,3,97.62%,2.38%,0.00%,0.00%
20260127,18,時報資訊股份有限公司_工商時報,3427,工商時報-exchange,18015,MW_300x250_文末Banner2_工商時報-exchange,,知名媒體,,142,0,0,142,137,5,96.48%,3.52%,0.00%,0.00%
20260127,18,第一網站股份有限公司,3440,fsa_passback_first,18201,CF_336x280_fsa_passback_first,,,,16,0,0,16,16,0,100.00%,0.00%,0.00%,0.00%
20260127,18,第一網站股份有限公司,3440,fsa_passback_first,18202,CF_300x250_fsa_passback_first,,,,206,0,0,206,155,51,75.24%,24.76%,0.00%,0.00%
20260127,18,冰楓科技有限公司,3485,冰楓論壇-exchange,18487,CF_970x90_內文上方第一塊_冰楓論壇-exchange,,,,51,0,0,51,45,6,88.24%,11.76%,0.00%,0.00%
20260127,18,冰楓科技有限公司,3485,冰楓論壇-exchange,18492,MW_300x250_Banner_ 冰楓論壇-exchange,,,,22,0,0,22,17,5,77.27%,22.73%,0.00%,0.00%
20260127,18,CBROOT LTD,3492,包子漫畫(特開流量)-exchange,18546,(子)CF_300x250_指定時段_包子漫畫(特開流量)-exchange,,,子聯播網,"2,390",0,0,"2,390","1,937",453,81.05%,18.95%,0.00%,0.00%
20260127,18,CBROOT LTD,3492,包子漫畫(特開流量)-exchange,18557,CF_300x600_指定流量_包子漫畫(特開流量PB)-exchange,,,,339,0,0,339,295,44,87.02%,12.98%,0.00%,0.00%
20260127,18,CBROOT LTD,3510,包子漫畫_twmanga-exchange,18732,MW_336x280_Banner_包子漫畫_twmanga,,,子聯播網,"3,917",0,0,"3,917","2,920",997,74.55%,25.45%,0.00%,0.00%
20260127,18,闇碼科技股份有限公司,2992,縮短網址產生器-reurl-exchange,18876,CF_首頁連結bar下方_縮短網址產生器-reurl-exchange,,知名媒體,,6,0,0,6,6,0,100.00%,0.00%,0.00%,0.00%
20260127,18,台灣英文新聞股份有限公司,3537,台灣英文新聞(new)-exchange,18924,CF_300x250_內容頁_右側看版_1_台灣英文新聞(new)-exchange,,知名媒體,,6,0,0,6,4,2,66.67%,33.33%,0.00%,0.00%
20260127,18,艾得基客行銷顧問股份有限公司,3373,良醫健康網,19009,MW_蓋板_良醫健康網,,知名媒體,,6,0,0,6,5,1,83.33%,16.67%,0.00%,0.00%
20260127,18,艾得基客行銷顧問股份有限公司,3490,太報,19043,MW_置底創意(展開)_太報,,知名媒體,,32,0,0,32,31,1,96.88%,3.12%,0.00%,0.00%
20260127,18,艾得基客行銷顧問股份有限公司,3552,玩具人,19044,MW_320x480_文中創意_玩具人,,知名媒體,,7,0,0,7,7,0,100.00%,0.00%,0.00%,0.00%
20260127,18,第一網站股份有限公司,2783,漫畫櫃manhuagui,20685,MW_300X250_manhuagui,antifroud,,,476,0,0,476,448,28,94.12%,5.88%,0.00%,0.00%
20260127,18,德榕企業有限公司,3578,TW Bodhi_mobile,20708,MW_蓋板_TW Bodhi,,,,36,0,0,36,36,0,100.00%,0.00%,0.00%,0.00%
20260127,18,德榕企業有限公司,3581,忘憂書屋,20727,CF_336x280文章頁(RWD)_忘憂書屋,,,,12,0,0,12,12,0,100.00%,0.00%,0.00%,0.00%
20260127,18,德榕企業有限公司,3582,忘憂書屋_mobile,20728,MW_文中創意300x250_忘憂書屋,,,,12,0,0,12,12,0,100.00%,0.00%,0.00%,0.00%
20260127,18,第一網站股份有限公司,2916,KiKiNote,20731,CF_300x250_banner_kikinote (PB),,知名媒體,,20,0,0,20,18,2,90.00%,10.00%,0.00%,0.00%
20260127,18,艾得基客行銷顧問股份有限公司,3490,太報,21317,MW_蓋版_太報,,知名媒體,,6,0,0,3,3,0,100.00%,0.00%,0.00%,0.00%
20260127,18,第一網站股份有限公司,3440,fsa_passback_first,21699,CF_336x280_fsa_passback_first,,,,30,0,0,30,20,10,66.67%,33.33%,0.00%,0.00%
20260127,18,富盈數據股份有限公司,3653,TVBS-女人我最大_HB,21760,MW_文章三_336x280_TVBS-女人我最大_HB,,知名媒體,,6,0,0,6,6,0,100.00%,0.00%,0.00%,0.00%
20260127,18,富盈數據股份有限公司,3653,TVBS-女人我最大_HB,21761,MW_文章四_336x280_TVBS-女人我最大_HB,,知名媒體,,44,0,0,44,43,1,97.73%,2.27%,0.00%,0.00%
20260127,18,富盈數據股份有限公司,3653,TVBS-女人我最大_HB,21763,MW_文中創意320x480_TVBS-女人我最大_HB,,知名媒體,,48,0,0,48,48,0,100.00%,0.00%,0.00%,0.00%
20260127,18,富盈數據股份有限公司,3654,TVBS-健康2.0_HB,21768,MW_文中創意320x480_TVBS-健康2.0_HB,,知名媒體,,429,0,0,429,416,13,96.97%,3.03%,0.00%,0.00%
20260127,18,富盈數據股份有限公司,3653,TVBS-女人我最大_HB,21803,MW_文章一_336x280_TVBS-女人我最大_HB,,知名媒體,,20,0,0,20,20,0,100.00%,0.00%,0.00%,0.00%
20260127,18,儂儂雜誌社股份有限公司(bella儂儂),2135,Bella儂儂_2024,21876,MW-300x250_文章標題上方1_Bella儂儂,,知名媒體,,12,0,0,12,11,1,91.67%,8.33%,0.00%,0.00%
20260127,18,富盈數據股份有限公司,3680,TVBS-新聞網_HB,21899,MW_文章一_336x280_TVBS-新聞網_HB,,知名媒體,,"2,653",0,0,"2,653","2,588",65,97.55%,2.45%,0.00%,0.00%
20260127,18,富盈數據股份有限公司,3680,TVBS-新聞網_HB,21900,MW_文章三_336x280_TVBS-新聞網_HB,,知名媒體,,298,0,0,298,296,2,99.33%,0.67%,0.00%,0.00%
20260127,18,富盈數據股份有限公司,3680,TVBS-新聞網_HB,21901,MW_文章四_336x280_TVBS-新聞網_HB,,知名媒體,,26,0,0,26,26,0,100.00%,0.00%,0.00%,0.00%
20260127,18,富盈數據股份有限公司,3680,TVBS-新聞網_HB,21902,MW_文章置底_320x100_TVBS-新聞網_HB,,知名媒體,,"2,889",0,0,"2,889","2,807",82,97.16%,2.84%,0.00%,0.00%
20260127,18,富盈數據股份有限公司,3684,稅美人_mobile,21923,MW_置底創意(非展開)_稅美人-mobile,,,,132,0,0,132,79,53,59.85%,40.15%,0.00%,0.00%
20260127,18,富盈數據股份有限公司,3685,玩桌遊_mobile,21924,MW_置底創意(非展開)_玩桌遊-mobile,,,,26,0,0,26,21,5,80.77%,19.23%,0.00%,0.00%
20260127,18,富盈數據股份有限公司,3704,天天要聞,22030,CF_300 x 250 banner_天天要聞_cpc2,,,,763,0,0,763,385,378,50.46%,49.54%,0.00%,0.00%
20260127,18,朱光宁,3718,稷下書院2,22092,MW_置底創意(非展開)_稷下書院2,antifroud,,,"10,177",0,0,"10,177","5,789","4,388",56.88%,43.12%,0.00%,0.00%
20260127,18,富盈數據股份有限公司,3680,TVBS-新聞網_HB,22132,CF_文中300x250_TVBS-新聞網_HB_2,,知名媒體,,16,0,0,16,16,0,100.00%,0.00%,0.00%,0.00%
20260127,18,富盈數據股份有限公司,3680,TVBS-新聞網_HB,22133,CF_文中300x250_TVBS-新聞網_HB_3,,知名媒體,,48,0,0,48,44,4,91.67%,8.33%,0.00%,0.00%
20260127,18,富盈數據股份有限公司,3730,Teepr 亮新聞 HB,22145,MW_336x280_文中創意_Teepr亮新聞 HB,,,,6,0,0,6,6,0,100.00%,0.00%,0.00%,0.00%
20260127,18,闇碼科技股份有限公司,3048,縮短網址產生器-reurl,22213,MW_蓋版_縮短網址產生器-reurl-2025.05(特殊供量),,知名媒體,,600,0,0,600,9,591,1.50%,98.50%,0.00%,0.00%
20260127,18,艾得基客行銷顧問股份有限公司,3724,上報,22217,MW_置底創意(非展開)_上報,,知名媒體,,6,0,0,6,6,0,100.00%,0.00%,0.00%,0.00%
20260127,18,艾得基客行銷顧問股份有限公司,3724,上報,22218,MW_置底(展開)_上報,,知名媒體,,12,0,0,12,12,0,100.00%,0.00%,0.00%,0.00%
20260127,18,朱光宁,3741,石頭小說3,22396,MW_置底_石頭小說3,,,,30,0,0,30,23,7,76.67%,23.33%,0.00%,0.00%
20260127,18,朱光宁,3741,石頭小說3,22398,CF_336 x 280 banner_石頭小說3_cpc1.67,,,,"1,244",0,0,"1,244",726,518,58.36%,41.64%,0.00%,0.00%
20260127,18,朱光宁,3741,石頭小說3,22399,CF_320 x 480 橫幅_石頭小說3,,,,18,0,0,18,14,4,77.78%,22.22%,0.00%,0.00%
20260127,18,闇碼科技股份有限公司,3068,限時圖片-imgus,22406,MW_置底_imgus,antifroud,,,30,0,0,30,30,0,100.00%,0.00%,0.00%,0.00%
20260127,18,第一網站股份有限公司,2783,漫畫櫃manhuagui,22443,MW_置底_manhuagui,antifroud,,,"1,416",0,0,"1,416","1,327",89,93.71%,6.29%,0.00%,0.00%
20260127,18,艾得基客行銷顧問股份有限公司,2689,Basketball Top5,22498,MW_300x250 Banner_Basketball TOP5_CPM5,,,子聯播網,12,0,0,12,12,0,100.00%,0.00%,0.00%,0.00%
20260127,18,艾得基客行銷顧問股份有限公司,2578,鉅亨網,22507,MW_300x250_鉅亨網_直播用BN-1,,知名媒體,子聯播網,152,0,0,152,150,2,98.68%,1.32%,0.00%,0.00%
20260127,18,技達創意資訊有限公司,1299,泰好網,4734,MW-320*100-首頁、內文上方-泰好網,,,,6,0,0,6,6,0,100.00%,0.00%,0.00%,0.00%
20260127,18,精鏡傳媒股份有限公司,1060,鏡週刊,8250,MW_置底創意(非展開)_鏡週刊,,知名媒體,,18,0,0,18,14,4,77.78%,22.22%,0.00%,0.00%
20260127,18,鳳梨傳媒股份有限公司,2190,民視新聞網-Exchange,8862,CF_970X90_分類新聞內頁上方_民視新聞(MCM),,知名媒體,,6,0,0,6,6,0,100.00%,0.00%,0.00%,0.00%
