日期,小時,供應商名稱,網站,網站名稱,版位編號,版位名稱,antifroud,知名媒體,子聯播網,Total Tracked Ads,Eligible ads for quality Impressions,Quality Ads,Non-quality Ads,Quality Ads rate,Non-quality Ads rate
20260126,15,英屬維京群島商浩美數位有限公司台灣分公司,2315,Teepr亮新聞-exchange,10012,CF_336x280Banner_Teepr亮新聞-exchange,,知名媒體,,590,590,588,2,99.66%,0.34%
20260126,15,第一網站股份有限公司,2300,keketravel,10594,(子)CF_336x280_keketravel,,,子聯播網,8,8,0,8,0.00%,100.00%
20260126,15,昱得資訊工作室,2528,數位書香,11080,CF_728x90_首頁上方_數位書香,antifroud,,,7,7,7,0,100.00%,0.00%
20260126,15,昱得資訊工作室,2528,數位書香,11081,CF_160x600_首頁右側_數位書香,antifroud,,,444,444,432,12,97.30%,2.70%
20260126,15,第一網站股份有限公司,2540,risu短網址,11260,MW-300X250-MB_page_left-risu,,知名媒體,,12,12,12,0,100.00%,0.00%
20260126,15,第一網站股份有限公司,2492,ttshow,11273,MW-300X250-ttshow,,知名媒體,,12,12,12,0,100.00%,0.00%
20260126,15,第一網站股份有限公司,2601,Meme梗圖倉庫,11443,CF-336X280-meme,,,,347,347,329,18,94.81%,5.19%
20260126,15,艾得基客行銷顧問股份有限公司,2578,鉅亨網,12070,MW_320x480_文中創意_鉅亨網,,知名媒體,,"7,759","7,759","7,620",139,98.21%,1.79%
20260126,15,時報資訊股份有限公司,2770,中時電子報_HB,12561,MW_300x250_內頁TOP Banner_中時電子報_HB,antifroud,知名媒體,,"7,741","7,741","7,299",442,94.29%,5.71%
20260126,15,第一網站股份有限公司,2768,czbooks,12570,CF_728x90_banner_czbooks,,,,"62,948","62,948","41,980","20,968",66.69%,33.31%
20260126,15,鳳梨傳媒股份有限公司,2190,民視新聞網-Exchange,12579,CF_300x250_右側第一塊_民視新聞網-Exchange(RWD)(MCM),,知名媒體,,"3,975","3,974","3,887",87,97.81%,2.19%
20260126,15,鳳梨傳媒股份有限公司,2190,民視新聞網-Exchange,12580,CF_300x250_內文文中左側_民視新聞網-Exchange(RWD)(MCM),,知名媒體,,"4,397","4,397","4,269",128,97.09%,2.91%
20260126,15,第一網站股份有限公司,2783,漫畫櫃manhuagui,12676,CF_728X90_manhuagui,antifroud,,,"42,588","42,588","31,224","11,364",73.32%,26.68%
20260126,15,艾得基客行銷顧問股份有限公司,2635,工商時報,12761,MW_320x480_文中創意_工商時報new,,知名媒體,,310,310,301,9,97.10%,2.90%
20260126,15,第一網站股份有限公司,2801,damanwoo,12868,CF-300x250_Banner_damanwoo_大人物,,,,6,6,6,0,100.00%,0.00%
20260126,15,第一網站股份有限公司,2820,星座好朋友(horofriend88),12966,MW_320x100_horofriend88,antifroud,,,80,80,79,1,98.75%,1.25%
20260126,15,第一網站股份有限公司,2836,vivi01,13032,MW_置底創意_vivi01 ViVi視頻,,,,6,6,6,0,100.00%,0.00%
20260126,15,東森電視事業股份有限公司,2014,東森新聞網,13162,MW_置底創意(展開)_東森新聞網,antifroud,知名媒體,,338,338,332,6,98.22%,1.78%
20260126,15,曾憲敏,202,85小說網,13445,MW_336X280_全量1_85小說網,,,,236,236,162,74,68.64%,31.36%
20260126,15,曾憲敏,202,85小說網,13446,MW_336X280_全量2_85小說網,,,,"2,721","2,721","2,008",713,73.80%,26.20%
20260126,15,曾憲敏,601,85小說網_PC,13450,(子)CF_336x280_全量2_85小說網,,,子聯播網,314,314,197,117,62.74%,37.26%
20260126,15,第一網站股份有限公司,2768,czbooks,13481,MW_300x250_banner_czbooks,antifroud,,子聯播網,"45,272","45,272","23,253","22,019",51.36%,48.64%
20260126,15,第一網站股份有限公司,2910,clickme,13548,(子)CF_300x250_banner_clickme(一般),,,子聯播網,778,778,471,307,60.54%,39.46%
20260126,15,第一網站股份有限公司,2910,clickme,13549,CF_300x250_banner_clickme(一般),,,,745,745,470,275,63.09%,36.91%
20260126,15,第一網站股份有限公司,2916,KiKiNote,13576,(子)CF_300x250_banner_kikinote,,知名媒體,子聯播網,"1,890","1,890","1,675",215,88.62%,11.38%
20260126,15,闇碼科技股份有限公司,2992,縮短網址產生器-reurl-exchange,13848,CF_300x250_轉址失敗_最右邊_reurl,,知名媒體,,6,6,0,6,0.00%,100.00%
20260126,15,闇碼科技股份有限公司,2992,縮短網址產生器-reurl-exchange,13856,CF_300x250_轉址失敗頁第二塊_reurl,,知名媒體,,6,6,0,6,0.00%,100.00%
20260126,15,第一網站股份有限公司,2768,czbooks,13903,(子)CF_300x250_banner_czbooks(直播),antifroud,,子聯播網,"240,645","240,645","117,327","123,318",48.76%,51.24%
20260126,15,第一網站股份有限公司,2768,czbooks,14036,MW_320x480_CZBOOKS,antifroud,,,672,672,366,306,54.46%,45.54%
20260126,15,陳人鳳,480,飛格寵物家族_PC,1407,CF-728X90_上方通欄_飛格寵物家族,,,,26,26,15,11,57.69%,42.31%
20260126,15,陳人鳳,480,飛格寵物家族_PC,1408,CF-300X250_內文_飛格寵物家族,,,,92,92,58,34,63.04%,36.96%
20260126,15,東森電視事業股份有限公司,2014,東森新聞網,14097,MW_蓋版_東森新聞網,,知名媒體,,"1,893","1,893","1,872",21,98.89%,1.11%
20260126,15,闇碼科技股份有限公司,3048,縮短網址產生器-reurl,14210,MW_文中創意300x250_縮短網址產生器-reurl,,知名媒體,,146,146,102,44,69.86%,30.14%
20260126,15,朱漢崴,3050,查電話_exchange,14221,MW_336x280_查電話首頁_最新回報下方 _whocll 查電話,,,,6,6,6,0,100.00%,0.00%
20260126,15,富盈數據股份有限公司,3059,塔科女子,14258,CF_336x280_全網_塔科女子,,知名媒體,,132,132,132,0,100.00%,0.00%
20260126,15,CBROOT LTD,3003,包子漫畫-exchange,14291,MW_300x250_蓋板(PB)_包子漫畫,,,,235,235,217,18,92.34%,7.66%
20260126,15,朱光宁,3152,石頭小說-exchange,14472,MW_336x280_Banner_石頭小說,,,,"5,598","5,598","3,134","2,464",55.98%,44.02%
20260126,15,朱光宁,3268,稷下書院-mobile,14737,MW_置底創意(非展開)_稷下書院-mobile,,,,6,6,5,1,83.33%,16.67%
20260126,15,朱光宁,3149,稷下書院-exchange,14748,MW_320x100_置底(PB)_稷下書院,,,,"19,174","19,174","9,468","9,706",49.38%,50.62%
20260126,15,巨思文化股份有限公司,3053,數位時代_HB,14764,MW_置底創意_(非展開)_數位時代_HB,,知名媒體,,80,80,74,6,92.50%,7.50%
20260126,15,曾憲敏,3327,85小說網_創意,15228,MW-創意-85小說網,,,,409,409,284,125,69.44%,30.56%
20260126,15,千晶文化事業股份有限公司,3336,Beauty 美人圈,15254,MW_置底創意(非展開)_ Beauty 美人圈,,知名媒體,,516,516,513,3,99.42%,0.58%
20260126,15,中天電視股份有限公司,3282,中天新聞網-exchange,15859,CF_336x280_內頁_PC右側互動看板B-中天新聞網-exchange,,知名媒體,,"1,320","1,320","1,134",186,85.91%,14.09%
20260126,15,CBROOT LTD,3352,西瓜卡通-exchange,15970,CF_160x600_影音內容_西瓜卡通-exchange,,,,6,6,3,3,50.00%,50.00%
20260126,15,朱光宁,3360,提莫書屋-exchange,16957,MW_336x280banner_提莫書屋_exchange,,,,"14,243","14,243","10,281","3,962",72.18%,27.82%
20260126,15,朱光宁,3361,提莫書屋-mobile,16958,MW_置底創意_提莫書屋-mobile,,,,88,88,58,30,65.91%,34.09%
20260126,15,朱光宁,3361,提莫書屋-mobile,16959,MW_320x480_文中創意_提莫書屋-mobile,,,,48,48,42,6,87.50%,12.50%
20260126,15,欣發現股份有限公司,3365,Hami任務牆-mobile,16969,MW_置底創意_Hami任務牆,,知名媒體,,6,6,4,2,66.67%,33.33%
20260126,15,欣發現股份有限公司,3364,女子學-mobile,16972,MW_置底創意_女子學,antifroud,,,74,74,65,9,87.84%,12.16%
20260126,15,欣發現股份有限公司,3363,大人物-mobile,16973,MW_置底創意_大人物,,知名媒體,,12,12,9,3,75.00%,25.00%
20260126,15,第一網站股份有限公司,2783,漫畫櫃manhuagui,17027,MW_320x480_蓋版_漫畫櫃manhuagui,,,,"1,210","1,210","1,119",91,92.48%,7.52%
20260126,15,朱光宁,3268,稷下書院-mobile,17207,MW_320x480_蓋版_稷下書院-mobile,,,,"11,911","11,911","7,637","4,274",64.12%,35.88%
20260126,15,李立娟,3395,vivi0視頻-exchange,17293,CF_336x280_Banner_vivi01視頻-exchange,antifroud,,,"27,913","27,913","26,424","1,489",94.67%,5.33%
20260126,15,李立娟,3395,vivi0視頻-exchange,17294,MW_336x280_Banner_vivi01視頻-exchange,antifroud,,,"38,933","38,933","37,008","1,925",95.06%,4.94%
20260126,15,李立娟,3395,vivi0視頻-exchange,17300,MW_320x100_置底(PB)_vivi01視頻-exchange,antifroud,,,"47,211","47,211","44,675","2,536",94.63%,5.37%
20260126,15,李立娟,3397,趣聞圖說-exchange,17309,MW_336x280_文中Banner_趣聞圖說-exchange,,,,656,656,361,295,55.03%,44.97%
20260126,15,曾憲敏,601,85小說網_PC,1773,CF-300x250_85小說網_內文1,,,,339,339,215,124,63.42%,36.58%
20260126,15,李立娟,3396,趣聞圖說-Mobile,17923,MW_置底創意(展開)_趣聞圖說-Mobile,,,,12,12,12,0,100.00%,0.00%
20260126,15,第一網站股份有限公司,2768,czbooks,17927,MW_置底創意_czbook,,,,"6,409","6,409","3,328","3,081",51.93%,48.07%
20260126,15,第一網站股份有限公司,3440,fsa_passback_first,18201,CF_336x280_fsa_passback_first,,,,22,22,19,3,86.36%,13.64%
20260126,15,第一網站股份有限公司,3440,fsa_passback_first,18202,CF_300x250_fsa_passback_first,,,,"3,344","3,344","2,495",849,74.61%,25.39%
20260126,15,朱光宁,3268,稷下書院-mobile,18297,MW_置底創意(展開)_稷下書院-mobile,,,,112,112,66,46,58.93%,41.07%
20260126,15,冰楓科技有限公司,3485,冰楓論壇-exchange,18487,CF_970x90_內文上方第一塊_冰楓論壇-exchange,,,,431,431,379,52,87.94%,12.06%
20260126,15,冰楓科技有限公司,3485,冰楓論壇-exchange,18488,MW_320x100_內文上方第一塊_ 冰楓論壇-exchange,antifroud,,,18,18,11,7,61.11%,38.89%
20260126,15,冰楓科技有限公司,3485,冰楓論壇-exchange,18492,MW_300x250_Banner_ 冰楓論壇-exchange,,,,184,184,162,22,88.04%,11.96%
20260126,15,闇碼科技股份有限公司,3048,縮短網址產生器-reurl,18535,MW_蓋版_縮短網址產生器-reurl,,知名媒體,,19,19,18,1,94.74%,5.26%
20260126,15,CBROOT LTD,3510,包子漫畫_twmanga-exchange,18732,MW_336x280_Banner_包子漫畫_twmanga,,,子聯播網,"32,290","32,290","23,543","8,747",72.91%,27.09%
20260126,15,CBROOT LTD,3510,包子漫畫_twmanga-exchange,18737,CF_970x90_Banner_ 包子漫畫_twmanga-exchange,,,,46,46,42,4,91.30%,8.70%
20260126,15,舒禾驊,3535,荷花動漫筆記,18887,CF_336x280_文章頁文中_荷花動漫筆記,,,,22,22,13,9,59.09%,40.91%
20260126,15,台灣英文新聞股份有限公司,3537,台灣英文新聞(new)-exchange,18924,CF_300x250_內容頁_右側看版_1_台灣英文新聞(new)-exchange,,知名媒體,,84,84,77,7,91.67%,8.33%
20260126,15,艾得基客行銷顧問股份有限公司,3552,玩具人,19044,MW_320x480_文中創意_玩具人,,知名媒體,,30,30,29,1,96.67%,3.33%
20260126,15,第一網站股份有限公司,2783,漫畫櫃manhuagui,20685,MW_300X250_manhuagui,antifroud,,,"3,341","3,341","3,088",253,92.43%,7.57%
20260126,15,德榕企業有限公司,3577,TW Bodhi,20705,(子)CF_336x280_文章頁(RWD)_TW Bodhi,antifroud,,子聯播網,12,12,12,0,100.00%,0.00%
20260126,15,德榕企業有限公司,3578,TW Bodhi_mobile,20708,MW_蓋板_TW Bodhi,,,,251,251,248,3,98.80%,1.20%
20260126,15,德榕企業有限公司,3578,TW Bodhi_mobile,20719,MW_文中創意300x250_TW Bodhi,,,,6,6,6,0,100.00%,0.00%
20260126,15,德榕企業有限公司,3581,忘憂書屋,20727,CF_336x280文章頁(RWD)_忘憂書屋,,,,92,92,91,1,98.91%,1.09%
20260126,15,德榕企業有限公司,3582,忘憂書屋_mobile,20728,MW_文中創意300x250_忘憂書屋,,,,6,6,6,0,100.00%,0.00%
20260126,15,德榕企業有限公司,3582,忘憂書屋_mobile,20729,MW_蓋板_忘憂書屋,,,,6,6,6,0,100.00%,0.00%
20260126,15,第一網站股份有限公司,2910,clickme,20735,(子)CF_300x250_banner_clickme(成人),,,子聯播網,"8,140","8,140","6,114","2,026",75.11%,24.89%
20260126,15,第一網站股份有限公司,3440,fsa_passback_first,21699,CF_336x280_fsa_passback_first,,,,"2,666","2,666","2,169",497,81.36%,18.64%
20260126,15,富盈數據股份有限公司,3653,TVBS-女人我最大_HB,21760,MW_文章三_336x280_TVBS-女人我最大_HB,,知名媒體,,12,12,12,0,100.00%,0.00%
20260126,15,富盈數據股份有限公司,3653,TVBS-女人我最大_HB,21761,MW_文章四_336x280_TVBS-女人我最大_HB,,知名媒體,,262,262,260,2,99.24%,0.76%
20260126,15,富盈數據股份有限公司,3653,TVBS-女人我最大_HB,21763,MW_文中創意320x480_TVBS-女人我最大_HB,,知名媒體,,110,110,109,1,99.09%,0.91%
20260126,15,富盈數據股份有限公司,3654,TVBS-健康2.0_HB,21768,MW_文中創意320x480_TVBS-健康2.0_HB,,知名媒體,,"2,979","2,979","2,782",197,93.39%,6.61%
20260126,15,富盈數據股份有限公司,3655,TVBS-食尚玩家_HB,21773,MW_文中創意320x480_TVBS-食尚玩家_HB,,知名媒體,,251,251,223,28,88.84%,11.16%
20260126,15,儂儂雜誌社股份有限公司(bella儂儂),2135,Bella儂儂_2024,21876,MW-300x250_文章標題上方1_Bella儂儂,,知名媒體,,538,538,518,20,96.28%,3.72%
20260126,15,富盈數據股份有限公司,3684,稅美人_mobile,21923,MW_置底創意(非展開)_稅美人-mobile,,,,301,301,171,130,56.81%,43.19%
20260126,15,富盈數據股份有限公司,3685,玩桌遊_mobile,21924,MW_置底創意(非展開)_玩桌遊-mobile,,,,269,269,155,114,57.62%,42.38%
20260126,15,富盈數據股份有限公司,2615,熱血台中,21986,CF_336x280_全網_熱血台中,,,,6,6,6,0,100.00%,0.00%
20260126,15,富盈數據股份有限公司,2615,熱血台中,21987,CF_336x280_全網_熱血台中,,,,12,12,12,0,100.00%,0.00%
20260126,15,富盈數據股份有限公司,3704,天天要聞,22030,CF_300 x 250 banner_天天要聞_cpc2,,,,"1,332","1,332",685,647,51.43%,48.57%
20260126,15,富盈數據股份有限公司,3703,繁體小說,22031,CF_300 x 250 banner_繁體小說_cpc2,,,,148,148,110,38,74.32%,25.68%
20260126,15,朱光宁,3708,石頭小說,22045,CF_336 x 280 banner_石頭小說_cpc1.67,antifroud,,,"69,605","69,605","37,266","32,339",53.54%,46.46%
20260126,15,噗浪股份有限公司,58,Plurk_Mobile,22054,MA_(1)300 x 250 橫幅_Plurk,,知名媒體,,6,6,6,0,100.00%,0.00%
20260126,15,朱光宁,3718,稷下書院2,22093,CF_336 x 280 banner_稷下書院2_cpc1.67,antifroud,,,"65,049","65,049","33,970","31,079",52.22%,47.78%
20260126,15,闇碼科技股份有限公司,3048,縮短網址產生器-reurl,22213,MW_蓋版_縮短網址產生器-reurl-2025.05(特殊供量),,知名媒體,,178,178,89,89,50.00%,50.00%
20260126,15,艾得基客行銷顧問股份有限公司,3724,上報,22217,MW_置底創意(非展開)_上報,,知名媒體,,383,383,371,12,96.87%,3.13%
20260126,15,艾得基客行銷顧問股份有限公司,3724,上報,22218,MW_置底(展開)_上報,,知名媒體,,455,455,449,6,98.68%,1.32%
20260126,15,艾得基客行銷顧問股份有限公司,2689,Basketball Top5,22219,MW_置底(展開)_Basketball TOP5,,,,56,56,54,2,96.43%,3.57%
20260126,15,欣發現股份有限公司,3363,大人物-mobile,22222,MW_蓋板_大人物,,知名媒體,,50,50,39,11,78.00%,22.00%
20260126,15,艾得基客行銷顧問股份有限公司,3738,痞客邦,22223,MW_中繼頁_置底創意(展開)-痞客邦_Mobile,,知名媒體,,"3,609","3,609","2,958",651,81.96%,18.04%
20260126,15,艾得基客行銷顧問股份有限公司,3738,痞客邦,22226,MW_文章頁-置底-痞客邦,,知名媒體,,"3,244","3,244","2,800",444,86.31%,13.69%
20260126,15,朱光宁,3741,石頭小說3,22396,MW_置底_石頭小說3,,,,224,224,129,95,57.59%,42.41%
20260126,15,朱光宁,3741,石頭小說3,22398,CF_336 x 280 banner_石頭小說3_cpc1.67,,,,"14,256","14,256","7,579","6,677",53.16%,46.84%
20260126,15,朱光宁,3741,石頭小說3,22399,CF_320 x 480 橫幅_石頭小說3,,,,78,78,46,32,58.97%,41.03%
20260126,15,闇碼科技股份有限公司,3068,限時圖片-imgus,22406,MW_置底_imgus,antifroud,,,246,246,246,0,100.00%,0.00%
20260126,15,第一網站股份有限公司,2783,漫畫櫃manhuagui,22443,MW_置底_manhuagui,antifroud,,,"17,620","17,620","16,573","1,047",94.06%,5.94%
20260126,15,艾得基客行銷顧問股份有限公司,3490,太報,22495,MW_300x250 BANNER_太報_CPM5,,知名媒體,子聯播網,30,30,29,1,96.67%,3.33%
20260126,15,艾得基客行銷顧問股份有限公司,2689,Basketball Top5,22498,MW_300x250 Banner_Basketball TOP5_CPM5,,,子聯播網,167,167,167,0,100.00%,0.00%
20260126,15,艾得基客行銷顧問股份有限公司,2578,鉅亨網,22507,MW_300x250_鉅亨網_直播用BN-1,,知名媒體,子聯播網,"2,178","2,178","2,137",41,98.12%,1.88%
20260126,15,艾得基客行銷顧問股份有限公司,3752,ＭoneyDJ,22514,MW_文中創意320x480_MoneyDJ,antifroud,知名媒體,,32,32,24,8,75.00%,25.00%
20260126,15,艾得基客行銷顧問股份有限公司,3752,ＭoneyDJ,22515,MW_300x250 BANNER_MoneyDJ,antifroud,知名媒體,,12,12,12,0,100.00%,0.00%
20260126,15,李承翰-webptt,718,Web批踢踢(RWD),2284,MW-蓋板_文中_Web批踢踢,antifroud,,,45,45,21,24,46.67%,53.33%
20260126,15,肖偉彬,1287,紅櫻桃小說書庫,4678,CF-內文上方-300*250-紅櫻桃小說書庫,,,,32,32,21,11,65.62%,34.38%
20260126,15,肖偉彬,1287,紅櫻桃小說書庫,4717,MW_文中創意300x250_紅櫻桃小說書庫,,,,6,6,4,2,66.67%,33.33%
20260126,15,技達創意資訊有限公司,1299,泰好網,4734,MW-320*100-首頁、內文上方-泰好網,,,,30,30,30,0,100.00%,0.00%
20260126,15,肖偉彬,1347,雲台書屋,4923,CF-上方通欄-300*250-雲台書屋,,,,6,6,6,0,100.00%,0.00%
20260126,15,陈晋福,1367,電視超人,4997,CF-300X250-電視超人,,,,63,63,48,15,76.19%,23.81%
20260126,15,麥智維,999,動漫戲說,6069,CF-300*250-首頁-動漫戲說,,,,62,62,51,11,82.26%,17.74%
20260126,15,精鏡傳媒股份有限公司,1060,鏡週刊,8250,MW_置底創意(非展開)_鏡週刊,,知名媒體,,184,184,176,8,95.65%,4.35%
20260126,15,布林遊國際有限公司,1692,Bring You,8393,CF-300X250-上方通欄右側_BringYou,,知名媒體,,24,24,19,5,79.17%,20.83%
20260126,15,巧克科技新媒體股份有限公司,2127,LINE TV_Banner-exchange,8576,CF_336x280_戲劇-右側好康資訊下方_LINE TV-exchange,,知名媒體,,41,41,29,12,70.73%,29.27%
20260126,15,巧克科技新媒體股份有限公司,2127,LINE TV_Banner-exchange,8577,CF_336x280_戲劇-右側好康資訊上方_LINE TV-exchange,,知名媒體,,62,62,47,15,75.81%,24.19%
20260126,15,高政德,1015,小鎮資訊,9426,(子)CF_300x250_全網指定時段_小鎮資訊,,,子聯播網,6,6,0,6,0.00%,100.00%
20260126,15,高政德,1015,小鎮資訊,9597,(子)CF_300x600_全網指定時段_小鎮資訊,,,子聯播網,6,6,0,6,0.00%,100.00%
20260126,16,英屬維京群島商浩美數位有限公司台灣分公司,2315,Teepr亮新聞-exchange,10012,CF_336x280Banner_Teepr亮新聞-exchange,,知名媒體,,350,350,330,20,94.29%,5.71%
20260126,16,第一網站股份有限公司,2300,keketravel,10594,(子)CF_336x280_keketravel,,,子聯播網,28,28,4,24,14.29%,85.71%
20260126,16,昱得資訊工作室,2528,數位書香,11080,CF_728x90_首頁上方_數位書香,antifroud,,,32,32,32,0,100.00%,0.00%
20260126,16,昱得資訊工作室,2528,數位書香,11081,CF_160x600_首頁右側_數位書香,antifroud,,,508,508,499,9,98.23%,1.77%
20260126,16,第一網站股份有限公司,2518,麻辣家族討論區(twbts),11082,CF-728X90-twbts,antifroud,,,468,468,385,83,82.26%,17.74%
20260126,16,第一網站股份有限公司,2492,ttshow,11273,MW-300X250-ttshow,,知名媒體,,18,18,16,2,88.89%,11.11%
20260126,16,第一網站股份有限公司,2601,Meme梗圖倉庫,11443,CF-336X280-meme,,,,731,731,689,42,94.25%,5.75%
20260126,16,艾得基客行銷顧問股份有限公司,2578,鉅亨網,12070,MW_320x480_文中創意_鉅亨網,,知名媒體,,"10,397","10,397","10,213",184,98.23%,1.77%
20260126,16,葉志斌,2745,繁中寶可夢卡表生成器-奶爸工作室-exchange,12210,CF_728x90__文末__繁中寶可夢卡表生成器,,,,6,6,6,0,100.00%,0.00%
20260126,16,冰楓科技有限公司,1710,冰楓論壇,12511,MW_300x250_Banner_冰楓論壇-exchange,,,,6,6,3,3,50.00%,50.00%
20260126,16,時報資訊股份有限公司,2770,中時電子報_HB,12559,CF_300x250_右側互動看版_中時電子報_HB,,知名媒體,,622,622,506,116,81.35%,18.65%
20260126,16,時報資訊股份有限公司,2770,中時電子報_HB,12560,CF_336x280_文中看板_中時電子報_HB,,知名媒體,,598,598,496,102,82.94%,17.06%
20260126,16,時報資訊股份有限公司,2770,中時電子報_HB,12561,MW_300x250_內頁TOP Banner_中時電子報_HB,antifroud,知名媒體,,923,923,865,58,93.72%,6.28%
20260126,16,第一網站股份有限公司,2768,czbooks,12570,CF_728x90_banner_czbooks,,,,"59,431","59,431","40,882","18,549",68.79%,31.21%
20260126,16,鳳梨傳媒股份有限公司,2190,民視新聞網-Exchange,12579,CF_300x250_右側第一塊_民視新聞網-Exchange(RWD)(MCM),,知名媒體,,"5,585","5,585","5,459",126,97.74%,2.26%
20260126,16,鳳梨傳媒股份有限公司,2190,民視新聞網-Exchange,12580,CF_300x250_內文文中左側_民視新聞網-Exchange(RWD)(MCM),,知名媒體,,"5,883","5,881","5,721",160,97.28%,2.72%
20260126,16,第一網站股份有限公司,2783,漫畫櫃manhuagui,12676,CF_728X90_manhuagui,antifroud,,,"56,067","56,067","43,251","12,816",77.14%,22.86%
20260126,16,艾得基客行銷顧問股份有限公司,2635,工商時報,12761,MW_320x480_文中創意_工商時報new,,知名媒體,,267,267,251,16,94.01%,5.99%
20260126,16,金隼行銷股份有限公司,2786,91譜,12792,MW_置底創意_91譜,,知名媒體,,6,6,3,3,50.00%,50.00%
20260126,16,第一網站股份有限公司,2801,damanwoo,12868,CF-300x250_Banner_damanwoo_大人物,,,,6,6,6,0,100.00%,0.00%
20260126,16,永悅健康股份有限公司,2813,早安樂活,12926,MW_置底創意(展開)_早安樂活,,知名媒體,,188,188,188,0,100.00%,0.00%
20260126,16,永悅健康股份有限公司,2813,早安樂活,12927,MW_置底創意(非展開)_早安樂活,,知名媒體,,216,216,216,0,100.00%,0.00%
20260126,16,第一網站股份有限公司,2820,星座好朋友(horofriend88),12966,MW_320x100_horofriend88,antifroud,,,128,128,122,6,95.31%,4.69%
20260126,16,時報資訊股份有限公司,2335,中時電子報_2019,12974,MW-置底創意(展開)-中時電子報_2019,antifroud,知名媒體,,14,14,12,2,85.71%,14.29%
20260126,16,第一網站股份有限公司,2838,mycard,13041,MW_320x480_加倍mycard,,,,188,188,0,188,0.00%,100.00%
20260126,16,曾憲敏,202,85小說網,13445,MW_336X280_全量1_85小說網,,,,359,359,239,120,66.57%,33.43%
20260126,16,曾憲敏,202,85小說網,13446,MW_336X280_全量2_85小說網,,,,"2,939","2,939","2,220",719,75.54%,24.46%
20260126,16,曾憲敏,601,85小說網_PC,13450,(子)CF_336x280_全量2_85小說網,,,子聯播網,252,252,167,85,66.27%,33.73%
20260126,16,第一網站股份有限公司,2768,czbooks,13482,(子)CF_300x600_banner_czbooks(限時段),,,子聯播網,98,98,49,49,50.00%,50.00%
20260126,16,第一網站股份有限公司,2768,czbooks,13483,(子)CF_970x250_banner_czbooks(限時段),,,子聯播網,168,168,86,82,51.19%,48.81%
20260126,16,第一網站股份有限公司,2910,clickme,13548,(子)CF_300x250_banner_clickme(一般),,,子聯播網,823,823,615,208,74.73%,25.27%
20260126,16,第一網站股份有限公司,2910,clickme,13549,CF_300x250_banner_clickme(一般),,,,"1,197","1,197",818,379,68.34%,31.66%
20260126,16,第一網站股份有限公司,2916,KiKiNote,13576,(子)CF_300x250_banner_kikinote,,知名媒體,子聯播網,"2,195","2,195","2,004",191,91.30%,8.70%
20260126,16,闇碼科技股份有限公司,2992,縮短網址產生器-reurl-exchange,13848,CF_300x250_轉址失敗_最右邊_reurl,,知名媒體,,6,6,6,0,100.00%,0.00%
20260126,16,闇碼科技股份有限公司,2992,縮短網址產生器-reurl-exchange,13856,CF_300x250_轉址失敗頁第二塊_reurl,,知名媒體,,12,12,7,5,58.33%,41.67%
20260126,16,第一網站股份有限公司,2768,czbooks,13903,(子)CF_300x250_banner_czbooks(直播),antifroud,,子聯播網,"305,897","305,897","153,025","152,872",50.03%,49.97%
20260126,16,艾得基客行銷顧問股份有限公司,3738,痞客邦,13928,CF_300x600_全網版位_痞客邦,,知名媒體,,58,58,40,18,68.97%,31.03%
20260126,16,第一網站股份有限公司,2768,czbooks,14036,MW_320x480_CZBOOKS,antifroud,,,"1,496","1,496",806,690,53.88%,46.12%
20260126,16,第一網站股份有限公司,2601,Meme梗圖倉庫,14037,MW_320x480_meme,,,,6,6,5,1,83.33%,16.67%
20260126,16,陳人鳳,480,飛格寵物家族_PC,1407,CF-728X90_上方通欄_飛格寵物家族,,,,48,48,26,22,54.17%,45.83%
20260126,16,陳人鳳,480,飛格寵物家族_PC,1408,CF-300X250_內文_飛格寵物家族,,,,76,76,42,34,55.26%,44.74%
20260126,16,飛凡傳播股份有限公司,1921,非凡新聞台-exchange,14188,MW_300x250_內文上方_非凡新聞-exchange,antifroud,知名媒體,,6,6,6,0,100.00%,0.00%
20260126,16,闇碼科技股份有限公司,3048,縮短網址產生器-reurl,14210,MW_文中創意300x250_縮短網址產生器-reurl,,知名媒體,,207,207,138,69,66.67%,33.33%
20260126,16,巨思文化股份有限公司,3052,經理人_HB,14238,MW_文章結束第一塊_300x250_經理人-HB,,知名媒體,,6,6,6,0,100.00%,0.00%
20260126,16,巨思文化股份有限公司,3052,經理人_HB,14241,MW_300x250_內文下方_經理人-HB,,知名媒體,,6,6,6,0,100.00%,0.00%
20260126,16,巨思文化股份有限公司,3053,數位時代_HB,14242,CF_300x250_內文下方左側_數位時代-HB,,知名媒體,,29,29,24,5,82.76%,17.24%
20260126,16,巨思文化股份有限公司,3053,數位時代_HB,14243,CF_300x250_內文下方右側_數位時代-HB,,知名媒體,,35,35,29,6,82.86%,17.14%
20260126,16,巨思文化股份有限公司,3053,數位時代_HB,14246,MW_300x250_文章結束第一塊_數位時代-HB,,知名媒體,,12,12,11,1,91.67%,8.33%
20260126,16,富盈數據股份有限公司,3059,塔科女子,14258,CF_336x280_全網_塔科女子,,知名媒體,,202,202,202,0,100.00%,0.00%
20260126,16,CBROOT LTD,3003,包子漫畫-exchange,14291,MW_300x250_蓋板(PB)_包子漫畫,,,,624,624,544,80,87.18%,12.82%
20260126,16,朱光宁,3152,石頭小說-exchange,14472,MW_336x280_Banner_石頭小說,,,,"7,161","7,161","4,011","3,150",56.01%,43.99%
20260126,16,朱光宁,3149,稷下書院-exchange,14748,MW_320x100_置底(PB)_稷下書院,,,,"23,332","23,332","11,699","11,633",50.14%,49.86%
20260126,16,巨思文化股份有限公司,3053,數位時代_HB,14764,MW_置底創意_(非展開)_數位時代_HB,,知名媒體,,108,108,106,2,98.15%,1.85%
20260126,16,中天電視股份有限公司,3282,中天新聞網-exchange,14980,CF_970x250_內頁_PC置頂橫幅-中天新聞網-exchange,,知名媒體,,52,52,42,10,80.77%,19.23%
20260126,16,曾憲敏,3327,85小說網_創意,15227,MW-300X250_85小說網_隨身影音PB,,,,24,24,16,8,66.67%,33.33%
20260126,16,曾憲敏,3327,85小說網_創意,15228,MW-創意-85小說網,,,,"1,248","1,248",880,368,70.51%,29.49%
20260126,16,中天電視股份有限公司,3282,中天新聞網-exchange,15859,CF_336x280_內頁_PC右側互動看板B-中天新聞網-exchange,,知名媒體,,882,882,773,109,87.64%,12.36%
20260126,16,CBROOT LTD,3352,西瓜卡通-exchange,15969,CF_728x90_影音內容_西瓜卡通-exchange,,,,32,32,31,1,96.88%,3.12%
20260126,16,CBROOT LTD,3352,西瓜卡通-exchange,15970,CF_160x600_影音內容_西瓜卡通-exchange,,,,128,128,124,4,96.88%,3.12%
20260126,16,時報資訊股份有限公司,2817,旺得富,16910,CF_300x250_Billboard_1s_旺得富,,知名媒體,,12,12,10,2,83.33%,16.67%
20260126,16,時報資訊股份有限公司,2817,旺得富,16911,CF_300x250_Billboard_2nd_旺得富,,知名媒體,,24,24,24,0,100.00%,0.00%
20260126,16,葉志斌,2745,繁中寶可夢卡表生成器-奶爸工作室-exchange,16950,CF_160x600_Banner_繁中寶可夢卡表生成器-奶爸工作室-exchange,,,,12,12,12,0,100.00%,0.00%
20260126,16,葉志斌,2745,繁中寶可夢卡表生成器-奶爸工作室-exchange,16951,CF_300x600_Banner_繁中寶可夢卡表生成器-奶爸工作室-exchange,,,,6,6,6,0,100.00%,0.00%
20260126,16,朱光宁,3360,提莫書屋-exchange,16957,MW_336x280banner_提莫書屋_exchange,,,,"14,964","14,964","10,891","4,073",72.78%,27.22%
20260126,16,朱光宁,3361,提莫書屋-mobile,16958,MW_置底創意_提莫書屋-mobile,,,,62,62,45,17,72.58%,27.42%
20260126,16,朱光宁,3361,提莫書屋-mobile,16959,MW_320x480_文中創意_提莫書屋-mobile,,,,56,56,46,10,82.14%,17.86%
20260126,16,欣發現股份有限公司,3364,女子學-mobile,16972,MW_置底創意_女子學,antifroud,,,32,32,25,7,78.12%,21.88%
20260126,16,欣發現股份有限公司,3363,大人物-mobile,16973,MW_置底創意_大人物,,知名媒體,,6,6,6,0,100.00%,0.00%
20260126,16,第一網站股份有限公司,2783,漫畫櫃manhuagui,17027,MW_320x480_蓋版_漫畫櫃manhuagui,,,,"6,675","6,675","6,049",626,90.62%,9.38%
20260126,16,艾得基客行銷顧問股份有限公司,3373,良醫健康網,17092,MW_置底創意_良醫健康網,,知名媒體,,30,30,30,0,100.00%,0.00%
20260126,16,朱光宁,3268,稷下書院-mobile,17207,MW_320x480_蓋版_稷下書院-mobile,,,,"35,510","35,510","22,160","13,350",62.40%,37.60%
20260126,16,中華電視股份有限公司,3389,華視-mobile,17230,MW_置底創意(非展開)_華視-mobile,,知名媒體,,6,6,6,0,100.00%,0.00%
20260126,16,李立娟,3395,vivi0視頻-exchange,17293,CF_336x280_Banner_vivi01視頻-exchange,antifroud,,,"32,574","32,574","30,420","2,154",93.39%,6.61%
20260126,16,李立娟,3395,vivi0視頻-exchange,17294,MW_336x280_Banner_vivi01視頻-exchange,antifroud,,,"58,485","58,485","54,806","3,679",93.71%,6.29%
20260126,16,李立娟,3395,vivi0視頻-exchange,17299,MW_300x250_蓋板(PB)-vivi01視頻-exchange,,,,6,6,6,0,100.00%,0.00%
20260126,16,李立娟,3395,vivi0視頻-exchange,17300,MW_320x100_置底(PB)_vivi01視頻-exchange,antifroud,,,"44,201","44,201","41,404","2,797",93.67%,6.33%
20260126,16,李立娟,3397,趣聞圖說-exchange,17309,MW_336x280_文中Banner_趣聞圖說-exchange,,,,"2,947","2,947","1,592","1,355",54.02%,45.98%
20260126,16,曾憲敏,601,85小說網_PC,1773,CF-300x250_85小說網_內文1,,,,442,442,297,145,67.19%,32.81%
20260126,16,李立娟,3396,趣聞圖說-Mobile,17923,MW_置底創意(展開)_趣聞圖說-Mobile,,,,18,18,16,2,88.89%,11.11%
20260126,16,第一網站股份有限公司,2768,czbooks,17927,MW_置底創意_czbook,,,,"17,899","17,899","9,606","8,293",53.67%,46.33%
20260126,16,時報資訊股份有限公司_工商時報,3427,工商時報-exchange,18003,CF_300x250_互動看板2_工商時報-exchange,,知名媒體,,8,8,7,1,87.50%,12.50%
20260126,16,時報資訊股份有限公司_工商時報,3427,工商時報-exchange,18007,CF_336x280_文末右側看板_工商時報-exchange,,知名媒體,,26,26,25,1,96.15%,3.85%
20260126,16,時報資訊股份有限公司_工商時報,3427,工商時報-exchange,18014,MW_300x250_文末Banner1_工商時報-exchange,,知名媒體,,106,106,104,2,98.11%,1.89%
20260126,16,時報資訊股份有限公司_工商時報,3427,工商時報-exchange,18015,MW_300x250_文末Banner2_工商時報-exchange,,知名媒體,,198,198,195,3,98.48%,1.52%
20260126,16,第一網站股份有限公司,3440,fsa_passback_first,18201,CF_336x280_fsa_passback_first,,,,"1,854","1,854","1,371",483,73.95%,26.05%
20260126,16,第一網站股份有限公司,3440,fsa_passback_first,18202,CF_300x250_fsa_passback_first,,,,"3,017","3,017","2,200",817,72.92%,27.08%
20260126,16,第一網站股份有限公司,3440,fsa_passback_first,18266,(子)CF_970x250_cfbanner_blog,,,子聯播網,"1,552","1,552","1,326",226,85.44%,14.56%
20260126,16,莊博凱,3455,夢遊電玩,18269,300x250 Banner,,,,6,6,4,2,66.67%,33.33%
20260126,16,朱光宁,3268,稷下書院-mobile,18297,MW_置底創意(展開)_稷下書院-mobile,,,,112,112,64,48,57.14%,42.86%
20260126,16,冰楓科技有限公司,3485,冰楓論壇-exchange,18487,CF_970x90_內文上方第一塊_冰楓論壇-exchange,,,,"1,071","1,071",889,182,83.01%,16.99%
20260126,16,冰楓科技有限公司,3485,冰楓論壇-exchange,18488,MW_320x100_內文上方第一塊_ 冰楓論壇-exchange,antifroud,,,18,18,16,2,88.89%,11.11%
20260126,16,冰楓科技有限公司,3485,冰楓論壇-exchange,18491,CF_300x250_Banner_ 冰楓論壇-exchange,,,,6,6,3,3,50.00%,50.00%
20260126,16,冰楓科技有限公司,3485,冰楓論壇-exchange,18492,MW_300x250_Banner_ 冰楓論壇-exchange,,,,500,500,429,71,85.80%,14.20%
20260126,16,闇碼科技股份有限公司,3048,縮短網址產生器-reurl,18535,MW_蓋版_縮短網址產生器-reurl,,知名媒體,,30,30,28,2,93.33%,6.67%
20260126,16,CBROOT LTD,3492,包子漫畫(特開流量)-exchange,18544,(子)CF_300x600_指定流量_包子漫畫(特開流量)-exchange,,,子聯播網,20,20,19,1,95.00%,5.00%
20260126,16,CBROOT LTD,3510,包子漫畫_twmanga-exchange,18737,CF_970x90_Banner_ 包子漫畫_twmanga-exchange,,,,124,124,116,8,93.55%,6.45%
20260126,16,闇碼科技股份有限公司,2992,縮短網址產生器-reurl-exchange,18876,CF_首頁連結bar下方_縮短網址產生器-reurl-exchange,,知名媒體,,6,6,6,0,100.00%,0.00%
20260126,16,舒禾驊,3535,荷花動漫筆記,18887,CF_336x280_文章頁文中_荷花動漫筆記,,,,6,6,3,3,50.00%,50.00%
20260126,16,台灣英文新聞股份有限公司,3537,台灣英文新聞(new)-exchange,18911,MW_300x250_首頁_ENDBANNER_5_台灣英文新聞(new)-exchange,,知名媒體,,6,6,6,0,100.00%,0.00%
20260126,16,台灣英文新聞股份有限公司,3537,台灣英文新聞(new)-exchange,18912,MW_300x250_首頁_文中橫幅_2_台灣英文新聞(new)-exchange,,知名媒體,,6,6,6,0,100.00%,0.00%
20260126,16,台灣英文新聞股份有限公司,3537,台灣英文新聞(new)-exchange,18914,MW_320x100_內文頁_置頂橫幅_台灣英文新聞(new)-exchange,,知名媒體,,9,9,2,7,22.22%,77.78%
20260126,16,台灣英文新聞股份有限公司,3537,台灣英文新聞(new)-exchange,18924,CF_300x250_內容頁_右側看版_1_台灣英文新聞(new)-exchange,,知名媒體,,164,163,145,18,88.96%,11.04%
20260126,16,艾得基客行銷顧問股份有限公司,3552,玩具人,19044,MW_320x480_文中創意_玩具人,,知名媒體,,36,36,33,3,91.67%,8.33%
20260126,16,第一網站股份有限公司,2783,漫畫櫃manhuagui,20685,MW_300X250_manhuagui,antifroud,,,"6,662","6,662","5,852",810,87.84%,12.16%
20260126,16,德榕企業有限公司,3577,TW Bodhi,20705,(子)CF_336x280_文章頁(RWD)_TW Bodhi,antifroud,,子聯播網,8,8,8,0,100.00%,0.00%
20260126,16,德榕企業有限公司,3578,TW Bodhi_mobile,20708,MW_蓋板_TW Bodhi,,,,316,316,315,1,99.68%,0.32%
20260126,16,德榕企業有限公司,3581,忘憂書屋,20727,CF_336x280文章頁(RWD)_忘憂書屋,,,,75,75,74,1,98.67%,1.33%
20260126,16,德榕企業有限公司,3582,忘憂書屋_mobile,20729,MW_蓋板_忘憂書屋,,,,6,6,6,0,100.00%,0.00%
20260126,16,第一網站股份有限公司,2910,clickme,20735,(子)CF_300x250_banner_clickme(成人),,,子聯播網,"11,709","11,709","9,315","2,394",79.55%,20.45%
20260126,16,第一網站股份有限公司,3440,fsa_passback_first,21699,CF_336x280_fsa_passback_first,,,,"4,025","4,025","3,214",811,79.85%,20.15%
20260126,16,第一網站股份有限公司,3440,fsa_passback_first,21702,(子)CF_970x250_cfbanner_blog,,,,6,6,5,1,83.33%,16.67%
20260126,16,朱光宁,3269,石頭小說-mobile,21741,MW_320x480_蓋版_石頭小說-mobile,antifroud,,,6,6,3,3,50.00%,50.00%
20260126,16,富盈數據股份有限公司,3653,TVBS-女人我最大_HB,21760,MW_文章三_336x280_TVBS-女人我最大_HB,,知名媒體,,36,36,36,0,100.00%,0.00%
20260126,16,富盈數據股份有限公司,3653,TVBS-女人我最大_HB,21761,MW_文章四_336x280_TVBS-女人我最大_HB,,知名媒體,,272,272,264,8,97.06%,2.94%
20260126,16,富盈數據股份有限公司,3653,TVBS-女人我最大_HB,21763,MW_文中創意320x480_TVBS-女人我最大_HB,,知名媒體,,171,171,169,2,98.83%,1.17%
20260126,16,富盈數據股份有限公司,3654,TVBS-健康2.0_HB,21768,MW_文中創意320x480_TVBS-健康2.0_HB,,知名媒體,,"3,661","3,661","3,484",177,95.17%,4.83%
20260126,16,富盈數據股份有限公司,3655,TVBS-食尚玩家_HB,21770,MW_文章三_336x280_TVBS-食尚玩家_HB,,知名媒體,,385,385,370,15,96.10%,3.90%
20260126,16,富盈數據股份有限公司,3655,TVBS-食尚玩家_HB,21771,MW_文章四_336x280_TVBS-食尚玩家_HB,,知名媒體,,6,6,6,0,100.00%,0.00%
20260126,16,富盈數據股份有限公司,3655,TVBS-食尚玩家_HB,21772,MW_文章置底_320x100_TVBS-食尚玩家_HB,,知名媒體,,6,6,6,0,100.00%,0.00%
20260126,16,富盈數據股份有限公司,3655,TVBS-食尚玩家_HB,21773,MW_文中創意320x480_TVBS-食尚玩家_HB,,知名媒體,,226,226,215,11,95.13%,4.87%
20260126,16,先驅媒體社會企業股份有限公司,3554,新頭殼(R18),21832,(子)CF_300x250Banner_newtalk.tw_all_300250_3_新頭殼(R18),antifroud,知名媒體,子聯播網,6,6,5,1,83.33%,16.67%
20260126,16,先驅媒體社會企業股份有限公司,3554,新頭殼(R18),21833,(子)CF_300x250Banner_newtalk.tw_all_300250_4_新頭殼(R18),,知名媒體,子聯播網,6,6,6,0,100.00%,0.00%
20260126,16,先驅媒體社會企業股份有限公司,3554,新頭殼(R18),21839,ＭＷ_336x280Banner_newtalk.tw_mobile_all_336280_2_新頭殼(R18),antifroud,知名媒體,,25,25,25,0,100.00%,0.00%
20260126,16,儂儂雜誌社股份有限公司(bella儂儂),2135,Bella儂儂_2024,21876,MW-300x250_文章標題上方1_Bella儂儂,,知名媒體,,427,427,407,20,95.32%,4.68%
20260126,16,富盈數據股份有限公司,3680,TVBS-新聞網_HB,21898,CF_文章右側300x600_TVBS-新聞網_HB,,知名媒體,,24,24,22,2,91.67%,8.33%
20260126,16,富盈數據股份有限公司,3680,TVBS-新聞網_HB,21899,MW_文章一_336x280_TVBS-新聞網_HB,,知名媒體,,"2,100","2,100","2,024",76,96.38%,3.62%
20260126,16,富盈數據股份有限公司,3680,TVBS-新聞網_HB,21900,MW_文章三_336x280_TVBS-新聞網_HB,,知名媒體,,133,133,131,2,98.50%,1.50%
20260126,16,富盈數據股份有限公司,3680,TVBS-新聞網_HB,21902,MW_文章置底_320x100_TVBS-新聞網_HB,,知名媒體,,"1,474","1,474","1,430",44,97.01%,2.99%
20260126,16,富盈數據股份有限公司,3684,稅美人_mobile,21923,MW_置底創意(非展開)_稅美人-mobile,,,,702,701,388,313,55.35%,44.65%
20260126,16,富盈數據股份有限公司,3685,玩桌遊_mobile,21924,MW_置底創意(非展開)_玩桌遊-mobile,,,,318,318,217,101,68.24%,31.76%
20260126,16,富盈數據股份有限公司,2615,熱血台中,21986,CF_336x280_全網_熱血台中,,,,56,56,56,0,100.00%,0.00%
20260126,16,富盈數據股份有限公司,2615,熱血台中,21987,CF_336x280_全網_熱血台中,,,,109,109,109,0,100.00%,0.00%
20260126,16,富盈數據股份有限公司,3703,繁體小說,22022,MW_置底創意(非展開)_繁體小說-mobile,,,,62,62,50,12,80.65%,19.35%
20260126,16,富盈數據股份有限公司,3704,天天要聞,22030,CF_300 x 250 banner_天天要聞_cpc2,,,,717,717,265,452,36.96%,63.04%
20260126,16,富盈數據股份有限公司,3703,繁體小說,22031,CF_300 x 250 banner_繁體小說_cpc2,,,,66,66,50,16,75.76%,24.24%
20260126,16,朱光宁,3708,石頭小說,22045,CF_336 x 280 banner_石頭小說_cpc1.67,antifroud,,,"66,957","66,957","35,324","31,633",52.76%,47.24%
20260126,16,朱光宁,3718,稷下書院2,22093,CF_336 x 280 banner_稷下書院2_cpc1.67,antifroud,,,"61,765","61,765","33,366","28,399",54.02%,45.98%
20260126,16,艾得基客行銷顧問股份有限公司,3719,遠見雜誌,22100,MW_320x480_文中創意_遠見_健康遠見,,知名媒體,,12,12,12,0,100.00%,0.00%
20260126,16,富盈數據股份有限公司,3680,TVBS-新聞網_HB,22132,CF_文中300x250_TVBS-新聞網_HB_2,,知名媒體,,42,42,40,2,95.24%,4.76%
20260126,16,富盈數據股份有限公司,3680,TVBS-新聞網_HB,22133,CF_文中300x250_TVBS-新聞網_HB_3,,知名媒體,,144,144,133,11,92.36%,7.64%
20260126,16,闇碼科技股份有限公司,3048,縮短網址產生器-reurl,22213,MW_蓋版_縮短網址產生器-reurl-2025.05(特殊供量),,知名媒體,,395,395,149,246,37.72%,62.28%
20260126,16,艾得基客行銷顧問股份有限公司,3724,上報,22217,MW_置底創意(非展開)_上報,,知名媒體,,379,379,371,8,97.89%,2.11%
20260126,16,艾得基客行銷顧問股份有限公司,3724,上報,22218,MW_置底(展開)_上報,,知名媒體,,830,830,819,11,98.67%,1.33%
20260126,16,艾得基客行銷顧問股份有限公司,2689,Basketball Top5,22219,MW_置底(展開)_Basketball TOP5,,,,136,136,136,0,100.00%,0.00%
20260126,16,欣發現股份有限公司,3363,大人物-mobile,22222,MW_蓋板_大人物,,知名媒體,,31,31,27,4,87.10%,12.90%
20260126,16,艾得基客行銷顧問股份有限公司,3738,痞客邦,22226,MW_文章頁-置底-痞客邦,,知名媒體,,"1,201","1,201","1,031",170,85.85%,14.15%
20260126,16,朱光宁,3741,石頭小說3,22396,MW_置底_石頭小說3,,,,688,688,404,284,58.72%,41.28%
20260126,16,朱光宁,3741,石頭小說3,22398,CF_336 x 280 banner_石頭小說3_cpc1.67,,,,"10,716","10,716","5,853","4,863",54.62%,45.38%
20260126,16,朱光宁,3741,石頭小說3,22399,CF_320 x 480 橫幅_石頭小說3,,,,388,388,233,155,60.05%,39.95%
20260126,16,艾得基客行銷顧問股份有限公司,3724,上報,22405,MW_蓋版_上報,,知名媒體,,33,33,33,0,100.00%,0.00%
20260126,16,闇碼科技股份有限公司,3068,限時圖片-imgus,22406,MW_置底_imgus,antifroud,,,467,467,463,4,99.14%,0.86%
20260126,16,第一網站股份有限公司,2783,漫畫櫃manhuagui,22443,MW_置底_manhuagui,antifroud,,,"70,408","70,408","65,418","4,990",92.91%,7.09%
20260126,16,艾得基客行銷顧問股份有限公司,3490,太報,22495,MW_300x250 BANNER_太報_CPM5,,知名媒體,子聯播網,36,36,36,0,100.00%,0.00%
20260126,16,艾得基客行銷顧問股份有限公司,2689,Basketball Top5,22498,MW_300x250 Banner_Basketball TOP5_CPM5,,,子聯播網,504,504,501,3,99.40%,0.60%
20260126,16,艾得基客行銷顧問股份有限公司,2578,鉅亨網,22507,MW_300x250_鉅亨網_直播用BN-1,,知名媒體,子聯播網,"2,145","2,145","2,111",34,98.41%,1.59%
20260126,16,艾得基客行銷顧問股份有限公司,3752,ＭoneyDJ,22514,MW_文中創意320x480_MoneyDJ,antifroud,知名媒體,,42,42,34,8,80.95%,19.05%
20260126,16,艾得基客行銷顧問股份有限公司,3752,ＭoneyDJ,22515,MW_300x250 BANNER_MoneyDJ,antifroud,知名媒體,,12,12,11,1,91.67%,8.33%
20260126,16,李承翰-webptt,718,Web批踢踢(RWD),2284,MW-蓋板_文中_Web批踢踢,antifroud,,,37,37,27,10,72.97%,27.03%
20260126,16,麥智維,999,動漫戲說,3543,CF-728*90-內文上方-動漫戲說,antifroud,,,51,51,30,21,58.82%,41.18%
20260126,16,蔡建磊,1269,跑跑資訊站,4622,CF-300X250-內文右側-跑跑資訊站,,,,12,12,10,2,83.33%,16.67%
20260126,16,肖偉彬,1287,紅櫻桃小說書庫,4678,CF-內文上方-300*250-紅櫻桃小說書庫,,,,12,12,10,2,83.33%,16.67%
20260126,16,技達創意資訊有限公司,1299,泰好網,4733,CF-300*250-內文下方-泰好網,,,,24,24,22,2,91.67%,8.33%
20260126,16,技達創意資訊有限公司,1299,泰好網,4734,MW-320*100-首頁、內文上方-泰好網,,,,12,12,12,0,100.00%,0.00%
20260126,16,肖偉彬,1347,雲台書屋,4923,CF-上方通欄-300*250-雲台書屋,,,,12,12,10,2,83.33%,16.67%
20260126,16,陈晋福,1367,電視超人,4997,CF-300X250-電視超人,,,,12,12,12,0,100.00%,0.00%
20260126,16,麥智維,999,動漫戲說,6069,CF-300*250-首頁-動漫戲說,,,,152,152,121,31,79.61%,20.39%
20260126,16,莊博凱,1676,夢遊電玩-exchange,6310,CF-160*600-網頁右側-夢遊電玩-exchange,,,,12,12,12,0,100.00%,0.00%
20260126,16,精鏡傳媒股份有限公司,1060,鏡週刊,8250,MW_置底創意(非展開)_鏡週刊,,知名媒體,,161,161,158,3,98.14%,1.86%
20260126,16,臺灣電視事業股份有限公司,52,台視,8313,PC-300x250_內文第一塊_台視財經,,知名媒體,,18,18,16,2,88.89%,11.11%
20260126,16,布林遊國際有限公司,1692,Bring You,8393,CF-300X250-上方通欄右側_BringYou,,知名媒體,,18,18,18,0,100.00%,0.00%
20260126,16,巧克科技新媒體股份有限公司,2127,LINE TV_Banner-exchange,8576,CF_336x280_戲劇-右側好康資訊下方_LINE TV-exchange,,知名媒體,,18,18,16,2,88.89%,11.11%
20260126,16,巧克科技新媒體股份有限公司,2127,LINE TV_Banner-exchange,8577,CF_336x280_戲劇-右側好康資訊上方_LINE TV-exchange,,知名媒體,,12,12,12,0,100.00%,0.00%
20260126,16,鳳梨傳媒股份有限公司,2190,民視新聞網-Exchange,8862,CF_970X90_分類新聞內頁上方_民視新聞(MCM),,知名媒體,,12,12,10,2,83.33%,16.67%
20260126,16,見聞科技有限公司,2251,就是節目表,9233,MW-300x250-節目表文中-就是節目表,,,,12,12,11,1,91.67%,8.33%
20260126,17,愛七桃有限公司,2152,寶可夢資訊站,10008,MW-320X100-進入道館功能框下方-寶可夢資訊站,,,,6,6,6,0,100.00%,0.00%
20260126,17,英屬維京群島商浩美數位有限公司台灣分公司,2315,Teepr亮新聞-exchange,10012,CF_336x280Banner_Teepr亮新聞-exchange,,知名媒體,,347,347,325,22,93.66%,6.34%
20260126,17,第一網站股份有限公司,2300,keketravel,10594,(子)CF_336x280_keketravel,,,子聯播網,6,6,6,0,100.00%,0.00%
20260126,17,昱得資訊工作室,2528,數位書香,11080,CF_728x90_首頁上方_數位書香,antifroud,,,18,18,18,0,100.00%,0.00%
20260126,17,昱得資訊工作室,2528,數位書香,11081,CF_160x600_首頁右側_數位書香,antifroud,,,402,402,398,4,99.00%,1.00%
20260126,17,第一網站股份有限公司,2518,麻辣家族討論區(twbts),11082,CF-728X90-twbts,antifroud,,,284,284,264,20,92.96%,7.04%
20260126,17,第一網站股份有限公司,2492,ttshow,11273,MW-300X250-ttshow,,知名媒體,,26,26,22,4,84.62%,15.38%
20260126,17,第一網站股份有限公司,2601,Meme梗圖倉庫,11443,CF-336X280-meme,,,,724,724,675,49,93.23%,6.77%
20260126,17,艾得基客行銷顧問股份有限公司,2578,鉅亨網,12070,MW_320x480_文中創意_鉅亨網,,知名媒體,,"10,247","10,247","10,105",142,98.61%,1.39%
20260126,17,葉志斌,2745,繁中寶可夢卡表生成器-奶爸工作室-exchange,12209,CF_336x280_文中_繁中寶可夢卡表生成器,,,,6,6,3,3,50.00%,50.00%
20260126,17,葉志斌,2745,繁中寶可夢卡表生成器-奶爸工作室-exchange,12210,CF_728x90__文末__繁中寶可夢卡表生成器,,,,94,94,94,0,100.00%,0.00%
20260126,17,時報資訊股份有限公司,2770,中時電子報_HB,12559,CF_300x250_右側互動看版_中時電子報_HB,,知名媒體,,545,545,421,124,77.25%,22.75%
20260126,17,時報資訊股份有限公司,2770,中時電子報_HB,12560,CF_336x280_文中看板_中時電子報_HB,,知名媒體,,555,555,434,121,78.20%,21.80%
20260126,17,時報資訊股份有限公司,2770,中時電子報_HB,12561,MW_300x250_內頁TOP Banner_中時電子報_HB,antifroud,知名媒體,,863,863,803,60,93.05%,6.95%
20260126,17,第一網站股份有限公司,2768,czbooks,12570,CF_728x90_banner_czbooks,,,,"2,834","2,834","2,069",765,73.01%,26.99%
20260126,17,鳳梨傳媒股份有限公司,2190,民視新聞網-Exchange,12579,CF_300x250_右側第一塊_民視新聞網-Exchange(RWD)(MCM),,知名媒體,,"4,798","4,796","4,670",126,97.37%,2.63%
20260126,17,鳳梨傳媒股份有限公司,2190,民視新聞網-Exchange,12580,CF_300x250_內文文中左側_民視新聞網-Exchange(RWD)(MCM),,知名媒體,,"4,680","4,680","4,498",182,96.11%,3.89%
20260126,17,第一網站股份有限公司,2783,漫畫櫃manhuagui,12676,CF_728X90_manhuagui,antifroud,,,"33,627","33,627","28,468","5,159",84.66%,15.34%
20260126,17,艾得基客行銷顧問股份有限公司,2635,工商時報,12761,MW_320x480_文中創意_工商時報new,,知名媒體,,152,152,150,2,98.68%,1.32%
20260126,17,第一網站股份有限公司,2801,damanwoo,12868,CF-300x250_Banner_damanwoo_大人物,,,,6,6,6,0,100.00%,0.00%
20260126,17,艾得基客行銷顧問股份有限公司,2266,嬰兒與母親,12869,MW_置底創意_嬰兒與母親,,知名媒體,,6,6,6,0,100.00%,0.00%
20260126,17,永悅健康股份有限公司,2813,早安樂活,12926,MW_置底創意(展開)_早安樂活,,知名媒體,,240,240,240,0,100.00%,0.00%
20260126,17,永悅健康股份有限公司,2813,早安樂活,12927,MW_置底創意(非展開)_早安樂活,,知名媒體,,286,286,283,3,98.95%,1.05%
20260126,17,第一網站股份有限公司,2820,星座好朋友(horofriend88),12966,MW_320x100_horofriend88,antifroud,,,12,12,12,0,100.00%,0.00%
20260126,17,第一網站股份有限公司,2838,mycard,13041,MW_320x480_加倍mycard,,,,37,37,0,37,0.00%,100.00%
20260126,17,曾憲敏,202,85小說網,13445,MW_336X280_全量1_85小說網,,,,423,423,301,122,71.16%,28.84%
20260126,17,曾憲敏,202,85小說網,13446,MW_336X280_全量2_85小說網,,,,"3,531","3,531","2,635",896,74.62%,25.38%
20260126,17,第一網站股份有限公司,2768,czbooks,13482,(子)CF_300x600_banner_czbooks(限時段),,,子聯播網,179,179,117,62,65.36%,34.64%
20260126,17,第一網站股份有限公司,2768,czbooks,13483,(子)CF_970x250_banner_czbooks(限時段),,,子聯播網,203,203,120,83,59.11%,40.89%
20260126,17,第一網站股份有限公司,2910,clickme,13548,(子)CF_300x250_banner_clickme(一般),,,子聯播網,458,458,330,128,72.05%,27.95%
20260126,17,第一網站股份有限公司,2910,clickme,13549,CF_300x250_banner_clickme(一般),,,,878,878,654,224,74.49%,25.51%
20260126,17,第一網站股份有限公司,2916,KiKiNote,13576,(子)CF_300x250_banner_kikinote,,知名媒體,子聯播網,820,820,753,67,91.83%,8.17%
20260126,17,闇碼科技股份有限公司,2992,縮短網址產生器-reurl-exchange,13861,CF_300x250_網址下方右側(PB)_reurl,,知名媒體,,6,6,6,0,100.00%,0.00%
20260126,17,第一網站股份有限公司,2768,czbooks,13903,(子)CF_300x250_banner_czbooks(直播),antifroud,,子聯播網,"252,210","252,210","127,487","124,723",50.55%,49.45%
20260126,17,第一網站股份有限公司,2768,czbooks,14036,MW_320x480_CZBOOKS,antifroud,,,974,974,539,435,55.34%,44.66%
20260126,17,陳人鳳,480,飛格寵物家族_PC,1407,CF-728X90_上方通欄_飛格寵物家族,,,,56,56,47,9,83.93%,16.07%
20260126,17,陳人鳳,480,飛格寵物家族_PC,1408,CF-300X250_內文_飛格寵物家族,,,,66,66,37,29,56.06%,43.94%
20260126,17,闇碼科技股份有限公司,3048,縮短網址產生器-reurl,14210,MW_文中創意300x250_縮短網址產生器-reurl,,知名媒體,,145,145,118,27,81.38%,18.62%
20260126,17,巨思文化股份有限公司,3052,經理人_HB,14238,MW_文章結束第一塊_300x250_經理人-HB,,知名媒體,,6,6,6,0,100.00%,0.00%
20260126,17,巨思文化股份有限公司,3052,經理人_HB,14241,MW_300x250_內文下方_經理人-HB,,知名媒體,,6,6,6,0,100.00%,0.00%
20260126,17,巨思文化股份有限公司,3053,數位時代_HB,14242,CF_300x250_內文下方左側_數位時代-HB,,知名媒體,,12,12,12,0,100.00%,0.00%
20260126,17,巨思文化股份有限公司,3053,數位時代_HB,14243,CF_300x250_內文下方右側_數位時代-HB,,知名媒體,,12,12,12,0,100.00%,0.00%
20260126,17,巨思文化股份有限公司,3053,數位時代_HB,14246,MW_300x250_文章結束第一塊_數位時代-HB,,知名媒體,,6,6,5,1,83.33%,16.67%
20260126,17,富盈數據股份有限公司,3059,塔科女子,14258,CF_336x280_全網_塔科女子,,知名媒體,,166,166,166,0,100.00%,0.00%
20260126,17,CBROOT LTD,3003,包子漫畫-exchange,14291,MW_300x250_蓋板(PB)_包子漫畫,,,,227,227,194,33,85.46%,14.54%
20260126,17,朱光宁,3152,石頭小說-exchange,14472,MW_336x280_Banner_石頭小說,,,,"2,550","2,550","1,498","1,052",58.75%,41.25%
20260126,17,朱光宁,3149,稷下書院-exchange,14748,MW_320x100_置底(PB)_稷下書院,,,,"25,989","25,989","12,723","13,266",48.96%,51.04%
20260126,17,巨思文化股份有限公司,3053,數位時代_HB,14764,MW_置底創意_(非展開)_數位時代_HB,,知名媒體,,68,68,62,6,91.18%,8.82%
20260126,17,中天電視股份有限公司,3282,中天新聞網-exchange,14980,CF_970x250_內頁_PC置頂橫幅-中天新聞網-exchange,,知名媒體,,52,52,42,10,80.77%,19.23%
20260126,17,曾憲敏,3327,85小說網_創意,15228,MW-創意-85小說網,,,,831,831,594,237,71.48%,28.52%
20260126,17,中天電視股份有限公司,3282,中天新聞網-exchange,15859,CF_336x280_內頁_PC右側互動看板B-中天新聞網-exchange,,知名媒體,,615,615,527,88,85.69%,14.31%
20260126,17,CBROOT LTD,3352,西瓜卡通-exchange,15970,CF_160x600_影音內容_西瓜卡通-exchange,,,,144,144,144,0,100.00%,0.00%
20260126,17,時報資訊股份有限公司,2817,旺得富,16910,CF_300x250_Billboard_1s_旺得富,,知名媒體,,12,12,8,4,66.67%,33.33%
20260126,17,時報資訊股份有限公司,2817,旺得富,16911,CF_300x250_Billboard_2nd_旺得富,,知名媒體,,12,12,8,4,66.67%,33.33%
20260126,17,葉志斌,2745,繁中寶可夢卡表生成器-奶爸工作室-exchange,16950,CF_160x600_Banner_繁中寶可夢卡表生成器-奶爸工作室-exchange,,,,88,88,88,0,100.00%,0.00%
20260126,17,葉志斌,2745,繁中寶可夢卡表生成器-奶爸工作室-exchange,16951,CF_300x600_Banner_繁中寶可夢卡表生成器-奶爸工作室-exchange,,,,70,70,70,0,100.00%,0.00%
20260126,17,朱光宁,3360,提莫書屋-exchange,16957,MW_336x280banner_提莫書屋_exchange,,,,"16,529","16,529","11,980","4,549",72.48%,27.52%
20260126,17,朱光宁,3361,提莫書屋-mobile,16958,MW_置底創意_提莫書屋-mobile,,,,62,62,41,21,66.13%,33.87%
20260126,17,朱光宁,3361,提莫書屋-mobile,16959,MW_320x480_文中創意_提莫書屋-mobile,,,,62,62,52,10,83.87%,16.13%
20260126,17,欣發現股份有限公司,3365,Hami任務牆-mobile,16969,MW_置底創意_Hami任務牆,,知名媒體,,12,12,8,4,66.67%,33.33%
20260126,17,欣發現股份有限公司,3364,女子學-mobile,16972,MW_置底創意_女子學,antifroud,,,6,6,6,0,100.00%,0.00%
20260126,17,欣發現股份有限公司,3363,大人物-mobile,16973,MW_置底創意_大人物,,知名媒體,,6,6,4,2,66.67%,33.33%
20260126,17,第一網站股份有限公司,2820,星座好朋友(horofriend88),17026,MW_320x480_蓋版_星座好朋友(horofriend88),antifroud,,,6,6,6,0,100.00%,0.00%
20260126,17,第一網站股份有限公司,2783,漫畫櫃manhuagui,17027,MW_320x480_蓋版_漫畫櫃manhuagui,,,,"4,241","4,241","3,893",348,91.79%,8.21%
20260126,17,朱光宁,3268,稷下書院-mobile,17207,MW_320x480_蓋版_稷下書院-mobile,,,,"27,707","27,707","17,632","10,075",63.64%,36.36%
20260126,17,中華電視股份有限公司,3389,華視-mobile,17230,MW_置底創意(非展開)_華視-mobile,,知名媒體,,6,6,6,0,100.00%,0.00%
20260126,17,李立娟,3395,vivi0視頻-exchange,17293,CF_336x280_Banner_vivi01視頻-exchange,antifroud,,,"25,321","25,321","24,051","1,270",94.98%,5.02%
20260126,17,李立娟,3395,vivi0視頻-exchange,17294,MW_336x280_Banner_vivi01視頻-exchange,antifroud,,,"46,818","46,818","44,686","2,132",95.45%,4.55%
20260126,17,李立娟,3395,vivi0視頻-exchange,17300,MW_320x100_置底(PB)_vivi01視頻-exchange,antifroud,,,"2,243","2,243","1,994",249,88.90%,11.10%
20260126,17,李立娟,3397,趣聞圖說-exchange,17309,MW_336x280_文中Banner_趣聞圖說-exchange,,,,982,982,537,445,54.68%,45.32%
20260126,17,曾憲敏,601,85小說網_PC,1773,CF-300x250_85小說網_內文1,,,,192,192,115,77,59.90%,40.10%
20260126,17,李立娟,3396,趣聞圖說-Mobile,17923,MW_置底創意(展開)_趣聞圖說-Mobile,,,,6,6,6,0,100.00%,0.00%
20260126,17,第一網站股份有限公司,2768,czbooks,17927,MW_置底創意_czbook,,,,"15,987","15,987","8,772","7,215",54.87%,45.13%
20260126,17,時報資訊股份有限公司_工商時報,3427,工商時報-exchange,18003,CF_300x250_互動看板2_工商時報-exchange,,知名媒體,,12,12,9,3,75.00%,25.00%
20260126,17,時報資訊股份有限公司_工商時報,3427,工商時報-exchange,18007,CF_336x280_文末右側看板_工商時報-exchange,,知名媒體,,20,20,17,3,85.00%,15.00%
20260126,17,時報資訊股份有限公司_工商時報,3427,工商時報-exchange,18014,MW_300x250_文末Banner1_工商時報-exchange,,知名媒體,,80,80,75,5,93.75%,6.25%
20260126,17,時報資訊股份有限公司_工商時報,3427,工商時報-exchange,18015,MW_300x250_文末Banner2_工商時報-exchange,,知名媒體,,137,137,129,8,94.16%,5.84%
20260126,17,第一網站股份有限公司,3440,fsa_passback_first,18201,CF_336x280_fsa_passback_first,,,,200,200,158,42,79.00%,21.00%
20260126,17,第一網站股份有限公司,3440,fsa_passback_first,18202,CF_300x250_fsa_passback_first,,,,"3,845","3,845","2,985",860,77.63%,22.37%
20260126,17,第一網站股份有限公司,3440,fsa_passback_first,18266,(子)CF_970x250_cfbanner_blog,,,子聯播網,"2,168","2,168","2,016",152,92.99%,7.01%
20260126,17,莊博凱,3455,夢遊電玩,18269,300x250 Banner,,,,6,6,4,2,66.67%,33.33%
20260126,17,時報資訊股份有限公司_工商時報,3427,工商時報-exchange,18278,CF_336x280_文中-MiddleBillboard_工商時報-exchange,,知名媒體,,8,8,8,0,100.00%,0.00%
20260126,17,朱光宁,3268,稷下書院-mobile,18297,MW_置底創意(展開)_稷下書院-mobile,,,,116,116,70,46,60.34%,39.66%
20260126,17,冰楓科技有限公司,3485,冰楓論壇-exchange,18487,CF_970x90_內文上方第一塊_冰楓論壇-exchange,,,,826,826,684,142,82.81%,17.19%
20260126,17,冰楓科技有限公司,3485,冰楓論壇-exchange,18488,MW_320x100_內文上方第一塊_ 冰楓論壇-exchange,antifroud,,,6,6,4,2,66.67%,33.33%
20260126,17,冰楓科技有限公司,3485,冰楓論壇-exchange,18492,MW_300x250_Banner_ 冰楓論壇-exchange,,,,408,408,336,72,82.35%,17.65%
20260126,17,闇碼科技股份有限公司,3048,縮短網址產生器-reurl,18535,MW_蓋版_縮短網址產生器-reurl,,知名媒體,,24,24,22,2,91.67%,8.33%
20260126,17,CBROOT LTD,3492,包子漫畫(特開流量)-exchange,18544,(子)CF_300x600_指定流量_包子漫畫(特開流量)-exchange,,,子聯播網,78,78,74,4,94.87%,5.13%
20260126,17,CBROOT LTD,3510,包子漫畫_twmanga-exchange,18737,CF_970x90_Banner_ 包子漫畫_twmanga-exchange,,,,64,64,59,5,92.19%,7.81%
20260126,17,台灣英文新聞股份有限公司,3537,台灣英文新聞(new)-exchange,18911,MW_300x250_首頁_ENDBANNER_5_台灣英文新聞(new)-exchange,,知名媒體,,6,6,6,0,100.00%,0.00%
20260126,17,台灣英文新聞股份有限公司,3537,台灣英文新聞(new)-exchange,18924,CF_300x250_內容頁_右側看版_1_台灣英文新聞(new)-exchange,,知名媒體,,189,189,162,27,85.71%,14.29%
20260126,17,艾得基客行銷顧問股份有限公司,3373,良醫健康網,19009,MW_蓋板_良醫健康網,,知名媒體,,131,131,89,42,67.94%,32.06%
20260126,17,艾得基客行銷顧問股份有限公司,3373,良醫健康網,19010,MW_300x250_文中_良醫健康網,,知名媒體,,6,6,4,2,66.67%,33.33%
20260126,17,聯合線上股份有限公司,3549,UDN元氣網,19018,CF_首頁文章推薦第三格300x250_UDN元氣網,,知名媒體,,6,6,4,2,66.67%,33.33%
20260126,17,艾得基客行銷顧問股份有限公司,3552,玩具人,19044,MW_320x480_文中創意_玩具人,,知名媒體,,38,38,30,8,78.95%,21.05%
20260126,17,第一網站股份有限公司,2783,漫畫櫃manhuagui,20685,MW_300X250_manhuagui,antifroud,,,"2,407","2,407","2,224",183,92.40%,7.60%
20260126,17,德榕企業有限公司,3578,TW Bodhi_mobile,20708,MW_蓋板_TW Bodhi,,,,248,248,247,1,99.60%,0.40%
20260126,17,德榕企業有限公司,3578,TW Bodhi_mobile,20719,MW_文中創意300x250_TW Bodhi,,,,6,6,6,0,100.00%,0.00%
20260126,17,德榕企業有限公司,3581,忘憂書屋,20727,CF_336x280文章頁(RWD)_忘憂書屋,,,,12,12,12,0,100.00%,0.00%
20260126,17,德榕企業有限公司,3582,忘憂書屋_mobile,20728,MW_文中創意300x250_忘憂書屋,,,,83,83,83,0,100.00%,0.00%
20260126,17,德榕企業有限公司,3582,忘憂書屋_mobile,20729,MW_蓋板_忘憂書屋,,,,6,6,6,0,100.00%,0.00%
20260126,17,第一網站股份有限公司,2910,clickme,20735,(子)CF_300x250_banner_clickme(成人),,,子聯播網,"4,762","4,762","3,949",813,82.93%,17.07%
20260126,17,第一網站股份有限公司,3440,fsa_passback_first,21699,CF_336x280_fsa_passback_first,,,,"2,141","2,141","1,767",374,82.53%,17.47%
20260126,17,朱光宁,3269,石頭小說-mobile,21741,MW_320x480_蓋版_石頭小說-mobile,antifroud,,,13,13,9,4,69.23%,30.77%
20260126,17,富盈數據股份有限公司,3653,TVBS-女人我最大_HB,21760,MW_文章三_336x280_TVBS-女人我最大_HB,,知名媒體,,160,160,147,13,91.88%,8.12%
20260126,17,富盈數據股份有限公司,3653,TVBS-女人我最大_HB,21761,MW_文章四_336x280_TVBS-女人我最大_HB,,知名媒體,,790,790,668,122,84.56%,15.44%
20260126,17,富盈數據股份有限公司,3653,TVBS-女人我最大_HB,21763,MW_文中創意320x480_TVBS-女人我最大_HB,,知名媒體,,796,796,701,95,88.07%,11.93%
20260126,17,富盈數據股份有限公司,3654,TVBS-健康2.0_HB,21768,MW_文中創意320x480_TVBS-健康2.0_HB,,知名媒體,,"3,864","3,864","3,703",161,95.83%,4.17%
20260126,17,富盈數據股份有限公司,3655,TVBS-食尚玩家_HB,21770,MW_文章三_336x280_TVBS-食尚玩家_HB,,知名媒體,,331,331,317,14,95.77%,4.23%
20260126,17,富盈數據股份有限公司,3655,TVBS-食尚玩家_HB,21771,MW_文章四_336x280_TVBS-食尚玩家_HB,,知名媒體,,6,6,5,1,83.33%,16.67%
20260126,17,富盈數據股份有限公司,3655,TVBS-食尚玩家_HB,21772,MW_文章置底_320x100_TVBS-食尚玩家_HB,,知名媒體,,12,12,9,3,75.00%,25.00%
20260126,17,富盈數據股份有限公司,3655,TVBS-食尚玩家_HB,21773,MW_文中創意320x480_TVBS-食尚玩家_HB,,知名媒體,,159,159,145,14,91.19%,8.81%
20260126,17,先驅媒體社會企業股份有限公司,3554,新頭殼(R18),21830,(子)CF_300x250Banner_newtalk.tw_all_300250_1_新頭殼(R18),antifroud,知名媒體,子聯播網,6,6,5,1,83.33%,16.67%
20260126,17,先驅媒體社會企業股份有限公司,3554,新頭殼(R18),21839,ＭＷ_336x280Banner_newtalk.tw_mobile_all_336280_2_新頭殼(R18),antifroud,知名媒體,,6,6,6,0,100.00%,0.00%
20260126,17,儂儂雜誌社股份有限公司(bella儂儂),2135,Bella儂儂_2024,21876,MW-300x250_文章標題上方1_Bella儂儂,,知名媒體,,442,442,428,14,96.83%,3.17%
20260126,17,富盈數據股份有限公司,3680,TVBS-新聞網_HB,21898,CF_文章右側300x600_TVBS-新聞網_HB,,知名媒體,,14,14,11,3,78.57%,21.43%
20260126,17,富盈數據股份有限公司,3680,TVBS-新聞網_HB,21899,MW_文章一_336x280_TVBS-新聞網_HB,,知名媒體,,"2,333","2,333","2,260",73,96.87%,3.13%
20260126,17,富盈數據股份有限公司,3680,TVBS-新聞網_HB,21900,MW_文章三_336x280_TVBS-新聞網_HB,,知名媒體,,144,144,140,4,97.22%,2.78%
20260126,17,富盈數據股份有限公司,3680,TVBS-新聞網_HB,21902,MW_文章置底_320x100_TVBS-新聞網_HB,,知名媒體,,"1,718","1,718","1,648",70,95.93%,4.07%
20260126,17,富盈數據股份有限公司,3684,稅美人_mobile,21923,MW_置底創意(非展開)_稅美人-mobile,,,,"2,961","2,961","1,684","1,277",56.87%,43.13%
20260126,17,富盈數據股份有限公司,3685,玩桌遊_mobile,21924,MW_置底創意(非展開)_玩桌遊-mobile,,,,261,261,185,76,70.88%,29.12%
20260126,17,富盈數據股份有限公司,2615,熱血台中,21986,CF_336x280_全網_熱血台中,,,,56,56,56,0,100.00%,0.00%
20260126,17,富盈數據股份有限公司,2615,熱血台中,21987,CF_336x280_全網_熱血台中,,,,80,80,80,0,100.00%,0.00%
20260126,17,富盈數據股份有限公司,3703,繁體小說,22022,MW_置底創意(非展開)_繁體小說-mobile,,,,42,42,34,8,80.95%,19.05%
20260126,17,富盈數據股份有限公司,3704,天天要聞,22030,CF_300 x 250 banner_天天要聞_cpc2,,,,812,812,409,403,50.37%,49.63%
20260126,17,富盈數據股份有限公司,3703,繁體小說,22031,CF_300 x 250 banner_繁體小說_cpc2,,,,50,50,35,15,70.00%,30.00%
20260126,17,朱光宁,3708,石頭小說,22045,CF_336 x 280 banner_石頭小說_cpc1.67,antifroud,,,"1,071","1,071",574,497,53.59%,46.41%
20260126,17,冠妍動力科技有限公司,484,小老婆汽機車資訊網,22058,MW_文中創意320x480_小老婆汽機車資訊網-測試,,知名媒體,,6,6,3,3,50.00%,50.00%
20260126,17,朱光宁,3718,稷下書院2,22093,CF_336 x 280 banner_稷下書院2_cpc1.67,antifroud,,,"1,076","1,076",501,575,46.56%,53.44%
20260126,17,艾得基客行銷顧問股份有限公司,3719,遠見雜誌,22100,MW_320x480_文中創意_遠見_健康遠見,,知名媒體,,12,12,12,0,100.00%,0.00%
20260126,17,富盈數據股份有限公司,3680,TVBS-新聞網_HB,22131,CF_文中300x250_TVBS-新聞網_HB_1,,知名媒體,,6,6,4,2,66.67%,33.33%
20260126,17,富盈數據股份有限公司,3680,TVBS-新聞網_HB,22132,CF_文中300x250_TVBS-新聞網_HB_2,,知名媒體,,30,30,27,3,90.00%,10.00%
20260126,17,富盈數據股份有限公司,3680,TVBS-新聞網_HB,22133,CF_文中300x250_TVBS-新聞網_HB_3,,知名媒體,,126,126,120,6,95.24%,4.76%
20260126,17,冰楓科技有限公司,3485,冰楓論壇-exchange,22160,CF_300x250_Banner2_ 冰楓論壇-exchange,,,,6,6,3,3,50.00%,50.00%
20260126,17,闇碼科技股份有限公司,3048,縮短網址產生器-reurl,22213,MW_蓋版_縮短網址產生器-reurl-2025.05(特殊供量),,知名媒體,,570,570,104,466,18.25%,81.75%
20260126,17,艾得基客行銷顧問股份有限公司,3724,上報,22217,MW_置底創意(非展開)_上報,,知名媒體,,670,670,654,16,97.61%,2.39%
20260126,17,艾得基客行銷顧問股份有限公司,3724,上報,22218,MW_置底(展開)_上報,,知名媒體,,593,593,578,15,97.47%,2.53%
20260126,17,艾得基客行銷顧問股份有限公司,2689,Basketball Top5,22219,MW_置底(展開)_Basketball TOP5,,,,224,224,220,4,98.21%,1.79%
20260126,17,欣發現股份有限公司,3363,大人物-mobile,22222,MW_蓋板_大人物,,知名媒體,,6,6,4,2,66.67%,33.33%
20260126,17,朱光宁,3741,石頭小說3,22396,MW_置底_石頭小說3,,,,492,492,290,202,58.94%,41.06%
20260126,17,朱光宁,3741,石頭小說3,22398,CF_336 x 280 banner_石頭小說3_cpc1.67,,,,702,702,390,312,55.56%,44.44%
20260126,17,朱光宁,3741,石頭小說3,22399,CF_320 x 480 橫幅_石頭小說3,,,,318,318,196,122,61.64%,38.36%
20260126,17,艾得基客行銷顧問股份有限公司,2825,科技紫薇,22403,MW_蓋版_科技紫微,,,,18,18,17,1,94.44%,5.56%
20260126,17,艾得基客行銷顧問股份有限公司,3724,上報,22405,MW_蓋版_上報,,知名媒體,,113,113,109,4,96.46%,3.54%
20260126,17,闇碼科技股份有限公司,3068,限時圖片-imgus,22406,MW_置底_imgus,antifroud,,,166,166,162,4,97.59%,2.41%
20260126,17,第一網站股份有限公司,2783,漫畫櫃manhuagui,22443,MW_置底_manhuagui,antifroud,,,"49,208","49,208","45,941","3,267",93.36%,6.64%
20260126,17,艾得基客行銷顧問股份有限公司,3490,太報,22495,MW_300x250 BANNER_太報_CPM5,,知名媒體,子聯播網,24,24,23,1,95.83%,4.17%
20260126,17,艾得基客行銷顧問股份有限公司,2689,Basketball Top5,22498,MW_300x250 Banner_Basketball TOP5_CPM5,,,子聯播網,473,473,466,7,98.52%,1.48%
20260126,17,艾得基客行銷顧問股份有限公司,2578,鉅亨網,22507,MW_300x250_鉅亨網_直播用BN-1,,知名媒體,子聯播網,"2,838","2,838","2,793",45,98.41%,1.59%
20260126,17,艾得基客行銷顧問股份有限公司,3752,ＭoneyDJ,22514,MW_文中創意320x480_MoneyDJ,antifroud,知名媒體,,26,26,23,3,88.46%,11.54%
20260126,17,艾得基客行銷顧問股份有限公司,3752,ＭoneyDJ,22515,MW_300x250 BANNER_MoneyDJ,antifroud,知名媒體,,6,6,5,1,83.33%,16.67%
20260126,17,艾得基客行銷顧問股份有限公司,3373,良醫健康網,22732,MW_300x250_良醫健康網,,知名媒體,,58,58,39,19,67.24%,32.76%
20260126,17,李承翰-webptt,718,Web批踢踢(RWD),2284,MW-蓋板_文中_Web批踢踢,antifroud,,,18,18,11,7,61.11%,38.89%
20260126,17,麥智維,999,動漫戲說,3543,CF-728*90-內文上方-動漫戲說,antifroud,,,62,62,32,30,51.61%,48.39%
20260126,17,肖偉彬,1287,紅櫻桃小說書庫,4678,CF-內文上方-300*250-紅櫻桃小說書庫,,,,26,26,19,7,73.08%,26.92%
20260126,17,技達創意資訊有限公司,1299,泰好網,4733,CF-300*250-內文下方-泰好網,,,,30,30,28,2,93.33%,6.67%
20260126,17,技達創意資訊有限公司,1299,泰好網,4734,MW-320*100-首頁、內文上方-泰好網,,,,18,18,16,2,88.89%,11.11%
20260126,17,陈晋福,1367,電視超人,4997,CF-300X250-電視超人,,,,20,20,18,2,90.00%,10.00%
20260126,17,麥智維,999,動漫戲說,6069,CF-300*250-首頁-動漫戲說,,,,38,38,27,11,71.05%,28.95%
20260126,17,全曜財經資訊股份有限公司,1902,Cmoney-Mobile,7293,MW_置底創意(非展開)_Cmoney,antifroud,知名媒體,,6,6,5,1,83.33%,16.67%
20260126,17,精鏡傳媒股份有限公司,1060,鏡週刊,8250,MW_置底創意(非展開)_鏡週刊,,知名媒體,,148,148,135,13,91.22%,8.78%
20260126,17,臺灣電視事業股份有限公司,52,台視,8313,PC-300x250_內文第一塊_台視財經,,知名媒體,,6,6,3,3,50.00%,50.00%
20260126,17,布林遊國際有限公司,1692,Bring You,8393,CF-300X250-上方通欄右側_BringYou,,知名媒體,,12,12,12,0,100.00%,0.00%
20260126,17,巧克科技新媒體股份有限公司,2127,LINE TV_Banner-exchange,8576,CF_336x280_戲劇-右側好康資訊下方_LINE TV-exchange,,知名媒體,,12,12,10,2,83.33%,16.67%
20260126,17,巧克科技新媒體股份有限公司,2127,LINE TV_Banner-exchange,8577,CF_336x280_戲劇-右側好康資訊上方_LINE TV-exchange,,知名媒體,,56,56,49,7,87.50%,12.50%
20260126,17,鳳梨傳媒股份有限公司,2190,民視新聞網-Exchange,8862,CF_970X90_分類新聞內頁上方_民視新聞(MCM),,知名媒體,,25,25,24,1,96.00%,4.00%
20260126,17,見聞科技有限公司,2251,就是節目表,9233,MW-300x250-節目表文中-就是節目表,,,,6,6,5,1,83.33%,16.67%
20260126,17,巧克科技新媒體股份有限公司,2127,LINE TV_Banner-exchange,9788,CF_970x250_首頁-戲劇列表第一塊_LINE TV-exchange,,知名媒體,,6,6,4,2,66.67%,33.33%
20260126,18,愛七桃有限公司,2152,寶可夢資訊站,10008,MW-320X100-進入道館功能框下方-寶可夢資訊站,,,,18,18,16,2,88.89%,11.11%
20260126,18,英屬維京群島商浩美數位有限公司台灣分公司,2315,Teepr亮新聞-exchange,10012,CF_336x280Banner_Teepr亮新聞-exchange,,知名媒體,,475,475,463,12,97.47%,2.53%
20260126,18,昱得資訊工作室,2528,數位書香,11080,CF_728x90_首頁上方_數位書香,antifroud,,,50,50,50,0,100.00%,0.00%
20260126,18,昱得資訊工作室,2528,數位書香,11081,CF_160x600_首頁右側_數位書香,antifroud,,,575,575,565,10,98.26%,1.74%
20260126,18,第一網站股份有限公司,2518,麻辣家族討論區(twbts),11082,CF-728X90-twbts,antifroud,,,211,211,208,3,98.58%,1.42%
20260126,18,第一網站股份有限公司,2601,Meme梗圖倉庫,11443,CF-336X280-meme,,,,332,332,299,33,90.06%,9.94%
20260126,18,第一網站股份有限公司,2540,risu短網址,12496,CF_300x250_popup(直播) _risu短網址,antifroud,知名媒體,,24,24,18,6,75.00%,25.00%
20260126,18,時報資訊股份有限公司,2770,中時電子報_HB,12559,CF_300x250_右側互動看版_中時電子報_HB,,知名媒體,,302,302,233,69,77.15%,22.85%
20260126,18,時報資訊股份有限公司,2770,中時電子報_HB,12560,CF_336x280_文中看板_中時電子報_HB,,知名媒體,,278,278,211,67,75.90%,24.10%
20260126,18,時報資訊股份有限公司,2770,中時電子報_HB,12561,MW_300x250_內頁TOP Banner_中時電子報_HB,antifroud,知名媒體,,"7,638","7,638","7,353",285,96.27%,3.73%
20260126,18,第一網站股份有限公司,2768,czbooks,12570,CF_728x90_banner_czbooks,,,,"1,187","1,187",943,244,79.44%,20.56%
20260126,18,第一網站股份有限公司,2768,czbooks,12571,CF-300x600_Banner_czbooks,,,,254,254,190,64,74.80%,25.20%
20260126,18,鳳梨傳媒股份有限公司,2190,民視新聞網-Exchange,12579,CF_300x250_右側第一塊_民視新聞網-Exchange(RWD)(MCM),,知名媒體,,"3,471","3,471","3,401",70,97.98%,2.02%
20260126,18,鳳梨傳媒股份有限公司,2190,民視新聞網-Exchange,12580,CF_300x250_內文文中左側_民視新聞網-Exchange(RWD)(MCM),,知名媒體,,"3,536","3,534","3,427",107,96.97%,3.03%
20260126,18,第一網站股份有限公司,2783,漫畫櫃manhuagui,12676,CF_728X90_manhuagui,antifroud,,,"4,697","4,697","4,165",532,88.67%,11.33%
20260126,18,艾得基客行銷顧問股份有限公司,2635,工商時報,12761,MW_320x480_文中創意_工商時報new,,知名媒體,,161,161,153,8,95.03%,4.97%
20260126,18,第一網站股份有限公司,2801,damanwoo,12868,CF-300x250_Banner_damanwoo_大人物,,,,28,28,26,2,92.86%,7.14%
20260126,18,永悅健康股份有限公司,2813,早安樂活,12927,MW_置底創意(非展開)_早安樂活,,知名媒體,,66,66,66,0,100.00%,0.00%
20260126,18,第一網站股份有限公司,2820,星座好朋友(horofriend88),12966,MW_320x100_horofriend88,antifroud,,,30,30,29,1,96.67%,3.33%
20260126,18,第一網站股份有限公司,2836,vivi01,13032,MW_置底創意_vivi01 ViVi視頻,,,,12,12,12,0,100.00%,0.00%
20260126,18,第一網站股份有限公司,2838,mycard,13041,MW_320x480_加倍mycard,,,,645,645,0,645,0.00%,100.00%
20260126,18,東森電視事業股份有限公司,2014,東森新聞網,13162,MW_置底創意(展開)_東森新聞網,antifroud,知名媒體,,359,359,358,1,99.72%,0.28%
20260126,18,譚謹恩,2885,Mr. & Mrs. Diary-exchange,13403,CF_728x90_內文上方_ Mr. & Mrs. Diary-exchange,,,,6,6,6,0,100.00%,0.00%
20260126,18,譚謹恩,2885,Mr. & Mrs. Diary-exchange,13405,CF_970x250_內文文中_Mr. & Mrs. Diary-exchange,,,,6,6,6,0,100.00%,0.00%
20260126,18,曾憲敏,202,85小說網,13445,MW_336X280_全量1_85小說網,,,,527,527,381,146,72.30%,27.70%
20260126,18,曾憲敏,202,85小說網,13446,MW_336X280_全量2_85小說網,,,,"4,374","4,374","3,361","1,013",76.84%,23.16%
20260126,18,第一網站股份有限公司,2768,czbooks,13481,MW_300x250_banner_czbooks,antifroud,,子聯播網,"2,100","2,100","1,177",923,56.05%,43.95%
20260126,18,第一網站股份有限公司,2910,clickme,13549,CF_300x250_banner_clickme(一般),,,,587,587,489,98,83.30%,16.70%
20260126,18,闇碼科技股份有限公司,2992,縮短網址產生器-reurl-exchange,13848,CF_300x250_轉址失敗_最右邊_reurl,,知名媒體,,6,6,2,4,33.33%,66.67%
20260126,18,闇碼科技股份有限公司,2992,縮短網址產生器-reurl-exchange,13856,CF_300x250_轉址失敗頁第二塊_reurl,,知名媒體,,6,6,2,4,33.33%,66.67%
20260126,18,闇碼科技股份有限公司,2992,縮短網址產生器-reurl-exchange,13860,CF_300x250_網址下方右側_reurl,,知名媒體,,6,6,6,0,100.00%,0.00%
20260126,18,闇碼科技股份有限公司,2992,縮短網址產生器-reurl-exchange,13861,CF_300x250_網址下方右側(PB)_reurl,,知名媒體,,35,35,11,24,31.43%,68.57%
20260126,18,第一網站股份有限公司,2768,czbooks,13903,(子)CF_300x250_banner_czbooks(直播),antifroud,,子聯播網,"191,916","191,916","96,645","95,271",50.36%,49.64%
20260126,18,第一網站股份有限公司,2783,漫畫櫃manhuagui,13904,(子)CF_300x250_banner_manhuagui(直播),antifroud,,子聯播網,"2,529","2,529","2,153",376,85.13%,14.87%
20260126,18,第一網站股份有限公司,2768,czbooks,14036,MW_320x480_CZBOOKS,antifroud,,,50,50,31,19,62.00%,38.00%
20260126,18,陳人鳳,480,飛格寵物家族_PC,1407,CF-728X90_上方通欄_飛格寵物家族,,,,38,38,36,2,94.74%,5.26%
20260126,18,陳人鳳,480,飛格寵物家族_PC,1408,CF-300X250_內文_飛格寵物家族,,,,42,42,25,17,59.52%,40.48%
20260126,18,東森電視事業股份有限公司,2014,東森新聞網,14097,MW_蓋版_東森新聞網,,知名媒體,,"1,910","1,910","1,893",17,99.11%,0.89%
20260126,18,闇碼科技股份有限公司,3048,縮短網址產生器-reurl,14210,MW_文中創意300x250_縮短網址產生器-reurl,,知名媒體,,156,156,107,49,68.59%,31.41%
20260126,18,巨思文化股份有限公司,3052,經理人_HB,14238,MW_文章結束第一塊_300x250_經理人-HB,,知名媒體,,26,26,20,6,76.92%,23.08%
20260126,18,巨思文化股份有限公司,3052,經理人_HB,14241,MW_300x250_內文下方_經理人-HB,,知名媒體,,26,26,20,6,76.92%,23.08%
20260126,18,巨思文化股份有限公司,3053,數位時代_HB,14242,CF_300x250_內文下方左側_數位時代-HB,,知名媒體,,7,7,7,0,100.00%,0.00%
20260126,18,巨思文化股份有限公司,3053,數位時代_HB,14243,CF_300x250_內文下方右側_數位時代-HB,,知名媒體,,7,7,7,0,100.00%,0.00%
20260126,18,巨思文化股份有限公司,3053,數位時代_HB,14244,MW_300x250_文中第四塊_數位時代-HB,,知名媒體,,20,20,16,4,80.00%,20.00%
20260126,18,巨思文化股份有限公司,3053,數位時代_HB,14246,MW_300x250_文章結束第一塊_數位時代-HB,,知名媒體,,24,24,20,4,83.33%,16.67%
20260126,18,富盈數據股份有限公司,3059,塔科女子,14258,CF_336x280_全網_塔科女子,,知名媒體,,102,102,102,0,100.00%,0.00%
20260126,18,CBROOT LTD,3003,包子漫畫-exchange,14291,MW_300x250_蓋板(PB)_包子漫畫,,,,83,83,70,13,84.34%,15.66%
20260126,18,朱光宁,3268,稷下書院-mobile,14737,MW_置底創意(非展開)_稷下書院-mobile,,,,14,14,7,7,50.00%,50.00%
20260126,18,朱光宁,3149,稷下書院-exchange,14748,MW_320x100_置底(PB)_稷下書院,,,,"29,606","29,606","14,899","14,707",50.32%,49.68%
20260126,18,巨思文化股份有限公司,3053,數位時代_HB,14764,MW_置底創意_(非展開)_數位時代_HB,,知名媒體,,270,270,215,55,79.63%,20.37%
20260126,18,中天電視股份有限公司,3282,中天新聞網-exchange,14980,CF_970x250_內頁_PC置頂橫幅-中天新聞網-exchange,,知名媒體,,24,24,21,3,87.50%,12.50%
20260126,18,曾憲敏,3327,85小說網_創意,15227,MW-300X250_85小說網_隨身影音PB,,,,6,6,4,2,66.67%,33.33%
20260126,18,中天電視股份有限公司,3282,中天新聞網-exchange,15859,CF_336x280_內頁_PC右側互動看板B-中天新聞網-exchange,,知名媒體,,234,234,178,56,76.07%,23.93%
20260126,18,CBROOT LTD,3352,西瓜卡通-exchange,15970,CF_160x600_影音內容_西瓜卡通-exchange,,,,232,232,229,3,98.71%,1.29%
20260126,18,時報資訊股份有限公司,2817,旺得富,16910,CF_300x250_Billboard_1s_旺得富,,知名媒體,,12,12,12,0,100.00%,0.00%
20260126,18,時報資訊股份有限公司,2817,旺得富,16911,CF_300x250_Billboard_2nd_旺得富,,知名媒體,,6,6,4,2,66.67%,33.33%
20260126,18,葉志斌,2745,繁中寶可夢卡表生成器-奶爸工作室-exchange,16951,CF_300x600_Banner_繁中寶可夢卡表生成器-奶爸工作室-exchange,,,,6,6,6,0,100.00%,0.00%
20260126,18,朱光宁,3360,提莫書屋-exchange,16957,MW_336x280banner_提莫書屋_exchange,,,,"17,843","17,842","13,323","4,519",74.67%,25.33%
20260126,18,朱光宁,3361,提莫書屋-mobile,16958,MW_置底創意_提莫書屋-mobile,,,,116,116,85,31,73.28%,26.72%
20260126,18,朱光宁,3361,提莫書屋-mobile,16959,MW_320x480_文中創意_提莫書屋-mobile,,,,76,76,62,14,81.58%,18.42%
20260126,18,欣發現股份有限公司,3364,女子學-mobile,16972,MW_置底創意_女子學,antifroud,,,30,30,16,14,53.33%,46.67%
20260126,18,第一網站股份有限公司,2783,漫畫櫃manhuagui,17027,MW_320x480_蓋版_漫畫櫃manhuagui,,,,36,36,32,4,88.89%,11.11%
20260126,18,朱光宁,3268,稷下書院-mobile,17207,MW_320x480_蓋版_稷下書院-mobile,,,,598,598,368,230,61.54%,38.46%
20260126,18,中華電視股份有限公司,3389,華視-mobile,17230,MW_置底創意(非展開)_華視-mobile,,知名媒體,,60,60,60,0,100.00%,0.00%
20260126,18,中華電視股份有限公司,3389,華視-mobile,17232,MW_文中創意320x480_華視-mobile,,知名媒體,,12,12,12,0,100.00%,0.00%
20260126,18,李立娟,3395,vivi0視頻-exchange,17293,CF_336x280_Banner_vivi01視頻-exchange,antifroud,,,"35,185","35,185","33,579","1,606",95.44%,4.56%
20260126,18,李立娟,3395,vivi0視頻-exchange,17294,MW_336x280_Banner_vivi01視頻-exchange,antifroud,,,"25,648","25,648","24,408","1,240",95.17%,4.83%
20260126,18,李立娟,3395,vivi0視頻-exchange,17300,MW_320x100_置底(PB)_vivi01視頻-exchange,antifroud,,,"2,091","2,091","1,922",169,91.92%,8.08%
20260126,18,曾憲敏,601,85小說網_PC,1773,CF-300x250_85小說網_內文1,,,,112,112,71,41,63.39%,36.61%
20260126,18,第一網站股份有限公司,2768,czbooks,17927,MW_置底創意_czbook,,,,"5,374","5,374","2,997","2,377",55.77%,44.23%
20260126,18,第一網站股份有限公司,3420,ftvnews,17970,MW_300x250_內文_ftvnews,,知名媒體,,6,6,6,0,100.00%,0.00%
20260126,18,時報資訊股份有限公司_工商時報,3427,工商時報-exchange,18007,CF_336x280_文末右側看板_工商時報-exchange,,知名媒體,,6,6,5,1,83.33%,16.67%
20260126,18,時報資訊股份有限公司_工商時報,3427,工商時報-exchange,18014,MW_300x250_文末Banner1_工商時報-exchange,,知名媒體,,152,152,148,4,97.37%,2.63%
20260126,18,時報資訊股份有限公司_工商時報,3427,工商時報-exchange,18015,MW_300x250_文末Banner2_工商時報-exchange,,知名媒體,,186,186,183,3,98.39%,1.61%
20260126,18,第一網站股份有限公司,3440,fsa_passback_first,18201,CF_336x280_fsa_passback_first,,,,28,28,24,4,85.71%,14.29%
20260126,18,第一網站股份有限公司,3440,fsa_passback_first,18202,CF_300x250_fsa_passback_first,,,,"2,126","2,126","1,710",416,80.43%,19.57%
20260126,18,莊博凱,3455,夢遊電玩,18269,300x250 Banner,,,,6,6,4,2,66.67%,33.33%
20260126,18,朱光宁,3268,稷下書院-mobile,18297,MW_置底創意(展開)_稷下書院-mobile,,,,96,96,63,33,65.62%,34.38%
20260126,18,冰楓科技有限公司,3485,冰楓論壇-exchange,18487,CF_970x90_內文上方第一塊_冰楓論壇-exchange,,,,689,687,587,100,85.44%,14.56%
20260126,18,冰楓科技有限公司,3485,冰楓論壇-exchange,18492,MW_300x250_Banner_ 冰楓論壇-exchange,,,,246,244,208,36,85.25%,14.75%
20260126,18,CBROOT LTD,3492,包子漫畫(特開流量)-exchange,18546,(子)CF_300x250_指定時段_包子漫畫(特開流量)-exchange,,,子聯播網,"3,556","3,556","3,030",526,85.21%,14.79%
20260126,18,CBROOT LTD,3492,包子漫畫(特開流量)-exchange,18557,CF_300x600_指定流量_包子漫畫(特開流量PB)-exchange,,,,"4,468","4,468","3,952",516,88.45%,11.55%
20260126,18,CBROOT LTD,3510,包子漫畫_twmanga-exchange,18732,MW_336x280_Banner_包子漫畫_twmanga,,,子聯播網,"21,280","21,280","15,060","6,220",70.77%,29.23%
20260126,18,CBROOT LTD,3510,包子漫畫_twmanga-exchange,18737,CF_970x90_Banner_ 包子漫畫_twmanga-exchange,,,,12,12,12,0,100.00%,0.00%
20260126,18,闇碼科技股份有限公司,2992,縮短網址產生器-reurl-exchange,18876,CF_首頁連結bar下方_縮短網址產生器-reurl-exchange,,知名媒體,,12,12,12,0,100.00%,0.00%
20260126,18,台灣英文新聞股份有限公司,3537,台灣英文新聞(new)-exchange,18924,CF_300x250_內容頁_右側看版_1_台灣英文新聞(new)-exchange,,知名媒體,,49,49,48,1,97.96%,2.04%
20260126,18,台灣英文新聞股份有限公司,3537,台灣英文新聞(new)-exchange,18925,CF_300x600_內容頁_右側看版_2_台灣英文新聞(new)-exchange,,知名媒體,,6,6,6,0,100.00%,0.00%
20260126,18,艾得基客行銷顧問股份有限公司,3373,良醫健康網,19009,MW_蓋板_良醫健康網,,知名媒體,,19,19,14,5,73.68%,26.32%
20260126,18,聯合線上股份有限公司,3549,UDN元氣網,19018,CF_首頁文章推薦第三格300x250_UDN元氣網,,知名媒體,,6,6,6,0,100.00%,0.00%
20260126,18,艾得基客行銷顧問股份有限公司,3552,玩具人,19044,MW_320x480_文中創意_玩具人,,知名媒體,,108,108,100,8,92.59%,7.41%
20260126,18,第一網站股份有限公司,2783,漫畫櫃manhuagui,20685,MW_300X250_manhuagui,antifroud,,,"3,670","3,670","3,398",272,92.59%,7.41%
20260126,18,德榕企業有限公司,3578,TW Bodhi_mobile,20707,MW_置底創意_TW Bodhi,,,,50,50,50,0,100.00%,0.00%
20260126,18,德榕企業有限公司,3578,TW Bodhi_mobile,20708,MW_蓋板_TW Bodhi,,,,495,495,491,4,99.19%,0.81%
20260126,18,德榕企業有限公司,3581,忘憂書屋,20727,CF_336x280文章頁(RWD)_忘憂書屋,,,,112,112,112,0,100.00%,0.00%
20260126,18,德榕企業有限公司,3582,忘憂書屋_mobile,20728,MW_文中創意300x250_忘憂書屋,,,,18,18,18,0,100.00%,0.00%
20260126,18,德榕企業有限公司,3582,忘憂書屋_mobile,20729,MW_蓋板_忘憂書屋,,,,82,82,82,0,100.00%,0.00%
20260126,18,德榕企業有限公司,3582,忘憂書屋_mobile,20730,MW_置底創意_忘憂書屋,,,,58,58,58,0,100.00%,0.00%
20260126,18,第一網站股份有限公司,2916,KiKiNote,20731,CF_300x250_banner_kikinote (PB),,知名媒體,,198,198,183,15,92.42%,7.58%
20260126,18,第一網站股份有限公司,3440,fsa_passback_first,21699,CF_336x280_fsa_passback_first,,,,56,56,49,7,87.50%,12.50%
20260126,18,富盈數據股份有限公司,3653,TVBS-女人我最大_HB,21760,MW_文章三_336x280_TVBS-女人我最大_HB,,知名媒體,,364,364,359,5,98.63%,1.37%
20260126,18,富盈數據股份有限公司,3653,TVBS-女人我最大_HB,21761,MW_文章四_336x280_TVBS-女人我最大_HB,,知名媒體,,"1,525","1,525","1,459",66,95.67%,4.33%
20260126,18,富盈數據股份有限公司,3653,TVBS-女人我最大_HB,21763,MW_文中創意320x480_TVBS-女人我最大_HB,,知名媒體,,"1,362","1,362","1,317",45,96.70%,3.30%
20260126,18,富盈數據股份有限公司,3654,TVBS-健康2.0_HB,21768,MW_文中創意320x480_TVBS-健康2.0_HB,,知名媒體,,"4,713","4,713","4,578",135,97.14%,2.86%
20260126,18,富盈數據股份有限公司,3655,TVBS-食尚玩家_HB,21770,MW_文章三_336x280_TVBS-食尚玩家_HB,,知名媒體,,152,152,146,6,96.05%,3.95%
20260126,18,富盈數據股份有限公司,3655,TVBS-食尚玩家_HB,21773,MW_文中創意320x480_TVBS-食尚玩家_HB,,知名媒體,,525,525,501,24,95.43%,4.57%
20260126,18,寶利拾股份有限公司,3652,愛料理_HB,21778,MW_Recipes_Top_336x280banner_愛料理_HB,,知名媒體,,6,6,6,0,100.00%,0.00%
20260126,18,寶利拾股份有限公司,3652,愛料理_HB,21779,MW_Recipes_Middle_336x280banner_愛料理_HB,,知名媒體,,6,6,6,0,100.00%,0.00%
20260126,18,先驅媒體社會企業股份有限公司,3554,新頭殼(R18),21839,ＭＷ_336x280Banner_newtalk.tw_mobile_all_336280_2_新頭殼(R18),antifroud,知名媒體,,211,211,209,2,99.05%,0.95%
20260126,18,儂儂雜誌社股份有限公司(bella儂儂),2135,Bella儂儂_2024,21876,MW-300x250_文章標題上方1_Bella儂儂,,知名媒體,,714,714,699,15,97.90%,2.10%
20260126,18,富盈數據股份有限公司,3680,TVBS-新聞網_HB,21899,MW_文章一_336x280_TVBS-新聞網_HB,,知名媒體,,"2,399","2,399","2,298",101,95.79%,4.21%
20260126,18,富盈數據股份有限公司,3680,TVBS-新聞網_HB,21900,MW_文章三_336x280_TVBS-新聞網_HB,,知名媒體,,130,130,125,5,96.15%,3.85%
20260126,18,富盈數據股份有限公司,3680,TVBS-新聞網_HB,21902,MW_文章置底_320x100_TVBS-新聞網_HB,,知名媒體,,"1,814","1,814","1,765",49,97.30%,2.70%
20260126,18,富盈數據股份有限公司,3684,稅美人_mobile,21923,MW_置底創意(非展開)_稅美人-mobile,,,,"2,922","2,922","1,707","1,215",58.42%,41.58%
20260126,18,富盈數據股份有限公司,3685,玩桌遊_mobile,21924,MW_置底創意(非展開)_玩桌遊-mobile,,,,246,246,172,74,69.92%,30.08%
20260126,18,富盈數據股份有限公司,2615,熱血台中,21986,CF_336x280_全網_熱血台中,,,,68,68,55,13,80.88%,19.12%
20260126,18,富盈數據股份有限公司,2615,熱血台中,21987,CF_336x280_全網_熱血台中,,,,110,110,107,3,97.27%,2.73%
20260126,18,富盈數據股份有限公司,3703,繁體小說,22022,MW_置底創意(非展開)_繁體小說-mobile,,,,6,6,5,1,83.33%,16.67%
20260126,18,富盈數據股份有限公司,3704,天天要聞,22030,CF_300 x 250 banner_天天要聞_cpc2,,,,839,839,419,420,49.94%,50.06%
20260126,18,富盈數據股份有限公司,3703,繁體小說,22031,CF_300 x 250 banner_繁體小說_cpc2,,,,13,13,10,3,76.92%,23.08%
20260126,18,冠妍動力科技有限公司,484,小老婆汽機車資訊網,22058,MW_文中創意320x480_小老婆汽機車資訊網-測試,,知名媒體,,20,20,12,8,60.00%,40.00%
20260126,18,富盈數據股份有限公司,3680,TVBS-新聞網_HB,22132,CF_文中300x250_TVBS-新聞網_HB_2,,知名媒體,,6,6,6,0,100.00%,0.00%
20260126,18,富盈數據股份有限公司,3680,TVBS-新聞網_HB,22133,CF_文中300x250_TVBS-新聞網_HB_3,,知名媒體,,32,32,30,2,93.75%,6.25%
20260126,18,闇碼科技股份有限公司,3048,縮短網址產生器-reurl,22213,MW_蓋版_縮短網址產生器-reurl-2025.05(特殊供量),,知名媒體,,245,245,148,97,60.41%,39.59%
20260126,18,艾得基客行銷顧問股份有限公司,3490,太報,22216,MW_置底創意(非展開)_太報,,知名媒體,,38,38,38,0,100.00%,0.00%
20260126,18,艾得基客行銷顧問股份有限公司,3724,上報,22217,MW_置底創意(非展開)_上報,,知名媒體,,"1,152","1,152","1,126",26,97.74%,2.26%
20260126,18,艾得基客行銷顧問股份有限公司,3724,上報,22218,MW_置底(展開)_上報,,知名媒體,,150,150,147,3,98.00%,2.00%
20260126,18,艾得基客行銷顧問股份有限公司,2689,Basketball Top5,22219,MW_置底(展開)_Basketball TOP5,,,,303,303,298,5,98.35%,1.65%
20260126,18,欣發現股份有限公司,3363,大人物-mobile,22222,MW_蓋板_大人物,,知名媒體,,18,18,16,2,88.89%,11.11%
20260126,18,朱光宁,3741,石頭小說3,22396,MW_置底_石頭小說3,,,,462,462,326,136,70.56%,29.44%
20260126,18,朱光宁,3741,石頭小說3,22398,CF_336 x 280 banner_石頭小說3_cpc1.67,,,,"17,820","17,820","10,400","7,420",58.36%,41.64%
20260126,18,朱光宁,3741,石頭小說3,22399,CF_320 x 480 橫幅_石頭小說3,,,,114,114,80,34,70.18%,29.82%
20260126,18,艾得基客行銷顧問股份有限公司,3724,上報,22405,MW_蓋版_上報,,知名媒體,,280,280,278,2,99.29%,0.71%
20260126,18,闇碼科技股份有限公司,3068,限時圖片-imgus,22406,MW_置底_imgus,antifroud,,,141,141,141,0,100.00%,0.00%
20260126,18,第一網站股份有限公司,2783,漫畫櫃manhuagui,22443,MW_置底_manhuagui,antifroud,,,"2,598","2,598","2,448",150,94.23%,5.77%
20260126,18,艾得基客行銷顧問股份有限公司,3490,太報,22495,MW_300x250 BANNER_太報_CPM5,,知名媒體,子聯播網,90,90,90,0,100.00%,0.00%
20260126,18,艾得基客行銷顧問股份有限公司,2689,Basketball Top5,22498,MW_300x250 Banner_Basketball TOP5_CPM5,,,子聯播網,60,60,60,0,100.00%,0.00%
20260126,18,艾得基客行銷顧問股份有限公司,2578,鉅亨網,22507,MW_300x250_鉅亨網_直播用BN-1,,知名媒體,子聯播網,"4,750","4,750","4,661",89,98.13%,1.87%
20260126,18,艾得基客行銷顧問股份有限公司,3752,ＭoneyDJ,22514,MW_文中創意320x480_MoneyDJ,antifroud,知名媒體,,44,44,41,3,93.18%,6.82%
20260126,18,李承翰-webptt,718,Web批踢踢(RWD),2284,MW-蓋板_文中_Web批踢踢,antifroud,,,12,12,8,4,66.67%,33.33%
20260126,18,麥智維,999,動漫戲說,3543,CF-728*90-內文上方-動漫戲說,antifroud,,,130,130,70,60,53.85%,46.15%
20260126,18,技達創意資訊有限公司,1299,泰好網,4733,CF-300*250-內文下方-泰好網,,,,6,6,6,0,100.00%,0.00%
20260126,18,陈晋福,1367,電視超人,4997,CF-300X250-電視超人,,,,18,18,15,3,83.33%,16.67%
20260126,18,麥智維,999,動漫戲說,6069,CF-300*250-首頁-動漫戲說,,,,6,6,4,2,66.67%,33.33%
20260126,18,吳慧玲,2082,宅女懶懶子,8073,CF-右側通欄第二塊-300x600-宅女懶懶子,antifroud,,,6,6,6,0,100.00%,0.00%
20260126,18,精鏡傳媒股份有限公司,1060,鏡週刊,8250,MW_置底創意(非展開)_鏡週刊,,知名媒體,,109,109,85,24,77.98%,22.02%
20260126,18,臺灣電視事業股份有限公司,52,台視,8313,PC-300x250_內文第一塊_台視財經,,知名媒體,,6,6,6,0,100.00%,0.00%
20260126,18,巧克科技新媒體股份有限公司,2127,LINE TV_Banner-exchange,8576,CF_336x280_戲劇-右側好康資訊下方_LINE TV-exchange,,知名媒體,,38,38,33,5,86.84%,13.16%
20260126,18,巧克科技新媒體股份有限公司,2127,LINE TV_Banner-exchange,8577,CF_336x280_戲劇-右側好康資訊上方_LINE TV-exchange,,知名媒體,,96,96,88,8,91.67%,8.33%
20260126,18,鳳梨傳媒股份有限公司,2190,民視新聞網-Exchange,8862,CF_970X90_分類新聞內頁上方_民視新聞(MCM),,知名媒體,,12,12,12,0,100.00%,0.00%
20260126,18,見聞科技有限公司,2251,就是節目表,9233,MW-300x250-節目表文中-就是節目表,,,,6,6,6,0,100.00%,0.00%
20260126,18,蔡瑞文,300,樂透彩幸運發財網,9470,MW-置底-樂透幸運發財網,antifroud,知名媒體,,6,6,6,0,100.00%,0.00%
20260126,18,時報資訊股份有限公司,2335,中時電子報_2019,9883,ＭＷ-320x480-蓋板-中時電子報_2019,antifroud,知名媒體,,683,683,675,8,98.83%,1.17%
20260126,19,英屬維京群島商浩美數位有限公司台灣分公司,2315,Teepr亮新聞-exchange,10012,CF_336x280Banner_Teepr亮新聞-exchange,,知名媒體,,"1,012","1,012",982,30,97.04%,2.96%
20260126,19,第一網站股份有限公司,2300,keketravel,10594,(子)CF_336x280_keketravel,,,子聯播網,50,46,46,0,100.00%,0.00%
20260126,19,昱得資訊工作室,2528,數位書香,11080,CF_728x90_首頁上方_數位書香,antifroud,,,48,48,48,0,100.00%,0.00%
20260126,19,昱得資訊工作室,2528,數位書香,11081,CF_160x600_首頁右側_數位書香,antifroud,,,643,643,642,1,99.84%,0.16%
20260126,19,第一網站股份有限公司,2518,麻辣家族討論區(twbts),11082,CF-728X90-twbts,antifroud,,,130,130,126,4,96.92%,3.08%
20260126,19,第一網站股份有限公司,2540,risu短網址,11260,MW-300X250-MB_page_left-risu,,知名媒體,,13,13,11,2,84.62%,15.38%
20260126,19,第一網站股份有限公司,2492,ttshow,11273,MW-300X250-ttshow,,知名媒體,,6,6,3,3,50.00%,50.00%
20260126,19,第一網站股份有限公司,2601,Meme梗圖倉庫,11443,CF-336X280-meme,,,,153,153,138,15,90.20%,9.80%
20260126,19,第一網站股份有限公司,2540,risu短網址,12496,CF_300x250_popup(直播) _risu短網址,antifroud,知名媒體,,6,6,6,0,100.00%,0.00%
20260126,19,時報資訊股份有限公司,2770,中時電子報_HB,12559,CF_300x250_右側互動看版_中時電子報_HB,,知名媒體,,238,238,176,62,73.95%,26.05%
20260126,19,時報資訊股份有限公司,2770,中時電子報_HB,12560,CF_336x280_文中看板_中時電子報_HB,,知名媒體,,221,221,164,57,74.21%,25.79%
20260126,19,時報資訊股份有限公司,2770,中時電子報_HB,12561,MW_300x250_內頁TOP Banner_中時電子報_HB,antifroud,知名媒體,,930,930,825,105,88.71%,11.29%
20260126,19,第一網站股份有限公司,2768,czbooks,12570,CF_728x90_banner_czbooks,,,,"32,914","32,914","24,104","8,810",73.23%,26.77%
20260126,19,鳳梨傳媒股份有限公司,2190,民視新聞網-Exchange,12579,CF_300x250_右側第一塊_民視新聞網-Exchange(RWD)(MCM),,知名媒體,,"9,761","9,761","9,604",157,98.39%,1.61%
20260126,19,鳳梨傳媒股份有限公司,2190,民視新聞網-Exchange,12580,CF_300x250_內文文中左側_民視新聞網-Exchange(RWD)(MCM),,知名媒體,,"9,192","9,190","8,993",197,97.86%,2.14%
20260126,19,第一網站股份有限公司,2783,漫畫櫃manhuagui,12676,CF_728X90_manhuagui,antifroud,,,"39,934","39,934","33,992","5,942",85.12%,14.88%
20260126,19,艾得基客行銷顧問股份有限公司,2635,工商時報,12761,MW_320x480_文中創意_工商時報new,,知名媒體,,176,176,171,5,97.16%,2.84%
20260126,19,金隼行銷股份有限公司,2786,91譜,12792,MW_置底創意_91譜,,知名媒體,,6,6,3,3,50.00%,50.00%
20260126,19,第一網站股份有限公司,2801,damanwoo,12868,CF-300x250_Banner_damanwoo_大人物,,,,50,50,48,2,96.00%,4.00%
20260126,19,永悅健康股份有限公司,2813,早安樂活,12927,MW_置底創意(非展開)_早安樂活,,知名媒體,,32,32,31,1,96.88%,3.12%
20260126,19,徐致淦,2818,rate.cx免費投票器,12943,CF_300x250_投票結果_rate.cx免費投票器,,,,139,139,72,67,51.80%,48.20%
20260126,19,徐致淦,2818,rate.cx免費投票器,12944,MW_300x250_投票結果_rate.cx免費投票器,,,,137,137,71,66,51.82%,48.18%
20260126,19,第一網站股份有限公司,2820,星座好朋友(horofriend88),12966,MW_320x100_horofriend88,antifroud,,,6,6,6,0,100.00%,0.00%
20260126,19,第一網站股份有限公司,2836,vivi01,13032,MW_置底創意_vivi01 ViVi視頻,,,,6,6,5,1,83.33%,16.67%
20260126,19,第一網站股份有限公司,2838,mycard,13041,MW_320x480_加倍mycard,,,,53,53,0,53,0.00%,100.00%
20260126,19,曾憲敏,202,85小說網,13445,MW_336X280_全量1_85小說網,,,,766,766,546,220,71.28%,28.72%
20260126,19,曾憲敏,202,85小說網,13446,MW_336X280_全量2_85小說網,,,,"5,219","5,219","4,025","1,194",77.12%,22.88%
20260126,19,曾憲敏,601,85小說網_PC,13450,(子)CF_336x280_全量2_85小說網,,,子聯播網,128,128,76,52,59.38%,40.62%
20260126,19,第一網站股份有限公司,2768,czbooks,13481,MW_300x250_banner_czbooks,antifroud,,子聯播網,"40,096","40,096","22,489","17,607",56.09%,43.91%
20260126,19,第一網站股份有限公司,2768,czbooks,13482,(子)CF_300x600_banner_czbooks(限時段),,,子聯播網,"22,269","22,269","17,017","5,252",76.42%,23.58%
20260126,19,第一網站股份有限公司,2768,czbooks,13483,(子)CF_970x250_banner_czbooks(限時段),,,子聯播網,"24,889","24,889","16,856","8,033",67.72%,32.28%
20260126,19,第一網站股份有限公司,2910,clickme,13548,(子)CF_300x250_banner_clickme(一般),,,子聯播網,523,523,370,153,70.75%,29.25%
20260126,19,第一網站股份有限公司,2910,clickme,13549,CF_300x250_banner_clickme(一般),,,,321,321,252,69,78.50%,21.50%
20260126,19,第一網站股份有限公司,2916,KiKiNote,13576,(子)CF_300x250_banner_kikinote,,知名媒體,子聯播網,981,974,906,68,93.02%,6.98%
20260126,19,闇碼科技股份有限公司,2992,縮短網址產生器-reurl-exchange,13858,CF_300x250_網址下方左側_reurl,,知名媒體,,8,8,0,8,0.00%,100.00%
20260126,19,闇碼科技股份有限公司,2992,縮短網址產生器-reurl-exchange,13861,CF_300x250_網址下方右側(PB)_reurl,,知名媒體,,78,78,4,74,5.13%,94.87%
20260126,19,第一網站股份有限公司,2768,czbooks,13903,(子)CF_300x250_banner_czbooks(直播),antifroud,,子聯播網,"221,986","221,986","117,103","104,883",52.75%,47.25%
20260126,19,第一網站股份有限公司,2783,漫畫櫃manhuagui,13904,(子)CF_300x250_banner_manhuagui(直播),antifroud,,子聯播網,"58,629","58,629","50,892","7,737",86.80%,13.20%
20260126,19,第一網站股份有限公司,2768,czbooks,14036,MW_320x480_CZBOOKS,antifroud,,,114,114,66,48,57.89%,42.11%
20260126,19,陳人鳳,480,飛格寵物家族_PC,1407,CF-728X90_上方通欄_飛格寵物家族,,,,19,19,10,9,52.63%,47.37%
20260126,19,陳人鳳,480,飛格寵物家族_PC,1408,CF-300X250_內文_飛格寵物家族,,,,96,96,53,43,55.21%,44.79%
20260126,19,闇碼科技股份有限公司,3048,縮短網址產生器-reurl,14210,MW_文中創意300x250_縮短網址產生器-reurl,,知名媒體,,253,252,146,106,57.94%,42.06%
20260126,19,巨思文化股份有限公司,3052,經理人_HB,14238,MW_文章結束第一塊_300x250_經理人-HB,,知名媒體,,42,42,39,3,92.86%,7.14%
20260126,19,巨思文化股份有限公司,3052,經理人_HB,14241,MW_300x250_內文下方_經理人-HB,,知名媒體,,42,42,39,3,92.86%,7.14%
20260126,19,巨思文化股份有限公司,3053,數位時代_HB,14244,MW_300x250_文中第四塊_數位時代-HB,,知名媒體,,6,6,6,0,100.00%,0.00%
20260126,19,巨思文化股份有限公司,3053,數位時代_HB,14246,MW_300x250_文章結束第一塊_數位時代-HB,,知名媒體,,12,12,10,2,83.33%,16.67%
20260126,19,富盈數據股份有限公司,3059,塔科女子,14258,CF_336x280_全網_塔科女子,,知名媒體,,354,354,353,1,99.72%,0.28%
20260126,19,CBROOT LTD,3003,包子漫畫-exchange,14291,MW_300x250_蓋板(PB)_包子漫畫,,,,126,126,107,19,84.92%,15.08%
20260126,19,朱光宁,3152,石頭小說-exchange,14472,MW_336x280_Banner_石頭小說,,,,"4,056","4,056","2,795","1,261",68.91%,31.09%
20260126,19,朱光宁,3268,稷下書院-mobile,14737,MW_置底創意(非展開)_稷下書院-mobile,,,,12,12,7,5,58.33%,41.67%
20260126,19,朱光宁,3149,稷下書院-exchange,14748,MW_320x100_置底(PB)_稷下書院,,,,"29,500","29,500","16,319","13,181",55.32%,44.68%
20260126,19,巨思文化股份有限公司,3053,數位時代_HB,14764,MW_置底創意_(非展開)_數位時代_HB,,知名媒體,,105,105,102,3,97.14%,2.86%
20260126,19,中天電視股份有限公司,3282,中天新聞網-exchange,14980,CF_970x250_內頁_PC置頂橫幅-中天新聞網-exchange,,知名媒體,,68,68,58,10,85.29%,14.71%
20260126,19,CBROOT LTD,3305,包子漫畫NEW-exchange,15143,(子)CF_970x250_Banner(直播)_包子漫畫(kukuc.co),,,子聯播網,12,12,8,4,66.67%,33.33%
20260126,19,CBROOT LTD,3305,包子漫畫NEW-exchange,15145,(子)CF_970x250_指定流量Banner_包子漫畫(kukuc.co),antifroud,,子聯播網,990,990,958,32,96.77%,3.23%
20260126,19,曾憲敏,3327,85小說網_創意,15228,MW-創意-85小說網,,,,30,30,24,6,80.00%,20.00%
20260126,19,中天電視股份有限公司,3282,中天新聞網-exchange,15859,CF_336x280_內頁_PC右側互動看板B-中天新聞網-exchange,,知名媒體,,284,284,232,52,81.69%,18.31%
20260126,19,CBROOT LTD,3352,西瓜卡通-exchange,15969,CF_728x90_影音內容_西瓜卡通-exchange,,,,52,52,49,3,94.23%,5.77%
20260126,19,CBROOT LTD,3352,西瓜卡通-exchange,15970,CF_160x600_影音內容_西瓜卡通-exchange,,,,190,190,189,1,99.47%,0.53%
20260126,19,時報資訊股份有限公司,2817,旺得富,16911,CF_300x250_Billboard_2nd_旺得富,,知名媒體,,20,20,20,0,100.00%,0.00%
20260126,19,朱光宁,3360,提莫書屋-exchange,16957,MW_336x280banner_提莫書屋_exchange,,,,"19,220","19,220","14,685","4,535",76.40%,23.60%
20260126,19,朱光宁,3361,提莫書屋-mobile,16958,MW_置底創意_提莫書屋-mobile,,,,56,56,39,17,69.64%,30.36%
20260126,19,朱光宁,3361,提莫書屋-mobile,16959,MW_320x480_文中創意_提莫書屋-mobile,,,,104,104,83,21,79.81%,20.19%
20260126,19,欣發現股份有限公司,3365,Hami任務牆-mobile,16969,MW_置底創意_Hami任務牆,,知名媒體,,8,8,6,2,75.00%,25.00%
20260126,19,欣發現股份有限公司,3364,女子學-mobile,16972,MW_置底創意_女子學,antifroud,,,8,8,5,3,62.50%,37.50%
20260126,19,欣發現股份有限公司,3363,大人物-mobile,16973,MW_置底創意_大人物,,知名媒體,,6,6,5,1,83.33%,16.67%
20260126,19,朱光宁,3149,稷下書院-exchange,17003,(子)CF_336x280_Banner(指定流量)_稷下書院-exchange,,,子聯播網,"1,641","1,641",765,876,46.62%,53.38%
20260126,19,第一網站股份有限公司,2783,漫畫櫃manhuagui,17027,MW_320x480_蓋版_漫畫櫃manhuagui,,,,59,59,55,4,93.22%,6.78%
20260126,19,朱光宁,3149,稷下書院-exchange,17095,(子)MW_336x280_Banner_稷下書院-exchange,antifroud,,,"11,462","11,462","5,609","5,853",48.94%,51.06%
20260126,19,詠勝科技有限公司,3385,Mobile01_HB,17174,CF_970x250_超級橫幅_置底_Mobile01_HB,,知名媒體,,6,6,6,0,100.00%,0.00%
20260126,19,詠勝科技有限公司,3385,Mobile01_HB,17178,CF_300x250_頻道頁_大看板_Mobile01_HB,,知名媒體,,105,105,100,5,95.24%,4.76%
20260126,19,詠勝科技有限公司,3385,Mobile01_HB,17179,CF_300x250_熱門大看板_Mobile01_HB,,知名媒體,,"8,587","8,587","7,171","1,416",83.51%,16.49%
20260126,19,詠勝科技有限公司,3385,Mobile01_HB,17183,CF_300x600_大摩天_Mobile01_HB,,知名媒體,,"3,047","3,047","2,777",270,91.14%,8.86%
20260126,19,朱光宁,3268,稷下書院-mobile,17207,MW_320x480_蓋版_稷下書院-mobile,,,,567,567,370,197,65.26%,34.74%
20260126,19,中華電視股份有限公司,3389,華視-mobile,17230,MW_置底創意(非展開)_華視-mobile,,知名媒體,,12,12,12,0,100.00%,0.00%
20260126,19,李立娟,3395,vivi0視頻-exchange,17293,CF_336x280_Banner_vivi01視頻-exchange,antifroud,,,"33,565","33,565","31,750","1,815",94.59%,5.41%
20260126,19,李立娟,3395,vivi0視頻-exchange,17294,MW_336x280_Banner_vivi01視頻-exchange,antifroud,,,"24,966","24,966","23,624","1,342",94.62%,5.38%
20260126,19,李立娟,3397,趣聞圖說-exchange,17297,(子)MW_336x280_Banner_趣聞圖說-exchange,antifroud,,,"21,544","21,544","19,155","2,389",88.91%,11.09%
20260126,19,李立娟,3395,vivi0視頻-exchange,17299,MW_300x250_蓋板(PB)-vivi01視頻-exchange,,,,6,6,6,0,100.00%,0.00%
20260126,19,李立娟,3395,vivi0視頻-exchange,17300,MW_320x100_置底(PB)_vivi01視頻-exchange,antifroud,,,965,965,940,25,97.41%,2.59%
20260126,19,曾憲敏,601,85小說網_PC,1773,CF-300x250_85小說網_內文1,,,,162,162,100,62,61.73%,38.27%
20260126,19,第一網站股份有限公司,2768,czbooks,17927,MW_置底創意_czbook,,,,"7,110","7,110","4,055","3,055",57.03%,42.97%
20260126,19,時報資訊股份有限公司_工商時報,3427,工商時報-exchange,18014,MW_300x250_文末Banner1_工商時報-exchange,,知名媒體,,151,151,145,6,96.03%,3.97%
20260126,19,時報資訊股份有限公司_工商時報,3427,工商時報-exchange,18015,MW_300x250_文末Banner2_工商時報-exchange,,知名媒體,,196,196,190,6,96.94%,3.06%
20260126,19,第一網站股份有限公司,3440,fsa_passback_first,18202,CF_300x250_fsa_passback_first,,,,"2,846","2,846","2,341",505,82.26%,17.74%
20260126,19,第一網站股份有限公司,3440,fsa_passback_first,18266,(子)CF_970x250_cfbanner_blog,,,子聯播網,808,808,784,24,97.03%,2.97%
20260126,19,莊博凱,3455,夢遊電玩,18269,300x250 Banner,,,,36,36,34,2,94.44%,5.56%
20260126,19,朱光宁,3268,稷下書院-mobile,18297,MW_置底創意(展開)_稷下書院-mobile,,,,264,264,170,94,64.39%,35.61%
20260126,19,冰楓科技有限公司,3485,冰楓論壇-exchange,18487,CF_970x90_內文上方第一塊_冰楓論壇-exchange,,,,"1,301","1,301","1,098",203,84.40%,15.60%
20260126,19,冰楓科技有限公司,3485,冰楓論壇-exchange,18488,MW_320x100_內文上方第一塊_ 冰楓論壇-exchange,antifroud,,,28,28,25,3,89.29%,10.71%
20260126,19,冰楓科技有限公司,3485,冰楓論壇-exchange,18492,MW_300x250_Banner_ 冰楓論壇-exchange,,,,563,563,514,49,91.30%,8.70%
20260126,19,闇碼科技股份有限公司,3048,縮短網址產生器-reurl,18535,MW_蓋版_縮短網址產生器-reurl,,知名媒體,,6,6,5,1,83.33%,16.67%
20260126,19,CBROOT LTD,3492,包子漫畫(特開流量)-exchange,18544,(子)CF_300x600_指定流量_包子漫畫(特開流量)-exchange,,,子聯播網,"7,828","7,828","6,973",855,89.08%,10.92%
20260126,19,CBROOT LTD,3492,包子漫畫(特開流量)-exchange,18545,(子)CF_970x250_指定時段_包子漫畫(特開流量)-exchange,,,子聯播網,"56,463","56,463","52,919","3,544",93.72%,6.28%
20260126,19,CBROOT LTD,3492,包子漫畫(特開流量)-exchange,18546,(子)CF_300x250_指定時段_包子漫畫(特開流量)-exchange,,,子聯播網,"186,576","186,576","172,365","14,211",92.38%,7.62%
20260126,19,CBROOT LTD,3492,包子漫畫(特開流量)-exchange,18558,CF_970x250_指定時段_包子漫畫(特開流量PB)-exchange,,,,75,75,69,6,92.00%,8.00%
20260126,19,CBROOT LTD,3510,包子漫畫_twmanga-exchange,18732,MW_336x280_Banner_包子漫畫_twmanga,,,子聯播網,"15,346","15,346","10,757","4,589",70.10%,29.90%
20260126,19,CBROOT LTD,3510,包子漫畫_twmanga-exchange,18735,CF_336x280_Banner_包子漫畫_twmanga-exchange,,,,59,59,37,22,62.71%,37.29%
20260126,19,CBROOT LTD,3510,包子漫畫_twmanga-exchange,18736,CF_970x250_ 包子漫畫_twmanga-exchange,,,,382,382,318,64,83.25%,16.75%
20260126,19,舒禾驊,3535,荷花動漫筆記,18887,CF_336x280_文章頁文中_荷花動漫筆記,,,,16,16,8,8,50.00%,50.00%
20260126,19,台灣英文新聞股份有限公司,3537,台灣英文新聞(new)-exchange,18924,CF_300x250_內容頁_右側看版_1_台灣英文新聞(new)-exchange,,知名媒體,,103,103,80,23,77.67%,22.33%
20260126,19,艾得基客行銷顧問股份有限公司,3373,良醫健康網,19009,MW_蓋板_良醫健康網,,知名媒體,,6,6,6,0,100.00%,0.00%
20260126,19,聯合線上股份有限公司,3548,UDN遊戲角落,19015,CF_文章頁右上300x250_UDN遊戲角落,,知名媒體,,6,6,6,0,100.00%,0.00%
20260126,19,聯合線上股份有限公司,3549,UDN元氣網,19018,CF_首頁文章推薦第三格300x250_UDN元氣網,,知名媒體,,6,6,6,0,100.00%,0.00%
20260126,19,艾得基客行銷顧問股份有限公司,3552,玩具人,19044,MW_320x480_文中創意_玩具人,,知名媒體,,66,66,60,6,90.91%,9.09%
20260126,19,第一網站股份有限公司,2783,漫畫櫃manhuagui,20685,MW_300X250_manhuagui,antifroud,,,"2,654","2,654","2,459",195,92.65%,7.35%
20260126,19,德榕企業有限公司,3578,TW Bodhi_mobile,20707,MW_置底創意_TW Bodhi,,,,73,73,71,2,97.26%,2.74%
20260126,19,德榕企業有限公司,3578,TW Bodhi_mobile,20708,MW_蓋板_TW Bodhi,,,,673,673,669,4,99.41%,0.59%
20260126,19,德榕企業有限公司,3578,TW Bodhi_mobile,20719,MW_文中創意300x250_TW Bodhi,,,,6,6,6,0,100.00%,0.00%
20260126,19,德榕企業有限公司,3581,忘憂書屋,20727,CF_336x280文章頁(RWD)_忘憂書屋,,,,36,36,36,0,100.00%,0.00%
20260126,19,德榕企業有限公司,3582,忘憂書屋_mobile,20728,MW_文中創意300x250_忘憂書屋,,,,34,34,34,0,100.00%,0.00%
20260126,19,德榕企業有限公司,3582,忘憂書屋_mobile,20730,MW_置底創意_忘憂書屋,,,,78,78,78,0,100.00%,0.00%
20260126,19,第一網站股份有限公司,2916,KiKiNote,20731,CF_300x250_banner_kikinote (PB),,知名媒體,,20,20,20,0,100.00%,0.00%
20260126,19,第一網站股份有限公司,2910,clickme,20735,(子)CF_300x250_banner_clickme(成人),,,子聯播網,"6,650","6,650","5,498","1,152",82.68%,17.32%
20260126,19,第一網站股份有限公司,2768,czbooks,21412,(子)CF_970x250_banner_czbooks(限時段)-PB,,,子聯播網,16,16,10,6,62.50%,37.50%
20260126,19,第一網站股份有限公司,3440,fsa_passback_first,21699,CF_336x280_fsa_passback_first,,,,12,12,11,1,91.67%,8.33%
20260126,19,第一網站股份有限公司,3440,fsa_passback_first,21702,(子)CF_970x250_cfbanner_blog,,,,32,32,29,3,90.62%,9.38%
20260126,19,富盈數據股份有限公司,3653,TVBS-女人我最大_HB,21760,MW_文章三_336x280_TVBS-女人我最大_HB,,知名媒體,,142,142,141,1,99.30%,0.70%
20260126,19,富盈數據股份有限公司,3653,TVBS-女人我最大_HB,21761,MW_文章四_336x280_TVBS-女人我最大_HB,,知名媒體,,"1,101","1,101","1,060",41,96.28%,3.72%
20260126,19,富盈數據股份有限公司,3653,TVBS-女人我最大_HB,21763,MW_文中創意320x480_TVBS-女人我最大_HB,,知名媒體,,"1,050","1,050","1,022",28,97.33%,2.67%
20260126,19,富盈數據股份有限公司,3654,TVBS-健康2.0_HB,21764,CF_文章右側300x600_TVBS-健康2.0_HB,,知名媒體,,6,6,6,0,100.00%,0.00%
20260126,19,富盈數據股份有限公司,3654,TVBS-健康2.0_HB,21768,MW_文中創意320x480_TVBS-健康2.0_HB,,知名媒體,,"6,299","6,299","6,077",222,96.48%,3.52%
20260126,19,富盈數據股份有限公司,3655,TVBS-食尚玩家_HB,21770,MW_文章三_336x280_TVBS-食尚玩家_HB,,知名媒體,,691,691,587,104,84.95%,15.05%
20260126,19,富盈數據股份有限公司,3655,TVBS-食尚玩家_HB,21772,MW_文章置底_320x100_TVBS-食尚玩家_HB,,知名媒體,,66,66,50,16,75.76%,24.24%
20260126,19,富盈數據股份有限公司,3655,TVBS-食尚玩家_HB,21773,MW_文中創意320x480_TVBS-食尚玩家_HB,,知名媒體,,"1,200","1,200","1,007",193,83.92%,16.08%
20260126,19,寶利拾股份有限公司,3652,愛料理_HB,21778,MW_Recipes_Top_336x280banner_愛料理_HB,,知名媒體,,6,6,6,0,100.00%,0.00%
20260126,19,富盈數據股份有限公司,3653,TVBS-女人我最大_HB,21803,MW_文章一_336x280_TVBS-女人我最大_HB,,知名媒體,,20,20,20,0,100.00%,0.00%
20260126,19,先驅媒體社會企業股份有限公司,3554,新頭殼(R18),21839,ＭＷ_336x280Banner_newtalk.tw_mobile_all_336280_2_新頭殼(R18),antifroud,知名媒體,,24,24,23,1,95.83%,4.17%
20260126,19,先驅媒體社會企業股份有限公司,3554,新頭殼(R18),21840,ＭＷ_336x280Banner_newtalk.tw_mobile_all_336280_3_新頭殼(R18),,知名媒體,,6,6,6,0,100.00%,0.00%
20260126,19,儂儂雜誌社股份有限公司(bella儂儂),2135,Bella儂儂_2024,21876,MW-300x250_文章標題上方1_Bella儂儂,,知名媒體,,"1,064","1,064","1,023",41,96.15%,3.85%
20260126,19,富盈數據股份有限公司,3680,TVBS-新聞網_HB,21898,CF_文章右側300x600_TVBS-新聞網_HB,,知名媒體,,36,36,35,1,97.22%,2.78%
20260126,19,富盈數據股份有限公司,3680,TVBS-新聞網_HB,21899,MW_文章一_336x280_TVBS-新聞網_HB,,知名媒體,,"2,786","2,786","2,728",58,97.92%,2.08%
20260126,19,富盈數據股份有限公司,3680,TVBS-新聞網_HB,21900,MW_文章三_336x280_TVBS-新聞網_HB,,知名媒體,,82,82,80,2,97.56%,2.44%
20260126,19,富盈數據股份有限公司,3680,TVBS-新聞網_HB,21902,MW_文章置底_320x100_TVBS-新聞網_HB,,知名媒體,,"2,067","2,067","2,037",30,98.55%,1.45%
20260126,19,富盈數據股份有限公司,3684,稅美人_mobile,21923,MW_置底創意(非展開)_稅美人-mobile,,,,"4,457","4,457","2,588","1,869",58.07%,41.93%
20260126,19,富盈數據股份有限公司,3685,玩桌遊_mobile,21924,MW_置底創意(非展開)_玩桌遊-mobile,,,,340,340,257,83,75.59%,24.41%
20260126,19,富盈數據股份有限公司,2615,熱血台中,21986,CF_336x280_全網_熱血台中,,,,111,111,93,18,83.78%,16.22%
20260126,19,富盈數據股份有限公司,2615,熱血台中,21987,CF_336x280_全網_熱血台中,,,,116,116,110,6,94.83%,5.17%
20260126,19,富盈數據股份有限公司,3704,天天要聞,22030,CF_300 x 250 banner_天天要聞_cpc2,,,,"3,027","3,027","1,541","1,486",50.91%,49.09%
20260126,19,富盈數據股份有限公司,3703,繁體小說,22031,CF_300 x 250 banner_繁體小說_cpc2,,,,114,114,90,24,78.95%,21.05%
20260126,19,朱光宁,3708,石頭小說,22045,CF_336 x 280 banner_石頭小說_cpc1.67,antifroud,,,"134,593","134,593","78,324","56,269",58.19%,41.81%
20260126,19,冠妍動力科技有限公司,484,小老婆汽機車資訊網,22058,MW_文中創意320x480_小老婆汽機車資訊網-測試,,知名媒體,,18,18,11,7,61.11%,38.89%
20260126,19,朱光宁,3718,稷下書院2,22093,CF_336 x 280 banner_稷下書院2_cpc1.67,antifroud,,,"108,966","108,966","61,979","46,987",56.88%,43.12%
20260126,19,富盈數據股份有限公司,3680,TVBS-新聞網_HB,22131,CF_文中300x250_TVBS-新聞網_HB_1,,知名媒體,,6,6,6,0,100.00%,0.00%
20260126,19,富盈數據股份有限公司,3680,TVBS-新聞網_HB,22132,CF_文中300x250_TVBS-新聞網_HB_2,,知名媒體,,170,170,163,7,95.88%,4.12%
20260126,19,富盈數據股份有限公司,3680,TVBS-新聞網_HB,22133,CF_文中300x250_TVBS-新聞網_HB_3,,知名媒體,,588,588,526,62,89.46%,10.54%
20260126,19,富盈數據股份有限公司,3730,Teepr 亮新聞 HB,22145,MW_336x280_文中創意_Teepr亮新聞 HB,,,,6,6,6,0,100.00%,0.00%
20260126,19,闇碼科技股份有限公司,3048,縮短網址產生器-reurl,22213,MW_蓋版_縮短網址產生器-reurl-2025.05(特殊供量),,知名媒體,,334,333,126,207,37.84%,62.16%
20260126,19,艾得基客行銷顧問股份有限公司,3724,上報,22217,MW_置底創意(非展開)_上報,,知名媒體,,"1,224","1,224","1,202",22,98.20%,1.80%
20260126,19,艾得基客行銷顧問股份有限公司,3724,上報,22218,MW_置底(展開)_上報,,知名媒體,,869,869,849,20,97.70%,2.30%
20260126,19,艾得基客行銷顧問股份有限公司,2689,Basketball Top5,22219,MW_置底(展開)_Basketball TOP5,,,,80,80,79,1,98.75%,1.25%
20260126,19,欣發現股份有限公司,3363,大人物-mobile,22222,MW_蓋板_大人物,,知名媒體,,12,12,11,1,91.67%,8.33%
20260126,19,朱光宁,3741,石頭小說3,22396,MW_置底_石頭小說3,,,,20,20,14,6,70.00%,30.00%
20260126,19,朱光宁,3741,石頭小說3,22398,CF_336 x 280 banner_石頭小說3_cpc1.67,,,,"11,959","11,959","6,941","5,018",58.04%,41.96%
20260126,19,朱光宁,3741,石頭小說3,22399,CF_320 x 480 橫幅_石頭小說3,,,,6,6,3,3,50.00%,50.00%
20260126,19,闇碼科技股份有限公司,3068,限時圖片-imgus,22406,MW_置底_imgus,antifroud,,,60,60,59,1,98.33%,1.67%
20260126,19,第一網站股份有限公司,2783,漫畫櫃manhuagui,22443,MW_置底_manhuagui,antifroud,,,"2,542","2,542","2,418",124,95.12%,4.88%
20260126,19,艾得基客行銷顧問股份有限公司,3490,太報,22495,MW_300x250 BANNER_太報_CPM5,,知名媒體,子聯播網,36,36,36,0,100.00%,0.00%
20260126,19,艾得基客行銷顧問股份有限公司,2689,Basketball Top5,22498,MW_300x250 Banner_Basketball TOP5_CPM5,,,子聯播網,110,110,110,0,100.00%,0.00%
20260126,19,艾得基客行銷顧問股份有限公司,2578,鉅亨網,22507,MW_300x250_鉅亨網_直播用BN-1,,知名媒體,子聯播網,"4,853","4,853","4,779",74,98.48%,1.52%
20260126,19,艾得基客行銷顧問股份有限公司,3752,ＭoneyDJ,22514,MW_文中創意320x480_MoneyDJ,antifroud,知名媒體,,72,72,67,5,93.06%,6.94%
20260126,19,李承翰-webptt,718,Web批踢踢(RWD),2284,MW-蓋板_文中_Web批踢踢,antifroud,,,24,24,16,8,66.67%,33.33%
20260126,19,麥智維,999,動漫戲說,3543,CF-728*90-內文上方-動漫戲說,antifroud,,,70,70,40,30,57.14%,42.86%
20260126,19,技達創意資訊有限公司,1299,泰好網,4734,MW-320*100-首頁、內文上方-泰好網,,,,24,24,24,0,100.00%,0.00%
20260126,19,陈晋福,1367,電視超人,4997,CF-300X250-電視超人,,,,62,62,58,4,93.55%,6.45%
20260126,19,麥智維,999,動漫戲說,6069,CF-300*250-首頁-動漫戲說,,,,26,26,19,7,73.08%,26.92%
20260126,19,全曜財經資訊股份有限公司,1902,Cmoney-Mobile,7293,MW_置底創意(非展開)_Cmoney,antifroud,知名媒體,,46,46,46,0,100.00%,0.00%
20260126,19,精鏡傳媒股份有限公司,1060,鏡週刊,8250,MW_置底創意(非展開)_鏡週刊,,知名媒體,,18,18,18,0,100.00%,0.00%
20260126,19,巧克科技新媒體股份有限公司,2127,LINE TV_Banner-exchange,8576,CF_336x280_戲劇-右側好康資訊下方_LINE TV-exchange,,知名媒體,,55,55,51,4,92.73%,7.27%
20260126,19,巧克科技新媒體股份有限公司,2127,LINE TV_Banner-exchange,8577,CF_336x280_戲劇-右側好康資訊上方_LINE TV-exchange,,知名媒體,,88,88,82,6,93.18%,6.82%
20260126,19,見聞科技有限公司,2251,就是節目表,9233,MW-300x250-節目表文中-就是節目表,,,,6,6,6,0,100.00%,0.00%
20260126,19,冰楓科技有限公司,1711,冰楓短網址,9308,ＭＷ-300X250-跳轉頁下方-冰楓短網址,,,,6,6,4,2,66.67%,33.33%
20260126,19,高政德,1015,小鎮資訊,9426,(子)CF_300x250_全網指定時段_小鎮資訊,,,子聯播網,6,6,0,6,0.00%,100.00%
20260126,19,蔡瑞文,300,樂透彩幸運發財網,9470,MW-置底-樂透幸運發財網,antifroud,知名媒體,,50,50,50,0,100.00%,0.00%
20260126,19,高政德,1015,小鎮資訊,9597,(子)CF_300x600_全網指定時段_小鎮資訊,,,子聯播網,15,15,0,15,0.00%,100.00%
20260126,20,英屬維京群島商浩美數位有限公司台灣分公司,2315,Teepr亮新聞-exchange,10012,CF_336x280Banner_Teepr亮新聞-exchange,,知名媒體,,911,911,892,19,97.91%,2.09%
20260126,20,第一網站股份有限公司,2300,keketravel,10594,(子)CF_336x280_keketravel,,,子聯播網,75,75,72,3,96.00%,4.00%
20260126,20,昱得資訊工作室,2528,數位書香,11080,CF_728x90_首頁上方_數位書香,antifroud,,,32,32,29,3,90.62%,9.38%
20260126,20,昱得資訊工作室,2528,數位書香,11081,CF_160x600_首頁右側_數位書香,antifroud,,,710,710,707,3,99.58%,0.42%
20260126,20,第一網站股份有限公司,2518,麻辣家族討論區(twbts),11082,CF-728X90-twbts,antifroud,,,150,150,145,5,96.67%,3.33%
20260126,20,第一網站股份有限公司,2492,ttshow,11273,MW-300X250-ttshow,,知名媒體,,18,18,11,7,61.11%,38.89%
20260126,20,第一網站股份有限公司,2601,Meme梗圖倉庫,11443,CF-336X280-meme,,,,209,209,187,22,89.47%,10.53%
20260126,20,第一網站股份有限公司,2540,risu短網址,12496,CF_300x250_popup(直播) _risu短網址,antifroud,知名媒體,,42,42,42,0,100.00%,0.00%
20260126,20,時報資訊股份有限公司,2770,中時電子報_HB,12559,CF_300x250_右側互動看版_中時電子報_HB,,知名媒體,,95,95,67,28,70.53%,29.47%
20260126,20,時報資訊股份有限公司,2770,中時電子報_HB,12560,CF_336x280_文中看板_中時電子報_HB,,知名媒體,,85,85,60,25,70.59%,29.41%
20260126,20,時報資訊股份有限公司,2770,中時電子報_HB,12561,MW_300x250_內頁TOP Banner_中時電子報_HB,antifroud,知名媒體,,625,625,595,30,95.20%,4.80%
20260126,20,第一網站股份有限公司,2768,czbooks,12570,CF_728x90_banner_czbooks,,,,"58,637","58,637","39,608","19,029",67.55%,32.45%
20260126,20,鳳梨傳媒股份有限公司,2190,民視新聞網-Exchange,12579,CF_300x250_右側第一塊_民視新聞網-Exchange(RWD)(MCM),,知名媒體,,"5,325","5,325","5,219",106,98.01%,1.99%
20260126,20,鳳梨傳媒股份有限公司,2190,民視新聞網-Exchange,12580,CF_300x250_內文文中左側_民視新聞網-Exchange(RWD)(MCM),,知名媒體,,"5,007","5,005","4,832",173,96.54%,3.46%
20260126,20,第一網站股份有限公司,2783,漫畫櫃manhuagui,12676,CF_728X90_manhuagui,antifroud,,,"63,606","63,606","53,421","10,185",83.99%,16.01%
20260126,20,艾得基客行銷顧問股份有限公司,2635,工商時報,12761,MW_320x480_文中創意_工商時報new,,知名媒體,,265,265,256,9,96.60%,3.40%
20260126,20,金隼行銷股份有限公司,2786,91譜,12792,MW_置底創意_91譜,,知名媒體,,6,6,4,2,66.67%,33.33%
20260126,20,第一網站股份有限公司,2801,damanwoo,12868,CF-300x250_Banner_damanwoo_大人物,,,,42,42,42,0,100.00%,0.00%
20260126,20,永悅健康股份有限公司,2813,早安樂活,12927,MW_置底創意(非展開)_早安樂活,,知名媒體,,30,30,30,0,100.00%,0.00%
20260126,20,第一網站股份有限公司,2820,星座好朋友(horofriend88),12966,MW_320x100_horofriend88,antifroud,,,58,58,53,5,91.38%,8.62%
20260126,20,第一網站股份有限公司,2836,vivi01,13032,MW_置底創意_vivi01 ViVi視頻,,,,6,6,6,0,100.00%,0.00%
20260126,20,第一網站股份有限公司,2862,Manhuaren,13254,MW_320x100_banner_manhuaren,,,,6,6,3,3,50.00%,50.00%
20260126,20,譚謹恩,2885,Mr. & Mrs. Diary-exchange,13406,MW_300x250_內文文中-Mr. & Mrs. Diary-exchange,,,,9,9,6,3,66.67%,33.33%
20260126,20,曾憲敏,202,85小說網,13445,MW_336X280_全量1_85小說網,,,,848,848,638,210,75.24%,24.76%
20260126,20,曾憲敏,202,85小說網,13446,MW_336X280_全量2_85小說網,,,,"6,209","6,209","4,937","1,272",79.51%,20.49%
20260126,20,曾憲敏,601,85小說網_PC,13450,(子)CF_336x280_全量2_85小說網,,,子聯播網,230,230,147,83,63.91%,36.09%
20260126,20,第一網站股份有限公司,2768,czbooks,13481,MW_300x250_banner_czbooks,antifroud,,子聯播網,"212,617","212,617","118,432","94,185",55.70%,44.30%
20260126,20,第一網站股份有限公司,2768,czbooks,13482,(子)CF_300x600_banner_czbooks(限時段),,,子聯播網,"59,726","59,726","37,659","22,067",63.05%,36.95%
20260126,20,第一網站股份有限公司,2768,czbooks,13483,(子)CF_970x250_banner_czbooks(限時段),,,子聯播網,"65,734","65,734","39,350","26,384",59.86%,40.14%
20260126,20,第一網站股份有限公司,2910,clickme,13548,(子)CF_300x250_banner_clickme(一般),,,子聯播網,"1,243","1,243",960,283,77.23%,22.77%
20260126,20,第一網站股份有限公司,2910,clickme,13549,CF_300x250_banner_clickme(一般),,,,235,235,184,51,78.30%,21.70%
20260126,20,第一網站股份有限公司,2916,KiKiNote,13576,(子)CF_300x250_banner_kikinote,,知名媒體,子聯播網,"2,165","2,165","1,941",224,89.65%,10.35%
20260126,20,闇碼科技股份有限公司,2992,縮短網址產生器-reurl-exchange,13848,CF_300x250_轉址失敗_最右邊_reurl,,知名媒體,,12,12,9,3,75.00%,25.00%
20260126,20,闇碼科技股份有限公司,2992,縮短網址產生器-reurl-exchange,13856,CF_300x250_轉址失敗頁第二塊_reurl,,知名媒體,,18,18,9,9,50.00%,50.00%
20260126,20,闇碼科技股份有限公司,2992,縮短網址產生器-reurl-exchange,13858,CF_300x250_網址下方左側_reurl,,知名媒體,,24,24,15,9,62.50%,37.50%
20260126,20,闇碼科技股份有限公司,2992,縮短網址產生器-reurl-exchange,13860,CF_300x250_網址下方右側_reurl,,知名媒體,,32,32,16,16,50.00%,50.00%
20260126,20,闇碼科技股份有限公司,2992,縮短網址產生器-reurl-exchange,13861,CF_300x250_網址下方右側(PB)_reurl,,知名媒體,,"2,978","2,978",27,"2,951",0.91%,99.09%
20260126,20,第一網站股份有限公司,2768,czbooks,13903,(子)CF_300x250_banner_czbooks(直播),antifroud,,子聯播網,"260,185","260,185","139,709","120,476",53.70%,46.30%
20260126,20,第一網站股份有限公司,2783,漫畫櫃manhuagui,13904,(子)CF_300x250_banner_manhuagui(直播),antifroud,,子聯播網,"176,516","176,516","144,521","31,995",81.87%,18.13%
20260126,20,第一網站股份有限公司,2768,czbooks,14036,MW_320x480_CZBOOKS,antifroud,,,87,87,55,32,63.22%,36.78%
20260126,20,陳人鳳,480,飛格寵物家族_PC,1407,CF-728X90_上方通欄_飛格寵物家族,,,,18,18,13,5,72.22%,27.78%
20260126,20,陳人鳳,480,飛格寵物家族_PC,1408,CF-300X250_內文_飛格寵物家族,,,,52,52,27,25,51.92%,48.08%
20260126,20,飛凡傳播股份有限公司,1921,非凡新聞台-exchange,14188,MW_300x250_內文上方_非凡新聞-exchange,antifroud,知名媒體,,6,6,6,0,100.00%,0.00%
20260126,20,飛凡傳播股份有限公司,1921,非凡新聞台-exchange,14189,CF_300x600_右側下方_非凡新聞-exchange,antifroud,知名媒體,,6,6,5,1,83.33%,16.67%
20260126,20,闇碼科技股份有限公司,3048,縮短網址產生器-reurl,14210,MW_文中創意300x250_縮短網址產生器-reurl,,知名媒體,,"3,231","3,231",241,"2,990",7.46%,92.54%
20260126,20,巨思文化股份有限公司,3052,經理人_HB,14238,MW_文章結束第一塊_300x250_經理人-HB,,知名媒體,,12,12,12,0,100.00%,0.00%
20260126,20,巨思文化股份有限公司,3052,經理人_HB,14241,MW_300x250_內文下方_經理人-HB,,知名媒體,,12,12,12,0,100.00%,0.00%
20260126,20,富盈數據股份有限公司,3059,塔科女子,14258,CF_336x280_全網_塔科女子,,知名媒體,,552,552,521,31,94.38%,5.62%
20260126,20,CBROOT LTD,3003,包子漫畫-exchange,14291,MW_300x250_蓋板(PB)_包子漫畫,,,,560,560,499,61,89.11%,10.89%
20260126,20,朱光宁,3152,石頭小說-exchange,14472,MW_336x280_Banner_石頭小說,,,,"6,148","6,148","3,371","2,777",54.83%,45.17%
20260126,20,朱光宁,3149,稷下書院-exchange,14748,MW_320x100_置底(PB)_稷下書院,,,,"33,052","33,052","18,032","15,020",54.56%,45.44%
20260126,20,巨思文化股份有限公司,3053,數位時代_HB,14764,MW_置底創意_(非展開)_數位時代_HB,,知名媒體,,48,48,44,4,91.67%,8.33%
20260126,20,中天電視股份有限公司,3282,中天新聞網-exchange,14980,CF_970x250_內頁_PC置頂橫幅-中天新聞網-exchange,,知名媒體,,278,278,217,61,78.06%,21.94%
20260126,20,CBROOT LTD,3305,包子漫畫NEW-exchange,15145,(子)CF_970x250_指定流量Banner_包子漫畫(kukuc.co),antifroud,,子聯播網,"1,751","1,751","1,736",15,99.14%,0.86%
20260126,20,曾憲敏,3327,85小說網_創意,15227,MW-300X250_85小說網_隨身影音PB,,,,6,6,6,0,100.00%,0.00%
20260126,20,曾憲敏,3327,85小說網_創意,15228,MW-創意-85小說網,,,,44,44,29,15,65.91%,34.09%
20260126,20,中天電視股份有限公司,3282,中天新聞網-exchange,15859,CF_336x280_內頁_PC右側互動看板B-中天新聞網-exchange,,知名媒體,,413,411,331,80,80.54%,19.46%
20260126,20,CBROOT LTD,3352,西瓜卡通-exchange,15969,CF_728x90_影音內容_西瓜卡通-exchange,,,,86,86,86,0,100.00%,0.00%
20260126,20,CBROOT LTD,3352,西瓜卡通-exchange,15970,CF_160x600_影音內容_西瓜卡通-exchange,,,,441,441,430,11,97.51%,2.49%
20260126,20,時報資訊股份有限公司,2817,旺得富,16910,CF_300x250_Billboard_1s_旺得富,,知名媒體,,30,30,26,4,86.67%,13.33%
20260126,20,時報資訊股份有限公司,2817,旺得富,16911,CF_300x250_Billboard_2nd_旺得富,,知名媒體,,55,55,55,0,100.00%,0.00%
20260126,20,葉志斌,2745,繁中寶可夢卡表生成器-奶爸工作室-exchange,16950,CF_160x600_Banner_繁中寶可夢卡表生成器-奶爸工作室-exchange,,,,6,6,6,0,100.00%,0.00%
20260126,20,葉志斌,2745,繁中寶可夢卡表生成器-奶爸工作室-exchange,16951,CF_300x600_Banner_繁中寶可夢卡表生成器-奶爸工作室-exchange,,,,213,213,212,1,99.53%,0.47%
20260126,20,朱光宁,3360,提莫書屋-exchange,16957,MW_336x280banner_提莫書屋_exchange,,,,"21,155","21,155","15,410","5,745",72.84%,27.16%
20260126,20,朱光宁,3361,提莫書屋-mobile,16959,MW_320x480_文中創意_提莫書屋-mobile,,,,124,124,98,26,79.03%,20.97%
20260126,20,朱光宁,3149,稷下書院-exchange,17003,(子)CF_336x280_Banner(指定流量)_稷下書院-exchange,,,子聯播網,"7,803","7,803","3,546","4,257",45.44%,54.56%
20260126,20,第一網站股份有限公司,2783,漫畫櫃manhuagui,17027,MW_320x480_蓋版_漫畫櫃manhuagui,,,,18,18,15,3,83.33%,16.67%
20260126,20,朱光宁,3149,稷下書院-exchange,17095,(子)MW_336x280_Banner_稷下書院-exchange,antifroud,,,"26,857","26,857","11,621","15,236",43.27%,56.73%
20260126,20,詠勝科技有限公司,3385,Mobile01_HB,17174,CF_970x250_超級橫幅_置底_Mobile01_HB,,知名媒體,,12,12,12,0,100.00%,0.00%
20260126,20,詠勝科技有限公司,3385,Mobile01_HB,17178,CF_300x250_頻道頁_大看板_Mobile01_HB,,知名媒體,,286,286,246,40,86.01%,13.99%
20260126,20,詠勝科技有限公司,3385,Mobile01_HB,17179,CF_300x250_熱門大看板_Mobile01_HB,,知名媒體,,"12,789","12,789","10,170","2,619",79.52%,20.48%
20260126,20,詠勝科技有限公司,3385,Mobile01_HB,17183,CF_300x600_大摩天_Mobile01_HB,,知名媒體,,"6,463","6,463","5,501",962,85.12%,14.88%
20260126,20,朱光宁,3268,稷下書院-mobile,17207,MW_320x480_蓋版_稷下書院-mobile,,,,618,618,377,241,61.00%,39.00%
20260126,20,中華電視股份有限公司,3389,華視-mobile,17230,MW_置底創意(非展開)_華視-mobile,,知名媒體,,12,12,12,0,100.00%,0.00%
20260126,20,李立娟,3395,vivi0視頻-exchange,17293,CF_336x280_Banner_vivi01視頻-exchange,antifroud,,,"35,015","35,015","32,659","2,356",93.27%,6.73%
20260126,20,李立娟,3395,vivi0視頻-exchange,17294,MW_336x280_Banner_vivi01視頻-exchange,antifroud,,,"25,872","25,872","24,094","1,778",93.13%,6.87%
20260126,20,李立娟,3397,趣聞圖說-exchange,17297,(子)MW_336x280_Banner_趣聞圖說-exchange,antifroud,,,"112,472","112,472","99,494","12,978",88.46%,11.54%
20260126,20,李立娟,3395,vivi0視頻-exchange,17299,MW_300x250_蓋板(PB)-vivi01視頻-exchange,,,,52,52,50,2,96.15%,3.85%
20260126,20,李立娟,3395,vivi0視頻-exchange,17300,MW_320x100_置底(PB)_vivi01視頻-exchange,antifroud,,,"1,059","1,059","1,007",52,95.09%,4.91%
20260126,20,李立娟,3397,趣聞圖說-exchange,17309,MW_336x280_文中Banner_趣聞圖說-exchange,,,,6,6,4,2,66.67%,33.33%
20260126,20,曾憲敏,601,85小說網_PC,1773,CF-300x250_85小說網_內文1,,,,274,274,176,98,64.23%,35.77%
20260126,20,第一網站股份有限公司,2768,czbooks,17927,MW_置底創意_czbook,,,,"3,790","3,790","2,190","1,600",57.78%,42.22%
20260126,20,第一網站股份有限公司,3420,ftvnews,17970,MW_300x250_內文_ftvnews,,知名媒體,,18,18,18,0,100.00%,0.00%
20260126,20,時報資訊股份有限公司_工商時報,3427,工商時報-exchange,18003,CF_300x250_互動看板2_工商時報-exchange,,知名媒體,,24,24,19,5,79.17%,20.83%
20260126,20,時報資訊股份有限公司_工商時報,3427,工商時報-exchange,18014,MW_300x250_文末Banner1_工商時報-exchange,,知名媒體,,95,95,87,8,91.58%,8.42%
20260126,20,時報資訊股份有限公司_工商時報,3427,工商時報-exchange,18015,MW_300x250_文末Banner2_工商時報-exchange,,知名媒體,,120,120,109,11,90.83%,9.17%
20260126,20,第一網站股份有限公司,3440,fsa_passback_first,18202,CF_300x250_fsa_passback_first,,,,285,285,267,18,93.68%,6.32%
20260126,20,第一網站股份有限公司,3440,fsa_passback_first,18266,(子)CF_970x250_cfbanner_blog,,,子聯播網,639,639,635,4,99.37%,0.63%
20260126,20,莊博凱,3455,夢遊電玩,18269,300x250 Banner,,,,18,18,15,3,83.33%,16.67%
20260126,20,朱光宁,3268,稷下書院-mobile,18297,MW_置底創意(展開)_稷下書院-mobile,,,,228,228,132,96,57.89%,42.11%
20260126,20,冰楓科技有限公司,3485,冰楓論壇-exchange,18487,CF_970x90_內文上方第一塊_冰楓論壇-exchange,,,,"1,395","1,393","1,204",189,86.43%,13.57%
20260126,20,冰楓科技有限公司,3485,冰楓論壇-exchange,18488,MW_320x100_內文上方第一塊_ 冰楓論壇-exchange,antifroud,,,12,12,10,2,83.33%,16.67%
20260126,20,冰楓科技有限公司,3485,冰楓論壇-exchange,18492,MW_300x250_Banner_ 冰楓論壇-exchange,,,,549,549,478,71,87.07%,12.93%
20260126,20,CBROOT LTD,3492,包子漫畫(特開流量)-exchange,18544,(子)CF_300x600_指定流量_包子漫畫(特開流量)-exchange,,,子聯播網,"27,616","27,616","24,074","3,542",87.17%,12.83%
20260126,20,CBROOT LTD,3492,包子漫畫(特開流量)-exchange,18545,(子)CF_970x250_指定時段_包子漫畫(特開流量)-exchange,,,子聯播網,"195,527","195,527","179,742","15,785",91.93%,8.07%
20260126,20,CBROOT LTD,3492,包子漫畫(特開流量)-exchange,18546,(子)CF_300x250_指定時段_包子漫畫(特開流量)-exchange,,,子聯播網,"450,247","450,247","398,780","51,467",88.57%,11.43%
20260126,20,CBROOT LTD,3510,包子漫畫_twmanga-exchange,18732,MW_336x280_Banner_包子漫畫_twmanga,,,子聯播網,"93,229","93,229","65,975","27,254",70.77%,29.23%
20260126,20,CBROOT LTD,3510,包子漫畫_twmanga-exchange,18735,CF_336x280_Banner_包子漫畫_twmanga-exchange,,,,230,230,170,60,73.91%,26.09%
20260126,20,CBROOT LTD,3510,包子漫畫_twmanga-exchange,18736,CF_970x250_ 包子漫畫_twmanga-exchange,,,,"2,293","2,293","1,720",573,75.01%,24.99%
20260126,20,第一網站股份有限公司,3516,ezneering,18756,(子)CF_300x250_Banner_ezneering,,,子聯播網,6,6,6,0,100.00%,0.00%
20260126,20,台灣英文新聞股份有限公司,3537,台灣英文新聞(new)-exchange,18924,CF_300x250_內容頁_右側看版_1_台灣英文新聞(new)-exchange,,知名媒體,,158,158,116,42,73.42%,26.58%
20260126,20,台灣英文新聞股份有限公司,3537,台灣英文新聞(new)-exchange,18925,CF_300x600_內容頁_右側看版_2_台灣英文新聞(new)-exchange,,知名媒體,,82,82,39,43,47.56%,52.44%
20260126,20,艾得基客行銷顧問股份有限公司,3373,良醫健康網,19009,MW_蓋板_良醫健康網,,知名媒體,,6,6,6,0,100.00%,0.00%
20260126,20,艾得基客行銷顧問股份有限公司,3373,良醫健康網,19010,MW_300x250_文中_良醫健康網,,知名媒體,,6,6,4,2,66.67%,33.33%
20260126,20,聯合線上股份有限公司,3549,UDN元氣網,19018,CF_首頁文章推薦第三格300x250_UDN元氣網,,知名媒體,,6,6,6,0,100.00%,0.00%
20260126,20,艾得基客行銷顧問股份有限公司,3552,玩具人,19044,MW_320x480_文中創意_玩具人,,知名媒體,,151,151,140,11,92.72%,7.28%
20260126,20,先驅媒體社會企業股份有限公司,3554,新頭殼(R18),19047,(子)CF_300x250Banner_newtalk.tw_content_300250_1_新頭殼(R18),,知名媒體,子聯播網,12,12,10,2,83.33%,16.67%
20260126,20,第一網站股份有限公司,2783,漫畫櫃manhuagui,20685,MW_300X250_manhuagui,antifroud,,,"3,244","3,244","2,999",245,92.45%,7.55%
20260126,20,德榕企業有限公司,3578,TW Bodhi_mobile,20707,MW_置底創意_TW Bodhi,,,,42,42,42,0,100.00%,0.00%
20260126,20,德榕企業有限公司,3578,TW Bodhi_mobile,20708,MW_蓋板_TW Bodhi,,,,736,736,735,1,99.86%,0.14%
20260126,20,德榕企業有限公司,3581,忘憂書屋,20727,CF_336x280文章頁(RWD)_忘憂書屋,,,,130,130,130,0,100.00%,0.00%
20260126,20,德榕企業有限公司,3582,忘憂書屋_mobile,20728,MW_文中創意300x250_忘憂書屋,,,,7,7,7,0,100.00%,0.00%
20260126,20,德榕企業有限公司,3582,忘憂書屋_mobile,20729,MW_蓋板_忘憂書屋,,,,6,6,6,0,100.00%,0.00%
20260126,20,德榕企業有限公司,3582,忘憂書屋_mobile,20730,MW_置底創意_忘憂書屋,,,,54,54,54,0,100.00%,0.00%
20260126,20,第一網站股份有限公司,2910,clickme,20735,(子)CF_300x250_banner_clickme(成人),,,子聯播網,"13,442","13,442","11,358","2,084",84.50%,15.50%
20260126,20,朱光宁,3269,石頭小說-mobile,21741,MW_320x480_蓋版_石頭小說-mobile,antifroud,,,6,6,2,4,33.33%,66.67%
20260126,20,富盈數據股份有限公司,3653,TVBS-女人我最大_HB,21760,MW_文章三_336x280_TVBS-女人我最大_HB,,知名媒體,,158,158,156,2,98.73%,1.27%
20260126,20,富盈數據股份有限公司,3653,TVBS-女人我最大_HB,21761,MW_文章四_336x280_TVBS-女人我最大_HB,,知名媒體,,958,958,930,28,97.08%,2.92%
20260126,20,富盈數據股份有限公司,3653,TVBS-女人我最大_HB,21763,MW_文中創意320x480_TVBS-女人我最大_HB,,知名媒體,,"1,170","1,170","1,149",21,98.21%,1.79%
20260126,20,富盈數據股份有限公司,3654,TVBS-健康2.0_HB,21768,MW_文中創意320x480_TVBS-健康2.0_HB,,知名媒體,,"1,551","1,551","1,499",52,96.65%,3.35%
20260126,20,富盈數據股份有限公司,3655,TVBS-食尚玩家_HB,21770,MW_文章三_336x280_TVBS-食尚玩家_HB,,知名媒體,,682,682,640,42,93.84%,6.16%
20260126,20,富盈數據股份有限公司,3655,TVBS-食尚玩家_HB,21771,MW_文章四_336x280_TVBS-食尚玩家_HB,,知名媒體,,6,6,5,1,83.33%,16.67%
20260126,20,富盈數據股份有限公司,3655,TVBS-食尚玩家_HB,21772,MW_文章置底_320x100_TVBS-食尚玩家_HB,,知名媒體,,24,24,22,2,91.67%,8.33%
20260126,20,富盈數據股份有限公司,3655,TVBS-食尚玩家_HB,21773,MW_文中創意320x480_TVBS-食尚玩家_HB,,知名媒體,,920,920,829,91,90.11%,9.89%
20260126,20,富盈數據股份有限公司,3653,TVBS-女人我最大_HB,21803,MW_文章一_336x280_TVBS-女人我最大_HB,,知名媒體,,12,12,12,0,100.00%,0.00%
20260126,20,先驅媒體社會企業股份有限公司,3554,新頭殼(R18),21831,(子)CF_300x250Banner_newtalk.tw_all_300250_2_新頭殼(R18),,知名媒體,子聯播網,6,6,3,3,50.00%,50.00%
20260126,20,先驅媒體社會企業股份有限公司,3554,新頭殼(R18),21839,ＭＷ_336x280Banner_newtalk.tw_mobile_all_336280_2_新頭殼(R18),antifroud,知名媒體,,164,164,161,3,98.17%,1.83%
20260126,20,儂儂雜誌社股份有限公司(bella儂儂),2135,Bella儂儂_2024,21876,MW-300x250_文章標題上方1_Bella儂儂,,知名媒體,,"1,018","1,018",982,36,96.46%,3.54%
20260126,20,富盈數據股份有限公司,3680,TVBS-新聞網_HB,21898,CF_文章右側300x600_TVBS-新聞網_HB,,知名媒體,,58,58,57,1,98.28%,1.72%
20260126,20,富盈數據股份有限公司,3680,TVBS-新聞網_HB,21899,MW_文章一_336x280_TVBS-新聞網_HB,,知名媒體,,"2,729","2,729","2,543",186,93.18%,6.82%
20260126,20,富盈數據股份有限公司,3680,TVBS-新聞網_HB,21900,MW_文章三_336x280_TVBS-新聞網_HB,,知名媒體,,153,153,148,5,96.73%,3.27%
20260126,20,富盈數據股份有限公司,3680,TVBS-新聞網_HB,21902,MW_文章置底_320x100_TVBS-新聞網_HB,,知名媒體,,"2,035","2,035","1,940",95,95.33%,4.67%
20260126,20,富盈數據股份有限公司,3684,稅美人_mobile,21923,MW_置底創意(非展開)_稅美人-mobile,,,,"3,544","3,544","2,081","1,463",58.72%,41.28%
20260126,20,富盈數據股份有限公司,3685,玩桌遊_mobile,21924,MW_置底創意(非展開)_玩桌遊-mobile,,,,549,549,417,132,75.96%,24.04%
20260126,20,富盈數據股份有限公司,2615,熱血台中,21986,CF_336x280_全網_熱血台中,,,,146,146,139,7,95.21%,4.79%
20260126,20,富盈數據股份有限公司,2615,熱血台中,21987,CF_336x280_全網_熱血台中,,,,116,116,111,5,95.69%,4.31%
20260126,20,富盈數據股份有限公司,3703,繁體小說,22022,MW_置底創意(非展開)_繁體小說-mobile,,,,6,6,5,1,83.33%,16.67%
20260126,20,富盈數據股份有限公司,3704,天天要聞,22030,CF_300 x 250 banner_天天要聞_cpc2,,,,"4,883","4,883","2,532","2,351",51.85%,48.15%
20260126,20,富盈數據股份有限公司,3703,繁體小說,22031,CF_300 x 250 banner_繁體小說_cpc2,,,,248,248,181,67,72.98%,27.02%
20260126,20,朱光宁,3708,石頭小說,22045,CF_336 x 280 banner_石頭小說_cpc1.67,antifroud,,,"299,664","299,664","153,029","146,635",51.07%,48.93%
20260126,20,朱光宁,3718,稷下書院2,22093,CF_336 x 280 banner_稷下書院2_cpc1.67,antifroud,,,"231,508","231,508","115,050","116,458",49.70%,50.30%
20260126,20,艾得基客行銷顧問股份有限公司,3719,遠見雜誌,22105,MW_蓋板_遠見_遠見雜誌,,知名媒體,,6,6,6,0,100.00%,0.00%
20260126,20,富盈數據股份有限公司,3680,TVBS-新聞網_HB,22131,CF_文中300x250_TVBS-新聞網_HB_1,,知名媒體,,62,62,60,2,96.77%,3.23%
20260126,20,富盈數據股份有限公司,3680,TVBS-新聞網_HB,22132,CF_文中300x250_TVBS-新聞網_HB_2,,知名媒體,,462,462,448,14,96.97%,3.03%
20260126,20,富盈數據股份有限公司,3680,TVBS-新聞網_HB,22133,CF_文中300x250_TVBS-新聞網_HB_3,,知名媒體,,"1,120","1,120","1,038",82,92.68%,7.32%
20260126,20,富盈數據股份有限公司,3730,Teepr 亮新聞 HB,22145,MW_336x280_文中創意_Teepr亮新聞 HB,,,,6,6,6,0,100.00%,0.00%
20260126,20,闇碼科技股份有限公司,3048,縮短網址產生器-reurl,22213,MW_蓋版_縮短網址產生器-reurl-2025.05(特殊供量),,知名媒體,,"3,166","3,165",189,"2,976",5.97%,94.03%
20260126,20,艾得基客行銷顧問股份有限公司,3724,上報,22217,MW_置底創意(非展開)_上報,,知名媒體,,824,824,806,18,97.82%,2.18%
20260126,20,艾得基客行銷顧問股份有限公司,3724,上報,22218,MW_置底(展開)_上報,,知名媒體,,564,564,557,7,98.76%,1.24%
20260126,20,艾得基客行銷顧問股份有限公司,2689,Basketball Top5,22219,MW_置底(展開)_Basketball TOP5,,,,72,72,71,1,98.61%,1.39%
20260126,20,朱光宁,3741,石頭小說3,22398,CF_336 x 280 banner_石頭小說3_cpc1.67,,,,"24,978","24,976","13,373","11,603",53.54%,46.46%
20260126,20,艾得基客行銷顧問股份有限公司,3724,上報,22405,MW_蓋版_上報,,知名媒體,,34,34,34,0,100.00%,0.00%
20260126,20,闇碼科技股份有限公司,3068,限時圖片-imgus,22406,MW_置底_imgus,antifroud,,,807,807,806,1,99.88%,0.12%
20260126,20,第一網站股份有限公司,2783,漫畫櫃manhuagui,22443,MW_置底_manhuagui,antifroud,,,"2,155","2,155","2,032",123,94.29%,5.71%
20260126,20,艾得基客行銷顧問股份有限公司,2689,Basketball Top5,22498,MW_300x250 Banner_Basketball TOP5_CPM5,,,子聯播網,284,284,281,3,98.94%,1.06%
20260126,20,艾得基客行銷顧問股份有限公司,2578,鉅亨網,22507,MW_300x250_鉅亨網_直播用BN-1,,知名媒體,子聯播網,"5,027","5,027","4,936",91,98.19%,1.81%
20260126,20,艾得基客行銷顧問股份有限公司,3724,上報,22512,MW_300x250_上報_直播用BN-3,,知名媒體,子聯播網,6,6,6,0,100.00%,0.00%
20260126,20,艾得基客行銷顧問股份有限公司,3752,ＭoneyDJ,22514,MW_文中創意320x480_MoneyDJ,antifroud,知名媒體,,84,84,78,6,92.86%,7.14%
20260126,20,李承翰-webptt,718,Web批踢踢(RWD),2284,MW-蓋板_文中_Web批踢踢,antifroud,,,12,12,8,4,66.67%,33.33%
20260126,20,麥智維,999,動漫戲說,3543,CF-728*90-內文上方-動漫戲說,antifroud,,,68,68,45,23,66.18%,33.82%
20260126,20,麥智維,999,動漫戲說,3544,CF-728*90-列表上方-動漫戲說,,,,6,6,5,1,83.33%,16.67%
20260126,20,陈晋福,1367,電視超人,4997,CF-300X250-電視超人,,,,54,54,54,0,100.00%,0.00%
20260126,20,麥智維,999,動漫戲說,6069,CF-300*250-首頁-動漫戲說,,,,122,122,98,24,80.33%,19.67%
20260126,20,精鏡傳媒股份有限公司,1060,鏡週刊,8250,MW_置底創意(非展開)_鏡週刊,,知名媒體,,30,30,29,1,96.67%,3.33%
20260126,20,布林遊國際有限公司,1692,Bring You,8393,CF-300X250-上方通欄右側_BringYou,,知名媒體,,8,8,8,0,100.00%,0.00%
20260126,20,巧克科技新媒體股份有限公司,2127,LINE TV_Banner-exchange,8576,CF_336x280_戲劇-右側好康資訊下方_LINE TV-exchange,,知名媒體,,44,44,41,3,93.18%,6.82%
20260126,20,巧克科技新媒體股份有限公司,2127,LINE TV_Banner-exchange,8577,CF_336x280_戲劇-右側好康資訊上方_LINE TV-exchange,,知名媒體,,36,36,34,2,94.44%,5.56%
20260126,20,鳳梨傳媒股份有限公司,2190,民視新聞網-Exchange,8862,CF_970X90_分類新聞內頁上方_民視新聞(MCM),,知名媒體,,6,6,0,6,0.00%,100.00%
20260126,20,見聞科技有限公司,2251,就是節目表,9233,MW-300x250-節目表文中-就是節目表,,,,43,43,41,2,95.35%,4.65%
20260126,20,蔡瑞文,300,樂透彩幸運發財網,9470,MW-置底-樂透幸運發財網,antifroud,知名媒體,,42,42,42,0,100.00%,0.00%
20260126,20,巧克科技新媒體股份有限公司,2127,LINE TV_Banner-exchange,9788,CF_970x250_首頁-戲劇列表第一塊_LINE TV-exchange,,知名媒體,,6,6,6,0,100.00%,0.00%
20260126,21,英屬維京群島商浩美數位有限公司台灣分公司,2315,Teepr亮新聞-exchange,10012,CF_336x280Banner_Teepr亮新聞-exchange,,知名媒體,,"1,052","1,052","1,030",22,97.91%,2.09%
20260126,21,第一網站股份有限公司,2300,keketravel,10594,(子)CF_336x280_keketravel,,,子聯播網,66,66,60,6,90.91%,9.09%
20260126,21,昱得資訊工作室,2528,數位書香,11080,CF_728x90_首頁上方_數位書香,antifroud,,,60,60,56,4,93.33%,6.67%
20260126,21,昱得資訊工作室,2528,數位書香,11081,CF_160x600_首頁右側_數位書香,antifroud,,,846,846,846,0,100.00%,0.00%
20260126,21,第一網站股份有限公司,2518,麻辣家族討論區(twbts),11082,CF-728X90-twbts,antifroud,,,181,181,172,9,95.03%,4.97%
20260126,21,第一網站股份有限公司,2540,risu短網址,11260,MW-300X250-MB_page_left-risu,,知名媒體,,6,6,6,0,100.00%,0.00%
20260126,21,第一網站股份有限公司,2492,ttshow,11273,MW-300X250-ttshow,,知名媒體,,12,12,11,1,91.67%,8.33%
20260126,21,第一網站股份有限公司,2601,Meme梗圖倉庫,11443,CF-336X280-meme,,,,160,160,148,12,92.50%,7.50%
20260126,21,葉志斌,2745,繁中寶可夢卡表生成器-奶爸工作室-exchange,12210,CF_728x90__文末__繁中寶可夢卡表生成器,,,,24,24,24,0,100.00%,0.00%
20260126,21,第一網站股份有限公司,2540,risu短網址,12496,CF_300x250_popup(直播) _risu短網址,antifroud,知名媒體,,14,14,12,2,85.71%,14.29%
20260126,21,第一網站股份有限公司,2768,czbooks,12570,CF_728x90_banner_czbooks,,,,"66,547","66,547","44,787","21,760",67.30%,32.70%
20260126,21,鳳梨傳媒股份有限公司,2190,民視新聞網-Exchange,12579,CF_300x250_右側第一塊_民視新聞網-Exchange(RWD)(MCM),,知名媒體,,"4,530","4,530","4,431",99,97.81%,2.19%
20260126,21,鳳梨傳媒股份有限公司,2190,民視新聞網-Exchange,12580,CF_300x250_內文文中左側_民視新聞網-Exchange(RWD)(MCM),,知名媒體,,"4,182","4,182","4,068",114,97.27%,2.73%
20260126,21,第一網站股份有限公司,2783,漫畫櫃manhuagui,12676,CF_728X90_manhuagui,antifroud,,,"82,939","82,939","69,423","13,516",83.70%,16.30%
20260126,21,艾得基客行銷顧問股份有限公司,2635,工商時報,12761,MW_320x480_文中創意_工商時報new,,知名媒體,,289,289,272,17,94.12%,5.88%
20260126,21,第一網站股份有限公司,2801,damanwoo,12868,CF-300x250_Banner_damanwoo_大人物,,,,12,12,12,0,100.00%,0.00%
20260126,21,永悅健康股份有限公司,2813,早安樂活,12927,MW_置底創意(非展開)_早安樂活,,知名媒體,,12,12,12,0,100.00%,0.00%
20260126,21,第一網站股份有限公司,2820,星座好朋友(horofriend88),12966,MW_320x100_horofriend88,antifroud,,,46,46,44,2,95.65%,4.35%
20260126,21,第一網站股份有限公司,2836,vivi01,13032,MW_置底創意_vivi01 ViVi視頻,,,,12,12,12,0,100.00%,0.00%
20260126,21,和運租車股份有限公司,2878,abc好車網,13368,CF_970x90_物件頁下方_abc好車網,,知名媒體,,6,6,3,3,50.00%,50.00%
20260126,21,曾憲敏,202,85小說網,13445,MW_336X280_全量1_85小說網,,,,788,788,580,208,73.60%,26.40%
20260126,21,曾憲敏,202,85小說網,13446,MW_336X280_全量2_85小說網,,,,"7,172","7,172","5,635","1,537",78.57%,21.43%
20260126,21,曾憲敏,601,85小說網_PC,13450,(子)CF_336x280_全量2_85小說網,,,子聯播網,370,370,246,124,66.49%,33.51%
20260126,21,第一網站股份有限公司,2768,czbooks,13481,MW_300x250_banner_czbooks,antifroud,,子聯播網,"230,708","230,708","129,068","101,640",55.94%,44.06%
20260126,21,第一網站股份有限公司,2768,czbooks,13482,(子)CF_300x600_banner_czbooks(限時段),,,子聯播網,"67,732","67,732","44,103","23,629",65.11%,34.89%
20260126,21,第一網站股份有限公司,2768,czbooks,13483,(子)CF_970x250_banner_czbooks(限時段),,,子聯播網,"75,078","75,078","46,082","28,996",61.38%,38.62%
20260126,21,第一網站股份有限公司,2910,clickme,13548,(子)CF_300x250_banner_clickme(一般),,,子聯播網,"2,279","2,279","1,699",580,74.55%,25.45%
20260126,21,第一網站股份有限公司,2910,clickme,13549,CF_300x250_banner_clickme(一般),,,,328,328,300,28,91.46%,8.54%
20260126,21,第一網站股份有限公司,2916,KiKiNote,13576,(子)CF_300x250_banner_kikinote,,知名媒體,子聯播網,"2,285","2,285","2,142",143,93.74%,6.26%
20260126,21,闇碼科技股份有限公司,2992,縮短網址產生器-reurl-exchange,13848,CF_300x250_轉址失敗_最右邊_reurl,,知名媒體,,6,6,5,1,83.33%,16.67%
20260126,21,闇碼科技股份有限公司,2992,縮短網址產生器-reurl-exchange,13856,CF_300x250_轉址失敗頁第二塊_reurl,,知名媒體,,12,12,5,7,41.67%,58.33%
20260126,21,闇碼科技股份有限公司,2992,縮短網址產生器-reurl-exchange,13858,CF_300x250_網址下方左側_reurl,,知名媒體,,12,12,10,2,83.33%,16.67%
20260126,21,闇碼科技股份有限公司,2992,縮短網址產生器-reurl-exchange,13860,CF_300x250_網址下方右側_reurl,,知名媒體,,24,24,22,2,91.67%,8.33%
20260126,21,闇碼科技股份有限公司,2992,縮短網址產生器-reurl-exchange,13861,CF_300x250_網址下方右側(PB)_reurl,,知名媒體,,150,150,26,124,17.33%,82.67%
20260126,21,第一網站股份有限公司,2768,czbooks,13903,(子)CF_300x250_banner_czbooks(直播),antifroud,,子聯播網,"296,168","296,168","160,203","135,965",54.09%,45.91%
20260126,21,第一網站股份有限公司,2783,漫畫櫃manhuagui,13904,(子)CF_300x250_banner_manhuagui(直播),antifroud,,子聯播網,"211,151","211,151","170,816","40,335",80.90%,19.10%
20260126,21,第一網站股份有限公司,2768,czbooks,14036,MW_320x480_CZBOOKS,antifroud,,,89,89,58,31,65.17%,34.83%
20260126,21,陳人鳳,480,飛格寵物家族_PC,1407,CF-728X90_上方通欄_飛格寵物家族,,,,6,6,3,3,50.00%,50.00%
20260126,21,陳人鳳,480,飛格寵物家族_PC,1408,CF-300X250_內文_飛格寵物家族,,,,94,94,58,36,61.70%,38.30%
20260126,21,飛凡傳播股份有限公司,1921,非凡新聞台-exchange,14188,MW_300x250_內文上方_非凡新聞-exchange,antifroud,知名媒體,,6,6,5,1,83.33%,16.67%
20260126,21,闇碼科技股份有限公司,3048,縮短網址產生器-reurl,14210,MW_文中創意300x250_縮短網址產生器-reurl,,知名媒體,,459,459,286,173,62.31%,37.69%
20260126,21,巨思文化股份有限公司,3052,經理人_HB,14241,MW_300x250_內文下方_經理人-HB,,知名媒體,,6,6,6,0,100.00%,0.00%
20260126,21,富盈數據股份有限公司,3059,塔科女子,14258,CF_336x280_全網_塔科女子,,知名媒體,,636,636,611,25,96.07%,3.93%
20260126,21,CBROOT LTD,3003,包子漫畫-exchange,14291,MW_300x250_蓋板(PB)_包子漫畫,,,,328,328,290,38,88.41%,11.59%
20260126,21,朱光宁,3152,石頭小說-exchange,14472,MW_336x280_Banner_石頭小說,,,,"7,583","7,583","4,311","3,272",56.85%,43.15%
20260126,21,朱光宁,3149,稷下書院-exchange,14748,MW_320x100_置底(PB)_稷下書院,,,,"36,261","36,253","20,225","16,028",55.79%,44.21%
20260126,21,巨思文化股份有限公司,3053,數位時代_HB,14764,MW_置底創意_(非展開)_數位時代_HB,,知名媒體,,121,121,104,17,85.95%,14.05%
20260126,21,中天電視股份有限公司,3282,中天新聞網-exchange,14980,CF_970x250_內頁_PC置頂橫幅-中天新聞網-exchange,,知名媒體,,448,448,379,69,84.60%,15.40%
20260126,21,CBROOT LTD,3305,包子漫畫NEW-exchange,15143,(子)CF_970x250_Banner(直播)_包子漫畫(kukuc.co),,,子聯播網,8,8,8,0,100.00%,0.00%
20260126,21,CBROOT LTD,3305,包子漫畫NEW-exchange,15145,(子)CF_970x250_指定流量Banner_包子漫畫(kukuc.co),antifroud,,子聯播網,"1,452","1,452","1,439",13,99.10%,0.90%
20260126,21,曾憲敏,3327,85小說網_創意,15227,MW-300X250_85小說網_隨身影音PB,,,,18,18,14,4,77.78%,22.22%
20260126,21,曾憲敏,3327,85小說網_創意,15228,MW-創意-85小說網,,,,20,20,16,4,80.00%,20.00%
20260126,21,中天電視股份有限公司,3282,中天新聞網-exchange,15859,CF_336x280_內頁_PC右側互動看板B-中天新聞網-exchange,,知名媒體,,659,659,557,102,84.52%,15.48%
20260126,21,CBROOT LTD,3352,西瓜卡通-exchange,15969,CF_728x90_影音內容_西瓜卡通-exchange,,,,30,30,28,2,93.33%,6.67%
20260126,21,CBROOT LTD,3352,西瓜卡通-exchange,15970,CF_160x600_影音內容_西瓜卡通-exchange,,,,280,280,275,5,98.21%,1.79%
20260126,21,時報資訊股份有限公司,2817,旺得富,16910,CF_300x250_Billboard_1s_旺得富,,知名媒體,,6,6,6,0,100.00%,0.00%
20260126,21,時報資訊股份有限公司,2817,旺得富,16911,CF_300x250_Billboard_2nd_旺得富,,知名媒體,,18,18,16,2,88.89%,11.11%
20260126,21,葉志斌,2745,繁中寶可夢卡表生成器-奶爸工作室-exchange,16950,CF_160x600_Banner_繁中寶可夢卡表生成器-奶爸工作室-exchange,,,,6,6,6,0,100.00%,0.00%
20260126,21,葉志斌,2745,繁中寶可夢卡表生成器-奶爸工作室-exchange,16951,CF_300x600_Banner_繁中寶可夢卡表生成器-奶爸工作室-exchange,,,,607,607,607,0,100.00%,0.00%
20260126,21,朱光宁,3360,提莫書屋-exchange,16957,MW_336x280banner_提莫書屋_exchange,,,,"23,285","23,284","17,389","5,895",74.68%,25.32%
20260126,21,朱光宁,3361,提莫書屋-mobile,16959,MW_320x480_文中創意_提莫書屋-mobile,,,,160,160,132,28,82.50%,17.50%
20260126,21,欣發現股份有限公司,3365,Hami任務牆-mobile,16969,MW_置底創意_Hami任務牆,,知名媒體,,6,6,4,2,66.67%,33.33%
20260126,21,欣發現股份有限公司,3364,女子學-mobile,16972,MW_置底創意_女子學,antifroud,,,47,47,34,13,72.34%,27.66%
20260126,21,欣發現股份有限公司,3363,大人物-mobile,16973,MW_置底創意_大人物,,知名媒體,,6,6,5,1,83.33%,16.67%
20260126,21,朱光宁,3149,稷下書院-exchange,17003,(子)CF_336x280_Banner(指定流量)_稷下書院-exchange,,,子聯播網,"7,808","7,799","3,480","4,319",44.62%,55.38%
20260126,21,第一網站股份有限公司,2820,星座好朋友(horofriend88),17026,MW_320x480_蓋版_星座好朋友(horofriend88),antifroud,,,6,6,6,0,100.00%,0.00%
20260126,21,第一網站股份有限公司,2783,漫畫櫃manhuagui,17027,MW_320x480_蓋版_漫畫櫃manhuagui,,,,18,18,16,2,88.89%,11.11%
20260126,21,艾得基客行銷顧問股份有限公司,3373,良醫健康網,17092,MW_置底創意_良醫健康網,,知名媒體,,30,30,26,4,86.67%,13.33%
20260126,21,朱光宁,3149,稷下書院-exchange,17095,(子)MW_336x280_Banner_稷下書院-exchange,antifroud,,,"27,339","27,335","12,329","15,006",45.10%,54.90%
20260126,21,詠勝科技有限公司,3385,Mobile01_HB,17174,CF_970x250_超級橫幅_置底_Mobile01_HB,,知名媒體,,32,32,27,5,84.38%,15.62%
20260126,21,詠勝科技有限公司,3385,Mobile01_HB,17178,CF_300x250_頻道頁_大看板_Mobile01_HB,,知名媒體,,204,204,166,38,81.37%,18.63%
20260126,21,詠勝科技有限公司,3385,Mobile01_HB,17179,CF_300x250_熱門大看板_Mobile01_HB,,知名媒體,,"17,830","17,830","13,956","3,874",78.27%,21.73%
20260126,21,詠勝科技有限公司,3385,Mobile01_HB,17183,CF_300x600_大摩天_Mobile01_HB,,知名媒體,,"6,872","6,872","5,683","1,189",82.70%,17.30%
20260126,21,朱光宁,3268,稷下書院-mobile,17207,MW_320x480_蓋版_稷下書院-mobile,,,,553,553,263,290,47.56%,52.44%
20260126,21,李立娟,3395,vivi0視頻-exchange,17293,CF_336x280_Banner_vivi01視頻-exchange,antifroud,,,"30,572","30,572","29,152","1,420",95.36%,4.64%
20260126,21,李立娟,3395,vivi0視頻-exchange,17294,MW_336x280_Banner_vivi01視頻-exchange,antifroud,,,"22,783","22,783","21,709","1,074",95.29%,4.71%
20260126,21,李立娟,3397,趣聞圖說-exchange,17297,(子)MW_336x280_Banner_趣聞圖說-exchange,antifroud,,,"126,593","126,558","116,107","10,451",91.74%,8.26%
20260126,21,李立娟,3395,vivi0視頻-exchange,17299,MW_300x250_蓋板(PB)-vivi01視頻-exchange,,,,140,140,125,15,89.29%,10.71%
20260126,21,李立娟,3395,vivi0視頻-exchange,17300,MW_320x100_置底(PB)_vivi01視頻-exchange,antifroud,,,571,571,533,38,93.35%,6.65%
20260126,21,李立娟,3397,趣聞圖說-exchange,17309,MW_336x280_文中Banner_趣聞圖說-exchange,,,,19,19,11,8,57.89%,42.11%
20260126,21,曾憲敏,601,85小說網_PC,1773,CF-300x250_85小說網_內文1,,,,417,417,263,154,63.07%,36.93%
20260126,21,第一網站股份有限公司,2768,czbooks,17927,MW_置底創意_czbook,,,,126,126,70,56,55.56%,44.44%
20260126,21,第一網站股份有限公司,3420,ftvnews,17970,MW_300x250_內文_ftvnews,,知名媒體,,6,6,6,0,100.00%,0.00%
20260126,21,時報資訊股份有限公司_工商時報,3427,工商時報-exchange,18003,CF_300x250_互動看板2_工商時報-exchange,,知名媒體,,18,18,14,4,77.78%,22.22%
20260126,21,時報資訊股份有限公司_工商時報,3427,工商時報-exchange,18014,MW_300x250_文末Banner1_工商時報-exchange,,知名媒體,,6,6,6,0,100.00%,0.00%
20260126,21,第一網站股份有限公司,3440,fsa_passback_first,18202,CF_300x250_fsa_passback_first,,,,91,91,74,17,81.32%,18.68%
20260126,21,第一網站股份有限公司,3440,fsa_passback_first,18266,(子)CF_970x250_cfbanner_blog,,,子聯播網,160,160,115,45,71.88%,28.12%
20260126,21,莊博凱,3455,夢遊電玩,18269,300x250 Banner,,,,52,52,46,6,88.46%,11.54%
20260126,21,朱光宁,3268,稷下書院-mobile,18297,MW_置底創意(展開)_稷下書院-mobile,,,,6,6,2,4,33.33%,66.67%
20260126,21,冰楓科技有限公司,3485,冰楓論壇-exchange,18487,CF_970x90_內文上方第一塊_冰楓論壇-exchange,,,,"1,550","1,550","1,320",230,85.16%,14.84%
20260126,21,冰楓科技有限公司,3485,冰楓論壇-exchange,18492,MW_300x250_Banner_ 冰楓論壇-exchange,,,,697,697,604,93,86.66%,13.34%
20260126,21,闇碼科技股份有限公司,3048,縮短網址產生器-reurl,18535,MW_蓋版_縮短網址產生器-reurl,,知名媒體,,12,12,11,1,91.67%,8.33%
20260126,21,CBROOT LTD,3492,包子漫畫(特開流量)-exchange,18544,(子)CF_300x600_指定流量_包子漫畫(特開流量)-exchange,,,子聯播網,"28,766","28,766","25,331","3,435",88.06%,11.94%
20260126,21,CBROOT LTD,3492,包子漫畫(特開流量)-exchange,18545,(子)CF_970x250_指定時段_包子漫畫(特開流量)-exchange,,,子聯播網,"204,330","204,330","189,156","15,174",92.57%,7.43%
20260126,21,CBROOT LTD,3492,包子漫畫(特開流量)-exchange,18546,(子)CF_300x250_指定時段_包子漫畫(特開流量)-exchange,,,子聯播網,"503,823","503,823","456,790","47,033",90.66%,9.34%
20260126,21,CBROOT LTD,3510,包子漫畫_twmanga-exchange,18732,MW_336x280_Banner_包子漫畫_twmanga,,,子聯播網,"105,889","105,889","75,833","30,056",71.62%,28.38%
20260126,21,CBROOT LTD,3510,包子漫畫_twmanga-exchange,18735,CF_336x280_Banner_包子漫畫_twmanga-exchange,,,,"1,397","1,397","1,279",118,91.55%,8.45%
20260126,21,CBROOT LTD,3510,包子漫畫_twmanga-exchange,18736,CF_970x250_ 包子漫畫_twmanga-exchange,,,,"2,621","2,621","2,200",421,83.94%,16.06%
20260126,21,台灣英文新聞股份有限公司,3537,台灣英文新聞(new)-exchange,18923,CF_300x600_列表頁_右側看版_台灣英文新聞(new)-exchange,,知名媒體,,6,6,0,6,0.00%,100.00%
20260126,21,台灣英文新聞股份有限公司,3537,台灣英文新聞(new)-exchange,18924,CF_300x250_內容頁_右側看版_1_台灣英文新聞(new)-exchange,,知名媒體,,157,157,114,43,72.61%,27.39%
20260126,21,台灣英文新聞股份有限公司,3537,台灣英文新聞(new)-exchange,18925,CF_300x600_內容頁_右側看版_2_台灣英文新聞(new)-exchange,,知名媒體,,43,43,29,14,67.44%,32.56%
20260126,21,艾得基客行銷顧問股份有限公司,3373,良醫健康網,19011,MW_320x480_文中創意_良醫健康網,,知名媒體,,12,12,11,1,91.67%,8.33%
20260126,21,艾得基客行銷顧問股份有限公司,3552,玩具人,19044,MW_320x480_文中創意_玩具人,,知名媒體,,321,321,286,35,89.10%,10.90%
20260126,21,先驅媒體社會企業股份有限公司,3554,新頭殼(R18),19047,(子)CF_300x250Banner_newtalk.tw_content_300250_1_新頭殼(R18),,知名媒體,子聯播網,6,6,3,3,50.00%,50.00%
20260126,21,第一網站股份有限公司,2783,漫畫櫃manhuagui,20685,MW_300X250_manhuagui,antifroud,,,"3,737","3,737","3,462",275,92.64%,7.36%
20260126,21,德榕企業有限公司,3578,TW Bodhi_mobile,20708,MW_蓋板_TW Bodhi,,,,756,756,752,4,99.47%,0.53%
20260126,21,德榕企業有限公司,3581,忘憂書屋,20727,CF_336x280文章頁(RWD)_忘憂書屋,,,,220,220,218,2,99.09%,0.91%
20260126,21,德榕企業有限公司,3582,忘憂書屋_mobile,20728,MW_文中創意300x250_忘憂書屋,,,,24,24,24,0,100.00%,0.00%
20260126,21,第一網站股份有限公司,2910,clickme,20735,(子)CF_300x250_banner_clickme(成人),,,子聯播網,"15,513","15,513","12,904","2,609",83.18%,16.82%
20260126,21,第一網站股份有限公司,3440,fsa_passback_first,21699,CF_336x280_fsa_passback_first,,,,64,64,51,13,79.69%,20.31%
20260126,21,朱光宁,3269,石頭小說-mobile,21741,MW_320x480_蓋版_石頭小說-mobile,antifroud,,,18,18,7,11,38.89%,61.11%
20260126,21,富盈數據股份有限公司,3653,TVBS-女人我最大_HB,21761,MW_文章四_336x280_TVBS-女人我最大_HB,,知名媒體,,8,8,8,0,100.00%,0.00%
20260126,21,富盈數據股份有限公司,3653,TVBS-女人我最大_HB,21763,MW_文中創意320x480_TVBS-女人我最大_HB,,知名媒體,,"3,718","3,718","3,587",131,96.48%,3.52%
20260126,21,富盈數據股份有限公司,3654,TVBS-健康2.0_HB,21764,CF_文章右側300x600_TVBS-健康2.0_HB,,知名媒體,,18,18,15,3,83.33%,16.67%
20260126,21,富盈數據股份有限公司,3655,TVBS-食尚玩家_HB,21770,MW_文章三_336x280_TVBS-食尚玩家_HB,,知名媒體,,293,293,282,11,96.25%,3.75%
20260126,21,富盈數據股份有限公司,3655,TVBS-食尚玩家_HB,21771,MW_文章四_336x280_TVBS-食尚玩家_HB,,知名媒體,,6,6,6,0,100.00%,0.00%
20260126,21,富盈數據股份有限公司,3655,TVBS-食尚玩家_HB,21772,MW_文章置底_320x100_TVBS-食尚玩家_HB,,知名媒體,,12,12,11,1,91.67%,8.33%
20260126,21,富盈數據股份有限公司,3655,TVBS-食尚玩家_HB,21773,MW_文中創意320x480_TVBS-食尚玩家_HB,,知名媒體,,418,418,386,32,92.34%,7.66%
20260126,21,寶利拾股份有限公司,3652,愛料理_HB,21781,MW_置底創意(非展開)_愛料理_HB,,知名媒體,,6,6,6,0,100.00%,0.00%
20260126,21,先驅媒體社會企業股份有限公司,3554,新頭殼(R18),21830,(子)CF_300x250Banner_newtalk.tw_all_300250_1_新頭殼(R18),antifroud,知名媒體,子聯播網,6,6,5,1,83.33%,16.67%
20260126,21,先驅媒體社會企業股份有限公司,3554,新頭殼(R18),21839,ＭＷ_336x280Banner_newtalk.tw_mobile_all_336280_2_新頭殼(R18),antifroud,知名媒體,,201,201,197,4,98.01%,1.99%
20260126,21,儂儂雜誌社股份有限公司(bella儂儂),2135,Bella儂儂_2024,21876,MW-300x250_文章標題上方1_Bella儂儂,,知名媒體,,"1,425","1,425","1,376",49,96.56%,3.44%
20260126,21,富盈數據股份有限公司,3680,TVBS-新聞網_HB,21898,CF_文章右側300x600_TVBS-新聞網_HB,,知名媒體,,95,95,94,1,98.95%,1.05%
20260126,21,富盈數據股份有限公司,3685,玩桌遊_mobile,21924,MW_置底創意(非展開)_玩桌遊-mobile,,,,680,680,531,149,78.09%,21.91%
20260126,21,富盈數據股份有限公司,2615,熱血台中,21986,CF_336x280_全網_熱血台中,,,,202,202,168,34,83.17%,16.83%
20260126,21,富盈數據股份有限公司,2615,熱血台中,21987,CF_336x280_全網_熱血台中,,,,101,101,83,18,82.18%,17.82%
20260126,21,富盈數據股份有限公司,3704,天天要聞,22030,CF_300 x 250 banner_天天要聞_cpc2,,,,"4,772","4,772","2,494","2,278",52.26%,47.74%
20260126,21,富盈數據股份有限公司,3703,繁體小說,22031,CF_300 x 250 banner_繁體小說_cpc2,,,,463,463,339,124,73.22%,26.78%
20260126,21,朱光宁,3708,石頭小說,22045,CF_336 x 280 banner_石頭小說_cpc1.67,antifroud,,,"311,251","311,251","146,238","165,013",46.98%,53.02%
20260126,21,冠妍動力科技有限公司,484,小老婆汽機車資訊網,22058,MW_文中創意320x480_小老婆汽機車資訊網-測試,,知名媒體,,25,25,15,10,60.00%,40.00%
20260126,21,朱光宁,3718,稷下書院2,22093,CF_336 x 280 banner_稷下書院2_cpc1.67,antifroud,,,"244,969","244,969","121,683","123,286",49.67%,50.33%
20260126,21,富盈數據股份有限公司,3680,TVBS-新聞網_HB,22131,CF_文中300x250_TVBS-新聞網_HB_1,,知名媒體,,86,86,86,0,100.00%,0.00%
20260126,21,富盈數據股份有限公司,3680,TVBS-新聞網_HB,22132,CF_文中300x250_TVBS-新聞網_HB_2,,知名媒體,,530,530,519,11,97.92%,2.08%
20260126,21,富盈數據股份有限公司,3680,TVBS-新聞網_HB,22133,CF_文中300x250_TVBS-新聞網_HB_3,,知名媒體,,"1,297","1,297","1,203",94,92.75%,7.25%
20260126,21,冰楓科技有限公司,3485,冰楓論壇-exchange,22160,CF_300x250_Banner2_ 冰楓論壇-exchange,,,,12,12,11,1,91.67%,8.33%
20260126,21,闇碼科技股份有限公司,3048,縮短網址產生器-reurl,22213,MW_蓋版_縮短網址產生器-reurl-2025.05(特殊供量),,知名媒體,,308,308,243,65,78.90%,21.10%
20260126,21,艾得基客行銷顧問股份有限公司,3724,上報,22217,MW_置底創意(非展開)_上報,,知名媒體,,300,300,291,9,97.00%,3.00%
20260126,21,艾得基客行銷顧問股份有限公司,3724,上報,22218,MW_置底(展開)_上報,,知名媒體,,205,205,197,8,96.10%,3.90%
20260126,21,欣發現股份有限公司,3363,大人物-mobile,22222,MW_蓋板_大人物,,知名媒體,,6,6,6,0,100.00%,0.00%
20260126,21,朱光宁,3741,石頭小說3,22398,CF_336 x 280 banner_石頭小說3_cpc1.67,,,,"26,478","26,474","15,240","11,234",57.57%,42.43%
20260126,21,朱光宁,3741,石頭小說3,22399,CF_320 x 480 橫幅_石頭小說3,,,,14,14,9,5,64.29%,35.71%
20260126,21,艾得基客行銷顧問股份有限公司,3724,上報,22405,MW_蓋版_上報,,知名媒體,,50,50,49,1,98.00%,2.00%
20260126,21,闇碼科技股份有限公司,3068,限時圖片-imgus,22406,MW_置底_imgus,antifroud,,,780,780,775,5,99.36%,0.64%
20260126,21,第一網站股份有限公司,2783,漫畫櫃manhuagui,22443,MW_置底_manhuagui,antifroud,,,"1,601","1,601","1,476",125,92.19%,7.81%
20260126,21,艾得基客行銷顧問股份有限公司,2689,Basketball Top5,22498,MW_300x250 Banner_Basketball TOP5_CPM5,,,子聯播網,84,84,83,1,98.81%,1.19%
20260126,21,艾得基客行銷顧問股份有限公司,2578,鉅亨網,22507,MW_300x250_鉅亨網_直播用BN-1,,知名媒體,子聯播網,"5,299","5,299","5,201",98,98.15%,1.85%
20260126,21,艾得基客行銷顧問股份有限公司,3752,ＭoneyDJ,22514,MW_文中創意320x480_MoneyDJ,antifroud,知名媒體,,155,155,137,18,88.39%,11.61%
20260126,21,艾得基客行銷顧問股份有限公司,3373,良醫健康網,22732,MW_300x250_良醫健康網,,知名媒體,,6,6,6,0,100.00%,0.00%
20260126,21,李承翰-webptt,718,Web批踢踢(RWD),2284,MW-蓋板_文中_Web批踢踢,antifroud,,,48,48,32,16,66.67%,33.33%
20260126,21,麥智維,999,動漫戲說,3543,CF-728*90-內文上方-動漫戲說,antifroud,,,6,6,6,0,100.00%,0.00%
20260126,21,技達創意資訊有限公司,1299,泰好網,4733,CF-300*250-內文下方-泰好網,,,,6,6,6,0,100.00%,0.00%
20260126,21,技達創意資訊有限公司,1299,泰好網,4734,MW-320*100-首頁、內文上方-泰好網,,,,18,18,18,0,100.00%,0.00%
20260126,21,陈晋福,1367,電視超人,4997,CF-300X250-電視超人,,,,32,32,26,6,81.25%,18.75%
20260126,21,麥智維,999,動漫戲說,6069,CF-300*250-首頁-動漫戲說,,,,175,175,141,34,80.57%,19.43%
20260126,21,精鏡傳媒股份有限公司,1060,鏡週刊,8250,MW_置底創意(非展開)_鏡週刊,,知名媒體,,68,68,60,8,88.24%,11.76%
20260126,21,巧克科技新媒體股份有限公司,2127,LINE TV_Banner-exchange,8576,CF_336x280_戲劇-右側好康資訊下方_LINE TV-exchange,,知名媒體,,60,60,53,7,88.33%,11.67%
20260126,21,見聞科技有限公司,2251,就是節目表,9233,MW-300x250-節目表文中-就是節目表,,,,8,8,8,0,100.00%,0.00%
20260126,22,英屬維京群島商浩美數位有限公司台灣分公司,2315,Teepr亮新聞-exchange,10012,CF_336x280Banner_Teepr亮新聞-exchange,,知名媒體,,734,734,714,20,97.28%,2.72%
20260126,22,第一網站股份有限公司,2300,keketravel,10594,(子)CF_336x280_keketravel,,,子聯播網,116,116,104,12,89.66%,10.34%
20260126,22,昱得資訊工作室,2528,數位書香,11080,CF_728x90_首頁上方_數位書香,antifroud,,,68,68,68,0,100.00%,0.00%
20260126,22,昱得資訊工作室,2528,數位書香,11081,CF_160x600_首頁右側_數位書香,antifroud,,,"1,121","1,121","1,121",0,100.00%,0.00%
20260126,22,第一網站股份有限公司,2518,麻辣家族討論區(twbts),11082,CF-728X90-twbts,antifroud,,,292,292,273,19,93.49%,6.51%
20260126,22,第一網站股份有限公司,2540,risu短網址,11260,MW-300X250-MB_page_left-risu,,知名媒體,,6,6,6,0,100.00%,0.00%
20260126,22,第一網站股份有限公司,2492,ttshow,11273,MW-300X250-ttshow,,知名媒體,,30,30,25,5,83.33%,16.67%
20260126,22,第一網站股份有限公司,2601,Meme梗圖倉庫,11443,CF-336X280-meme,,,,84,84,67,17,79.76%,20.24%
20260126,22,葉志斌,2745,繁中寶可夢卡表生成器-奶爸工作室-exchange,12209,CF_336x280_文中_繁中寶可夢卡表生成器,,,,6,6,3,3,50.00%,50.00%
20260126,22,葉志斌,2745,繁中寶可夢卡表生成器-奶爸工作室-exchange,12210,CF_728x90__文末__繁中寶可夢卡表生成器,,,,6,6,6,0,100.00%,0.00%
20260126,22,第一網站股份有限公司,2540,risu短網址,12496,CF_300x250_popup(直播) _risu短網址,antifroud,知名媒體,,14,14,10,4,71.43%,28.57%
20260126,22,冰楓科技有限公司,1710,冰楓論壇,12511,MW_300x250_Banner_冰楓論壇-exchange,,,,6,6,6,0,100.00%,0.00%
20260126,22,第一網站股份有限公司,2768,czbooks,12570,CF_728x90_banner_czbooks,,,,"67,192","67,192","47,199","19,993",70.24%,29.76%
20260126,22,鳳梨傳媒股份有限公司,2190,民視新聞網-Exchange,12579,CF_300x250_右側第一塊_民視新聞網-Exchange(RWD)(MCM),,知名媒體,,"3,513","3,513","3,457",56,98.41%,1.59%
20260126,22,鳳梨傳媒股份有限公司,2190,民視新聞網-Exchange,12580,CF_300x250_內文文中左側_民視新聞網-Exchange(RWD)(MCM),,知名媒體,,"3,566","3,566","3,491",75,97.90%,2.10%
20260126,22,第一網站股份有限公司,2783,漫畫櫃manhuagui,12676,CF_728X90_manhuagui,antifroud,,,"98,305","98,305","83,357","14,948",84.79%,15.21%
20260126,22,第一網站股份有限公司,2801,damanwoo,12868,CF-300x250_Banner_damanwoo_大人物,,,,12,12,12,0,100.00%,0.00%
20260126,22,第一網站股份有限公司,2820,星座好朋友(horofriend88),12966,MW_320x100_horofriend88,antifroud,,,6,6,6,0,100.00%,0.00%
20260126,22,第一網站股份有限公司,2836,vivi01,13032,MW_置底創意_vivi01 ViVi視頻,,,,12,12,10,2,83.33%,16.67%
20260126,22,和運租車股份有限公司,2878,abc好車網,13368,CF_970x90_物件頁下方_abc好車網,,知名媒體,,13,13,8,5,61.54%,38.46%
20260126,22,曾憲敏,202,85小說網,13445,MW_336X280_全量1_85小說網,,,,"1,242","1,242",944,298,76.01%,23.99%
20260126,22,曾憲敏,202,85小說網,13446,MW_336X280_全量2_85小說網,,,,"8,082","8,082","6,453","1,629",79.84%,20.16%
20260126,22,曾憲敏,601,85小說網_PC,13450,(子)CF_336x280_全量2_85小說網,,,子聯播網,244,244,154,90,63.11%,36.89%
20260126,22,第一網站股份有限公司,2768,czbooks,13481,MW_300x250_banner_czbooks,antifroud,,子聯播網,"117,321","117,321","66,077","51,244",56.32%,43.68%
20260126,22,第一網站股份有限公司,2768,czbooks,13482,(子)CF_300x600_banner_czbooks(限時段),,,子聯播網,"66,008","66,008","44,582","21,426",67.54%,32.46%
20260126,22,第一網站股份有限公司,2768,czbooks,13483,(子)CF_970x250_banner_czbooks(限時段),,,子聯播網,"71,331","71,331","45,071","26,260",63.19%,36.81%
20260126,22,第一網站股份有限公司,2910,clickme,13548,(子)CF_300x250_banner_clickme(一般),,,子聯播網,"1,836","1,836","1,487",349,80.99%,19.01%
20260126,22,第一網站股份有限公司,2910,clickme,13549,CF_300x250_banner_clickme(一般),,,,128,128,117,11,91.41%,8.59%
20260126,22,第一網站股份有限公司,2916,KiKiNote,13576,(子)CF_300x250_banner_kikinote,,知名媒體,子聯播網,"2,082","2,082","1,930",152,92.70%,7.30%
20260126,22,闇碼科技股份有限公司,2992,縮短網址產生器-reurl-exchange,13858,CF_300x250_網址下方左側_reurl,,知名媒體,,18,18,17,1,94.44%,5.56%
20260126,22,闇碼科技股份有限公司,2992,縮短網址產生器-reurl-exchange,13860,CF_300x250_網址下方右側_reurl,,知名媒體,,24,24,20,4,83.33%,16.67%
20260126,22,闇碼科技股份有限公司,2992,縮短網址產生器-reurl-exchange,13861,CF_300x250_網址下方右側(PB)_reurl,,知名媒體,,55,55,25,30,45.45%,54.55%
20260126,22,第一網站股份有限公司,2768,czbooks,13903,(子)CF_300x250_banner_czbooks(直播),antifroud,,子聯播網,"301,346","301,346","163,812","137,534",54.36%,45.64%
20260126,22,第一網站股份有限公司,2783,漫畫櫃manhuagui,13904,(子)CF_300x250_banner_manhuagui(直播),antifroud,,子聯播網,"180,799","180,799","156,483","24,316",86.55%,13.45%
20260126,22,陳人鳳,480,飛格寵物家族_PC,1407,CF-728X90_上方通欄_飛格寵物家族,,,,86,86,61,25,70.93%,29.07%
20260126,22,陳人鳳,480,飛格寵物家族_PC,1408,CF-300X250_內文_飛格寵物家族,,,,97,97,63,34,64.95%,35.05%
20260126,22,飛凡傳播股份有限公司,1921,非凡新聞台-exchange,14188,MW_300x250_內文上方_非凡新聞-exchange,antifroud,知名媒體,,12,12,10,2,83.33%,16.67%
20260126,22,飛凡傳播股份有限公司,1921,非凡新聞台-exchange,14189,CF_300x600_右側下方_非凡新聞-exchange,antifroud,知名媒體,,19,19,19,0,100.00%,0.00%
20260126,22,闇碼科技股份有限公司,3048,縮短網址產生器-reurl,14210,MW_文中創意300x250_縮短網址產生器-reurl,,知名媒體,,297,297,241,56,81.14%,18.86%
20260126,22,富盈數據股份有限公司,3059,塔科女子,14258,CF_336x280_全網_塔科女子,,知名媒體,,102,102,99,3,97.06%,2.94%
20260126,22,CBROOT LTD,3003,包子漫畫-exchange,14291,MW_300x250_蓋板(PB)_包子漫畫,,,,197,197,171,26,86.80%,13.20%
20260126,22,朱光宁,3152,石頭小說-exchange,14472,MW_336x280_Banner_石頭小說,,,,"9,722","9,721","5,786","3,935",59.52%,40.48%
20260126,22,朱光宁,3149,稷下書院-exchange,14748,MW_320x100_置底(PB)_稷下書院,,,,"40,378","40,372","23,822","16,550",59.01%,40.99%
20260126,22,巨思文化股份有限公司,3053,數位時代_HB,14764,MW_置底創意_(非展開)_數位時代_HB,,知名媒體,,63,63,52,11,82.54%,17.46%
20260126,22,中天電視股份有限公司,3282,中天新聞網-exchange,14980,CF_970x250_內頁_PC置頂橫幅-中天新聞網-exchange,,知名媒體,,155,155,147,8,94.84%,5.16%
20260126,22,CBROOT LTD,3305,包子漫畫NEW-exchange,15143,(子)CF_970x250_Banner(直播)_包子漫畫(kukuc.co),,,子聯播網,82,82,82,0,100.00%,0.00%
20260126,22,CBROOT LTD,3305,包子漫畫NEW-exchange,15145,(子)CF_970x250_指定流量Banner_包子漫畫(kukuc.co),antifroud,,子聯播網,"1,822","1,822","1,808",14,99.23%,0.77%
20260126,22,曾憲敏,3327,85小說網_創意,15228,MW-創意-85小說網,,,,24,24,18,6,75.00%,25.00%
20260126,22,和運租車股份有限公司,2878,abc好車網,15249,CF_300x250_搜尋頁右側_abc好車網,,知名媒體,,6,6,5,1,83.33%,16.67%
20260126,22,中天電視股份有限公司,3282,中天新聞網-exchange,15859,CF_336x280_內頁_PC右側互動看板B-中天新聞網-exchange,,知名媒體,,642,642,602,40,93.77%,6.23%
20260126,22,CBROOT LTD,3352,西瓜卡通-exchange,15969,CF_728x90_影音內容_西瓜卡通-exchange,,,,80,80,77,3,96.25%,3.75%
20260126,22,CBROOT LTD,3352,西瓜卡通-exchange,15970,CF_160x600_影音內容_西瓜卡通-exchange,,,,128,128,124,4,96.88%,3.12%
20260126,22,時報資訊股份有限公司,2817,旺得富,16910,CF_300x250_Billboard_1s_旺得富,,知名媒體,,12,12,12,0,100.00%,0.00%
20260126,22,時報資訊股份有限公司,2817,旺得富,16911,CF_300x250_Billboard_2nd_旺得富,,知名媒體,,18,18,18,0,100.00%,0.00%
20260126,22,葉志斌,2745,繁中寶可夢卡表生成器-奶爸工作室-exchange,16951,CF_300x600_Banner_繁中寶可夢卡表生成器-奶爸工作室-exchange,,,,"1,067","1,067","1,067",0,100.00%,0.00%
20260126,22,朱光宁,3360,提莫書屋-exchange,16957,MW_336x280banner_提莫書屋_exchange,,,,"24,685","24,684","18,458","6,226",74.78%,25.22%
20260126,22,朱光宁,3361,提莫書屋-mobile,16959,MW_320x480_文中創意_提莫書屋-mobile,,,,108,108,87,21,80.56%,19.44%
20260126,22,欣發現股份有限公司,3364,女子學-mobile,16972,MW_置底創意_女子學,antifroud,,,105,105,74,31,70.48%,29.52%
20260126,22,朱光宁,3149,稷下書院-exchange,17003,(子)CF_336x280_Banner(指定流量)_稷下書院-exchange,,,子聯播網,"3,409","3,401","1,566","1,835",46.05%,53.95%
20260126,22,第一網站股份有限公司,2783,漫畫櫃manhuagui,17027,MW_320x480_蓋版_漫畫櫃manhuagui,,,,66,66,59,7,89.39%,10.61%
20260126,22,朱光宁,3149,稷下書院-exchange,17095,(子)MW_336x280_Banner_稷下書院-exchange,antifroud,,,"29,553","29,549","14,247","15,302",48.21%,51.79%
20260126,22,詠勝科技有限公司,3385,Mobile01_HB,17174,CF_970x250_超級橫幅_置底_Mobile01_HB,,知名媒體,,6,6,1,5,16.67%,83.33%
20260126,22,詠勝科技有限公司,3385,Mobile01_HB,17178,CF_300x250_頻道頁_大看板_Mobile01_HB,,知名媒體,,60,60,42,18,70.00%,30.00%
20260126,22,詠勝科技有限公司,3385,Mobile01_HB,17179,CF_300x250_熱門大看板_Mobile01_HB,,知名媒體,,"4,945","4,945","3,848","1,097",77.82%,22.18%
20260126,22,詠勝科技有限公司,3385,Mobile01_HB,17183,CF_300x600_大摩天_Mobile01_HB,,知名媒體,,"2,284","2,284","1,860",424,81.44%,18.56%
20260126,22,朱光宁,3268,稷下書院-mobile,17207,MW_320x480_蓋版_稷下書院-mobile,,,,300,300,180,120,60.00%,40.00%
20260126,22,中華電視股份有限公司,3389,華視-mobile,17230,MW_置底創意(非展開)_華視-mobile,,知名媒體,,12,12,12,0,100.00%,0.00%
20260126,22,李立娟,3395,vivi0視頻-exchange,17293,CF_336x280_Banner_vivi01視頻-exchange,antifroud,,,698,698,672,26,96.28%,3.72%
20260126,22,李立娟,3395,vivi0視頻-exchange,17294,MW_336x280_Banner_vivi01視頻-exchange,antifroud,,,"5,734","5,734","5,417",317,94.47%,5.53%
20260126,22,李立娟,3397,趣聞圖說-exchange,17297,(子)MW_336x280_Banner_趣聞圖說-exchange,antifroud,,,"59,265","59,265","53,091","6,174",89.58%,10.42%
20260126,22,李立娟,3395,vivi0視頻-exchange,17299,MW_300x250_蓋板(PB)-vivi01視頻-exchange,,,,76,76,74,2,97.37%,2.63%
20260126,22,李立娟,3395,vivi0視頻-exchange,17300,MW_320x100_置底(PB)_vivi01視頻-exchange,antifroud,,,632,632,607,25,96.04%,3.96%
20260126,22,李立娟,3397,趣聞圖說-exchange,17309,MW_336x280_文中Banner_趣聞圖說-exchange,,,,14,14,10,4,71.43%,28.57%
20260126,22,曾憲敏,601,85小說網_PC,1773,CF-300x250_85小說網_內文1,,,,292,292,189,103,64.73%,35.27%
20260126,22,第一網站股份有限公司,2768,czbooks,17927,MW_置底創意_czbook,,,,46,46,29,17,63.04%,36.96%
20260126,22,時報資訊股份有限公司_工商時報,3427,工商時報-exchange,18003,CF_300x250_互動看板2_工商時報-exchange,,知名媒體,,30,30,16,14,53.33%,46.67%
20260126,22,第一網站股份有限公司,3440,fsa_passback_first,18202,CF_300x250_fsa_passback_first,,,,"1,405","1,405","1,150",255,81.85%,18.15%
20260126,22,第一網站股份有限公司,3440,fsa_passback_first,18266,(子)CF_970x250_cfbanner_blog,,,子聯播網,"1,035","1,035",857,178,82.80%,17.20%
20260126,22,莊博凱,3455,夢遊電玩,18269,300x250 Banner,,,,20,20,14,6,70.00%,30.00%
20260126,22,冰楓科技有限公司,3485,冰楓論壇-exchange,18487,CF_970x90_內文上方第一塊_冰楓論壇-exchange,,,,886,886,745,141,84.09%,15.91%
20260126,22,冰楓科技有限公司,3485,冰楓論壇-exchange,18488,MW_320x100_內文上方第一塊_ 冰楓論壇-exchange,antifroud,,,6,6,4,2,66.67%,33.33%
20260126,22,冰楓科技有限公司,3485,冰楓論壇-exchange,18492,MW_300x250_Banner_ 冰楓論壇-exchange,,,,300,300,267,33,89.00%,11.00%
20260126,22,CBROOT LTD,3492,包子漫畫(特開流量)-exchange,18544,(子)CF_300x600_指定流量_包子漫畫(特開流量)-exchange,,,子聯播網,"22,783","22,783","20,152","2,631",88.45%,11.55%
20260126,22,CBROOT LTD,3492,包子漫畫(特開流量)-exchange,18545,(子)CF_970x250_指定時段_包子漫畫(特開流量)-exchange,,,子聯播網,"88,334","88,334","82,160","6,174",93.01%,6.99%
20260126,22,CBROOT LTD,3492,包子漫畫(特開流量)-exchange,18546,(子)CF_300x250_指定時段_包子漫畫(特開流量)-exchange,,,子聯播網,"219,438","219,438","199,639","19,799",90.98%,9.02%
20260126,22,CBROOT LTD,3492,包子漫畫(特開流量)-exchange,18558,CF_970x250_指定時段_包子漫畫(特開流量PB)-exchange,,,,"62,463","62,463","57,309","5,154",91.75%,8.25%
20260126,22,CBROOT LTD,3510,包子漫畫_twmanga-exchange,18732,MW_336x280_Banner_包子漫畫_twmanga,,,子聯播網,"53,615","53,615","38,097","15,518",71.06%,28.94%
20260126,22,CBROOT LTD,3510,包子漫畫_twmanga-exchange,18735,CF_336x280_Banner_包子漫畫_twmanga-exchange,,,,478,478,460,18,96.23%,3.77%
20260126,22,CBROOT LTD,3510,包子漫畫_twmanga-exchange,18736,CF_970x250_ 包子漫畫_twmanga-exchange,,,,899,899,789,110,87.76%,12.24%
20260126,22,第一網站股份有限公司,3516,ezneering,18756,(子)CF_300x250_Banner_ezneering,,,子聯播網,14,14,14,0,100.00%,0.00%
20260126,22,舒禾驊,3535,荷花動漫筆記,18887,CF_336x280_文章頁文中_荷花動漫筆記,,,,32,32,27,5,84.38%,15.62%
20260126,22,台灣英文新聞股份有限公司,3537,台灣英文新聞(new)-exchange,18924,CF_300x250_內容頁_右側看版_1_台灣英文新聞(new)-exchange,,知名媒體,,137,137,97,40,70.80%,29.20%
20260126,22,台灣英文新聞股份有限公司,3537,台灣英文新聞(new)-exchange,18925,CF_300x600_內容頁_右側看版_2_台灣英文新聞(new)-exchange,,知名媒體,,14,14,10,4,71.43%,28.57%
20260126,22,聯合線上股份有限公司,3442,UDN聯合新聞網,19031,MW_置底創意_UDN聯合新聞網,antifroud,知名媒體,,6,6,6,0,100.00%,0.00%
20260126,22,艾得基客行銷顧問股份有限公司,3552,玩具人,19044,MW_320x480_文中創意_玩具人,,知名媒體,,251,251,240,11,95.62%,4.38%
20260126,22,第一網站股份有限公司,2783,漫畫櫃manhuagui,20685,MW_300X250_manhuagui,antifroud,,,40,40,36,4,90.00%,10.00%
20260126,22,德榕企業有限公司,3578,TW Bodhi_mobile,20708,MW_蓋板_TW Bodhi,,,,818,818,812,6,99.27%,0.73%
20260126,22,德榕企業有限公司,3581,忘憂書屋,20727,CF_336x280文章頁(RWD)_忘憂書屋,,,,178,178,171,7,96.07%,3.93%
20260126,22,第一網站股份有限公司,2910,clickme,20735,(子)CF_300x250_banner_clickme(成人),,,子聯播網,"13,330","13,330","11,106","2,224",83.32%,16.68%
20260126,22,富盈數據股份有限公司,3653,TVBS-女人我最大_HB,21761,MW_文章四_336x280_TVBS-女人我最大_HB,,知名媒體,,6,6,6,0,100.00%,0.00%
20260126,22,富盈數據股份有限公司,3653,TVBS-女人我最大_HB,21763,MW_文中創意320x480_TVBS-女人我最大_HB,,知名媒體,,"3,134","3,134","3,059",75,97.61%,2.39%
20260126,22,富盈數據股份有限公司,3655,TVBS-食尚玩家_HB,21770,MW_文章三_336x280_TVBS-食尚玩家_HB,,知名媒體,,116,116,111,5,95.69%,4.31%
20260126,22,富盈數據股份有限公司,3655,TVBS-食尚玩家_HB,21773,MW_文中創意320x480_TVBS-食尚玩家_HB,,知名媒體,,"1,059","1,059","1,003",56,94.71%,5.29%
20260126,22,先驅媒體社會企業股份有限公司,3554,新頭殼(R18),21830,(子)CF_300x250Banner_newtalk.tw_all_300250_1_新頭殼(R18),antifroud,知名媒體,子聯播網,6,6,4,2,66.67%,33.33%
20260126,22,先驅媒體社會企業股份有限公司,3554,新頭殼(R18),21831,(子)CF_300x250Banner_newtalk.tw_all_300250_2_新頭殼(R18),,知名媒體,子聯播網,6,6,4,2,66.67%,33.33%
20260126,22,先驅媒體社會企業股份有限公司,3554,新頭殼(R18),21839,ＭＷ_336x280Banner_newtalk.tw_mobile_all_336280_2_新頭殼(R18),antifroud,知名媒體,,86,86,83,3,96.51%,3.49%
20260126,22,儂儂雜誌社股份有限公司(bella儂儂),2135,Bella儂儂_2024,21876,MW-300x250_文章標題上方1_Bella儂儂,,知名媒體,,"1,442","1,442","1,384",58,95.98%,4.02%
20260126,22,富盈數據股份有限公司,3680,TVBS-新聞網_HB,21898,CF_文章右側300x600_TVBS-新聞網_HB,,知名媒體,,34,34,34,0,100.00%,0.00%
20260126,22,富盈數據股份有限公司,3685,玩桌遊_mobile,21924,MW_置底創意(非展開)_玩桌遊-mobile,,,,461,461,350,111,75.92%,24.08%
20260126,22,富盈數據股份有限公司,2615,熱血台中,21986,CF_336x280_全網_熱血台中,,,,64,64,56,8,87.50%,12.50%
20260126,22,富盈數據股份有限公司,2615,熱血台中,21987,CF_336x280_全網_熱血台中,,,,45,45,45,0,100.00%,0.00%
20260126,22,富盈數據股份有限公司,3704,天天要聞,22030,CF_300 x 250 banner_天天要聞_cpc2,,,,"2,582","2,582","1,360","1,222",52.67%,47.33%
20260126,22,富盈數據股份有限公司,3703,繁體小說,22031,CF_300 x 250 banner_繁體小說_cpc2,,,,223,223,145,78,65.02%,34.98%
20260126,22,朱光宁,3708,石頭小說,22045,CF_336 x 280 banner_石頭小說_cpc1.67,antifroud,,,"321,059","321,059","187,373","133,686",58.36%,41.64%
20260126,22,冠妍動力科技有限公司,484,小老婆汽機車資訊網,22058,MW_文中創意320x480_小老婆汽機車資訊網-測試,,知名媒體,,30,30,21,9,70.00%,30.00%
20260126,22,朱光宁,3718,稷下書院2,22093,CF_336 x 280 banner_稷下書院2_cpc1.67,antifroud,,,"253,939","253,939","141,283","112,656",55.64%,44.36%
20260126,22,富盈數據股份有限公司,3680,TVBS-新聞網_HB,22131,CF_文中300x250_TVBS-新聞網_HB_1,,知名媒體,,12,12,11,1,91.67%,8.33%
20260126,22,富盈數據股份有限公司,3680,TVBS-新聞網_HB,22132,CF_文中300x250_TVBS-新聞網_HB_2,,知名媒體,,96,96,95,1,98.96%,1.04%
20260126,22,富盈數據股份有限公司,3680,TVBS-新聞網_HB,22133,CF_文中300x250_TVBS-新聞網_HB_3,,知名媒體,,179,179,172,7,96.09%,3.91%
20260126,22,富盈數據股份有限公司,3730,Teepr 亮新聞 HB,22145,MW_336x280_文中創意_Teepr亮新聞 HB,,,,6,6,6,0,100.00%,0.00%
20260126,22,冰楓科技有限公司,3485,冰楓論壇-exchange,22160,CF_300x250_Banner2_ 冰楓論壇-exchange,,,,6,6,6,0,100.00%,0.00%
20260126,22,闇碼科技股份有限公司,3048,縮短網址產生器-reurl,22213,MW_蓋版_縮短網址產生器-reurl-2025.05(特殊供量),,知名媒體,,289,289,197,92,68.17%,31.83%
20260126,22,欣發現股份有限公司,3363,大人物-mobile,22222,MW_蓋板_大人物,,知名媒體,,6,6,5,1,83.33%,16.67%
20260126,22,朱光宁,3741,石頭小說3,22398,CF_336 x 280 banner_石頭小說3_cpc1.67,,,,"26,748","26,746","15,349","11,397",57.39%,42.61%
20260126,22,朱光宁,3741,石頭小說3,22399,CF_320 x 480 橫幅_石頭小說3,,,,26,26,15,11,57.69%,42.31%
20260126,22,闇碼科技股份有限公司,3068,限時圖片-imgus,22406,MW_置底_imgus,antifroud,,,358,358,356,2,99.44%,0.56%
20260126,22,第一網站股份有限公司,2783,漫畫櫃manhuagui,22443,MW_置底_manhuagui,antifroud,,,"1,427","1,427","1,314",113,92.08%,7.92%
20260126,22,艾得基客行銷顧問股份有限公司,2578,鉅亨網,22507,MW_300x250_鉅亨網_直播用BN-1,,知名媒體,子聯播網,7,7,7,0,100.00%,0.00%
20260126,22,李承翰-webptt,718,Web批踢踢(RWD),2284,MW-蓋板_文中_Web批踢踢,antifroud,,,56,56,39,17,69.64%,30.36%
20260126,22,麥智維,999,動漫戲說,3543,CF-728*90-內文上方-動漫戲說,antifroud,,,30,30,16,14,53.33%,46.67%
20260126,22,肖偉彬,1287,紅櫻桃小說書庫,4678,CF-內文上方-300*250-紅櫻桃小說書庫,,,,6,6,4,2,66.67%,33.33%
20260126,22,技達創意資訊有限公司,1299,泰好網,4734,MW-320*100-首頁、內文上方-泰好網,,,,24,24,22,2,91.67%,8.33%
20260126,22,陈晋福,1367,電視超人,4997,CF-300X250-電視超人,,,,8,8,5,3,62.50%,37.50%
20260126,22,麥智維,999,動漫戲說,6069,CF-300*250-首頁-動漫戲說,,,,166,166,142,24,85.54%,14.46%
20260126,22,精鏡傳媒股份有限公司,1060,鏡週刊,8250,MW_置底創意(非展開)_鏡週刊,,知名媒體,,69,69,60,9,86.96%,13.04%
20260126,22,臺灣電視事業股份有限公司,52,台視,8313,PC-300x250_內文第一塊_台視財經,,知名媒體,,6,6,6,0,100.00%,0.00%
20260126,22,布林遊國際有限公司,1692,Bring You,8393,CF-300X250-上方通欄右側_BringYou,,知名媒體,,6,6,6,0,100.00%,0.00%
20260126,22,巧克科技新媒體股份有限公司,2127,LINE TV_Banner-exchange,8576,CF_336x280_戲劇-右側好康資訊下方_LINE TV-exchange,,知名媒體,,38,38,33,5,86.84%,13.16%
20260126,23,英屬維京群島商浩美數位有限公司台灣分公司,2315,Teepr亮新聞-exchange,10012,CF_336x280Banner_Teepr亮新聞-exchange,,知名媒體,,168,168,168,0,100.00%,0.00%
20260126,23,昱得資訊工作室,2528,數位書香,11080,CF_728x90_首頁上方_數位書香,antifroud,,,82,82,82,0,100.00%,0.00%
20260126,23,昱得資訊工作室,2528,數位書香,11081,CF_160x600_首頁右側_數位書香,antifroud,,,"1,034","1,034","1,033",1,99.90%,0.10%
20260126,23,第一網站股份有限公司,2518,麻辣家族討論區(twbts),11082,CF-728X90-twbts,antifroud,,,145,145,135,10,93.10%,6.90%
20260126,23,第一網站股份有限公司,2540,risu短網址,11260,MW-300X250-MB_page_left-risu,,知名媒體,,6,6,6,0,100.00%,0.00%
20260126,23,第一網站股份有限公司,2492,ttshow,11273,MW-300X250-ttshow,,知名媒體,,18,18,14,4,77.78%,22.22%
20260126,23,第一網站股份有限公司,2601,Meme梗圖倉庫,11443,CF-336X280-meme,,,,24,24,24,0,100.00%,0.00%
20260126,23,葉志斌,2745,繁中寶可夢卡表生成器-奶爸工作室-exchange,12210,CF_728x90__文末__繁中寶可夢卡表生成器,,,,34,34,34,0,100.00%,0.00%
20260126,23,第一網站股份有限公司,2768,czbooks,12570,CF_728x90_banner_czbooks,,,,"49,588","49,588","36,902","12,686",74.42%,25.58%
20260126,23,鳳梨傳媒股份有限公司,2190,民視新聞網-Exchange,12579,CF_300x250_右側第一塊_民視新聞網-Exchange(RWD)(MCM),,知名媒體,,"1,477","1,477","1,433",44,97.02%,2.98%
20260126,23,鳳梨傳媒股份有限公司,2190,民視新聞網-Exchange,12580,CF_300x250_內文文中左側_民視新聞網-Exchange(RWD)(MCM),,知名媒體,,"1,494","1,494","1,408",86,94.24%,5.76%
20260126,23,第一網站股份有限公司,2783,漫畫櫃manhuagui,12676,CF_728X90_manhuagui,antifroud,,,"78,977","78,977","65,843","13,134",83.37%,16.63%
20260126,23,第一網站股份有限公司,2801,damanwoo,12868,CF-300x250_Banner_damanwoo_大人物,,,,6,6,6,0,100.00%,0.00%
20260126,23,第一網站股份有限公司,2820,星座好朋友(horofriend88),12966,MW_320x100_horofriend88,antifroud,,,8,8,8,0,100.00%,0.00%
20260126,23,曾憲敏,202,85小說網,13445,MW_336X280_全量1_85小說網,,,,"1,090","1,090",799,291,73.30%,26.70%
20260126,23,曾憲敏,202,85小說網,13446,MW_336X280_全量2_85小說網,,,,"8,158","8,158","6,369","1,789",78.07%,21.93%
20260126,23,曾憲敏,601,85小說網_PC,13450,(子)CF_336x280_全量2_85小說網,,,子聯播網,182,182,118,64,64.84%,35.16%
20260126,23,第一網站股份有限公司,2768,czbooks,13482,(子)CF_300x600_banner_czbooks(限時段),,,子聯播網,"3,247","3,247","2,167","1,080",66.74%,33.26%
20260126,23,第一網站股份有限公司,2768,czbooks,13483,(子)CF_970x250_banner_czbooks(限時段),,,子聯播網,"3,749","3,749","2,323","1,426",61.96%,38.04%
20260126,23,第一網站股份有限公司,2910,clickme,13548,(子)CF_300x250_banner_clickme(一般),,,子聯播網,"2,464","2,464","1,826",638,74.11%,25.89%
20260126,23,第一網站股份有限公司,2910,clickme,13549,CF_300x250_banner_clickme(一般),,,,26,26,23,3,88.46%,11.54%
20260126,23,第一網站股份有限公司,2916,KiKiNote,13576,(子)CF_300x250_banner_kikinote,,知名媒體,子聯播網,"1,587","1,587","1,483",104,93.45%,6.55%
20260126,23,闇碼科技股份有限公司,2992,縮短網址產生器-reurl-exchange,13848,CF_300x250_轉址失敗_最右邊_reurl,,知名媒體,,6,6,0,6,0.00%,100.00%
20260126,23,闇碼科技股份有限公司,2992,縮短網址產生器-reurl-exchange,13856,CF_300x250_轉址失敗頁第二塊_reurl,,知名媒體,,18,18,8,10,44.44%,55.56%
20260126,23,第一網站股份有限公司,2768,czbooks,13903,(子)CF_300x250_banner_czbooks(直播),antifroud,,子聯播網,"266,108","266,108","138,794","127,314",52.16%,47.84%
20260126,23,陳人鳳,480,飛格寵物家族_PC,1407,CF-728X90_上方通欄_飛格寵物家族,,,,54,54,42,12,77.78%,22.22%
20260126,23,陳人鳳,480,飛格寵物家族_PC,1408,CF-300X250_內文_飛格寵物家族,,,,104,104,58,46,55.77%,44.23%
20260126,23,闇碼科技股份有限公司,3048,縮短網址產生器-reurl,14210,MW_文中創意300x250_縮短網址產生器-reurl,,知名媒體,,179,179,147,32,82.12%,17.88%
20260126,23,巨思文化股份有限公司,3052,經理人_HB,14238,MW_文章結束第一塊_300x250_經理人-HB,,知名媒體,,6,6,4,2,66.67%,33.33%
20260126,23,巨思文化股份有限公司,3052,經理人_HB,14241,MW_300x250_內文下方_經理人-HB,,知名媒體,,6,6,4,2,66.67%,33.33%
20260126,23,富盈數據股份有限公司,3059,塔科女子,14258,CF_336x280_全網_塔科女子,,知名媒體,,36,36,36,0,100.00%,0.00%
20260126,23,朱光宁,3152,石頭小說-exchange,14472,MW_336x280_Banner_石頭小說,,,,"6,806","6,806","3,984","2,822",58.54%,41.46%
20260126,23,朱光宁,3149,稷下書院-exchange,14748,MW_320x100_置底(PB)_稷下書院,,,,"40,517","40,517","20,413","20,104",50.38%,49.62%
20260126,23,CBROOT LTD,3305,包子漫畫NEW-exchange,15145,(子)CF_970x250_指定流量Banner_包子漫畫(kukuc.co),antifroud,,子聯播網,827,827,827,0,100.00%,0.00%
20260126,23,和運租車股份有限公司,2878,abc好車網,15249,CF_300x250_搜尋頁右側_abc好車網,,知名媒體,,6,6,5,1,83.33%,16.67%
20260126,23,中天電視股份有限公司,3282,中天新聞網-exchange,15859,CF_336x280_內頁_PC右側互動看板B-中天新聞網-exchange,,知名媒體,,132,132,96,36,72.73%,27.27%
20260126,23,CBROOT LTD,3352,西瓜卡通-exchange,15969,CF_728x90_影音內容_西瓜卡通-exchange,,,,6,6,6,0,100.00%,0.00%
20260126,23,CBROOT LTD,3352,西瓜卡通-exchange,15970,CF_160x600_影音內容_西瓜卡通-exchange,,,,118,118,112,6,94.92%,5.08%
20260126,23,葉志斌,2745,繁中寶可夢卡表生成器-奶爸工作室-exchange,16950,CF_160x600_Banner_繁中寶可夢卡表生成器-奶爸工作室-exchange,,,,24,24,24,0,100.00%,0.00%
20260126,23,葉志斌,2745,繁中寶可夢卡表生成器-奶爸工作室-exchange,16951,CF_300x600_Banner_繁中寶可夢卡表生成器-奶爸工作室-exchange,,,,48,48,48,0,100.00%,0.00%
20260126,23,朱光宁,3360,提莫書屋-exchange,16957,MW_336x280banner_提莫書屋_exchange,,,,"23,156","23,156","17,239","5,917",74.45%,25.55%
20260126,23,朱光宁,3361,提莫書屋-mobile,16959,MW_320x480_文中創意_提莫書屋-mobile,,,,112,112,92,20,82.14%,17.86%
20260126,23,欣發現股份有限公司,3364,女子學-mobile,16972,MW_置底創意_女子學,antifroud,,,42,42,32,10,76.19%,23.81%
20260126,23,朱光宁,3149,稷下書院-exchange,17095,(子)MW_336x280_Banner_稷下書院-exchange,antifroud,,,"1,546","1,546",458,"1,088",29.62%,70.38%
20260126,23,李立娟,3395,vivi0視頻-exchange,17294,MW_336x280_Banner_vivi01視頻-exchange,antifroud,,,6,6,4,2,66.67%,33.33%
20260126,23,李立娟,3395,vivi0視頻-exchange,17300,MW_320x100_置底(PB)_vivi01視頻-exchange,antifroud,,,6,6,4,2,66.67%,33.33%
20260126,23,李立娟,3397,趣聞圖說-exchange,17309,MW_336x280_文中Banner_趣聞圖說-exchange,,,,6,6,4,2,66.67%,33.33%
20260126,23,曾憲敏,601,85小說網_PC,1773,CF-300x250_85小說網_內文1,,,,160,160,102,58,63.75%,36.25%
20260126,23,第一網站股份有限公司,3440,fsa_passback_first,18202,CF_300x250_fsa_passback_first,,,,"6,747","6,747","5,550","1,197",82.26%,17.74%
20260126,23,第一網站股份有限公司,3440,fsa_passback_first,18266,(子)CF_970x250_cfbanner_blog,,,子聯播網,30,30,30,0,100.00%,0.00%
20260126,23,冰楓科技有限公司,3485,冰楓論壇-exchange,18487,CF_970x90_內文上方第一塊_冰楓論壇-exchange,,,,842,842,684,158,81.24%,18.76%
20260126,23,冰楓科技有限公司,3485,冰楓論壇-exchange,18492,MW_300x250_Banner_ 冰楓論壇-exchange,,,,370,370,324,46,87.57%,12.43%
20260126,23,CBROOT LTD,3492,包子漫畫(特開流量)-exchange,18544,(子)CF_300x600_指定流量_包子漫畫(特開流量)-exchange,,,子聯播網,"1,063","1,063",979,84,92.10%,7.90%
20260126,23,CBROOT LTD,3492,包子漫畫(特開流量)-exchange,18558,CF_970x250_指定時段_包子漫畫(特開流量PB)-exchange,,,,"9,773","9,773","9,067",706,92.78%,7.22%
20260126,23,舒禾驊,3535,荷花動漫筆記,18887,CF_336x280_文章頁文中_荷花動漫筆記,,,,16,16,8,8,50.00%,50.00%
20260126,23,艾得基客行銷顧問股份有限公司,3552,玩具人,19044,MW_320x480_文中創意_玩具人,,知名媒體,,201,201,179,22,89.05%,10.95%
20260126,23,第一網站股份有限公司,2783,漫畫櫃manhuagui,20685,MW_300X250_manhuagui,antifroud,,,6,6,6,0,100.00%,0.00%
20260126,23,德榕企業有限公司,3577,TW Bodhi,20705,(子)CF_336x280_文章頁(RWD)_TW Bodhi,antifroud,,子聯播網,6,6,6,0,100.00%,0.00%
20260126,23,德榕企業有限公司,3578,TW Bodhi_mobile,20708,MW_蓋板_TW Bodhi,,,,731,731,728,3,99.59%,0.41%
20260126,23,德榕企業有限公司,3581,忘憂書屋,20727,CF_336x280文章頁(RWD)_忘憂書屋,,,,6,6,6,0,100.00%,0.00%
20260126,23,第一網站股份有限公司,2910,clickme,20735,(子)CF_300x250_banner_clickme(成人),,,子聯播網,"14,336","14,336","12,191","2,145",85.04%,14.96%
20260126,23,朱光宁,3269,石頭小說-mobile,21741,MW_320x480_蓋版_石頭小說-mobile,antifroud,,,6,6,6,0,100.00%,0.00%
20260126,23,富盈數據股份有限公司,3653,TVBS-女人我最大_HB,21763,MW_文中創意320x480_TVBS-女人我最大_HB,,知名媒體,,"1,740","1,740","1,705",35,97.99%,2.01%
20260126,23,富盈數據股份有限公司,3655,TVBS-食尚玩家_HB,21770,MW_文章三_336x280_TVBS-食尚玩家_HB,,知名媒體,,58,58,57,1,98.28%,1.72%
20260126,23,富盈數據股份有限公司,3655,TVBS-食尚玩家_HB,21773,MW_文中創意320x480_TVBS-食尚玩家_HB,,知名媒體,,312,312,302,10,96.79%,3.21%
20260126,23,儂儂雜誌社股份有限公司(bella儂儂),2135,Bella儂儂_2024,21876,MW-300x250_文章標題上方1_Bella儂儂,,知名媒體,,861,861,834,27,96.86%,3.14%
20260126,23,富盈數據股份有限公司,2615,熱血台中,21986,CF_336x280_全網_熱血台中,,,,28,28,28,0,100.00%,0.00%
20260126,23,富盈數據股份有限公司,2615,熱血台中,21987,CF_336x280_全網_熱血台中,,,,44,44,44,0,100.00%,0.00%
20260126,23,富盈數據股份有限公司,3704,天天要聞,22030,CF_300 x 250 banner_天天要聞_cpc2,,,,40,40,20,20,50.00%,50.00%
20260126,23,富盈數據股份有限公司,3703,繁體小說,22031,CF_300 x 250 banner_繁體小說_cpc2,,,,6,6,6,0,100.00%,0.00%
20260126,23,朱光宁,3708,石頭小說,22045,CF_336 x 280 banner_石頭小說_cpc1.67,antifroud,,,"65,578","65,578","33,011","32,567",50.34%,49.66%
20260126,23,冠妍動力科技有限公司,484,小老婆汽機車資訊網,22058,MW_文中創意320x480_小老婆汽機車資訊網-測試,,知名媒體,,6,6,3,3,50.00%,50.00%
20260126,23,朱光宁,3718,稷下書院2,22093,CF_336 x 280 banner_稷下書院2_cpc1.67,antifroud,,,"58,180","58,180","25,390","32,790",43.64%,56.36%
20260126,23,闇碼科技股份有限公司,3048,縮短網址產生器-reurl,22213,MW_蓋版_縮短網址產生器-reurl-2025.05(特殊供量),,知名媒體,,375,375,169,206,45.07%,54.93%
20260126,23,朱光宁,3741,石頭小說3,22398,CF_336 x 280 banner_石頭小說3_cpc1.67,,,,"7,789","7,789","4,383","3,406",56.27%,43.73%
20260126,23,闇碼科技股份有限公司,3068,限時圖片-imgus,22406,MW_置底_imgus,antifroud,,,195,195,194,1,99.49%,0.51%
20260126,23,李承翰-webptt,718,Web批踢踢(RWD),2284,MW-蓋板_文中_Web批踢踢,antifroud,,,78,78,51,27,65.38%,34.62%
20260126,23,麥智維,999,動漫戲說,3543,CF-728*90-內文上方-動漫戲說,antifroud,,,12,12,6,6,50.00%,50.00%
20260126,23,技達創意資訊有限公司,1299,泰好網,4733,CF-300*250-內文下方-泰好網,,,,8,8,8,0,100.00%,0.00%
20260126,23,技達創意資訊有限公司,1299,泰好網,4734,MW-320*100-首頁、內文上方-泰好網,,,,30,18,18,0,100.00%,0.00%
20260126,23,陈晋福,1367,電視超人,4997,CF-300X250-電視超人,,,,30,30,21,9,70.00%,30.00%
20260126,23,麥智維,999,動漫戲說,6069,CF-300*250-首頁-動漫戲說,,,,68,68,62,6,91.18%,8.82%
20260126,23,巧克科技新媒體股份有限公司,2127,LINE TV_Banner-exchange,8576,CF_336x280_戲劇-右側好康資訊下方_LINE TV-exchange,,知名媒體,,18,18,16,2,88.89%,11.11%
20260127,00,英屬維京群島商浩美數位有限公司台灣分公司,2315,Teepr亮新聞-exchange,10012,CF_336x280Banner_Teepr亮新聞-exchange,,知名媒體,,61,61,56,5,91.80%,8.20%
20260127,00,昱得資訊工作室,2528,數位書香,11080,CF_728x90_首頁上方_數位書香,antifroud,,,42,42,42,0,100.00%,0.00%
20260127,00,昱得資訊工作室,2528,數位書香,11081,CF_160x600_首頁右側_數位書香,antifroud,,,646,646,646,0,100.00%,0.00%
20260127,00,第一網站股份有限公司,2518,麻辣家族討論區(twbts),11082,CF-728X90-twbts,antifroud,,,"1,949","1,949","1,910",39,98.00%,2.00%
20260127,00,第一網站股份有限公司,2540,risu短網址,11260,MW-300X250-MB_page_left-risu,,知名媒體,,20,20,16,4,80.00%,20.00%
20260127,00,第一網站股份有限公司,2492,ttshow,11273,MW-300X250-ttshow,,知名媒體,,6,6,3,3,50.00%,50.00%
20260127,00,第一網站股份有限公司,2601,Meme梗圖倉庫,11443,CF-336X280-meme,,,,284,284,258,26,90.85%,9.15%
20260127,00,艾得基客行銷顧問股份有限公司,2578,鉅亨網,12070,MW_320x480_文中創意_鉅亨網,,知名媒體,,"6,288","6,288","6,195",93,98.52%,1.48%
20260127,00,第一網站股份有限公司,2540,risu短網址,12496,CF_300x250_popup(直播) _risu短網址,antifroud,知名媒體,,6,6,4,2,66.67%,33.33%
20260127,00,時報資訊股份有限公司,2770,中時電子報_HB,12559,CF_300x250_右側互動看版_中時電子報_HB,,知名媒體,,91,91,69,22,75.82%,24.18%
20260127,00,時報資訊股份有限公司,2770,中時電子報_HB,12560,CF_336x280_文中看板_中時電子報_HB,,知名媒體,,92,92,70,22,76.09%,23.91%
20260127,00,時報資訊股份有限公司,2770,中時電子報_HB,12561,MW_300x250_內頁TOP Banner_中時電子報_HB,antifroud,知名媒體,,942,942,898,44,95.33%,4.67%
20260127,00,第一網站股份有限公司,2768,czbooks,12570,CF_728x90_banner_czbooks,,,,"4,434","4,434","3,200","1,234",72.17%,27.83%
20260127,00,第一網站股份有限公司,2768,czbooks,12571,CF-300x600_Banner_czbooks,,,,"1,726","1,726","1,162",564,67.32%,32.68%
20260127,00,鳳梨傳媒股份有限公司,2190,民視新聞網-Exchange,12579,CF_300x250_右側第一塊_民視新聞網-Exchange(RWD)(MCM),,知名媒體,,406,406,389,17,95.81%,4.19%
20260127,00,鳳梨傳媒股份有限公司,2190,民視新聞網-Exchange,12580,CF_300x250_內文文中左側_民視新聞網-Exchange(RWD)(MCM),,知名媒體,,419,419,400,19,95.47%,4.53%
20260127,00,第一網站股份有限公司,2783,漫畫櫃manhuagui,12676,CF_728X90_manhuagui,antifroud,,,"61,990","61,990","54,741","7,249",88.31%,11.69%
20260127,00,第一網站股份有限公司,2820,星座好朋友(horofriend88),12966,MW_320x100_horofriend88,antifroud,,,176,176,163,13,92.61%,7.39%
20260127,00,第一網站股份有限公司,2836,vivi01,13032,MW_置底創意_vivi01 ViVi視頻,,,,12,12,11,1,91.67%,8.33%
20260127,00,第一網站股份有限公司,2838,mycard,13041,MW_320x480_加倍mycard,,,,"3,020","3,020",0,"3,020",0.00%,100.00%
20260127,00,第一網站股份有限公司,2862,Manhuaren,13254,MW_320x100_banner_manhuaren,,,,30,30,22,8,73.33%,26.67%
20260127,00,和運租車股份有限公司,2878,abc好車網,13368,CF_970x90_物件頁下方_abc好車網,,知名媒體,,8,8,4,4,50.00%,50.00%
20260127,00,譚謹恩,2885,Mr. & Mrs. Diary-exchange,13403,CF_728x90_內文上方_ Mr. & Mrs. Diary-exchange,,,,6,6,6,0,100.00%,0.00%
20260127,00,譚謹恩,2885,Mr. & Mrs. Diary-exchange,13405,CF_970x250_內文文中_Mr. & Mrs. Diary-exchange,,,,6,6,6,0,100.00%,0.00%
20260127,00,曾憲敏,202,85小說網,13445,MW_336X280_全量1_85小說網,,,,426,426,308,118,72.30%,27.70%
20260127,00,曾憲敏,202,85小說網,13446,MW_336X280_全量2_85小說網,,,,"1,940","1,940","1,510",430,77.84%,22.16%
20260127,00,第一網站股份有限公司,2910,clickme,13549,CF_300x250_banner_clickme(一般),,,,"2,114","2,114","1,873",241,88.60%,11.40%
20260127,00,第一網站股份有限公司,2768,czbooks,14036,MW_320x480_CZBOOKS,antifroud,,,"2,124","2,124","1,270",854,59.79%,40.21%
20260127,00,陳人鳳,480,飛格寵物家族_PC,1407,CF-728X90_上方通欄_飛格寵物家族,,,,30,30,17,13,56.67%,43.33%
20260127,00,陳人鳳,480,飛格寵物家族_PC,1408,CF-300X250_內文_飛格寵物家族,,,,121,121,66,55,54.55%,45.45%
20260127,00,闇碼科技股份有限公司,3048,縮短網址產生器-reurl,14210,MW_文中創意300x250_縮短網址產生器-reurl,,知名媒體,,94,94,72,22,76.60%,23.40%
20260127,00,巨思文化股份有限公司,3052,經理人_HB,14238,MW_文章結束第一塊_300x250_經理人-HB,,知名媒體,,20,20,17,3,85.00%,15.00%
20260127,00,巨思文化股份有限公司,3052,經理人_HB,14241,MW_300x250_內文下方_經理人-HB,,知名媒體,,14,14,11,3,78.57%,21.43%
20260127,00,巨思文化股份有限公司,3053,數位時代_HB,14246,MW_300x250_文章結束第一塊_數位時代-HB,,知名媒體,,6,6,6,0,100.00%,0.00%
20260127,00,富盈數據股份有限公司,3059,塔科女子,14258,CF_336x280_全網_塔科女子,,知名媒體,,159,159,159,0,100.00%,0.00%
20260127,00,CBROOT LTD,3003,包子漫畫-exchange,14291,MW_300x250_蓋板(PB)_包子漫畫,,,,"1,327","1,327","1,151",176,86.74%,13.26%
20260127,00,巨思文化股份有限公司,3052,經理人_HB,14735,MW_文中創意320x480_第二塊_數位時代_HB,,知名媒體,,6,6,4,2,66.67%,33.33%
20260127,00,朱光宁,3149,稷下書院-exchange,14748,MW_320x100_置底(PB)_稷下書院,,,,32,32,19,13,59.38%,40.62%
20260127,00,巨思文化股份有限公司,3053,數位時代_HB,14764,MW_置底創意_(非展開)_數位時代_HB,,知名媒體,,36,36,34,2,94.44%,5.56%
20260127,00,鳳梨傳媒股份有限公司,3277,民視新聞網-Mobile,14772,MW_置底創意_民視新聞-Mobile,,知名媒體,,"4,937","4,937","4,888",49,99.01%,0.99%
20260127,00,曾憲敏,3327,85小說網_創意,15227,MW-300X250_85小說網_隨身影音PB,,,,104,104,79,25,75.96%,24.04%
20260127,00,曾憲敏,3327,85小說網_創意,15228,MW-創意-85小說網,,,,"1,151","1,151",906,245,78.71%,21.29%
20260127,00,中天電視股份有限公司,3282,中天新聞網-exchange,15859,CF_336x280_內頁_PC右側互動看板B-中天新聞網-exchange,,知名媒體,,66,66,42,24,63.64%,36.36%
20260127,00,CBROOT LTD,3352,西瓜卡通-exchange,15969,CF_728x90_影音內容_西瓜卡通-exchange,,,,26,26,26,0,100.00%,0.00%
20260127,00,CBROOT LTD,3352,西瓜卡通-exchange,15970,CF_160x600_影音內容_西瓜卡通-exchange,,,,347,347,333,14,95.97%,4.03%
20260127,00,朱光宁,3360,提莫書屋-exchange,16957,MW_336x280banner_提莫書屋_exchange,,,,"18,208","18,208","13,527","4,681",74.29%,25.71%
20260127,00,朱光宁,3361,提莫書屋-mobile,16958,MW_置底創意_提莫書屋-mobile,,,,110,110,78,32,70.91%,29.09%
20260127,00,朱光宁,3361,提莫書屋-mobile,16959,MW_320x480_文中創意_提莫書屋-mobile,,,,141,141,115,26,81.56%,18.44%
20260127,00,巧克科技新媒體股份有限公司,1494,LINE TV,16964,CF_336x280_影音暫停頁_LINE TV,,知名媒體,,496,496,489,7,98.59%,1.41%
20260127,00,欣發現股份有限公司,3365,Hami任務牆-mobile,16969,MW_置底創意_Hami任務牆,,知名媒體,,160,160,118,42,73.75%,26.25%
20260127,00,欣發現股份有限公司,3364,女子學-mobile,16972,MW_置底創意_女子學,antifroud,,,"1,010","1,010",769,241,76.14%,23.86%
20260127,00,欣發現股份有限公司,3363,大人物-mobile,16973,MW_置底創意_大人物,,知名媒體,,93,93,66,27,70.97%,29.03%
20260127,00,欣發現股份有限公司,3362,妞新聞-mobile,16974,MW_置底創意_妞新聞,,知名媒體,,6,6,4,2,66.67%,33.33%
20260127,00,第一網站股份有限公司,2783,漫畫櫃manhuagui,17027,MW_320x480_蓋版_漫畫櫃manhuagui,,,,"12,530","12,530","11,706",824,93.42%,6.58%
20260127,00,詠勝科技有限公司,3385,Mobile01_HB,17175,CF_970x90_橫幅Banner_Mobile01_HB,,知名媒體,,513,513,425,88,82.85%,17.15%
20260127,00,詠勝科技有限公司,3385,Mobile01_HB,17178,CF_300x250_頻道頁_大看板_Mobile01_HB,,知名媒體,,6,6,6,0,100.00%,0.00%
20260127,00,詠勝科技有限公司,3385,Mobile01_HB,17179,CF_300x250_熱門大看板_Mobile01_HB,,知名媒體,,615,615,506,109,82.28%,17.72%
20260127,00,詠勝科技有限公司,3385,Mobile01_HB,17180,CF_300x250_置底看板左_Mobile01_HB,,知名媒體,,105,105,99,6,94.29%,5.71%
20260127,00,詠勝科技有限公司,3385,Mobile01_HB,17181,CF_300x250_置底看板中_Mobile01_HB,,知名媒體,,111,111,105,6,94.59%,5.41%
20260127,00,詠勝科技有限公司,3385,Mobile01_HB,17183,CF_300x600_大摩天_Mobile01_HB,,知名媒體,,255,255,232,23,90.98%,9.02%
20260127,00,詠勝科技有限公司,3385,Mobile01_HB,17196,CF_160x600_門神_right_Mobile01_HB,,知名媒體,,24,24,22,2,91.67%,8.33%
20260127,00,詠勝科技有限公司,3385,Mobile01_HB,17197,CF_160x600_門神_left_Mobile01_HB,,知名媒體,,24,24,22,2,91.67%,8.33%
20260127,00,詠勝科技有限公司,3385,Mobile01_HB,17204,MW_300x250_文中Banner(interscroller)_Mobile01_HB,,知名媒體,,207,207,171,36,82.61%,17.39%
20260127,00,朱光宁,3268,稷下書院-mobile,17207,MW_320x480_蓋版_稷下書院-mobile,,,,"42,437","42,437","27,704","14,733",65.28%,34.72%
20260127,00,艾得基客行銷顧問股份有限公司,3391,UDN聯合新聞網,17236,MW_置底創意_UDN聯合新聞,,知名媒體,,"12,843","12,843","12,427",416,96.76%,3.24%
20260127,00,李立娟,3395,vivi0視頻-exchange,17293,CF_336x280_Banner_vivi01視頻-exchange,antifroud,,,"38,176","38,176","35,810","2,366",93.80%,6.20%
20260127,00,李立娟,3395,vivi0視頻-exchange,17294,MW_336x280_Banner_vivi01視頻-exchange,antifroud,,,"49,068","49,068","46,568","2,500",94.91%,5.09%
20260127,00,李立娟,3395,vivi0視頻-exchange,17299,MW_300x250_蓋板(PB)-vivi01視頻-exchange,,,,6,6,4,2,66.67%,33.33%
20260127,00,李立娟,3395,vivi0視頻-exchange,17300,MW_320x100_置底(PB)_vivi01視頻-exchange,antifroud,,,"62,552","62,552","59,551","3,001",95.20%,4.80%
20260127,00,李立娟,3397,趣聞圖說-exchange,17309,MW_336x280_文中Banner_趣聞圖說-exchange,,,,18,18,15,3,83.33%,16.67%
20260127,00,曾憲敏,601,85小說網_PC,1773,CF-300x250_85小說網_內文1,,,,12,12,8,4,66.67%,33.33%
20260127,00,李立娟,3396,趣聞圖說-Mobile,17923,MW_置底創意(展開)_趣聞圖說-Mobile,,,,42,42,38,4,90.48%,9.52%
20260127,00,第一網站股份有限公司,2768,czbooks,17927,MW_置底創意_czbook,,,,"19,881","19,881","12,204","7,677",61.39%,38.61%
20260127,00,時報資訊股份有限公司_工商時報,3427,工商時報-exchange,18014,MW_300x250_文末Banner1_工商時報-exchange,,知名媒體,,12,12,12,0,100.00%,0.00%
20260127,00,時報資訊股份有限公司_工商時報,3427,工商時報-exchange,18015,MW_300x250_文末Banner2_工商時報-exchange,,知名媒體,,194,194,191,3,98.45%,1.55%
20260127,00,第一網站股份有限公司,3440,fsa_passback_first,18201,CF_336x280_fsa_passback_first,,,,127,127,72,55,56.69%,43.31%
20260127,00,第一網站股份有限公司,3440,fsa_passback_first,18202,CF_300x250_fsa_passback_first,,,,452,452,378,74,83.63%,16.37%
20260127,00,冰楓科技有限公司,3485,冰楓論壇-exchange,18487,CF_970x90_內文上方第一塊_冰楓論壇-exchange,,,,"1,103","1,101",895,206,81.29%,18.71%
20260127,00,冰楓科技有限公司,3485,冰楓論壇-exchange,18488,MW_320x100_內文上方第一塊_ 冰楓論壇-exchange,antifroud,,,142,142,122,20,85.92%,14.08%
20260127,00,冰楓科技有限公司,3485,冰楓論壇-exchange,18492,MW_300x250_Banner_ 冰楓論壇-exchange,,,,351,351,278,73,79.20%,20.80%
20260127,00,闇碼科技股份有限公司,3048,縮短網址產生器-reurl,18535,MW_蓋版_縮短網址產生器-reurl,,知名媒體,,6,6,6,0,100.00%,0.00%
20260127,00,CBROOT LTD,3492,包子漫畫(特開流量)-exchange,18557,CF_300x600_指定流量_包子漫畫(特開流量PB)-exchange,,,,120,120,115,5,95.83%,4.17%
20260127,00,CBROOT LTD,3492,包子漫畫(特開流量)-exchange,18558,CF_970x250_指定時段_包子漫畫(特開流量PB)-exchange,,,,"1,605","1,605","1,504",101,93.71%,6.29%
20260127,00,CBROOT LTD,3510,包子漫畫_twmanga-exchange,18737,CF_970x90_Banner_ 包子漫畫_twmanga-exchange,,,,44,44,44,0,100.00%,0.00%
20260127,00,台灣英文新聞股份有限公司,3537,台灣英文新聞(new)-exchange,18924,CF_300x250_內容頁_右側看版_1_台灣英文新聞(new)-exchange,,知名媒體,,6,6,3,3,50.00%,50.00%
20260127,00,聯合線上股份有限公司,3442,UDN聯合新聞網,19031,MW_置底創意_UDN聯合新聞網,antifroud,知名媒體,,"4,219","4,219","4,180",39,99.08%,0.92%
20260127,00,聯合線上股份有限公司,3549,UDN元氣網,19033,MW_置底創意_UDN元氣網,,知名媒體,,178,178,172,6,96.63%,3.37%
20260127,00,艾得基客行銷顧問股份有限公司,3552,玩具人,19044,MW_320x480_文中創意_玩具人,,知名媒體,,66,66,59,7,89.39%,10.61%
20260127,00,第一網站股份有限公司,2783,漫畫櫃manhuagui,20685,MW_300X250_manhuagui,antifroud,,,"20,120","20,120","17,414","2,706",86.55%,13.45%
20260127,00,德榕企業有限公司,3578,TW Bodhi_mobile,20707,MW_置底創意_TW Bodhi,,,,114,114,114,0,100.00%,0.00%
20260127,00,德榕企業有限公司,3578,TW Bodhi_mobile,20708,MW_蓋板_TW Bodhi,,,,266,266,266,0,100.00%,0.00%
20260127,00,德榕企業有限公司,3581,忘憂書屋,20727,CF_336x280文章頁(RWD)_忘憂書屋,,,,119,119,118,1,99.16%,0.84%
20260127,00,德榕企業有限公司,3582,忘憂書屋_mobile,20729,MW_蓋板_忘憂書屋,,,,110,110,110,0,100.00%,0.00%
20260127,00,德榕企業有限公司,3582,忘憂書屋_mobile,20730,MW_置底創意_忘憂書屋,,,,146,146,146,0,100.00%,0.00%
20260127,00,第一網站股份有限公司,2916,KiKiNote,20731,CF_300x250_banner_kikinote (PB),,知名媒體,,44,44,40,4,90.91%,9.09%
20260127,00,艾得基客行銷顧問股份有限公司,3490,太報,21317,MW_蓋版_太報,,知名媒體,,6,6,6,0,100.00%,0.00%
20260127,00,第一網站股份有限公司,2768,czbooks,21412,(子)CF_970x250_banner_czbooks(限時段)-PB,,,子聯播網,"3,351","3,351","1,933","1,418",57.68%,42.32%
20260127,00,第一網站股份有限公司,3440,fsa_passback_first,21699,CF_336x280_fsa_passback_first,,,,280,280,215,65,76.79%,23.21%
20260127,00,富盈數據股份有限公司,3653,TVBS-女人我最大_HB,21761,MW_文章四_336x280_TVBS-女人我最大_HB,,知名媒體,,102,102,102,0,100.00%,0.00%
20260127,00,富盈數據股份有限公司,3653,TVBS-女人我最大_HB,21763,MW_文中創意320x480_TVBS-女人我最大_HB,,知名媒體,,157,157,156,1,99.36%,0.64%
20260127,00,富盈數據股份有限公司,3654,TVBS-健康2.0_HB,21765,MW_文章三_336x280_TVBS-健康2.0_HB,,知名媒體,,160,160,159,1,99.38%,0.62%
20260127,00,富盈數據股份有限公司,3654,TVBS-健康2.0_HB,21768,MW_文中創意320x480_TVBS-健康2.0_HB,,知名媒體,,678,678,650,28,95.87%,4.13%
20260127,00,富盈數據股份有限公司,3655,TVBS-食尚玩家_HB,21770,MW_文章三_336x280_TVBS-食尚玩家_HB,,知名媒體,,110,110,103,7,93.64%,6.36%
20260127,00,富盈數據股份有限公司,3655,TVBS-食尚玩家_HB,21773,MW_文中創意320x480_TVBS-食尚玩家_HB,,知名媒體,,54,54,51,3,94.44%,5.56%
20260127,00,儂儂雜誌社股份有限公司(bella儂儂),2135,Bella儂儂_2024,21876,MW-300x250_文章標題上方1_Bella儂儂,,知名媒體,,120,120,115,5,95.83%,4.17%
20260127,00,富盈數據股份有限公司,3680,TVBS-新聞網_HB,21899,MW_文章一_336x280_TVBS-新聞網_HB,,知名媒體,,"8,033","8,033","7,925",108,98.66%,1.34%
20260127,00,富盈數據股份有限公司,3680,TVBS-新聞網_HB,21900,MW_文章三_336x280_TVBS-新聞網_HB,,知名媒體,,98,98,95,3,96.94%,3.06%
20260127,00,富盈數據股份有限公司,3680,TVBS-新聞網_HB,21902,MW_文章置底_320x100_TVBS-新聞網_HB,,知名媒體,,"6,443","6,443","6,365",78,98.79%,1.21%
20260127,00,富盈數據股份有限公司,3684,稅美人_mobile,21923,MW_置底創意(非展開)_稅美人-mobile,,,,6,6,3,3,50.00%,50.00%
20260127,00,富盈數據股份有限公司,3685,玩桌遊_mobile,21924,MW_置底創意(非展開)_玩桌遊-mobile,,,,124,124,91,33,73.39%,26.61%
20260127,00,富盈數據股份有限公司,2615,熱血台中,21986,CF_336x280_全網_熱血台中,,,,128,128,125,3,97.66%,2.34%
20260127,00,富盈數據股份有限公司,2615,熱血台中,21987,CF_336x280_全網_熱血台中,,,,175,175,172,3,98.29%,1.71%
20260127,00,富盈數據股份有限公司,3704,天天要聞,22030,CF_300 x 250 banner_天天要聞_cpc2,,,,486,486,270,216,55.56%,44.44%
20260127,00,富盈數據股份有限公司,3703,繁體小說,22031,CF_300 x 250 banner_繁體小說_cpc2,,,,268,268,218,50,81.34%,18.66%
20260127,00,冠妍動力科技有限公司,484,小老婆汽機車資訊網,22058,MW_文中創意320x480_小老婆汽機車資訊網-測試,,知名媒體,,6,6,3,3,50.00%,50.00%
20260127,00,英屬蓋曼群島商家庭傳媒股份有限公司城邦分公司,701,T客邦_Mobile,2213,MW_置底創意(非展開)_T客邦,,知名媒體,,6,6,6,0,100.00%,0.00%
20260127,00,富盈數據股份有限公司,3680,TVBS-新聞網_HB,22132,CF_文中300x250_TVBS-新聞網_HB_2,,知名媒體,,6,6,6,0,100.00%,0.00%
20260127,00,富盈數據股份有限公司,3680,TVBS-新聞網_HB,22133,CF_文中300x250_TVBS-新聞網_HB_3,,知名媒體,,24,24,23,1,95.83%,4.17%
20260127,00,闇碼科技股份有限公司,3048,縮短網址產生器-reurl,22213,MW_蓋版_縮短網址產生器-reurl-2025.05(特殊供量),,知名媒體,,88,88,57,31,64.77%,35.23%
20260127,00,欣發現股份有限公司,3362,妞新聞-mobile,22221,MW_蓋板_妞新聞,,知名媒體,,24,24,20,4,83.33%,16.67%
20260127,00,欣發現股份有限公司,3363,大人物-mobile,22222,MW_蓋板_大人物,,知名媒體,,87,87,65,22,74.71%,25.29%
20260127,00,朱光宁,3741,石頭小說3,22396,MW_置底_石頭小說3,,,,383,383,229,154,59.79%,40.21%
20260127,00,朱光宁,3741,石頭小說3,22398,CF_336 x 280 banner_石頭小說3_cpc1.67,,,,"2,012","2,012","1,173",839,58.30%,41.70%
20260127,00,朱光宁,3741,石頭小說3,22399,CF_320 x 480 橫幅_石頭小說3,,,,434,434,284,150,65.44%,34.56%
20260127,00,艾得基客行銷顧問股份有限公司,2825,科技紫薇,22403,MW_蓋版_科技紫微,,,,24,24,24,0,100.00%,0.00%
20260127,00,闇碼科技股份有限公司,3068,限時圖片-imgus,22406,MW_置底_imgus,antifroud,,,"1,552","1,552","1,544",8,99.48%,0.52%
20260127,00,第一網站股份有限公司,2783,漫畫櫃manhuagui,22443,MW_置底_manhuagui,antifroud,,,"78,221","78,221","73,904","4,317",94.48%,5.52%
20260127,00,艾得基客行銷顧問股份有限公司,3752,ＭoneyDJ,22515,MW_300x250 BANNER_MoneyDJ,antifroud,知名媒體,,135,135,120,15,88.89%,11.11%
20260127,00,李承翰-webptt,718,Web批踢踢(RWD),2284,MW-蓋板_文中_Web批踢踢,antifroud,,,62,62,48,14,77.42%,22.58%
20260127,00,麥智維,999,動漫戲說,3543,CF-728*90-內文上方-動漫戲說,antifroud,,,"1,128","1,128",781,347,69.24%,30.76%
20260127,00,肖偉彬,1286,龍騰世紀書庫,4673,CF-內文下方-728*90-龍騰世紀書庫,,,,6,6,3,3,50.00%,50.00%
20260127,00,肖偉彬,1287,紅櫻桃小說書庫,4678,CF-內文上方-300*250-紅櫻桃小說書庫,,,,47,47,33,14,70.21%,29.79%
20260127,00,肖偉彬,1287,紅櫻桃小說書庫,4717,MW_文中創意300x250_紅櫻桃小說書庫,,,,18,18,11,7,61.11%,38.89%
20260127,00,技達創意資訊有限公司,1299,泰好網,4733,CF-300*250-內文下方-泰好網,,,,6,6,6,0,100.00%,0.00%
20260127,00,技達創意資訊有限公司,1299,泰好網,4734,MW-320*100-首頁、內文上方-泰好網,,,,40,23,22,1,95.65%,4.35%
20260127,00,陈晋福,1367,電視超人,4997,CF-300X250-電視超人,,,,13,13,10,3,76.92%,23.08%
20260127,00,麥智維,999,動漫戲說,6069,CF-300*250-首頁-動漫戲說,,,,51,51,39,12,76.47%,23.53%
20260127,00,莊博凱,1676,夢遊電玩-exchange,6309,CF-336x280_內文上方_夢遊電玩-exchange,,,,25,25,2,23,8.00%,92.00%
20260127,00,莊博凱,1676,夢遊電玩-exchange,6310,CF-160*600-網頁右側-夢遊電玩-exchange,,,,6,6,4,2,66.67%,33.33%
20260127,00,精鏡傳媒股份有限公司,1060,鏡週刊,8250,MW_置底創意(非展開)_鏡週刊,,知名媒體,,24,24,23,1,95.83%,4.17%
20260127,00,巧克科技新媒體股份有限公司,2127,LINE TV_Banner-exchange,8576,CF_336x280_戲劇-右側好康資訊下方_LINE TV-exchange,,知名媒體,,191,191,189,2,98.95%,1.05%
20260127,00,巧克科技新媒體股份有限公司,2127,LINE TV_Banner-exchange,8577,CF_336x280_戲劇-右側好康資訊上方_LINE TV-exchange,,知名媒體,,577,577,563,14,97.57%,2.43%
20260127,00,見聞科技有限公司,2251,就是節目表,9233,MW-300x250-節目表文中-就是節目表,,,,136,71,6,65,8.45%,91.55%
20260127,01,英屬維京群島商浩美數位有限公司台灣分公司,2315,Teepr亮新聞-exchange,10012,CF_336x280Banner_Teepr亮新聞-exchange,,知名媒體,,12,12,12,0,100.00%,0.00%
20260127,01,昱得資訊工作室,2528,數位書香,11080,CF_728x90_首頁上方_數位書香,antifroud,,,42,42,42,0,100.00%,0.00%
20260127,01,昱得資訊工作室,2528,數位書香,11081,CF_160x600_首頁右側_數位書香,antifroud,,,623,623,623,0,100.00%,0.00%
20260127,01,第一網站股份有限公司,2518,麻辣家族討論區(twbts),11082,CF-728X90-twbts,antifroud,,,"1,793","1,793","1,776",17,99.05%,0.95%
20260127,01,第一網站股份有限公司,2540,risu短網址,11260,MW-300X250-MB_page_left-risu,,知名媒體,,200,200,173,27,86.50%,13.50%
20260127,01,第一網站股份有限公司,2492,ttshow,11273,MW-300X250-ttshow,,知名媒體,,18,18,15,3,83.33%,16.67%
20260127,01,第一網站股份有限公司,2601,Meme梗圖倉庫,11443,CF-336X280-meme,,,,442,442,404,38,91.40%,8.60%
20260127,01,第一網站股份有限公司,2540,risu短網址,11978,MW_變形蓋版_risu短網址,,知名媒體,,66,66,59,7,89.39%,10.61%
20260127,01,第一網站股份有限公司,2540,risu短網址,11979,MW_置底創意_risu短網址(IOS),,知名媒體,,20,20,18,2,90.00%,10.00%
20260127,01,第一網站股份有限公司,2540,risu短網址,12009,MW_置底創意_risu短網址(Android),,知名媒體,,6,6,6,0,100.00%,0.00%
20260127,01,艾得基客行銷顧問股份有限公司,2578,鉅亨網,12070,MW_320x480_文中創意_鉅亨網,,知名媒體,,"2,165","2,165","2,126",39,98.20%,1.80%
20260127,01,第一網站股份有限公司,2540,risu短網址,12496,CF_300x250_popup(直播) _risu短網址,antifroud,知名媒體,,12,12,10,2,83.33%,16.67%
20260127,01,時報資訊股份有限公司,2770,中時電子報_HB,12559,CF_300x250_右側互動看版_中時電子報_HB,,知名媒體,,12,12,10,2,83.33%,16.67%
20260127,01,時報資訊股份有限公司,2770,中時電子報_HB,12560,CF_336x280_文中看板_中時電子報_HB,,知名媒體,,12,12,10,2,83.33%,16.67%
20260127,01,時報資訊股份有限公司,2770,中時電子報_HB,12561,MW_300x250_內頁TOP Banner_中時電子報_HB,antifroud,知名媒體,,796,796,745,51,93.59%,6.41%
20260127,01,第一網站股份有限公司,2768,czbooks,12570,CF_728x90_banner_czbooks,,,,"4,368","4,368","3,468",900,79.40%,20.60%
20260127,01,第一網站股份有限公司,2768,czbooks,12571,CF-300x600_Banner_czbooks,,,,"1,711","1,711","1,197",514,69.96%,30.04%
20260127,01,鳳梨傳媒股份有限公司,2190,民視新聞網-Exchange,12579,CF_300x250_右側第一塊_民視新聞網-Exchange(RWD)(MCM),,知名媒體,,80,80,80,0,100.00%,0.00%
20260127,01,鳳梨傳媒股份有限公司,2190,民視新聞網-Exchange,12580,CF_300x250_內文文中左側_民視新聞網-Exchange(RWD)(MCM),,知名媒體,,64,64,63,1,98.44%,1.56%
20260127,01,第一網站股份有限公司,2783,漫畫櫃manhuagui,12676,CF_728X90_manhuagui,antifroud,,,"40,896","40,896","36,736","4,160",89.83%,10.17%
20260127,01,第一網站股份有限公司,2801,damanwoo,12868,CF-300x250_Banner_damanwoo_大人物,,,,8,8,6,2,75.00%,25.00%
20260127,01,第一網站股份有限公司,2820,星座好朋友(horofriend88),12966,MW_320x100_horofriend88,antifroud,,,42,42,38,4,90.48%,9.52%
20260127,01,第一網站股份有限公司,2862,Manhuaren,13254,MW_320x100_banner_manhuaren,,,,18,18,12,6,66.67%,33.33%
20260127,01,和運租車股份有限公司,2878,abc好車網,13368,CF_970x90_物件頁下方_abc好車網,,知名媒體,,6,6,4,2,66.67%,33.33%
20260127,01,曾憲敏,202,85小說網,13445,MW_336X280_全量1_85小說網,,,,174,174,127,47,72.99%,27.01%
20260127,01,曾憲敏,202,85小說網,13446,MW_336X280_全量2_85小說網,,,,948,948,744,204,78.48%,21.52%
20260127,01,第一網站股份有限公司,2910,clickme,13549,CF_300x250_banner_clickme(一般),,,,"1,144","1,144","1,017",127,88.90%,11.10%
20260127,01,第一網站股份有限公司,2768,czbooks,14036,MW_320x480_CZBOOKS,antifroud,,,740,740,439,301,59.32%,40.68%
20260127,01,陳人鳳,480,飛格寵物家族_PC,1407,CF-728X90_上方通欄_飛格寵物家族,,,,8,8,6,2,75.00%,25.00%
20260127,01,陳人鳳,480,飛格寵物家族_PC,1408,CF-300X250_內文_飛格寵物家族,,,,115,115,78,37,67.83%,32.17%
20260127,01,闇碼科技股份有限公司,3048,縮短網址產生器-reurl,14210,MW_文中創意300x250_縮短網址產生器-reurl,,知名媒體,,62,62,35,27,56.45%,43.55%
20260127,01,巨思文化股份有限公司,3052,經理人_HB,14238,MW_文章結束第一塊_300x250_經理人-HB,,知名媒體,,12,12,10,2,83.33%,16.67%
20260127,01,巨思文化股份有限公司,3052,經理人_HB,14241,MW_300x250_內文下方_經理人-HB,,知名媒體,,6,6,4,2,66.67%,33.33%
20260127,01,富盈數據股份有限公司,3059,塔科女子,14258,CF_336x280_全網_塔科女子,,知名媒體,,117,117,117,0,100.00%,0.00%
20260127,01,CBROOT LTD,3003,包子漫畫-exchange,14291,MW_300x250_蓋板(PB)_包子漫畫,,,,"2,437","2,437","2,085",352,85.56%,14.44%
20260127,01,朱光宁,3268,稷下書院-mobile,14737,MW_置底創意(非展開)_稷下書院-mobile,,,,12,12,8,4,66.67%,33.33%
20260127,01,朱光宁,3149,稷下書院-exchange,14748,MW_320x100_置底(PB)_稷下書院,,,,"21,914","21,914","11,082","10,832",50.57%,49.43%
20260127,01,巨思文化股份有限公司,3053,數位時代_HB,14764,MW_置底創意_(非展開)_數位時代_HB,,知名媒體,,6,6,6,0,100.00%,0.00%
20260127,01,鳳梨傳媒股份有限公司,3277,民視新聞網-Mobile,14772,MW_置底創意_民視新聞-Mobile,,知名媒體,,6,6,5,1,83.33%,16.67%
20260127,01,曾憲敏,3327,85小說網_創意,15227,MW-300X250_85小說網_隨身影音PB,,,,36,36,27,9,75.00%,25.00%
20260127,01,曾憲敏,3327,85小說網_創意,15228,MW-創意-85小說網,,,,334,334,273,61,81.74%,18.26%
20260127,01,CBROOT LTD,3352,西瓜卡通-exchange,15969,CF_728x90_影音內容_西瓜卡通-exchange,,,,12,12,12,0,100.00%,0.00%
20260127,01,CBROOT LTD,3352,西瓜卡通-exchange,15970,CF_160x600_影音內容_西瓜卡通-exchange,,,,552,552,543,9,98.37%,1.63%
20260127,01,朱光宁,3360,提莫書屋-exchange,16957,MW_336x280banner_提莫書屋_exchange,,,,"11,982","11,981","8,651","3,330",72.21%,27.79%
20260127,01,朱光宁,3361,提莫書屋-mobile,16958,MW_置底創意_提莫書屋-mobile,,,,44,44,31,13,70.45%,29.55%
20260127,01,朱光宁,3361,提莫書屋-mobile,16959,MW_320x480_文中創意_提莫書屋-mobile,,,,24,24,20,4,83.33%,16.67%
20260127,01,巧克科技新媒體股份有限公司,1494,LINE TV,16964,CF_336x280_影音暫停頁_LINE TV,,知名媒體,,26,26,26,0,100.00%,0.00%
20260127,01,欣發現股份有限公司,3365,Hami任務牆-mobile,16969,MW_置底創意_Hami任務牆,,知名媒體,,36,36,26,10,72.22%,27.78%
20260127,01,欣發現股份有限公司,3364,女子學-mobile,16972,MW_置底創意_女子學,antifroud,,,296,296,226,70,76.35%,23.65%
20260127,01,欣發現股份有限公司,3363,大人物-mobile,16973,MW_置底創意_大人物,,知名媒體,,12,12,10,2,83.33%,16.67%
20260127,01,欣發現股份有限公司,3362,妞新聞-mobile,16974,MW_置底創意_妞新聞,,知名媒體,,6,6,5,1,83.33%,16.67%
20260127,01,第一網站股份有限公司,2783,漫畫櫃manhuagui,17027,MW_320x480_蓋版_漫畫櫃manhuagui,,,,"7,000","7,000","6,555",445,93.64%,6.36%
20260127,01,詠勝科技有限公司,3385,Mobile01_HB,17175,CF_970x90_橫幅Banner_Mobile01_HB,,知名媒體,,203,203,164,39,80.79%,19.21%
20260127,01,詠勝科技有限公司,3385,Mobile01_HB,17176,CF_728x90_內頁橫幅Banner_7F_Mobile01_HB,,知名媒體,,14,14,4,10,28.57%,71.43%
20260127,01,詠勝科技有限公司,3385,Mobile01_HB,17179,CF_300x250_熱門大看板_Mobile01_HB,,知名媒體,,333,333,276,57,82.88%,17.12%
20260127,01,詠勝科技有限公司,3385,Mobile01_HB,17180,CF_300x250_置底看板左_Mobile01_HB,,知名媒體,,94,94,81,13,86.17%,13.83%
20260127,01,詠勝科技有限公司,3385,Mobile01_HB,17181,CF_300x250_置底看板中_Mobile01_HB,,知名媒體,,100,100,87,13,87.00%,13.00%
20260127,01,詠勝科技有限公司,3385,Mobile01_HB,17183,CF_300x600_大摩天_Mobile01_HB,,知名媒體,,78,78,68,10,87.18%,12.82%
20260127,01,詠勝科技有限公司,3385,Mobile01_HB,17196,CF_160x600_門神_right_Mobile01_HB,,知名媒體,,46,46,37,9,80.43%,19.57%
20260127,01,詠勝科技有限公司,3385,Mobile01_HB,17197,CF_160x600_門神_left_Mobile01_HB,,知名媒體,,52,52,42,10,80.77%,19.23%
20260127,01,詠勝科技有限公司,3385,Mobile01_HB,17204,MW_300x250_文中Banner(interscroller)_Mobile01_HB,,知名媒體,,187,187,147,40,78.61%,21.39%
20260127,01,朱光宁,3268,稷下書院-mobile,17207,MW_320x480_蓋版_稷下書院-mobile,,,,"16,831","16,831","10,820","6,011",64.29%,35.71%
20260127,01,艾得基客行銷顧問股份有限公司,3391,UDN聯合新聞網,17236,MW_置底創意_UDN聯合新聞,,知名媒體,,"3,918","3,918","3,660",258,93.42%,6.58%
20260127,01,李立娟,3395,vivi0視頻-exchange,17293,CF_336x280_Banner_vivi01視頻-exchange,antifroud,,,"26,310","26,310","24,795","1,515",94.24%,5.76%
20260127,01,李立娟,3395,vivi0視頻-exchange,17294,MW_336x280_Banner_vivi01視頻-exchange,antifroud,,,"28,883","28,879","27,444","1,435",95.03%,4.97%
20260127,01,李立娟,3395,vivi0視頻-exchange,17299,MW_300x250_蓋板(PB)-vivi01視頻-exchange,,,,6,6,6,0,100.00%,0.00%
20260127,01,李立娟,3395,vivi0視頻-exchange,17300,MW_320x100_置底(PB)_vivi01視頻-exchange,antifroud,,,"40,654","40,651","38,956","1,695",95.83%,4.17%
20260127,01,第一網站股份有限公司,2768,czbooks,17927,MW_置底創意_czbook,,,,"10,854","10,854","6,717","4,137",61.89%,38.11%
20260127,01,時報資訊股份有限公司_工商時報,3427,工商時報-exchange,18015,MW_300x250_文末Banner2_工商時報-exchange,,知名媒體,,122,122,117,5,95.90%,4.10%
20260127,01,第一網站股份有限公司,3440,fsa_passback_first,18201,CF_336x280_fsa_passback_first,,,,"1,782","1,782","1,332",450,74.75%,25.25%
20260127,01,第一網站股份有限公司,3440,fsa_passback_first,18202,CF_300x250_fsa_passback_first,,,,"1,522","1,522","1,143",379,75.10%,24.90%
20260127,01,莊博凱,3455,夢遊電玩,18269,300x250 Banner,,,,6,6,6,0,100.00%,0.00%
20260127,01,朱光宁,3268,稷下書院-mobile,18297,MW_置底創意(展開)_稷下書院-mobile,,,,746,746,438,308,58.71%,41.29%
20260127,01,冰楓科技有限公司,3485,冰楓論壇-exchange,18487,CF_970x90_內文上方第一塊_冰楓論壇-exchange,,,,686,686,618,68,90.09%,9.91%
20260127,01,冰楓科技有限公司,3485,冰楓論壇-exchange,18488,MW_320x100_內文上方第一塊_ 冰楓論壇-exchange,antifroud,,,72,72,58,14,80.56%,19.44%
20260127,01,冰楓科技有限公司,3485,冰楓論壇-exchange,18492,MW_300x250_Banner_ 冰楓論壇-exchange,,,,286,286,252,34,88.11%,11.89%
20260127,01,CBROOT LTD,3492,包子漫畫(特開流量)-exchange,18557,CF_300x600_指定流量_包子漫畫(特開流量PB)-exchange,,,,229,229,211,18,92.14%,7.86%
20260127,01,CBROOT LTD,3510,包子漫畫_twmanga-exchange,18737,CF_970x90_Banner_ 包子漫畫_twmanga-exchange,,,,515,515,479,36,93.01%,6.99%
20260127,01,舒禾驊,3535,荷花動漫筆記,18887,CF_336x280_文章頁文中_荷花動漫筆記,,,,6,6,4,2,66.67%,33.33%
20260127,01,台灣英文新聞股份有限公司,3537,台灣英文新聞(new)-exchange,18914,MW_320x100_內文頁_置頂橫幅_台灣英文新聞(new)-exchange,,知名媒體,,6,6,6,0,100.00%,0.00%
20260127,01,台灣英文新聞股份有限公司,3537,台灣英文新聞(new)-exchange,18924,CF_300x250_內容頁_右側看版_1_台灣英文新聞(new)-exchange,,知名媒體,,12,12,4,8,33.33%,66.67%
20260127,01,台灣英文新聞股份有限公司,3537,台灣英文新聞(new)-exchange,18925,CF_300x600_內容頁_右側看版_2_台灣英文新聞(new)-exchange,,知名媒體,,6,6,6,0,100.00%,0.00%
20260127,01,聯合線上股份有限公司,3442,UDN聯合新聞網,19031,MW_置底創意_UDN聯合新聞網,antifroud,知名媒體,,907,907,896,11,98.79%,1.21%
20260127,01,聯合線上股份有限公司,3549,UDN元氣網,19033,MW_置底創意_UDN元氣網,,知名媒體,,80,80,78,2,97.50%,2.50%
20260127,01,艾得基客行銷顧問股份有限公司,3552,玩具人,19044,MW_320x480_文中創意_玩具人,,知名媒體,,12,12,12,0,100.00%,0.00%
20260127,01,第一網站股份有限公司,2783,漫畫櫃manhuagui,20685,MW_300X250_manhuagui,antifroud,,,"17,317","17,317","15,063","2,254",86.98%,13.02%
20260127,01,德榕企業有限公司,3578,TW Bodhi_mobile,20707,MW_置底創意_TW Bodhi,,,,54,54,54,0,100.00%,0.00%
20260127,01,德榕企業有限公司,3578,TW Bodhi_mobile,20708,MW_蓋板_TW Bodhi,,,,142,142,141,1,99.30%,0.70%
20260127,01,德榕企業有限公司,3581,忘憂書屋,20727,CF_336x280文章頁(RWD)_忘憂書屋,,,,48,48,48,0,100.00%,0.00%
20260127,01,德榕企業有限公司,3582,忘憂書屋_mobile,20729,MW_蓋板_忘憂書屋,,,,60,60,60,0,100.00%,0.00%
20260127,01,德榕企業有限公司,3582,忘憂書屋_mobile,20730,MW_置底創意_忘憂書屋,,,,48,48,47,1,97.92%,2.08%
20260127,01,第一網站股份有限公司,2916,KiKiNote,20731,CF_300x250_banner_kikinote (PB),,知名媒體,,56,56,49,7,87.50%,12.50%
20260127,01,第一網站股份有限公司,2768,czbooks,21412,(子)CF_970x250_banner_czbooks(限時段)-PB,,,子聯播網,"3,906","3,906","2,255","1,651",57.73%,42.27%
20260127,01,第一網站股份有限公司,3440,fsa_passback_first,21699,CF_336x280_fsa_passback_first,,,,459,459,350,109,76.25%,23.75%
20260127,01,富盈數據股份有限公司,3653,TVBS-女人我最大_HB,21761,MW_文章四_336x280_TVBS-女人我最大_HB,,知名媒體,,82,82,82,0,100.00%,0.00%
20260127,01,富盈數據股份有限公司,3653,TVBS-女人我最大_HB,21762,MW_文章置底_320x100_TVBS-女人我最大_HB,,知名媒體,,50,50,50,0,100.00%,0.00%
20260127,01,富盈數據股份有限公司,3653,TVBS-女人我最大_HB,21763,MW_文中創意320x480_TVBS-女人我最大_HB,,知名媒體,,53,53,53,0,100.00%,0.00%
20260127,01,富盈數據股份有限公司,3654,TVBS-健康2.0_HB,21765,MW_文章三_336x280_TVBS-健康2.0_HB,,知名媒體,,117,117,117,0,100.00%,0.00%
20260127,01,富盈數據股份有限公司,3654,TVBS-健康2.0_HB,21768,MW_文中創意320x480_TVBS-健康2.0_HB,,知名媒體,,220,220,214,6,97.27%,2.73%
20260127,01,富盈數據股份有限公司,3655,TVBS-食尚玩家_HB,21770,MW_文章三_336x280_TVBS-食尚玩家_HB,,知名媒體,,12,12,12,0,100.00%,0.00%
20260127,01,富盈數據股份有限公司,3654,TVBS-健康2.0_HB,21812,MW_文章一_336x280_TVBS-健康2.0_HB,,知名媒體,,118,118,113,5,95.76%,4.24%
20260127,01,儂儂雜誌社股份有限公司(bella儂儂),2135,Bella儂儂_2024,21876,MW-300x250_文章標題上方1_Bella儂儂,,知名媒體,,68,68,65,3,95.59%,4.41%
20260127,01,富盈數據股份有限公司,3680,TVBS-新聞網_HB,21899,MW_文章一_336x280_TVBS-新聞網_HB,,知名媒體,,"2,148","2,148","2,103",45,97.91%,2.09%
20260127,01,富盈數據股份有限公司,3680,TVBS-新聞網_HB,21902,MW_文章置底_320x100_TVBS-新聞網_HB,,知名媒體,,"1,567","1,567","1,531",36,97.70%,2.30%
20260127,01,富盈數據股份有限公司,3685,玩桌遊_mobile,21924,MW_置底創意(非展開)_玩桌遊-mobile,,,,565,565,439,126,77.70%,22.30%
20260127,01,富盈數據股份有限公司,2615,熱血台中,21986,CF_336x280_全網_熱血台中,,,,104,104,103,1,99.04%,0.96%
20260127,01,富盈數據股份有限公司,2615,熱血台中,21987,CF_336x280_全網_熱血台中,,,,183,183,173,10,94.54%,5.46%
20260127,01,富盈數據股份有限公司,3704,天天要聞,22030,CF_300 x 250 banner_天天要聞_cpc2,,,,737,737,384,353,52.10%,47.90%
20260127,01,富盈數據股份有限公司,3703,繁體小說,22031,CF_300 x 250 banner_繁體小說_cpc2,,,,228,228,173,55,75.88%,24.12%
20260127,01,闇碼科技股份有限公司,3048,縮短網址產生器-reurl,22213,MW_蓋版_縮短網址產生器-reurl-2025.05(特殊供量),,知名媒體,,55,53,26,27,49.06%,50.94%
20260127,01,欣發現股份有限公司,3363,大人物-mobile,22222,MW_蓋板_大人物,,知名媒體,,6,6,6,0,100.00%,0.00%
20260127,01,朱光宁,3741,石頭小說3,22396,MW_置底_石頭小說3,,,,243,243,150,93,61.73%,38.27%
20260127,01,朱光宁,3741,石頭小說3,22398,CF_336 x 280 banner_石頭小說3_cpc1.67,,,,"2,581","2,581","1,531","1,050",59.32%,40.68%
20260127,01,朱光宁,3741,石頭小說3,22399,CF_320 x 480 橫幅_石頭小說3,,,,77,77,48,29,62.34%,37.66%
20260127,01,闇碼科技股份有限公司,3068,限時圖片-imgus,22406,MW_置底_imgus,antifroud,,,596,596,594,2,99.66%,0.34%
20260127,01,第一網站股份有限公司,2783,漫畫櫃manhuagui,22443,MW_置底_manhuagui,antifroud,,,"46,121","46,121","43,668","2,453",94.68%,5.32%
20260127,01,艾得基客行銷顧問股份有限公司,3752,ＭoneyDJ,22515,MW_300x250 BANNER_MoneyDJ,antifroud,知名媒體,,12,12,12,0,100.00%,0.00%
20260127,01,李承翰-webptt,718,Web批踢踢(RWD),2284,MW-蓋板_文中_Web批踢踢,antifroud,,,26,26,20,6,76.92%,23.08%
20260127,01,麥智維,999,動漫戲說,3543,CF-728*90-內文上方-動漫戲說,antifroud,,,502,502,305,197,60.76%,39.24%
20260127,01,肖偉彬,1287,紅櫻桃小說書庫,4678,CF-內文上方-300*250-紅櫻桃小說書庫,,,,32,32,24,8,75.00%,25.00%
20260127,01,肖偉彬,1286,龍騰世紀書庫,4716,CF-內文中間-300*250-龍騰世紀書庫,,,,6,6,4,2,66.67%,33.33%
20260127,01,技達創意資訊有限公司,1299,泰好網,4733,CF-300*250-內文下方-泰好網,,,,12,12,12,0,100.00%,0.00%
20260127,01,技達創意資訊有限公司,1299,泰好網,4734,MW-320*100-首頁、內文上方-泰好網,,,,12,12,12,0,100.00%,0.00%
20260127,01,陈晋福,1367,電視超人,4997,CF-300X250-電視超人,,,,21,21,18,3,85.71%,14.29%
20260127,01,麥智維,999,動漫戲說,6069,CF-300*250-首頁-動漫戲說,,,,20,20,16,4,80.00%,20.00%
20260127,01,台灣時報社股份有限公司,1665,台灣時報電子報,6263,CF-300X600-右側通欄-台灣時報電子報,,,,6,6,0,6,0.00%,100.00%
20260127,01,莊博凱,1676,夢遊電玩-exchange,6310,CF-160*600-網頁右側-夢遊電玩-exchange,,,,6,6,6,0,100.00%,0.00%
20260127,01,巧克科技新媒體股份有限公司,2127,LINE TV_Banner-exchange,8576,CF_336x280_戲劇-右側好康資訊下方_LINE TV-exchange,,知名媒體,,20,20,20,0,100.00%,0.00%
20260127,01,巧克科技新媒體股份有限公司,2127,LINE TV_Banner-exchange,8577,CF_336x280_戲劇-右側好康資訊上方_LINE TV-exchange,,知名媒體,,45,45,44,1,97.78%,2.22%
20260127,01,冰楓科技有限公司,1711,冰楓短網址,9308,ＭＷ-300X250-跳轉頁下方-冰楓短網址,,,,6,6,4,2,66.67%,33.33%
20260127,01,冰楓科技有限公司,2289,BFFile,9576,CF-300X600-下載頁上方-BFFile,,,,12,12,12,0,100.00%,0.00%
20260127,02,英屬維京群島商浩美數位有限公司台灣分公司,2315,Teepr亮新聞-exchange,10012,CF_336x280Banner_Teepr亮新聞-exchange,,知名媒體,,6,6,2,4,33.33%,66.67%
20260127,02,昱得資訊工作室,2528,數位書香,11080,CF_728x90_首頁上方_數位書香,antifroud,,,36,36,36,0,100.00%,0.00%
20260127,02,昱得資訊工作室,2528,數位書香,11081,CF_160x600_首頁右側_數位書香,antifroud,,,878,878,878,0,100.00%,0.00%
20260127,02,第一網站股份有限公司,2518,麻辣家族討論區(twbts),11082,CF-728X90-twbts,antifroud,,,"2,157","2,157","2,136",21,99.03%,0.97%
20260127,02,第一網站股份有限公司,2540,risu短網址,11260,MW-300X250-MB_page_left-risu,,知名媒體,,111,111,94,17,84.68%,15.32%
20260127,02,第一網站股份有限公司,2492,ttshow,11273,MW-300X250-ttshow,,知名媒體,,26,26,14,12,53.85%,46.15%
20260127,02,第一網站股份有限公司,2601,Meme梗圖倉庫,11443,CF-336X280-meme,,,,305,305,251,54,82.30%,17.70%
20260127,02,第一網站股份有限公司,2540,risu短網址,11978,MW_變形蓋版_risu短網址,,知名媒體,,30,30,26,4,86.67%,13.33%
20260127,02,第一網站股份有限公司,2540,risu短網址,11979,MW_置底創意_risu短網址(IOS),,知名媒體,,31,31,29,2,93.55%,6.45%
20260127,02,艾得基客行銷顧問股份有限公司,2578,鉅亨網,12070,MW_320x480_文中創意_鉅亨網,,知名媒體,,740,740,722,18,97.57%,2.43%
20260127,02,第一網站股份有限公司,2540,risu短網址,12496,CF_300x250_popup(直播) _risu短網址,antifroud,知名媒體,,42,42,33,9,78.57%,21.43%
20260127,02,時報資訊股份有限公司,2770,中時電子報_HB,12560,CF_336x280_文中看板_中時電子報_HB,,知名媒體,,6,6,4,2,66.67%,33.33%
20260127,02,時報資訊股份有限公司,2770,中時電子報_HB,12561,MW_300x250_內頁TOP Banner_中時電子報_HB,antifroud,知名媒體,,422,422,408,14,96.68%,3.32%
20260127,02,第一網站股份有限公司,2768,czbooks,12570,CF_728x90_banner_czbooks,,,,"2,783","2,783","2,468",315,88.68%,11.32%
20260127,02,第一網站股份有限公司,2768,czbooks,12571,CF-300x600_Banner_czbooks,,,,272,272,169,103,62.13%,37.87%
20260127,02,鳳梨傳媒股份有限公司,2190,民視新聞網-Exchange,12579,CF_300x250_右側第一塊_民視新聞網-Exchange(RWD)(MCM),,知名媒體,,30,30,27,3,90.00%,10.00%
20260127,02,鳳梨傳媒股份有限公司,2190,民視新聞網-Exchange,12580,CF_300x250_內文文中左側_民視新聞網-Exchange(RWD)(MCM),,知名媒體,,30,30,23,7,76.67%,23.33%
20260127,02,第一網站股份有限公司,2783,漫畫櫃manhuagui,12676,CF_728X90_manhuagui,antifroud,,,"28,167","28,167","25,084","3,083",89.05%,10.95%
20260127,02,第一網站股份有限公司,2801,damanwoo,12868,CF-300x250_Banner_damanwoo_大人物,,,,6,6,6,0,100.00%,0.00%
20260127,02,第一網站股份有限公司,2820,星座好朋友(horofriend88),12966,MW_320x100_horofriend88,antifroud,,,12,12,12,0,100.00%,0.00%
20260127,02,第一網站股份有限公司,2862,Manhuaren,13254,MW_320x100_banner_manhuaren,,,,6,6,5,1,83.33%,16.67%
20260127,02,譚謹恩,2885,Mr. & Mrs. Diary-exchange,13406,MW_300x250_內文文中-Mr. & Mrs. Diary-exchange,,,,6,6,6,0,100.00%,0.00%
20260127,02,曾憲敏,202,85小說網,13445,MW_336X280_全量1_85小說網,,,,48,48,39,9,81.25%,18.75%
20260127,02,曾憲敏,202,85小說網,13446,MW_336X280_全量2_85小說網,,,,416,416,318,98,76.44%,23.56%
20260127,02,第一網站股份有限公司,2910,clickme,13549,CF_300x250_banner_clickme(一般),,,,"1,470","1,470","1,192",278,81.09%,18.91%
20260127,02,第一網站股份有限公司,2768,czbooks,14036,MW_320x480_CZBOOKS,antifroud,,,221,221,134,87,60.63%,39.37%
20260127,02,陳人鳳,480,飛格寵物家族_PC,1407,CF-728X90_上方通欄_飛格寵物家族,,,,25,25,14,11,56.00%,44.00%
20260127,02,陳人鳳,480,飛格寵物家族_PC,1408,CF-300X250_內文_飛格寵物家族,,,,51,51,33,18,64.71%,35.29%
20260127,02,闇碼科技股份有限公司,3048,縮短網址產生器-reurl,14210,MW_文中創意300x250_縮短網址產生器-reurl,,知名媒體,,"4,296","4,296",51,"4,245",1.19%,98.81%
20260127,02,富盈數據股份有限公司,3059,塔科女子,14258,CF_336x280_全網_塔科女子,,知名媒體,,107,107,105,2,98.13%,1.87%
20260127,02,CBROOT LTD,3003,包子漫畫-exchange,14291,MW_300x250_蓋板(PB)_包子漫畫,,,,"2,245","2,245","1,864",381,83.03%,16.97%
20260127,02,朱光宁,3268,稷下書院-mobile,14737,MW_置底創意(非展開)_稷下書院-mobile,,,,14,14,7,7,50.00%,50.00%
20260127,02,朱光宁,3149,稷下書院-exchange,14748,MW_320x100_置底(PB)_稷下書院,,,,"14,750","14,749","7,374","7,375",50.00%,50.00%
20260127,02,曾憲敏,3327,85小說網_創意,15228,MW-創意-85小說網,,,,88,88,66,22,75.00%,25.00%
20260127,02,CBROOT LTD,3352,西瓜卡通-exchange,15969,CF_728x90_影音內容_西瓜卡通-exchange,,,,24,24,24,0,100.00%,0.00%
20260127,02,CBROOT LTD,3352,西瓜卡通-exchange,15970,CF_160x600_影音內容_西瓜卡通-exchange,,,,328,328,323,5,98.48%,1.52%
20260127,02,朱光宁,3360,提莫書屋-exchange,16957,MW_336x280banner_提莫書屋_exchange,,,,"8,489","8,489","6,455","2,034",76.04%,23.96%
20260127,02,朱光宁,3361,提莫書屋-mobile,16958,MW_置底創意_提莫書屋-mobile,,,,18,18,16,2,88.89%,11.11%
20260127,02,朱光宁,3361,提莫書屋-mobile,16959,MW_320x480_文中創意_提莫書屋-mobile,,,,12,12,9,3,75.00%,25.00%
20260127,02,欣發現股份有限公司,3365,Hami任務牆-mobile,16969,MW_置底創意_Hami任務牆,,知名媒體,,6,6,5,1,83.33%,16.67%
20260127,02,欣發現股份有限公司,3364,女子學-mobile,16972,MW_置底創意_女子學,antifroud,,,30,30,21,9,70.00%,30.00%
20260127,02,第一網站股份有限公司,2783,漫畫櫃manhuagui,17027,MW_320x480_蓋版_漫畫櫃manhuagui,,,,"4,485","4,485","4,147",338,92.46%,7.54%
20260127,02,詠勝科技有限公司,3385,Mobile01_HB,17175,CF_970x90_橫幅Banner_Mobile01_HB,,知名媒體,,142,142,107,35,75.35%,24.65%
20260127,02,詠勝科技有限公司,3385,Mobile01_HB,17176,CF_728x90_內頁橫幅Banner_7F_Mobile01_HB,,知名媒體,,8,8,4,4,50.00%,50.00%
20260127,02,詠勝科技有限公司,3385,Mobile01_HB,17179,CF_300x250_熱門大看板_Mobile01_HB,,知名媒體,,168,168,128,40,76.19%,23.81%
20260127,02,詠勝科技有限公司,3385,Mobile01_HB,17180,CF_300x250_置底看板左_Mobile01_HB,,知名媒體,,54,54,45,9,83.33%,16.67%
20260127,02,詠勝科技有限公司,3385,Mobile01_HB,17181,CF_300x250_置底看板中_Mobile01_HB,,知名媒體,,54,54,45,9,83.33%,16.67%
20260127,02,詠勝科技有限公司,3385,Mobile01_HB,17183,CF_300x600_大摩天_Mobile01_HB,,知名媒體,,56,56,42,14,75.00%,25.00%
20260127,02,詠勝科技有限公司,3385,Mobile01_HB,17204,MW_300x250_文中Banner(interscroller)_Mobile01_HB,,知名媒體,,80,80,68,12,85.00%,15.00%
20260127,02,朱光宁,3268,稷下書院-mobile,17207,MW_320x480_蓋版_稷下書院-mobile,,,,"9,312","9,312","5,754","3,558",61.79%,38.21%
20260127,02,艾得基客行銷顧問股份有限公司,3391,UDN聯合新聞網,17236,MW_置底創意_UDN聯合新聞,,知名媒體,,128,128,126,2,98.44%,1.56%
20260127,02,李立娟,3395,vivi0視頻-exchange,17293,CF_336x280_Banner_vivi01視頻-exchange,antifroud,,,"17,437","17,437","15,985","1,452",91.67%,8.33%
20260127,02,李立娟,3395,vivi0視頻-exchange,17294,MW_336x280_Banner_vivi01視頻-exchange,antifroud,,,"19,181","19,181","18,089","1,092",94.31%,5.69%
20260127,02,李立娟,3395,vivi0視頻-exchange,17299,MW_300x250_蓋板(PB)-vivi01視頻-exchange,,,,6,6,6,0,100.00%,0.00%
20260127,02,李立娟,3395,vivi0視頻-exchange,17300,MW_320x100_置底(PB)_vivi01視頻-exchange,antifroud,,,"27,271","27,271","26,046","1,225",95.51%,4.49%
20260127,02,曾憲敏,601,85小說網_PC,1773,CF-300x250_85小說網_內文1,,,,6,6,5,1,83.33%,16.67%
20260127,02,李立娟,3396,趣聞圖說-Mobile,17923,MW_置底創意(展開)_趣聞圖說-Mobile,,,,6,6,6,0,100.00%,0.00%
20260127,02,第一網站股份有限公司,2768,czbooks,17927,MW_置底創意_czbook,,,,"5,787","5,787","3,604","2,183",62.28%,37.72%
20260127,02,時報資訊股份有限公司_工商時報,3427,工商時報-exchange,18014,MW_300x250_文末Banner1_工商時報-exchange,,知名媒體,,6,6,6,0,100.00%,0.00%
20260127,02,時報資訊股份有限公司_工商時報,3427,工商時報-exchange,18015,MW_300x250_文末Banner2_工商時報-exchange,,知名媒體,,68,68,67,1,98.53%,1.47%
20260127,02,第一網站股份有限公司,3440,fsa_passback_first,18201,CF_336x280_fsa_passback_first,,,,"1,954","1,954","1,432",522,73.29%,26.71%
20260127,02,第一網站股份有限公司,3440,fsa_passback_first,18202,CF_300x250_fsa_passback_first,,,,"2,790","2,790","1,726","1,064",61.86%,38.14%
20260127,02,朱光宁,3268,稷下書院-mobile,18297,MW_置底創意(展開)_稷下書院-mobile,,,,289,289,172,117,59.52%,40.48%
20260127,02,冰楓科技有限公司,3485,冰楓論壇-exchange,18487,CF_970x90_內文上方第一塊_冰楓論壇-exchange,,,,302,302,243,59,80.46%,19.54%
20260127,02,冰楓科技有限公司,3485,冰楓論壇-exchange,18488,MW_320x100_內文上方第一塊_ 冰楓論壇-exchange,antifroud,,,56,56,42,14,75.00%,25.00%
20260127,02,冰楓科技有限公司,3485,冰楓論壇-exchange,18492,MW_300x250_Banner_ 冰楓論壇-exchange,,,,138,138,120,18,86.96%,13.04%
20260127,02,CBROOT LTD,3492,包子漫畫(特開流量)-exchange,18557,CF_300x600_指定流量_包子漫畫(特開流量PB)-exchange,,,,192,192,169,23,88.02%,11.98%
20260127,02,CBROOT LTD,3510,包子漫畫_twmanga-exchange,18737,CF_970x90_Banner_ 包子漫畫_twmanga-exchange,,,,108,108,98,10,90.74%,9.26%
20260127,02,舒禾驊,3535,荷花動漫筆記,18887,CF_336x280_文章頁文中_荷花動漫筆記,,,,6,6,3,3,50.00%,50.00%
20260127,02,台灣英文新聞股份有限公司,3537,台灣英文新聞(new)-exchange,18924,CF_300x250_內容頁_右側看版_1_台灣英文新聞(new)-exchange,,知名媒體,,12,12,2,10,16.67%,83.33%
20260127,02,第一網站股份有限公司,2783,漫畫櫃manhuagui,20685,MW_300X250_manhuagui,antifroud,,,"14,016","14,016","11,799","2,217",84.18%,15.82%
20260127,02,德榕企業有限公司,3578,TW Bodhi_mobile,20707,MW_置底創意_TW Bodhi,,,,12,12,12,0,100.00%,0.00%
20260127,02,德榕企業有限公司,3578,TW Bodhi_mobile,20708,MW_蓋板_TW Bodhi,,,,30,30,30,0,100.00%,0.00%
20260127,02,德榕企業有限公司,3581,忘憂書屋,20727,CF_336x280文章頁(RWD)_忘憂書屋,,,,12,12,12,0,100.00%,0.00%
20260127,02,德榕企業有限公司,3582,忘憂書屋_mobile,20729,MW_蓋板_忘憂書屋,,,,18,18,18,0,100.00%,0.00%
20260127,02,第一網站股份有限公司,2916,KiKiNote,20731,CF_300x250_banner_kikinote (PB),,知名媒體,,30,30,27,3,90.00%,10.00%
20260127,02,第一網站股份有限公司,2768,czbooks,21412,(子)CF_970x250_banner_czbooks(限時段)-PB,,,子聯播網,"2,913","2,913","1,672","1,241",57.40%,42.60%
20260127,02,第一網站股份有限公司,3440,fsa_passback_first,21699,CF_336x280_fsa_passback_first,,,,559,559,453,106,81.04%,18.96%
20260127,02,富盈數據股份有限公司,3653,TVBS-女人我最大_HB,21761,MW_文章四_336x280_TVBS-女人我最大_HB,,知名媒體,,60,60,58,2,96.67%,3.33%
20260127,02,富盈數據股份有限公司,3653,TVBS-女人我最大_HB,21762,MW_文章置底_320x100_TVBS-女人我最大_HB,,知名媒體,,6,6,6,0,100.00%,0.00%
20260127,02,富盈數據股份有限公司,3653,TVBS-女人我最大_HB,21763,MW_文中創意320x480_TVBS-女人我最大_HB,,知名媒體,,24,24,23,1,95.83%,4.17%
20260127,02,富盈數據股份有限公司,3654,TVBS-健康2.0_HB,21765,MW_文章三_336x280_TVBS-健康2.0_HB,,知名媒體,,52,52,52,0,100.00%,0.00%
20260127,02,富盈數據股份有限公司,3654,TVBS-健康2.0_HB,21768,MW_文中創意320x480_TVBS-健康2.0_HB,,知名媒體,,42,42,41,1,97.62%,2.38%
20260127,02,富盈數據股份有限公司,3655,TVBS-食尚玩家_HB,21770,MW_文章三_336x280_TVBS-食尚玩家_HB,,知名媒體,,6,6,6,0,100.00%,0.00%
20260127,02,富盈數據股份有限公司,3655,TVBS-食尚玩家_HB,21773,MW_文中創意320x480_TVBS-食尚玩家_HB,,知名媒體,,6,6,6,0,100.00%,0.00%
20260127,02,富盈數據股份有限公司,3654,TVBS-健康2.0_HB,21812,MW_文章一_336x280_TVBS-健康2.0_HB,,知名媒體,,46,46,45,1,97.83%,2.17%
20260127,02,儂儂雜誌社股份有限公司(bella儂儂),2135,Bella儂儂_2024,21876,MW-300x250_文章標題上方1_Bella儂儂,,知名媒體,,18,18,17,1,94.44%,5.56%
20260127,02,富盈數據股份有限公司,3680,TVBS-新聞網_HB,21899,MW_文章一_336x280_TVBS-新聞網_HB,,知名媒體,,"2,731","2,731","2,675",56,97.95%,2.05%
20260127,02,富盈數據股份有限公司,3680,TVBS-新聞網_HB,21902,MW_文章置底_320x100_TVBS-新聞網_HB,,知名媒體,,"3,046","3,046","2,980",66,97.83%,2.17%
20260127,02,富盈數據股份有限公司,3685,玩桌遊_mobile,21924,MW_置底創意(非展開)_玩桌遊-mobile,,,,126,126,97,29,76.98%,23.02%
20260127,02,富盈數據股份有限公司,2615,熱血台中,21986,CF_336x280_全網_熱血台中,,,,30,30,30,0,100.00%,0.00%
20260127,02,富盈數據股份有限公司,2615,熱血台中,21987,CF_336x280_全網_熱血台中,,,,110,110,107,3,97.27%,2.73%
20260127,02,富盈數據股份有限公司,3704,天天要聞,22030,CF_300 x 250 banner_天天要聞_cpc2,,,,512,512,265,247,51.76%,48.24%
20260127,02,富盈數據股份有限公司,3703,繁體小說,22031,CF_300 x 250 banner_繁體小說_cpc2,,,,163,163,111,52,68.10%,31.90%
20260127,02,冰楓科技有限公司,3485,冰楓論壇-exchange,22160,CF_300x250_Banner2_ 冰楓論壇-exchange,,,,6,6,0,6,0.00%,100.00%
20260127,02,闇碼科技股份有限公司,3048,縮短網址產生器-reurl,22213,MW_蓋版_縮短網址產生器-reurl-2025.05(特殊供量),,知名媒體,,"4,278","4,278",37,"4,241",0.86%,99.14%
20260127,02,欣發現股份有限公司,3363,大人物-mobile,22222,MW_蓋板_大人物,,知名媒體,,18,18,16,2,88.89%,11.11%
20260127,02,朱光宁,3741,石頭小說3,22396,MW_置底_石頭小說3,,,,154,154,97,57,62.99%,37.01%
20260127,02,朱光宁,3741,石頭小說3,22398,CF_336 x 280 banner_石頭小說3_cpc1.67,,,,"1,981","1,981","1,168",813,58.96%,41.04%
20260127,02,朱光宁,3741,石頭小說3,22399,CF_320 x 480 橫幅_石頭小說3,,,,37,37,23,14,62.16%,37.84%
20260127,02,闇碼科技股份有限公司,3068,限時圖片-imgus,22406,MW_置底_imgus,antifroud,,,54,54,54,0,100.00%,0.00%
20260127,02,第一網站股份有限公司,2783,漫畫櫃manhuagui,22443,MW_置底_manhuagui,antifroud,,,"36,233","36,233","33,927","2,306",93.64%,6.36%
20260127,02,李承翰-webptt,718,Web批踢踢(RWD),2284,MW-蓋板_文中_Web批踢踢,antifroud,,,44,44,29,15,65.91%,34.09%
20260127,02,李承翰-webptt,718,Web批踢踢(RWD),2290,MW-300x250&336x280_第一塊_Web批踢踢(RWD),,,,6,6,6,0,100.00%,0.00%
20260127,02,麥智維,999,動漫戲說,3543,CF-728*90-內文上方-動漫戲說,antifroud,,,337,337,211,126,62.61%,37.39%
20260127,02,蔡建磊,1269,跑跑資訊站,4622,CF-300X250-內文右側-跑跑資訊站,,,,12,12,8,4,66.67%,33.33%
20260127,02,肖偉彬,1287,紅櫻桃小說書庫,4678,CF-內文上方-300*250-紅櫻桃小說書庫,,,,21,21,12,9,57.14%,42.86%
20260127,02,肖偉彬,1286,龍騰世紀書庫,4716,CF-內文中間-300*250-龍騰世紀書庫,,,,6,6,3,3,50.00%,50.00%
20260127,02,肖偉彬,1287,紅櫻桃小說書庫,4717,MW_文中創意300x250_紅櫻桃小說書庫,,,,12,12,8,4,66.67%,33.33%
20260127,02,技達創意資訊有限公司,1299,泰好網,4734,MW-320*100-首頁、內文上方-泰好網,,,,6,6,6,0,100.00%,0.00%
20260127,02,陈晋福,1367,電視超人,4997,CF-300X250-電視超人,,,,6,6,3,3,50.00%,50.00%
20260127,02,麥智維,999,動漫戲說,6069,CF-300*250-首頁-動漫戲說,,,,26,26,23,3,88.46%,11.54%
20260127,02,巧克科技新媒體股份有限公司,2127,LINE TV_Banner-exchange,8577,CF_336x280_戲劇-右側好康資訊上方_LINE TV-exchange,,知名媒體,,6,6,6,0,100.00%,0.00%
20260127,03,英屬維京群島商浩美數位有限公司台灣分公司,2315,Teepr亮新聞-exchange,10012,CF_336x280Banner_Teepr亮新聞-exchange,,知名媒體,,18,18,6,12,33.33%,66.67%
20260127,03,昱得資訊工作室,2528,數位書香,11080,CF_728x90_首頁上方_數位書香,antifroud,,,42,42,42,0,100.00%,0.00%
20260127,03,昱得資訊工作室,2528,數位書香,11081,CF_160x600_首頁右側_數位書香,antifroud,,,847,847,847,0,100.00%,0.00%
20260127,03,第一網站股份有限公司,2518,麻辣家族討論區(twbts),11082,CF-728X90-twbts,antifroud,,,"2,387","2,387","2,349",38,98.41%,1.59%
20260127,03,第一網站股份有限公司,2540,risu短網址,11260,MW-300X250-MB_page_left-risu,,知名媒體,,6,6,6,0,100.00%,0.00%
20260127,03,第一網站股份有限公司,2492,ttshow,11273,MW-300X250-ttshow,,知名媒體,,6,6,6,0,100.00%,0.00%
20260127,03,第一網站股份有限公司,2601,Meme梗圖倉庫,11443,CF-336X280-meme,,,,365,365,295,70,80.82%,19.18%
20260127,03,艾得基客行銷顧問股份有限公司,2578,鉅亨網,12070,MW_320x480_文中創意_鉅亨網,,知名媒體,,362,362,354,8,97.79%,2.21%
20260127,03,時報資訊股份有限公司,2770,中時電子報_HB,12559,CF_300x250_右側互動看版_中時電子報_HB,,知名媒體,,12,12,8,4,66.67%,33.33%
20260127,03,時報資訊股份有限公司,2770,中時電子報_HB,12561,MW_300x250_內頁TOP Banner_中時電子報_HB,antifroud,知名媒體,,266,266,253,13,95.11%,4.89%
20260127,03,第一網站股份有限公司,2768,czbooks,12570,CF_728x90_banner_czbooks,,,,"1,598","1,598","1,437",161,89.92%,10.08%
20260127,03,第一網站股份有限公司,2768,czbooks,12571,CF-300x600_Banner_czbooks,,,,18,18,11,7,61.11%,38.89%
20260127,03,鳳梨傳媒股份有限公司,2190,民視新聞網-Exchange,12579,CF_300x250_右側第一塊_民視新聞網-Exchange(RWD)(MCM),,知名媒體,,6,6,6,0,100.00%,0.00%
20260127,03,鳳梨傳媒股份有限公司,2190,民視新聞網-Exchange,12580,CF_300x250_內文文中左側_民視新聞網-Exchange(RWD)(MCM),,知名媒體,,12,12,10,2,83.33%,16.67%
20260127,03,第一網站股份有限公司,2783,漫畫櫃manhuagui,12676,CF_728X90_manhuagui,antifroud,,,"17,001","17,001","14,881","2,120",87.53%,12.47%
20260127,03,第一網站股份有限公司,2801,damanwoo,12868,CF-300x250_Banner_damanwoo_大人物,,,,6,6,6,0,100.00%,0.00%
20260127,03,第一網站股份有限公司,2820,星座好朋友(horofriend88),12966,MW_320x100_horofriend88,antifroud,,,18,18,17,1,94.44%,5.56%
20260127,03,第一網站股份有限公司,2862,Manhuaren,13254,MW_320x100_banner_manhuaren,,,,6,6,4,2,66.67%,33.33%
20260127,03,譚謹恩,2885,Mr. & Mrs. Diary-exchange,13405,CF_970x250_內文文中_Mr. & Mrs. Diary-exchange,,,,6,6,6,0,100.00%,0.00%
20260127,03,曾憲敏,202,85小說網,13445,MW_336X280_全量1_85小說網,,,,18,18,15,3,83.33%,16.67%
20260127,03,曾憲敏,202,85小說網,13446,MW_336X280_全量2_85小說網,,,,204,204,157,47,76.96%,23.04%
20260127,03,第一網站股份有限公司,2910,clickme,13549,CF_300x250_banner_clickme(一般),,,,699,699,580,119,82.98%,17.02%
20260127,03,第一網站股份有限公司,2768,czbooks,14036,MW_320x480_CZBOOKS,antifroud,,,50,50,30,20,60.00%,40.00%
20260127,03,陳人鳳,480,飛格寵物家族_PC,1407,CF-728X90_上方通欄_飛格寵物家族,,,,12,12,7,5,58.33%,41.67%
20260127,03,陳人鳳,480,飛格寵物家族_PC,1408,CF-300X250_內文_飛格寵物家族,,,,50,50,34,16,68.00%,32.00%
20260127,03,闇碼科技股份有限公司,3048,縮短網址產生器-reurl,14210,MW_文中創意300x250_縮短網址產生器-reurl,,知名媒體,,40,40,30,10,75.00%,25.00%
20260127,03,富盈數據股份有限公司,3059,塔科女子,14258,CF_336x280_全網_塔科女子,,知名媒體,,132,132,132,0,100.00%,0.00%
20260127,03,CBROOT LTD,3003,包子漫畫-exchange,14291,MW_300x250_蓋板(PB)_包子漫畫,,,,"1,414","1,414","1,172",242,82.89%,17.11%
20260127,03,朱光宁,3149,稷下書院-exchange,14748,MW_320x100_置底(PB)_稷下書院,,,,"9,159","9,159","4,795","4,364",52.35%,47.65%
20260127,03,曾憲敏,3327,85小說網_創意,15227,MW-300X250_85小說網_隨身影音PB,,,,12,12,11,1,91.67%,8.33%
20260127,03,曾憲敏,3327,85小說網_創意,15228,MW-創意-85小說網,,,,92,92,67,25,72.83%,27.17%
20260127,03,CBROOT LTD,3352,西瓜卡通-exchange,15969,CF_728x90_影音內容_西瓜卡通-exchange,,,,12,12,12,0,100.00%,0.00%
20260127,03,CBROOT LTD,3352,西瓜卡通-exchange,15970,CF_160x600_影音內容_西瓜卡通-exchange,,,,460,460,457,3,99.35%,0.65%
20260127,03,朱光宁,3360,提莫書屋-exchange,16957,MW_336x280banner_提莫書屋_exchange,,,,"6,076","6,075","4,503","1,572",74.12%,25.88%
20260127,03,朱光宁,3361,提莫書屋-mobile,16958,MW_置底創意_提莫書屋-mobile,,,,6,6,4,2,66.67%,33.33%
20260127,03,朱光宁,3361,提莫書屋-mobile,16959,MW_320x480_文中創意_提莫書屋-mobile,,,,6,6,6,0,100.00%,0.00%
20260127,03,欣發現股份有限公司,3363,大人物-mobile,16973,MW_置底創意_大人物,,知名媒體,,12,12,8,4,66.67%,33.33%
20260127,03,第一網站股份有限公司,2783,漫畫櫃manhuagui,17027,MW_320x480_蓋版_漫畫櫃manhuagui,,,,"2,022","2,022","1,869",153,92.43%,7.57%
20260127,03,詠勝科技有限公司,3385,Mobile01_HB,17175,CF_970x90_橫幅Banner_Mobile01_HB,,知名媒體,,54,54,36,18,66.67%,33.33%
20260127,03,詠勝科技有限公司,3385,Mobile01_HB,17179,CF_300x250_熱門大看板_Mobile01_HB,,知名媒體,,109,109,77,32,70.64%,29.36%
20260127,03,詠勝科技有限公司,3385,Mobile01_HB,17204,MW_300x250_文中Banner(interscroller)_Mobile01_HB,,知名媒體,,6,6,5,1,83.33%,16.67%
20260127,03,朱光宁,3268,稷下書院-mobile,17207,MW_320x480_蓋版_稷下書院-mobile,,,,"5,560","5,560","3,426","2,134",61.62%,38.38%
20260127,03,艾得基客行銷顧問股份有限公司,3391,UDN聯合新聞網,17236,MW_置底創意_UDN聯合新聞,,知名媒體,,94,94,92,2,97.87%,2.13%
20260127,03,李立娟,3395,vivi0視頻-exchange,17293,CF_336x280_Banner_vivi01視頻-exchange,antifroud,,,"15,077","15,077","13,867","1,210",91.97%,8.03%
20260127,03,李立娟,3395,vivi0視頻-exchange,17294,MW_336x280_Banner_vivi01視頻-exchange,antifroud,,,"14,641","14,641","13,665",976,93.33%,6.67%
20260127,03,李立娟,3395,vivi0視頻-exchange,17300,MW_320x100_置底(PB)_vivi01視頻-exchange,antifroud,,,"19,324","19,324","18,135","1,189",93.85%,6.15%
20260127,03,第一網站股份有限公司,2768,czbooks,17927,MW_置底創意_czbook,,,,"2,749","2,749","1,693","1,056",61.59%,38.41%
20260127,03,時報資訊股份有限公司_工商時報,3427,工商時報-exchange,18003,CF_300x250_互動看板2_工商時報-exchange,,知名媒體,,36,36,16,20,44.44%,55.56%
20260127,03,時報資訊股份有限公司_工商時報,3427,工商時報-exchange,18007,CF_336x280_文末右側看板_工商時報-exchange,,知名媒體,,12,12,2,10,16.67%,83.33%
20260127,03,時報資訊股份有限公司_工商時報,3427,工商時報-exchange,18008,CF_336x280_文末左側看板_工商時報-exchange,,知名媒體,,20,20,5,15,25.00%,75.00%
20260127,03,時報資訊股份有限公司_工商時報,3427,工商時報-exchange,18015,MW_300x250_文末Banner2_工商時報-exchange,,知名媒體,,12,12,12,0,100.00%,0.00%
20260127,03,第一網站股份有限公司,3440,fsa_passback_first,18201,CF_336x280_fsa_passback_first,,,,"1,032","1,032",768,264,74.42%,25.58%
20260127,03,第一網站股份有限公司,3440,fsa_passback_first,18202,CF_300x250_fsa_passback_first,,,,"8,591","8,591","4,572","4,019",53.22%,46.78%
20260127,03,莊博凱,3455,夢遊電玩,18269,300x250 Banner,,,,12,12,8,4,66.67%,33.33%
20260127,03,時報資訊股份有限公司_工商時報,3427,工商時報-exchange,18278,CF_336x280_文中-MiddleBillboard_工商時報-exchange,,知名媒體,,26,26,8,18,30.77%,69.23%
20260127,03,朱光宁,3268,稷下書院-mobile,18297,MW_置底創意(展開)_稷下書院-mobile,,,,133,133,78,55,58.65%,41.35%
20260127,03,冰楓科技有限公司,3485,冰楓論壇-exchange,18487,CF_970x90_內文上方第一塊_冰楓論壇-exchange,,,,212,212,174,38,82.08%,17.92%
20260127,03,冰楓科技有限公司,3485,冰楓論壇-exchange,18488,MW_320x100_內文上方第一塊_ 冰楓論壇-exchange,antifroud,,,44,44,36,8,81.82%,18.18%
20260127,03,冰楓科技有限公司,3485,冰楓論壇-exchange,18492,MW_300x250_Banner_ 冰楓論壇-exchange,,,,96,96,78,18,81.25%,18.75%
20260127,03,闇碼科技股份有限公司,3048,縮短網址產生器-reurl,18535,MW_蓋版_縮短網址產生器-reurl,,知名媒體,,6,6,6,0,100.00%,0.00%
20260127,03,CBROOT LTD,3492,包子漫畫(特開流量)-exchange,18557,CF_300x600_指定流量_包子漫畫(特開流量PB)-exchange,,,,106,106,98,8,92.45%,7.55%
20260127,03,CBROOT LTD,3510,包子漫畫_twmanga-exchange,18737,CF_970x90_Banner_ 包子漫畫_twmanga-exchange,,,,154,154,150,4,97.40%,2.60%
20260127,03,第一網站股份有限公司,2783,漫畫櫃manhuagui,20685,MW_300X250_manhuagui,antifroud,,,"9,140","9,140","7,693","1,447",84.17%,15.83%
20260127,03,德榕企業有限公司,3578,TW Bodhi_mobile,20708,MW_蓋板_TW Bodhi,,,,12,12,12,0,100.00%,0.00%
20260127,03,德榕企業有限公司,3581,忘憂書屋,20727,CF_336x280文章頁(RWD)_忘憂書屋,,,,12,12,12,0,100.00%,0.00%
20260127,03,德榕企業有限公司,3582,忘憂書屋_mobile,20729,MW_蓋板_忘憂書屋,,,,18,18,18,0,100.00%,0.00%
20260127,03,第一網站股份有限公司,2916,KiKiNote,20731,CF_300x250_banner_kikinote (PB),,知名媒體,,12,12,10,2,83.33%,16.67%
20260127,03,第一網站股份有限公司,2768,czbooks,21412,(子)CF_970x250_banner_czbooks(限時段)-PB,,,子聯播網,"1,875","1,875","1,051",824,56.05%,43.95%
20260127,03,第一網站股份有限公司,3440,fsa_passback_first,21699,CF_336x280_fsa_passback_first,,,,390,390,309,81,79.23%,20.77%
20260127,03,富盈數據股份有限公司,3653,TVBS-女人我最大_HB,21761,MW_文章四_336x280_TVBS-女人我最大_HB,,知名媒體,,12,12,12,0,100.00%,0.00%
20260127,03,富盈數據股份有限公司,3654,TVBS-健康2.0_HB,21768,MW_文中創意320x480_TVBS-健康2.0_HB,,知名媒體,,12,12,12,0,100.00%,0.00%
20260127,03,富盈數據股份有限公司,3655,TVBS-食尚玩家_HB,21770,MW_文章三_336x280_TVBS-食尚玩家_HB,,知名媒體,,6,6,5,1,83.33%,16.67%
20260127,03,富盈數據股份有限公司,3654,TVBS-健康2.0_HB,21812,MW_文章一_336x280_TVBS-健康2.0_HB,,知名媒體,,12,12,12,0,100.00%,0.00%
20260127,03,儂儂雜誌社股份有限公司(bella儂儂),2135,Bella儂儂_2024,21876,MW-300x250_文章標題上方1_Bella儂儂,,知名媒體,,6,6,6,0,100.00%,0.00%
20260127,03,富盈數據股份有限公司,3680,TVBS-新聞網_HB,21899,MW_文章一_336x280_TVBS-新聞網_HB,,知名媒體,,"1,996","1,996","1,953",43,97.85%,2.15%
20260127,03,富盈數據股份有限公司,3680,TVBS-新聞網_HB,21900,MW_文章三_336x280_TVBS-新聞網_HB,,知名媒體,,6,6,6,0,100.00%,0.00%
20260127,03,富盈數據股份有限公司,3680,TVBS-新聞網_HB,21902,MW_文章置底_320x100_TVBS-新聞網_HB,,知名媒體,,"2,353","2,353","2,294",59,97.49%,2.51%
20260127,03,富盈數據股份有限公司,3685,玩桌遊_mobile,21924,MW_置底創意(非展開)_玩桌遊-mobile,,,,40,40,31,9,77.50%,22.50%
20260127,03,富盈數據股份有限公司,2615,熱血台中,21986,CF_336x280_全網_熱血台中,,,,76,76,76,0,100.00%,0.00%
20260127,03,富盈數據股份有限公司,2615,熱血台中,21987,CF_336x280_全網_熱血台中,,,,116,116,116,0,100.00%,0.00%
20260127,03,富盈數據股份有限公司,3704,天天要聞,22030,CF_300 x 250 banner_天天要聞_cpc2,,,,443,443,239,204,53.95%,46.05%
20260127,03,富盈數據股份有限公司,3703,繁體小說,22031,CF_300 x 250 banner_繁體小說_cpc2,,,,279,279,202,77,72.40%,27.60%
20260127,03,闇碼科技股份有限公司,3048,縮短網址產生器-reurl,22213,MW_蓋版_縮短網址產生器-reurl-2025.05(特殊供量),,知名媒體,,16,16,9,7,56.25%,43.75%
20260127,03,朱光宁,3741,石頭小說3,22396,MW_置底_石頭小說3,,,,66,66,40,26,60.61%,39.39%
20260127,03,朱光宁,3741,石頭小說3,22398,CF_336 x 280 banner_石頭小說3_cpc1.67,,,,"2,168","2,168","1,293",875,59.64%,40.36%
20260127,03,朱光宁,3741,石頭小說3,22399,CF_320 x 480 橫幅_石頭小說3,,,,12,12,6,6,50.00%,50.00%
20260127,03,闇碼科技股份有限公司,3068,限時圖片-imgus,22406,MW_置底_imgus,antifroud,,,26,26,26,0,100.00%,0.00%
20260127,03,第一網站股份有限公司,2783,漫畫櫃manhuagui,22443,MW_置底_manhuagui,antifroud,,,"22,716","22,716","21,248","1,468",93.54%,6.46%
20260127,03,李承翰-webptt,718,Web批踢踢(RWD),2284,MW-蓋板_文中_Web批踢踢,antifroud,,,14,14,12,2,85.71%,14.29%
20260127,03,麥智維,999,動漫戲說,3543,CF-728*90-內文上方-動漫戲說,antifroud,,,454,454,262,192,57.71%,42.29%
20260127,03,蔡建磊,1269,跑跑資訊站,4622,CF-300X250-內文右側-跑跑資訊站,,,,6,6,6,0,100.00%,0.00%
20260127,03,高政德,1015,小鎮資訊,4656,CF-300X250_小政_小鎮資訊,,,,6,6,0,6,0.00%,100.00%
20260127,03,肖偉彬,1286,龍騰世紀書庫,4673,CF-內文下方-728*90-龍騰世紀書庫,,,,6,6,3,3,50.00%,50.00%
20260127,03,肖偉彬,1287,紅櫻桃小說書庫,4678,CF-內文上方-300*250-紅櫻桃小說書庫,,,,6,6,6,0,100.00%,0.00%
20260127,03,技達創意資訊有限公司,1299,泰好網,4733,CF-300*250-內文下方-泰好網,,,,12,12,12,0,100.00%,0.00%
20260127,03,技達創意資訊有限公司,1299,泰好網,4734,MW-320*100-首頁、內文上方-泰好網,,,,36,36,32,4,88.89%,11.11%
20260127,03,麥智維,999,動漫戲說,6069,CF-300*250-首頁-動漫戲說,,,,6,6,6,0,100.00%,0.00%
20260127,04,昱得資訊工作室,2528,數位書香,11080,CF_728x90_首頁上方_數位書香,antifroud,,,32,32,32,0,100.00%,0.00%
20260127,04,昱得資訊工作室,2528,數位書香,11081,CF_160x600_首頁右側_數位書香,antifroud,,,990,990,988,2,99.80%,0.20%
20260127,04,第一網站股份有限公司,2518,麻辣家族討論區(twbts),11082,CF-728X90-twbts,antifroud,,,"2,327","2,327","2,294",33,98.58%,1.42%
20260127,04,第一網站股份有限公司,2492,ttshow,11273,MW-300X250-ttshow,,知名媒體,,12,12,12,0,100.00%,0.00%
20260127,04,第一網站股份有限公司,2601,Meme梗圖倉庫,11443,CF-336X280-meme,,,,135,135,117,18,86.67%,13.33%
20260127,04,艾得基客行銷顧問股份有限公司,2578,鉅亨網,12070,MW_320x480_文中創意_鉅亨網,,知名媒體,,453,453,442,11,97.57%,2.43%
20260127,04,第一網站股份有限公司,2540,risu短網址,12496,CF_300x250_popup(直播) _risu短網址,antifroud,知名媒體,,6,6,4,2,66.67%,33.33%
20260127,04,時報資訊股份有限公司,2770,中時電子報_HB,12561,MW_300x250_內頁TOP Banner_中時電子報_HB,antifroud,知名媒體,,290,290,274,16,94.48%,5.52%
20260127,04,第一網站股份有限公司,2768,czbooks,12570,CF_728x90_banner_czbooks,,,,"1,143","1,143","1,081",62,94.58%,5.42%
20260127,04,第一網站股份有限公司,2768,czbooks,12571,CF-300x600_Banner_czbooks,,,,64,64,39,25,60.94%,39.06%
20260127,04,鳳梨傳媒股份有限公司,2190,民視新聞網-Exchange,12580,CF_300x250_內文文中左側_民視新聞網-Exchange(RWD)(MCM),,知名媒體,,12,12,8,4,66.67%,33.33%
20260127,04,第一網站股份有限公司,2783,漫畫櫃manhuagui,12676,CF_728X90_manhuagui,antifroud,,,"10,312","10,312","8,868","1,444",86.00%,14.00%
20260127,04,第一網站股份有限公司,2801,damanwoo,12868,CF-300x250_Banner_damanwoo_大人物,,,,6,6,6,0,100.00%,0.00%
20260127,04,第一網站股份有限公司,2820,星座好朋友(horofriend88),12966,MW_320x100_horofriend88,antifroud,,,18,18,18,0,100.00%,0.00%
20260127,04,第一網站股份有限公司,2838,mycard,13041,MW_320x480_加倍mycard,,,,12,12,0,12,0.00%,100.00%
20260127,04,第一網站股份有限公司,2862,Manhuaren,13254,MW_320x100_banner_manhuaren,,,,24,24,21,3,87.50%,12.50%
20260127,04,曾憲敏,202,85小說網,13445,MW_336X280_全量1_85小說網,,,,14,14,12,2,85.71%,14.29%
20260127,04,曾憲敏,202,85小說網,13446,MW_336X280_全量2_85小說網,,,,140,140,112,28,80.00%,20.00%
20260127,04,第一網站股份有限公司,2910,clickme,13549,CF_300x250_banner_clickme(一般),,,,741,741,667,74,90.01%,9.99%
20260127,04,第一網站股份有限公司,2768,czbooks,14036,MW_320x480_CZBOOKS,antifroud,,,18,18,9,9,50.00%,50.00%
20260127,04,陳人鳳,480,飛格寵物家族_PC,1407,CF-728X90_上方通欄_飛格寵物家族,,,,12,12,9,3,75.00%,25.00%
20260127,04,陳人鳳,480,飛格寵物家族_PC,1408,CF-300X250_內文_飛格寵物家族,,,,52,52,30,22,57.69%,42.31%
20260127,04,闇碼科技股份有限公司,3048,縮短網址產生器-reurl,14210,MW_文中創意300x250_縮短網址產生器-reurl,,知名媒體,,20,20,11,9,55.00%,45.00%
20260127,04,富盈數據股份有限公司,3059,塔科女子,14258,CF_336x280_全網_塔科女子,,知名媒體,,124,124,124,0,100.00%,0.00%
20260127,04,CBROOT LTD,3003,包子漫畫-exchange,14291,MW_300x250_蓋板(PB)_包子漫畫,,,,937,937,795,142,84.85%,15.15%
20260127,04,朱光宁,3268,稷下書院-mobile,14737,MW_置底創意(非展開)_稷下書院-mobile,,,,6,6,5,1,83.33%,16.67%
20260127,04,朱光宁,3149,稷下書院-exchange,14748,MW_320x100_置底(PB)_稷下書院,,,,"7,683","7,683","4,059","3,624",52.83%,47.17%
20260127,04,曾憲敏,3327,85小說網_創意,15228,MW-創意-85小說網,,,,34,34,29,5,85.29%,14.71%
20260127,04,中天電視股份有限公司,3282,中天新聞網-exchange,15859,CF_336x280_內頁_PC右側互動看板B-中天新聞網-exchange,,知名媒體,,6,6,2,4,33.33%,66.67%
20260127,04,CBROOT LTD,3352,西瓜卡通-exchange,15970,CF_160x600_影音內容_西瓜卡通-exchange,,,,538,538,538,0,100.00%,0.00%
20260127,04,朱光宁,3360,提莫書屋-exchange,16957,MW_336x280banner_提莫書屋_exchange,,,,"6,633","6,633","4,821","1,812",72.68%,27.32%
20260127,04,朱光宁,3361,提莫書屋-mobile,16958,MW_置底創意_提莫書屋-mobile,,,,6,6,1,5,16.67%,83.33%
20260127,04,欣發現股份有限公司,3365,Hami任務牆-mobile,16969,MW_置底創意_Hami任務牆,,知名媒體,,25,25,23,2,92.00%,8.00%
20260127,04,欣發現股份有限公司,3364,女子學-mobile,16972,MW_置底創意_女子學,antifroud,,,6,6,6,0,100.00%,0.00%
20260127,04,第一網站股份有限公司,2783,漫畫櫃manhuagui,17027,MW_320x480_蓋版_漫畫櫃manhuagui,,,,970,970,892,78,91.96%,8.04%
20260127,04,詠勝科技有限公司,3385,Mobile01_HB,17175,CF_970x90_橫幅Banner_Mobile01_HB,,知名媒體,,62,62,39,23,62.90%,37.10%
20260127,04,詠勝科技有限公司,3385,Mobile01_HB,17179,CF_300x250_熱門大看板_Mobile01_HB,,知名媒體,,70,70,50,20,71.43%,28.57%
20260127,04,詠勝科技有限公司,3385,Mobile01_HB,17183,CF_300x600_大摩天_Mobile01_HB,,知名媒體,,6,6,5,1,83.33%,16.67%
20260127,04,詠勝科技有限公司,3385,Mobile01_HB,17204,MW_300x250_文中Banner(interscroller)_Mobile01_HB,,知名媒體,,6,6,5,1,83.33%,16.67%
20260127,04,朱光宁,3268,稷下書院-mobile,17207,MW_320x480_蓋版_稷下書院-mobile,,,,"3,653","3,653","2,237","1,416",61.24%,38.76%
20260127,04,艾得基客行銷顧問股份有限公司,3391,UDN聯合新聞網,17236,MW_置底創意_UDN聯合新聞,,知名媒體,,74,74,64,10,86.49%,13.51%
20260127,04,李立娟,3395,vivi0視頻-exchange,17293,CF_336x280_Banner_vivi01視頻-exchange,antifroud,,,"11,316","11,316","10,332",984,91.30%,8.70%
20260127,04,李立娟,3395,vivi0視頻-exchange,17294,MW_336x280_Banner_vivi01視頻-exchange,antifroud,,,"11,710","11,687","10,792",895,92.34%,7.66%
20260127,04,李立娟,3395,vivi0視頻-exchange,17300,MW_320x100_置底(PB)_vivi01視頻-exchange,antifroud,,,"16,323","16,323","15,330",993,93.92%,6.08%
20260127,04,第一網站股份有限公司,2768,czbooks,17927,MW_置底創意_czbook,,,,"1,283","1,283",775,508,60.41%,39.59%
20260127,04,時報資訊股份有限公司_工商時報,3427,工商時報-exchange,18015,MW_300x250_文末Banner2_工商時報-exchange,,知名媒體,,31,31,31,0,100.00%,0.00%
20260127,04,第一網站股份有限公司,3440,fsa_passback_first,18201,CF_336x280_fsa_passback_first,,,,"1,304","1,304","1,037",267,79.52%,20.48%
20260127,04,第一網站股份有限公司,3440,fsa_passback_first,18202,CF_300x250_fsa_passback_first,,,,"2,838","2,838","1,499","1,339",52.82%,47.18%
20260127,04,莊博凱,3455,夢遊電玩,18269,300x250 Banner,,,,6,6,6,0,100.00%,0.00%
20260127,04,朱光宁,3268,稷下書院-mobile,18297,MW_置底創意(展開)_稷下書院-mobile,,,,61,61,34,27,55.74%,44.26%
20260127,04,冰楓科技有限公司,3485,冰楓論壇-exchange,18487,CF_970x90_內文上方第一塊_冰楓論壇-exchange,,,,252,252,218,34,86.51%,13.49%
20260127,04,冰楓科技有限公司,3485,冰楓論壇-exchange,18488,MW_320x100_內文上方第一塊_ 冰楓論壇-exchange,antifroud,,,18,18,13,5,72.22%,27.78%
20260127,04,冰楓科技有限公司,3485,冰楓論壇-exchange,18492,MW_300x250_Banner_ 冰楓論壇-exchange,,,,78,78,56,22,71.79%,28.21%
20260127,04,CBROOT LTD,3492,包子漫畫(特開流量)-exchange,18557,CF_300x600_指定流量_包子漫畫(特開流量PB)-exchange,,,,112,112,97,15,86.61%,13.39%
20260127,04,CBROOT LTD,3510,包子漫畫_twmanga-exchange,18737,CF_970x90_Banner_ 包子漫畫_twmanga-exchange,,,,85,85,83,2,97.65%,2.35%
20260127,04,台灣英文新聞股份有限公司,3537,台灣英文新聞(new)-exchange,18924,CF_300x250_內容頁_右側看版_1_台灣英文新聞(new)-exchange,,知名媒體,,6,6,6,0,100.00%,0.00%
20260127,04,第一網站股份有限公司,2783,漫畫櫃manhuagui,20685,MW_300X250_manhuagui,antifroud,,,"6,616","6,616","5,452","1,164",82.41%,17.59%
20260127,04,德榕企業有限公司,3578,TW Bodhi_mobile,20708,MW_蓋板_TW Bodhi,,,,12,12,12,0,100.00%,0.00%
20260127,04,德榕企業有限公司,3581,忘憂書屋,20727,CF_336x280文章頁(RWD)_忘憂書屋,,,,12,12,12,0,100.00%,0.00%
20260127,04,第一網站股份有限公司,2916,KiKiNote,20731,CF_300x250_banner_kikinote (PB),,知名媒體,,16,16,16,0,100.00%,0.00%
20260127,04,第一網站股份有限公司,2768,czbooks,21412,(子)CF_970x250_banner_czbooks(限時段)-PB,,,子聯播網,"1,373","1,373",766,607,55.79%,44.21%
20260127,04,第一網站股份有限公司,3440,fsa_passback_first,21699,CF_336x280_fsa_passback_first,,,,166,166,131,35,78.92%,21.08%
20260127,04,富盈數據股份有限公司,3653,TVBS-女人我最大_HB,21763,MW_文中創意320x480_TVBS-女人我最大_HB,,知名媒體,,8,8,7,1,87.50%,12.50%
20260127,04,富盈數據股份有限公司,3654,TVBS-健康2.0_HB,21765,MW_文章三_336x280_TVBS-健康2.0_HB,,知名媒體,,26,26,25,1,96.15%,3.85%
20260127,04,富盈數據股份有限公司,3654,TVBS-健康2.0_HB,21768,MW_文中創意320x480_TVBS-健康2.0_HB,,知名媒體,,24,24,24,0,100.00%,0.00%
20260127,04,富盈數據股份有限公司,3655,TVBS-食尚玩家_HB,21770,MW_文章三_336x280_TVBS-食尚玩家_HB,,知名媒體,,13,13,13,0,100.00%,0.00%
20260127,04,富盈數據股份有限公司,3654,TVBS-健康2.0_HB,21812,MW_文章一_336x280_TVBS-健康2.0_HB,,知名媒體,,6,6,5,1,83.33%,16.67%
20260127,04,儂儂雜誌社股份有限公司(bella儂儂),2135,Bella儂儂_2024,21876,MW-300x250_文章標題上方1_Bella儂儂,,知名媒體,,6,6,6,0,100.00%,0.00%
20260127,04,富盈數據股份有限公司,3680,TVBS-新聞網_HB,21899,MW_文章一_336x280_TVBS-新聞網_HB,,知名媒體,,"1,430","1,430","1,392",38,97.34%,2.66%
20260127,04,富盈數據股份有限公司,3680,TVBS-新聞網_HB,21902,MW_文章置底_320x100_TVBS-新聞網_HB,,知名媒體,,"1,811","1,811","1,770",41,97.74%,2.26%
20260127,04,富盈數據股份有限公司,3685,玩桌遊_mobile,21924,MW_置底創意(非展開)_玩桌遊-mobile,,,,24,24,20,4,83.33%,16.67%
20260127,04,富盈數據股份有限公司,2615,熱血台中,21986,CF_336x280_全網_熱血台中,,,,74,74,68,6,91.89%,8.11%
20260127,04,富盈數據股份有限公司,2615,熱血台中,21987,CF_336x280_全網_熱血台中,,,,134,134,128,6,95.52%,4.48%
20260127,04,富盈數據股份有限公司,3704,天天要聞,22030,CF_300 x 250 banner_天天要聞_cpc2,,,,268,268,137,131,51.12%,48.88%
20260127,04,富盈數據股份有限公司,3703,繁體小說,22031,CF_300 x 250 banner_繁體小說_cpc2,,,,47,47,46,1,97.87%,2.13%
20260127,04,闇碼科技股份有限公司,3048,縮短網址產生器-reurl,22213,MW_蓋版_縮短網址產生器-reurl-2025.05(特殊供量),,知名媒體,,6,6,2,4,33.33%,66.67%
20260127,04,欣發現股份有限公司,3363,大人物-mobile,22222,MW_蓋板_大人物,,知名媒體,,14,14,11,3,78.57%,21.43%
20260127,04,朱光宁,3741,石頭小說3,22396,MW_置底_石頭小說3,,,,18,18,12,6,66.67%,33.33%
20260127,04,朱光宁,3741,石頭小說3,22398,CF_336 x 280 banner_石頭小說3_cpc1.67,,,,"1,480","1,480",887,593,59.93%,40.07%
20260127,04,朱光宁,3741,石頭小說3,22399,CF_320 x 480 橫幅_石頭小說3,,,,18,18,10,8,55.56%,44.44%
20260127,04,闇碼科技股份有限公司,3068,限時圖片-imgus,22406,MW_置底_imgus,antifroud,,,36,36,36,0,100.00%,0.00%
20260127,04,第一網站股份有限公司,2783,漫畫櫃manhuagui,22443,MW_置底_manhuagui,antifroud,,,"16,454","16,454","15,286","1,168",92.90%,7.10%
20260127,04,李承翰-webptt,718,Web批踢踢(RWD),2284,MW-蓋板_文中_Web批踢踢,antifroud,,,6,6,4,2,66.67%,33.33%
20260127,04,麥智維,999,動漫戲說,3543,CF-728*90-內文上方-動漫戲說,antifroud,,,182,182,107,75,58.79%,41.21%
20260127,04,蔡建磊,1269,跑跑資訊站,4622,CF-300X250-內文右側-跑跑資訊站,,,,12,12,10,2,83.33%,16.67%
20260127,04,肖偉彬,1287,紅櫻桃小說書庫,4717,MW_文中創意300x250_紅櫻桃小說書庫,,,,30,30,20,10,66.67%,33.33%
20260127,04,麥智維,999,動漫戲說,6069,CF-300*250-首頁-動漫戲說,,,,6,6,4,2,66.67%,33.33%
20260127,04,巧克科技新媒體股份有限公司,2127,LINE TV_Banner-exchange,8576,CF_336x280_戲劇-右側好康資訊下方_LINE TV-exchange,,知名媒體,,6,6,5,1,83.33%,16.67%
20260127,04,巧克科技新媒體股份有限公司,2127,LINE TV_Banner-exchange,8577,CF_336x280_戲劇-右側好康資訊上方_LINE TV-exchange,,知名媒體,,12,12,11,1,91.67%,8.33%
20260127,05,英屬維京群島商浩美數位有限公司台灣分公司,2315,Teepr亮新聞-exchange,10012,CF_336x280Banner_Teepr亮新聞-exchange,,知名媒體,,12,12,4,8,33.33%,66.67%
20260127,05,昱得資訊工作室,2528,數位書香,11080,CF_728x90_首頁上方_數位書香,antifroud,,,12,12,12,0,100.00%,0.00%
20260127,05,昱得資訊工作室,2528,數位書香,11081,CF_160x600_首頁右側_數位書香,antifroud,,,864,864,860,4,99.54%,0.46%
20260127,05,第一網站股份有限公司,2518,麻辣家族討論區(twbts),11082,CF-728X90-twbts,antifroud,,,"2,222","2,222","2,185",37,98.33%,1.67%
20260127,05,第一網站股份有限公司,2492,ttshow,11273,MW-300X250-ttshow,,知名媒體,,6,6,6,0,100.00%,0.00%
20260127,05,第一網站股份有限公司,2601,Meme梗圖倉庫,11443,CF-336X280-meme,,,,28,28,24,4,85.71%,14.29%
20260127,05,艾得基客行銷顧問股份有限公司,2578,鉅亨網,12070,MW_320x480_文中創意_鉅亨網,,知名媒體,,"1,538","1,538","1,514",24,98.44%,1.56%
20260127,05,第一網站股份有限公司,2540,risu短網址,12496,CF_300x250_popup(直播) _risu短網址,antifroud,知名媒體,,16,16,0,16,0.00%,100.00%
20260127,05,時報資訊股份有限公司,2770,中時電子報_HB,12559,CF_300x250_右側互動看版_中時電子報_HB,,知名媒體,,121,121,95,26,78.51%,21.49%
20260127,05,時報資訊股份有限公司,2770,中時電子報_HB,12560,CF_336x280_文中看板_中時電子報_HB,,知名媒體,,95,95,77,18,81.05%,18.95%
20260127,05,時報資訊股份有限公司,2770,中時電子報_HB,12561,MW_300x250_內頁TOP Banner_中時電子報_HB,antifroud,知名媒體,,890,890,857,33,96.29%,3.71%
20260127,05,第一網站股份有限公司,2768,czbooks,12570,CF_728x90_banner_czbooks,,,,"1,204","1,204","1,122",82,93.19%,6.81%
20260127,05,第一網站股份有限公司,2768,czbooks,12571,CF-300x600_Banner_czbooks,,,,30,30,20,10,66.67%,33.33%
20260127,05,鳳梨傳媒股份有限公司,2190,民視新聞網-Exchange,12579,CF_300x250_右側第一塊_民視新聞網-Exchange(RWD)(MCM),,知名媒體,,12,12,12,0,100.00%,0.00%
20260127,05,第一網站股份有限公司,2783,漫畫櫃manhuagui,12676,CF_728X90_manhuagui,antifroud,,,"6,926","6,926","6,065",861,87.57%,12.43%
20260127,05,第一網站股份有限公司,2801,damanwoo,12868,CF-300x250_Banner_damanwoo_大人物,,,,12,12,12,0,100.00%,0.00%
20260127,05,第一網站股份有限公司,2820,星座好朋友(horofriend88),12966,MW_320x100_horofriend88,antifroud,,,32,32,31,1,96.88%,3.12%
20260127,05,曾憲敏,202,85小說網,13445,MW_336X280_全量1_85小說網,,,,12,12,9,3,75.00%,25.00%
20260127,05,曾憲敏,202,85小說網,13446,MW_336X280_全量2_85小說網,,,,124,124,99,25,79.84%,20.16%
20260127,05,第一網站股份有限公司,2910,clickme,13549,CF_300x250_banner_clickme(一般),,,,468,468,358,110,76.50%,23.50%
20260127,05,闇碼科技股份有限公司,2992,縮短網址產生器-reurl-exchange,13848,CF_300x250_轉址失敗_最右邊_reurl,,知名媒體,,6,6,0,6,0.00%,100.00%
20260127,05,闇碼科技股份有限公司,2992,縮短網址產生器-reurl-exchange,13856,CF_300x250_轉址失敗頁第二塊_reurl,,知名媒體,,6,6,0,6,0.00%,100.00%
20260127,05,第一網站股份有限公司,2768,czbooks,14036,MW_320x480_CZBOOKS,antifroud,,,12,12,8,4,66.67%,33.33%
20260127,05,陳人鳳,480,飛格寵物家族_PC,1407,CF-728X90_上方通欄_飛格寵物家族,,,,30,30,24,6,80.00%,20.00%
20260127,05,陳人鳳,480,飛格寵物家族_PC,1408,CF-300X250_內文_飛格寵物家族,,,,71,71,45,26,63.38%,36.62%
20260127,05,闇碼科技股份有限公司,3048,縮短網址產生器-reurl,14210,MW_文中創意300x250_縮短網址產生器-reurl,,知名媒體,,856,856,10,846,1.17%,98.83%
20260127,05,巨思文化股份有限公司,3053,數位時代_HB,14246,MW_300x250_文章結束第一塊_數位時代-HB,,知名媒體,,6,6,3,3,50.00%,50.00%
20260127,05,富盈數據股份有限公司,3059,塔科女子,14258,CF_336x280_全網_塔科女子,,知名媒體,,90,90,88,2,97.78%,2.22%
20260127,05,CBROOT LTD,3003,包子漫畫-exchange,14291,MW_300x250_蓋板(PB)_包子漫畫,,,,265,265,241,24,90.94%,9.06%
20260127,05,朱光宁,3149,稷下書院-exchange,14748,MW_320x100_置底(PB)_稷下書院,,,,"7,789","7,789","3,996","3,793",51.30%,48.70%
20260127,05,巨思文化股份有限公司,3053,數位時代_HB,14764,MW_置底創意_(非展開)_數位時代_HB,,知名媒體,,6,6,3,3,50.00%,50.00%
20260127,05,中天電視股份有限公司,3282,中天新聞網-exchange,14980,CF_970x250_內頁_PC置頂橫幅-中天新聞網-exchange,,知名媒體,,6,4,4,0,100.00%,0.00%
20260127,05,曾憲敏,3327,85小說網_創意,15227,MW-300X250_85小說網_隨身影音PB,,,,12,12,11,1,91.67%,8.33%
20260127,05,曾憲敏,3327,85小說網_創意,15228,MW-創意-85小說網,,,,36,36,30,6,83.33%,16.67%
20260127,05,和運租車股份有限公司,2878,abc好車網,15249,CF_300x250_搜尋頁右側_abc好車網,,知名媒體,,276,276,0,276,0.00%,100.00%
20260127,05,CBROOT LTD,3352,西瓜卡通-exchange,15970,CF_160x600_影音內容_西瓜卡通-exchange,,,,508,508,507,1,99.80%,0.20%
20260127,05,朱光宁,3360,提莫書屋-exchange,16957,MW_336x280banner_提莫書屋_exchange,,,,"5,338","5,338","4,013","1,325",75.18%,24.82%
20260127,05,朱光宁,3361,提莫書屋-mobile,16958,MW_置底創意_提莫書屋-mobile,,,,12,12,10,2,83.33%,16.67%
20260127,05,欣發現股份有限公司,3365,Hami任務牆-mobile,16969,MW_置底創意_Hami任務牆,,知名媒體,,206,206,169,37,82.04%,17.96%
20260127,05,欣發現股份有限公司,3364,女子學-mobile,16972,MW_置底創意_女子學,antifroud,,,172,172,131,41,76.16%,23.84%
20260127,05,欣發現股份有限公司,3363,大人物-mobile,16973,MW_置底創意_大人物,,知名媒體,,12,12,10,2,83.33%,16.67%
20260127,05,第一網站股份有限公司,2783,漫畫櫃manhuagui,17027,MW_320x480_蓋版_漫畫櫃manhuagui,,,,537,537,491,46,91.43%,8.57%
20260127,05,詠勝科技有限公司,3385,Mobile01_HB,17175,CF_970x90_橫幅Banner_Mobile01_HB,,知名媒體,,113,113,68,45,60.18%,39.82%
20260127,05,詠勝科技有限公司,3385,Mobile01_HB,17179,CF_300x250_熱門大看板_Mobile01_HB,,知名媒體,,162,162,102,60,62.96%,37.04%
20260127,05,詠勝科技有限公司,3385,Mobile01_HB,17180,CF_300x250_置底看板左_Mobile01_HB,,知名媒體,,6,6,6,0,100.00%,0.00%
20260127,05,詠勝科技有限公司,3385,Mobile01_HB,17181,CF_300x250_置底看板中_Mobile01_HB,,知名媒體,,6,6,6,0,100.00%,0.00%
20260127,05,詠勝科技有限公司,3385,Mobile01_HB,17204,MW_300x250_文中Banner(interscroller)_Mobile01_HB,,知名媒體,,12,12,10,2,83.33%,16.67%
20260127,05,朱光宁,3268,稷下書院-mobile,17207,MW_320x480_蓋版_稷下書院-mobile,,,,"2,846","2,846","1,775","1,071",62.37%,37.63%
20260127,05,艾得基客行銷顧問股份有限公司,3391,UDN聯合新聞網,17236,MW_置底創意_UDN聯合新聞,,知名媒體,,281,281,244,37,86.83%,13.17%
20260127,05,李立娟,3395,vivi0視頻-exchange,17293,CF_336x280_Banner_vivi01視頻-exchange,antifroud,,,"16,938","16,938","15,511","1,427",91.58%,8.42%
20260127,05,李立娟,3395,vivi0視頻-exchange,17294,MW_336x280_Banner_vivi01視頻-exchange,antifroud,,,"20,299","20,299","18,705","1,594",92.15%,7.85%
20260127,05,李立娟,3395,vivi0視頻-exchange,17300,MW_320x100_置底(PB)_vivi01視頻-exchange,antifroud,,,"27,566","27,566","25,782","1,784",93.53%,6.47%
20260127,05,李立娟,3396,趣聞圖說-Mobile,17923,MW_置底創意(展開)_趣聞圖說-Mobile,,,,6,6,4,2,66.67%,33.33%
20260127,05,第一網站股份有限公司,2768,czbooks,17927,MW_置底創意_czbook,,,,"1,199","1,199",721,478,60.13%,39.87%
20260127,05,時報資訊股份有限公司_工商時報,3427,工商時報-exchange,18003,CF_300x250_互動看板2_工商時報-exchange,,知名媒體,,6,5,3,2,60.00%,40.00%
20260127,05,時報資訊股份有限公司_工商時報,3427,工商時報-exchange,18015,MW_300x250_文末Banner2_工商時報-exchange,,知名媒體,,29,29,29,0,100.00%,0.00%
20260127,05,第一網站股份有限公司,3440,fsa_passback_first,18201,CF_336x280_fsa_passback_first,,,,303,303,262,41,86.47%,13.53%
20260127,05,第一網站股份有限公司,3440,fsa_passback_first,18202,CF_300x250_fsa_passback_first,,,,84,84,63,21,75.00%,25.00%
20260127,05,朱光宁,3268,稷下書院-mobile,18297,MW_置底創意(展開)_稷下書院-mobile,,,,54,54,32,22,59.26%,40.74%
20260127,05,冰楓科技有限公司,3485,冰楓論壇-exchange,18487,CF_970x90_內文上方第一塊_冰楓論壇-exchange,,,,281,281,262,19,93.24%,6.76%
20260127,05,冰楓科技有限公司,3485,冰楓論壇-exchange,18488,MW_320x100_內文上方第一塊_ 冰楓論壇-exchange,antifroud,,,42,42,31,11,73.81%,26.19%
20260127,05,冰楓科技有限公司,3485,冰楓論壇-exchange,18492,MW_300x250_Banner_ 冰楓論壇-exchange,,,,90,90,81,9,90.00%,10.00%
20260127,05,CBROOT LTD,3492,包子漫畫(特開流量)-exchange,18557,CF_300x600_指定流量_包子漫畫(特開流量PB)-exchange,,,,6,6,6,0,100.00%,0.00%
20260127,05,CBROOT LTD,3510,包子漫畫_twmanga-exchange,18737,CF_970x90_Banner_ 包子漫畫_twmanga-exchange,,,,48,48,48,0,100.00%,0.00%
20260127,05,台灣英文新聞股份有限公司,3537,台灣英文新聞(new)-exchange,18924,CF_300x250_內容頁_右側看版_1_台灣英文新聞(new)-exchange,,知名媒體,,6,6,2,4,33.33%,66.67%
20260127,05,第一網站股份有限公司,2783,漫畫櫃manhuagui,20685,MW_300X250_manhuagui,antifroud,,,"3,859","3,859","3,290",569,85.26%,14.74%
20260127,05,德榕企業有限公司,3578,TW Bodhi_mobile,20707,MW_置底創意_TW Bodhi,,,,12,12,12,0,100.00%,0.00%
20260127,05,德榕企業有限公司,3578,TW Bodhi_mobile,20708,MW_蓋板_TW Bodhi,,,,26,26,26,0,100.00%,0.00%
20260127,05,德榕企業有限公司,3581,忘憂書屋,20727,CF_336x280文章頁(RWD)_忘憂書屋,,,,6,6,6,0,100.00%,0.00%
20260127,05,德榕企業有限公司,3582,忘憂書屋_mobile,20729,MW_蓋板_忘憂書屋,,,,18,18,18,0,100.00%,0.00%
20260127,05,德榕企業有限公司,3582,忘憂書屋_mobile,20730,MW_置底創意_忘憂書屋,,,,12,12,12,0,100.00%,0.00%
20260127,05,第一網站股份有限公司,2916,KiKiNote,20731,CF_300x250_banner_kikinote (PB),,知名媒體,,6,6,6,0,100.00%,0.00%
20260127,05,第一網站股份有限公司,2768,czbooks,21412,(子)CF_970x250_banner_czbooks(限時段)-PB,,,子聯播網,"1,569","1,569",890,679,56.72%,43.28%
20260127,05,第一網站股份有限公司,3440,fsa_passback_first,21699,CF_336x280_fsa_passback_first,,,,193,193,123,70,63.73%,36.27%
20260127,05,富盈數據股份有限公司,3653,TVBS-女人我最大_HB,21761,MW_文章四_336x280_TVBS-女人我最大_HB,,知名媒體,,12,12,12,0,100.00%,0.00%
20260127,05,富盈數據股份有限公司,3653,TVBS-女人我最大_HB,21762,MW_文章置底_320x100_TVBS-女人我最大_HB,,知名媒體,,12,12,11,1,91.67%,8.33%
20260127,05,富盈數據股份有限公司,3653,TVBS-女人我最大_HB,21763,MW_文中創意320x480_TVBS-女人我最大_HB,,知名媒體,,6,6,5,1,83.33%,16.67%
20260127,05,富盈數據股份有限公司,3654,TVBS-健康2.0_HB,21765,MW_文章三_336x280_TVBS-健康2.0_HB,,知名媒體,,30,30,30,0,100.00%,0.00%
20260127,05,富盈數據股份有限公司,3654,TVBS-健康2.0_HB,21768,MW_文中創意320x480_TVBS-健康2.0_HB,,知名媒體,,175,175,170,5,97.14%,2.86%
20260127,05,富盈數據股份有限公司,3654,TVBS-健康2.0_HB,21812,MW_文章一_336x280_TVBS-健康2.0_HB,,知名媒體,,110,110,110,0,100.00%,0.00%
20260127,05,儂儂雜誌社股份有限公司(bella儂儂),2135,Bella儂儂_2024,21876,MW-300x250_文章標題上方1_Bella儂儂,,知名媒體,,6,6,6,0,100.00%,0.00%
20260127,05,富盈數據股份有限公司,3680,TVBS-新聞網_HB,21899,MW_文章一_336x280_TVBS-新聞網_HB,,知名媒體,,196,196,184,12,93.88%,6.12%
20260127,05,富盈數據股份有限公司,3680,TVBS-新聞網_HB,21902,MW_文章置底_320x100_TVBS-新聞網_HB,,知名媒體,,760,760,736,24,96.84%,3.16%
20260127,05,富盈數據股份有限公司,3685,玩桌遊_mobile,21924,MW_置底創意(非展開)_玩桌遊-mobile,,,,6,6,5,1,83.33%,16.67%
20260127,05,富盈數據股份有限公司,2615,熱血台中,21986,CF_336x280_全網_熱血台中,,,,30,30,30,0,100.00%,0.00%
20260127,05,富盈數據股份有限公司,2615,熱血台中,21987,CF_336x280_全網_熱血台中,,,,76,76,76,0,100.00%,0.00%
20260127,05,富盈數據股份有限公司,3703,繁體小說,22022,MW_置底創意(非展開)_繁體小說-mobile,,,,18,18,17,1,94.44%,5.56%
20260127,05,富盈數據股份有限公司,3704,天天要聞,22030,CF_300 x 250 banner_天天要聞_cpc2,,,,409,409,223,186,54.52%,45.48%
20260127,05,富盈數據股份有限公司,3703,繁體小說,22031,CF_300 x 250 banner_繁體小說_cpc2,,,,54,54,49,5,90.74%,9.26%
20260127,05,闇碼科技股份有限公司,3048,縮短網址產生器-reurl,22213,MW_蓋版_縮短網址產生器-reurl-2025.05(特殊供量),,知名媒體,,862,862,11,851,1.28%,98.72%
20260127,05,欣發現股份有限公司,3363,大人物-mobile,22222,MW_蓋板_大人物,,知名媒體,,13,13,7,6,53.85%,46.15%
20260127,05,朱光宁,3741,石頭小說3,22396,MW_置底_石頭小說3,,,,14,14,8,6,57.14%,42.86%
20260127,05,朱光宁,3741,石頭小說3,22398,CF_336 x 280 banner_石頭小說3_cpc1.67,,,,"1,128","1,128",656,472,58.16%,41.84%
20260127,05,朱光宁,3741,石頭小說3,22399,CF_320 x 480 橫幅_石頭小說3,,,,12,12,8,4,66.67%,33.33%
20260127,05,艾得基客行銷顧問股份有限公司,2825,科技紫薇,22403,MW_蓋版_科技紫微,,,,12,12,12,0,100.00%,0.00%
20260127,05,闇碼科技股份有限公司,3068,限時圖片-imgus,22406,MW_置底_imgus,antifroud,,,39,39,39,0,100.00%,0.00%
20260127,05,第一網站股份有限公司,2783,漫畫櫃manhuagui,22443,MW_置底_manhuagui,antifroud,,,"12,621","12,621","11,703",918,92.73%,7.27%
20260127,05,李承翰-webptt,718,Web批踢踢(RWD),2284,MW-蓋板_文中_Web批踢踢,antifroud,,,6,6,4,2,66.67%,33.33%
20260127,05,麥智維,999,動漫戲說,3543,CF-728*90-內文上方-動漫戲說,antifroud,,,148,148,105,43,70.95%,29.05%
20260127,05,蔡建磊,1269,跑跑資訊站,4622,CF-300X250-內文右側-跑跑資訊站,,,,6,6,4,2,66.67%,33.33%
20260127,05,肖偉彬,1287,紅櫻桃小說書庫,4678,CF-內文上方-300*250-紅櫻桃小說書庫,,,,6,6,4,2,66.67%,33.33%
20260127,05,肖偉彬,1347,雲台書屋,4923,CF-上方通欄-300*250-雲台書屋,,,,6,6,3,3,50.00%,50.00%
20260127,05,陈晋福,1367,電視超人,4997,CF-300X250-電視超人,,,,6,6,3,3,50.00%,50.00%
20260127,06,英屬維京群島商浩美數位有限公司台灣分公司,2315,Teepr亮新聞-exchange,10012,CF_336x280Banner_Teepr亮新聞-exchange,,知名媒體,,20,20,8,12,40.00%,60.00%
20260127,06,昱得資訊工作室,2528,數位書香,11080,CF_728x90_首頁上方_數位書香,antifroud,,,12,12,10,2,83.33%,16.67%
20260127,06,昱得資訊工作室,2528,數位書香,11081,CF_160x600_首頁右側_數位書香,antifroud,,,390,390,384,6,98.46%,1.54%
20260127,06,第一網站股份有限公司,2518,麻辣家族討論區(twbts),11082,CF-728X90-twbts,antifroud,,,"1,895","1,895","1,878",17,99.10%,0.90%
20260127,06,第一網站股份有限公司,2492,ttshow,11273,MW-300X250-ttshow,,知名媒體,,12,12,12,0,100.00%,0.00%
20260127,06,第一網站股份有限公司,2601,Meme梗圖倉庫,11443,CF-336X280-meme,,,,97,97,93,4,95.88%,4.12%
20260127,06,艾得基客行銷顧問股份有限公司,2578,鉅亨網,12070,MW_320x480_文中創意_鉅亨網,,知名媒體,,"7,152","7,152","7,069",83,98.84%,1.16%
20260127,06,第一網站股份有限公司,2540,risu短網址,12496,CF_300x250_popup(直播) _risu短網址,antifroud,知名媒體,,6,0,0,0,0.00%,0.00%
20260127,06,時報資訊股份有限公司,2770,中時電子報_HB,12559,CF_300x250_右側互動看版_中時電子報_HB,,知名媒體,,517,517,439,78,84.91%,15.09%
20260127,06,時報資訊股份有限公司,2770,中時電子報_HB,12560,CF_336x280_文中看板_中時電子報_HB,,知名媒體,,398,398,335,63,84.17%,15.83%
20260127,06,時報資訊股份有限公司,2770,中時電子報_HB,12561,MW_300x250_內頁TOP Banner_中時電子報_HB,antifroud,知名媒體,,"2,752","2,752","2,663",89,96.77%,3.23%
20260127,06,第一網站股份有限公司,2768,czbooks,12570,CF_728x90_banner_czbooks,,,,732,732,676,56,92.35%,7.65%
20260127,06,第一網站股份有限公司,2768,czbooks,12571,CF-300x600_Banner_czbooks,,,,6,6,4,2,66.67%,33.33%
20260127,06,鳳梨傳媒股份有限公司,2190,民視新聞網-Exchange,12579,CF_300x250_右側第一塊_民視新聞網-Exchange(RWD)(MCM),,知名媒體,,271,271,266,5,98.15%,1.85%
20260127,06,鳳梨傳媒股份有限公司,2190,民視新聞網-Exchange,12580,CF_300x250_內文文中左側_民視新聞網-Exchange(RWD)(MCM),,知名媒體,,174,174,159,15,91.38%,8.62%
20260127,06,第一網站股份有限公司,2783,漫畫櫃manhuagui,12676,CF_728X90_manhuagui,antifroud,,,"7,638","7,638","6,763",875,88.54%,11.46%
20260127,06,第一網站股份有限公司,2801,damanwoo,12868,CF-300x250_Banner_damanwoo_大人物,,,,24,24,24,0,100.00%,0.00%
20260127,06,第一網站股份有限公司,2820,星座好朋友(horofriend88),12966,MW_320x100_horofriend88,antifroud,,,38,38,37,1,97.37%,2.63%
20260127,06,第一網站股份有限公司,2838,mycard,13041,MW_320x480_加倍mycard,,,,180,180,0,180,0.00%,100.00%
20260127,06,曾憲敏,202,85小說網,13445,MW_336X280_全量1_85小說網,,,,60,60,48,12,80.00%,20.00%
20260127,06,曾憲敏,202,85小說網,13446,MW_336X280_全量2_85小說網,,,,301,301,241,60,80.07%,19.93%
20260127,06,第一網站股份有限公司,2910,clickme,13549,CF_300x250_banner_clickme(一般),,,,525,525,426,99,81.14%,18.86%
20260127,06,闇碼科技股份有限公司,2992,縮短網址產生器-reurl-exchange,13848,CF_300x250_轉址失敗_最右邊_reurl,,知名媒體,,9,9,0,9,0.00%,100.00%
20260127,06,闇碼科技股份有限公司,2992,縮短網址產生器-reurl-exchange,13856,CF_300x250_轉址失敗頁第二塊_reurl,,知名媒體,,8,8,0,8,0.00%,100.00%
20260127,06,闇碼科技股份有限公司,2992,縮短網址產生器-reurl-exchange,13861,CF_300x250_網址下方右側(PB)_reurl,,知名媒體,,6,6,6,0,100.00%,0.00%
20260127,06,第一網站股份有限公司,2768,czbooks,14036,MW_320x480_CZBOOKS,antifroud,,,46,46,27,19,58.70%,41.30%
20260127,06,陳人鳳,480,飛格寵物家族_PC,1407,CF-728X90_上方通欄_飛格寵物家族,,,,18,13,8,5,61.54%,38.46%
20260127,06,陳人鳳,480,飛格寵物家族_PC,1408,CF-300X250_內文_飛格寵物家族,,,,91,91,60,31,65.93%,34.07%
20260127,06,闇碼科技股份有限公司,3048,縮短網址產生器-reurl,14210,MW_文中創意300x250_縮短網址產生器-reurl,,知名媒體,,44,44,16,28,36.36%,63.64%
20260127,06,巨思文化股份有限公司,3052,經理人_HB,14238,MW_文章結束第一塊_300x250_經理人-HB,,知名媒體,,24,24,19,5,79.17%,20.83%
20260127,06,巨思文化股份有限公司,3052,經理人_HB,14241,MW_300x250_內文下方_經理人-HB,,知名媒體,,24,24,19,5,79.17%,20.83%
20260127,06,富盈數據股份有限公司,3059,塔科女子,14258,CF_336x280_全網_塔科女子,,知名媒體,,36,36,36,0,100.00%,0.00%
20260127,06,CBROOT LTD,3003,包子漫畫-exchange,14291,MW_300x250_蓋板(PB)_包子漫畫,,,,67,67,64,3,95.52%,4.48%
20260127,06,朱光宁,3149,稷下書院-exchange,14748,MW_320x100_置底(PB)_稷下書院,,,,"12,174","12,174","6,487","5,687",53.29%,46.71%
20260127,06,巨思文化股份有限公司,3053,數位時代_HB,14764,MW_置底創意_(非展開)_數位時代_HB,,知名媒體,,14,14,14,0,100.00%,0.00%
20260127,06,中天電視股份有限公司,3282,中天新聞網-exchange,14980,CF_970x250_內頁_PC置頂橫幅-中天新聞網-exchange,,知名媒體,,6,6,6,0,100.00%,0.00%
20260127,06,曾憲敏,3327,85小說網_創意,15228,MW-創意-85小說網,,,,74,74,57,17,77.03%,22.97%
20260127,06,中天電視股份有限公司,3282,中天新聞網-exchange,15859,CF_336x280_內頁_PC右側互動看板B-中天新聞網-exchange,,知名媒體,,12,12,12,0,100.00%,0.00%
20260127,06,CBROOT LTD,3352,西瓜卡通-exchange,15969,CF_728x90_影音內容_西瓜卡通-exchange,,,,100,100,97,3,97.00%,3.00%
20260127,06,CBROOT LTD,3352,西瓜卡通-exchange,15970,CF_160x600_影音內容_西瓜卡通-exchange,,,,246,246,246,0,100.00%,0.00%
20260127,06,朱光宁,3360,提莫書屋-exchange,16957,MW_336x280banner_提莫書屋_exchange,,,,"7,032","7,031","5,539","1,492",78.78%,21.22%
20260127,06,朱光宁,3361,提莫書屋-mobile,16959,MW_320x480_文中創意_提莫書屋-mobile,,,,12,12,12,0,100.00%,0.00%
20260127,06,巧克科技新媒體股份有限公司,1494,LINE TV,16964,CF_336x280_影音暫停頁_LINE TV,,知名媒體,,8,8,8,0,100.00%,0.00%
20260127,06,欣發現股份有限公司,3365,Hami任務牆-mobile,16969,MW_置底創意_Hami任務牆,,知名媒體,,"3,966","3,966","3,634",332,91.63%,8.37%
20260127,06,欣發現股份有限公司,3365,Hami任務牆-mobile,16971,MW_文中創意300x250_Hami任務牆,,知名媒體,,30,30,28,2,93.33%,6.67%
20260127,06,欣發現股份有限公司,3364,女子學-mobile,16972,MW_置底創意_女子學,antifroud,,,"2,059","2,059","1,969",90,95.63%,4.37%
20260127,06,欣發現股份有限公司,3363,大人物-mobile,16973,MW_置底創意_大人物,,知名媒體,,52,52,37,15,71.15%,28.85%
20260127,06,欣發現股份有限公司,3362,妞新聞-mobile,16974,MW_置底創意_妞新聞,,知名媒體,,152,152,145,7,95.39%,4.61%
20260127,06,欣發現股份有限公司,3362,妞新聞-mobile,16981,MW_文中創意300x250_妞新聞,,知名媒體,,30,30,26,4,86.67%,13.33%
20260127,06,第一網站股份有限公司,2783,漫畫櫃manhuagui,17027,MW_320x480_蓋版_漫畫櫃manhuagui,,,,102,102,93,9,91.18%,8.82%
20260127,06,詠勝科技有限公司,3385,Mobile01_HB,17175,CF_970x90_橫幅Banner_Mobile01_HB,,知名媒體,,81,81,61,20,75.31%,24.69%
20260127,06,詠勝科技有限公司,3385,Mobile01_HB,17179,CF_300x250_熱門大看板_Mobile01_HB,,知名媒體,,72,72,60,12,83.33%,16.67%
20260127,06,詠勝科技有限公司,3385,Mobile01_HB,17180,CF_300x250_置底看板左_Mobile01_HB,,知名媒體,,38,38,24,14,63.16%,36.84%
20260127,06,詠勝科技有限公司,3385,Mobile01_HB,17181,CF_300x250_置底看板中_Mobile01_HB,,知名媒體,,30,30,18,12,60.00%,40.00%
20260127,06,詠勝科技有限公司,3385,Mobile01_HB,17182,CF_300x250_置底看板右_Mobile01_HB,,知名媒體,,14,14,9,5,64.29%,35.71%
20260127,06,詠勝科技有限公司,3385,Mobile01_HB,17183,CF_300x600_大摩天_Mobile01_HB,,知名媒體,,36,36,23,13,63.89%,36.11%
20260127,06,詠勝科技有限公司,3385,Mobile01_HB,17204,MW_300x250_文中Banner(interscroller)_Mobile01_HB,,知名媒體,,12,12,9,3,75.00%,25.00%
20260127,06,朱光宁,3268,稷下書院-mobile,17207,MW_320x480_蓋版_稷下書院-mobile,,,,"2,937","2,937","1,832","1,105",62.38%,37.62%
20260127,06,艾得基客行銷顧問股份有限公司,3391,UDN聯合新聞網,17236,MW_置底創意_UDN聯合新聞,,知名媒體,,"1,461","1,461","1,336",125,91.44%,8.56%
20260127,06,李立娟,3395,vivi0視頻-exchange,17293,CF_336x280_Banner_vivi01視頻-exchange,antifroud,,,"33,312","33,312","31,313","1,999",94.00%,6.00%
20260127,06,李立娟,3395,vivi0視頻-exchange,17294,MW_336x280_Banner_vivi01視頻-exchange,antifroud,,,"37,996","37,996","35,685","2,311",93.92%,6.08%
20260127,06,李立娟,3395,vivi0視頻-exchange,17300,MW_320x100_置底(PB)_vivi01視頻-exchange,antifroud,,,"54,755","54,755","51,682","3,073",94.39%,5.61%
20260127,06,李立娟,3396,趣聞圖說-Mobile,17923,MW_置底創意(展開)_趣聞圖說-Mobile,,,,34,34,31,3,91.18%,8.82%
20260127,06,第一網站股份有限公司,2768,czbooks,17927,MW_置底創意_czbook,,,,"4,405","4,405","2,613","1,792",59.32%,40.68%
20260127,06,時報資訊股份有限公司_工商時報,3427,工商時報-exchange,18014,MW_300x250_文末Banner1_工商時報-exchange,,知名媒體,,6,6,5,1,83.33%,16.67%
20260127,06,時報資訊股份有限公司_工商時報,3427,工商時報-exchange,18015,MW_300x250_文末Banner2_工商時報-exchange,,知名媒體,,148,148,144,4,97.30%,2.70%
20260127,06,第一網站股份有限公司,3440,fsa_passback_first,18201,CF_336x280_fsa_passback_first,,,,661,661,559,102,84.57%,15.43%
20260127,06,第一網站股份有限公司,3440,fsa_passback_first,18202,CF_300x250_fsa_passback_first,,,,137,137,115,22,83.94%,16.06%
20260127,06,莊博凱,3455,夢遊電玩,18269,300x250 Banner,,,,6,6,6,0,100.00%,0.00%
20260127,06,朱光宁,3268,稷下書院-mobile,18297,MW_置底創意(展開)_稷下書院-mobile,,,,78,78,46,32,58.97%,41.03%
20260127,06,冰楓科技有限公司,3485,冰楓論壇-exchange,18487,CF_970x90_內文上方第一塊_冰楓論壇-exchange,,,,198,198,164,34,82.83%,17.17%
20260127,06,冰楓科技有限公司,3485,冰楓論壇-exchange,18488,MW_320x100_內文上方第一塊_ 冰楓論壇-exchange,antifroud,,,24,24,22,2,91.67%,8.33%
20260127,06,冰楓科技有限公司,3485,冰楓論壇-exchange,18492,MW_300x250_Banner_ 冰楓論壇-exchange,,,,60,60,55,5,91.67%,8.33%
20260127,06,CBROOT LTD,3492,包子漫畫(特開流量)-exchange,18557,CF_300x600_指定流量_包子漫畫(特開流量PB)-exchange,,,,32,32,26,6,81.25%,18.75%
20260127,06,CBROOT LTD,3510,包子漫畫_twmanga-exchange,18737,CF_970x90_Banner_ 包子漫畫_twmanga-exchange,,,,34,34,34,0,100.00%,0.00%
20260127,06,台灣英文新聞股份有限公司,3537,台灣英文新聞(new)-exchange,18924,CF_300x250_內容頁_右側看版_1_台灣英文新聞(new)-exchange,,知名媒體,,12,12,12,0,100.00%,0.00%
20260127,06,第一網站股份有限公司,2783,漫畫櫃manhuagui,20685,MW_300X250_manhuagui,antifroud,,,"2,246","2,246","1,911",335,85.08%,14.92%
20260127,06,德榕企業有限公司,3578,TW Bodhi_mobile,20708,MW_蓋板_TW Bodhi,,,,50,50,36,14,72.00%,28.00%
20260127,06,第一網站股份有限公司,2768,czbooks,21412,(子)CF_970x250_banner_czbooks(限時段)-PB,,,子聯播網,966,966,537,429,55.59%,44.41%
20260127,06,第一網站股份有限公司,3440,fsa_passback_first,21699,CF_336x280_fsa_passback_first,,,,170,170,142,28,83.53%,16.47%
20260127,06,富盈數據股份有限公司,3653,TVBS-女人我最大_HB,21761,MW_文章四_336x280_TVBS-女人我最大_HB,,知名媒體,,114,114,113,1,99.12%,0.88%
20260127,06,富盈數據股份有限公司,3653,TVBS-女人我最大_HB,21762,MW_文章置底_320x100_TVBS-女人我最大_HB,,知名媒體,,30,30,30,0,100.00%,0.00%
20260127,06,富盈數據股份有限公司,3653,TVBS-女人我最大_HB,21763,MW_文中創意320x480_TVBS-女人我最大_HB,,知名媒體,,92,92,91,1,98.91%,1.09%
20260127,06,富盈數據股份有限公司,3654,TVBS-健康2.0_HB,21765,MW_文章三_336x280_TVBS-健康2.0_HB,,知名媒體,,112,112,112,0,100.00%,0.00%
20260127,06,富盈數據股份有限公司,3654,TVBS-健康2.0_HB,21767,MW_文章置底_320x100_TVBS-健康2.0_HB,,知名媒體,,6,6,5,1,83.33%,16.67%
20260127,06,富盈數據股份有限公司,3654,TVBS-健康2.0_HB,21768,MW_文中創意320x480_TVBS-健康2.0_HB,,知名媒體,,"1,053","1,053","1,031",22,97.91%,2.09%
20260127,06,富盈數據股份有限公司,3655,TVBS-食尚玩家_HB,21770,MW_文章三_336x280_TVBS-食尚玩家_HB,,知名媒體,,6,6,6,0,100.00%,0.00%
20260127,06,富盈數據股份有限公司,3655,TVBS-食尚玩家_HB,21773,MW_文中創意320x480_TVBS-食尚玩家_HB,,知名媒體,,6,6,5,1,83.33%,16.67%
20260127,06,富盈數據股份有限公司,3654,TVBS-健康2.0_HB,21812,MW_文章一_336x280_TVBS-健康2.0_HB,,知名媒體,,417,417,401,16,96.16%,3.84%
20260127,06,儂儂雜誌社股份有限公司(bella儂儂),2135,Bella儂儂_2024,21876,MW-300x250_文章標題上方1_Bella儂儂,,知名媒體,,50,50,50,0,100.00%,0.00%
20260127,06,富盈數據股份有限公司,3680,TVBS-新聞網_HB,21899,MW_文章一_336x280_TVBS-新聞網_HB,,知名媒體,,"3,718","3,718","3,626",92,97.53%,2.47%
20260127,06,富盈數據股份有限公司,3680,TVBS-新聞網_HB,21902,MW_文章置底_320x100_TVBS-新聞網_HB,,知名媒體,,"4,847","4,847","4,737",110,97.73%,2.27%
20260127,06,富盈數據股份有限公司,3685,玩桌遊_mobile,21924,MW_置底創意(非展開)_玩桌遊-mobile,,,,31,31,25,6,80.65%,19.35%
20260127,06,富盈數據股份有限公司,2615,熱血台中,21986,CF_336x280_全網_熱血台中,,,,50,50,50,0,100.00%,0.00%
20260127,06,富盈數據股份有限公司,2615,熱血台中,21987,CF_336x280_全網_熱血台中,,,,112,112,112,0,100.00%,0.00%
20260127,06,富盈數據股份有限公司,3703,繁體小說,22022,MW_置底創意(非展開)_繁體小說-mobile,,,,6,6,6,0,100.00%,0.00%
20260127,06,富盈數據股份有限公司,3704,天天要聞,22030,CF_300 x 250 banner_天天要聞_cpc2,,,,"1,298","1,298",680,618,52.39%,47.61%
20260127,06,富盈數據股份有限公司,3703,繁體小說,22031,CF_300 x 250 banner_繁體小說_cpc2,,,,78,78,73,5,93.59%,6.41%
20260127,06,闇碼科技股份有限公司,3048,縮短網址產生器-reurl,22213,MW_蓋版_縮短網址產生器-reurl-2025.05(特殊供量),,知名媒體,,35,35,9,26,25.71%,74.29%
20260127,06,欣發現股份有限公司,3363,大人物-mobile,22222,MW_蓋板_大人物,,知名媒體,,102,102,82,20,80.39%,19.61%
20260127,06,朱光宁,3741,石頭小說3,22396,MW_置底_石頭小說3,,,,30,30,18,12,60.00%,40.00%
20260127,06,朱光宁,3741,石頭小說3,22398,CF_336 x 280 banner_石頭小說3_cpc1.67,,,,"1,450","1,450",822,628,56.69%,43.31%
20260127,06,朱光宁,3741,石頭小說3,22399,CF_320 x 480 橫幅_石頭小說3,,,,18,18,14,4,77.78%,22.22%
20260127,06,艾得基客行銷顧問股份有限公司,2825,科技紫薇,22403,MW_蓋版_科技紫微,,,,12,12,12,0,100.00%,0.00%
20260127,06,闇碼科技股份有限公司,3068,限時圖片-imgus,22406,MW_置底_imgus,antifroud,,,156,156,156,0,100.00%,0.00%
20260127,06,第一網站股份有限公司,2783,漫畫櫃manhuagui,22443,MW_置底_manhuagui,antifroud,,,"4,804","4,804","4,588",216,95.50%,4.50%
20260127,06,艾得基客行銷顧問股份有限公司,3752,ＭoneyDJ,22515,MW_300x250 BANNER_MoneyDJ,antifroud,知名媒體,,66,66,59,7,89.39%,10.61%
20260127,06,李承翰-webptt,718,Web批踢踢(RWD),2284,MW-蓋板_文中_Web批踢踢,antifroud,,,12,12,4,8,33.33%,66.67%
20260127,06,麥智維,999,動漫戲說,3543,CF-728*90-內文上方-動漫戲說,antifroud,,,124,124,84,40,67.74%,32.26%
20260127,06,肖偉彬,1287,紅櫻桃小說書庫,4678,CF-內文上方-300*250-紅櫻桃小說書庫,,,,6,6,5,1,83.33%,16.67%
20260127,06,肖偉彬,1287,紅櫻桃小說書庫,4717,MW_文中創意300x250_紅櫻桃小說書庫,,,,12,12,8,4,66.67%,33.33%
20260127,06,技達創意資訊有限公司,1299,泰好網,4734,MW-320*100-首頁、內文上方-泰好網,,,,18,2,0,2,0.00%,100.00%
20260127,06,陈晋福,1367,電視超人,4997,CF-300X250-電視超人,,,,6,6,6,0,100.00%,0.00%
20260127,06,麥智維,999,動漫戲說,6069,CF-300*250-首頁-動漫戲說,,,,8,8,8,0,100.00%,0.00%
20260127,06,巧克科技新媒體股份有限公司,2127,LINE TV_Banner-exchange,8576,CF_336x280_戲劇-右側好康資訊下方_LINE TV-exchange,,知名媒體,,24,24,20,4,83.33%,16.67%
20260127,06,巧克科技新媒體股份有限公司,2127,LINE TV_Banner-exchange,8577,CF_336x280_戲劇-右側好康資訊上方_LINE TV-exchange,,知名媒體,,48,48,41,7,85.42%,14.58%
20260127,06,冰楓科技有限公司,1711,冰楓短網址,9308,ＭＷ-300X250-跳轉頁下方-冰楓短網址,,,,6,6,6,0,100.00%,0.00%
20260127,07,英屬維京群島商浩美數位有限公司台灣分公司,2315,Teepr亮新聞-exchange,10012,CF_336x280Banner_Teepr亮新聞-exchange,,知名媒體,,12,12,12,0,100.00%,0.00%
20260127,07,三立電視股份有限公司,269,三立新聞網_Mobile,11013,MW-置底創意廣告_三立新聞網,,知名媒體,,"6,161","6,161","6,097",64,98.96%,1.04%
20260127,07,昱得資訊工作室,2528,數位書香,11081,CF_160x600_首頁右側_數位書香,antifroud,,,365,365,365,0,100.00%,0.00%
20260127,07,第一網站股份有限公司,2518,麻辣家族討論區(twbts),11082,CF-728X90-twbts,antifroud,,,"1,916","1,916","1,897",19,99.01%,0.99%
20260127,07,第一網站股份有限公司,2601,Meme梗圖倉庫,11443,CF-336X280-meme,,,,54,54,39,15,72.22%,27.78%
20260127,07,艾得基客行銷顧問股份有限公司,2578,鉅亨網,12070,MW_320x480_文中創意_鉅亨網,,知名媒體,,"14,819","14,819","14,633",186,98.74%,1.26%
20260127,07,時報資訊股份有限公司,2770,中時電子報_HB,12559,CF_300x250_右側互動看版_中時電子報_HB,,知名媒體,,799,799,703,96,87.98%,12.02%
20260127,07,時報資訊股份有限公司,2770,中時電子報_HB,12560,CF_336x280_文中看板_中時電子報_HB,,知名媒體,,696,696,614,82,88.22%,11.78%
20260127,07,時報資訊股份有限公司,2770,中時電子報_HB,12561,MW_300x250_內頁TOP Banner_中時電子報_HB,antifroud,知名媒體,,"3,809","3,809","3,624",185,95.14%,4.86%
20260127,07,第一網站股份有限公司,2768,czbooks,12570,CF_728x90_banner_czbooks,,,,"1,269","1,269","1,110",159,87.47%,12.53%
20260127,07,第一網站股份有限公司,2768,czbooks,12571,CF-300x600_Banner_czbooks,,,,104,104,62,42,59.62%,40.38%
20260127,07,鳳梨傳媒股份有限公司,2190,民視新聞網-Exchange,12579,CF_300x250_右側第一塊_民視新聞網-Exchange(RWD)(MCM),,知名媒體,,"1,204","1,204","1,189",15,98.75%,1.25%
20260127,07,鳳梨傳媒股份有限公司,2190,民視新聞網-Exchange,12580,CF_300x250_內文文中左側_民視新聞網-Exchange(RWD)(MCM),,知名媒體,,"1,157","1,157","1,114",43,96.28%,3.72%
20260127,07,第一網站股份有限公司,2783,漫畫櫃manhuagui,12676,CF_728X90_manhuagui,antifroud,,,"10,649","10,649","9,282","1,367",87.16%,12.84%
20260127,07,艾得基客行銷顧問股份有限公司,2635,工商時報,12761,MW_320x480_文中創意_工商時報new,,知名媒體,,"9,159","9,159","8,866",293,96.80%,3.20%
20260127,07,第一網站股份有限公司,2820,星座好朋友(horofriend88),12966,MW_320x100_horofriend88,antifroud,,,140,140,140,0,100.00%,0.00%
20260127,07,第一網站股份有限公司,2836,vivi01,13032,MW_置底創意_vivi01 ViVi視頻,,,,15,15,13,2,86.67%,13.33%
20260127,07,第一網站股份有限公司,2838,mycard,13041,MW_320x480_加倍mycard,,,,167,167,0,167,0.00%,100.00%
20260127,07,曾憲敏,202,85小說網,13445,MW_336X280_全量1_85小說網,,,,218,218,167,51,76.61%,23.39%
20260127,07,曾憲敏,202,85小說網,13446,MW_336X280_全量2_85小說網,,,,"1,054","1,054",827,227,78.46%,21.54%
20260127,07,第一網站股份有限公司,2910,clickme,13549,CF_300x250_banner_clickme(一般),,,,263,263,212,51,80.61%,19.39%
20260127,07,第一網站股份有限公司,2768,czbooks,14036,MW_320x480_CZBOOKS,antifroud,,,127,127,68,59,53.54%,46.46%
20260127,07,陳人鳳,480,飛格寵物家族_PC,1407,CF-728X90_上方通欄_飛格寵物家族,,,,32,32,21,11,65.62%,34.38%
20260127,07,陳人鳳,480,飛格寵物家族_PC,1408,CF-300X250_內文_飛格寵物家族,,,,94,94,62,32,65.96%,34.04%
20260127,07,飛凡傳播股份有限公司,1921,非凡新聞台-exchange,14188,MW_300x250_內文上方_非凡新聞-exchange,antifroud,知名媒體,,33,33,0,33,0.00%,100.00%
20260127,07,闇碼科技股份有限公司,3048,縮短網址產生器-reurl,14210,MW_文中創意300x250_縮短網址產生器-reurl,,知名媒體,,"1,012","1,012",52,960,5.14%,94.86%
20260127,07,巨思文化股份有限公司,3052,經理人_HB,14238,MW_文章結束第一塊_300x250_經理人-HB,,知名媒體,,54,54,45,9,83.33%,16.67%
20260127,07,巨思文化股份有限公司,3052,經理人_HB,14241,MW_300x250_內文下方_經理人-HB,,知名媒體,,40,40,34,6,85.00%,15.00%
20260127,07,巨思文化股份有限公司,3053,數位時代_HB,14246,MW_300x250_文章結束第一塊_數位時代-HB,,知名媒體,,12,12,11,1,91.67%,8.33%
20260127,07,富盈數據股份有限公司,3059,塔科女子,14258,CF_336x280_全網_塔科女子,,知名媒體,,30,30,30,0,100.00%,0.00%
20260127,07,CBROOT LTD,3003,包子漫畫-exchange,14291,MW_300x250_蓋板(PB)_包子漫畫,,,,130,130,108,22,83.08%,16.92%
20260127,07,朱光宁,3149,稷下書院-exchange,14748,MW_320x100_置底(PB)_稷下書院,,,,"20,064","20,064","10,282","9,782",51.25%,48.75%
20260127,07,巨思文化股份有限公司,3053,數位時代_HB,14764,MW_置底創意_(非展開)_數位時代_HB,,知名媒體,,110,110,104,6,94.55%,5.45%
20260127,07,中天電視股份有限公司,3283,中天新聞網-mobile,14918,MW_置底創意(非展開)_中天新聞網-mobile,,知名媒體,,515,515,513,2,99.61%,0.39%
20260127,07,曾憲敏,3327,85小說網_創意,15227,MW-300X250_85小說網_隨身影音PB,,,,20,20,15,5,75.00%,25.00%
20260127,07,曾憲敏,3327,85小說網_創意,15228,MW-創意-85小說網,,,,173,173,127,46,73.41%,26.59%
20260127,07,千晶文化事業股份有限公司,3336,Beauty 美人圈,15252,MW_文中創意320x480_Beauty 美人圈,,知名媒體,,30,30,30,0,100.00%,0.00%
20260127,07,千晶文化事業股份有限公司,3336,Beauty 美人圈,15254,MW_置底創意(非展開)_ Beauty 美人圈,,知名媒體,,"2,965","2,965","2,929",36,98.79%,1.21%
20260127,07,中天電視股份有限公司,3282,中天新聞網-exchange,15859,CF_336x280_內頁_PC右側互動看板B-中天新聞網-exchange,,知名媒體,,94,94,79,15,84.04%,15.96%
20260127,07,CBROOT LTD,3352,西瓜卡通-exchange,15970,CF_160x600_影音內容_西瓜卡通-exchange,,,,152,152,150,2,98.68%,1.32%
20260127,07,朱光宁,3360,提莫書屋-exchange,16957,MW_336x280banner_提莫書屋_exchange,,,,"11,109","11,109","8,654","2,455",77.90%,22.10%
20260127,07,朱光宁,3361,提莫書屋-mobile,16958,MW_置底創意_提莫書屋-mobile,,,,6,6,4,2,66.67%,33.33%
20260127,07,朱光宁,3361,提莫書屋-mobile,16959,MW_320x480_文中創意_提莫書屋-mobile,,,,64,64,55,9,85.94%,14.06%
20260127,07,欣發現股份有限公司,3365,Hami任務牆-mobile,16969,MW_置底創意_Hami任務牆,,知名媒體,,981,981,858,123,87.46%,12.54%
20260127,07,欣發現股份有限公司,3365,Hami任務牆-mobile,16971,MW_文中創意300x250_Hami任務牆,,知名媒體,,26,26,25,1,96.15%,3.85%
20260127,07,欣發現股份有限公司,3364,女子學-mobile,16972,MW_置底創意_女子學,antifroud,,,"1,092","1,092","1,023",69,93.68%,6.32%
20260127,07,欣發現股份有限公司,3363,大人物-mobile,16973,MW_置底創意_大人物,,知名媒體,,68,68,56,12,82.35%,17.65%
20260127,07,欣發現股份有限公司,3362,妞新聞-mobile,16974,MW_置底創意_妞新聞,,知名媒體,,92,92,74,18,80.43%,19.57%
20260127,07,欣發現股份有限公司,3362,妞新聞-mobile,16981,MW_文中創意300x250_妞新聞,,知名媒體,,18,18,14,4,77.78%,22.22%
20260127,07,第一網站股份有限公司,2783,漫畫櫃manhuagui,17027,MW_320x480_蓋版_漫畫櫃manhuagui,,,,161,161,149,12,92.55%,7.45%
20260127,07,詠勝科技有限公司,3385,Mobile01_HB,17175,CF_970x90_橫幅Banner_Mobile01_HB,,知名媒體,,100,100,86,14,86.00%,14.00%
20260127,07,詠勝科技有限公司,3385,Mobile01_HB,17179,CF_300x250_熱門大看板_Mobile01_HB,,知名媒體,,6,6,5,1,83.33%,16.67%
20260127,07,詠勝科技有限公司,3385,Mobile01_HB,17180,CF_300x250_置底看板左_Mobile01_HB,,知名媒體,,18,18,14,4,77.78%,22.22%
20260127,07,詠勝科技有限公司,3385,Mobile01_HB,17181,CF_300x250_置底看板中_Mobile01_HB,,知名媒體,,18,18,13,5,72.22%,27.78%
20260127,07,詠勝科技有限公司,3385,Mobile01_HB,17182,CF_300x250_置底看板右_Mobile01_HB,,知名媒體,,24,24,20,4,83.33%,16.67%
20260127,07,詠勝科技有限公司,3385,Mobile01_HB,17183,CF_300x600_大摩天_Mobile01_HB,,知名媒體,,32,32,26,6,81.25%,18.75%
20260127,07,詠勝科技有限公司,3385,Mobile01_HB,17195,CF_300x600_特殊大摩天_Mobile01_HB,,知名媒體,,10,10,5,5,50.00%,50.00%
20260127,07,詠勝科技有限公司,3385,Mobile01_HB,17204,MW_300x250_文中Banner(interscroller)_Mobile01_HB,,知名媒體,,20,20,16,4,80.00%,20.00%
20260127,07,朱光宁,3268,稷下書院-mobile,17207,MW_320x480_蓋版_稷下書院-mobile,,,,"3,654","3,654","2,302","1,352",63.00%,37.00%
20260127,07,李立娟,3395,vivi0視頻-exchange,17293,CF_336x280_Banner_vivi01視頻-exchange,antifroud,,,"44,905","44,905","41,460","3,445",92.33%,7.67%
20260127,07,李立娟,3395,vivi0視頻-exchange,17294,MW_336x280_Banner_vivi01視頻-exchange,antifroud,,,"51,626","51,626","48,138","3,488",93.24%,6.76%
20260127,07,李立娟,3395,vivi0視頻-exchange,17300,MW_320x100_置底(PB)_vivi01視頻-exchange,antifroud,,,"80,344","80,344","75,450","4,894",93.91%,6.09%
20260127,07,李立娟,3396,趣聞圖說-Mobile,17923,MW_置底創意(展開)_趣聞圖說-Mobile,,,,6,6,6,0,100.00%,0.00%
20260127,07,第一網站股份有限公司,2768,czbooks,17927,MW_置底創意_czbook,,,,"9,288","9,288","5,456","3,832",58.74%,41.26%
20260127,07,中天電視股份有限公司,3283,中天新聞網-mobile,17937,MW_置底創意(展開)_中天新聞網-mobile,,知名媒體,,"13,411","13,411","13,353",58,99.57%,0.43%
20260127,07,時報資訊股份有限公司_工商時報,3427,工商時報-exchange,18003,CF_300x250_互動看板2_工商時報-exchange,,知名媒體,,6,6,6,0,100.00%,0.00%
20260127,07,時報資訊股份有限公司_工商時報,3427,工商時報-exchange,18007,CF_336x280_文末右側看板_工商時報-exchange,,知名媒體,,6,6,5,1,83.33%,16.67%
20260127,07,時報資訊股份有限公司_工商時報,3427,工商時報-exchange,18008,CF_336x280_文末左側看板_工商時報-exchange,,知名媒體,,6,6,5,1,83.33%,16.67%
20260127,07,時報資訊股份有限公司_工商時報,3427,工商時報-exchange,18014,MW_300x250_文末Banner1_工商時報-exchange,,知名媒體,,51,51,48,3,94.12%,5.88%
20260127,07,時報資訊股份有限公司_工商時報,3427,工商時報-exchange,18015,MW_300x250_文末Banner2_工商時報-exchange,,知名媒體,,390,390,381,9,97.69%,2.31%
20260127,07,第一網站股份有限公司,3440,fsa_passback_first,18201,CF_336x280_fsa_passback_first,,,,475,475,363,112,76.42%,23.58%
20260127,07,第一網站股份有限公司,3440,fsa_passback_first,18202,CF_300x250_fsa_passback_first,,,,452,452,348,104,76.99%,23.01%
20260127,07,莊博凱,1676,夢遊電玩-exchange,18264,MW-336x280_內文上方_夢遊電玩_exchange,,,,6,6,6,0,100.00%,0.00%
20260127,07,莊博凱,3455,夢遊電玩,18269,300x250 Banner,,,,6,6,4,2,66.67%,33.33%
20260127,07,朱光宁,3268,稷下書院-mobile,18297,MW_置底創意(展開)_稷下書院-mobile,,,,220,220,137,83,62.27%,37.73%
20260127,07,冰楓科技有限公司,3485,冰楓論壇-exchange,18487,CF_970x90_內文上方第一塊_冰楓論壇-exchange,,,,283,283,248,35,87.63%,12.37%
20260127,07,冰楓科技有限公司,3485,冰楓論壇-exchange,18488,MW_320x100_內文上方第一塊_ 冰楓論壇-exchange,antifroud,,,45,45,35,10,77.78%,22.22%
20260127,07,冰楓科技有限公司,3485,冰楓論壇-exchange,18492,MW_300x250_Banner_ 冰楓論壇-exchange,,,,142,142,135,7,95.07%,4.93%
20260127,07,CBROOT LTD,3492,包子漫畫(特開流量)-exchange,18557,CF_300x600_指定流量_包子漫畫(特開流量PB)-exchange,,,,72,72,56,16,77.78%,22.22%
20260127,07,CBROOT LTD,3510,包子漫畫_twmanga-exchange,18737,CF_970x90_Banner_ 包子漫畫_twmanga-exchange,,,,71,71,55,16,77.46%,22.54%
20260127,07,台灣英文新聞股份有限公司,3537,台灣英文新聞(new)-exchange,18924,CF_300x250_內容頁_右側看版_1_台灣英文新聞(new)-exchange,,知名媒體,,18,18,12,6,66.67%,33.33%
20260127,07,艾得基客行銷顧問股份有限公司,3552,玩具人,19044,MW_320x480_文中創意_玩具人,,知名媒體,,36,36,32,4,88.89%,11.11%
20260127,07,第一網站股份有限公司,2783,漫畫櫃manhuagui,20685,MW_300X250_manhuagui,antifroud,,,"2,520","2,520","2,133",387,84.64%,15.36%
20260127,07,德榕企業有限公司,3578,TW Bodhi_mobile,20707,MW_置底創意_TW Bodhi,,,,34,34,34,0,100.00%,0.00%
20260127,07,德榕企業有限公司,3578,TW Bodhi_mobile,20708,MW_蓋板_TW Bodhi,,,,178,178,178,0,100.00%,0.00%
20260127,07,德榕企業有限公司,3581,忘憂書屋,20727,CF_336x280文章頁(RWD)_忘憂書屋,,,,20,20,19,1,95.00%,5.00%
20260127,07,德榕企業有限公司,3582,忘憂書屋_mobile,20729,MW_蓋板_忘憂書屋,,,,6,6,6,0,100.00%,0.00%
20260127,07,德榕企業有限公司,3582,忘憂書屋_mobile,20730,MW_置底創意_忘憂書屋,,,,18,18,18,0,100.00%,0.00%
20260127,07,第一網站股份有限公司,2916,KiKiNote,20731,CF_300x250_banner_kikinote (PB),,知名媒體,,26,26,26,0,100.00%,0.00%
20260127,07,艾得基客行銷顧問股份有限公司,3609,商妮吃喝遊樂,21319,MW_320x480_文中創意_商妮吃喝遊樂,,,,12,12,12,0,100.00%,0.00%
20260127,07,第一網站股份有限公司,2768,czbooks,21412,(子)CF_970x250_banner_czbooks(限時段)-PB,,,子聯播網,"1,336","1,336",750,586,56.14%,43.86%
20260127,07,第一網站股份有限公司,3440,fsa_passback_first,21699,CF_336x280_fsa_passback_first,,,,456,456,369,87,80.92%,19.08%
20260127,07,富盈數據股份有限公司,3653,TVBS-女人我最大_HB,21760,MW_文章三_336x280_TVBS-女人我最大_HB,,知名媒體,,12,12,12,0,100.00%,0.00%
20260127,07,富盈數據股份有限公司,3653,TVBS-女人我最大_HB,21761,MW_文章四_336x280_TVBS-女人我最大_HB,,知名媒體,,400,400,392,8,98.00%,2.00%
20260127,07,富盈數據股份有限公司,3653,TVBS-女人我最大_HB,21762,MW_文章置底_320x100_TVBS-女人我最大_HB,,知名媒體,,114,114,113,1,99.12%,0.88%
20260127,07,富盈數據股份有限公司,3653,TVBS-女人我最大_HB,21763,MW_文中創意320x480_TVBS-女人我最大_HB,,知名媒體,,389,389,384,5,98.71%,1.29%
20260127,07,富盈數據股份有限公司,3654,TVBS-健康2.0_HB,21765,MW_文章三_336x280_TVBS-健康2.0_HB,,知名媒體,,210,210,210,0,100.00%,0.00%
20260127,07,富盈數據股份有限公司,3654,TVBS-健康2.0_HB,21767,MW_文章置底_320x100_TVBS-健康2.0_HB,,知名媒體,,6,6,6,0,100.00%,0.00%
20260127,07,富盈數據股份有限公司,3654,TVBS-健康2.0_HB,21768,MW_文中創意320x480_TVBS-健康2.0_HB,,知名媒體,,"4,617","4,617","3,990",627,86.42%,13.58%
20260127,07,富盈數據股份有限公司,3655,TVBS-食尚玩家_HB,21770,MW_文章三_336x280_TVBS-食尚玩家_HB,,知名媒體,,45,45,43,2,95.56%,4.44%
20260127,07,富盈數據股份有限公司,3655,TVBS-食尚玩家_HB,21773,MW_文中創意320x480_TVBS-食尚玩家_HB,,知名媒體,,150,150,147,3,98.00%,2.00%
20260127,07,富盈數據股份有限公司,3653,TVBS-女人我最大_HB,21803,MW_文章一_336x280_TVBS-女人我最大_HB,,知名媒體,,6,6,6,0,100.00%,0.00%
20260127,07,富盈數據股份有限公司,3654,TVBS-健康2.0_HB,21812,MW_文章一_336x280_TVBS-健康2.0_HB,,知名媒體,,"1,002","1,002",972,30,97.01%,2.99%
20260127,07,儂儂雜誌社股份有限公司(bella儂儂),2135,Bella儂儂_2024,21876,MW-300x250_文章標題上方1_Bella儂儂,,知名媒體,,106,106,102,4,96.23%,3.77%
20260127,07,富盈數據股份有限公司,3680,TVBS-新聞網_HB,21899,MW_文章一_336x280_TVBS-新聞網_HB,,知名媒體,,"5,280","5,280","5,166",114,97.84%,2.16%
20260127,07,富盈數據股份有限公司,3680,TVBS-新聞網_HB,21900,MW_文章三_336x280_TVBS-新聞網_HB,,知名媒體,,136,136,134,2,98.53%,1.47%
20260127,07,富盈數據股份有限公司,3680,TVBS-新聞網_HB,21902,MW_文章置底_320x100_TVBS-新聞網_HB,,知名媒體,,"6,362","6,362","6,241",121,98.10%,1.90%
20260127,07,富盈數據股份有限公司,3684,稅美人_mobile,21923,MW_置底創意(非展開)_稅美人-mobile,,,,6,6,3,3,50.00%,50.00%
20260127,07,富盈數據股份有限公司,3685,玩桌遊_mobile,21924,MW_置底創意(非展開)_玩桌遊-mobile,,,,42,42,33,9,78.57%,21.43%
20260127,07,富盈數據股份有限公司,2615,熱血台中,21986,CF_336x280_全網_熱血台中,,,,76,76,70,6,92.11%,7.89%
20260127,07,富盈數據股份有限公司,2615,熱血台中,21987,CF_336x280_全網_熱血台中,,,,152,152,145,7,95.39%,4.61%
20260127,07,富盈數據股份有限公司,3704,天天要聞,22030,CF_300 x 250 banner_天天要聞_cpc2,,,,"1,376","1,376",714,662,51.89%,48.11%
20260127,07,富盈數據股份有限公司,3703,繁體小說,22031,CF_300 x 250 banner_繁體小說_cpc2,,,,56,56,49,7,87.50%,12.50%
20260127,07,英屬蓋曼群島商家庭傳媒股份有限公司城邦分公司,701,T客邦_Mobile,2213,MW_置底創意(非展開)_T客邦,,知名媒體,,6,6,6,0,100.00%,0.00%
20260127,07,富盈數據股份有限公司,3730,Teepr 亮新聞 HB,22145,MW_336x280_文中創意_Teepr亮新聞 HB,,,,6,6,6,0,100.00%,0.00%
20260127,07,闇碼科技股份有限公司,3048,縮短網址產生器-reurl,22213,MW_蓋版_縮短網址產生器-reurl-2025.05(特殊供量),,知名媒體,,"1,021","1,021",53,968,5.19%,94.81%
20260127,07,艾得基客行銷顧問股份有限公司,2689,Basketball Top5,22219,MW_置底(展開)_Basketball TOP5,,,,588,588,584,4,99.32%,0.68%
20260127,07,艾得基客行銷顧問股份有限公司,2084,經濟日報,22220,MW_置底(展開)_經濟日報,,知名媒體,,"1,151","1,151","1,113",38,96.70%,3.30%
20260127,07,欣發現股份有限公司,3363,大人物-mobile,22222,MW_蓋板_大人物,,知名媒體,,90,90,70,20,77.78%,22.22%
20260127,07,朱光宁,3741,石頭小說3,22396,MW_置底_石頭小說3,,,,24,24,17,7,70.83%,29.17%
20260127,07,朱光宁,3741,石頭小說3,22398,CF_336 x 280 banner_石頭小說3_cpc1.67,,,,"1,637","1,637",981,656,59.93%,40.07%
20260127,07,朱光宁,3741,石頭小說3,22399,CF_320 x 480 橫幅_石頭小說3,,,,44,44,29,15,65.91%,34.09%
20260127,07,艾得基客行銷顧問股份有限公司,2825,科技紫薇,22403,MW_蓋版_科技紫微,,,,18,18,18,0,100.00%,0.00%
20260127,07,闇碼科技股份有限公司,3068,限時圖片-imgus,22406,MW_置底_imgus,antifroud,,,256,256,256,0,100.00%,0.00%
20260127,07,第一網站股份有限公司,2783,漫畫櫃manhuagui,22443,MW_置底_manhuagui,antifroud,,,"4,431","4,431","4,147",284,93.59%,6.41%
20260127,07,艾得基客行銷顧問股份有限公司,2689,Basketball Top5,22498,MW_300x250 Banner_Basketball TOP5_CPM5,,,子聯播網,"1,371","1,371","1,356",15,98.91%,1.09%
20260127,07,艾得基客行銷顧問股份有限公司,2578,鉅亨網,22507,MW_300x250_鉅亨網_直播用BN-1,,知名媒體,子聯播網,546,546,535,11,97.99%,2.01%
20260127,07,艾得基客行銷顧問股份有限公司,3752,ＭoneyDJ,22514,MW_文中創意320x480_MoneyDJ,antifroud,知名媒體,,66,66,62,4,93.94%,6.06%
20260127,07,艾得基客行銷顧問股份有限公司,2084,經濟日報,22517,MW_置底創意(非展開)_經濟日報,,知名媒體,,677,677,653,24,96.45%,3.55%
20260127,07,李承翰-webptt,718,Web批踢踢(RWD),2284,MW-蓋板_文中_Web批踢踢,antifroud,,,30,30,16,14,53.33%,46.67%
20260127,07,麥智維,999,動漫戲說,3543,CF-728*90-內文上方-動漫戲說,antifroud,,,69,69,48,21,69.57%,30.43%
20260127,07,肖偉彬,1287,紅櫻桃小說書庫,4678,CF-內文上方-300*250-紅櫻桃小說書庫,,,,30,30,26,4,86.67%,13.33%
20260127,07,肖偉彬,1287,紅櫻桃小說書庫,4717,MW_文中創意300x250_紅櫻桃小說書庫,,,,24,24,17,7,70.83%,29.17%
20260127,07,肖偉彬,1347,雲台書屋,4922,CF-內文中間-728*90-雲台書屋,antifroud,,,6,6,6,0,100.00%,0.00%
20260127,07,陈晋福,1367,電視超人,4997,CF-300X250-電視超人,,,,8,8,5,3,62.50%,37.50%
20260127,07,精鏡傳媒股份有限公司,1060,鏡週刊,8250,MW_置底創意(非展開)_鏡週刊,,知名媒體,,6,6,6,0,100.00%,0.00%
20260127,07,巧克科技新媒體股份有限公司,2127,LINE TV_Banner-exchange,8576,CF_336x280_戲劇-右側好康資訊下方_LINE TV-exchange,,知名媒體,,18,18,9,9,50.00%,50.00%
20260127,07,巧克科技新媒體股份有限公司,2127,LINE TV_Banner-exchange,8577,CF_336x280_戲劇-右側好康資訊上方_LINE TV-exchange,,知名媒體,,50,50,37,13,74.00%,26.00%
20260127,07,鳳梨傳媒股份有限公司,2190,民視新聞網-Exchange,8862,CF_970X90_分類新聞內頁上方_民視新聞(MCM),,知名媒體,,6,6,0,6,0.00%,100.00%
20260127,08,英屬維京群島商浩美數位有限公司台灣分公司,2315,Teepr亮新聞-exchange,10012,CF_336x280Banner_Teepr亮新聞-exchange,,知名媒體,,54,54,45,9,83.33%,16.67%
20260127,08,昱得資訊工作室,2528,數位書香,11080,CF_728x90_首頁上方_數位書香,antifroud,,,18,18,15,3,83.33%,16.67%
20260127,08,昱得資訊工作室,2528,數位書香,11081,CF_160x600_首頁右側_數位書香,antifroud,,,324,324,307,17,94.75%,5.25%
20260127,08,第一網站股份有限公司,2518,麻辣家族討論區(twbts),11082,CF-728X90-twbts,antifroud,,,"1,338","1,338","1,329",9,99.33%,0.67%
20260127,08,第一網站股份有限公司,2601,Meme梗圖倉庫,11443,CF-336X280-meme,,,,114,114,88,26,77.19%,22.81%
20260127,08,艾得基客行銷顧問股份有限公司,2578,鉅亨網,12070,MW_320x480_文中創意_鉅亨網,,知名媒體,,"17,684","17,684","17,403",281,98.41%,1.59%
20260127,08,時報資訊股份有限公司,2770,中時電子報_HB,12559,CF_300x250_右側互動看版_中時電子報_HB,,知名媒體,,"1,826","1,826","1,606",220,87.95%,12.05%
20260127,08,時報資訊股份有限公司,2770,中時電子報_HB,12560,CF_336x280_文中看板_中時電子報_HB,,知名媒體,,"1,703","1,703","1,505",198,88.37%,11.63%
20260127,08,時報資訊股份有限公司,2770,中時電子報_HB,12561,MW_300x250_內頁TOP Banner_中時電子報_HB,antifroud,知名媒體,,"2,570","2,570","2,450",120,95.33%,4.67%
20260127,08,第一網站股份有限公司,2768,czbooks,12570,CF_728x90_banner_czbooks,,,,"1,229","1,229","1,004",225,81.69%,18.31%
20260127,08,第一網站股份有限公司,2768,czbooks,12571,CF-300x600_Banner_czbooks,,,,238,238,138,100,57.98%,42.02%
20260127,08,鳳梨傳媒股份有限公司,2190,民視新聞網-Exchange,12579,CF_300x250_右側第一塊_民視新聞網-Exchange(RWD)(MCM),,知名媒體,,"1,406","1,406","1,358",48,96.59%,3.41%
20260127,08,鳳梨傳媒股份有限公司,2190,民視新聞網-Exchange,12580,CF_300x250_內文文中左側_民視新聞網-Exchange(RWD)(MCM),,知名媒體,,"1,204","1,204","1,160",44,96.35%,3.65%
20260127,08,第一網站股份有限公司,2783,漫畫櫃manhuagui,12676,CF_728X90_manhuagui,antifroud,,,"16,162","16,162","13,876","2,286",85.86%,14.14%
20260127,08,艾得基客行銷顧問股份有限公司,2635,工商時報,12761,MW_320x480_文中創意_工商時報new,,知名媒體,,"1,995","1,995","1,916",79,96.04%,3.96%
20260127,08,第一網站股份有限公司,2801,damanwoo,12868,CF-300x250_Banner_damanwoo_大人物,,,,26,26,23,3,88.46%,11.54%
20260127,08,第一網站股份有限公司,2820,星座好朋友(horofriend88),12966,MW_320x100_horofriend88,antifroud,,,162,162,151,11,93.21%,6.79%
20260127,08,第一網站股份有限公司,2838,mycard,13041,MW_320x480_加倍mycard,,,,93,93,0,93,0.00%,100.00%
20260127,08,大霹靂國際整合行銷股份有限公司,2883,霹靂網-Mobile,13392,MW_置底創意_霹靂網-Mobile,,知名媒體,,6,6,5,1,83.33%,16.67%
20260127,08,曾憲敏,202,85小說網,13445,MW_336X280_全量1_85小說網,,,,261,261,197,64,75.48%,24.52%
20260127,08,曾憲敏,202,85小說網,13446,MW_336X280_全量2_85小說網,,,,"1,616","1,616","1,275",341,78.90%,21.10%
20260127,08,第一網站股份有限公司,2910,clickme,13549,CF_300x250_banner_clickme(一般),,,,495,495,395,100,79.80%,20.20%
20260127,08,闇碼科技股份有限公司,2992,縮短網址產生器-reurl-exchange,13848,CF_300x250_轉址失敗_最右邊_reurl,,知名媒體,,6,6,4,2,66.67%,33.33%
20260127,08,闇碼科技股份有限公司,2992,縮短網址產生器-reurl-exchange,13856,CF_300x250_轉址失敗頁第二塊_reurl,,知名媒體,,6,6,4,2,66.67%,33.33%
20260127,08,第一網站股份有限公司,2768,czbooks,14036,MW_320x480_CZBOOKS,antifroud,,,157,157,86,71,54.78%,45.22%
20260127,08,陳人鳳,480,飛格寵物家族_PC,1407,CF-728X90_上方通欄_飛格寵物家族,,,,18,18,12,6,66.67%,33.33%
20260127,08,陳人鳳,480,飛格寵物家族_PC,1408,CF-300X250_內文_飛格寵物家族,,,,50,50,31,19,62.00%,38.00%
20260127,08,飛凡傳播股份有限公司,1921,非凡新聞台-exchange,14188,MW_300x250_內文上方_非凡新聞-exchange,antifroud,知名媒體,,6,6,6,0,100.00%,0.00%
20260127,08,闇碼科技股份有限公司,3048,縮短網址產生器-reurl,14210,MW_文中創意300x250_縮短網址產生器-reurl,,知名媒體,,106,106,53,53,50.00%,50.00%
20260127,08,巨思文化股份有限公司,3052,經理人_HB,14238,MW_文章結束第一塊_300x250_經理人-HB,,知名媒體,,87,87,70,17,80.46%,19.54%
20260127,08,巨思文化股份有限公司,3052,經理人_HB,14241,MW_300x250_內文下方_經理人-HB,,知名媒體,,87,87,71,16,81.61%,18.39%
20260127,08,巨思文化股份有限公司,3053,數位時代_HB,14244,MW_300x250_文中第四塊_數位時代-HB,,知名媒體,,14,14,10,4,71.43%,28.57%
20260127,08,巨思文化股份有限公司,3053,數位時代_HB,14246,MW_300x250_文章結束第一塊_數位時代-HB,,知名媒體,,44,44,35,9,79.55%,20.45%
20260127,08,富盈數據股份有限公司,3059,塔科女子,14258,CF_336x280_全網_塔科女子,,知名媒體,,25,25,25,0,100.00%,0.00%
20260127,08,CBROOT LTD,3003,包子漫畫-exchange,14291,MW_300x250_蓋板(PB)_包子漫畫,,,,221,221,185,36,83.71%,16.29%
20260127,08,朱光宁,3149,稷下書院-exchange,14748,MW_320x100_置底(PB)_稷下書院,,,,"26,173","26,173","13,306","12,867",50.84%,49.16%
20260127,08,巨思文化股份有限公司,3053,數位時代_HB,14764,MW_置底創意_(非展開)_數位時代_HB,,知名媒體,,451,451,400,51,88.69%,11.31%
20260127,08,中天電視股份有限公司,3282,中天新聞網-exchange,14980,CF_970x250_內頁_PC置頂橫幅-中天新聞網-exchange,,知名媒體,,12,12,8,4,66.67%,33.33%
20260127,08,曾憲敏,3327,85小說網_創意,15227,MW-300X250_85小說網_隨身影音PB,,,,36,36,26,10,72.22%,27.78%
20260127,08,曾憲敏,3327,85小說網_創意,15228,MW-創意-85小說網,,,,287,287,212,75,73.87%,26.13%
20260127,08,千晶文化事業股份有限公司,3336,Beauty 美人圈,15254,MW_置底創意(非展開)_ Beauty 美人圈,,知名媒體,,"3,296","3,296","3,269",27,99.18%,0.82%
20260127,08,中天電視股份有限公司,3282,中天新聞網-exchange,15859,CF_336x280_內頁_PC右側互動看板B-中天新聞網-exchange,,知名媒體,,158,158,133,25,84.18%,15.82%
20260127,08,CBROOT LTD,3352,西瓜卡通-exchange,15970,CF_160x600_影音內容_西瓜卡通-exchange,,,,110,110,110,0,100.00%,0.00%
20260127,08,時報資訊股份有限公司,2817,旺得富,16910,CF_300x250_Billboard_1s_旺得富,,知名媒體,,6,6,6,0,100.00%,0.00%
20260127,08,朱光宁,3360,提莫書屋-exchange,16957,MW_336x280banner_提莫書屋_exchange,,,,"12,982","12,982","9,953","3,029",76.67%,23.33%
20260127,08,朱光宁,3361,提莫書屋-mobile,16958,MW_置底創意_提莫書屋-mobile,,,,18,18,11,7,61.11%,38.89%
20260127,08,朱光宁,3361,提莫書屋-mobile,16959,MW_320x480_文中創意_提莫書屋-mobile,,,,18,18,14,4,77.78%,22.22%
20260127,08,巧克科技新媒體股份有限公司,1494,LINE TV,16964,CF_336x280_影音暫停頁_LINE TV,,知名媒體,,12,12,7,5,58.33%,41.67%
20260127,08,欣發現股份有限公司,3365,Hami任務牆-mobile,16969,MW_置底創意_Hami任務牆,,知名媒體,,887,887,747,140,84.22%,15.78%
20260127,08,欣發現股份有限公司,3364,女子學-mobile,16972,MW_置底創意_女子學,antifroud,,,"2,424","2,424","2,306",118,95.13%,4.87%
20260127,08,欣發現股份有限公司,3363,大人物-mobile,16973,MW_置底創意_大人物,,知名媒體,,483,483,365,118,75.57%,24.43%
20260127,08,欣發現股份有限公司,3362,妞新聞-mobile,16974,MW_置底創意_妞新聞,,知名媒體,,73,73,61,12,83.56%,16.44%
20260127,08,第一網站股份有限公司,2783,漫畫櫃manhuagui,17027,MW_320x480_蓋版_漫畫櫃manhuagui,,,,366,366,328,38,89.62%,10.38%
20260127,08,艾得基客行銷顧問股份有限公司,3373,良醫健康網,17092,MW_置底創意_良醫健康網,,知名媒體,,134,134,102,32,76.12%,23.88%
20260127,08,詠勝科技有限公司,3385,Mobile01_HB,17175,CF_970x90_橫幅Banner_Mobile01_HB,,知名媒體,,886,886,644,242,72.69%,27.31%
20260127,08,詠勝科技有限公司,3385,Mobile01_HB,17176,CF_728x90_內頁橫幅Banner_7F_Mobile01_HB,,知名媒體,,24,24,21,3,87.50%,12.50%
20260127,08,詠勝科技有限公司,3385,Mobile01_HB,17178,CF_300x250_頻道頁_大看板_Mobile01_HB,,知名媒體,,50,50,43,7,86.00%,14.00%
20260127,08,詠勝科技有限公司,3385,Mobile01_HB,17179,CF_300x250_熱門大看板_Mobile01_HB,,知名媒體,,6,6,5,1,83.33%,16.67%
20260127,08,詠勝科技有限公司,3385,Mobile01_HB,17180,CF_300x250_置底看板左_Mobile01_HB,,知名媒體,,324,324,264,60,81.48%,18.52%
20260127,08,詠勝科技有限公司,3385,Mobile01_HB,17181,CF_300x250_置底看板中_Mobile01_HB,,知名媒體,,368,368,296,72,80.43%,19.57%
20260127,08,詠勝科技有限公司,3385,Mobile01_HB,17182,CF_300x250_置底看板右_Mobile01_HB,,知名媒體,,321,321,254,67,79.13%,20.87%
20260127,08,詠勝科技有限公司,3385,Mobile01_HB,17183,CF_300x600_大摩天_Mobile01_HB,,知名媒體,,633,633,506,127,79.94%,20.06%
20260127,08,詠勝科技有限公司,3385,Mobile01_HB,17204,MW_300x250_文中Banner(interscroller)_Mobile01_HB,,知名媒體,,36,36,28,8,77.78%,22.22%
20260127,08,朱光宁,3268,稷下書院-mobile,17207,MW_320x480_蓋版_稷下書院-mobile,,,,"4,787","4,787","2,996","1,791",62.59%,37.41%
20260127,08,中華電視股份有限公司,3389,華視-mobile,17230,MW_置底創意(非展開)_華視-mobile,,知名媒體,,12,12,11,1,91.67%,8.33%
20260127,08,中華電視股份有限公司,3389,華視-mobile,17232,MW_文中創意320x480_華視-mobile,,知名媒體,,12,12,11,1,91.67%,8.33%
20260127,08,李立娟,3395,vivi0視頻-exchange,17293,CF_336x280_Banner_vivi01視頻-exchange,antifroud,,,"46,689","46,689","43,501","3,188",93.17%,6.83%
20260127,08,李立娟,3395,vivi0視頻-exchange,17294,MW_336x280_Banner_vivi01視頻-exchange,antifroud,,,"54,930","54,930","51,516","3,414",93.78%,6.22%
20260127,08,李立娟,3395,vivi0視頻-exchange,17300,MW_320x100_置底(PB)_vivi01視頻-exchange,antifroud,,,"84,710","84,710","79,833","4,877",94.24%,5.76%
20260127,08,李立娟,3397,趣聞圖說-exchange,17309,MW_336x280_文中Banner_趣聞圖說-exchange,,,,18,18,15,3,83.33%,16.67%
20260127,08,曾憲敏,601,85小說網_PC,1773,CF-300x250_85小說網_內文1,,,,22,22,16,6,72.73%,27.27%
20260127,08,李立娟,3396,趣聞圖說-Mobile,17923,MW_置底創意(展開)_趣聞圖說-Mobile,,,,80,80,78,2,97.50%,2.50%
20260127,08,第一網站股份有限公司,2768,czbooks,17927,MW_置底創意_czbook,,,,"10,562","10,562","6,218","4,344",58.87%,41.13%
20260127,08,時報資訊股份有限公司_工商時報,3427,工商時報-exchange,18003,CF_300x250_互動看板2_工商時報-exchange,,知名媒體,,14,14,13,1,92.86%,7.14%
20260127,08,時報資訊股份有限公司_工商時報,3427,工商時報-exchange,18007,CF_336x280_文末右側看板_工商時報-exchange,,知名媒體,,44,44,36,8,81.82%,18.18%
20260127,08,時報資訊股份有限公司_工商時報,3427,工商時報-exchange,18008,CF_336x280_文末左側看板_工商時報-exchange,,知名媒體,,36,36,31,5,86.11%,13.89%
20260127,08,時報資訊股份有限公司_工商時報,3427,工商時報-exchange,18014,MW_300x250_文末Banner1_工商時報-exchange,,知名媒體,,204,204,192,12,94.12%,5.88%
20260127,08,時報資訊股份有限公司_工商時報,3427,工商時報-exchange,18015,MW_300x250_文末Banner2_工商時報-exchange,,知名媒體,,733,733,691,42,94.27%,5.73%
20260127,08,第一網站股份有限公司,3440,fsa_passback_first,18201,CF_336x280_fsa_passback_first,,,,381,381,284,97,74.54%,25.46%
20260127,08,第一網站股份有限公司,3440,fsa_passback_first,18202,CF_300x250_fsa_passback_first,,,,"1,166","1,166",904,262,77.53%,22.47%
20260127,08,朱光宁,3268,稷下書院-mobile,18297,MW_置底創意(展開)_稷下書院-mobile,,,,236,236,130,106,55.08%,44.92%
20260127,08,冰楓科技有限公司,3485,冰楓論壇-exchange,18487,CF_970x90_內文上方第一塊_冰楓論壇-exchange,,,,944,939,815,124,86.79%,13.21%
20260127,08,冰楓科技有限公司,3485,冰楓論壇-exchange,18488,MW_320x100_內文上方第一塊_ 冰楓論壇-exchange,antifroud,,,72,72,59,13,81.94%,18.06%
20260127,08,冰楓科技有限公司,3485,冰楓論壇-exchange,18492,MW_300x250_Banner_ 冰楓論壇-exchange,,,,358,356,333,23,93.54%,6.46%
20260127,08,CBROOT LTD,3492,包子漫畫(特開流量)-exchange,18557,CF_300x600_指定流量_包子漫畫(特開流量PB)-exchange,,,,98,98,91,7,92.86%,7.14%
20260127,08,CBROOT LTD,3510,包子漫畫_twmanga-exchange,18737,CF_970x90_Banner_ 包子漫畫_twmanga-exchange,,,,81,81,77,4,95.06%,4.94%
20260127,08,舒禾驊,3535,荷花動漫筆記,18887,CF_336x280_文章頁文中_荷花動漫筆記,,,,8,8,4,4,50.00%,50.00%
20260127,08,台灣英文新聞股份有限公司,3537,台灣英文新聞(new)-exchange,18924,CF_300x250_內容頁_右側看版_1_台灣英文新聞(new)-exchange,,知名媒體,,12,12,10,2,83.33%,16.67%
20260127,08,艾得基客行銷顧問股份有限公司,3552,玩具人,19044,MW_320x480_文中創意_玩具人,,知名媒體,,18,18,18,0,100.00%,0.00%
20260127,08,第一網站股份有限公司,2783,漫畫櫃manhuagui,20685,MW_300X250_manhuagui,antifroud,,,"2,887","2,887","2,400",487,83.13%,16.87%
20260127,08,德榕企業有限公司,3578,TW Bodhi_mobile,20707,MW_置底創意_TW Bodhi,,,,38,38,38,0,100.00%,0.00%
20260127,08,德榕企業有限公司,3578,TW Bodhi_mobile,20708,MW_蓋板_TW Bodhi,,,,258,258,256,2,99.22%,0.78%
20260127,08,德榕企業有限公司,3578,TW Bodhi_mobile,20719,MW_文中創意300x250_TW Bodhi,,,,6,6,6,0,100.00%,0.00%
20260127,08,德榕企業有限公司,3581,忘憂書屋,20727,CF_336x280文章頁(RWD)_忘憂書屋,,,,36,36,36,0,100.00%,0.00%
20260127,08,德榕企業有限公司,3582,忘憂書屋_mobile,20728,MW_文中創意300x250_忘憂書屋,,,,174,174,174,0,100.00%,0.00%
20260127,08,德榕企業有限公司,3582,忘憂書屋_mobile,20729,MW_蓋板_忘憂書屋,,,,42,42,42,0,100.00%,0.00%
20260127,08,德榕企業有限公司,3582,忘憂書屋_mobile,20730,MW_置底創意_忘憂書屋,,,,38,38,38,0,100.00%,0.00%
20260127,08,第一網站股份有限公司,2916,KiKiNote,20731,CF_300x250_banner_kikinote (PB),,知名媒體,,34,34,32,2,94.12%,5.88%
20260127,08,艾得基客行銷顧問股份有限公司,3490,太報,21317,MW_蓋版_太報,,知名媒體,,12,12,12,0,100.00%,0.00%
20260127,08,艾得基客行銷顧問股份有限公司,3609,商妮吃喝遊樂,21319,MW_320x480_文中創意_商妮吃喝遊樂,,,,6,6,6,0,100.00%,0.00%
20260127,08,第一網站股份有限公司,2768,czbooks,21412,(子)CF_970x250_banner_czbooks(限時段)-PB,,,子聯播網,"1,283","1,283",704,579,54.87%,45.13%
20260127,08,第一網站股份有限公司,3440,fsa_passback_first,21699,CF_336x280_fsa_passback_first,,,,864,864,640,224,74.07%,25.93%
20260127,08,富盈數據股份有限公司,3653,TVBS-女人我最大_HB,21760,MW_文章三_336x280_TVBS-女人我最大_HB,,知名媒體,,12,12,12,0,100.00%,0.00%
20260127,08,富盈數據股份有限公司,3653,TVBS-女人我最大_HB,21761,MW_文章四_336x280_TVBS-女人我最大_HB,,知名媒體,,907,907,897,10,98.90%,1.10%
20260127,08,富盈數據股份有限公司,3653,TVBS-女人我最大_HB,21762,MW_文章置底_320x100_TVBS-女人我最大_HB,,知名媒體,,168,168,164,4,97.62%,2.38%
20260127,08,富盈數據股份有限公司,3653,TVBS-女人我最大_HB,21763,MW_文中創意320x480_TVBS-女人我最大_HB,,知名媒體,,807,807,802,5,99.38%,0.62%
20260127,08,富盈數據股份有限公司,3654,TVBS-健康2.0_HB,21765,MW_文章三_336x280_TVBS-健康2.0_HB,,知名媒體,,258,258,248,10,96.12%,3.88%
20260127,08,富盈數據股份有限公司,3654,TVBS-健康2.0_HB,21767,MW_文章置底_320x100_TVBS-健康2.0_HB,,知名媒體,,12,12,12,0,100.00%,0.00%
20260127,08,富盈數據股份有限公司,3654,TVBS-健康2.0_HB,21768,MW_文中創意320x480_TVBS-健康2.0_HB,,知名媒體,,"4,949","4,949","4,475",474,90.42%,9.58%
20260127,08,富盈數據股份有限公司,3655,TVBS-食尚玩家_HB,21770,MW_文章三_336x280_TVBS-食尚玩家_HB,,知名媒體,,369,369,356,13,96.48%,3.52%
20260127,08,富盈數據股份有限公司,3655,TVBS-食尚玩家_HB,21771,MW_文章四_336x280_TVBS-食尚玩家_HB,,知名媒體,,18,18,16,2,88.89%,11.11%
20260127,08,富盈數據股份有限公司,3655,TVBS-食尚玩家_HB,21773,MW_文中創意320x480_TVBS-食尚玩家_HB,,知名媒體,,117,117,113,4,96.58%,3.42%
20260127,08,富盈數據股份有限公司,3654,TVBS-健康2.0_HB,21812,MW_文章一_336x280_TVBS-健康2.0_HB,,知名媒體,,"1,079","1,079",950,129,88.04%,11.96%
20260127,08,儂儂雜誌社股份有限公司(bella儂儂),2135,Bella儂儂_2024,21876,MW-300x250_文章標題上方1_Bella儂儂,,知名媒體,,118,118,96,22,81.36%,18.64%
20260127,08,富盈數據股份有限公司,3680,TVBS-新聞網_HB,21899,MW_文章一_336x280_TVBS-新聞網_HB,,知名媒體,,"5,830","5,830","5,734",96,98.35%,1.65%
20260127,08,富盈數據股份有限公司,3680,TVBS-新聞網_HB,21900,MW_文章三_336x280_TVBS-新聞網_HB,,知名媒體,,811,811,808,3,99.63%,0.37%
20260127,08,富盈數據股份有限公司,3680,TVBS-新聞網_HB,21902,MW_文章置底_320x100_TVBS-新聞網_HB,,知名媒體,,"5,630","5,630","5,536",94,98.33%,1.67%
20260127,08,聯合線上股份有限公司,3679,噓新聞,21903,PC_300x250_首頁及內文頁_噓新聞,,知名媒體,,12,12,12,0,100.00%,0.00%
20260127,08,富盈數據股份有限公司,3683,書中字有黃金屋_mobile,21922,MW_置底創意(非展開)_書中字有黃金屋-mobile,,,,12,12,7,5,58.33%,41.67%
20260127,08,富盈數據股份有限公司,3684,稅美人_mobile,21923,MW_置底創意(非展開)_稅美人-mobile,,,,6,6,4,2,66.67%,33.33%
20260127,08,富盈數據股份有限公司,3685,玩桌遊_mobile,21924,MW_置底創意(非展開)_玩桌遊-mobile,,,,30,30,24,6,80.00%,20.00%
20260127,08,富盈數據股份有限公司,2615,熱血台中,21986,CF_336x280_全網_熱血台中,,,,174,174,173,1,99.43%,0.57%
20260127,08,富盈數據股份有限公司,2615,熱血台中,21987,CF_336x280_全網_熱血台中,,,,174,174,174,0,100.00%,0.00%
20260127,08,富盈數據股份有限公司,3703,繁體小說,22022,MW_置底創意(非展開)_繁體小說-mobile,,,,12,12,11,1,91.67%,8.33%
20260127,08,富盈數據股份有限公司,3704,天天要聞,22030,CF_300 x 250 banner_天天要聞_cpc2,,,,"1,511","1,511",766,745,50.69%,49.31%
20260127,08,富盈數據股份有限公司,3703,繁體小說,22031,CF_300 x 250 banner_繁體小說_cpc2,,,,239,239,192,47,80.33%,19.67%
20260127,08,冠妍動力科技有限公司,484,小老婆汽機車資訊網,22058,MW_文中創意320x480_小老婆汽機車資訊網-測試,,知名媒體,,6,6,3,3,50.00%,50.00%
20260127,08,艾得基客行銷顧問股份有限公司,3719,遠見雜誌,22105,MW_蓋板_遠見_遠見雜誌,,知名媒體,,94,94,94,0,100.00%,0.00%
20260127,08,富盈數據股份有限公司,3680,TVBS-新聞網_HB,22131,CF_文中300x250_TVBS-新聞網_HB_1,,知名媒體,,12,12,12,0,100.00%,0.00%
20260127,08,富盈數據股份有限公司,3680,TVBS-新聞網_HB,22132,CF_文中300x250_TVBS-新聞網_HB_2,,知名媒體,,18,18,18,0,100.00%,0.00%
20260127,08,富盈數據股份有限公司,3680,TVBS-新聞網_HB,22133,CF_文中300x250_TVBS-新聞網_HB_3,,知名媒體,,45,45,41,4,91.11%,8.89%
20260127,08,闇碼科技股份有限公司,3048,縮短網址產生器-reurl,22213,MW_蓋版_縮短網址產生器-reurl-2025.05(特殊供量),,知名媒體,,79,79,31,48,39.24%,60.76%
20260127,08,艾得基客行銷顧問股份有限公司,2689,Basketball Top5,22219,MW_置底(展開)_Basketball TOP5,,,,394,394,391,3,99.24%,0.76%
20260127,08,艾得基客行銷顧問股份有限公司,2084,經濟日報,22220,MW_置底(展開)_經濟日報,,知名媒體,,"1,188","1,188","1,005",183,84.60%,15.40%
20260127,08,欣發現股份有限公司,3362,妞新聞-mobile,22221,MW_蓋板_妞新聞,,知名媒體,,6,6,6,0,100.00%,0.00%
20260127,08,欣發現股份有限公司,3363,大人物-mobile,22222,MW_蓋板_大人物,,知名媒體,,450,450,365,85,81.11%,18.89%
20260127,08,朱光宁,3741,石頭小說3,22396,MW_置底_石頭小說3,,,,86,86,56,30,65.12%,34.88%
20260127,08,朱光宁,3741,石頭小說3,22398,CF_336 x 280 banner_石頭小說3_cpc1.67,,,,"1,527","1,527",914,613,59.86%,40.14%
20260127,08,朱光宁,3741,石頭小說3,22399,CF_320 x 480 橫幅_石頭小說3,,,,66,66,51,15,77.27%,22.73%
20260127,08,闇碼科技股份有限公司,3068,限時圖片-imgus,22406,MW_置底_imgus,antifroud,,,137,137,134,3,97.81%,2.19%
20260127,08,第一網站股份有限公司,2783,漫畫櫃manhuagui,22443,MW_置底_manhuagui,antifroud,,,"8,528","8,528","7,727",801,90.61%,9.39%
20260127,08,艾得基客行銷顧問股份有限公司,3490,太報,22495,MW_300x250 BANNER_太報_CPM5,,知名媒體,子聯播網,12,12,12,0,100.00%,0.00%
20260127,08,艾得基客行銷顧問股份有限公司,2689,Basketball Top5,22498,MW_300x250 Banner_Basketball TOP5_CPM5,,,子聯播網,866,866,857,9,98.96%,1.04%
20260127,08,艾得基客行銷顧問股份有限公司,2578,鉅亨網,22507,MW_300x250_鉅亨網_直播用BN-1,,知名媒體,子聯播網,"1,222","1,222","1,203",19,98.45%,1.55%
20260127,08,艾得基客行銷顧問股份有限公司,3752,ＭoneyDJ,22514,MW_文中創意320x480_MoneyDJ,antifroud,知名媒體,,60,60,52,8,86.67%,13.33%
20260127,08,艾得基客行銷顧問股份有限公司,2084,經濟日報,22517,MW_置底創意(非展開)_經濟日報,,知名媒體,,"5,234","5,234","4,549",685,86.91%,13.09%
20260127,08,艾得基客行銷顧問股份有限公司,3373,良醫健康網,22732,MW_300x250_良醫健康網,,知名媒體,,12,12,9,3,75.00%,25.00%
20260127,08,李承翰-webptt,718,Web批踢踢(RWD),2284,MW-蓋板_文中_Web批踢踢,antifroud,,,12,12,8,4,66.67%,33.33%
20260127,08,麥智維,999,動漫戲說,3543,CF-728*90-內文上方-動漫戲說,antifroud,,,357,357,261,96,73.11%,26.89%
20260127,08,肖偉彬,1287,紅櫻桃小說書庫,4678,CF-內文上方-300*250-紅櫻桃小說書庫,,,,20,20,17,3,85.00%,15.00%
20260127,08,肖偉彬,1287,紅櫻桃小說書庫,4717,MW_文中創意300x250_紅櫻桃小說書庫,,,,26,26,19,7,73.08%,26.92%
20260127,08,技達創意資訊有限公司,1299,泰好網,4733,CF-300*250-內文下方-泰好網,,,,6,6,6,0,100.00%,0.00%
20260127,08,技達創意資訊有限公司,1299,泰好網,4734,MW-320*100-首頁、內文上方-泰好網,,,,12,12,12,0,100.00%,0.00%
20260127,08,陈晋福,1367,電視超人,4997,CF-300X250-電視超人,,,,12,12,9,3,75.00%,25.00%
20260127,08,麥智維,999,動漫戲說,6069,CF-300*250-首頁-動漫戲說,,,,61,61,61,0,100.00%,0.00%
20260127,08,精鏡傳媒股份有限公司,1060,鏡週刊,8250,MW_置底創意(非展開)_鏡週刊,,知名媒體,,42,42,36,6,85.71%,14.29%
20260127,08,布林遊國際有限公司,1692,Bring You,8393,CF-300X250-上方通欄右側_BringYou,,知名媒體,,6,6,6,0,100.00%,0.00%
20260127,08,巧克科技新媒體股份有限公司,2127,LINE TV_Banner-exchange,8576,CF_336x280_戲劇-右側好康資訊下方_LINE TV-exchange,,知名媒體,,74,74,72,2,97.30%,2.70%
20260127,08,巧克科技新媒體股份有限公司,2127,LINE TV_Banner-exchange,8577,CF_336x280_戲劇-右側好康資訊上方_LINE TV-exchange,,知名媒體,,162,162,151,11,93.21%,6.79%
20260127,09,英屬維京群島商浩美數位有限公司台灣分公司,2315,Teepr亮新聞-exchange,10012,CF_336x280Banner_Teepr亮新聞-exchange,,知名媒體,,142,142,133,9,93.66%,6.34%
20260127,09,昱得資訊工作室,2528,數位書香,11080,CF_728x90_首頁上方_數位書香,antifroud,,,12,12,12,0,100.00%,0.00%
20260127,09,昱得資訊工作室,2528,數位書香,11081,CF_160x600_首頁右側_數位書香,antifroud,,,245,245,245,0,100.00%,0.00%
20260127,09,第一網站股份有限公司,2518,麻辣家族討論區(twbts),11082,CF-728X90-twbts,antifroud,,,"1,249","1,249","1,239",10,99.20%,0.80%
20260127,09,第一網站股份有限公司,2492,ttshow,11273,MW-300X250-ttshow,,知名媒體,,12,12,12,0,100.00%,0.00%
20260127,09,第一網站股份有限公司,2601,Meme梗圖倉庫,11443,CF-336X280-meme,,,,493,493,427,66,86.61%,13.39%
20260127,09,艾得基客行銷顧問股份有限公司,2578,鉅亨網,12070,MW_320x480_文中創意_鉅亨網,,知名媒體,,"11,280","11,280","10,991",289,97.44%,2.56%
20260127,09,時報資訊股份有限公司,2770,中時電子報_HB,12559,CF_300x250_右側互動看版_中時電子報_HB,,知名媒體,,"2,287","2,287","2,026",261,88.59%,11.41%
20260127,09,時報資訊股份有限公司,2770,中時電子報_HB,12560,CF_336x280_文中看板_中時電子報_HB,,知名媒體,,"2,164","2,164","1,915",249,88.49%,11.51%
20260127,09,時報資訊股份有限公司,2770,中時電子報_HB,12561,MW_300x250_內頁TOP Banner_中時電子報_HB,antifroud,知名媒體,,"2,222","2,222","2,038",184,91.72%,8.28%
20260127,09,第一網站股份有限公司,2768,czbooks,12570,CF_728x90_banner_czbooks,,,,"2,096","2,096","1,705",391,81.35%,18.65%
20260127,09,第一網站股份有限公司,2768,czbooks,12571,CF-300x600_Banner_czbooks,,,,"1,199","1,199",691,508,57.63%,42.37%
20260127,09,鳳梨傳媒股份有限公司,2190,民視新聞網-Exchange,12579,CF_300x250_右側第一塊_民視新聞網-Exchange(RWD)(MCM),,知名媒體,,"1,250","1,250","1,185",65,94.80%,5.20%
20260127,09,鳳梨傳媒股份有限公司,2190,民視新聞網-Exchange,12580,CF_300x250_內文文中左側_民視新聞網-Exchange(RWD)(MCM),,知名媒體,,"1,077","1,077","1,013",64,94.06%,5.94%
20260127,09,第一網站股份有限公司,2783,漫畫櫃manhuagui,12676,CF_728X90_manhuagui,antifroud,,,"22,702","22,702","18,626","4,076",82.05%,17.95%
20260127,09,艾得基客行銷顧問股份有限公司,2635,工商時報,12761,MW_320x480_文中創意_工商時報new,,知名媒體,,112,112,106,6,94.64%,5.36%
20260127,09,第一網站股份有限公司,2801,damanwoo,12868,CF-300x250_Banner_damanwoo_大人物,,,,57,57,51,6,89.47%,10.53%
20260127,09,第一網站股份有限公司,2820,星座好朋友(horofriend88),12966,MW_320x100_horofriend88,antifroud,,,74,74,71,3,95.95%,4.05%
20260127,09,第一網站股份有限公司,2836,vivi01,13032,MW_置底創意_vivi01 ViVi視頻,,,,12,12,12,0,100.00%,0.00%
20260127,09,第一網站股份有限公司,2838,mycard,13041,MW_320x480_加倍mycard,,,,602,602,0,602,0.00%,100.00%
20260127,09,和運租車股份有限公司,2878,abc好車網,13368,CF_970x90_物件頁下方_abc好車網,,知名媒體,,6,6,3,3,50.00%,50.00%
20260127,09,曾憲敏,202,85小說網,13445,MW_336X280_全量1_85小說網,,,,190,190,133,57,70.00%,30.00%
20260127,09,曾憲敏,202,85小說網,13446,MW_336X280_全量2_85小說網,,,,"1,654","1,654","1,249",405,75.51%,24.49%
20260127,09,第一網站股份有限公司,2910,clickme,13549,CF_300x250_banner_clickme(一般),,,,661,661,520,141,78.67%,21.33%
20260127,09,闇碼科技股份有限公司,2992,縮短網址產生器-reurl-exchange,13847,CF_970x90_轉址失敗_下方第一排 _reurl,,知名媒體,,6,6,6,0,100.00%,0.00%
20260127,09,闇碼科技股份有限公司,2992,縮短網址產生器-reurl-exchange,13848,CF_300x250_轉址失敗_最右邊_reurl,,知名媒體,,24,24,21,3,87.50%,12.50%
20260127,09,闇碼科技股份有限公司,2992,縮短網址產生器-reurl-exchange,13856,CF_300x250_轉址失敗頁第二塊_reurl,,知名媒體,,18,18,18,0,100.00%,0.00%
20260127,09,闇碼科技股份有限公司,2992,縮短網址產生器-reurl-exchange,13861,CF_300x250_網址下方右側(PB)_reurl,,知名媒體,,6,6,6,0,100.00%,0.00%
20260127,09,第一網站股份有限公司,2768,czbooks,14036,MW_320x480_CZBOOKS,antifroud,,,100,100,52,48,52.00%,48.00%
20260127,09,陳人鳳,480,飛格寵物家族_PC,1407,CF-728X90_上方通欄_飛格寵物家族,,,,24,24,19,5,79.17%,20.83%
20260127,09,陳人鳳,480,飛格寵物家族_PC,1408,CF-300X250_內文_飛格寵物家族,,,,157,157,92,65,58.60%,41.40%
20260127,09,飛凡傳播股份有限公司,1921,非凡新聞台-exchange,14188,MW_300x250_內文上方_非凡新聞-exchange,antifroud,知名媒體,,94,72,20,52,27.78%,72.22%
20260127,09,飛凡傳播股份有限公司,1921,非凡新聞台-exchange,14189,CF_300x600_右側下方_非凡新聞-exchange,antifroud,知名媒體,,12,6,0,6,0.00%,100.00%
20260127,09,闇碼科技股份有限公司,3048,縮短網址產生器-reurl,14210,MW_文中創意300x250_縮短網址產生器-reurl,,知名媒體,,"1,144","1,144",193,951,16.87%,83.13%
20260127,09,巨思文化股份有限公司,3052,經理人_HB,14238,MW_文章結束第一塊_300x250_經理人-HB,,知名媒體,,68,68,51,17,75.00%,25.00%
20260127,09,巨思文化股份有限公司,3052,經理人_HB,14239,CF_300x250_內文下方右側_經理人-HB,,知名媒體,,48,48,36,12,75.00%,25.00%
20260127,09,巨思文化股份有限公司,3052,經理人_HB,14240,CF_300x250_內文下方左側_經理人-HB,,知名媒體,,54,54,42,12,77.78%,22.22%
20260127,09,巨思文化股份有限公司,3052,經理人_HB,14241,MW_300x250_內文下方_經理人-HB,,知名媒體,,70,70,53,17,75.71%,24.29%
20260127,09,巨思文化股份有限公司,3053,數位時代_HB,14242,CF_300x250_內文下方左側_數位時代-HB,,知名媒體,,118,118,89,29,75.42%,24.58%
20260127,09,巨思文化股份有限公司,3053,數位時代_HB,14243,CF_300x250_內文下方右側_數位時代-HB,,知名媒體,,130,130,97,33,74.62%,25.38%
20260127,09,巨思文化股份有限公司,3053,數位時代_HB,14246,MW_300x250_文章結束第一塊_數位時代-HB,,知名媒體,,24,24,21,3,87.50%,12.50%
20260127,09,富盈數據股份有限公司,3059,塔科女子,14258,CF_336x280_全網_塔科女子,,知名媒體,,104,104,104,0,100.00%,0.00%
20260127,09,CBROOT LTD,3003,包子漫畫-exchange,14291,MW_300x250_蓋板(PB)_包子漫畫,,,,254,254,211,43,83.07%,16.93%
20260127,09,朱光宁,3268,稷下書院-mobile,14737,MW_置底創意(非展開)_稷下書院-mobile,,,,12,12,7,5,58.33%,41.67%
20260127,09,朱光宁,3149,稷下書院-exchange,14748,MW_320x100_置底(PB)_稷下書院,,,,"20,972","20,972","10,137","10,835",48.34%,51.66%
20260127,09,巨思文化股份有限公司,3053,數位時代_HB,14764,MW_置底創意_(非展開)_數位時代_HB,,知名媒體,,188,188,177,11,94.15%,5.85%
20260127,09,中天電視股份有限公司,3282,中天新聞網-exchange,14980,CF_970x250_內頁_PC置頂橫幅-中天新聞網-exchange,,知名媒體,,24,24,17,7,70.83%,29.17%
20260127,09,黃俊德,3298,Disp BBS_2023_Exchange,15013,CF_300x250_Disp BBS_2023_Exchange,,知名媒體,,6,6,0,6,0.00%,100.00%
20260127,09,今健康新媒體有限公司,3326,今健康-Mobile,15217,MW_置底創意(非展開)-今健康-Mobile,,知名媒體,,6,6,0,6,0.00%,100.00%
20260127,09,曾憲敏,3327,85小說網_創意,15227,MW-300X250_85小說網_隨身影音PB,,,,12,12,8,4,66.67%,33.33%
20260127,09,曾憲敏,3327,85小說網_創意,15228,MW-創意-85小說網,,,,336,336,255,81,75.89%,24.11%
20260127,09,千晶文化事業股份有限公司,3336,Beauty 美人圈,15254,MW_置底創意(非展開)_ Beauty 美人圈,,知名媒體,,"2,416","2,416","2,373",43,98.22%,1.78%
20260127,09,中天電視股份有限公司,3282,中天新聞網-exchange,15859,CF_336x280_內頁_PC右側互動看板B-中天新聞網-exchange,,知名媒體,,134,134,103,31,76.87%,23.13%
20260127,09,CBROOT LTD,3352,西瓜卡通-exchange,15969,CF_728x90_影音內容_西瓜卡通-exchange,,,,6,6,6,0,100.00%,0.00%
20260127,09,CBROOT LTD,3352,西瓜卡通-exchange,15970,CF_160x600_影音內容_西瓜卡通-exchange,,,,152,152,151,1,99.34%,0.66%
20260127,09,時報資訊股份有限公司,2817,旺得富,16908,CF_970x250_MiddleBanner_旺得富,,知名媒體,,25,25,25,0,100.00%,0.00%
20260127,09,時報資訊股份有限公司,2817,旺得富,16910,CF_300x250_Billboard_1s_旺得富,,知名媒體,,30,30,29,1,96.67%,3.33%
20260127,09,時報資訊股份有限公司,2817,旺得富,16911,CF_300x250_Billboard_2nd_旺得富,,知名媒體,,12,12,12,0,100.00%,0.00%
20260127,09,朱光宁,3360,提莫書屋-exchange,16957,MW_336x280banner_提莫書屋_exchange,,,,"13,196","13,196","9,488","3,708",71.90%,28.10%
20260127,09,朱光宁,3361,提莫書屋-mobile,16958,MW_置底創意_提莫書屋-mobile,,,,30,30,18,12,60.00%,40.00%
20260127,09,朱光宁,3361,提莫書屋-mobile,16959,MW_320x480_文中創意_提莫書屋-mobile,,,,48,48,33,15,68.75%,31.25%
20260127,09,欣發現股份有限公司,3365,Hami任務牆-mobile,16969,MW_置底創意_Hami任務牆,,知名媒體,,829,829,704,125,84.92%,15.08%
20260127,09,欣發現股份有限公司,3364,女子學-mobile,16972,MW_置底創意_女子學,antifroud,,,"2,175","2,175","2,001",174,92.00%,8.00%
20260127,09,欣發現股份有限公司,3363,大人物-mobile,16973,MW_置底創意_大人物,,知名媒體,,180,180,143,37,79.44%,20.56%
20260127,09,欣發現股份有限公司,3362,妞新聞-mobile,16974,MW_置底創意_妞新聞,,知名媒體,,18,18,17,1,94.44%,5.56%
20260127,09,第一網站股份有限公司,2783,漫畫櫃manhuagui,17027,MW_320x480_蓋版_漫畫櫃manhuagui,,,,503,503,446,57,88.67%,11.33%
20260127,09,艾得基客行銷顧問股份有限公司,3373,良醫健康網,17092,MW_置底創意_良醫健康網,,知名媒體,,36,36,32,4,88.89%,11.11%
20260127,09,詠勝科技有限公司,3385,Mobile01_HB,17173,CF_970x250_超級橫幅_Mobile01_HB,,知名媒體,,6,6,6,0,100.00%,0.00%
20260127,09,詠勝科技有限公司,3385,Mobile01_HB,17174,CF_970x250_超級橫幅_置底_Mobile01_HB,,知名媒體,,24,24,18,6,75.00%,25.00%
20260127,09,詠勝科技有限公司,3385,Mobile01_HB,17175,CF_970x90_橫幅Banner_Mobile01_HB,,知名媒體,,"1,932","1,932","1,388",544,71.84%,28.16%
20260127,09,詠勝科技有限公司,3385,Mobile01_HB,17176,CF_728x90_內頁橫幅Banner_7F_Mobile01_HB,,知名媒體,,142,142,93,49,65.49%,34.51%
20260127,09,詠勝科技有限公司,3385,Mobile01_HB,17178,CF_300x250_頻道頁_大看板_Mobile01_HB,,知名媒體,,117,117,85,32,72.65%,27.35%
20260127,09,詠勝科技有限公司,3385,Mobile01_HB,17179,CF_300x250_熱門大看板_Mobile01_HB,,知名媒體,,"2,273","2,273","1,642",631,72.24%,27.76%
20260127,09,詠勝科技有限公司,3385,Mobile01_HB,17180,CF_300x250_置底看板左_Mobile01_HB,,知名媒體,,812,812,638,174,78.57%,21.43%
20260127,09,詠勝科技有限公司,3385,Mobile01_HB,17181,CF_300x250_置底看板中_Mobile01_HB,,知名媒體,,804,804,632,172,78.61%,21.39%
20260127,09,詠勝科技有限公司,3385,Mobile01_HB,17182,CF_300x250_置底看板右_Mobile01_HB,,知名媒體,,16,16,8,8,50.00%,50.00%
20260127,09,詠勝科技有限公司,3385,Mobile01_HB,17183,CF_300x600_大摩天_Mobile01_HB,,知名媒體,,"1,259","1,259",978,281,77.68%,22.32%
20260127,09,詠勝科技有限公司,3385,Mobile01_HB,17184,CF_970x90_特殊banner_Mobile01_HB,,知名媒體,,8,8,1,7,12.50%,87.50%
20260127,09,詠勝科技有限公司,3385,Mobile01_HB,17185,CF_300x250_特殊看板右上_Mobile01_HB,,知名媒體,,8,8,1,7,12.50%,87.50%
20260127,09,詠勝科技有限公司,3385,Mobile01_HB,17192,CF_300x250_特殊置底看板左_Mobile01_HB,,知名媒體,,10,10,4,6,40.00%,60.00%
20260127,09,詠勝科技有限公司,3385,Mobile01_HB,17193,CF_300x250_特殊置底看板中_Mobile01_HB,,知名媒體,,10,10,4,6,40.00%,60.00%
20260127,09,詠勝科技有限公司,3385,Mobile01_HB,17195,CF_300x600_特殊大摩天_Mobile01_HB,,知名媒體,,10,10,3,7,30.00%,70.00%
20260127,09,詠勝科技有限公司,3385,Mobile01_HB,17196,CF_160x600_門神_right_Mobile01_HB,,知名媒體,,208,208,132,76,63.46%,36.54%
20260127,09,詠勝科技有限公司,3385,Mobile01_HB,17197,CF_160x600_門神_left_Mobile01_HB,,知名媒體,,208,208,135,73,64.90%,35.10%
20260127,09,朱光宁,3268,稷下書院-mobile,17207,MW_320x480_蓋版_稷下書院-mobile,,,,"3,967","3,967","2,394","1,573",60.35%,39.65%
20260127,09,李立娟,3395,vivi0視頻-exchange,17293,CF_336x280_Banner_vivi01視頻-exchange,antifroud,,,"38,394","38,394","34,424","3,970",89.66%,10.34%
20260127,09,李立娟,3395,vivi0視頻-exchange,17294,MW_336x280_Banner_vivi01視頻-exchange,antifroud,,,"46,541","46,541","42,710","3,831",91.77%,8.23%
20260127,09,李立娟,3395,vivi0視頻-exchange,17300,MW_320x100_置底(PB)_vivi01視頻-exchange,antifroud,,,"71,004","71,004","66,040","4,964",93.01%,6.99%
20260127,09,李立娟,3397,趣聞圖說-exchange,17309,MW_336x280_文中Banner_趣聞圖說-exchange,,,,12,12,8,4,66.67%,33.33%
20260127,09,李立娟,3396,趣聞圖說-Mobile,17923,MW_置底創意(展開)_趣聞圖說-Mobile,,,,40,40,36,4,90.00%,10.00%
20260127,09,第一網站股份有限公司,2768,czbooks,17927,MW_置底創意_czbook,,,,"12,292","12,292","7,210","5,082",58.66%,41.34%
20260127,09,時報資訊股份有限公司_工商時報,3427,工商時報-exchange,18003,CF_300x250_互動看板2_工商時報-exchange,,知名媒體,,12,12,10,2,83.33%,16.67%
20260127,09,時報資訊股份有限公司_工商時報,3427,工商時報-exchange,18007,CF_336x280_文末右側看板_工商時報-exchange,,知名媒體,,94,94,76,18,80.85%,19.15%
20260127,09,時報資訊股份有限公司_工商時報,3427,工商時報-exchange,18008,CF_336x280_文末左側看板_工商時報-exchange,,知名媒體,,70,70,56,14,80.00%,20.00%
20260127,09,時報資訊股份有限公司_工商時報,3427,工商時報-exchange,18014,MW_300x250_文末Banner1_工商時報-exchange,,知名媒體,,40,40,39,1,97.50%,2.50%
20260127,09,時報資訊股份有限公司_工商時報,3427,工商時報-exchange,18015,MW_300x250_文末Banner2_工商時報-exchange,,知名媒體,,172,172,163,9,94.77%,5.23%
20260127,09,第一網站股份有限公司,3440,fsa_passback_first,18201,CF_336x280_fsa_passback_first,,,,"1,682","1,682","1,123",559,66.77%,33.23%
20260127,09,第一網站股份有限公司,3440,fsa_passback_first,18202,CF_300x250_fsa_passback_first,,,,"2,264","2,264","1,691",573,74.69%,25.31%
20260127,09,朱光宁,3268,稷下書院-mobile,18297,MW_置底創意(展開)_稷下書院-mobile,,,,304,304,164,140,53.95%,46.05%
20260127,09,冰楓科技有限公司,3485,冰楓論壇-exchange,18487,CF_970x90_內文上方第一塊_冰楓論壇-exchange,,,,963,963,859,104,89.20%,10.80%
20260127,09,冰楓科技有限公司,3485,冰楓論壇-exchange,18488,MW_320x100_內文上方第一塊_ 冰楓論壇-exchange,antifroud,,,84,84,68,16,80.95%,19.05%
20260127,09,冰楓科技有限公司,3485,冰楓論壇-exchange,18492,MW_300x250_Banner_ 冰楓論壇-exchange,,,,348,348,312,36,89.66%,10.34%
20260127,09,闇碼科技股份有限公司,3048,縮短網址產生器-reurl,18535,MW_蓋版_縮短網址產生器-reurl,,知名媒體,,19,19,19,0,100.00%,0.00%
20260127,09,CBROOT LTD,3492,包子漫畫(特開流量)-exchange,18557,CF_300x600_指定流量_包子漫畫(特開流量PB)-exchange,,,,165,165,140,25,84.85%,15.15%
20260127,09,CBROOT LTD,3510,包子漫畫_twmanga-exchange,18737,CF_970x90_Banner_ 包子漫畫_twmanga-exchange,,,,314,314,274,40,87.26%,12.74%
20260127,09,闇碼科技股份有限公司,2992,縮短網址產生器-reurl-exchange,18876,CF_首頁連結bar下方_縮短網址產生器-reurl-exchange,,知名媒體,,6,6,6,0,100.00%,0.00%
20260127,09,闇碼科技股份有限公司,2992,縮短網址產生器-reurl-exchange,18877,MW_首頁連結bar下方_縮短網址產生器-reurl-exchange,,知名媒體,,6,6,6,0,100.00%,0.00%
20260127,09,台灣英文新聞股份有限公司,3537,台灣英文新聞(new)-exchange,18924,CF_300x250_內容頁_右側看版_1_台灣英文新聞(new)-exchange,,知名媒體,,48,48,10,38,20.83%,79.17%
20260127,09,艾得基客行銷顧問股份有限公司,3490,太報,19043,MW_置底創意(展開)_太報,,知名媒體,,6,6,6,0,100.00%,0.00%
20260127,09,艾得基客行銷顧問股份有限公司,3552,玩具人,19044,MW_320x480_文中創意_玩具人,,知名媒體,,18,18,16,2,88.89%,11.11%
20260127,09,先驅媒體社會企業股份有限公司,3554,新頭殼(R18),19047,(子)CF_300x250Banner_newtalk.tw_content_300250_1_新頭殼(R18),,知名媒體,子聯播網,12,12,9,3,75.00%,25.00%
20260127,09,第一網站股份有限公司,2783,漫畫櫃manhuagui,20685,MW_300X250_manhuagui,antifroud,,,"4,480","4,480","3,643",837,81.32%,18.68%
20260127,09,德榕企業有限公司,3578,TW Bodhi_mobile,20707,MW_置底創意_TW Bodhi,,,,36,36,36,0,100.00%,0.00%
20260127,09,德榕企業有限公司,3578,TW Bodhi_mobile,20708,MW_蓋板_TW Bodhi,,,,180,180,180,0,100.00%,0.00%
20260127,09,德榕企業有限公司,3581,忘憂書屋,20727,CF_336x280文章頁(RWD)_忘憂書屋,,,,46,46,46,0,100.00%,0.00%
20260127,09,德榕企業有限公司,3582,忘憂書屋_mobile,20728,MW_文中創意300x250_忘憂書屋,,,,102,102,102,0,100.00%,0.00%
20260127,09,德榕企業有限公司,3582,忘憂書屋_mobile,20730,MW_置底創意_忘憂書屋,,,,30,30,30,0,100.00%,0.00%
20260127,09,第一網站股份有限公司,2916,KiKiNote,20731,CF_300x250_banner_kikinote (PB),,知名媒體,,46,46,46,0,100.00%,0.00%
20260127,09,艾得基客行銷顧問股份有限公司,3490,太報,21317,MW_蓋版_太報,,知名媒體,,18,18,18,0,100.00%,0.00%
20260127,09,第一網站股份有限公司,2768,czbooks,21412,(子)CF_970x250_banner_czbooks(限時段)-PB,,,子聯播網,"2,011","2,011","1,112",899,55.30%,44.70%
20260127,09,第一網站股份有限公司,3440,fsa_passback_first,21699,CF_336x280_fsa_passback_first,,,,"1,163","1,163",867,296,74.55%,25.45%
20260127,09,富盈數據股份有限公司,3653,TVBS-女人我最大_HB,21759,CF_文章右側300x600_TVBS-女人我最大_HB,,知名媒體,,6,6,6,0,100.00%,0.00%
20260127,09,富盈數據股份有限公司,3653,TVBS-女人我最大_HB,21760,MW_文章三_336x280_TVBS-女人我最大_HB,,知名媒體,,48,48,48,0,100.00%,0.00%
20260127,09,富盈數據股份有限公司,3653,TVBS-女人我最大_HB,21761,MW_文章四_336x280_TVBS-女人我最大_HB,,知名媒體,,690,690,681,9,98.70%,1.30%
20260127,09,富盈數據股份有限公司,3653,TVBS-女人我最大_HB,21762,MW_文章置底_320x100_TVBS-女人我最大_HB,,知名媒體,,206,206,203,3,98.54%,1.46%
20260127,09,富盈數據股份有限公司,3653,TVBS-女人我最大_HB,21763,MW_文中創意320x480_TVBS-女人我最大_HB,,知名媒體,,656,656,648,8,98.78%,1.22%
20260127,09,富盈數據股份有限公司,3654,TVBS-健康2.0_HB,21764,CF_文章右側300x600_TVBS-健康2.0_HB,,知名媒體,,20,20,20,0,100.00%,0.00%
20260127,09,富盈數據股份有限公司,3654,TVBS-健康2.0_HB,21765,MW_文章三_336x280_TVBS-健康2.0_HB,,知名媒體,,147,147,142,5,96.60%,3.40%
20260127,09,富盈數據股份有限公司,3654,TVBS-健康2.0_HB,21767,MW_文章置底_320x100_TVBS-健康2.0_HB,,知名媒體,,6,6,6,0,100.00%,0.00%
20260127,09,富盈數據股份有限公司,3654,TVBS-健康2.0_HB,21768,MW_文中創意320x480_TVBS-健康2.0_HB,,知名媒體,,"3,416","3,416","3,155",261,92.36%,7.64%
20260127,09,富盈數據股份有限公司,3655,TVBS-食尚玩家_HB,21770,MW_文章三_336x280_TVBS-食尚玩家_HB,,知名媒體,,"1,158","1,158","1,121",37,96.80%,3.20%
20260127,09,富盈數據股份有限公司,3655,TVBS-食尚玩家_HB,21771,MW_文章四_336x280_TVBS-食尚玩家_HB,,知名媒體,,18,18,18,0,100.00%,0.00%
20260127,09,富盈數據股份有限公司,3655,TVBS-食尚玩家_HB,21773,MW_文中創意320x480_TVBS-食尚玩家_HB,,知名媒體,,63,63,58,5,92.06%,7.94%
20260127,09,富盈數據股份有限公司,3654,TVBS-健康2.0_HB,21812,MW_文章一_336x280_TVBS-健康2.0_HB,,知名媒體,,794,794,713,81,89.80%,10.20%
20260127,09,先驅媒體社會企業股份有限公司,3554,新頭殼(R18),21830,(子)CF_300x250Banner_newtalk.tw_all_300250_1_新頭殼(R18),antifroud,知名媒體,子聯播網,6,6,6,0,100.00%,0.00%
20260127,09,儂儂雜誌社股份有限公司(bella儂儂),2135,Bella儂儂_2024,21876,MW-300x250_文章標題上方1_Bella儂儂,,知名媒體,,204,204,192,12,94.12%,5.88%
20260127,09,富盈數據股份有限公司,3680,TVBS-新聞網_HB,21898,CF_文章右側300x600_TVBS-新聞網_HB,,知名媒體,,8,8,8,0,100.00%,0.00%
20260127,09,富盈數據股份有限公司,3680,TVBS-新聞網_HB,21899,MW_文章一_336x280_TVBS-新聞網_HB,,知名媒體,,"4,372","4,372","4,192",180,95.88%,4.12%
20260127,09,富盈數據股份有限公司,3680,TVBS-新聞網_HB,21900,MW_文章三_336x280_TVBS-新聞網_HB,,知名媒體,,461,461,456,5,98.92%,1.08%
20260127,09,富盈數據股份有限公司,3680,TVBS-新聞網_HB,21901,MW_文章四_336x280_TVBS-新聞網_HB,,知名媒體,,6,6,6,0,100.00%,0.00%
20260127,09,富盈數據股份有限公司,3680,TVBS-新聞網_HB,21902,MW_文章置底_320x100_TVBS-新聞網_HB,,知名媒體,,"3,324","3,324","3,176",148,95.55%,4.45%
20260127,09,聯合線上股份有限公司,3679,噓新聞,21903,PC_300x250_首頁及內文頁_噓新聞,,知名媒體,,12,12,12,0,100.00%,0.00%
20260127,09,富盈數據股份有限公司,3685,玩桌遊_mobile,21924,MW_置底創意(非展開)_玩桌遊-mobile,,,,56,56,44,12,78.57%,21.43%
20260127,09,富盈數據股份有限公司,2615,熱血台中,21986,CF_336x280_全網_熱血台中,,,,64,64,60,4,93.75%,6.25%
20260127,09,富盈數據股份有限公司,2615,熱血台中,21987,CF_336x280_全網_熱血台中,,,,114,114,111,3,97.37%,2.63%
20260127,09,富盈數據股份有限公司,3704,天天要聞,22030,CF_300 x 250 banner_天天要聞_cpc2,,,,"1,300","1,300",647,653,49.77%,50.23%
20260127,09,富盈數據股份有限公司,3703,繁體小說,22031,CF_300 x 250 banner_繁體小說_cpc2,,,,284,284,227,57,79.93%,20.07%
20260127,09,冠妍動力科技有限公司,484,小老婆汽機車資訊網,22058,MW_文中創意320x480_小老婆汽機車資訊網-測試,,知名媒體,,6,6,3,3,50.00%,50.00%
20260127,09,富盈數據股份有限公司,3680,TVBS-新聞網_HB,22131,CF_文中300x250_TVBS-新聞網_HB_1,,知名媒體,,6,6,6,0,100.00%,0.00%
20260127,09,富盈數據股份有限公司,3680,TVBS-新聞網_HB,22132,CF_文中300x250_TVBS-新聞網_HB_2,,知名媒體,,68,68,67,1,98.53%,1.47%
20260127,09,富盈數據股份有限公司,3680,TVBS-新聞網_HB,22133,CF_文中300x250_TVBS-新聞網_HB_3,,知名媒體,,118,118,115,3,97.46%,2.54%
20260127,09,富盈數據股份有限公司,3730,Teepr 亮新聞 HB,22145,MW_336x280_文中創意_Teepr亮新聞 HB,,,,6,6,5,1,83.33%,16.67%
20260127,09,冰楓科技有限公司,3485,冰楓論壇-exchange,22160,CF_300x250_Banner2_ 冰楓論壇-exchange,,,,6,6,6,0,100.00%,0.00%
20260127,09,闇碼科技股份有限公司,3048,縮短網址產生器-reurl,22213,MW_蓋版_縮短網址產生器-reurl-2025.05(特殊供量),,知名媒體,,"1,054","1,054",131,923,12.43%,87.57%
20260127,09,艾得基客行銷顧問股份有限公司,2689,Basketball Top5,22219,MW_置底(展開)_Basketball TOP5,,,,438,438,436,2,99.54%,0.46%
20260127,09,欣發現股份有限公司,3363,大人物-mobile,22222,MW_蓋板_大人物,,知名媒體,,409,409,349,60,85.33%,14.67%
20260127,09,艾得基客行銷顧問股份有限公司,3738,痞客邦,22223,MW_中繼頁_置底創意(展開)-痞客邦_Mobile,,知名媒體,,6,6,5,1,83.33%,16.67%
20260127,09,朱光宁,3741,石頭小說3,22396,MW_置底_石頭小說3,,,,98,98,58,40,59.18%,40.82%
20260127,09,朱光宁,3741,石頭小說3,22398,CF_336 x 280 banner_石頭小說3_cpc1.67,,,,"1,454","1,452",795,657,54.75%,45.25%
20260127,09,朱光宁,3741,石頭小說3,22399,CF_320 x 480 橫幅_石頭小說3,,,,18,18,12,6,66.67%,33.33%
20260127,09,闇碼科技股份有限公司,3068,限時圖片-imgus,22406,MW_置底_imgus,antifroud,,,32,32,32,0,100.00%,0.00%
20260127,09,第一網站股份有限公司,2783,漫畫櫃manhuagui,22443,MW_置底_manhuagui,antifroud,,,"17,145","17,145","15,646","1,499",91.26%,8.74%
20260127,09,艾得基客行銷顧問股份有限公司,3490,太報,22495,MW_300x250 BANNER_太報_CPM5,,知名媒體,子聯播網,12,12,12,0,100.00%,0.00%
20260127,09,艾得基客行銷顧問股份有限公司,2689,Basketball Top5,22498,MW_300x250 Banner_Basketball TOP5_CPM5,,,子聯播網,"1,065","1,065","1,058",7,99.34%,0.66%
20260127,09,艾得基客行銷顧問股份有限公司,2578,鉅亨網,22507,MW_300x250_鉅亨網_直播用BN-1,,知名媒體,子聯播網,849,849,825,24,97.17%,2.83%
20260127,09,艾得基客行銷顧問股份有限公司,3752,ＭoneyDJ,22514,MW_文中創意320x480_MoneyDJ,antifroud,知名媒體,,88,88,77,11,87.50%,12.50%
20260127,09,艾得基客行銷顧問股份有限公司,2084,經濟日報,22517,MW_置底創意(非展開)_經濟日報,,知名媒體,,6,6,5,1,83.33%,16.67%
20260127,09,李承翰-webptt,718,Web批踢踢(RWD),2284,MW-蓋板_文中_Web批踢踢,antifroud,,,25,25,19,6,76.00%,24.00%
20260127,09,麥智維,999,動漫戲說,3543,CF-728*90-內文上方-動漫戲說,antifroud,,,453,453,311,142,68.65%,31.35%
20260127,09,肖偉彬,1287,紅櫻桃小說書庫,4678,CF-內文上方-300*250-紅櫻桃小說書庫,,,,20,20,15,5,75.00%,25.00%
20260127,09,肖偉彬,1287,紅櫻桃小說書庫,4717,MW_文中創意300x250_紅櫻桃小說書庫,,,,6,6,4,2,66.67%,33.33%
20260127,09,技達創意資訊有限公司,1299,泰好網,4733,CF-300*250-內文下方-泰好網,,,,6,6,6,0,100.00%,0.00%
20260127,09,陈晋福,1367,電視超人,4997,CF-300X250-電視超人,,,,6,6,3,3,50.00%,50.00%
20260127,09,台灣時報社股份有限公司,1665,台灣時報電子報,6263,CF-300X600-右側通欄-台灣時報電子報,,,,6,6,6,0,100.00%,0.00%
20260127,09,精鏡傳媒股份有限公司,1060,鏡週刊,8246,MW_文中創意320x480_鏡週刊,,知名媒體,,6,6,6,0,100.00%,0.00%
20260127,09,精鏡傳媒股份有限公司,1060,鏡週刊,8250,MW_置底創意(非展開)_鏡週刊,,知名媒體,,12,12,12,0,100.00%,0.00%
20260127,09,巧克科技新媒體股份有限公司,2127,LINE TV_Banner-exchange,8576,CF_336x280_戲劇-右側好康資訊下方_LINE TV-exchange,,知名媒體,,45,45,42,3,93.33%,6.67%
20260127,09,巧克科技新媒體股份有限公司,2127,LINE TV_Banner-exchange,8577,CF_336x280_戲劇-右側好康資訊上方_LINE TV-exchange,,知名媒體,,90,90,79,11,87.78%,12.22%
20260127,09,鳳梨傳媒股份有限公司,2190,民視新聞網-Exchange,8862,CF_970X90_分類新聞內頁上方_民視新聞(MCM),,知名媒體,,12,12,10,2,83.33%,16.67%
20260127,09,時報資訊股份有限公司,2335,中時電子報_2019,9887,MW-置底創意(非展開)中時電子報_2019,,知名媒體,,"3,326","3,326","3,228",98,97.05%,2.95%
20260127,10,英屬維京群島商浩美數位有限公司台灣分公司,2315,Teepr亮新聞-exchange,10012,CF_336x280Banner_Teepr亮新聞-exchange,,知名媒體,,758,758,726,32,95.78%,4.22%
20260127,10,第一網站股份有限公司,2235,線上英漢字典(cdict),10549,CF_300x250_cdict,,,,6,6,4,2,66.67%,33.33%
20260127,10,昱得資訊工作室,2528,數位書香,11080,CF_728x90_首頁上方_數位書香,antifroud,,,8,8,0,8,0.00%,100.00%
20260127,10,昱得資訊工作室,2528,數位書香,11081,CF_160x600_首頁右側_數位書香,antifroud,,,111,111,100,11,90.09%,9.91%
20260127,10,第一網站股份有限公司,2518,麻辣家族討論區(twbts),11082,CF-728X90-twbts,antifroud,,,"1,356","1,356","1,343",13,99.04%,0.96%
20260127,10,第一網站股份有限公司,2540,risu短網址,11260,MW-300X250-MB_page_left-risu,,知名媒體,,"1,673","1,673","1,651",22,98.68%,1.32%
20260127,10,第一網站股份有限公司,2492,ttshow,11273,MW-300X250-ttshow,,知名媒體,,18,18,17,1,94.44%,5.56%
20260127,10,第一網站股份有限公司,2601,Meme梗圖倉庫,11443,CF-336X280-meme,,,,"1,337","1,337","1,232",105,92.15%,7.85%
20260127,10,第一網站股份有限公司,2540,risu短網址,11978,MW_變形蓋版_risu短網址,,知名媒體,,18,18,18,0,100.00%,0.00%
20260127,10,第一網站股份有限公司,2540,risu短網址,11979,MW_置底創意_risu短網址(IOS),,知名媒體,,12,12,12,0,100.00%,0.00%
20260127,10,艾得基客行銷顧問股份有限公司,2578,鉅亨網,12070,MW_320x480_文中創意_鉅亨網,,知名媒體,,"9,462","9,462","9,212",250,97.36%,2.64%
20260127,10,時報資訊股份有限公司,2770,中時電子報_HB,12559,CF_300x250_右側互動看版_中時電子報_HB,,知名媒體,,"1,862","1,862","1,605",257,86.20%,13.80%
20260127,10,時報資訊股份有限公司,2770,中時電子報_HB,12560,CF_336x280_文中看板_中時電子報_HB,,知名媒體,,"1,796","1,796","1,549",247,86.25%,13.75%
20260127,10,時報資訊股份有限公司,2770,中時電子報_HB,12561,MW_300x250_內頁TOP Banner_中時電子報_HB,antifroud,知名媒體,,"8,491","8,491","8,042",449,94.71%,5.29%
20260127,10,第一網站股份有限公司,2768,czbooks,12570,CF_728x90_banner_czbooks,,,,"3,076","3,076","2,224",852,72.30%,27.70%
20260127,10,第一網站股份有限公司,2768,czbooks,12571,CF-300x600_Banner_czbooks,,,,"1,295","1,295",706,589,54.52%,45.48%
20260127,10,鳳梨傳媒股份有限公司,2190,民視新聞網-Exchange,12579,CF_300x250_右側第一塊_民視新聞網-Exchange(RWD)(MCM),,知名媒體,,899,899,862,37,95.88%,4.12%
20260127,10,鳳梨傳媒股份有限公司,2190,民視新聞網-Exchange,12580,CF_300x250_內文文中左側_民視新聞網-Exchange(RWD)(MCM),,知名媒體,,994,994,915,79,92.05%,7.95%
20260127,10,第一網站股份有限公司,2783,漫畫櫃manhuagui,12676,CF_728X90_manhuagui,antifroud,,,"35,813","35,813","28,251","7,562",78.88%,21.12%
20260127,10,艾得基客行銷顧問股份有限公司,2635,工商時報,12761,MW_320x480_文中創意_工商時報new,,知名媒體,,66,66,61,5,92.42%,7.58%
20260127,10,第一網站股份有限公司,2801,damanwoo,12868,CF-300x250_Banner_damanwoo_大人物,,,,178,178,171,7,96.07%,3.93%
20260127,10,第一網站股份有限公司,2820,星座好朋友(horofriend88),12966,MW_320x100_horofriend88,antifroud,,,18,18,18,0,100.00%,0.00%
20260127,10,第一網站股份有限公司,2836,vivi01,13032,MW_置底創意_vivi01 ViVi視頻,,,,6,6,6,0,100.00%,0.00%
20260127,10,第一網站股份有限公司,2838,mycard,13041,MW_320x480_加倍mycard,,,,58,58,0,58,0.00%,100.00%
20260127,10,第一網站股份有限公司,2862,Manhuaren,13254,MW_320x100_banner_manhuaren,,,,6,6,6,0,100.00%,0.00%
20260127,10,和運租車股份有限公司,2878,abc好車網,13368,CF_970x90_物件頁下方_abc好車網,,知名媒體,,6,6,3,3,50.00%,50.00%
20260127,10,曾憲敏,202,85小說網,13445,MW_336X280_全量1_85小說網,,,,265,265,199,66,75.09%,24.91%
20260127,10,曾憲敏,202,85小說網,13446,MW_336X280_全量2_85小說網,,,,"1,909","1,909","1,455",454,76.22%,23.78%
20260127,10,第一網站股份有限公司,2768,czbooks,13481,MW_300x250_banner_czbooks,antifroud,,子聯播網,"40,980","40,980","23,348","17,632",56.97%,43.03%
20260127,10,第一網站股份有限公司,2768,czbooks,13482,(子)CF_300x600_banner_czbooks(限時段),,,子聯播網,132,132,90,42,68.18%,31.82%
20260127,10,第一網站股份有限公司,2768,czbooks,13483,(子)CF_970x250_banner_czbooks(限時段),,,子聯播網,192,192,118,74,61.46%,38.54%
20260127,10,第一網站股份有限公司,2910,clickme,13548,(子)CF_300x250_banner_clickme(一般),,,子聯播網,325,325,244,81,75.08%,24.92%
20260127,10,第一網站股份有限公司,2910,clickme,13549,CF_300x250_banner_clickme(一般),,,,693,693,558,135,80.52%,19.48%
20260127,10,第一網站股份有限公司,2916,KiKiNote,13576,(子)CF_300x250_banner_kikinote,,知名媒體,子聯播網,"1,022","1,022",957,65,93.64%,6.36%
20260127,10,闇碼科技股份有限公司,2992,縮短網址產生器-reurl-exchange,13848,CF_300x250_轉址失敗_最右邊_reurl,,知名媒體,,26,26,5,21,19.23%,80.77%
20260127,10,闇碼科技股份有限公司,2992,縮短網址產生器-reurl-exchange,13856,CF_300x250_轉址失敗頁第二塊_reurl,,知名媒體,,16,16,0,16,0.00%,100.00%
20260127,10,闇碼科技股份有限公司,2992,縮短網址產生器-reurl-exchange,13861,CF_300x250_網址下方右側(PB)_reurl,,知名媒體,,8,8,8,0,100.00%,0.00%
20260127,10,第一網站股份有限公司,2768,czbooks,13903,(子)CF_300x250_banner_czbooks(直播),antifroud,,子聯播網,"5,382","5,382","3,238","2,144",60.16%,39.84%
20260127,10,第一網站股份有限公司,2768,czbooks,14036,MW_320x480_CZBOOKS,antifroud,,,130,130,70,60,53.85%,46.15%
20260127,10,陳人鳳,480,飛格寵物家族_PC,1407,CF-728X90_上方通欄_飛格寵物家族,,,,19,19,13,6,68.42%,31.58%
20260127,10,陳人鳳,480,飛格寵物家族_PC,1408,CF-300X250_內文_飛格寵物家族,,,,62,62,36,26,58.06%,41.94%
20260127,10,飛凡傳播股份有限公司,1921,非凡新聞台-exchange,14188,MW_300x250_內文上方_非凡新聞-exchange,antifroud,知名媒體,,18,18,0,18,0.00%,100.00%
20260127,10,闇碼科技股份有限公司,3048,縮短網址產生器-reurl,14210,MW_文中創意300x250_縮短網址產生器-reurl,,知名媒體,,379,379,159,220,41.95%,58.05%
20260127,10,巨思文化股份有限公司,3052,經理人_HB,14238,MW_文章結束第一塊_300x250_經理人-HB,,知名媒體,,18,18,16,2,88.89%,11.11%
20260127,10,巨思文化股份有限公司,3052,經理人_HB,14241,MW_300x250_內文下方_經理人-HB,,知名媒體,,18,18,16,2,88.89%,11.11%
20260127,10,巨思文化股份有限公司,3053,數位時代_HB,14242,CF_300x250_內文下方左側_數位時代-HB,,知名媒體,,32,32,30,2,93.75%,6.25%
20260127,10,巨思文化股份有限公司,3053,數位時代_HB,14243,CF_300x250_內文下方右側_數位時代-HB,,知名媒體,,32,32,30,2,93.75%,6.25%
20260127,10,巨思文化股份有限公司,3053,數位時代_HB,14244,MW_300x250_文中第四塊_數位時代-HB,,知名媒體,,6,6,6,0,100.00%,0.00%
20260127,10,巨思文化股份有限公司,3053,數位時代_HB,14246,MW_300x250_文章結束第一塊_數位時代-HB,,知名媒體,,14,14,14,0,100.00%,0.00%
20260127,10,富盈數據股份有限公司,3059,塔科女子,14258,CF_336x280_全網_塔科女子,,知名媒體,,131,131,127,4,96.95%,3.05%
20260127,10,CBROOT LTD,3003,包子漫畫-exchange,14291,MW_300x250_蓋板(PB)_包子漫畫,,,,297,297,245,52,82.49%,17.51%
20260127,10,朱光宁,3152,石頭小說-exchange,14472,MW_336x280_Banner_石頭小說,,,,"2,883","2,883","1,757","1,126",60.94%,39.06%
20260127,10,朱光宁,3149,稷下書院-exchange,14748,MW_320x100_置底(PB)_稷下書院,,,,"21,136","21,136","10,751","10,385",50.87%,49.13%
20260127,10,巨思文化股份有限公司,3053,數位時代_HB,14764,MW_置底創意_(非展開)_數位時代_HB,,知名媒體,,260,260,250,10,96.15%,3.85%
20260127,10,中天電視股份有限公司,3282,中天新聞網-exchange,14980,CF_970x250_內頁_PC置頂橫幅-中天新聞網-exchange,,知名媒體,,24,24,19,5,79.17%,20.83%
20260127,10,曾憲敏,3327,85小說網_創意,15227,MW-300X250_85小說網_隨身影音PB,,,,12,12,9,3,75.00%,25.00%
20260127,10,曾憲敏,3327,85小說網_創意,15228,MW-創意-85小說網,,,,387,387,280,107,72.35%,27.65%
20260127,10,和運租車股份有限公司,2878,abc好車網,15249,CF_300x250_搜尋頁右側_abc好車網,,知名媒體,,6,6,5,1,83.33%,16.67%
20260127,10,千晶文化事業股份有限公司,3336,Beauty 美人圈,15254,MW_置底創意(非展開)_ Beauty 美人圈,,知名媒體,,"1,141","1,141","1,130",11,99.04%,0.96%
20260127,10,中天電視股份有限公司,3282,中天新聞網-exchange,15859,CF_336x280_內頁_PC右側互動看板B-中天新聞網-exchange,,知名媒體,,286,286,258,28,90.21%,9.79%
20260127,10,CBROOT LTD,3352,西瓜卡通-exchange,15970,CF_160x600_影音內容_西瓜卡通-exchange,,,,120,120,107,13,89.17%,10.83%
20260127,10,時報資訊股份有限公司,2817,旺得富,16908,CF_970x250_MiddleBanner_旺得富,,知名媒體,,6,6,4,2,66.67%,33.33%
20260127,10,時報資訊股份有限公司,2817,旺得富,16911,CF_300x250_Billboard_2nd_旺得富,,知名媒體,,20,20,20,0,100.00%,0.00%
20260127,10,朱光宁,3360,提莫書屋-exchange,16957,MW_336x280banner_提莫書屋_exchange,,,,"14,330","14,327","10,274","4,053",71.71%,28.29%
20260127,10,朱光宁,3361,提莫書屋-mobile,16958,MW_置底創意_提莫書屋-mobile,,,,24,24,12,12,50.00%,50.00%
20260127,10,朱光宁,3361,提莫書屋-mobile,16959,MW_320x480_文中創意_提莫書屋-mobile,,,,36,36,30,6,83.33%,16.67%
20260127,10,欣發現股份有限公司,3365,Hami任務牆-mobile,16969,MW_置底創意_Hami任務牆,,知名媒體,,366,366,319,47,87.16%,12.84%
20260127,10,欣發現股份有限公司,3364,女子學-mobile,16972,MW_置底創意_女子學,antifroud,,,607,607,588,19,96.87%,3.13%
20260127,10,欣發現股份有限公司,3363,大人物-mobile,16973,MW_置底創意_大人物,,知名媒體,,174,174,139,35,79.89%,20.11%
20260127,10,欣發現股份有限公司,3362,妞新聞-mobile,16974,MW_置底創意_妞新聞,,知名媒體,,6,6,6,0,100.00%,0.00%
20260127,10,第一網站股份有限公司,2783,漫畫櫃manhuagui,17027,MW_320x480_蓋版_漫畫櫃manhuagui,,,,548,548,493,55,89.96%,10.04%
20260127,10,艾得基客行銷顧問股份有限公司,3373,良醫健康網,17092,MW_置底創意_良醫健康網,,知名媒體,,140,140,127,13,90.71%,9.29%
20260127,10,詠勝科技有限公司,3385,Mobile01_HB,17174,CF_970x250_超級橫幅_置底_Mobile01_HB,,知名媒體,,6,6,6,0,100.00%,0.00%
20260127,10,詠勝科技有限公司,3385,Mobile01_HB,17175,CF_970x90_橫幅Banner_Mobile01_HB,,知名媒體,,"1,516","1,516",917,599,60.49%,39.51%
20260127,10,詠勝科技有限公司,3385,Mobile01_HB,17176,CF_728x90_內頁橫幅Banner_7F_Mobile01_HB,,知名媒體,,48,48,32,16,66.67%,33.33%
20260127,10,詠勝科技有限公司,3385,Mobile01_HB,17178,CF_300x250_頻道頁_大看板_Mobile01_HB,,知名媒體,,51,51,38,13,74.51%,25.49%
20260127,10,詠勝科技有限公司,3385,Mobile01_HB,17179,CF_300x250_熱門大看板_Mobile01_HB,,知名媒體,,"1,829","1,829","1,108",721,60.58%,39.42%
20260127,10,詠勝科技有限公司,3385,Mobile01_HB,17180,CF_300x250_置底看板左_Mobile01_HB,,知名媒體,,703,703,482,221,68.56%,31.44%
20260127,10,詠勝科技有限公司,3385,Mobile01_HB,17181,CF_300x250_置底看板中_Mobile01_HB,,知名媒體,,698,698,476,222,68.19%,31.81%
20260127,10,詠勝科技有限公司,3385,Mobile01_HB,17182,CF_300x250_置底看板右_Mobile01_HB,,知名媒體,,6,6,3,3,50.00%,50.00%
20260127,10,詠勝科技有限公司,3385,Mobile01_HB,17183,CF_300x600_大摩天_Mobile01_HB,,知名媒體,,898,898,568,330,63.25%,36.75%
20260127,10,詠勝科技有限公司,3385,Mobile01_HB,17195,CF_300x600_特殊大摩天_Mobile01_HB,,知名媒體,,12,12,10,2,83.33%,16.67%
20260127,10,詠勝科技有限公司,3385,Mobile01_HB,17196,CF_160x600_門神_right_Mobile01_HB,,知名媒體,,299,299,172,127,57.53%,42.47%
20260127,10,詠勝科技有限公司,3385,Mobile01_HB,17197,CF_160x600_門神_left_Mobile01_HB,,知名媒體,,293,293,173,120,59.04%,40.96%
20260127,10,朱光宁,3268,稷下書院-mobile,17207,MW_320x480_蓋版_稷下書院-mobile,,,,"2,698","2,698","1,595","1,103",59.12%,40.88%
20260127,10,李立娟,3395,vivi0視頻-exchange,17293,CF_336x280_Banner_vivi01視頻-exchange,antifroud,,,"38,142","38,142","34,790","3,352",91.21%,8.79%
20260127,10,李立娟,3395,vivi0視頻-exchange,17294,MW_336x280_Banner_vivi01視頻-exchange,antifroud,,,"43,457","43,457","40,195","3,262",92.49%,7.51%
20260127,10,李立娟,3395,vivi0視頻-exchange,17300,MW_320x100_置底(PB)_vivi01視頻-exchange,antifroud,,,"65,579","65,579","61,359","4,220",93.57%,6.43%
20260127,10,李立娟,3397,趣聞圖說-exchange,17309,MW_336x280_文中Banner_趣聞圖說-exchange,,,,12,12,12,0,100.00%,0.00%
20260127,10,曾憲敏,601,85小說網_PC,1773,CF-300x250_85小說網_內文1,,,,30,30,20,10,66.67%,33.33%
20260127,10,李立娟,3396,趣聞圖說-Mobile,17923,MW_置底創意(展開)_趣聞圖說-Mobile,,,,12,12,12,0,100.00%,0.00%
20260127,10,第一網站股份有限公司,2768,czbooks,17927,MW_置底創意_czbook,,,,"9,403","9,403","5,529","3,874",58.80%,41.20%
20260127,10,時報資訊股份有限公司_工商時報,3427,工商時報-exchange,18003,CF_300x250_互動看板2_工商時報-exchange,,知名媒體,,61,61,59,2,96.72%,3.28%
20260127,10,時報資訊股份有限公司_工商時報,3427,工商時報-exchange,18007,CF_336x280_文末右側看板_工商時報-exchange,,知名媒體,,68,68,56,12,82.35%,17.65%
20260127,10,時報資訊股份有限公司_工商時報,3427,工商時報-exchange,18008,CF_336x280_文末左側看板_工商時報-exchange,,知名媒體,,50,50,42,8,84.00%,16.00%
20260127,10,時報資訊股份有限公司_工商時報,3427,工商時報-exchange,18014,MW_300x250_文末Banner1_工商時報-exchange,,知名媒體,,132,132,128,4,96.97%,3.03%
20260127,10,時報資訊股份有限公司_工商時報,3427,工商時報-exchange,18015,MW_300x250_文末Banner2_工商時報-exchange,,知名媒體,,244,244,231,13,94.67%,5.33%
20260127,10,第一網站股份有限公司,3440,fsa_passback_first,18201,CF_336x280_fsa_passback_first,,,,"1,810","1,810","1,182",628,65.30%,34.70%
20260127,10,第一網站股份有限公司,3440,fsa_passback_first,18202,CF_300x250_fsa_passback_first,,,,"2,991","2,991","2,254",737,75.36%,24.64%
20260127,10,第一網站股份有限公司,3440,fsa_passback_first,18266,(子)CF_970x250_cfbanner_blog,,,子聯播網,923,923,914,9,99.02%,0.98%
20260127,10,朱光宁,3268,稷下書院-mobile,18297,MW_置底創意(展開)_稷下書院-mobile,,,,256,256,135,121,52.73%,47.27%
20260127,10,冰楓科技有限公司,3485,冰楓論壇-exchange,18487,CF_970x90_內文上方第一塊_冰楓論壇-exchange,,,,867,867,746,121,86.04%,13.96%
20260127,10,冰楓科技有限公司,3485,冰楓論壇-exchange,18488,MW_320x100_內文上方第一塊_ 冰楓論壇-exchange,antifroud,,,73,73,53,20,72.60%,27.40%
20260127,10,冰楓科技有限公司,3485,冰楓論壇-exchange,18492,MW_300x250_Banner_ 冰楓論壇-exchange,,,,360,360,315,45,87.50%,12.50%
20260127,10,闇碼科技股份有限公司,3048,縮短網址產生器-reurl,18535,MW_蓋版_縮短網址產生器-reurl,,知名媒體,,12,12,11,1,91.67%,8.33%
20260127,10,CBROOT LTD,3492,包子漫畫(特開流量)-exchange,18544,(子)CF_300x600_指定流量_包子漫畫(特開流量)-exchange,,,子聯播網,12,12,12,0,100.00%,0.00%
20260127,10,CBROOT LTD,3492,包子漫畫(特開流量)-exchange,18557,CF_300x600_指定流量_包子漫畫(特開流量PB)-exchange,,,,175,175,156,19,89.14%,10.86%
20260127,10,CBROOT LTD,3510,包子漫畫_twmanga-exchange,18732,MW_336x280_Banner_包子漫畫_twmanga,,,子聯播網,"15,604","15,604","11,233","4,371",71.99%,28.01%
20260127,10,CBROOT LTD,3510,包子漫畫_twmanga-exchange,18737,CF_970x90_Banner_ 包子漫畫_twmanga-exchange,,,,334,334,295,39,88.32%,11.68%
20260127,10,闇碼科技股份有限公司,2992,縮短網址產生器-reurl-exchange,18876,CF_首頁連結bar下方_縮短網址產生器-reurl-exchange,,知名媒體,,6,6,6,0,100.00%,0.00%
20260127,10,闇碼科技股份有限公司,2992,縮短網址產生器-reurl-exchange,18877,MW_首頁連結bar下方_縮短網址產生器-reurl-exchange,,知名媒體,,6,6,6,0,100.00%,0.00%
20260127,10,舒禾驊,3535,荷花動漫筆記,18887,CF_336x280_文章頁文中_荷花動漫筆記,,,,22,22,19,3,86.36%,13.64%
20260127,10,台灣英文新聞股份有限公司,3537,台灣英文新聞(new)-exchange,18924,CF_300x250_內容頁_右側看版_1_台灣英文新聞(new)-exchange,,知名媒體,,67,67,38,29,56.72%,43.28%
20260127,10,艾得基客行銷顧問股份有限公司,3373,良醫健康網,19011,MW_320x480_文中創意_良醫健康網,,知名媒體,,6,6,5,1,83.33%,16.67%
20260127,10,聯合線上股份有限公司,3549,UDN元氣網,19018,CF_首頁文章推薦第三格300x250_UDN元氣網,,知名媒體,,18,18,17,1,94.44%,5.56%
20260127,10,艾得基客行銷顧問股份有限公司,3490,太報,19043,MW_置底創意(展開)_太報,,知名媒體,,32,32,30,2,93.75%,6.25%
20260127,10,艾得基客行銷顧問股份有限公司,3552,玩具人,19044,MW_320x480_文中創意_玩具人,,知名媒體,,18,18,18,0,100.00%,0.00%
20260127,10,先驅媒體社會企業股份有限公司,3554,新頭殼(R18),19047,(子)CF_300x250Banner_newtalk.tw_content_300250_1_新頭殼(R18),,知名媒體,子聯播網,6,6,5,1,83.33%,16.67%
20260127,10,第一網站股份有限公司,2783,漫畫櫃manhuagui,20685,MW_300X250_manhuagui,antifroud,,,"5,600","5,600","4,668",932,83.36%,16.64%
20260127,10,德榕企業有限公司,3578,TW Bodhi_mobile,20707,MW_置底創意_TW Bodhi,,,,32,32,32,0,100.00%,0.00%
20260127,10,德榕企業有限公司,3578,TW Bodhi_mobile,20708,MW_蓋板_TW Bodhi,,,,200,200,198,2,99.00%,1.00%
20260127,10,德榕企業有限公司,3578,TW Bodhi_mobile,20719,MW_文中創意300x250_TW Bodhi,,,,6,6,6,0,100.00%,0.00%
20260127,10,德榕企業有限公司,3581,忘憂書屋,20727,CF_336x280文章頁(RWD)_忘憂書屋,,,,84,84,84,0,100.00%,0.00%
20260127,10,德榕企業有限公司,3582,忘憂書屋_mobile,20728,MW_文中創意300x250_忘憂書屋,,,,67,67,67,0,100.00%,0.00%
20260127,10,德榕企業有限公司,3582,忘憂書屋_mobile,20729,MW_蓋板_忘憂書屋,,,,24,24,24,0,100.00%,0.00%
20260127,10,德榕企業有限公司,3582,忘憂書屋_mobile,20730,MW_置底創意_忘憂書屋,,,,18,18,18,0,100.00%,0.00%
20260127,10,第一網站股份有限公司,2916,KiKiNote,20731,CF_300x250_banner_kikinote (PB),,知名媒體,,213,213,197,16,92.49%,7.51%
20260127,10,第一網站股份有限公司,2910,clickme,20735,(子)CF_300x250_banner_clickme(成人),,,子聯播網,"2,546","2,546","1,998",548,78.48%,21.52%
20260127,10,艾得基客行銷顧問股份有限公司,3490,太報,21317,MW_蓋版_太報,,知名媒體,,68,68,65,3,95.59%,4.41%
20260127,10,第一網站股份有限公司,2768,czbooks,21412,(子)CF_970x250_banner_czbooks(限時段)-PB,,,子聯播網,"2,013","2,013","1,096",917,54.45%,45.55%
20260127,10,第一網站股份有限公司,3440,fsa_passback_first,21699,CF_336x280_fsa_passback_first,,,,"2,513","2,513","1,940",573,77.20%,22.80%
20260127,10,富盈數據股份有限公司,3653,TVBS-女人我最大_HB,21760,MW_文章三_336x280_TVBS-女人我最大_HB,,知名媒體,,43,43,43,0,100.00%,0.00%
20260127,10,富盈數據股份有限公司,3653,TVBS-女人我最大_HB,21761,MW_文章四_336x280_TVBS-女人我最大_HB,,知名媒體,,478,478,469,9,98.12%,1.88%
20260127,10,富盈數據股份有限公司,3653,TVBS-女人我最大_HB,21762,MW_文章置底_320x100_TVBS-女人我最大_HB,,知名媒體,,179,179,175,4,97.77%,2.23%
20260127,10,富盈數據股份有限公司,3653,TVBS-女人我最大_HB,21763,MW_文中創意320x480_TVBS-女人我最大_HB,,知名媒體,,617,617,615,2,99.68%,0.32%
20260127,10,富盈數據股份有限公司,3654,TVBS-健康2.0_HB,21764,CF_文章右側300x600_TVBS-健康2.0_HB,,知名媒體,,12,12,12,0,100.00%,0.00%
20260127,10,富盈數據股份有限公司,3654,TVBS-健康2.0_HB,21765,MW_文章三_336x280_TVBS-健康2.0_HB,,知名媒體,,169,169,167,2,98.82%,1.18%
20260127,10,富盈數據股份有限公司,3654,TVBS-健康2.0_HB,21767,MW_文章置底_320x100_TVBS-健康2.0_HB,,知名媒體,,121,121,111,10,91.74%,8.26%
20260127,10,富盈數據股份有限公司,3654,TVBS-健康2.0_HB,21768,MW_文中創意320x480_TVBS-健康2.0_HB,,知名媒體,,"3,713","3,713","3,524",189,94.91%,5.09%
20260127,10,富盈數據股份有限公司,3655,TVBS-食尚玩家_HB,21770,MW_文章三_336x280_TVBS-食尚玩家_HB,,知名媒體,,"1,057","1,057","1,022",35,96.69%,3.31%
20260127,10,富盈數據股份有限公司,3655,TVBS-食尚玩家_HB,21771,MW_文章四_336x280_TVBS-食尚玩家_HB,,知名媒體,,48,48,45,3,93.75%,6.25%
20260127,10,富盈數據股份有限公司,3655,TVBS-食尚玩家_HB,21773,MW_文中創意320x480_TVBS-食尚玩家_HB,,知名媒體,,62,62,59,3,95.16%,4.84%
20260127,10,寶利拾股份有限公司,3652,愛料理_HB,21781,MW_置底創意(非展開)_愛料理_HB,,知名媒體,,6,6,5,1,83.33%,16.67%
20260127,10,富盈數據股份有限公司,3654,TVBS-健康2.0_HB,21812,MW_文章一_336x280_TVBS-健康2.0_HB,,知名媒體,,687,687,634,53,92.29%,7.71%
20260127,10,儂儂雜誌社股份有限公司(bella儂儂),2135,Bella儂儂_2024,21876,MW-300x250_文章標題上方1_Bella儂儂,,知名媒體,,136,136,127,9,93.38%,6.62%
20260127,10,富盈數據股份有限公司,3680,TVBS-新聞網_HB,21898,CF_文章右側300x600_TVBS-新聞網_HB,,知名媒體,,50,50,46,4,92.00%,8.00%
20260127,10,富盈數據股份有限公司,3680,TVBS-新聞網_HB,21899,MW_文章一_336x280_TVBS-新聞網_HB,,知名媒體,,"5,468","5,468","5,253",215,96.07%,3.93%
20260127,10,富盈數據股份有限公司,3680,TVBS-新聞網_HB,21900,MW_文章三_336x280_TVBS-新聞網_HB,,知名媒體,,309,309,304,5,98.38%,1.62%
20260127,10,富盈數據股份有限公司,3680,TVBS-新聞網_HB,21902,MW_文章置底_320x100_TVBS-新聞網_HB,,知名媒體,,"5,911","5,911","5,675",236,96.01%,3.99%
20260127,10,富盈數據股份有限公司,3685,玩桌遊_mobile,21924,MW_置底創意(非展開)_玩桌遊-mobile,,,,78,78,64,14,82.05%,17.95%
20260127,10,富盈數據股份有限公司,2615,熱血台中,21986,CF_336x280_全網_熱血台中,,,,74,74,74,0,100.00%,0.00%
20260127,10,富盈數據股份有限公司,2615,熱血台中,21987,CF_336x280_全網_熱血台中,,,,76,76,76,0,100.00%,0.00%
20260127,10,富盈數據股份有限公司,3703,繁體小說,22022,MW_置底創意(非展開)_繁體小說-mobile,,,,6,6,4,2,66.67%,33.33%
20260127,10,富盈數據股份有限公司,3704,天天要聞,22030,CF_300 x 250 banner_天天要聞_cpc2,,,,"2,163","2,163","1,119","1,044",51.73%,48.27%
20260127,10,富盈數據股份有限公司,3703,繁體小說,22031,CF_300 x 250 banner_繁體小說_cpc2,,,,375,375,274,101,73.07%,26.93%
20260127,10,朱光宁,3708,石頭小說,22045,CF_336 x 280 banner_石頭小說_cpc1.67,antifroud,,,660,660,350,310,53.03%,46.97%
20260127,10,冠妍動力科技有限公司,484,小老婆汽機車資訊網,22058,MW_文中創意320x480_小老婆汽機車資訊網-測試,,知名媒體,,6,6,3,3,50.00%,50.00%
20260127,10,朱光宁,3718,稷下書院2,22093,CF_336 x 280 banner_稷下書院2_cpc1.67,antifroud,,,"1,291","1,291",656,635,50.81%,49.19%
20260127,10,艾得基客行銷顧問股份有限公司,3719,遠見雜誌,22106,MW_蓋板_遠見_ESG遠見,,知名媒體,,26,26,15,11,57.69%,42.31%
20260127,10,富盈數據股份有限公司,3680,TVBS-新聞網_HB,22131,CF_文中300x250_TVBS-新聞網_HB_1,,知名媒體,,12,12,12,0,100.00%,0.00%
20260127,10,富盈數據股份有限公司,3680,TVBS-新聞網_HB,22132,CF_文中300x250_TVBS-新聞網_HB_2,,知名媒體,,152,152,142,10,93.42%,6.58%
20260127,10,富盈數據股份有限公司,3680,TVBS-新聞網_HB,22133,CF_文中300x250_TVBS-新聞網_HB_3,,知名媒體,,320,320,306,14,95.62%,4.38%
20260127,10,富盈數據股份有限公司,3730,Teepr 亮新聞 HB,22145,MW_336x280_文中創意_Teepr亮新聞 HB,,,,18,18,17,1,94.44%,5.56%
20260127,10,冰楓科技有限公司,3485,冰楓論壇-exchange,22160,CF_300x250_Banner2_ 冰楓論壇-exchange,,,,6,6,5,1,83.33%,16.67%
20260127,10,闇碼科技股份有限公司,3048,縮短網址產生器-reurl,22213,MW_蓋版_縮短網址產生器-reurl-2025.05(特殊供量),,知名媒體,,340,338,126,212,37.28%,62.72%
20260127,10,艾得基客行銷顧問股份有限公司,3724,上報,22217,MW_置底創意(非展開)_上報,,知名媒體,,206,206,201,5,97.57%,2.43%
20260127,10,艾得基客行銷顧問股份有限公司,3724,上報,22218,MW_置底(展開)_上報,,知名媒體,,76,76,74,2,97.37%,2.63%
20260127,10,艾得基客行銷顧問股份有限公司,2689,Basketball Top5,22219,MW_置底(展開)_Basketball TOP5,,,,426,426,422,4,99.06%,0.94%
20260127,10,欣發現股份有限公司,3363,大人物-mobile,22222,MW_蓋板_大人物,,知名媒體,,218,218,176,42,80.73%,19.27%
20260127,10,朱光宁,3741,石頭小說3,22396,MW_置底_石頭小說3,,,,132,132,92,40,69.70%,30.30%
20260127,10,朱光宁,3741,石頭小說3,22398,CF_336 x 280 banner_石頭小說3_cpc1.67,,,,"4,638","4,638","2,734","1,904",58.95%,41.05%
20260127,10,朱光宁,3741,石頭小說3,22399,CF_320 x 480 橫幅_石頭小說3,,,,24,24,17,7,70.83%,29.17%
20260127,10,闇碼科技股份有限公司,3068,限時圖片-imgus,22406,MW_置底_imgus,antifroud,,,43,43,42,1,97.67%,2.33%
20260127,10,第一網站股份有限公司,2783,漫畫櫃manhuagui,22443,MW_置底_manhuagui,antifroud,,,"7,763","7,763","6,955",808,89.59%,10.41%
20260127,10,艾得基客行銷顧問股份有限公司,3490,太報,22495,MW_300x250 BANNER_太報_CPM5,,知名媒體,子聯播網,18,18,18,0,100.00%,0.00%
20260127,10,艾得基客行銷顧問股份有限公司,2689,Basketball Top5,22498,MW_300x250 Banner_Basketball TOP5_CPM5,,,子聯播網,812,812,804,8,99.01%,0.99%
20260127,10,艾得基客行銷顧問股份有限公司,2578,鉅亨網,22507,MW_300x250_鉅亨網_直播用BN-1,,知名媒體,子聯播網,750,750,732,18,97.60%,2.40%
20260127,10,艾得基客行銷顧問股份有限公司,3752,ＭoneyDJ,22514,MW_文中創意320x480_MoneyDJ,antifroud,知名媒體,,26,26,26,0,100.00%,0.00%
20260127,10,艾得基客行銷顧問股份有限公司,3752,ＭoneyDJ,22515,MW_300x250 BANNER_MoneyDJ,antifroud,知名媒體,,20,20,18,2,90.00%,10.00%
20260127,10,艾得基客行銷顧問股份有限公司,3373,良醫健康網,22732,MW_300x250_良醫健康網,,知名媒體,,6,6,6,0,100.00%,0.00%
20260127,10,李承翰-webptt,718,Web批踢踢(RWD),2284,MW-蓋板_文中_Web批踢踢,antifroud,,,20,20,13,7,65.00%,35.00%
20260127,10,英屬蓋曼群島商家庭傳媒股份有限公司城邦分公司,701,T客邦_Mobile,2647,MW_置底創意(展開)_T客邦,,知名媒體,,6,6,6,0,100.00%,0.00%
20260127,10,麥智維,999,動漫戲說,3543,CF-728*90-內文上方-動漫戲說,antifroud,,,198,198,144,54,72.73%,27.27%
20260127,10,肖偉彬,1287,紅櫻桃小說書庫,4678,CF-內文上方-300*250-紅櫻桃小說書庫,,,,36,36,23,13,63.89%,36.11%
20260127,10,肖偉彬,1287,紅櫻桃小說書庫,4717,MW_文中創意300x250_紅櫻桃小說書庫,,,,24,24,14,10,58.33%,41.67%
20260127,10,技達創意資訊有限公司,1299,泰好網,4733,CF-300*250-內文下方-泰好網,,,,24,24,24,0,100.00%,0.00%
20260127,10,技達創意資訊有限公司,1299,泰好網,4734,MW-320*100-首頁、內文上方-泰好網,,,,6,6,6,0,100.00%,0.00%
20260127,10,肖偉彬,1347,雲台書屋,4923,CF-上方通欄-300*250-雲台書屋,,,,18,18,13,5,72.22%,27.78%
20260127,10,陈晋福,1367,電視超人,4997,CF-300X250-電視超人,,,,52,52,46,6,88.46%,11.54%
20260127,10,麥智維,999,動漫戲說,6069,CF-300*250-首頁-動漫戲說,,,,53,53,47,6,88.68%,11.32%
20260127,10,莊博凱,1676,夢遊電玩-exchange,6310,CF-160*600-網頁右側-夢遊電玩-exchange,,,,18,18,18,0,100.00%,0.00%
20260127,10,精鏡傳媒股份有限公司,1060,鏡週刊,8250,MW_置底創意(非展開)_鏡週刊,,知名媒體,,12,12,11,1,91.67%,8.33%
20260127,10,臺灣電視事業股份有限公司,52,台視,8313,PC-300x250_內文第一塊_台視財經,,知名媒體,,19,19,6,13,31.58%,68.42%
20260127,10,布林遊國際有限公司,1692,Bring You,8393,CF-300X250-上方通欄右側_BringYou,,知名媒體,,6,6,6,0,100.00%,0.00%
20260127,10,巧克科技新媒體股份有限公司,2127,LINE TV_Banner-exchange,8576,CF_336x280_戲劇-右側好康資訊下方_LINE TV-exchange,,知名媒體,,24,24,21,3,87.50%,12.50%
20260127,10,巧克科技新媒體股份有限公司,2127,LINE TV_Banner-exchange,8577,CF_336x280_戲劇-右側好康資訊上方_LINE TV-exchange,,知名媒體,,82,82,77,5,93.90%,6.10%
20260127,10,鳳梨傳媒股份有限公司,2190,民視新聞網-Exchange,8862,CF_970X90_分類新聞內頁上方_民視新聞(MCM),,知名媒體,,12,12,12,0,100.00%,0.00%
20260127,10,冰楓科技有限公司,1711,冰楓短網址,9308,ＭＷ-300X250-跳轉頁下方-冰楓短網址,,,,6,6,4,2,66.67%,33.33%
20260127,10,蔡瑞文,300,樂透彩幸運發財網,9470,MW-置底-樂透幸運發財網,antifroud,知名媒體,,10,10,10,0,100.00%,0.00%
20260127,10,英屬維京群島商浩美數位有限公司台灣分公司,2275,TEEPR亮新聞-mobile,9804,MW_蓋版_TEEPR亮新聞-mobile,,,,6,6,6,0,100.00%,0.00%
20260127,10,時報資訊股份有限公司,2335,中時電子報_2019,9887,MW-置底創意(非展開)中時電子報_2019,,知名媒體,,662,662,634,28,95.77%,4.23%
20260127,11,英屬維京群島商浩美數位有限公司台灣分公司,2315,Teepr亮新聞-exchange,10012,CF_336x280Banner_Teepr亮新聞-exchange,,知名媒體,,577,577,524,53,90.81%,9.19%
20260127,11,昱得資訊工作室,2528,數位書香,11080,CF_728x90_首頁上方_數位書香,antifroud,,,6,6,6,0,100.00%,0.00%
20260127,11,昱得資訊工作室,2528,數位書香,11081,CF_160x600_首頁右側_數位書香,antifroud,,,170,170,170,0,100.00%,0.00%
20260127,11,第一網站股份有限公司,2518,麻辣家族討論區(twbts),11082,CF-728X90-twbts,antifroud,,,"1,317","1,317","1,317",0,100.00%,0.00%
20260127,11,第一網站股份有限公司,2540,risu短網址,11260,MW-300X250-MB_page_left-risu,,知名媒體,,"6,069","6,069","5,776",293,95.17%,4.83%
20260127,11,第一網站股份有限公司,2492,ttshow,11273,MW-300X250-ttshow,,知名媒體,,12,12,10,2,83.33%,16.67%
20260127,11,第一網站股份有限公司,2601,Meme梗圖倉庫,11443,CF-336X280-meme,,,,"2,184","2,184","1,922",262,88.00%,12.00%
20260127,11,第一網站股份有限公司,2540,risu短網址,11978,MW_變形蓋版_risu短網址,,知名媒體,,80,80,79,1,98.75%,1.25%
20260127,11,第一網站股份有限公司,2540,risu短網址,11979,MW_置底創意_risu短網址(IOS),,知名媒體,,24,24,21,3,87.50%,12.50%
20260127,11,第一網站股份有限公司,2540,risu短網址,12009,MW_置底創意_risu短網址(Android),,知名媒體,,12,12,9,3,75.00%,25.00%
20260127,11,艾得基客行銷顧問股份有限公司,2578,鉅亨網,12070,MW_320x480_文中創意_鉅亨網,,知名媒體,,"10,128","10,128","9,881",247,97.56%,2.44%
20260127,11,葉志斌,2745,繁中寶可夢卡表生成器-奶爸工作室-exchange,12210,CF_728x90__文末__繁中寶可夢卡表生成器,,,,12,12,12,0,100.00%,0.00%
20260127,11,第一網站股份有限公司,2540,risu短網址,12496,CF_300x250_popup(直播) _risu短網址,antifroud,知名媒體,,88,72,72,0,100.00%,0.00%
20260127,11,時報資訊股份有限公司,2770,中時電子報_HB,12559,CF_300x250_右側互動看版_中時電子報_HB,,知名媒體,,"1,454","1,454","1,207",247,83.01%,16.99%
20260127,11,時報資訊股份有限公司,2770,中時電子報_HB,12560,CF_336x280_文中看板_中時電子報_HB,,知名媒體,,"1,417","1,417","1,176",241,82.99%,17.01%
20260127,11,時報資訊股份有限公司,2770,中時電子報_HB,12561,MW_300x250_內頁TOP Banner_中時電子報_HB,antifroud,知名媒體,,"17,494","17,494","16,755",739,95.78%,4.22%
20260127,11,第一網站股份有限公司,2768,czbooks,12570,CF_728x90_banner_czbooks,,,,"5,230","5,230","3,456","1,774",66.08%,33.92%
20260127,11,第一網站股份有限公司,2768,czbooks,12571,CF-300x600_Banner_czbooks,,,,240,240,130,110,54.17%,45.83%
20260127,11,鳳梨傳媒股份有限公司,2190,民視新聞網-Exchange,12579,CF_300x250_右側第一塊_民視新聞網-Exchange(RWD)(MCM),,知名媒體,,"1,299","1,299","1,230",69,94.69%,5.31%
20260127,11,鳳梨傳媒股份有限公司,2190,民視新聞網-Exchange,12580,CF_300x250_內文文中左側_民視新聞網-Exchange(RWD)(MCM),,知名媒體,,"1,564","1,564","1,447",117,92.52%,7.48%
20260127,11,第一網站股份有限公司,2783,漫畫櫃manhuagui,12676,CF_728X90_manhuagui,antifroud,,,"50,541","50,541","37,080","13,461",73.37%,26.63%
20260127,11,艾得基客行銷顧問股份有限公司,2635,工商時報,12761,MW_320x480_文中創意_工商時報new,,知名媒體,,48,48,46,2,95.83%,4.17%
20260127,11,第一網站股份有限公司,2801,damanwoo,12868,CF-300x250_Banner_damanwoo_大人物,,,,86,86,83,3,96.51%,3.49%
20260127,11,第一網站股份有限公司,2820,星座好朋友(horofriend88),12966,MW_320x100_horofriend88,antifroud,,,62,62,60,2,96.77%,3.23%
20260127,11,時報資訊股份有限公司,2335,中時電子報_2019,12974,MW-置底創意(展開)-中時電子報_2019,antifroud,知名媒體,,217,217,213,4,98.16%,1.84%
20260127,11,第一網站股份有限公司,2838,mycard,13041,MW_320x480_加倍mycard,,,,12,12,0,12,0.00%,100.00%
20260127,11,和運租車股份有限公司,2878,abc好車網,13368,CF_970x90_物件頁下方_abc好車網,,知名媒體,,6,6,3,3,50.00%,50.00%
20260127,11,曾憲敏,202,85小說網,13445,MW_336X280_全量1_85小說網,,,,292,292,203,89,69.52%,30.48%
20260127,11,曾憲敏,202,85小說網,13446,MW_336X280_全量2_85小說網,,,,"2,573","2,573","1,962",611,76.25%,23.75%
20260127,11,第一網站股份有限公司,2768,czbooks,13481,MW_300x250_banner_czbooks,antifroud,,子聯播網,"111,507","111,507","63,891","47,616",57.30%,42.70%
20260127,11,第一網站股份有限公司,2768,czbooks,13482,(子)CF_300x600_banner_czbooks(限時段),,,子聯播網,437,437,269,168,61.56%,38.44%
20260127,11,第一網站股份有限公司,2768,czbooks,13483,(子)CF_970x250_banner_czbooks(限時段),,,子聯播網,565,565,333,232,58.94%,41.06%
20260127,11,第一網站股份有限公司,2910,clickme,13548,(子)CF_300x250_banner_clickme(一般),,,子聯播網,"1,020","1,020",780,240,76.47%,23.53%
20260127,11,第一網站股份有限公司,2910,clickme,13549,CF_300x250_banner_clickme(一般),,,,622,622,444,178,71.38%,28.62%
20260127,11,第一網站股份有限公司,2916,KiKiNote,13576,(子)CF_300x250_banner_kikinote,,知名媒體,子聯播網,"2,477","2,477","2,335",142,94.27%,5.73%
20260127,11,闇碼科技股份有限公司,2992,縮短網址產生器-reurl-exchange,13848,CF_300x250_轉址失敗_最右邊_reurl,,知名媒體,,18,18,6,12,33.33%,66.67%
20260127,11,闇碼科技股份有限公司,2992,縮短網址產生器-reurl-exchange,13856,CF_300x250_轉址失敗頁第二塊_reurl,,知名媒體,,24,24,6,18,25.00%,75.00%
20260127,11,闇碼科技股份有限公司,2992,縮短網址產生器-reurl-exchange,13860,CF_300x250_網址下方右側_reurl,,知名媒體,,6,6,6,0,100.00%,0.00%
20260127,11,闇碼科技股份有限公司,2992,縮短網址產生器-reurl-exchange,13861,CF_300x250_網址下方右側(PB)_reurl,,知名媒體,,6,6,6,0,100.00%,0.00%
20260127,11,第一網站股份有限公司,2768,czbooks,13903,(子)CF_300x250_banner_czbooks(直播),antifroud,,子聯播網,"14,921","14,921","9,244","5,677",61.95%,38.05%
20260127,11,第一網站股份有限公司,2768,czbooks,14036,MW_320x480_CZBOOKS,antifroud,,,124,124,81,43,65.32%,34.68%
20260127,11,陳人鳳,480,飛格寵物家族_PC,1407,CF-728X90_上方通欄_飛格寵物家族,,,,24,24,17,7,70.83%,29.17%
20260127,11,陳人鳳,480,飛格寵物家族_PC,1408,CF-300X250_內文_飛格寵物家族,,,,88,88,56,32,63.64%,36.36%
20260127,11,飛凡傳播股份有限公司,1921,非凡新聞台-exchange,14188,MW_300x250_內文上方_非凡新聞-exchange,antifroud,知名媒體,,6,6,6,0,100.00%,0.00%
20260127,11,闇碼科技股份有限公司,3048,縮短網址產生器-reurl,14210,MW_文中創意300x250_縮短網址產生器-reurl,,知名媒體,,270,270,104,166,38.52%,61.48%
20260127,11,巨思文化股份有限公司,3052,經理人_HB,14238,MW_文章結束第一塊_300x250_經理人-HB,,知名媒體,,20,20,18,2,90.00%,10.00%
20260127,11,巨思文化股份有限公司,3052,經理人_HB,14241,MW_300x250_內文下方_經理人-HB,,知名媒體,,14,14,12,2,85.71%,14.29%
20260127,11,巨思文化股份有限公司,3053,數位時代_HB,14246,MW_300x250_文章結束第一塊_數位時代-HB,,知名媒體,,14,14,13,1,92.86%,7.14%
20260127,11,富盈數據股份有限公司,3059,塔科女子,14258,CF_336x280_全網_塔科女子,,知名媒體,,154,154,150,4,97.40%,2.60%
20260127,11,CBROOT LTD,3003,包子漫畫-exchange,14291,MW_300x250_蓋板(PB)_包子漫畫,,,,338,338,294,44,86.98%,13.02%
20260127,11,朱光宁,3152,石頭小說-exchange,14472,MW_336x280_Banner_石頭小說,,,,"6,380","6,380","3,762","2,618",58.97%,41.03%
20260127,11,朱光宁,3268,稷下書院-mobile,14737,MW_置底創意(非展開)_稷下書院-mobile,,,,18,18,10,8,55.56%,44.44%
20260127,11,朱光宁,3149,稷下書院-exchange,14748,MW_320x100_置底(PB)_稷下書院,,,,"21,445","21,445","10,955","10,490",51.08%,48.92%
20260127,11,巨思文化股份有限公司,3053,數位時代_HB,14764,MW_置底創意_(非展開)_數位時代_HB,,知名媒體,,184,184,173,11,94.02%,5.98%
20260127,11,中天電視股份有限公司,3282,中天新聞網-exchange,14980,CF_970x250_內頁_PC置頂橫幅-中天新聞網-exchange,,知名媒體,,122,122,77,45,63.11%,36.89%
20260127,11,曾憲敏,3327,85小說網_創意,15227,MW-300X250_85小說網_隨身影音PB,,,,18,18,12,6,66.67%,33.33%
20260127,11,曾憲敏,3327,85小說網_創意,15228,MW-創意-85小說網,,,,196,196,146,50,74.49%,25.51%
20260127,11,千晶文化事業股份有限公司,3336,Beauty 美人圈,15254,MW_置底創意(非展開)_ Beauty 美人圈,,知名媒體,,"1,393","1,393","1,377",16,98.85%,1.15%
20260127,11,中天電視股份有限公司,3282,中天新聞網-exchange,15859,CF_336x280_內頁_PC右側互動看板B-中天新聞網-exchange,,知名媒體,,594,594,482,112,81.14%,18.86%
20260127,11,布林遊國際有限公司,2620,Bring You-exchange,15951,CF_300x600_右側通欄_BringYou-exchange,,知名媒體,,6,6,6,0,100.00%,0.00%
20260127,11,CBROOT LTD,3352,西瓜卡通-exchange,15969,CF_728x90_影音內容_西瓜卡通-exchange,,,,6,6,6,0,100.00%,0.00%
20260127,11,CBROOT LTD,3352,西瓜卡通-exchange,15970,CF_160x600_影音內容_西瓜卡通-exchange,,,,26,26,26,0,100.00%,0.00%
20260127,11,時報資訊股份有限公司,2817,旺得富,16908,CF_970x250_MiddleBanner_旺得富,,知名媒體,,6,6,4,2,66.67%,33.33%
20260127,11,時報資訊股份有限公司,2817,旺得富,16911,CF_300x250_Billboard_2nd_旺得富,,知名媒體,,18,18,16,2,88.89%,11.11%
20260127,11,葉志斌,2745,繁中寶可夢卡表生成器-奶爸工作室-exchange,16950,CF_160x600_Banner_繁中寶可夢卡表生成器-奶爸工作室-exchange,,,,12,12,12,0,100.00%,0.00%
20260127,11,朱光宁,3360,提莫書屋-exchange,16957,MW_336x280banner_提莫書屋_exchange,,,,"17,111","17,111","11,841","5,270",69.20%,30.80%
20260127,11,朱光宁,3361,提莫書屋-mobile,16958,MW_置底創意_提莫書屋-mobile,,,,66,66,44,22,66.67%,33.33%
20260127,11,朱光宁,3361,提莫書屋-mobile,16959,MW_320x480_文中創意_提莫書屋-mobile,,,,62,62,50,12,80.65%,19.35%
20260127,11,欣發現股份有限公司,3365,Hami任務牆-mobile,16969,MW_置底創意_Hami任務牆,,知名媒體,,121,121,109,12,90.08%,9.92%
20260127,11,欣發現股份有限公司,3364,女子學-mobile,16972,MW_置底創意_女子學,antifroud,,,282,282,249,33,88.30%,11.70%
20260127,11,欣發現股份有限公司,3363,大人物-mobile,16973,MW_置底創意_大人物,,知名媒體,,26,26,21,5,80.77%,19.23%
20260127,11,欣發現股份有限公司,3362,妞新聞-mobile,16974,MW_置底創意_妞新聞,,知名媒體,,6,6,6,0,100.00%,0.00%
20260127,11,朱光宁,3149,稷下書院-exchange,17003,(子)CF_336x280_Banner(指定流量)_稷下書院-exchange,,,子聯播網,6,6,3,3,50.00%,50.00%
20260127,11,第一網站股份有限公司,2783,漫畫櫃manhuagui,17027,MW_320x480_蓋版_漫畫櫃manhuagui,,,,852,852,764,88,89.67%,10.33%
20260127,11,艾得基客行銷顧問股份有限公司,3373,良醫健康網,17092,MW_置底創意_良醫健康網,,知名媒體,,129,129,124,5,96.12%,3.88%
20260127,11,詠勝科技有限公司,3385,Mobile01_HB,17174,CF_970x250_超級橫幅_置底_Mobile01_HB,,知名媒體,,6,6,6,0,100.00%,0.00%
20260127,11,詠勝科技有限公司,3385,Mobile01_HB,17175,CF_970x90_橫幅Banner_Mobile01_HB,,知名媒體,,"1,863","1,863","1,488",375,79.87%,20.13%
20260127,11,詠勝科技有限公司,3385,Mobile01_HB,17176,CF_728x90_內頁橫幅Banner_7F_Mobile01_HB,,知名媒體,,158,158,132,26,83.54%,16.46%
20260127,11,詠勝科技有限公司,3385,Mobile01_HB,17178,CF_300x250_頻道頁_大看板_Mobile01_HB,,知名媒體,,12,12,11,1,91.67%,8.33%
20260127,11,詠勝科技有限公司,3385,Mobile01_HB,17179,CF_300x250_熱門大看板_Mobile01_HB,,知名媒體,,674,674,506,168,75.07%,24.93%
20260127,11,詠勝科技有限公司,3385,Mobile01_HB,17180,CF_300x250_置底看板左_Mobile01_HB,,知名媒體,,325,325,270,55,83.08%,16.92%
20260127,11,詠勝科技有限公司,3385,Mobile01_HB,17181,CF_300x250_置底看板中_Mobile01_HB,,知名媒體,,312,312,257,55,82.37%,17.63%
20260127,11,詠勝科技有限公司,3385,Mobile01_HB,17182,CF_300x250_置底看板右_Mobile01_HB,,知名媒體,,6,6,6,0,100.00%,0.00%
20260127,11,詠勝科技有限公司,3385,Mobile01_HB,17183,CF_300x600_大摩天_Mobile01_HB,,知名媒體,,245,245,189,56,77.14%,22.86%
20260127,11,朱光宁,3268,稷下書院-mobile,17207,MW_320x480_蓋版_稷下書院-mobile,,,,"1,889","1,889","1,176",713,62.26%,37.74%
20260127,11,李立娟,3395,vivi0視頻-exchange,17293,CF_336x280_Banner_vivi01視頻-exchange,antifroud,,,"47,517","47,517","43,672","3,845",91.91%,8.09%
20260127,11,李立娟,3395,vivi0視頻-exchange,17294,MW_336x280_Banner_vivi01視頻-exchange,antifroud,,,"45,325","45,297","41,957","3,340",92.63%,7.37%
20260127,11,李立娟,3395,vivi0視頻-exchange,17299,MW_300x250_蓋板(PB)-vivi01視頻-exchange,,,,14,14,13,1,92.86%,7.14%
20260127,11,李立娟,3395,vivi0視頻-exchange,17300,MW_320x100_置底(PB)_vivi01視頻-exchange,antifroud,,,"69,399","69,377","64,736","4,641",93.31%,6.69%
20260127,11,李立娟,3397,趣聞圖說-exchange,17309,MW_336x280_文中Banner_趣聞圖說-exchange,,,,26,24,12,12,50.00%,50.00%
20260127,11,曾憲敏,601,85小說網_PC,1773,CF-300x250_85小說網_內文1,,,,260,260,176,84,67.69%,32.31%
20260127,11,李立娟,3396,趣聞圖說-Mobile,17923,MW_置底創意(展開)_趣聞圖說-Mobile,,,,64,64,58,6,90.62%,9.38%
20260127,11,第一網站股份有限公司,2768,czbooks,17927,MW_置底創意_czbook,,,,"7,057","7,057","4,180","2,877",59.23%,40.77%
20260127,11,時報資訊股份有限公司_工商時報,3427,工商時報-exchange,18003,CF_300x250_互動看板2_工商時報-exchange,,知名媒體,,18,18,16,2,88.89%,11.11%
20260127,11,時報資訊股份有限公司_工商時報,3427,工商時報-exchange,18007,CF_336x280_文末右側看板_工商時報-exchange,,知名媒體,,80,80,66,14,82.50%,17.50%
20260127,11,時報資訊股份有限公司_工商時報,3427,工商時報-exchange,18008,CF_336x280_文末左側看板_工商時報-exchange,,知名媒體,,32,32,25,7,78.12%,21.88%
20260127,11,時報資訊股份有限公司_工商時報,3427,工商時報-exchange,18014,MW_300x250_文末Banner1_工商時報-exchange,,知名媒體,,94,94,88,6,93.62%,6.38%
20260127,11,時報資訊股份有限公司_工商時報,3427,工商時報-exchange,18015,MW_300x250_文末Banner2_工商時報-exchange,,知名媒體,,230,230,220,10,95.65%,4.35%
20260127,11,第一網站股份有限公司,3440,fsa_passback_first,18201,CF_336x280_fsa_passback_first,,,,"2,411","2,411","1,708",703,70.84%,29.16%
20260127,11,第一網站股份有限公司,3440,fsa_passback_first,18202,CF_300x250_fsa_passback_first,,,,"4,032","4,032","2,932","1,100",72.72%,27.28%
20260127,11,第一網站股份有限公司,3440,fsa_passback_first,18266,(子)CF_970x250_cfbanner_blog,,,子聯播網,"2,931","2,931","2,799",132,95.50%,4.50%
20260127,11,莊博凱,3455,夢遊電玩,18269,300x250 Banner,,,,12,12,10,2,83.33%,16.67%
20260127,11,朱光宁,3268,稷下書院-mobile,18297,MW_置底創意(展開)_稷下書院-mobile,,,,172,172,99,73,57.56%,42.44%
20260127,11,冰楓科技有限公司,3485,冰楓論壇-exchange,18487,CF_970x90_內文上方第一塊_冰楓論壇-exchange,,,,742,740,639,101,86.35%,13.65%
20260127,11,冰楓科技有限公司,3485,冰楓論壇-exchange,18488,MW_320x100_內文上方第一塊_ 冰楓論壇-exchange,antifroud,,,80,80,66,14,82.50%,17.50%
20260127,11,冰楓科技有限公司,3485,冰楓論壇-exchange,18492,MW_300x250_Banner_ 冰楓論壇-exchange,,,,405,405,341,64,84.20%,15.80%
20260127,11,闇碼科技股份有限公司,3048,縮短網址產生器-reurl,18535,MW_蓋版_縮短網址產生器-reurl,,知名媒體,,18,18,14,4,77.78%,22.22%
20260127,11,CBROOT LTD,3492,包子漫畫(特開流量)-exchange,18544,(子)CF_300x600_指定流量_包子漫畫(特開流量)-exchange,,,子聯播網,248,248,244,4,98.39%,1.61%
20260127,11,CBROOT LTD,3492,包子漫畫(特開流量)-exchange,18557,CF_300x600_指定流量_包子漫畫(特開流量PB)-exchange,,,,126,126,98,28,77.78%,22.22%
20260127,11,CBROOT LTD,3510,包子漫畫_twmanga-exchange,18732,MW_336x280_Banner_包子漫畫_twmanga,,,子聯播網,"47,001","47,001","34,391","12,610",73.17%,26.83%
20260127,11,CBROOT LTD,3510,包子漫畫_twmanga-exchange,18737,CF_970x90_Banner_ 包子漫畫_twmanga-exchange,,,,319,319,279,40,87.46%,12.54%
20260127,11,闇碼科技股份有限公司,2992,縮短網址產生器-reurl-exchange,18876,CF_首頁連結bar下方_縮短網址產生器-reurl-exchange,,知名媒體,,6,6,6,0,100.00%,0.00%
20260127,11,舒禾驊,3535,荷花動漫筆記,18887,CF_336x280_文章頁文中_荷花動漫筆記,,,,6,6,3,3,50.00%,50.00%
20260127,11,台灣英文新聞股份有限公司,3537,台灣英文新聞(new)-exchange,18914,MW_320x100_內文頁_置頂橫幅_台灣英文新聞(new)-exchange,,知名媒體,,6,6,5,1,83.33%,16.67%
20260127,11,台灣英文新聞股份有限公司,3537,台灣英文新聞(new)-exchange,18924,CF_300x250_內容頁_右側看版_1_台灣英文新聞(new)-exchange,,知名媒體,,74,74,55,19,74.32%,25.68%
20260127,11,台灣英文新聞股份有限公司,3537,台灣英文新聞(new)-exchange,18925,CF_300x600_內容頁_右側看版_2_台灣英文新聞(new)-exchange,,知名媒體,,18,18,16,2,88.89%,11.11%
20260127,11,聯合線上股份有限公司,3549,UDN元氣網,19018,CF_首頁文章推薦第三格300x250_UDN元氣網,,知名媒體,,46,46,43,3,93.48%,6.52%
20260127,11,艾得基客行銷顧問股份有限公司,3490,太報,19043,MW_置底創意(展開)_太報,,知名媒體,,32,32,32,0,100.00%,0.00%
20260127,11,艾得基客行銷顧問股份有限公司,3552,玩具人,19044,MW_320x480_文中創意_玩具人,,知名媒體,,44,44,41,3,93.18%,6.82%
20260127,11,先驅媒體社會企業股份有限公司,3554,新頭殼(R18),19047,(子)CF_300x250Banner_newtalk.tw_content_300250_1_新頭殼(R18),,知名媒體,子聯播網,12,12,11,1,91.67%,8.33%
20260127,11,先驅媒體社會企業股份有限公司,3554,新頭殼(R18),19048,CF_970x250Banner_新頭殼(R18),antifroud,知名媒體,,6,6,4,2,66.67%,33.33%
20260127,11,劉佳鑫,2886,哇哇3C日誌-mobile,20614,MW_文中創意320x480_哇哇3C日誌-mobile,,知名媒體,,8,8,4,4,50.00%,50.00%
20260127,11,第一網站股份有限公司,2783,漫畫櫃manhuagui,20685,MW_300X250_manhuagui,antifroud,,,"7,067","7,067","5,873","1,194",83.10%,16.90%
20260127,11,德榕企業有限公司,3578,TW Bodhi_mobile,20708,MW_蓋板_TW Bodhi,,,,200,200,196,4,98.00%,2.00%
20260127,11,德榕企業有限公司,3581,忘憂書屋,20727,CF_336x280文章頁(RWD)_忘憂書屋,,,,125,125,123,2,98.40%,1.60%
20260127,11,德榕企業有限公司,3582,忘憂書屋_mobile,20728,MW_文中創意300x250_忘憂書屋,,,,59,59,59,0,100.00%,0.00%
20260127,11,德榕企業有限公司,3582,忘憂書屋_mobile,20729,MW_蓋板_忘憂書屋,,,,30,30,30,0,100.00%,0.00%
20260127,11,德榕企業有限公司,3582,忘憂書屋_mobile,20730,MW_置底創意_忘憂書屋,,,,18,18,18,0,100.00%,0.00%
20260127,11,第一網站股份有限公司,2910,clickme,20735,(子)CF_300x250_banner_clickme(成人),,,子聯播網,"9,020","9,020","7,119","1,901",78.92%,21.08%
20260127,11,艾得基客行銷顧問股份有限公司,3490,太報,21317,MW_蓋版_太報,,知名媒體,,87,87,87,0,100.00%,0.00%
20260127,11,第一網站股份有限公司,2768,czbooks,21412,(子)CF_970x250_banner_czbooks(限時段)-PB,,,子聯播網,"2,694","2,694","1,439","1,255",53.41%,46.59%
20260127,11,第一網站股份有限公司,3440,fsa_passback_first,21699,CF_336x280_fsa_passback_first,,,,"2,386","2,386","1,803",583,75.57%,24.43%
20260127,11,朱光宁,3269,石頭小說-mobile,21741,MW_320x480_蓋版_石頭小說-mobile,antifroud,,,6,5,2,3,40.00%,60.00%
20260127,11,富盈數據股份有限公司,3653,TVBS-女人我最大_HB,21760,MW_文章三_336x280_TVBS-女人我最大_HB,,知名媒體,,54,54,54,0,100.00%,0.00%
20260127,11,富盈數據股份有限公司,3653,TVBS-女人我最大_HB,21761,MW_文章四_336x280_TVBS-女人我最大_HB,,知名媒體,,840,840,835,5,99.40%,0.60%
20260127,11,富盈數據股份有限公司,3653,TVBS-女人我最大_HB,21762,MW_文章置底_320x100_TVBS-女人我最大_HB,,知名媒體,,142,142,139,3,97.89%,2.11%
20260127,11,富盈數據股份有限公司,3653,TVBS-女人我最大_HB,21763,MW_文中創意320x480_TVBS-女人我最大_HB,,知名媒體,,848,848,845,3,99.65%,0.35%
20260127,11,富盈數據股份有限公司,3654,TVBS-健康2.0_HB,21765,MW_文章三_336x280_TVBS-健康2.0_HB,,知名媒體,,32,32,32,0,100.00%,0.00%
20260127,11,富盈數據股份有限公司,3654,TVBS-健康2.0_HB,21767,MW_文章置底_320x100_TVBS-健康2.0_HB,,知名媒體,,72,72,68,4,94.44%,5.56%
20260127,11,富盈數據股份有限公司,3654,TVBS-健康2.0_HB,21768,MW_文中創意320x480_TVBS-健康2.0_HB,,知名媒體,,"4,089","4,089","3,939",150,96.33%,3.67%
20260127,11,富盈數據股份有限公司,3655,TVBS-食尚玩家_HB,21770,MW_文章三_336x280_TVBS-食尚玩家_HB,,知名媒體,,"1,455","1,455","1,399",56,96.15%,3.85%
20260127,11,富盈數據股份有限公司,3655,TVBS-食尚玩家_HB,21771,MW_文章四_336x280_TVBS-食尚玩家_HB,,知名媒體,,44,44,41,3,93.18%,6.82%
20260127,11,富盈數據股份有限公司,3655,TVBS-食尚玩家_HB,21773,MW_文中創意320x480_TVBS-食尚玩家_HB,,知名媒體,,54,54,52,2,96.30%,3.70%
20260127,11,寶利拾股份有限公司,3652,愛料理_HB,21781,MW_置底創意(非展開)_愛料理_HB,,知名媒體,,12,12,10,2,83.33%,16.67%
20260127,11,富盈數據股份有限公司,3654,TVBS-健康2.0_HB,21812,MW_文章一_336x280_TVBS-健康2.0_HB,,知名媒體,,152,152,146,6,96.05%,3.95%
20260127,11,先驅媒體社會企業股份有限公司,3554,新頭殼(R18),21839,ＭＷ_336x280Banner_newtalk.tw_mobile_all_336280_2_新頭殼(R18),antifroud,知名媒體,,6,6,5,1,83.33%,16.67%
20260127,11,儂儂雜誌社股份有限公司(bella儂儂),2135,Bella儂儂_2024,21876,MW-300x250_文章標題上方1_Bella儂儂,,知名媒體,,133,133,125,8,93.98%,6.02%
20260127,11,富盈數據股份有限公司,3680,TVBS-新聞網_HB,21898,CF_文章右側300x600_TVBS-新聞網_HB,,知名媒體,,44,44,42,2,95.45%,4.55%
20260127,11,富盈數據股份有限公司,3680,TVBS-新聞網_HB,21899,MW_文章一_336x280_TVBS-新聞網_HB,,知名媒體,,"4,333","4,333","4,180",153,96.47%,3.53%
20260127,11,富盈數據股份有限公司,3680,TVBS-新聞網_HB,21900,MW_文章三_336x280_TVBS-新聞網_HB,,知名媒體,,460,460,443,17,96.30%,3.70%
20260127,11,富盈數據股份有限公司,3680,TVBS-新聞網_HB,21902,MW_文章置底_320x100_TVBS-新聞網_HB,,知名媒體,,"5,984","5,984","5,766",218,96.36%,3.64%
20260127,11,富盈數據股份有限公司,3685,玩桌遊_mobile,21924,MW_置底創意(非展開)_玩桌遊-mobile,,,,125,125,102,23,81.60%,18.40%
20260127,11,富盈數據股份有限公司,2615,熱血台中,21986,CF_336x280_全網_熱血台中,,,,34,34,34,0,100.00%,0.00%
20260127,11,富盈數據股份有限公司,2615,熱血台中,21987,CF_336x280_全網_熱血台中,,,,26,26,26,0,100.00%,0.00%
20260127,11,富盈數據股份有限公司,3703,繁體小說,22022,MW_置底創意(非展開)_繁體小說-mobile,,,,6,6,6,0,100.00%,0.00%
20260127,11,富盈數據股份有限公司,3704,天天要聞,22030,CF_300 x 250 banner_天天要聞_cpc2,,,,"4,110","4,110","2,114","1,996",51.44%,48.56%
20260127,11,富盈數據股份有限公司,3703,繁體小說,22031,CF_300 x 250 banner_繁體小說_cpc2,,,,599,599,459,140,76.63%,23.37%
20260127,11,朱光宁,3708,石頭小說,22045,CF_336 x 280 banner_石頭小說_cpc1.67,antifroud,,,"2,197","2,197","1,161","1,036",52.84%,47.16%
20260127,11,冠妍動力科技有限公司,484,小老婆汽機車資訊網,22058,MW_文中創意320x480_小老婆汽機車資訊網-測試,,知名媒體,,12,12,4,8,33.33%,66.67%
20260127,11,朱光宁,3718,稷下書院2,22093,CF_336 x 280 banner_稷下書院2_cpc1.67,antifroud,,,"3,775","3,775","1,944","1,831",51.50%,48.50%
20260127,11,富盈數據股份有限公司,3680,TVBS-新聞網_HB,22131,CF_文中300x250_TVBS-新聞網_HB_1,,知名媒體,,12,12,12,0,100.00%,0.00%
20260127,11,富盈數據股份有限公司,3680,TVBS-新聞網_HB,22132,CF_文中300x250_TVBS-新聞網_HB_2,,知名媒體,,56,56,55,1,98.21%,1.79%
20260127,11,富盈數據股份有限公司,3680,TVBS-新聞網_HB,22133,CF_文中300x250_TVBS-新聞網_HB_3,,知名媒體,,283,283,272,11,96.11%,3.89%
20260127,11,富盈數據股份有限公司,3730,Teepr 亮新聞 HB,22145,MW_336x280_文中創意_Teepr亮新聞 HB,,,,6,6,6,0,100.00%,0.00%
20260127,11,闇碼科技股份有限公司,3048,縮短網址產生器-reurl,22213,MW_蓋版_縮短網址產生器-reurl-2025.05(特殊供量),,知名媒體,,252,252,97,155,38.49%,61.51%
20260127,11,艾得基客行銷顧問股份有限公司,3724,上報,22217,MW_置底創意(非展開)_上報,,知名媒體,,"1,021","1,021",991,30,97.06%,2.94%
20260127,11,艾得基客行銷顧問股份有限公司,3724,上報,22218,MW_置底(展開)_上報,,知名媒體,,449,449,434,15,96.66%,3.34%
20260127,11,艾得基客行銷顧問股份有限公司,2689,Basketball Top5,22219,MW_置底(展開)_Basketball TOP5,,,,790,790,786,4,99.49%,0.51%
20260127,11,欣發現股份有限公司,3363,大人物-mobile,22222,MW_蓋板_大人物,,知名媒體,,94,94,73,21,77.66%,22.34%
20260127,11,朱光宁,3741,石頭小說3,22396,MW_置底_石頭小說3,,,,542,542,370,172,68.27%,31.73%
20260127,11,朱光宁,3741,石頭小說3,22398,CF_336 x 280 banner_石頭小說3_cpc1.67,,,,"11,258","11,256","6,623","4,633",58.84%,41.16%
20260127,11,朱光宁,3741,石頭小說3,22399,CF_320 x 480 橫幅_石頭小說3,,,,62,62,39,23,62.90%,37.10%
20260127,11,艾得基客行銷顧問股份有限公司,3724,上報,22405,MW_蓋版_上報,,知名媒體,,140,140,136,4,97.14%,2.86%
20260127,11,闇碼科技股份有限公司,3068,限時圖片-imgus,22406,MW_置底_imgus,antifroud,,,168,168,166,2,98.81%,1.19%
20260127,11,第一網站股份有限公司,2783,漫畫櫃manhuagui,22443,MW_置底_manhuagui,antifroud,,,"8,092","8,092","7,380",712,91.20%,8.80%
20260127,11,艾得基客行銷顧問股份有限公司,3490,太報,22495,MW_300x250 BANNER_太報_CPM5,,知名媒體,子聯播網,24,24,24,0,100.00%,0.00%
20260127,11,艾得基客行銷顧問股份有限公司,2689,Basketball Top5,22498,MW_300x250 Banner_Basketball TOP5_CPM5,,,子聯播網,807,807,802,5,99.38%,0.62%
20260127,11,艾得基客行銷顧問股份有限公司,2578,鉅亨網,22507,MW_300x250_鉅亨網_直播用BN-1,,知名媒體,子聯播網,847,847,822,25,97.05%,2.95%
20260127,11,艾得基客行銷顧問股份有限公司,3752,ＭoneyDJ,22514,MW_文中創意320x480_MoneyDJ,antifroud,知名媒體,,44,44,44,0,100.00%,0.00%
20260127,11,艾得基客行銷顧問股份有限公司,3752,ＭoneyDJ,22515,MW_300x250 BANNER_MoneyDJ,antifroud,知名媒體,,6,6,6,0,100.00%,0.00%
20260127,11,艾得基客行銷顧問股份有限公司,3373,良醫健康網,22732,MW_300x250_良醫健康網,,知名媒體,,6,6,6,0,100.00%,0.00%
20260127,11,李承翰-webptt,718,Web批踢踢(RWD),2284,MW-蓋板_文中_Web批踢踢,antifroud,,,38,38,28,10,73.68%,26.32%
20260127,11,麥智維,999,動漫戲說,3543,CF-728*90-內文上方-動漫戲說,antifroud,,,235,235,177,58,75.32%,24.68%
20260127,11,肖偉彬,1287,紅櫻桃小說書庫,4678,CF-內文上方-300*250-紅櫻桃小說書庫,,,,22,22,16,6,72.73%,27.27%
20260127,11,肖偉彬,1287,紅櫻桃小說書庫,4717,MW_文中創意300x250_紅櫻桃小說書庫,,,,26,26,19,7,73.08%,26.92%
20260127,11,技達創意資訊有限公司,1299,泰好網,4733,CF-300*250-內文下方-泰好網,,,,6,6,6,0,100.00%,0.00%
20260127,11,陈晋福,1367,電視超人,4997,CF-300X250-電視超人,,,,12,12,12,0,100.00%,0.00%
20260127,11,麥智維,999,動漫戲說,6069,CF-300*250-首頁-動漫戲說,,,,105,105,81,24,77.14%,22.86%
20260127,11,莊博凱,1676,夢遊電玩-exchange,6310,CF-160*600-網頁右側-夢遊電玩-exchange,,,,12,12,12,0,100.00%,0.00%
20260127,11,臺灣電視事業股份有限公司,52,台視,8313,PC-300x250_內文第一塊_台視財經,,知名媒體,,8,8,6,2,75.00%,25.00%
20260127,11,巧克科技新媒體股份有限公司,2127,LINE TV_Banner-exchange,8576,CF_336x280_戲劇-右側好康資訊下方_LINE TV-exchange,,知名媒體,,24,24,18,6,75.00%,25.00%
20260127,11,巧克科技新媒體股份有限公司,2127,LINE TV_Banner-exchange,8577,CF_336x280_戲劇-右側好康資訊上方_LINE TV-exchange,,知名媒體,,90,90,80,10,88.89%,11.11%
20260127,11,鳳梨傳媒股份有限公司,2191,四季線上影視-Exchange,8860,CF_300X250_文章右側_今日最新上方_四季線上,antifroud,知名媒體,,22,11,0,11,0.00%,100.00%
20260127,11,冰楓科技有限公司,2289,BFFile,9576,CF-300X600-下載頁上方-BFFile,,,,6,6,6,0,100.00%,0.00%
20260127,11,時報資訊股份有限公司,2335,中時電子報_2019,9887,MW-置底創意(非展開)中時電子報_2019,,知名媒體,,939,939,904,35,96.27%,3.73%
20260127,12,英屬維京群島商浩美數位有限公司台灣分公司,2315,Teepr亮新聞-exchange,10012,CF_336x280Banner_Teepr亮新聞-exchange,,知名媒體,,"2,399","2,399","2,353",46,98.08%,1.92%
20260127,12,昱得資訊工作室,2528,數位書香,11081,CF_160x600_首頁右側_數位書香,antifroud,,,349,349,348,1,99.71%,0.29%
20260127,12,第一網站股份有限公司,2518,麻辣家族討論區(twbts),11082,CF-728X90-twbts,antifroud,,,"1,595","1,595","1,582",13,99.18%,0.82%
20260127,12,第一網站股份有限公司,2540,risu短網址,11260,MW-300X250-MB_page_left-risu,,知名媒體,,508,508,478,30,94.09%,5.91%
20260127,12,第一網站股份有限公司,2492,ttshow,11273,MW-300X250-ttshow,,知名媒體,,12,12,10,2,83.33%,16.67%
20260127,12,第一網站股份有限公司,2601,Meme梗圖倉庫,11443,CF-336X280-meme,,,,943,943,875,68,92.79%,7.21%
20260127,12,艾得基客行銷顧問股份有限公司,2578,鉅亨網,12070,MW_320x480_文中創意_鉅亨網,,知名媒體,,"15,157","15,157","14,837",320,97.89%,2.11%
20260127,12,第一網站股份有限公司,2540,risu短網址,12496,CF_300x250_popup(直播) _risu短網址,antifroud,知名媒體,,12,12,10,2,83.33%,16.67%
20260127,12,時報資訊股份有限公司,2770,中時電子報_HB,12559,CF_300x250_右側互動看版_中時電子報_HB,,知名媒體,,708,708,607,101,85.73%,14.27%
20260127,12,時報資訊股份有限公司,2770,中時電子報_HB,12560,CF_336x280_文中看板_中時電子報_HB,,知名媒體,,687,687,594,93,86.46%,13.54%
20260127,12,時報資訊股份有限公司,2770,中時電子報_HB,12561,MW_300x250_內頁TOP Banner_中時電子報_HB,antifroud,知名媒體,,"1,228","1,228","1,132",96,92.18%,7.82%
20260127,12,第一網站股份有限公司,2768,czbooks,12570,CF_728x90_banner_czbooks,,,,"51,662","51,662","29,856","21,806",57.79%,42.21%
20260127,12,鳳梨傳媒股份有限公司,2190,民視新聞網-Exchange,12579,CF_300x250_右側第一塊_民視新聞網-Exchange(RWD)(MCM),,知名媒體,,"7,029","7,029","6,832",197,97.20%,2.80%
20260127,12,鳳梨傳媒股份有限公司,2190,民視新聞網-Exchange,12580,CF_300x250_內文文中左側_民視新聞網-Exchange(RWD)(MCM),,知名媒體,,"7,807","7,807","7,475",332,95.75%,4.25%
20260127,12,第一網站股份有限公司,2783,漫畫櫃manhuagui,12676,CF_728X90_manhuagui,antifroud,,,"57,138","57,138","43,296","13,842",75.77%,24.23%
20260127,12,艾得基客行銷顧問股份有限公司,2635,工商時報,12761,MW_320x480_文中創意_工商時報new,,知名媒體,,58,58,57,1,98.28%,1.72%
20260127,12,第一網站股份有限公司,2801,damanwoo,12868,CF-300x250_Banner_damanwoo_大人物,,,,54,54,52,2,96.30%,3.70%
20260127,12,第一網站股份有限公司,2820,星座好朋友(horofriend88),12966,MW_320x100_horofriend88,antifroud,,,50,50,49,1,98.00%,2.00%
20260127,12,時報資訊股份有限公司,2335,中時電子報_2019,12974,MW-置底創意(展開)-中時電子報_2019,antifroud,知名媒體,,216,216,199,17,92.13%,7.87%
20260127,12,第一網站股份有限公司,2836,vivi01,13032,MW_置底創意_vivi01 ViVi視頻,,,,6,6,6,0,100.00%,0.00%
20260127,12,第一網站股份有限公司,2838,mycard,13041,MW_320x480_加倍mycard,,,,215,215,0,215,0.00%,100.00%
20260127,12,東森電視事業股份有限公司,2014,東森新聞網,13162,MW_置底創意(展開)_東森新聞網,antifroud,知名媒體,,307,307,275,32,89.58%,10.42%
20260127,12,東森電視事業股份有限公司,2014,東森新聞網,13163,MW_文中創意320x480_東森新聞網,,知名媒體,,"4,088","4,088","4,056",32,99.22%,0.78%
20260127,12,第一網站股份有限公司,2862,Manhuaren,13254,MW_320x100_banner_manhuaren,,,,20,20,13,7,65.00%,35.00%
20260127,12,和運租車股份有限公司,2878,abc好車網,13368,CF_970x90_物件頁下方_abc好車網,,知名媒體,,6,6,3,3,50.00%,50.00%
20260127,12,譚謹恩,2885,Mr. & Mrs. Diary-exchange,13406,MW_300x250_內文文中-Mr. & Mrs. Diary-exchange,,,,6,6,6,0,100.00%,0.00%
20260127,12,曾憲敏,202,85小說網,13445,MW_336X280_全量1_85小說網,,,,629,629,468,161,74.40%,25.60%
20260127,12,曾憲敏,202,85小說網,13446,MW_336X280_全量2_85小說網,,,,"5,063","5,063","3,880","1,183",76.63%,23.37%
20260127,12,曾憲敏,601,85小說網_PC,13450,(子)CF_336x280_全量2_85小說網,,,子聯播網,148,148,94,54,63.51%,36.49%
20260127,12,第一網站股份有限公司,2768,czbooks,13481,MW_300x250_banner_czbooks,antifroud,,子聯播網,"4,887","4,887","2,864","2,023",58.60%,41.40%
20260127,12,第一網站股份有限公司,2768,czbooks,13482,(子)CF_300x600_banner_czbooks(限時段),,,子聯播網,641,641,394,247,61.47%,38.53%
20260127,12,第一網站股份有限公司,2768,czbooks,13483,(子)CF_970x250_banner_czbooks(限時段),,,子聯播網,"1,097","1,097",668,429,60.89%,39.11%
20260127,12,第一網站股份有限公司,2910,clickme,13548,(子)CF_300x250_banner_clickme(一般),,,子聯播網,664,664,455,209,68.52%,31.48%
20260127,12,第一網站股份有限公司,2910,clickme,13549,CF_300x250_banner_clickme(一般),,,,806,806,615,191,76.30%,23.70%
20260127,12,第一網站股份有限公司,2916,KiKiNote,13576,(子)CF_300x250_banner_kikinote,,知名媒體,子聯播網,"2,152","2,152","2,021",131,93.91%,6.09%
20260127,12,闇碼科技股份有限公司,2992,縮短網址產生器-reurl-exchange,13848,CF_300x250_轉址失敗_最右邊_reurl,,知名媒體,,216,216,19,197,8.80%,91.20%
20260127,12,闇碼科技股份有限公司,2992,縮短網址產生器-reurl-exchange,13856,CF_300x250_轉址失敗頁第二塊_reurl,,知名媒體,,223,223,21,202,9.42%,90.58%
20260127,12,第一網站股份有限公司,2768,czbooks,13903,(子)CF_300x250_banner_czbooks(直播),antifroud,,子聯播網,"18,741","18,741","11,653","7,088",62.18%,37.82%
20260127,12,第一網站股份有限公司,2768,czbooks,14036,MW_320x480_CZBOOKS,antifroud,,,72,72,46,26,63.89%,36.11%
20260127,12,陳人鳳,480,飛格寵物家族_PC,1407,CF-728X90_上方通欄_飛格寵物家族,,,,30,30,23,7,76.67%,23.33%
20260127,12,陳人鳳,480,飛格寵物家族_PC,1408,CF-300X250_內文_飛格寵物家族,,,,145,145,93,52,64.14%,35.86%
20260127,12,東森電視事業股份有限公司,2014,東森新聞網,14097,MW_蓋版_東森新聞網,,知名媒體,,"1,914","1,914","1,763",151,92.11%,7.89%
20260127,12,飛凡傳播股份有限公司,1921,非凡新聞台-exchange,14188,MW_300x250_內文上方_非凡新聞-exchange,antifroud,知名媒體,,12,12,6,6,50.00%,50.00%
20260127,12,闇碼科技股份有限公司,3048,縮短網址產生器-reurl,14210,MW_文中創意300x250_縮短網址產生器-reurl,,知名媒體,,626,626,152,474,24.28%,75.72%
20260127,12,巨思文化股份有限公司,3052,經理人_HB,14240,CF_300x250_內文下方左側_經理人-HB,,知名媒體,,6,6,6,0,100.00%,0.00%
20260127,12,巨思文化股份有限公司,3053,數位時代_HB,14242,CF_300x250_內文下方左側_數位時代-HB,,知名媒體,,6,6,5,1,83.33%,16.67%
20260127,12,巨思文化股份有限公司,3053,數位時代_HB,14246,MW_300x250_文章結束第一塊_數位時代-HB,,知名媒體,,6,6,4,2,66.67%,33.33%
20260127,12,富盈數據股份有限公司,3059,塔科女子,14258,CF_336x280_全網_塔科女子,,知名媒體,,16,16,16,0,100.00%,0.00%
20260127,12,CBROOT LTD,3003,包子漫畫-exchange,14291,MW_300x250_蓋板(PB)_包子漫畫,,,,623,623,551,72,88.44%,11.56%
20260127,12,朱光宁,3152,石頭小說-exchange,14472,MW_336x280_Banner_石頭小說,,,,"8,040","8,040","4,736","3,304",58.91%,41.09%
20260127,12,朱光宁,3149,稷下書院-exchange,14748,MW_320x100_置底(PB)_稷下書院,,,,"28,246","28,245","14,459","13,786",51.19%,48.81%
20260127,12,巨思文化股份有限公司,3053,數位時代_HB,14764,MW_置底創意_(非展開)_數位時代_HB,,知名媒體,,405,405,368,37,90.86%,9.14%
20260127,12,中天電視股份有限公司,3282,中天新聞網-exchange,14980,CF_970x250_內頁_PC置頂橫幅-中天新聞網-exchange,,知名媒體,,122,122,94,28,77.05%,22.95%
20260127,12,曾憲敏,3327,85小說網_創意,15227,MW-300X250_85小說網_隨身影音PB,,,,18,18,14,4,77.78%,22.22%
20260127,12,曾憲敏,3327,85小說網_創意,15228,MW-創意-85小說網,,,,6,6,3,3,50.00%,50.00%
20260127,12,千晶文化事業股份有限公司,3336,Beauty 美人圈,15254,MW_置底創意(非展開)_ Beauty 美人圈,,知名媒體,,"2,295","2,295","2,276",19,99.17%,0.83%
20260127,12,中天電視股份有限公司,3282,中天新聞網-exchange,15859,CF_336x280_內頁_PC右側互動看板B-中天新聞網-exchange,,知名媒體,,781,781,664,117,85.02%,14.98%
20260127,12,CBROOT LTD,3352,西瓜卡通-exchange,15970,CF_160x600_影音內容_西瓜卡通-exchange,,,,6,6,6,0,100.00%,0.00%
20260127,12,朱光宁,3360,提莫書屋-exchange,16957,MW_336x280banner_提莫書屋_exchange,,,,"21,294","21,293","15,348","5,945",72.08%,27.92%
20260127,12,朱光宁,3361,提莫書屋-mobile,16958,MW_置底創意_提莫書屋-mobile,,,,6,6,5,1,83.33%,16.67%
20260127,12,朱光宁,3361,提莫書屋-mobile,16959,MW_320x480_文中創意_提莫書屋-mobile,,,,126,126,103,23,81.75%,18.25%
20260127,12,欣發現股份有限公司,3365,Hami任務牆-mobile,16969,MW_置底創意_Hami任務牆,,知名媒體,,109,109,91,18,83.49%,16.51%
20260127,12,欣發現股份有限公司,3364,女子學-mobile,16972,MW_置底創意_女子學,antifroud,,,83,83,53,30,63.86%,36.14%
20260127,12,欣發現股份有限公司,3363,大人物-mobile,16973,MW_置底創意_大人物,,知名媒體,,104,104,80,24,76.92%,23.08%
20260127,12,欣發現股份有限公司,3362,妞新聞-mobile,16974,MW_置底創意_妞新聞,,知名媒體,,6,6,4,2,66.67%,33.33%
20260127,12,朱光宁,3149,稷下書院-exchange,17003,(子)CF_336x280_Banner(指定流量)_稷下書院-exchange,,,子聯播網,18,18,18,0,100.00%,0.00%
20260127,12,第一網站股份有限公司,2783,漫畫櫃manhuagui,17027,MW_320x480_蓋版_漫畫櫃manhuagui,,,,114,114,103,11,90.35%,9.65%
20260127,12,艾得基客行銷顧問股份有限公司,3373,良醫健康網,17092,MW_置底創意_良醫健康網,,知名媒體,,92,92,89,3,96.74%,3.26%
20260127,12,詠勝科技有限公司,3385,Mobile01_HB,17178,CF_300x250_頻道頁_大看板_Mobile01_HB,,知名媒體,,6,6,1,5,16.67%,83.33%
20260127,12,詠勝科技有限公司,3385,Mobile01_HB,17179,CF_300x250_熱門大看板_Mobile01_HB,,知名媒體,,276,276,190,86,68.84%,31.16%
20260127,12,詠勝科技有限公司,3385,Mobile01_HB,17180,CF_300x250_置底看板左_Mobile01_HB,,知名媒體,,8,8,5,3,62.50%,37.50%
20260127,12,詠勝科技有限公司,3385,Mobile01_HB,17181,CF_300x250_置底看板中_Mobile01_HB,,知名媒體,,30,30,21,9,70.00%,30.00%
20260127,12,詠勝科技有限公司,3385,Mobile01_HB,17182,CF_300x250_置底看板右_Mobile01_HB,,知名媒體,,33,33,28,5,84.85%,15.15%
20260127,12,詠勝科技有限公司,3385,Mobile01_HB,17183,CF_300x600_大摩天_Mobile01_HB,,知名媒體,,36,36,22,14,61.11%,38.89%
20260127,12,朱光宁,3268,稷下書院-mobile,17207,MW_320x480_蓋版_稷下書院-mobile,,,,"1,079","1,079",647,432,59.96%,40.04%
20260127,12,中華電視股份有限公司,3389,華視-mobile,17230,MW_置底創意(非展開)_華視-mobile,,知名媒體,,161,161,160,1,99.38%,0.62%
20260127,12,中華電視股份有限公司,3389,華視-mobile,17232,MW_文中創意320x480_華視-mobile,,知名媒體,,52,52,52,0,100.00%,0.00%
20260127,12,李立娟,3395,vivi0視頻-exchange,17293,CF_336x280_Banner_vivi01視頻-exchange,antifroud,,,"45,199","45,199","41,361","3,838",91.51%,8.49%
20260127,12,李立娟,3395,vivi0視頻-exchange,17294,MW_336x280_Banner_vivi01視頻-exchange,antifroud,,,"53,792","53,792","49,710","4,082",92.41%,7.59%
20260127,12,李立娟,3395,vivi0視頻-exchange,17299,MW_300x250_蓋板(PB)-vivi01視頻-exchange,,,,6,6,4,2,66.67%,33.33%
20260127,12,李立娟,3395,vivi0視頻-exchange,17300,MW_320x100_置底(PB)_vivi01視頻-exchange,antifroud,,,"84,839","84,839","78,687","6,152",92.75%,7.25%
20260127,12,李立娟,3397,趣聞圖說-exchange,17309,MW_336x280_文中Banner_趣聞圖說-exchange,,,,24,24,14,10,58.33%,41.67%
20260127,12,曾憲敏,601,85小說網_PC,1773,CF-300x250_85小說網_內文1,,,,260,260,173,87,66.54%,33.46%
20260127,12,李立娟,3396,趣聞圖說-Mobile,17923,MW_置底創意(展開)_趣聞圖說-Mobile,,,,42,42,38,4,90.48%,9.52%
20260127,12,第一網站股份有限公司,2768,czbooks,17927,MW_置底創意_czbook,,,,"10,915","10,915","6,472","4,443",59.29%,40.71%
20260127,12,時報資訊股份有限公司_工商時報,3427,工商時報-exchange,18003,CF_300x250_互動看板2_工商時報-exchange,,知名媒體,,6,6,4,2,66.67%,33.33%
20260127,12,時報資訊股份有限公司_工商時報,3427,工商時報-exchange,18007,CF_336x280_文末右側看板_工商時報-exchange,,知名媒體,,12,12,12,0,100.00%,0.00%
20260127,12,時報資訊股份有限公司_工商時報,3427,工商時報-exchange,18014,MW_300x250_文末Banner1_工商時報-exchange,,知名媒體,,32,32,28,4,87.50%,12.50%
20260127,12,時報資訊股份有限公司_工商時報,3427,工商時報-exchange,18015,MW_300x250_文末Banner2_工商時報-exchange,,知名媒體,,112,112,103,9,91.96%,8.04%
20260127,12,第一網站股份有限公司,3440,fsa_passback_first,18201,CF_336x280_fsa_passback_first,,,,"1,954","1,954","1,379",575,70.57%,29.43%
20260127,12,第一網站股份有限公司,3440,fsa_passback_first,18202,CF_300x250_fsa_passback_first,,,,"4,506","4,506","3,431","1,075",76.14%,23.86%
20260127,12,第一網站股份有限公司,3440,fsa_passback_first,18266,(子)CF_970x250_cfbanner_blog,,,子聯播網,"4,683","4,683","4,270",413,91.18%,8.82%
20260127,12,莊博凱,3455,夢遊電玩,18269,300x250 Banner,,,,6,6,0,6,0.00%,100.00%
20260127,12,朱光宁,3268,稷下書院-mobile,18297,MW_置底創意(展開)_稷下書院-mobile,,,,378,378,210,168,55.56%,44.44%
20260127,12,冰楓科技有限公司,3485,冰楓論壇-exchange,18487,CF_970x90_內文上方第一塊_冰楓論壇-exchange,,,,731,731,610,121,83.45%,16.55%
20260127,12,冰楓科技有限公司,3485,冰楓論壇-exchange,18488,MW_320x100_內文上方第一塊_ 冰楓論壇-exchange,antifroud,,,44,44,40,4,90.91%,9.09%
20260127,12,冰楓科技有限公司,3485,冰楓論壇-exchange,18492,MW_300x250_Banner_ 冰楓論壇-exchange,,,,375,375,324,51,86.40%,13.60%
20260127,12,CBROOT LTD,3492,包子漫畫(特開流量)-exchange,18544,(子)CF_300x600_指定流量_包子漫畫(特開流量)-exchange,,,子聯播網,316,316,304,12,96.20%,3.80%
20260127,12,CBROOT LTD,3510,包子漫畫_twmanga-exchange,18732,MW_336x280_Banner_包子漫畫_twmanga,,,子聯播網,"1,918","1,918","1,378",540,71.85%,28.15%
20260127,12,CBROOT LTD,3510,包子漫畫_twmanga-exchange,18735,CF_336x280_Banner_包子漫畫_twmanga-exchange,,,,20,20,20,0,100.00%,0.00%
20260127,12,CBROOT LTD,3510,包子漫畫_twmanga-exchange,18737,CF_970x90_Banner_ 包子漫畫_twmanga-exchange,,,,12,12,12,0,100.00%,0.00%
20260127,12,舒禾驊,3535,荷花動漫筆記,18887,CF_336x280_文章頁文中_荷花動漫筆記,,,,31,31,22,9,70.97%,29.03%
20260127,12,台灣英文新聞股份有限公司,3537,台灣英文新聞(new)-exchange,18924,CF_300x250_內容頁_右側看版_1_台灣英文新聞(new)-exchange,,知名媒體,,36,36,29,7,80.56%,19.44%
20260127,12,聯合線上股份有限公司,3549,UDN元氣網,19018,CF_首頁文章推薦第三格300x250_UDN元氣網,,知名媒體,,31,31,31,0,100.00%,0.00%
20260127,12,艾得基客行銷顧問股份有限公司,3490,太報,19043,MW_置底創意(展開)_太報,,知名媒體,,443,443,430,13,97.07%,2.93%
20260127,12,艾得基客行銷顧問股份有限公司,3552,玩具人,19044,MW_320x480_文中創意_玩具人,,知名媒體,,74,74,69,5,93.24%,6.76%
20260127,12,第一網站股份有限公司,2783,漫畫櫃manhuagui,20685,MW_300X250_manhuagui,antifroud,,,"7,078","7,078","6,039","1,039",85.32%,14.68%
20260127,12,德榕企業有限公司,3577,TW Bodhi,20705,(子)CF_336x280_文章頁(RWD)_TW Bodhi,antifroud,,子聯播網,6,6,6,0,100.00%,0.00%
20260127,12,德榕企業有限公司,3578,TW Bodhi_mobile,20707,MW_置底創意_TW Bodhi,,,,30,30,29,1,96.67%,3.33%
20260127,12,德榕企業有限公司,3578,TW Bodhi_mobile,20708,MW_蓋板_TW Bodhi,,,,314,314,305,9,97.13%,2.87%
20260127,12,德榕企業有限公司,3581,忘憂書屋,20727,CF_336x280文章頁(RWD)_忘憂書屋,,,,94,94,92,2,97.87%,2.13%
20260127,12,德榕企業有限公司,3582,忘憂書屋_mobile,20728,MW_文中創意300x250_忘憂書屋,,,,58,58,58,0,100.00%,0.00%
20260127,12,德榕企業有限公司,3582,忘憂書屋_mobile,20729,MW_蓋板_忘憂書屋,,,,18,18,18,0,100.00%,0.00%
20260127,12,德榕企業有限公司,3582,忘憂書屋_mobile,20730,MW_置底創意_忘憂書屋,,,,6,6,6,0,100.00%,0.00%
20260127,12,第一網站股份有限公司,2910,clickme,20735,(子)CF_300x250_banner_clickme(成人),,,子聯播網,"8,355","8,355","6,663","1,692",79.75%,20.25%
20260127,12,第一網站股份有限公司,3440,fsa_passback_first,21699,CF_336x280_fsa_passback_first,,,,"1,419","1,419","1,097",322,77.31%,22.69%
20260127,12,朱光宁,3269,石頭小說-mobile,21741,MW_320x480_蓋版_石頭小說-mobile,antifroud,,,12,12,7,5,58.33%,41.67%
20260127,12,富盈數據股份有限公司,3653,TVBS-女人我最大_HB,21760,MW_文章三_336x280_TVBS-女人我最大_HB,,知名媒體,,166,166,166,0,100.00%,0.00%
20260127,12,富盈數據股份有限公司,3653,TVBS-女人我最大_HB,21761,MW_文章四_336x280_TVBS-女人我最大_HB,,知名媒體,,"2,115","2,115","2,009",106,94.99%,5.01%
20260127,12,富盈數據股份有限公司,3653,TVBS-女人我最大_HB,21763,MW_文中創意320x480_TVBS-女人我最大_HB,,知名媒體,,"1,469","1,469","1,428",41,97.21%,2.79%
20260127,12,富盈數據股份有限公司,3654,TVBS-健康2.0_HB,21765,MW_文章三_336x280_TVBS-健康2.0_HB,,知名媒體,,12,12,12,0,100.00%,0.00%
20260127,12,富盈數據股份有限公司,3654,TVBS-健康2.0_HB,21768,MW_文中創意320x480_TVBS-健康2.0_HB,,知名媒體,,"13,197","13,197","11,199","1,998",84.86%,15.14%
20260127,12,富盈數據股份有限公司,3655,TVBS-食尚玩家_HB,21770,MW_文章三_336x280_TVBS-食尚玩家_HB,,知名媒體,,"2,523","2,523","1,925",598,76.30%,23.70%
20260127,12,富盈數據股份有限公司,3655,TVBS-食尚玩家_HB,21771,MW_文章四_336x280_TVBS-食尚玩家_HB,,知名媒體,,146,146,142,4,97.26%,2.74%
20260127,12,富盈數據股份有限公司,3655,TVBS-食尚玩家_HB,21773,MW_文中創意320x480_TVBS-食尚玩家_HB,,知名媒體,,"2,113","2,113","1,483",630,70.18%,29.82%
20260127,12,寶利拾股份有限公司,3652,愛料理_HB,21781,MW_置底創意(非展開)_愛料理_HB,,知名媒體,,6,6,6,0,100.00%,0.00%
20260127,12,富盈數據股份有限公司,3654,TVBS-健康2.0_HB,21812,MW_文章一_336x280_TVBS-健康2.0_HB,,知名媒體,,50,50,48,2,96.00%,4.00%
20260127,12,先驅媒體社會企業股份有限公司,3554,新頭殼(R18),21839,ＭＷ_336x280Banner_newtalk.tw_mobile_all_336280_2_新頭殼(R18),antifroud,知名媒體,,8,8,8,0,100.00%,0.00%
20260127,12,儂儂雜誌社股份有限公司(bella儂儂),2135,Bella儂儂_2024,21876,MW-300x250_文章標題上方1_Bella儂儂,,知名媒體,,342,342,323,19,94.44%,5.56%
20260127,12,富盈數據股份有限公司,3680,TVBS-新聞網_HB,21898,CF_文章右側300x600_TVBS-新聞網_HB,,知名媒體,,6,6,6,0,100.00%,0.00%
20260127,12,富盈數據股份有限公司,3680,TVBS-新聞網_HB,21899,MW_文章一_336x280_TVBS-新聞網_HB,,知名媒體,,"3,352","3,352","3,330",22,99.34%,0.66%
20260127,12,富盈數據股份有限公司,3680,TVBS-新聞網_HB,21900,MW_文章三_336x280_TVBS-新聞網_HB,,知名媒體,,"1,078","1,078","1,074",4,99.63%,0.37%
20260127,12,富盈數據股份有限公司,3680,TVBS-新聞網_HB,21902,MW_文章置底_320x100_TVBS-新聞網_HB,,知名媒體,,"2,876","2,876","2,855",21,99.27%,0.73%
20260127,12,富盈數據股份有限公司,3684,稅美人_mobile,21923,MW_置底創意(非展開)_稅美人-mobile,,,,12,12,7,5,58.33%,41.67%
20260127,12,富盈數據股份有限公司,3685,玩桌遊_mobile,21924,MW_置底創意(非展開)_玩桌遊-mobile,,,,524,521,449,72,86.18%,13.82%
20260127,12,富盈數據股份有限公司,2615,熱血台中,21986,CF_336x280_全網_熱血台中,,,,6,6,6,0,100.00%,0.00%
20260127,12,富盈數據股份有限公司,2615,熱血台中,21987,CF_336x280_全網_熱血台中,,,,50,50,49,1,98.00%,2.00%
20260127,12,富盈數據股份有限公司,3704,天天要聞,22030,CF_300 x 250 banner_天天要聞_cpc2,,,,922,922,471,451,51.08%,48.92%
20260127,12,富盈數據股份有限公司,3703,繁體小說,22031,CF_300 x 250 banner_繁體小說_cpc2,,,,54,54,45,9,83.33%,16.67%
20260127,12,朱光宁,3708,石頭小說,22045,CF_336 x 280 banner_石頭小說_cpc1.67,antifroud,,,"51,522","51,522","23,925","27,597",46.44%,53.56%
20260127,12,冠妍動力科技有限公司,484,小老婆汽機車資訊網,22058,MW_文中創意320x480_小老婆汽機車資訊網-測試,,知名媒體,,12,12,7,5,58.33%,41.67%
20260127,12,朱光宁,3718,稷下書院2,22093,CF_336 x 280 banner_稷下書院2_cpc1.67,antifroud,,,"54,971","54,971","25,785","29,186",46.91%,53.09%
20260127,12,富盈數據股份有限公司,3680,TVBS-新聞網_HB,22131,CF_文中300x250_TVBS-新聞網_HB_1,,知名媒體,,6,6,6,0,100.00%,0.00%
20260127,12,富盈數據股份有限公司,3680,TVBS-新聞網_HB,22132,CF_文中300x250_TVBS-新聞網_HB_2,,知名媒體,,42,42,40,2,95.24%,4.76%
20260127,12,富盈數據股份有限公司,3680,TVBS-新聞網_HB,22133,CF_文中300x250_TVBS-新聞網_HB_3,,知名媒體,,129,129,119,10,92.25%,7.75%
20260127,12,闇碼科技股份有限公司,3048,縮短網址產生器-reurl,22213,MW_蓋版_縮短網址產生器-reurl-2025.05(特殊供量),,知名媒體,,631,631,126,505,19.97%,80.03%
20260127,12,艾得基客行銷顧問股份有限公司,3724,上報,22217,MW_置底創意(非展開)_上報,,知名媒體,,"1,353","1,353","1,325",28,97.93%,2.07%
20260127,12,艾得基客行銷顧問股份有限公司,3724,上報,22218,MW_置底(展開)_上報,,知名媒體,,"2,308","2,308","2,248",60,97.40%,2.60%
20260127,12,艾得基客行銷顧問股份有限公司,2689,Basketball Top5,22219,MW_置底(展開)_Basketball TOP5,,,,401,401,399,2,99.50%,0.50%
20260127,12,欣發現股份有限公司,3363,大人物-mobile,22222,MW_蓋板_大人物,,知名媒體,,73,73,57,16,78.08%,21.92%
20260127,12,朱光宁,3741,石頭小說3,22396,MW_置底_石頭小說3,,,,42,42,30,12,71.43%,28.57%
20260127,12,朱光宁,3741,石頭小說3,22398,CF_336 x 280 banner_石頭小說3_cpc1.67,,,,"11,500","11,500","5,513","5,987",47.94%,52.06%
20260127,12,朱光宁,3741,石頭小說3,22399,CF_320 x 480 橫幅_石頭小說3,,,,18,18,13,5,72.22%,27.78%
20260127,12,艾得基客行銷顧問股份有限公司,3724,上報,22405,MW_蓋版_上報,,知名媒體,,24,24,23,1,95.83%,4.17%
20260127,12,闇碼科技股份有限公司,3068,限時圖片-imgus,22406,MW_置底_imgus,antifroud,,,86,86,86,0,100.00%,0.00%
20260127,12,第一網站股份有限公司,2783,漫畫櫃manhuagui,22443,MW_置底_manhuagui,antifroud,,,"4,948","4,948","4,537",411,91.69%,8.31%
20260127,12,艾得基客行銷顧問股份有限公司,3490,太報,22495,MW_300x250 BANNER_太報_CPM5,,知名媒體,子聯播網,54,54,54,0,100.00%,0.00%
20260127,12,艾得基客行銷顧問股份有限公司,2689,Basketball Top5,22498,MW_300x250 Banner_Basketball TOP5_CPM5,,,子聯播網,"1,087","1,087","1,084",3,99.72%,0.28%
20260127,12,艾得基客行銷顧問股份有限公司,2578,鉅亨網,22507,MW_300x250_鉅亨網_直播用BN-1,,知名媒體,子聯播網,"1,281","1,281","1,243",38,97.03%,2.97%
20260127,12,艾得基客行銷顧問股份有限公司,3752,ＭoneyDJ,22514,MW_文中創意320x480_MoneyDJ,antifroud,知名媒體,,92,92,87,5,94.57%,5.43%
20260127,12,艾得基客行銷顧問股份有限公司,3752,ＭoneyDJ,22515,MW_300x250 BANNER_MoneyDJ,antifroud,知名媒體,,6,6,5,1,83.33%,16.67%
20260127,12,李承翰-webptt,718,Web批踢踢(RWD),2284,MW-蓋板_文中_Web批踢踢,antifroud,,,18,18,12,6,66.67%,33.33%
20260127,12,麥智維,999,動漫戲說,3543,CF-728*90-內文上方-動漫戲說,antifroud,,,252,252,183,69,72.62%,27.38%
20260127,12,肖偉彬,1287,紅櫻桃小說書庫,4678,CF-內文上方-300*250-紅櫻桃小說書庫,,,,98,98,70,28,71.43%,28.57%
20260127,12,肖偉彬,1286,龍騰世紀書庫,4716,CF-內文中間-300*250-龍騰世紀書庫,,,,6,6,3,3,50.00%,50.00%
20260127,12,肖偉彬,1287,紅櫻桃小說書庫,4717,MW_文中創意300x250_紅櫻桃小說書庫,,,,6,6,4,2,66.67%,33.33%
20260127,12,技達創意資訊有限公司,1299,泰好網,4733,CF-300*250-內文下方-泰好網,,,,6,6,4,2,66.67%,33.33%
20260127,12,技達創意資訊有限公司,1299,泰好網,4734,MW-320*100-首頁、內文上方-泰好網,,,,12,12,12,0,100.00%,0.00%
20260127,12,肖偉彬,1347,雲台書屋,4923,CF-上方通欄-300*250-雲台書屋,,,,6,6,5,1,83.33%,16.67%
20260127,12,陈晋福,1367,電視超人,4997,CF-300X250-電視超人,,,,45,45,45,0,100.00%,0.00%
20260127,12,麥智維,999,動漫戲說,6069,CF-300*250-首頁-動漫戲說,,,,90,90,63,27,70.00%,30.00%
20260127,12,吳慧玲,2082,宅女懶懶子,8074,CF-內文中間_x0008_-300x250-宅女懶懶子,,,,7,7,4,3,57.14%,42.86%
20260127,12,精鏡傳媒股份有限公司,1060,鏡週刊,8250,MW_置底創意(非展開)_鏡週刊,,知名媒體,,90,90,86,4,95.56%,4.44%
20260127,12,臺灣電視事業股份有限公司,52,台視,8313,PC-300x250_內文第一塊_台視財經,,知名媒體,,25,25,20,5,80.00%,20.00%
20260127,12,巧克科技新媒體股份有限公司,2127,LINE TV_Banner-exchange,8576,CF_336x280_戲劇-右側好康資訊下方_LINE TV-exchange,,知名媒體,,194,194,175,19,90.21%,9.79%
20260127,12,巧克科技新媒體股份有限公司,2127,LINE TV_Banner-exchange,8577,CF_336x280_戲劇-右側好康資訊上方_LINE TV-exchange,,知名媒體,,296,296,266,30,89.86%,10.14%
20260127,12,鳳梨傳媒股份有限公司,2190,民視新聞網-Exchange,8862,CF_970X90_分類新聞內頁上方_民視新聞(MCM),,知名媒體,,6,6,6,0,100.00%,0.00%
20260127,12,見聞科技有限公司,2251,就是節目表,9233,MW-300x250-節目表文中-就是節目表,,,,19,19,16,3,84.21%,15.79%
20260127,12,冰楓科技有限公司,1711,冰楓短網址,9307,CF-300X250-跳轉頁下方-冰楓短網址,,,,6,6,6,0,100.00%,0.00%
20260127,13,英屬維京群島商浩美數位有限公司台灣分公司,2315,Teepr亮新聞-exchange,10012,CF_336x280Banner_Teepr亮新聞-exchange,,知名媒體,,"1,210","1,210","1,175",35,97.11%,2.89%
20260127,13,昱得資訊工作室,2528,數位書香,11080,CF_728x90_首頁上方_數位書香,antifroud,,,14,14,14,0,100.00%,0.00%
20260127,13,昱得資訊工作室,2528,數位書香,11081,CF_160x600_首頁右側_數位書香,antifroud,,,409,409,408,1,99.76%,0.24%
20260127,13,第一網站股份有限公司,2518,麻辣家族討論區(twbts),11082,CF-728X90-twbts,antifroud,,,842,842,839,3,99.64%,0.36%
20260127,13,第一網站股份有限公司,2601,Meme梗圖倉庫,11443,CF-336X280-meme,,,,925,925,859,66,92.86%,7.14%
20260127,13,艾得基客行銷顧問股份有限公司,2578,鉅亨網,12070,MW_320x480_文中創意_鉅亨網,,知名媒體,,"11,903","11,903","11,671",232,98.05%,1.95%
20260127,13,冰楓科技有限公司,1710,冰楓論壇,12511,MW_300x250_Banner_冰楓論壇-exchange,,,,12,12,9,3,75.00%,25.00%
20260127,13,時報資訊股份有限公司,2770,中時電子報_HB,12559,CF_300x250_右側互動看版_中時電子報_HB,,知名媒體,,523,523,422,101,80.69%,19.31%
20260127,13,時報資訊股份有限公司,2770,中時電子報_HB,12560,CF_336x280_文中看板_中時電子報_HB,,知名媒體,,498,498,405,93,81.33%,18.67%
20260127,13,時報資訊股份有限公司,2770,中時電子報_HB,12561,MW_300x250_內頁TOP Banner_中時電子報_HB,antifroud,知名媒體,,981,981,870,111,88.69%,11.31%
20260127,13,第一網站股份有限公司,2768,czbooks,12570,CF_728x90_banner_czbooks,,,,"61,939","61,939","34,877","27,062",56.31%,43.69%
20260127,13,鳳梨傳媒股份有限公司,2190,民視新聞網-Exchange,12579,CF_300x250_右側第一塊_民視新聞網-Exchange(RWD)(MCM),,知名媒體,,"3,648","3,648","3,450",198,94.57%,5.43%
20260127,13,鳳梨傳媒股份有限公司,2190,民視新聞網-Exchange,12580,CF_300x250_內文文中左側_民視新聞網-Exchange(RWD)(MCM),,知名媒體,,"3,889","3,889","3,586",303,92.21%,7.79%
20260127,13,第一網站股份有限公司,2783,漫畫櫃manhuagui,12676,CF_728X90_manhuagui,antifroud,,,"33,148","33,148","26,866","6,282",81.05%,18.95%
20260127,13,艾得基客行銷顧問股份有限公司,2635,工商時報,12761,MW_320x480_文中創意_工商時報new,,知名媒體,,22,22,19,3,86.36%,13.64%
20260127,13,第一網站股份有限公司,2801,damanwoo,12868,CF-300x250_Banner_damanwoo_大人物,,,,30,30,30,0,100.00%,0.00%
20260127,13,第一網站股份有限公司,2820,星座好朋友(horofriend88),12966,MW_320x100_horofriend88,antifroud,,,24,24,24,0,100.00%,0.00%
20260127,13,時報資訊股份有限公司,2335,中時電子報_2019,12974,MW-置底創意(展開)-中時電子報_2019,antifroud,知名媒體,,54,54,48,6,88.89%,11.11%
20260127,13,第一網站股份有限公司,2836,vivi01,13032,MW_置底創意_vivi01 ViVi視頻,,,,18,18,14,4,77.78%,22.22%
20260127,13,第一網站股份有限公司,2838,mycard,13041,MW_320x480_加倍mycard,,,,35,35,0,35,0.00%,100.00%
20260127,13,第一網站股份有限公司,2862,Manhuaren,13254,MW_320x100_banner_manhuaren,,,,6,6,6,0,100.00%,0.00%
20260127,13,曾憲敏,202,85小說網,13445,MW_336X280_全量1_85小說網,,,,402,402,294,108,73.13%,26.87%
20260127,13,曾憲敏,202,85小說網,13446,MW_336X280_全量2_85小說網,,,,"3,306","3,306","2,547",759,77.04%,22.96%
20260127,13,曾憲敏,601,85小說網_PC,13450,(子)CF_336x280_全量2_85小說網,,,子聯播網,198,198,133,65,67.17%,32.83%
20260127,13,第一網站股份有限公司,2768,czbooks,13482,(子)CF_300x600_banner_czbooks(限時段),,,子聯播網,30,30,16,14,53.33%,46.67%
20260127,13,第一網站股份有限公司,2768,czbooks,13483,(子)CF_970x250_banner_czbooks(限時段),,,子聯播網,32,32,16,16,50.00%,50.00%
20260127,13,第一網站股份有限公司,2910,clickme,13548,(子)CF_300x250_banner_clickme(一般),,,子聯播網,187,187,159,28,85.03%,14.97%
20260127,13,第一網站股份有限公司,2910,clickme,13549,CF_300x250_banner_clickme(一般),,,,752,752,620,132,82.45%,17.55%
20260127,13,第一網站股份有限公司,2916,KiKiNote,13576,(子)CF_300x250_banner_kikinote,,知名媒體,子聯播網,"1,228","1,228","1,159",69,94.38%,5.62%
20260127,13,闇碼科技股份有限公司,2992,縮短網址產生器-reurl-exchange,13848,CF_300x250_轉址失敗_最右邊_reurl,,知名媒體,,6,6,4,2,66.67%,33.33%
20260127,13,闇碼科技股份有限公司,2992,縮短網址產生器-reurl-exchange,13861,CF_300x250_網址下方右側(PB)_reurl,,知名媒體,,12,12,11,1,91.67%,8.33%
20260127,13,第一網站股份有限公司,2768,czbooks,13903,(子)CF_300x250_banner_czbooks(直播),antifroud,,子聯播網,758,758,456,302,60.16%,39.84%
20260127,13,第一網站股份有限公司,2768,czbooks,14036,MW_320x480_CZBOOKS,antifroud,,,102,102,62,40,60.78%,39.22%
20260127,13,陳人鳳,480,飛格寵物家族_PC,1407,CF-728X90_上方通欄_飛格寵物家族,,,,12,12,8,4,66.67%,33.33%
20260127,13,陳人鳳,480,飛格寵物家族_PC,1408,CF-300X250_內文_飛格寵物家族,,,,28,28,18,10,64.29%,35.71%
20260127,13,飛凡傳播股份有限公司,1921,非凡新聞台-exchange,14188,MW_300x250_內文上方_非凡新聞-exchange,antifroud,知名媒體,,6,6,6,0,100.00%,0.00%
20260127,13,闇碼科技股份有限公司,3048,縮短網址產生器-reurl,14210,MW_文中創意300x250_縮短網址產生器-reurl,,知名媒體,,242,242,135,107,55.79%,44.21%
20260127,13,巨思文化股份有限公司,3053,數位時代_HB,14246,MW_300x250_文章結束第一塊_數位時代-HB,,知名媒體,,6,6,5,1,83.33%,16.67%
20260127,13,鳳梨傳媒股份有限公司,2896,四季線上影視-Mobile,14247,MW_文中創意320x480_四季線上影視-Mobile,,知名媒體,,6,6,6,0,100.00%,0.00%
20260127,13,富盈數據股份有限公司,3059,塔科女子,14258,CF_336x280_全網_塔科女子,,知名媒體,,19,19,13,6,68.42%,31.58%
20260127,13,CBROOT LTD,3003,包子漫畫-exchange,14291,MW_300x250_蓋板(PB)_包子漫畫,,,,248,248,196,52,79.03%,20.97%
20260127,13,朱光宁,3152,石頭小說-exchange,14472,MW_336x280_Banner_石頭小說,,,,277,277,174,103,62.82%,37.18%
20260127,13,朱光宁,3149,稷下書院-exchange,14748,MW_320x100_置底(PB)_稷下書院,,,,"29,419","29,419","14,789","14,630",50.27%,49.73%
20260127,13,巨思文化股份有限公司,3053,數位時代_HB,14764,MW_置底創意_(非展開)_數位時代_HB,,知名媒體,,437,437,370,67,84.67%,15.33%
20260127,13,中天電視股份有限公司,3282,中天新聞網-exchange,14980,CF_970x250_內頁_PC置頂橫幅-中天新聞網-exchange,,知名媒體,,150,150,109,41,72.67%,27.33%
20260127,13,曾憲敏,3327,85小說網_創意,15227,MW-300X250_85小說網_隨身影音PB,,,,50,50,41,9,82.00%,18.00%
20260127,13,曾憲敏,3327,85小說網_創意,15228,MW-創意-85小說網,,,,70,70,52,18,74.29%,25.71%
20260127,13,千晶文化事業股份有限公司,3336,Beauty 美人圈,15254,MW_置底創意(非展開)_ Beauty 美人圈,,知名媒體,,"1,267","1,267","1,253",14,98.90%,1.10%
20260127,13,中天電視股份有限公司,3282,中天新聞網-exchange,15859,CF_336x280_內頁_PC右側互動看板B-中天新聞網-exchange,,知名媒體,,930,930,798,132,85.81%,14.19%
20260127,13,CBROOT LTD,3352,西瓜卡通-exchange,15970,CF_160x600_影音內容_西瓜卡通-exchange,,,,6,6,6,0,100.00%,0.00%
20260127,13,時報資訊股份有限公司,2817,旺得富,16911,CF_300x250_Billboard_2nd_旺得富,,知名媒體,,6,6,6,0,100.00%,0.00%
20260127,13,朱光宁,3360,提莫書屋-exchange,16957,MW_336x280banner_提莫書屋_exchange,,,,"17,333","17,333","12,741","4,592",73.51%,26.49%
20260127,13,朱光宁,3361,提莫書屋-mobile,16959,MW_320x480_文中創意_提莫書屋-mobile,,,,68,68,51,17,75.00%,25.00%
20260127,13,欣發現股份有限公司,3365,Hami任務牆-mobile,16969,MW_置底創意_Hami任務牆,,知名媒體,,38,38,30,8,78.95%,21.05%
20260127,13,欣發現股份有限公司,3364,女子學-mobile,16972,MW_置底創意_女子學,antifroud,,,102,102,102,0,100.00%,0.00%
20260127,13,欣發現股份有限公司,3363,大人物-mobile,16973,MW_置底創意_大人物,,知名媒體,,31,31,26,5,83.87%,16.13%
20260127,13,第一網站股份有限公司,2783,漫畫櫃manhuagui,17027,MW_320x480_蓋版_漫畫櫃manhuagui,,,,134,134,118,16,88.06%,11.94%
20260127,13,艾得基客行銷顧問股份有限公司,3373,良醫健康網,17092,MW_置底創意_良醫健康網,,知名媒體,,36,36,36,0,100.00%,0.00%
20260127,13,詠勝科技有限公司,3385,Mobile01_HB,17179,CF_300x250_熱門大看板_Mobile01_HB,,知名媒體,,275,275,186,89,67.64%,32.36%
20260127,13,詠勝科技有限公司,3385,Mobile01_HB,17180,CF_300x250_置底看板左_Mobile01_HB,,知名媒體,,60,60,41,19,68.33%,31.67%
20260127,13,詠勝科技有限公司,3385,Mobile01_HB,17181,CF_300x250_置底看板中_Mobile01_HB,,知名媒體,,102,102,82,20,80.39%,19.61%
20260127,13,詠勝科技有限公司,3385,Mobile01_HB,17182,CF_300x250_置底看板右_Mobile01_HB,,知名媒體,,12,12,4,8,33.33%,66.67%
20260127,13,朱光宁,3268,稷下書院-mobile,17207,MW_320x480_蓋版_稷下書院-mobile,,,,"1,047","1,047",588,459,56.16%,43.84%
20260127,13,中華電視股份有限公司,3389,華視-mobile,17230,MW_置底創意(非展開)_華視-mobile,,知名媒體,,24,24,24,0,100.00%,0.00%
20260127,13,李立娟,3395,vivi0視頻-exchange,17293,CF_336x280_Banner_vivi01視頻-exchange,antifroud,,,"42,826","42,826","39,372","3,454",91.93%,8.07%
20260127,13,李立娟,3395,vivi0視頻-exchange,17294,MW_336x280_Banner_vivi01視頻-exchange,antifroud,,,"44,629","44,629","41,290","3,339",92.52%,7.48%
20260127,13,李立娟,3395,vivi0視頻-exchange,17299,MW_300x250_蓋板(PB)-vivi01視頻-exchange,,,,12,12,7,5,58.33%,41.67%
20260127,13,李立娟,3395,vivi0視頻-exchange,17300,MW_320x100_置底(PB)_vivi01視頻-exchange,antifroud,,,"69,420","69,420","64,856","4,564",93.43%,6.57%
20260127,13,李立娟,3397,趣聞圖說-exchange,17309,MW_336x280_文中Banner_趣聞圖說-exchange,,,,6,6,1,5,16.67%,83.33%
20260127,13,曾憲敏,601,85小說網_PC,1773,CF-300x250_85小說網_內文1,,,,281,281,178,103,63.35%,36.65%
20260127,13,李立娟,3396,趣聞圖說-Mobile,17923,MW_置底創意(展開)_趣聞圖說-Mobile,,,,86,86,77,9,89.53%,10.47%
20260127,13,第一網站股份有限公司,2768,czbooks,17927,MW_置底創意_czbook,,,,"5,385","5,385","3,237","2,148",60.11%,39.89%
20260127,13,時報資訊股份有限公司_工商時報,3427,工商時報-exchange,18003,CF_300x250_互動看板2_工商時報-exchange,,知名媒體,,8,8,7,1,87.50%,12.50%
20260127,13,時報資訊股份有限公司_工商時報,3427,工商時報-exchange,18014,MW_300x250_文末Banner1_工商時報-exchange,,知名媒體,,52,52,47,5,90.38%,9.62%
20260127,13,時報資訊股份有限公司_工商時報,3427,工商時報-exchange,18015,MW_300x250_文末Banner2_工商時報-exchange,,知名媒體,,155,155,149,6,96.13%,3.87%
20260127,13,第一網站股份有限公司,3440,fsa_passback_first,18201,CF_336x280_fsa_passback_first,,,,922,922,713,209,77.33%,22.67%
20260127,13,第一網站股份有限公司,3440,fsa_passback_first,18202,CF_300x250_fsa_passback_first,,,,"4,561","4,561","3,406","1,155",74.68%,25.32%
20260127,13,第一網站股份有限公司,3440,fsa_passback_first,18266,(子)CF_970x250_cfbanner_blog,,,子聯播網,284,284,255,29,89.79%,10.21%
20260127,13,莊博凱,3455,夢遊電玩,18269,300x250 Banner,,,,18,18,15,3,83.33%,16.67%
20260127,13,朱光宁,3268,稷下書院-mobile,18297,MW_置底創意(展開)_稷下書院-mobile,,,,138,138,71,67,51.45%,48.55%
20260127,13,冰楓科技有限公司,3485,冰楓論壇-exchange,18487,CF_970x90_內文上方第一塊_冰楓論壇-exchange,,,,955,955,806,149,84.40%,15.60%
20260127,13,冰楓科技有限公司,3485,冰楓論壇-exchange,18488,MW_320x100_內文上方第一塊_ 冰楓論壇-exchange,antifroud,,,91,91,83,8,91.21%,8.79%
20260127,13,冰楓科技有限公司,3485,冰楓論壇-exchange,18492,MW_300x250_Banner_ 冰楓論壇-exchange,,,,438,438,392,46,89.50%,10.50%
20260127,13,闇碼科技股份有限公司,3048,縮短網址產生器-reurl,18535,MW_蓋版_縮短網址產生器-reurl,,知名媒體,,18,18,17,1,94.44%,5.56%
20260127,13,CBROOT LTD,3492,包子漫畫(特開流量)-exchange,18544,(子)CF_300x600_指定流量_包子漫畫(特開流量)-exchange,,,子聯播網,12,12,10,2,83.33%,16.67%
20260127,13,CBROOT LTD,3510,包子漫畫_twmanga-exchange,18737,CF_970x90_Banner_ 包子漫畫_twmanga-exchange,,,,40,40,35,5,87.50%,12.50%
20260127,13,闇碼科技股份有限公司,2992,縮短網址產生器-reurl-exchange,18877,MW_首頁連結bar下方_縮短網址產生器-reurl-exchange,,知名媒體,,6,6,6,0,100.00%,0.00%
20260127,13,舒禾驊,3535,荷花動漫筆記,18887,CF_336x280_文章頁文中_荷花動漫筆記,,,,6,6,3,3,50.00%,50.00%
20260127,13,台灣英文新聞股份有限公司,3537,台灣英文新聞(new)-exchange,18924,CF_300x250_內容頁_右側看版_1_台灣英文新聞(new)-exchange,,知名媒體,,26,26,10,16,38.46%,61.54%
20260127,13,台灣英文新聞股份有限公司,3537,台灣英文新聞(new)-exchange,18925,CF_300x600_內容頁_右側看版_2_台灣英文新聞(new)-exchange,,知名媒體,,6,6,6,0,100.00%,0.00%
20260127,13,艾得基客行銷顧問股份有限公司,3490,太報,19043,MW_置底創意(展開)_太報,,知名媒體,,261,261,252,9,96.55%,3.45%
20260127,13,艾得基客行銷顧問股份有限公司,3552,玩具人,19044,MW_320x480_文中創意_玩具人,,知名媒體,,47,47,42,5,89.36%,10.64%
20260127,13,第一網站股份有限公司,2783,漫畫櫃manhuagui,20685,MW_300X250_manhuagui,antifroud,,,"6,111","6,111","5,120",991,83.78%,16.22%
20260127,13,德榕企業有限公司,3577,TW Bodhi,20705,(子)CF_336x280_文章頁(RWD)_TW Bodhi,antifroud,,子聯播網,12,12,12,0,100.00%,0.00%
20260127,13,德榕企業有限公司,3578,TW Bodhi_mobile,20707,MW_置底創意_TW Bodhi,,,,18,18,18,0,100.00%,0.00%
20260127,13,德榕企業有限公司,3578,TW Bodhi_mobile,20708,MW_蓋板_TW Bodhi,,,,232,232,232,0,100.00%,0.00%
20260127,13,德榕企業有限公司,3578,TW Bodhi_mobile,20719,MW_文中創意300x250_TW Bodhi,,,,6,6,6,0,100.00%,0.00%
20260127,13,德榕企業有限公司,3581,忘憂書屋,20727,CF_336x280文章頁(RWD)_忘憂書屋,,,,54,54,54,0,100.00%,0.00%
20260127,13,德榕企業有限公司,3582,忘憂書屋_mobile,20728,MW_文中創意300x250_忘憂書屋,,,,68,68,68,0,100.00%,0.00%
20260127,13,德榕企業有限公司,3582,忘憂書屋_mobile,20729,MW_蓋板_忘憂書屋,,,,12,12,12,0,100.00%,0.00%
20260127,13,德榕企業有限公司,3582,忘憂書屋_mobile,20730,MW_置底創意_忘憂書屋,,,,32,32,32,0,100.00%,0.00%
20260127,13,第一網站股份有限公司,2916,KiKiNote,20731,CF_300x250_banner_kikinote (PB),,知名媒體,,26,26,23,3,88.46%,11.54%
20260127,13,第一網站股份有限公司,2910,clickme,20735,(子)CF_300x250_banner_clickme(成人),,,子聯播網,"5,649","5,649","5,182",467,91.73%,8.27%
20260127,13,第一網站股份有限公司,3440,fsa_passback_first,21699,CF_336x280_fsa_passback_first,,,,"1,555","1,555","1,219",336,78.39%,21.61%
20260127,13,富盈數據股份有限公司,3653,TVBS-女人我最大_HB,21760,MW_文章三_336x280_TVBS-女人我最大_HB,,知名媒體,,86,86,86,0,100.00%,0.00%
20260127,13,富盈數據股份有限公司,3653,TVBS-女人我最大_HB,21761,MW_文章四_336x280_TVBS-女人我最大_HB,,知名媒體,,965,965,941,24,97.51%,2.49%
20260127,13,富盈數據股份有限公司,3653,TVBS-女人我最大_HB,21763,MW_文中創意320x480_TVBS-女人我最大_HB,,知名媒體,,551,551,542,9,98.37%,1.63%
20260127,13,富盈數據股份有限公司,3654,TVBS-健康2.0_HB,21765,MW_文章三_336x280_TVBS-健康2.0_HB,,知名媒體,,68,68,45,23,66.18%,33.82%
20260127,13,富盈數據股份有限公司,3654,TVBS-健康2.0_HB,21768,MW_文中創意320x480_TVBS-健康2.0_HB,,知名媒體,,"7,588","7,588","6,793",795,89.52%,10.48%
20260127,13,富盈數據股份有限公司,3655,TVBS-食尚玩家_HB,21770,MW_文章三_336x280_TVBS-食尚玩家_HB,,知名媒體,,32,32,28,4,87.50%,12.50%
20260127,13,富盈數據股份有限公司,3655,TVBS-食尚玩家_HB,21773,MW_文中創意320x480_TVBS-食尚玩家_HB,,知名媒體,,490,490,416,74,84.90%,15.10%
20260127,13,富盈數據股份有限公司,3654,TVBS-健康2.0_HB,21812,MW_文章一_336x280_TVBS-健康2.0_HB,,知名媒體,,117,117,98,19,83.76%,16.24%
20260127,13,儂儂雜誌社股份有限公司(bella儂儂),2135,Bella儂儂_2024,21876,MW-300x250_文章標題上方1_Bella儂儂,,知名媒體,,138,138,130,8,94.20%,5.80%
20260127,13,富盈數據股份有限公司,3680,TVBS-新聞網_HB,21898,CF_文章右側300x600_TVBS-新聞網_HB,,知名媒體,,26,26,25,1,96.15%,3.85%
20260127,13,富盈數據股份有限公司,3680,TVBS-新聞網_HB,21899,MW_文章一_336x280_TVBS-新聞網_HB,,知名媒體,,"4,259","4,259","3,694",565,86.73%,13.27%
20260127,13,富盈數據股份有限公司,3680,TVBS-新聞網_HB,21900,MW_文章三_336x280_TVBS-新聞網_HB,,知名媒體,,715,715,678,37,94.83%,5.17%
20260127,13,富盈數據股份有限公司,3680,TVBS-新聞網_HB,21902,MW_文章置底_320x100_TVBS-新聞網_HB,,知名媒體,,"3,442","3,442","3,004",438,87.27%,12.73%
20260127,13,富盈數據股份有限公司,3684,稅美人_mobile,21923,MW_置底創意(非展開)_稅美人-mobile,,,,60,60,33,27,55.00%,45.00%
20260127,13,富盈數據股份有限公司,3685,玩桌遊_mobile,21924,MW_置底創意(非展開)_玩桌遊-mobile,,,,140,140,116,24,82.86%,17.14%
20260127,13,富盈數據股份有限公司,2615,熱血台中,21986,CF_336x280_全網_熱血台中,,,,12,12,12,0,100.00%,0.00%
20260127,13,富盈數據股份有限公司,2615,熱血台中,21987,CF_336x280_全網_熱血台中,,,,36,36,30,6,83.33%,16.67%
20260127,13,富盈數據股份有限公司,3704,天天要聞,22030,CF_300 x 250 banner_天天要聞_cpc2,,,,842,842,427,415,50.71%,49.29%
20260127,13,富盈數據股份有限公司,3703,繁體小說,22031,CF_300 x 250 banner_繁體小說_cpc2,,,,58,58,44,14,75.86%,24.14%
20260127,13,朱光宁,3708,石頭小說,22045,CF_336 x 280 banner_石頭小說_cpc1.67,antifroud,,,"66,028","66,028","31,513","34,515",47.73%,52.27%
20260127,13,冠妍動力科技有限公司,484,小老婆汽機車資訊網,22058,MW_文中創意320x480_小老婆汽機車資訊網-測試,,知名媒體,,6,6,1,5,16.67%,83.33%
20260127,13,朱光宁,3718,稷下書院2,22093,CF_336 x 280 banner_稷下書院2_cpc1.67,antifroud,,,"68,425","68,425","35,948","32,477",52.54%,47.46%
20260127,13,富盈數據股份有限公司,3680,TVBS-新聞網_HB,22131,CF_文中300x250_TVBS-新聞網_HB_1,,知名媒體,,6,6,6,0,100.00%,0.00%
20260127,13,富盈數據股份有限公司,3680,TVBS-新聞網_HB,22132,CF_文中300x250_TVBS-新聞網_HB_2,,知名媒體,,24,24,21,3,87.50%,12.50%
20260127,13,富盈數據股份有限公司,3680,TVBS-新聞網_HB,22133,CF_文中300x250_TVBS-新聞網_HB_3,,知名媒體,,126,126,108,18,85.71%,14.29%
20260127,13,格上汽車租賃股份有限公司,1975,行遍天下,22135,MW_置底創意(非展開)_行遍天下-mobile,,知名媒體,,6,6,0,6,0.00%,100.00%
20260127,13,富盈數據股份有限公司,3730,Teepr 亮新聞 HB,22145,MW_336x280_文中創意_Teepr亮新聞 HB,,,,6,6,6,0,100.00%,0.00%
20260127,13,冰楓科技有限公司,3485,冰楓論壇-exchange,22160,CF_300x250_Banner2_ 冰楓論壇-exchange,,,,18,18,15,3,83.33%,16.67%
20260127,13,闇碼科技股份有限公司,3048,縮短網址產生器-reurl,22213,MW_蓋版_縮短網址產生器-reurl-2025.05(特殊供量),,知名媒體,,247,247,141,106,57.09%,42.91%
20260127,13,艾得基客行銷顧問股份有限公司,3724,上報,22217,MW_置底創意(非展開)_上報,,知名媒體,,"2,579","2,579","2,525",54,97.91%,2.09%
20260127,13,艾得基客行銷顧問股份有限公司,3724,上報,22218,MW_置底(展開)_上報,,知名媒體,,983,983,965,18,98.17%,1.83%
20260127,13,艾得基客行銷顧問股份有限公司,2689,Basketball Top5,22219,MW_置底(展開)_Basketball TOP5,,,,190,190,190,0,100.00%,0.00%
20260127,13,欣發現股份有限公司,3363,大人物-mobile,22222,MW_蓋板_大人物,,知名媒體,,43,43,38,5,88.37%,11.63%
20260127,13,艾得基客行銷顧問股份有限公司,3738,痞客邦,22226,MW_文章頁-置底-痞客邦,,知名媒體,,6,6,4,2,66.67%,33.33%
20260127,13,朱光宁,3741,石頭小說3,22396,MW_置底_石頭小說3,,,,30,30,18,12,60.00%,40.00%
20260127,13,朱光宁,3741,石頭小說3,22398,CF_336 x 280 banner_石頭小說3_cpc1.67,,,,"11,964","11,964","6,861","5,103",57.35%,42.65%
20260127,13,朱光宁,3741,石頭小說3,22399,CF_320 x 480 橫幅_石頭小說3,,,,20,20,13,7,65.00%,35.00%
20260127,13,艾得基客行銷顧問股份有限公司,3724,上報,22405,MW_蓋版_上報,,知名媒體,,289,289,284,5,98.27%,1.73%
20260127,13,闇碼科技股份有限公司,3068,限時圖片-imgus,22406,MW_置底_imgus,antifroud,,,51,51,49,2,96.08%,3.92%
20260127,13,第一網站股份有限公司,2783,漫畫櫃manhuagui,22443,MW_置底_manhuagui,antifroud,,,"4,645","4,645","4,236",409,91.19%,8.81%
20260127,13,艾得基客行銷顧問股份有限公司,3490,太報,22495,MW_300x250 BANNER_太報_CPM5,,知名媒體,子聯播網,12,12,11,1,91.67%,8.33%
20260127,13,艾得基客行銷顧問股份有限公司,2689,Basketball Top5,22498,MW_300x250 Banner_Basketball TOP5_CPM5,,,子聯播網,315,315,312,3,99.05%,0.95%
20260127,13,艾得基客行銷顧問股份有限公司,2578,鉅亨網,22507,MW_300x250_鉅亨網_直播用BN-1,,知名媒體,子聯播網,793,793,774,19,97.60%,2.40%
20260127,13,艾得基客行銷顧問股份有限公司,3752,ＭoneyDJ,22514,MW_文中創意320x480_MoneyDJ,antifroud,知名媒體,,102,102,95,7,93.14%,6.86%
20260127,13,艾得基客行銷顧問股份有限公司,3752,ＭoneyDJ,22515,MW_300x250 BANNER_MoneyDJ,antifroud,知名媒體,,6,6,5,1,83.33%,16.67%
20260127,13,李承翰-webptt,718,Web批踢踢(RWD),2284,MW-蓋板_文中_Web批踢踢,antifroud,,,26,26,17,9,65.38%,34.62%
20260127,13,麥智維,999,動漫戲說,3543,CF-728*90-內文上方-動漫戲說,antifroud,,,136,136,91,45,66.91%,33.09%
20260127,13,蔡建磊,1269,跑跑資訊站,4622,CF-300X250-內文右側-跑跑資訊站,,,,6,6,6,0,100.00%,0.00%
20260127,13,肖偉彬,1287,紅櫻桃小說書庫,4678,CF-內文上方-300*250-紅櫻桃小說書庫,,,,20,20,14,6,70.00%,30.00%
20260127,13,肖偉彬,1287,紅櫻桃小說書庫,4717,MW_文中創意300x250_紅櫻桃小說書庫,,,,6,6,4,2,66.67%,33.33%
20260127,13,技達創意資訊有限公司,1299,泰好網,4734,MW-320*100-首頁、內文上方-泰好網,,,,6,6,6,0,100.00%,0.00%
20260127,13,侯皓及,1346,3C老實說 · 氣象部落客勞倫斯,4920,MW-300x250-內文中間-3C老實說.氣象部落客勞倫斯,,,,6,6,0,6,0.00%,100.00%
20260127,13,陈晋福,1367,電視超人,4997,CF-300X250-電視超人,,,,12,12,12,0,100.00%,0.00%
20260127,13,麥智維,999,動漫戲說,6069,CF-300*250-首頁-動漫戲說,,,,30,30,27,3,90.00%,10.00%
20260127,13,莊博凱,1676,夢遊電玩-exchange,6310,CF-160*600-網頁右側-夢遊電玩-exchange,,,,6,6,4,2,66.67%,33.33%
20260127,13,精鏡傳媒股份有限公司,1060,鏡週刊,8249,MW_置底創意(展開)_鏡週刊,,知名媒體,,6,6,6,0,100.00%,0.00%
20260127,13,精鏡傳媒股份有限公司,1060,鏡週刊,8250,MW_置底創意(非展開)_鏡週刊,,知名媒體,,"1,236","1,236","1,051",185,85.03%,14.97%
20260127,13,臺灣電視事業股份有限公司,52,台視,8313,PC-300x250_內文第一塊_台視財經,,知名媒體,,40,40,29,11,72.50%,27.50%
20260127,13,布林遊國際有限公司,1692,Bring You,8393,CF-300X250-上方通欄右側_BringYou,,知名媒體,,6,6,6,0,100.00%,0.00%
20260127,13,巧克科技新媒體股份有限公司,2127,LINE TV_Banner-exchange,8576,CF_336x280_戲劇-右側好康資訊下方_LINE TV-exchange,,知名媒體,,66,66,60,6,90.91%,9.09%
20260127,13,巧克科技新媒體股份有限公司,2127,LINE TV_Banner-exchange,8577,CF_336x280_戲劇-右側好康資訊上方_LINE TV-exchange,,知名媒體,,77,77,68,9,88.31%,11.69%
20260127,13,鳳梨傳媒股份有限公司,2190,民視新聞網-Exchange,8862,CF_970X90_分類新聞內頁上方_民視新聞(MCM),,知名媒體,,6,6,3,3,50.00%,50.00%
20260127,13,見聞科技有限公司,2251,就是節目表,9233,MW-300x250-節目表文中-就是節目表,,,,12,12,12,0,100.00%,0.00%
20260127,13,冰楓科技有限公司,2289,BFFile,9576,CF-300X600-下載頁上方-BFFile,,,,6,6,6,0,100.00%,0.00%
20260127,14,英屬維京群島商浩美數位有限公司台灣分公司,2315,Teepr亮新聞-exchange,10012,CF_336x280Banner_Teepr亮新聞-exchange,,知名媒體,,789,789,756,33,95.82%,4.18%
20260127,14,第一網站股份有限公司,2300,keketravel,10594,(子)CF_336x280_keketravel,,,子聯播網,8,8,8,0,100.00%,0.00%
20260127,14,昱得資訊工作室,2528,數位書香,11080,CF_728x90_首頁上方_數位書香,antifroud,,,116,116,111,5,95.69%,4.31%
20260127,14,昱得資訊工作室,2528,數位書香,11081,CF_160x600_首頁右側_數位書香,antifroud,,,"1,052","1,052","1,044",8,99.24%,0.76%
20260127,14,第一網站股份有限公司,2518,麻辣家族討論區(twbts),11082,CF-728X90-twbts,antifroud,,,"1,162","1,162","1,104",58,95.01%,4.99%
20260127,14,第一網站股份有限公司,2540,risu短網址,11260,MW-300X250-MB_page_left-risu,,知名媒體,,18,18,14,4,77.78%,22.22%
20260127,14,第一網站股份有限公司,2492,ttshow,11273,MW-300X250-ttshow,,知名媒體,,12,12,12,0,100.00%,0.00%
20260127,14,第一網站股份有限公司,2601,Meme梗圖倉庫,11443,CF-336X280-meme,,,,"1,368","1,368","1,250",118,91.37%,8.63%
20260127,14,艾得基客行銷顧問股份有限公司,2578,鉅亨網,12070,MW_320x480_文中創意_鉅亨網,,知名媒體,,"9,664","9,664","9,515",149,98.46%,1.54%
20260127,14,葉志斌,2745,繁中寶可夢卡表生成器-奶爸工作室-exchange,12210,CF_728x90__文末__繁中寶可夢卡表生成器,,,,12,12,12,0,100.00%,0.00%
20260127,14,第一網站股份有限公司,2540,risu短網址,12496,CF_300x250_popup(直播) _risu短網址,antifroud,知名媒體,,6,6,6,0,100.00%,0.00%
20260127,14,時報資訊股份有限公司,2770,中時電子報_HB,12559,CF_300x250_右側互動看版_中時電子報_HB,,知名媒體,,634,634,501,133,79.02%,20.98%
20260127,14,時報資訊股份有限公司,2770,中時電子報_HB,12560,CF_336x280_文中看板_中時電子報_HB,,知名媒體,,603,603,473,130,78.44%,21.56%
20260127,14,時報資訊股份有限公司,2770,中時電子報_HB,12561,MW_300x250_內頁TOP Banner_中時電子報_HB,antifroud,知名媒體,,"1,025","1,025",846,179,82.54%,17.46%
20260127,14,第一網站股份有限公司,2768,czbooks,12570,CF_728x90_banner_czbooks,,,,"46,389","46,389","26,254","20,135",56.60%,43.40%
20260127,14,鳳梨傳媒股份有限公司,2190,民視新聞網-Exchange,12579,CF_300x250_右側第一塊_民視新聞網-Exchange(RWD)(MCM),,知名媒體,,"2,231","2,231","2,146",85,96.19%,3.81%
20260127,14,鳳梨傳媒股份有限公司,2190,民視新聞網-Exchange,12580,CF_300x250_內文文中左側_民視新聞網-Exchange(RWD)(MCM),,知名媒體,,"2,077","2,077","1,961",116,94.42%,5.58%
20260127,14,第一網站股份有限公司,2783,漫畫櫃manhuagui,12676,CF_728X90_manhuagui,antifroud,,,"40,300","40,300","34,316","5,984",85.15%,14.85%
20260127,14,艾得基客行銷顧問股份有限公司,2635,工商時報,12761,MW_320x480_文中創意_工商時報new,,知名媒體,,18,18,18,0,100.00%,0.00%
20260127,14,金隼行銷股份有限公司,2786,91譜,12792,MW_置底創意_91譜,,知名媒體,,6,6,5,1,83.33%,16.67%
20260127,14,第一網站股份有限公司,2801,damanwoo,12868,CF-300x250_Banner_damanwoo_大人物,,,,32,32,31,1,96.88%,3.12%
20260127,14,第一網站股份有限公司,2820,星座好朋友(horofriend88),12966,MW_320x100_horofriend88,antifroud,,,572,572,546,26,95.45%,4.55%
20260127,14,時報資訊股份有限公司,2335,中時電子報_2019,12974,MW-置底創意(展開)-中時電子報_2019,antifroud,知名媒體,,6,6,5,1,83.33%,16.67%
20260127,14,第一網站股份有限公司,2836,vivi01,13032,MW_置底創意_vivi01 ViVi視頻,,,,24,24,24,0,100.00%,0.00%
20260127,14,第一網站股份有限公司,2838,mycard,13041,MW_320x480_加倍mycard,,,,19,19,0,19,0.00%,100.00%
20260127,14,和運租車股份有限公司,2878,abc好車網,13368,CF_970x90_物件頁下方_abc好車網,,知名媒體,,6,6,5,1,83.33%,16.67%
20260127,14,曾憲敏,202,85小說網,13445,MW_336X280_全量1_85小說網,,,,318,318,240,78,75.47%,24.53%
20260127,14,曾憲敏,202,85小說網,13446,MW_336X280_全量2_85小說網,,,,"2,596","2,596","2,066",530,79.58%,20.42%
20260127,14,曾憲敏,601,85小說網_PC,13450,(子)CF_336x280_全量2_85小說網,,,子聯播網,171,171,114,57,66.67%,33.33%
20260127,14,第一網站股份有限公司,2768,czbooks,13482,(子)CF_300x600_banner_czbooks(限時段),,,子聯播網,95,95,60,35,63.16%,36.84%
20260127,14,第一網站股份有限公司,2768,czbooks,13483,(子)CF_970x250_banner_czbooks(限時段),,,子聯播網,97,97,60,37,61.86%,38.14%
20260127,14,第一網站股份有限公司,2910,clickme,13548,(子)CF_300x250_banner_clickme(一般),,,子聯播網,724,724,564,160,77.90%,22.10%
20260127,14,第一網站股份有限公司,2910,clickme,13549,CF_300x250_banner_clickme(一般),,,,866,866,729,137,84.18%,15.82%
20260127,14,第一網站股份有限公司,2916,KiKiNote,13576,(子)CF_300x250_banner_kikinote,,知名媒體,子聯播網,"2,021","2,021","1,867",154,92.38%,7.62%
20260127,14,闇碼科技股份有限公司,2992,縮短網址產生器-reurl-exchange,13848,CF_300x250_轉址失敗_最右邊_reurl,,知名媒體,,40,40,5,35,12.50%,87.50%
20260127,14,闇碼科技股份有限公司,2992,縮短網址產生器-reurl-exchange,13856,CF_300x250_轉址失敗頁第二塊_reurl,,知名媒體,,40,40,11,29,27.50%,72.50%
20260127,14,第一網站股份有限公司,2768,czbooks,13903,(子)CF_300x250_banner_czbooks(直播),antifroud,,子聯播網,"1,658","1,658","1,047",611,63.15%,36.85%
20260127,14,第一網站股份有限公司,2768,czbooks,14036,MW_320x480_CZBOOKS,antifroud,,,59,59,40,19,67.80%,32.20%
20260127,14,陳人鳳,480,飛格寵物家族_PC,1407,CF-728X90_上方通欄_飛格寵物家族,,,,102,102,79,23,77.45%,22.55%
20260127,14,陳人鳳,480,飛格寵物家族_PC,1408,CF-300X250_內文_飛格寵物家族,,,,64,64,43,21,67.19%,32.81%
20260127,14,飛凡傳播股份有限公司,1921,非凡新聞台-exchange,14188,MW_300x250_內文上方_非凡新聞-exchange,antifroud,知名媒體,,7,7,0,7,0.00%,100.00%
20260127,14,闇碼科技股份有限公司,3048,縮短網址產生器-reurl,14209,MW_置底創意_縮短網址產生器-reurl,,知名媒體,,6,6,6,0,100.00%,0.00%
20260127,14,闇碼科技股份有限公司,3048,縮短網址產生器-reurl,14210,MW_文中創意300x250_縮短網址產生器-reurl,,知名媒體,,786,786,94,692,11.96%,88.04%
20260127,14,巨思文化股份有限公司,3053,數位時代_HB,14242,CF_300x250_內文下方左側_數位時代-HB,,知名媒體,,9,9,6,3,66.67%,33.33%
20260127,14,巨思文化股份有限公司,3053,數位時代_HB,14243,CF_300x250_內文下方右側_數位時代-HB,,知名媒體,,7,7,4,3,57.14%,42.86%
20260127,14,巨思文化股份有限公司,3053,數位時代_HB,14246,MW_300x250_文章結束第一塊_數位時代-HB,,知名媒體,,6,6,5,1,83.33%,16.67%
20260127,14,富盈數據股份有限公司,3059,塔科女子,14258,CF_336x280_全網_塔科女子,,知名媒體,,18,18,18,0,100.00%,0.00%
20260127,14,CBROOT LTD,3003,包子漫畫-exchange,14291,MW_300x250_蓋板(PB)_包子漫畫,,,,433,433,372,61,85.91%,14.09%
20260127,14,朱光宁,3152,石頭小說-exchange,14472,MW_336x280_Banner_石頭小說,,,,"1,711","1,711","1,322",389,77.26%,22.74%
20260127,14,朱光宁,3149,稷下書院-exchange,14748,MW_320x100_置底(PB)_稷下書院,,,,"24,320","24,320","13,489","10,831",55.46%,44.54%
20260127,14,巨思文化股份有限公司,3053,數位時代_HB,14764,MW_置底創意_(非展開)_數位時代_HB,,知名媒體,,200,200,181,19,90.50%,9.50%
20260127,14,中天電視股份有限公司,3282,中天新聞網-exchange,14980,CF_970x250_內頁_PC置頂橫幅-中天新聞網-exchange,,知名媒體,,114,114,75,39,65.79%,34.21%
20260127,14,曾憲敏,3327,85小說網_創意,15227,MW-300X250_85小說網_隨身影音PB,,,,24,24,17,7,70.83%,29.17%
20260127,14,曾憲敏,3327,85小說網_創意,15228,MW-創意-85小說網,,,,78,78,59,19,75.64%,24.36%
20260127,14,中天電視股份有限公司,3282,中天新聞網-exchange,15859,CF_336x280_內頁_PC右側互動看板B-中天新聞網-exchange,,知名媒體,,590,590,481,109,81.53%,18.47%
20260127,14,布林遊國際有限公司,2620,Bring You-exchange,15951,CF_300x600_右側通欄_BringYou-exchange,,知名媒體,,12,12,12,0,100.00%,0.00%
20260127,14,CBROOT LTD,3352,西瓜卡通-exchange,15970,CF_160x600_影音內容_西瓜卡通-exchange,,,,6,6,6,0,100.00%,0.00%
20260127,14,葉志斌,2745,繁中寶可夢卡表生成器-奶爸工作室-exchange,16950,CF_160x600_Banner_繁中寶可夢卡表生成器-奶爸工作室-exchange,,,,6,6,6,0,100.00%,0.00%
20260127,14,朱光宁,3360,提莫書屋-exchange,16957,MW_336x280banner_提莫書屋_exchange,,,,"17,018","17,018","13,611","3,407",79.98%,20.02%
20260127,14,朱光宁,3361,提莫書屋-mobile,16959,MW_320x480_文中創意_提莫書屋-mobile,,,,32,32,29,3,90.62%,9.38%
20260127,14,欣發現股份有限公司,3365,Hami任務牆-mobile,16969,MW_置底創意_Hami任務牆,,知名媒體,,18,18,13,5,72.22%,27.78%
20260127,14,欣發現股份有限公司,3364,女子學-mobile,16972,MW_置底創意_女子學,antifroud,,,152,152,138,14,90.79%,9.21%
20260127,14,欣發現股份有限公司,3363,大人物-mobile,16973,MW_置底創意_大人物,,知名媒體,,6,6,4,2,66.67%,33.33%
20260127,14,第一網站股份有限公司,2783,漫畫櫃manhuagui,17027,MW_320x480_蓋版_漫畫櫃manhuagui,,,,107,107,96,11,89.72%,10.28%
20260127,14,艾得基客行銷顧問股份有限公司,3373,良醫健康網,17092,MW_置底創意_良醫健康網,,知名媒體,,50,50,46,4,92.00%,8.00%
20260127,14,詠勝科技有限公司,3385,Mobile01_HB,17179,CF_300x250_熱門大看板_Mobile01_HB,,知名媒體,,180,180,146,34,81.11%,18.89%
20260127,14,詠勝科技有限公司,3385,Mobile01_HB,17180,CF_300x250_置底看板左_Mobile01_HB,,知名媒體,,37,37,33,4,89.19%,10.81%
20260127,14,詠勝科技有限公司,3385,Mobile01_HB,17181,CF_300x250_置底看板中_Mobile01_HB,,知名媒體,,39,39,37,2,94.87%,5.13%
20260127,14,詠勝科技有限公司,3385,Mobile01_HB,17182,CF_300x250_置底看板右_Mobile01_HB,,知名媒體,,16,16,14,2,87.50%,12.50%
20260127,14,朱光宁,3268,稷下書院-mobile,17207,MW_320x480_蓋版_稷下書院-mobile,,,,675,675,419,256,62.07%,37.93%
20260127,14,李立娟,3395,vivi0視頻-exchange,17293,CF_336x280_Banner_vivi01視頻-exchange,antifroud,,,"45,333","45,333","44,154","1,179",97.40%,2.60%
20260127,14,李立娟,3395,vivi0視頻-exchange,17294,MW_336x280_Banner_vivi01視頻-exchange,antifroud,,,"45,586","45,560","44,413","1,147",97.48%,2.52%
20260127,14,李立娟,3395,vivi0視頻-exchange,17299,MW_300x250_蓋板(PB)-vivi01視頻-exchange,,,,12,12,12,0,100.00%,0.00%
20260127,14,李立娟,3395,vivi0視頻-exchange,17300,MW_320x100_置底(PB)_vivi01視頻-exchange,antifroud,,,"75,213","75,213","73,686","1,527",97.97%,2.03%
20260127,14,李立娟,3397,趣聞圖說-exchange,17309,MW_336x280_文中Banner_趣聞圖說-exchange,,,,320,320,235,85,73.44%,26.56%
20260127,14,曾憲敏,601,85小說網_PC,1773,CF-300x250_85小說網_內文1,,,,256,256,169,87,66.02%,33.98%
20260127,14,李立娟,3396,趣聞圖說-Mobile,17923,MW_置底創意(展開)_趣聞圖說-Mobile,,,,42,42,39,3,92.86%,7.14%
20260127,14,第一網站股份有限公司,2768,czbooks,17927,MW_置底創意_czbook,,,,"4,418","4,418","2,660","1,758",60.21%,39.79%
20260127,14,時報資訊股份有限公司_工商時報,3427,工商時報-exchange,18007,CF_336x280_文末右側看板_工商時報-exchange,,知名媒體,,6,6,5,1,83.33%,16.67%
20260127,14,時報資訊股份有限公司_工商時報,3427,工商時報-exchange,18014,MW_300x250_文末Banner1_工商時報-exchange,,知名媒體,,70,70,67,3,95.71%,4.29%
20260127,14,時報資訊股份有限公司_工商時報,3427,工商時報-exchange,18015,MW_300x250_文末Banner2_工商時報-exchange,,知名媒體,,86,86,81,5,94.19%,5.81%
20260127,14,第一網站股份有限公司,3440,fsa_passback_first,18201,CF_336x280_fsa_passback_first,,,,"1,387","1,387","1,034",353,74.55%,25.45%
20260127,14,第一網站股份有限公司,3440,fsa_passback_first,18202,CF_300x250_fsa_passback_first,,,,"3,354","3,354","2,598",756,77.46%,22.54%
20260127,14,第一網站股份有限公司,3440,fsa_passback_first,18266,(子)CF_970x250_cfbanner_blog,,,子聯播網,462,462,423,39,91.56%,8.44%
20260127,14,朱光宁,3268,稷下書院-mobile,18297,MW_置底創意(展開)_稷下書院-mobile,,,,144,144,91,53,63.19%,36.81%
20260127,14,冰楓科技有限公司,3485,冰楓論壇-exchange,18487,CF_970x90_內文上方第一塊_冰楓論壇-exchange,,,,996,996,884,112,88.76%,11.24%
20260127,14,冰楓科技有限公司,3485,冰楓論壇-exchange,18488,MW_320x100_內文上方第一塊_ 冰楓論壇-exchange,antifroud,,,65,65,57,8,87.69%,12.31%
20260127,14,冰楓科技有限公司,3485,冰楓論壇-exchange,18492,MW_300x250_Banner_ 冰楓論壇-exchange,,,,411,411,371,40,90.27%,9.73%
20260127,14,闇碼科技股份有限公司,3048,縮短網址產生器-reurl,18535,MW_蓋版_縮短網址產生器-reurl,,知名媒體,,14,14,14,0,100.00%,0.00%
20260127,14,CBROOT LTD,3492,包子漫畫(特開流量)-exchange,18544,(子)CF_300x600_指定流量_包子漫畫(特開流量)-exchange,,,子聯播網,6,6,4,2,66.67%,33.33%
20260127,14,CBROOT LTD,3510,包子漫畫_twmanga-exchange,18737,CF_970x90_Banner_ 包子漫畫_twmanga-exchange,,,,102,102,83,19,81.37%,18.63%
20260127,14,台灣英文新聞股份有限公司,3537,台灣英文新聞(new)-exchange,18924,CF_300x250_內容頁_右側看版_1_台灣英文新聞(new)-exchange,,知名媒體,,36,36,32,4,88.89%,11.11%
20260127,14,聯合線上股份有限公司,3549,UDN元氣網,19018,CF_首頁文章推薦第三格300x250_UDN元氣網,,知名媒體,,6,6,6,0,100.00%,0.00%
20260127,14,艾得基客行銷顧問股份有限公司,3490,太報,19043,MW_置底創意(展開)_太報,,知名媒體,,231,231,227,4,98.27%,1.73%
20260127,14,艾得基客行銷顧問股份有限公司,3552,玩具人,19044,MW_320x480_文中創意_玩具人,,知名媒體,,42,42,41,1,97.62%,2.38%
20260127,14,第一網站股份有限公司,2783,漫畫櫃manhuagui,20685,MW_300X250_manhuagui,antifroud,,,"5,056","5,056","4,280",776,84.65%,15.35%
20260127,14,德榕企業有限公司,3577,TW Bodhi,20705,(子)CF_336x280_文章頁(RWD)_TW Bodhi,antifroud,,子聯播網,12,12,12,0,100.00%,0.00%
20260127,14,德榕企業有限公司,3578,TW Bodhi_mobile,20708,MW_蓋板_TW Bodhi,,,,231,231,227,4,98.27%,1.73%
20260127,14,德榕企業有限公司,3581,忘憂書屋,20727,CF_336x280文章頁(RWD)_忘憂書屋,,,,128,128,127,1,99.22%,0.78%
20260127,14,德榕企業有限公司,3582,忘憂書屋_mobile,20728,MW_文中創意300x250_忘憂書屋,,,,64,64,64,0,100.00%,0.00%
20260127,14,德榕企業有限公司,3582,忘憂書屋_mobile,20729,MW_蓋板_忘憂書屋,,,,14,14,14,0,100.00%,0.00%
20260127,14,第一網站股份有限公司,2916,KiKiNote,20731,CF_300x250_banner_kikinote (PB),,知名媒體,,20,20,18,2,90.00%,10.00%
20260127,14,第一網站股份有限公司,2910,clickme,20735,(子)CF_300x250_banner_clickme(成人),,,子聯播網,"5,883","5,877","5,168",709,87.94%,12.06%
20260127,14,第一網站股份有限公司,3440,fsa_passback_first,21699,CF_336x280_fsa_passback_first,,,,"4,530","4,530","3,853",677,85.06%,14.94%
20260127,14,朱光宁,3269,石頭小說-mobile,21741,MW_320x480_蓋版_石頭小說-mobile,antifroud,,,6,6,1,5,16.67%,83.33%
20260127,14,富盈數據股份有限公司,3653,TVBS-女人我最大_HB,21760,MW_文章三_336x280_TVBS-女人我最大_HB,,知名媒體,,6,6,6,0,100.00%,0.00%
20260127,14,富盈數據股份有限公司,3653,TVBS-女人我最大_HB,21761,MW_文章四_336x280_TVBS-女人我最大_HB,,知名媒體,,520,520,502,18,96.54%,3.46%
20260127,14,富盈數據股份有限公司,3653,TVBS-女人我最大_HB,21763,MW_文中創意320x480_TVBS-女人我最大_HB,,知名媒體,,277,277,274,3,98.92%,1.08%
20260127,14,富盈數據股份有限公司,3654,TVBS-健康2.0_HB,21765,MW_文章三_336x280_TVBS-健康2.0_HB,,知名媒體,,7,7,4,3,57.14%,42.86%
20260127,14,富盈數據股份有限公司,3654,TVBS-健康2.0_HB,21768,MW_文中創意320x480_TVBS-健康2.0_HB,,知名媒體,,"4,460","4,460","4,106",354,92.06%,7.94%
20260127,14,富盈數據股份有限公司,3655,TVBS-食尚玩家_HB,21773,MW_文中創意320x480_TVBS-食尚玩家_HB,,知名媒體,,186,186,160,26,86.02%,13.98%
20260127,14,富盈數據股份有限公司,3654,TVBS-健康2.0_HB,21812,MW_文章一_336x280_TVBS-健康2.0_HB,,知名媒體,,65,65,58,7,89.23%,10.77%
20260127,14,儂儂雜誌社股份有限公司(bella儂儂),2135,Bella儂儂_2024,21876,MW-300x250_文章標題上方1_Bella儂儂,,知名媒體,,110,110,106,4,96.36%,3.64%
20260127,14,富盈數據股份有限公司,3680,TVBS-新聞網_HB,21898,CF_文章右側300x600_TVBS-新聞網_HB,,知名媒體,,12,12,12,0,100.00%,0.00%
20260127,14,富盈數據股份有限公司,3680,TVBS-新聞網_HB,21899,MW_文章一_336x280_TVBS-新聞網_HB,,知名媒體,,"2,293","2,293","2,120",173,92.46%,7.54%
20260127,14,富盈數據股份有限公司,3680,TVBS-新聞網_HB,21900,MW_文章三_336x280_TVBS-新聞網_HB,,知名媒體,,333,333,325,8,97.60%,2.40%
20260127,14,富盈數據股份有限公司,3680,TVBS-新聞網_HB,21902,MW_文章置底_320x100_TVBS-新聞網_HB,,知名媒體,,"2,592","2,592","2,372",220,91.51%,8.49%
20260127,14,富盈數據股份有限公司,3684,稅美人_mobile,21923,MW_置底創意(非展開)_稅美人-mobile,,,,415,415,222,193,53.49%,46.51%
20260127,14,富盈數據股份有限公司,3685,玩桌遊_mobile,21924,MW_置底創意(非展開)_玩桌遊-mobile,,,,158,158,137,21,86.71%,13.29%
20260127,14,富盈數據股份有限公司,2615,熱血台中,21986,CF_336x280_全網_熱血台中,,,,18,18,12,6,66.67%,33.33%
20260127,14,富盈數據股份有限公司,2615,熱血台中,21987,CF_336x280_全網_熱血台中,,,,44,44,44,0,100.00%,0.00%
20260127,14,富盈數據股份有限公司,3704,天天要聞,22030,CF_300 x 250 banner_天天要聞_cpc2,,,,737,737,367,370,49.80%,50.20%
20260127,14,富盈數據股份有限公司,3703,繁體小說,22031,CF_300 x 250 banner_繁體小說_cpc2,,,,14,14,9,5,64.29%,35.71%
20260127,14,朱光宁,3708,石頭小說,22045,CF_336 x 280 banner_石頭小說_cpc1.67,antifroud,,,"51,347","51,347","28,436","22,911",55.38%,44.62%
20260127,14,冠妍動力科技有限公司,484,小老婆汽機車資訊網,22058,MW_文中創意320x480_小老婆汽機車資訊網-測試,,知名媒體,,6,6,3,3,50.00%,50.00%
20260127,14,朱光宁,3718,稷下書院2,22093,CF_336 x 280 banner_稷下書院2_cpc1.67,antifroud,,,"48,674","48,674","28,244","20,430",58.03%,41.97%
20260127,14,富盈數據股份有限公司,3680,TVBS-新聞網_HB,22131,CF_文中300x250_TVBS-新聞網_HB_1,,知名媒體,,26,26,26,0,100.00%,0.00%
20260127,14,富盈數據股份有限公司,3680,TVBS-新聞網_HB,22132,CF_文中300x250_TVBS-新聞網_HB_2,,知名媒體,,36,36,34,2,94.44%,5.56%
20260127,14,富盈數據股份有限公司,3680,TVBS-新聞網_HB,22133,CF_文中300x250_TVBS-新聞網_HB_3,,知名媒體,,126,126,116,10,92.06%,7.94%
20260127,14,闇碼科技股份有限公司,3048,縮短網址產生器-reurl,22213,MW_蓋版_縮短網址產生器-reurl-2025.05(特殊供量),,知名媒體,,782,782,85,697,10.87%,89.13%
20260127,14,艾得基客行銷顧問股份有限公司,3724,上報,22217,MW_置底創意(非展開)_上報,,知名媒體,,"1,944","1,944","1,898",46,97.63%,2.37%
20260127,14,艾得基客行銷顧問股份有限公司,3724,上報,22218,MW_置底(展開)_上報,,知名媒體,,"1,065","1,065","1,032",33,96.90%,3.10%
20260127,14,艾得基客行銷顧問股份有限公司,2689,Basketball Top5,22219,MW_置底(展開)_Basketball TOP5,,,,80,80,80,0,100.00%,0.00%
20260127,14,欣發現股份有限公司,3363,大人物-mobile,22222,MW_蓋板_大人物,,知名媒體,,32,32,28,4,87.50%,12.50%
20260127,14,艾得基客行銷顧問股份有限公司,3738,痞客邦,22226,MW_文章頁-置底-痞客邦,,知名媒體,,12,12,9,3,75.00%,25.00%
20260127,14,朱光宁,3741,石頭小說3,22396,MW_置底_石頭小說3,,,,18,18,12,6,66.67%,33.33%
20260127,14,朱光宁,3741,石頭小說3,22398,CF_336 x 280 banner_石頭小說3_cpc1.67,,,,"10,198","10,198","5,660","4,538",55.50%,44.50%
20260127,14,朱光宁,3741,石頭小說3,22399,CF_320 x 480 橫幅_石頭小說3,,,,20,20,11,9,55.00%,45.00%
20260127,14,艾得基客行銷顧問股份有限公司,3724,上報,22405,MW_蓋版_上報,,知名媒體,,219,219,213,6,97.26%,2.74%
20260127,14,闇碼科技股份有限公司,3068,限時圖片-imgus,22406,MW_置底_imgus,antifroud,,,159,159,156,3,98.11%,1.89%
20260127,14,第一網站股份有限公司,2783,漫畫櫃manhuagui,22443,MW_置底_manhuagui,antifroud,,,"4,227","4,227","3,820",407,90.37%,9.63%
20260127,14,艾得基客行銷顧問股份有限公司,3490,太報,22495,MW_300x250 BANNER_太報_CPM5,,知名媒體,子聯播網,6,6,6,0,100.00%,0.00%
20260127,14,艾得基客行銷顧問股份有限公司,2689,Basketball Top5,22498,MW_300x250 Banner_Basketball TOP5_CPM5,,,子聯播網,278,278,274,4,98.56%,1.44%
20260127,14,艾得基客行銷顧問股份有限公司,2578,鉅亨網,22507,MW_300x250_鉅亨網_直播用BN-1,,知名媒體,子聯播網,776,776,753,23,97.04%,2.96%
20260127,14,艾得基客行銷顧問股份有限公司,3752,ＭoneyDJ,22514,MW_文中創意320x480_MoneyDJ,antifroud,知名媒體,,46,46,41,5,89.13%,10.87%
20260127,14,李承翰-webptt,718,Web批踢踢(RWD),2284,MW-蓋板_文中_Web批踢踢,antifroud,,,56,56,40,16,71.43%,28.57%
20260127,14,麥智維,999,動漫戲說,3543,CF-728*90-內文上方-動漫戲說,antifroud,,,153,153,108,45,70.59%,29.41%
20260127,14,蔡建磊,1269,跑跑資訊站,4622,CF-300X250-內文右側-跑跑資訊站,,,,6,6,4,2,66.67%,33.33%
20260127,14,肖偉彬,1287,紅櫻桃小說書庫,4678,CF-內文上方-300*250-紅櫻桃小說書庫,,,,40,40,30,10,75.00%,25.00%
20260127,14,肖偉彬,1286,龍騰世紀書庫,4716,CF-內文中間-300*250-龍騰世紀書庫,,,,6,6,3,3,50.00%,50.00%
20260127,14,肖偉彬,1287,紅櫻桃小說書庫,4717,MW_文中創意300x250_紅櫻桃小說書庫,,,,6,6,3,3,50.00%,50.00%
20260127,14,技達創意資訊有限公司,1299,泰好網,4733,CF-300*250-內文下方-泰好網,,,,24,24,24,0,100.00%,0.00%
20260127,14,技達創意資訊有限公司,1299,泰好網,4734,MW-320*100-首頁、內文上方-泰好網,,,,6,6,6,0,100.00%,0.00%
20260127,14,陈晋福,1367,電視超人,4997,CF-300X250-電視超人,,,,6,6,3,3,50.00%,50.00%
20260127,14,麥智維,999,動漫戲說,6069,CF-300*250-首頁-動漫戲說,,,,20,20,18,2,90.00%,10.00%
20260127,14,莊博凱,1676,夢遊電玩-exchange,6310,CF-160*600-網頁右側-夢遊電玩-exchange,,,,36,36,32,4,88.89%,11.11%
20260127,14,吳慧玲,2082,宅女懶懶子,8073,CF-右側通欄第二塊-300x600-宅女懶懶子,antifroud,,,12,12,8,4,66.67%,33.33%
20260127,14,精鏡傳媒股份有限公司,1060,鏡週刊,8249,MW_置底創意(展開)_鏡週刊,,知名媒體,,6,6,5,1,83.33%,16.67%
20260127,14,精鏡傳媒股份有限公司,1060,鏡週刊,8250,MW_置底創意(非展開)_鏡週刊,,知名媒體,,976,976,865,111,88.63%,11.37%
20260127,14,臺灣電視事業股份有限公司,52,台視,8313,PC-300x250_內文第一塊_台視財經,,知名媒體,,38,38,34,4,89.47%,10.53%
20260127,14,布林遊國際有限公司,1692,Bring You,8393,CF-300X250-上方通欄右側_BringYou,,知名媒體,,32,32,32,0,100.00%,0.00%
20260127,14,巧克科技新媒體股份有限公司,2127,LINE TV_Banner-exchange,8576,CF_336x280_戲劇-右側好康資訊下方_LINE TV-exchange,,知名媒體,,20,20,18,2,90.00%,10.00%
20260127,14,巧克科技新媒體股份有限公司,2127,LINE TV_Banner-exchange,8577,CF_336x280_戲劇-右側好康資訊上方_LINE TV-exchange,,知名媒體,,64,64,58,6,90.62%,9.38%
20260127,14,鳳梨傳媒股份有限公司,2190,民視新聞網-Exchange,8862,CF_970X90_分類新聞內頁上方_民視新聞(MCM),,知名媒體,,12,12,11,1,91.67%,8.33%
20260127,15,英屬維京群島商浩美數位有限公司台灣分公司,2315,Teepr亮新聞-exchange,10012,CF_336x280Banner_Teepr亮新聞-exchange,,知名媒體,,"1,326","1,326","1,290",36,97.29%,2.71%
20260127,15,昱得資訊工作室,2528,數位書香,11080,CF_728x90_首頁上方_數位書香,antifroud,,,24,24,24,0,100.00%,0.00%
20260127,15,昱得資訊工作室,2528,數位書香,11081,CF_160x600_首頁右側_數位書香,antifroud,,,714,714,714,0,100.00%,0.00%
20260127,15,第一網站股份有限公司,2518,麻辣家族討論區(twbts),11082,CF-728X90-twbts,antifroud,,,413,413,402,11,97.34%,2.66%
20260127,15,第一網站股份有限公司,2540,risu短網址,11260,MW-300X250-MB_page_left-risu,,知名媒體,,56,56,41,15,73.21%,26.79%
20260127,15,第一網站股份有限公司,2492,ttshow,11273,MW-300X250-ttshow,,知名媒體,,41,41,33,8,80.49%,19.51%
20260127,15,第一網站股份有限公司,2601,Meme梗圖倉庫,11443,CF-336X280-meme,,,,"1,373","1,373","1,290",83,93.95%,6.05%
20260127,15,艾得基客行銷顧問股份有限公司,2578,鉅亨網,12070,MW_320x480_文中創意_鉅亨網,,知名媒體,,"8,664","8,664","8,537",127,98.53%,1.47%
20260127,15,葉志斌,2745,繁中寶可夢卡表生成器-奶爸工作室-exchange,12210,CF_728x90__文末__繁中寶可夢卡表生成器,,,,6,6,6,0,100.00%,0.00%
20260127,15,第一網站股份有限公司,2540,risu短網址,12496,CF_300x250_popup(直播) _risu短網址,antifroud,知名媒體,,6,6,6,0,100.00%,0.00%
20260127,15,時報資訊股份有限公司,2770,中時電子報_HB,12559,CF_300x250_右側互動看版_中時電子報_HB,,知名媒體,,545,545,443,102,81.28%,18.72%
20260127,15,時報資訊股份有限公司,2770,中時電子報_HB,12560,CF_336x280_文中看板_中時電子報_HB,,知名媒體,,525,525,423,102,80.57%,19.43%
20260127,15,時報資訊股份有限公司,2770,中時電子報_HB,12561,MW_300x250_內頁TOP Banner_中時電子報_HB,antifroud,知名媒體,,833,833,765,68,91.84%,8.16%
20260127,15,第一網站股份有限公司,2768,czbooks,12570,CF_728x90_banner_czbooks,,,,"3,859","3,859","2,213","1,646",57.35%,42.65%
20260127,15,鳳梨傳媒股份有限公司,2190,民視新聞網-Exchange,12579,CF_300x250_右側第一塊_民視新聞網-Exchange(RWD)(MCM),,知名媒體,,"1,683","1,683","1,620",63,96.26%,3.74%
20260127,15,鳳梨傳媒股份有限公司,2190,民視新聞網-Exchange,12580,CF_300x250_內文文中左側_民視新聞網-Exchange(RWD)(MCM),,知名媒體,,"1,723","1,723","1,653",70,95.94%,4.06%
20260127,15,第一網站股份有限公司,2783,漫畫櫃manhuagui,12676,CF_728X90_manhuagui,antifroud,,,"57,073","57,073","46,935","10,138",82.24%,17.76%
20260127,15,艾得基客行銷顧問股份有限公司,2635,工商時報,12761,MW_320x480_文中創意_工商時報new,,知名媒體,,36,36,35,1,97.22%,2.78%
20260127,15,第一網站股份有限公司,2801,damanwoo,12868,CF-300x250_Banner_damanwoo_大人物,,,,64,64,62,2,96.88%,3.12%
20260127,15,艾得基客行銷顧問股份有限公司,2266,嬰兒與母親,12869,MW_置底創意_嬰兒與母親,,知名媒體,,6,6,6,0,100.00%,0.00%
20260127,15,第一網站股份有限公司,2820,星座好朋友(horofriend88),12966,MW_320x100_horofriend88,antifroud,,,122,122,121,1,99.18%,0.82%
20260127,15,時報資訊股份有限公司,2335,中時電子報_2019,12974,MW-置底創意(展開)-中時電子報_2019,antifroud,知名媒體,,18,18,17,1,94.44%,5.56%
20260127,15,第一網站股份有限公司,2836,vivi01,13032,MW_置底創意_vivi01 ViVi視頻,,,,60,60,59,1,98.33%,1.67%
20260127,15,第一網站股份有限公司,2838,mycard,13041,MW_320x480_加倍mycard,,,,239,239,0,239,0.00%,100.00%
20260127,15,東森電視事業股份有限公司,2014,東森新聞網,13162,MW_置底創意(展開)_東森新聞網,antifroud,知名媒體,,257,257,257,0,100.00%,0.00%
20260127,15,和運租車股份有限公司,2878,abc好車網,13368,CF_970x90_物件頁下方_abc好車網,,知名媒體,,18,18,10,8,55.56%,44.44%
20260127,15,曾憲敏,202,85小說網,13445,MW_336X280_全量1_85小說網,,,,354,354,267,87,75.42%,24.58%
20260127,15,曾憲敏,202,85小說網,13446,MW_336X280_全量2_85小說網,,,,"2,401","2,401","1,876",525,78.13%,21.87%
20260127,15,第一網站股份有限公司,2910,clickme,13548,(子)CF_300x250_banner_clickme(一般),,,子聯播網,"1,671","1,671","1,232",439,73.73%,26.27%
20260127,15,第一網站股份有限公司,2910,clickme,13549,CF_300x250_banner_clickme(一般),,,,889,889,768,121,86.39%,13.61%
20260127,15,第一網站股份有限公司,2916,KiKiNote,13576,(子)CF_300x250_banner_kikinote,,知名媒體,子聯播網,"2,629","2,629","2,477",152,94.22%,5.78%
20260127,15,闇碼科技股份有限公司,2992,縮短網址產生器-reurl-exchange,13848,CF_300x250_轉址失敗_最右邊_reurl,,知名媒體,,6,6,5,1,83.33%,16.67%
20260127,15,闇碼科技股份有限公司,2992,縮短網址產生器-reurl-exchange,13856,CF_300x250_轉址失敗頁第二塊_reurl,,知名媒體,,12,12,9,3,75.00%,25.00%
20260127,15,闇碼科技股份有限公司,2992,縮短網址產生器-reurl-exchange,13861,CF_300x250_網址下方右側(PB)_reurl,,知名媒體,,6,6,6,0,100.00%,0.00%
20260127,15,第一網站股份有限公司,2768,czbooks,14036,MW_320x480_CZBOOKS,antifroud,,,22,22,14,8,63.64%,36.36%
20260127,15,陳人鳳,480,飛格寵物家族_PC,1407,CF-728X90_上方通欄_飛格寵物家族,,,,18,18,14,4,77.78%,22.22%
20260127,15,陳人鳳,480,飛格寵物家族_PC,1408,CF-300X250_內文_飛格寵物家族,,,,78,78,52,26,66.67%,33.33%
20260127,15,東森電視事業股份有限公司,2014,東森新聞網,14097,MW_蓋版_東森新聞網,,知名媒體,,"1,886","1,886","1,873",13,99.31%,0.69%
20260127,15,闇碼科技股份有限公司,3048,縮短網址產生器-reurl,14210,MW_文中創意300x250_縮短網址產生器-reurl,,知名媒體,,204,204,141,63,69.12%,30.88%
20260127,15,巨思文化股份有限公司,3052,經理人_HB,14238,MW_文章結束第一塊_300x250_經理人-HB,,知名媒體,,6,6,5,1,83.33%,16.67%
20260127,15,巨思文化股份有限公司,3052,經理人_HB,14239,CF_300x250_內文下方右側_經理人-HB,,知名媒體,,6,6,4,2,66.67%,33.33%
20260127,15,巨思文化股份有限公司,3052,經理人_HB,14240,CF_300x250_內文下方左側_經理人-HB,,知名媒體,,6,6,4,2,66.67%,33.33%
20260127,15,富盈數據股份有限公司,3059,塔科女子,14258,CF_336x280_全網_塔科女子,,知名媒體,,20,20,20,0,100.00%,0.00%
20260127,15,CBROOT LTD,3003,包子漫畫-exchange,14291,MW_300x250_蓋板(PB)_包子漫畫,,,,321,321,291,30,90.65%,9.35%
20260127,15,朱光宁,3152,石頭小說-exchange,14472,MW_336x280_Banner_石頭小說,,,,"7,284","7,284","5,430","1,854",74.55%,25.45%
20260127,15,朱光宁,3149,稷下書院-exchange,14748,MW_320x100_置底(PB)_稷下書院,,,,"22,684","22,674","12,442","10,232",54.87%,45.13%
20260127,15,巨思文化股份有限公司,3053,數位時代_HB,14764,MW_置底創意_(非展開)_數位時代_HB,,知名媒體,,192,192,187,5,97.40%,2.60%
20260127,15,中天電視股份有限公司,3282,中天新聞網-exchange,14980,CF_970x250_內頁_PC置頂橫幅-中天新聞網-exchange,,知名媒體,,112,112,98,14,87.50%,12.50%
20260127,15,曾憲敏,3327,85小說網_創意,15227,MW-300X250_85小說網_隨身影音PB,,,,6,6,4,2,66.67%,33.33%
20260127,15,曾憲敏,3327,85小說網_創意,15228,MW-創意-85小說網,,,,12,12,10,2,83.33%,16.67%
20260127,15,中天電視股份有限公司,3282,中天新聞網-exchange,15859,CF_336x280_內頁_PC右側互動看板B-中天新聞網-exchange,,知名媒體,,889,889,829,60,93.25%,6.75%
20260127,15,布林遊國際有限公司,2620,Bring You-exchange,15951,CF_300x600_右側通欄_BringYou-exchange,,知名媒體,,6,6,6,0,100.00%,0.00%
20260127,15,CBROOT LTD,3352,西瓜卡通-exchange,15970,CF_160x600_影音內容_西瓜卡通-exchange,,,,6,6,6,0,100.00%,0.00%
20260127,15,朱光宁,3360,提莫書屋-exchange,16957,MW_336x280banner_提莫書屋_exchange,,,,"15,588","15,588","12,452","3,136",79.88%,20.12%
20260127,15,朱光宁,3361,提莫書屋-mobile,16959,MW_320x480_文中創意_提莫書屋-mobile,,,,56,56,50,6,89.29%,10.71%
20260127,15,欣發現股份有限公司,3365,Hami任務牆-mobile,16969,MW_置底創意_Hami任務牆,,知名媒體,,14,14,11,3,78.57%,21.43%
20260127,15,欣發現股份有限公司,3364,女子學-mobile,16972,MW_置底創意_女子學,antifroud,,,98,98,82,16,83.67%,16.33%
20260127,15,欣發現股份有限公司,3363,大人物-mobile,16973,MW_置底創意_大人物,,知名媒體,,6,6,5,1,83.33%,16.67%
20260127,15,第一網站股份有限公司,2783,漫畫櫃manhuagui,17027,MW_320x480_蓋版_漫畫櫃manhuagui,,,,48,48,46,2,95.83%,4.17%
20260127,15,艾得基客行銷顧問股份有限公司,3373,良醫健康網,17092,MW_置底創意_良醫健康網,,知名媒體,,18,18,18,0,100.00%,0.00%
20260127,15,詠勝科技有限公司,3385,Mobile01_HB,17179,CF_300x250_熱門大看板_Mobile01_HB,,知名媒體,,378,378,315,63,83.33%,16.67%
20260127,15,詠勝科技有限公司,3385,Mobile01_HB,17180,CF_300x250_置底看板左_Mobile01_HB,,知名媒體,,91,91,83,8,91.21%,8.79%
20260127,15,詠勝科技有限公司,3385,Mobile01_HB,17181,CF_300x250_置底看板中_Mobile01_HB,,知名媒體,,64,64,58,6,90.62%,9.38%
20260127,15,詠勝科技有限公司,3385,Mobile01_HB,17182,CF_300x250_置底看板右_Mobile01_HB,,知名媒體,,18,18,16,2,88.89%,11.11%
20260127,15,朱光宁,3268,稷下書院-mobile,17207,MW_320x480_蓋版_稷下書院-mobile,,,,"1,445","1,445",947,498,65.54%,34.46%
20260127,15,中華電視股份有限公司,3389,華視-mobile,17230,MW_置底創意(非展開)_華視-mobile,,知名媒體,,6,6,6,0,100.00%,0.00%
20260127,15,李立娟,3395,vivi0視頻-exchange,17293,CF_336x280_Banner_vivi01視頻-exchange,antifroud,,,"45,289","45,289","44,396",893,98.03%,1.97%
20260127,15,李立娟,3395,vivi0視頻-exchange,17294,MW_336x280_Banner_vivi01視頻-exchange,antifroud,,,"43,424","43,424","42,553",871,97.99%,2.01%
20260127,15,李立娟,3395,vivi0視頻-exchange,17299,MW_300x250_蓋板(PB)-vivi01視頻-exchange,,,,6,6,6,0,100.00%,0.00%
20260127,15,李立娟,3395,vivi0視頻-exchange,17300,MW_320x100_置底(PB)_vivi01視頻-exchange,antifroud,,,"74,883","74,883","73,865","1,018",98.64%,1.36%
20260127,15,李立娟,3397,趣聞圖說-exchange,17309,MW_336x280_文中Banner_趣聞圖說-exchange,,,,"1,313","1,313",859,454,65.42%,34.58%
20260127,15,曾憲敏,601,85小說網_PC,1773,CF-300x250_85小說網_內文1,,,,388,388,249,139,64.18%,35.82%
20260127,15,李立娟,3396,趣聞圖說-Mobile,17923,MW_置底創意(展開)_趣聞圖說-Mobile,,,,21,21,21,0,100.00%,0.00%
20260127,15,第一網站股份有限公司,2768,czbooks,17927,MW_置底創意_czbook,,,,"4,598","4,598","2,772","1,826",60.29%,39.71%
20260127,15,時報資訊股份有限公司_工商時報,3427,工商時報-exchange,18003,CF_300x250_互動看板2_工商時報-exchange,,知名媒體,,6,6,6,0,100.00%,0.00%
20260127,15,時報資訊股份有限公司_工商時報,3427,工商時報-exchange,18007,CF_336x280_文末右側看板_工商時報-exchange,,知名媒體,,13,13,13,0,100.00%,0.00%
20260127,15,時報資訊股份有限公司_工商時報,3427,工商時報-exchange,18008,CF_336x280_文末左側看板_工商時報-exchange,,知名媒體,,14,14,12,2,85.71%,14.29%
20260127,15,時報資訊股份有限公司_工商時報,3427,工商時報-exchange,18014,MW_300x250_文末Banner1_工商時報-exchange,,知名媒體,,85,85,84,1,98.82%,1.18%
20260127,15,時報資訊股份有限公司_工商時報,3427,工商時報-exchange,18015,MW_300x250_文末Banner2_工商時報-exchange,,知名媒體,,125,125,123,2,98.40%,1.60%
20260127,15,第一網站股份有限公司,3440,fsa_passback_first,18201,CF_336x280_fsa_passback_first,,,,"1,660","1,660","1,198",462,72.17%,27.83%
20260127,15,第一網站股份有限公司,3440,fsa_passback_first,18202,CF_300x250_fsa_passback_first,,,,"4,234","4,234","3,227","1,007",76.22%,23.78%
20260127,15,莊博凱,3455,夢遊電玩,18269,300x250 Banner,,,,6,6,3,3,50.00%,50.00%
20260127,15,朱光宁,3268,稷下書院-mobile,18297,MW_置底創意(展開)_稷下書院-mobile,,,,168,168,99,69,58.93%,41.07%
20260127,15,冰楓科技有限公司,3485,冰楓論壇-exchange,18487,CF_970x90_內文上方第一塊_冰楓論壇-exchange,,,,862,862,737,125,85.50%,14.50%
20260127,15,冰楓科技有限公司,3485,冰楓論壇-exchange,18488,MW_320x100_內文上方第一塊_ 冰楓論壇-exchange,antifroud,,,78,78,67,11,85.90%,14.10%
20260127,15,冰楓科技有限公司,3485,冰楓論壇-exchange,18492,MW_300x250_Banner_ 冰楓論壇-exchange,,,,436,436,381,55,87.39%,12.61%
20260127,15,CBROOT LTD,3510,包子漫畫_twmanga-exchange,18737,CF_970x90_Banner_ 包子漫畫_twmanga-exchange,,,,57,57,51,6,89.47%,10.53%
20260127,15,舒禾驊,3535,荷花動漫筆記,18887,CF_336x280_文章頁文中_荷花動漫筆記,,,,6,6,3,3,50.00%,50.00%
20260127,15,台灣英文新聞股份有限公司,3537,台灣英文新聞(new)-exchange,18924,CF_300x250_內容頁_右側看版_1_台灣英文新聞(new)-exchange,,知名媒體,,50,50,40,10,80.00%,20.00%
20260127,15,聯合線上股份有限公司,3549,UDN元氣網,19018,CF_首頁文章推薦第三格300x250_UDN元氣網,,知名媒體,,6,6,5,1,83.33%,16.67%
20260127,15,艾得基客行銷顧問股份有限公司,3490,太報,19043,MW_置底創意(展開)_太報,,知名媒體,,382,382,374,8,97.91%,2.09%
20260127,15,艾得基客行銷顧問股份有限公司,3552,玩具人,19044,MW_320x480_文中創意_玩具人,,知名媒體,,42,42,37,5,88.10%,11.90%
20260127,15,先驅媒體社會企業股份有限公司,3554,新頭殼(R18),19046,MW_320x100Banner_newtalk.tw_mobile_photo_320100_1_新頭殼(R18),,知名媒體,,6,6,6,0,100.00%,0.00%
20260127,15,先驅媒體社會企業股份有限公司,3554,新頭殼(R18),19047,(子)CF_300x250Banner_newtalk.tw_content_300250_1_新頭殼(R18),,知名媒體,子聯播網,6,6,5,1,83.33%,16.67%
20260127,15,第一網站股份有限公司,2783,漫畫櫃manhuagui,20685,MW_300X250_manhuagui,antifroud,,,"5,268","5,268","4,551",717,86.39%,13.61%
20260127,15,德榕企業有限公司,3578,TW Bodhi_mobile,20708,MW_蓋板_TW Bodhi,,,,204,204,204,0,100.00%,0.00%
20260127,15,德榕企業有限公司,3581,忘憂書屋,20727,CF_336x280文章頁(RWD)_忘憂書屋,,,,50,50,48,2,96.00%,4.00%
20260127,15,德榕企業有限公司,3582,忘憂書屋_mobile,20728,MW_文中創意300x250_忘憂書屋,,,,30,30,30,0,100.00%,0.00%
20260127,15,第一網站股份有限公司,2910,clickme,20735,(子)CF_300x250_banner_clickme(成人),,,子聯播網,"9,475","9,475","8,063","1,412",85.10%,14.90%
20260127,15,第一網站股份有限公司,3440,fsa_passback_first,21699,CF_336x280_fsa_passback_first,,,,"5,171","5,171","4,339",832,83.91%,16.09%
20260127,15,朱光宁,3269,石頭小說-mobile,21741,MW_320x480_蓋版_石頭小說-mobile,antifroud,,,6,6,4,2,66.67%,33.33%
20260127,15,富盈數據股份有限公司,3653,TVBS-女人我最大_HB,21760,MW_文章三_336x280_TVBS-女人我最大_HB,,知名媒體,,44,44,44,0,100.00%,0.00%
20260127,15,富盈數據股份有限公司,3653,TVBS-女人我最大_HB,21761,MW_文章四_336x280_TVBS-女人我最大_HB,,知名媒體,,518,518,510,8,98.46%,1.54%
20260127,15,富盈數據股份有限公司,3653,TVBS-女人我最大_HB,21763,MW_文中創意320x480_TVBS-女人我最大_HB,,知名媒體,,291,291,289,2,99.31%,0.69%
20260127,15,富盈數據股份有限公司,3654,TVBS-健康2.0_HB,21768,MW_文中創意320x480_TVBS-健康2.0_HB,,知名媒體,,"4,431","4,431","4,154",277,93.75%,6.25%
20260127,15,富盈數據股份有限公司,3655,TVBS-食尚玩家_HB,21770,MW_文章三_336x280_TVBS-食尚玩家_HB,,知名媒體,,8,8,8,0,100.00%,0.00%
20260127,15,富盈數據股份有限公司,3655,TVBS-食尚玩家_HB,21773,MW_文中創意320x480_TVBS-食尚玩家_HB,,知名媒體,,159,159,142,17,89.31%,10.69%
20260127,15,富盈數據股份有限公司,3654,TVBS-健康2.0_HB,21812,MW_文章一_336x280_TVBS-健康2.0_HB,,知名媒體,,50,50,44,6,88.00%,12.00%
20260127,15,先驅媒體社會企業股份有限公司,3554,新頭殼(R18),21839,ＭＷ_336x280Banner_newtalk.tw_mobile_all_336280_2_新頭殼(R18),antifroud,知名媒體,,18,18,18,0,100.00%,0.00%
20260127,15,儂儂雜誌社股份有限公司(bella儂儂),2135,Bella儂儂_2024,21876,MW-300x250_文章標題上方1_Bella儂儂,,知名媒體,,224,224,217,7,96.88%,3.12%
20260127,15,富盈數據股份有限公司,3680,TVBS-新聞網_HB,21898,CF_文章右側300x600_TVBS-新聞網_HB,,知名媒體,,18,18,18,0,100.00%,0.00%
20260127,15,富盈數據股份有限公司,3680,TVBS-新聞網_HB,21899,MW_文章一_336x280_TVBS-新聞網_HB,,知名媒體,,"2,378","2,378","2,248",130,94.53%,5.47%
20260127,15,富盈數據股份有限公司,3680,TVBS-新聞網_HB,21900,MW_文章三_336x280_TVBS-新聞網_HB,,知名媒體,,313,313,310,3,99.04%,0.96%
20260127,15,富盈數據股份有限公司,3680,TVBS-新聞網_HB,21902,MW_文章置底_320x100_TVBS-新聞網_HB,,知名媒體,,"2,398","2,398","2,268",130,94.58%,5.42%
20260127,15,富盈數據股份有限公司,3684,稅美人_mobile,21923,MW_置底創意(非展開)_稅美人-mobile,,,,429,429,237,192,55.24%,44.76%
20260127,15,富盈數據股份有限公司,3685,玩桌遊_mobile,21924,MW_置底創意(非展開)_玩桌遊-mobile,,,,238,238,199,39,83.61%,16.39%
20260127,15,富盈數據股份有限公司,2615,熱血台中,21986,CF_336x280_全網_熱血台中,,,,32,32,32,0,100.00%,0.00%
20260127,15,富盈數據股份有限公司,2615,熱血台中,21987,CF_336x280_全網_熱血台中,,,,34,34,31,3,91.18%,8.82%
20260127,15,富盈數據股份有限公司,3704,天天要聞,22030,CF_300 x 250 banner_天天要聞_cpc2,,,,753,753,388,365,51.53%,48.47%
20260127,15,富盈數據股份有限公司,3703,繁體小說,22031,CF_300 x 250 banner_繁體小說_cpc2,,,,46,46,34,12,73.91%,26.09%
20260127,15,朱光宁,3708,石頭小說,22045,CF_336 x 280 banner_石頭小說_cpc1.67,antifroud,,,"3,106","3,106","1,744","1,362",56.15%,43.85%
20260127,15,冠妍動力科技有限公司,484,小老婆汽機車資訊網,22058,MW_文中創意320x480_小老婆汽機車資訊網-測試,,知名媒體,,6,6,3,3,50.00%,50.00%
20260127,15,朱光宁,3718,稷下書院2,22093,CF_336 x 280 banner_稷下書院2_cpc1.67,antifroud,,,"2,701","2,701","1,575","1,126",58.31%,41.69%
20260127,15,富盈數據股份有限公司,3680,TVBS-新聞網_HB,22132,CF_文中300x250_TVBS-新聞網_HB_2,,知名媒體,,65,65,61,4,93.85%,6.15%
20260127,15,富盈數據股份有限公司,3680,TVBS-新聞網_HB,22133,CF_文中300x250_TVBS-新聞網_HB_3,,知名媒體,,109,109,100,9,91.74%,8.26%
20260127,15,富盈數據股份有限公司,3730,Teepr 亮新聞 HB,22145,MW_336x280_文中創意_Teepr亮新聞 HB,,,,14,14,14,0,100.00%,0.00%
20260127,15,冰楓科技有限公司,3485,冰楓論壇-exchange,22160,CF_300x250_Banner2_ 冰楓論壇-exchange,,,,6,6,3,3,50.00%,50.00%
20260127,15,闇碼科技股份有限公司,3048,縮短網址產生器-reurl,22213,MW_蓋版_縮短網址產生器-reurl-2025.05(特殊供量),,知名媒體,,123,123,90,33,73.17%,26.83%
20260127,15,艾得基客行銷顧問股份有限公司,3724,上報,22217,MW_置底創意(非展開)_上報,,知名媒體,,512,512,499,13,97.46%,2.54%
20260127,15,艾得基客行銷顧問股份有限公司,3724,上報,22218,MW_置底(展開)_上報,,知名媒體,,"1,111","1,111","1,091",20,98.20%,1.80%
20260127,15,欣發現股份有限公司,3363,大人物-mobile,22222,MW_蓋板_大人物,,知名媒體,,8,8,5,3,62.50%,37.50%
20260127,15,朱光宁,3741,石頭小說3,22396,MW_置底_石頭小說3,,,,20,20,12,8,60.00%,40.00%
20260127,15,朱光宁,3741,石頭小說3,22398,CF_336 x 280 banner_石頭小說3_cpc1.67,,,,"1,494","1,494",859,635,57.50%,42.50%
20260127,15,朱光宁,3741,石頭小說3,22399,CF_320 x 480 橫幅_石頭小說3,,,,24,24,17,7,70.83%,29.17%
20260127,15,艾得基客行銷顧問股份有限公司,3724,上報,22405,MW_蓋版_上報,,知名媒體,,118,118,113,5,95.76%,4.24%
20260127,15,闇碼科技股份有限公司,3068,限時圖片-imgus,22406,MW_置底_imgus,antifroud,,,161,161,158,3,98.14%,1.86%
20260127,15,第一網站股份有限公司,2783,漫畫櫃manhuagui,22443,MW_置底_manhuagui,antifroud,,,"4,671","4,671","4,317",354,92.42%,7.58%
20260127,15,艾得基客行銷顧問股份有限公司,3490,太報,22495,MW_300x250 BANNER_太報_CPM5,,知名媒體,子聯播網,54,54,54,0,100.00%,0.00%
20260127,15,艾得基客行銷顧問股份有限公司,2689,Basketball Top5,22498,MW_300x250 Banner_Basketball TOP5_CPM5,,,子聯播網,420,420,419,1,99.76%,0.24%
20260127,15,艾得基客行銷顧問股份有限公司,2578,鉅亨網,22507,MW_300x250_鉅亨網_直播用BN-1,,知名媒體,子聯播網,"1,367","1,366","1,325",41,97.00%,3.00%
20260127,15,艾得基客行銷顧問股份有限公司,3752,ＭoneyDJ,22514,MW_文中創意320x480_MoneyDJ,antifroud,知名媒體,,62,62,58,4,93.55%,6.45%
20260127,15,艾得基客行銷顧問股份有限公司,3752,ＭoneyDJ,22515,MW_300x250 BANNER_MoneyDJ,antifroud,知名媒體,,6,6,6,0,100.00%,0.00%
20260127,15,李承翰-webptt,718,Web批踢踢(RWD),2284,MW-蓋板_文中_Web批踢踢,antifroud,,,38,38,23,15,60.53%,39.47%
20260127,15,麥智維,999,動漫戲說,3543,CF-728*90-內文上方-動漫戲說,antifroud,,,267,267,189,78,70.79%,29.21%
20260127,15,肖偉彬,1287,紅櫻桃小說書庫,4678,CF-內文上方-300*250-紅櫻桃小說書庫,,,,20,20,14,6,70.00%,30.00%
20260127,15,技達創意資訊有限公司,1299,泰好網,4733,CF-300*250-內文下方-泰好網,,,,30,30,28,2,93.33%,6.67%
20260127,15,技達創意資訊有限公司,1299,泰好網,4734,MW-320*100-首頁、內文上方-泰好網,,,,26,26,26,0,100.00%,0.00%
20260127,15,陈晋福,1367,電視超人,4997,CF-300X250-電視超人,,,,18,18,15,3,83.33%,16.67%
20260127,15,麥智維,999,動漫戲說,6069,CF-300*250-首頁-動漫戲說,,,,110,110,89,21,80.91%,19.09%
20260127,15,莊博凱,1676,夢遊電玩-exchange,6310,CF-160*600-網頁右側-夢遊電玩-exchange,,,,20,20,18,2,90.00%,10.00%
20260127,15,精鏡傳媒股份有限公司,1060,鏡週刊,8250,MW_置底創意(非展開)_鏡週刊,,知名媒體,,615,613,552,61,90.05%,9.95%
20260127,15,臺灣電視事業股份有限公司,52,台視,8313,PC-300x250_內文第一塊_台視財經,,知名媒體,,18,18,14,4,77.78%,22.22%
20260127,15,布林遊國際有限公司,1692,Bring You,8393,CF-300X250-上方通欄右側_BringYou,,知名媒體,,18,18,17,1,94.44%,5.56%
20260127,15,巧克科技新媒體股份有限公司,2127,LINE TV_Banner-exchange,8576,CF_336x280_戲劇-右側好康資訊下方_LINE TV-exchange,,知名媒體,,24,24,19,5,79.17%,20.83%
20260127,15,巧克科技新媒體股份有限公司,2127,LINE TV_Banner-exchange,8577,CF_336x280_戲劇-右側好康資訊上方_LINE TV-exchange,,知名媒體,,6,6,6,0,100.00%,0.00%
20260127,15,鳳梨傳媒股份有限公司,2190,民視新聞網-Exchange,8862,CF_970X90_分類新聞內頁上方_民視新聞(MCM),,知名媒體,,12,12,11,1,91.67%,8.33%
20260127,15,冰楓科技有限公司,1711,冰楓短網址,9308,ＭＷ-300X250-跳轉頁下方-冰楓短網址,,,,6,6,4,2,66.67%,33.33%
20260127,16,愛七桃有限公司,2152,寶可夢資訊站,10008,MW-320X100-進入道館功能框下方-寶可夢資訊站,,,,19,19,19,0,100.00%,0.00%
20260127,16,英屬維京群島商浩美數位有限公司台灣分公司,2315,Teepr亮新聞-exchange,10012,CF_336x280Banner_Teepr亮新聞-exchange,,知名媒體,,"1,837","1,837","1,795",42,97.71%,2.29%
20260127,16,昱得資訊工作室,2528,數位書香,11080,CF_728x90_首頁上方_數位書香,antifroud,,,40,40,40,0,100.00%,0.00%
20260127,16,昱得資訊工作室,2528,數位書香,11081,CF_160x600_首頁右側_數位書香,antifroud,,,882,882,881,1,99.89%,0.11%
20260127,16,第一網站股份有限公司,2518,麻辣家族討論區(twbts),11082,CF-728X90-twbts,antifroud,,,505,505,505,0,100.00%,0.00%
20260127,16,第一網站股份有限公司,2540,risu短網址,11260,MW-300X250-MB_page_left-risu,,知名媒體,,6,6,6,0,100.00%,0.00%
20260127,16,第一網站股份有限公司,2492,ttshow,11273,MW-300X250-ttshow,,知名媒體,,6,6,6,0,100.00%,0.00%
20260127,16,第一網站股份有限公司,2601,Meme梗圖倉庫,11443,CF-336X280-meme,,,,"1,248","1,248","1,182",66,94.71%,5.29%
20260127,16,艾得基客行銷顧問股份有限公司,2578,鉅亨網,12070,MW_320x480_文中創意_鉅亨網,,知名媒體,,"4,506","4,506","4,446",60,98.67%,1.33%
20260127,16,第一網站股份有限公司,2540,risu短網址,12496,CF_300x250_popup(直播) _risu短網址,antifroud,知名媒體,,14,14,14,0,100.00%,0.00%
20260127,16,時報資訊股份有限公司,2770,中時電子報_HB,12559,CF_300x250_右側互動看版_中時電子報_HB,,知名媒體,,605,605,506,99,83.64%,16.36%
20260127,16,時報資訊股份有限公司,2770,中時電子報_HB,12560,CF_336x280_文中看板_中時電子報_HB,,知名媒體,,621,621,512,109,82.45%,17.55%
20260127,16,時報資訊股份有限公司,2770,中時電子報_HB,12561,MW_300x250_內頁TOP Banner_中時電子報_HB,antifroud,知名媒體,,881,881,816,65,92.62%,7.38%
20260127,16,第一網站股份有限公司,2768,czbooks,12570,CF_728x90_banner_czbooks,,,,"2,171","2,171","1,227",944,56.52%,43.48%
20260127,16,鳳梨傳媒股份有限公司,2190,民視新聞網-Exchange,12579,CF_300x250_右側第一塊_民視新聞網-Exchange(RWD)(MCM),,知名媒體,,"2,225","2,225","2,175",50,97.75%,2.25%
20260127,16,鳳梨傳媒股份有限公司,2190,民視新聞網-Exchange,12580,CF_300x250_內文文中左側_民視新聞網-Exchange(RWD)(MCM),,知名媒體,,"2,271","2,271","2,180",91,95.99%,4.01%
20260127,16,第一網站股份有限公司,2783,漫畫櫃manhuagui,12676,CF_728X90_manhuagui,antifroud,,,"7,730","7,730","6,464","1,266",83.62%,16.38%
20260127,16,艾得基客行銷顧問股份有限公司,2635,工商時報,12761,MW_320x480_文中創意_工商時報new,,知名媒體,,12,12,12,0,100.00%,0.00%
20260127,16,金隼行銷股份有限公司,2786,91譜,12792,MW_置底創意_91譜,,知名媒體,,18,18,12,6,66.67%,33.33%
20260127,16,第一網站股份有限公司,2801,damanwoo,12868,CF-300x250_Banner_damanwoo_大人物,,,,36,36,32,4,88.89%,11.11%
20260127,16,時報資訊股份有限公司,2335,中時電子報_2019,12974,MW-置底創意(展開)-中時電子報_2019,antifroud,知名媒體,,12,12,11,1,91.67%,8.33%
20260127,16,第一網站股份有限公司,2836,vivi01,13032,MW_置底創意_vivi01 ViVi視頻,,,,37,37,36,1,97.30%,2.70%
20260127,16,和運租車股份有限公司,2878,abc好車網,13368,CF_970x90_物件頁下方_abc好車網,,知名媒體,,24,24,14,10,58.33%,41.67%
20260127,16,譚謹恩,2885,Mr. & Mrs. Diary-exchange,13405,CF_970x250_內文文中_Mr. & Mrs. Diary-exchange,,,,9,9,9,0,100.00%,0.00%
20260127,16,曾憲敏,202,85小說網,13445,MW_336X280_全量1_85小說網,,,,394,394,297,97,75.38%,24.62%
20260127,16,曾憲敏,202,85小說網,13446,MW_336X280_全量2_85小說網,,,,"2,998","2,994","2,335",659,77.99%,22.01%
20260127,16,第一網站股份有限公司,2910,clickme,13548,(子)CF_300x250_banner_clickme(一般),,,子聯播網,52,52,36,16,69.23%,30.77%
20260127,16,第一網站股份有限公司,2910,clickme,13549,CF_300x250_banner_clickme(一般),,,,271,271,218,53,80.44%,19.56%
20260127,16,第一網站股份有限公司,2916,KiKiNote,13576,(子)CF_300x250_banner_kikinote,,知名媒體,子聯播網,113,113,113,0,100.00%,0.00%
20260127,16,第一網站股份有限公司,2768,czbooks,13903,(子)CF_300x250_banner_czbooks(直播),antifroud,,子聯播網,"178,865","178,865","97,535","81,330",54.53%,45.47%
20260127,16,第一網站股份有限公司,2768,czbooks,14036,MW_320x480_CZBOOKS,antifroud,,,53,53,33,20,62.26%,37.74%
20260127,16,陳人鳳,480,飛格寵物家族_PC,1407,CF-728X90_上方通欄_飛格寵物家族,,,,38,38,29,9,76.32%,23.68%
20260127,16,陳人鳳,480,飛格寵物家族_PC,1408,CF-300X250_內文_飛格寵物家族,,,,62,62,36,26,58.06%,41.94%
20260127,16,闇碼科技股份有限公司,3048,縮短網址產生器-reurl,14210,MW_文中創意300x250_縮短網址產生器-reurl,,知名媒體,,124,124,80,44,64.52%,35.48%
20260127,16,巨思文化股份有限公司,3052,經理人_HB,14238,MW_文章結束第一塊_300x250_經理人-HB,,知名媒體,,7,7,5,2,71.43%,28.57%
20260127,16,巨思文化股份有限公司,3052,經理人_HB,14241,MW_300x250_內文下方_經理人-HB,,知名媒體,,7,7,5,2,71.43%,28.57%
20260127,16,巨思文化股份有限公司,3053,數位時代_HB,14242,CF_300x250_內文下方左側_數位時代-HB,,知名媒體,,12,12,10,2,83.33%,16.67%
20260127,16,巨思文化股份有限公司,3053,數位時代_HB,14243,CF_300x250_內文下方右側_數位時代-HB,,知名媒體,,6,6,5,1,83.33%,16.67%
20260127,16,巨思文化股份有限公司,3053,數位時代_HB,14246,MW_300x250_文章結束第一塊_數位時代-HB,,知名媒體,,12,12,11,1,91.67%,8.33%
20260127,16,富盈數據股份有限公司,3059,塔科女子,14258,CF_336x280_全網_塔科女子,,知名媒體,,6,6,6,0,100.00%,0.00%
20260127,16,CBROOT LTD,3003,包子漫畫-exchange,14291,MW_300x250_蓋板(PB)_包子漫畫,,,,108,108,95,13,87.96%,12.04%
20260127,16,朱光宁,3152,石頭小說-exchange,14472,MW_336x280_Banner_石頭小說,,,,292,292,153,139,52.40%,47.60%
20260127,16,第一網站股份有限公司,3259,lookit,14698,MW_336x280_Banner_lookit,,,,6,6,5,1,83.33%,16.67%
20260127,16,朱光宁,3149,稷下書院-exchange,14748,MW_320x100_置底(PB)_稷下書院,,,,"23,463","23,463","12,068","11,395",51.43%,48.57%
20260127,16,巨思文化股份有限公司,3053,數位時代_HB,14764,MW_置底創意_(非展開)_數位時代_HB,,知名媒體,,214,214,200,14,93.46%,6.54%
20260127,16,中天電視股份有限公司,3282,中天新聞網-exchange,14980,CF_970x250_內頁_PC置頂橫幅-中天新聞網-exchange,,知名媒體,,172,172,129,43,75.00%,25.00%
20260127,16,葉志斌,3319,繁中寶可夢卡表生成器-奶爸工作室-mobile,15197,MW_置底創意_繁中寶可夢卡表生成器-奶爸工作室,,,,6,6,6,0,100.00%,0.00%
20260127,16,中天電視股份有限公司,3282,中天新聞網-exchange,15859,CF_336x280_內頁_PC右側互動看板B-中天新聞網-exchange,,知名媒體,,"1,000","1,000",859,141,85.90%,14.10%
20260127,16,CBROOT LTD,3352,西瓜卡通-exchange,15970,CF_160x600_影音內容_西瓜卡通-exchange,,,,14,14,12,2,85.71%,14.29%
20260127,16,朱光宁,3360,提莫書屋-exchange,16957,MW_336x280banner_提莫書屋_exchange,,,,"15,851","15,851","12,170","3,681",76.78%,23.22%
20260127,16,朱光宁,3361,提莫書屋-mobile,16959,MW_320x480_文中創意_提莫書屋-mobile,,,,36,36,30,6,83.33%,16.67%
20260127,16,欣發現股份有限公司,3364,女子學-mobile,16972,MW_置底創意_女子學,antifroud,,,134,134,130,4,97.01%,2.99%
20260127,16,欣發現股份有限公司,3363,大人物-mobile,16973,MW_置底創意_大人物,,知名媒體,,6,6,6,0,100.00%,0.00%
20260127,16,第一網站股份有限公司,2783,漫畫櫃manhuagui,17027,MW_320x480_蓋版_漫畫櫃manhuagui,,,,12,12,12,0,100.00%,0.00%
20260127,16,艾得基客行銷顧問股份有限公司,3373,良醫健康網,17092,MW_置底創意_良醫健康網,,知名媒體,,36,36,35,1,97.22%,2.78%
20260127,16,朱光宁,3268,稷下書院-mobile,17207,MW_320x480_蓋版_稷下書院-mobile,,,,467,467,264,203,56.53%,43.47%
20260127,16,中華電視股份有限公司,3389,華視-mobile,17230,MW_置底創意(非展開)_華視-mobile,,知名媒體,,18,18,17,1,94.44%,5.56%
20260127,16,李立娟,3395,vivi0視頻-exchange,17293,CF_336x280_Banner_vivi01視頻-exchange,antifroud,,,"40,696","40,696","38,240","2,456",93.97%,6.03%
20260127,16,李立娟,3395,vivi0視頻-exchange,17294,MW_336x280_Banner_vivi01視頻-exchange,antifroud,,,"27,255","27,211","25,540","1,671",93.86%,6.14%
20260127,16,李立娟,3395,vivi0視頻-exchange,17299,MW_300x250_蓋板(PB)-vivi01視頻-exchange,,,,12,12,9,3,75.00%,25.00%
20260127,16,李立娟,3395,vivi0視頻-exchange,17300,MW_320x100_置底(PB)_vivi01視頻-exchange,antifroud,,,"3,804","3,804","3,678",126,96.69%,3.31%
20260127,16,李立娟,3397,趣聞圖說-exchange,17309,MW_336x280_文中Banner_趣聞圖說-exchange,,,,265,265,134,131,50.57%,49.43%
20260127,16,曾憲敏,601,85小說網_PC,1773,CF-300x250_85小說網_內文1,,,,404,404,272,132,67.33%,32.67%
20260127,16,李立娟,3396,趣聞圖說-Mobile,17923,MW_置底創意(展開)_趣聞圖說-Mobile,,,,42,42,38,4,90.48%,9.52%
20260127,16,第一網站股份有限公司,2768,czbooks,17927,MW_置底創意_czbook,,,,"4,692","4,692","2,813","1,879",59.95%,40.05%
20260127,16,時報資訊股份有限公司_工商時報,3427,工商時報-exchange,18003,CF_300x250_互動看板2_工商時報-exchange,,知名媒體,,14,14,12,2,85.71%,14.29%
20260127,16,時報資訊股份有限公司_工商時報,3427,工商時報-exchange,18007,CF_336x280_文末右側看板_工商時報-exchange,,知名媒體,,18,18,17,1,94.44%,5.56%
20260127,16,時報資訊股份有限公司_工商時報,3427,工商時報-exchange,18008,CF_336x280_文末左側看板_工商時報-exchange,,知名媒體,,6,6,5,1,83.33%,16.67%
20260127,16,時報資訊股份有限公司_工商時報,3427,工商時報-exchange,18014,MW_300x250_文末Banner1_工商時報-exchange,,知名媒體,,87,87,86,1,98.85%,1.15%
20260127,16,時報資訊股份有限公司_工商時報,3427,工商時報-exchange,18015,MW_300x250_文末Banner2_工商時報-exchange,,知名媒體,,144,144,141,3,97.92%,2.08%
20260127,16,第一網站股份有限公司,3440,fsa_passback_first,18201,CF_336x280_fsa_passback_first,,,,"1,857","1,857","1,338",519,72.05%,27.95%
20260127,16,第一網站股份有限公司,3440,fsa_passback_first,18202,CF_300x250_fsa_passback_first,,,,"4,199","4,199","3,048","1,151",72.59%,27.41%
20260127,16,朱光宁,3268,稷下書院-mobile,18297,MW_置底創意(展開)_稷下書院-mobile,,,,163,163,84,79,51.53%,48.47%
20260127,16,冰楓科技有限公司,3485,冰楓論壇-exchange,18487,CF_970x90_內文上方第一塊_冰楓論壇-exchange,,,,838,838,662,176,79.00%,21.00%
20260127,16,冰楓科技有限公司,3485,冰楓論壇-exchange,18488,MW_320x100_內文上方第一塊_ 冰楓論壇-exchange,antifroud,,,40,40,36,4,90.00%,10.00%
20260127,16,冰楓科技有限公司,3485,冰楓論壇-exchange,18492,MW_300x250_Banner_ 冰楓論壇-exchange,,,,265,265,223,42,84.15%,15.85%
20260127,16,闇碼科技股份有限公司,3048,縮短網址產生器-reurl,18535,MW_蓋版_縮短網址產生器-reurl,,知名媒體,,6,6,6,0,100.00%,0.00%
20260127,16,CBROOT LTD,3510,包子漫畫_twmanga-exchange,18737,CF_970x90_Banner_ 包子漫畫_twmanga-exchange,,,,110,110,100,10,90.91%,9.09%
20260127,16,舒禾驊,3535,荷花動漫筆記,18887,CF_336x280_文章頁文中_荷花動漫筆記,,,,18,18,15,3,83.33%,16.67%
20260127,16,台灣英文新聞股份有限公司,3537,台灣英文新聞(new)-exchange,18911,MW_300x250_首頁_ENDBANNER_5_台灣英文新聞(new)-exchange,,知名媒體,,6,6,6,0,100.00%,0.00%
20260127,16,台灣英文新聞股份有限公司,3537,台灣英文新聞(new)-exchange,18924,CF_300x250_內容頁_右側看版_1_台灣英文新聞(new)-exchange,,知名媒體,,49,49,26,23,53.06%,46.94%
20260127,16,聯合線上股份有限公司,3549,UDN元氣網,19018,CF_首頁文章推薦第三格300x250_UDN元氣網,,知名媒體,,39,39,37,2,94.87%,5.13%
20260127,16,艾得基客行銷顧問股份有限公司,3490,太報,19043,MW_置底創意(展開)_太報,,知名媒體,,374,374,362,12,96.79%,3.21%
20260127,16,艾得基客行銷顧問股份有限公司,3552,玩具人,19044,MW_320x480_文中創意_玩具人,,知名媒體,,116,116,104,12,89.66%,10.34%
20260127,16,第一網站股份有限公司,2783,漫畫櫃manhuagui,20685,MW_300X250_manhuagui,antifroud,,,"4,983","4,983","4,323",660,86.75%,13.25%
20260127,16,德榕企業有限公司,3578,TW Bodhi_mobile,20708,MW_蓋板_TW Bodhi,,,,316,316,314,2,99.37%,0.63%
20260127,16,德榕企業有限公司,3581,忘憂書屋,20727,CF_336x280文章頁(RWD)_忘憂書屋,,,,58,58,58,0,100.00%,0.00%
20260127,16,德榕企業有限公司,3582,忘憂書屋_mobile,20728,MW_文中創意300x250_忘憂書屋,,,,18,18,18,0,100.00%,0.00%
20260127,16,德榕企業有限公司,3582,忘憂書屋_mobile,20729,MW_蓋板_忘憂書屋,,,,6,6,6,0,100.00%,0.00%
20260127,16,第一網站股份有限公司,2916,KiKiNote,20731,CF_300x250_banner_kikinote (PB),,知名媒體,,138,138,129,9,93.48%,6.52%
20260127,16,第一網站股份有限公司,2910,clickme,20735,(子)CF_300x250_banner_clickme(成人),,,子聯播網,587,587,457,130,77.85%,22.15%
20260127,16,CBROOT LTD,3637,包子漫畫2024-exchange,21502,MW_336x280_Banner_包子漫畫2024-exchange,antifroud,,,7,7,3,4,42.86%,57.14%
20260127,16,第一網站股份有限公司,3440,fsa_passback_first,21699,CF_336x280_fsa_passback_first,,,,"5,213","5,213","4,235",978,81.24%,18.76%
20260127,16,朱光宁,3269,石頭小說-mobile,21741,MW_320x480_蓋版_石頭小說-mobile,antifroud,,,6,6,3,3,50.00%,50.00%
20260127,16,富盈數據股份有限公司,3653,TVBS-女人我最大_HB,21760,MW_文章三_336x280_TVBS-女人我最大_HB,,知名媒體,,12,12,12,0,100.00%,0.00%
20260127,16,富盈數據股份有限公司,3653,TVBS-女人我最大_HB,21761,MW_文章四_336x280_TVBS-女人我最大_HB,,知名媒體,,434,434,423,11,97.47%,2.53%
20260127,16,富盈數據股份有限公司,3653,TVBS-女人我最大_HB,21763,MW_文中創意320x480_TVBS-女人我最大_HB,,知名媒體,,285,285,281,4,98.60%,1.40%
20260127,16,富盈數據股份有限公司,3654,TVBS-健康2.0_HB,21768,MW_文中創意320x480_TVBS-健康2.0_HB,,知名媒體,,"4,364","4,364","4,117",247,94.34%,5.66%
20260127,16,富盈數據股份有限公司,3655,TVBS-食尚玩家_HB,21773,MW_文中創意320x480_TVBS-食尚玩家_HB,,知名媒體,,111,111,103,8,92.79%,7.21%
20260127,16,先驅媒體社會企業股份有限公司,3554,新頭殼(R18),21839,ＭＷ_336x280Banner_newtalk.tw_mobile_all_336280_2_新頭殼(R18),antifroud,知名媒體,,44,44,44,0,100.00%,0.00%
20260127,16,先驅媒體社會企業股份有限公司,3554,新頭殼(R18),21840,ＭＷ_336x280Banner_newtalk.tw_mobile_all_336280_3_新頭殼(R18),,知名媒體,,6,6,6,0,100.00%,0.00%
20260127,16,儂儂雜誌社股份有限公司(bella儂儂),2135,Bella儂儂_2024,21876,MW-300x250_文章標題上方1_Bella儂儂,,知名媒體,,189,189,181,8,95.77%,4.23%
20260127,16,富盈數據股份有限公司,3680,TVBS-新聞網_HB,21898,CF_文章右側300x600_TVBS-新聞網_HB,,知名媒體,,6,6,6,0,100.00%,0.00%
20260127,16,富盈數據股份有限公司,3680,TVBS-新聞網_HB,21899,MW_文章一_336x280_TVBS-新聞網_HB,,知名媒體,,"1,957","1,957","1,882",75,96.17%,3.83%
20260127,16,富盈數據股份有限公司,3680,TVBS-新聞網_HB,21900,MW_文章三_336x280_TVBS-新聞網_HB,,知名媒體,,162,162,161,1,99.38%,0.62%
20260127,16,富盈數據股份有限公司,3680,TVBS-新聞網_HB,21902,MW_文章置底_320x100_TVBS-新聞網_HB,,知名媒體,,"2,175","2,175","2,080",95,95.63%,4.37%
20260127,16,富盈數據股份有限公司,3684,稅美人_mobile,21923,MW_置底創意(非展開)_稅美人-mobile,,,,"1,571","1,571",892,679,56.78%,43.22%
20260127,16,富盈數據股份有限公司,3685,玩桌遊_mobile,21924,MW_置底創意(非展開)_玩桌遊-mobile,,,,198,198,164,34,82.83%,17.17%
20260127,16,富盈數據股份有限公司,2615,熱血台中,21986,CF_336x280_全網_熱血台中,,,,12,12,10,2,83.33%,16.67%
20260127,16,富盈數據股份有限公司,2615,熱血台中,21987,CF_336x280_全網_熱血台中,,,,21,21,21,0,100.00%,0.00%
20260127,16,富盈數據股份有限公司,3704,天天要聞,22030,CF_300 x 250 banner_天天要聞_cpc2,,,,821,821,413,408,50.30%,49.70%
20260127,16,富盈數據股份有限公司,3703,繁體小說,22031,CF_300 x 250 banner_繁體小說_cpc2,,,,20,20,17,3,85.00%,15.00%
20260127,16,朱光宁,3708,石頭小說,22045,CF_336 x 280 banner_石頭小說_cpc1.67,antifroud,,,188,188,89,99,47.34%,52.66%
20260127,16,冠妍動力科技有限公司,484,小老婆汽機車資訊網,22058,MW_文中創意320x480_小老婆汽機車資訊網-測試,,知名媒體,,19,19,9,10,47.37%,52.63%
20260127,16,朱光宁,3718,稷下書院2,22092,MW_置底創意(非展開)_稷下書院2,antifroud,,,"62,857","62,857","30,237","32,620",48.10%,51.90%
20260127,16,朱光宁,3718,稷下書院2,22093,CF_336 x 280 banner_稷下書院2_cpc1.67,antifroud,,,42,42,24,18,57.14%,42.86%
20260127,16,富盈數據股份有限公司,3680,TVBS-新聞網_HB,22131,CF_文中300x250_TVBS-新聞網_HB_1,,知名媒體,,12,12,12,0,100.00%,0.00%
20260127,16,富盈數據股份有限公司,3680,TVBS-新聞網_HB,22132,CF_文中300x250_TVBS-新聞網_HB_2,,知名媒體,,36,36,33,3,91.67%,8.33%
20260127,16,富盈數據股份有限公司,3680,TVBS-新聞網_HB,22133,CF_文中300x250_TVBS-新聞網_HB_3,,知名媒體,,100,100,85,15,85.00%,15.00%
20260127,16,闇碼科技股份有限公司,3048,縮短網址產生器-reurl,22213,MW_蓋版_縮短網址產生器-reurl-2025.05(特殊供量),,知名媒體,,143,143,60,83,41.96%,58.04%
20260127,16,艾得基客行銷顧問股份有限公司,3724,上報,22217,MW_置底創意(非展開)_上報,,知名媒體,,200,200,196,4,98.00%,2.00%
20260127,16,艾得基客行銷顧問股份有限公司,3724,上報,22218,MW_置底(展開)_上報,,知名媒體,,196,196,190,6,96.94%,3.06%
20260127,16,欣發現股份有限公司,3363,大人物-mobile,22222,MW_蓋板_大人物,,知名媒體,,27,27,18,9,66.67%,33.33%
20260127,16,朱光宁,3741,石頭小說3,22396,MW_置底_石頭小說3,,,,6,6,3,3,50.00%,50.00%
20260127,16,朱光宁,3741,石頭小說3,22398,CF_336 x 280 banner_石頭小說3_cpc1.67,,,,200,200,109,91,54.50%,45.50%
20260127,16,艾得基客行銷顧問股份有限公司,3724,上報,22405,MW_蓋版_上報,,知名媒體,,34,34,34,0,100.00%,0.00%
20260127,16,闇碼科技股份有限公司,3068,限時圖片-imgus,22406,MW_置底_imgus,antifroud,,,142,142,142,0,100.00%,0.00%
20260127,16,第一網站股份有限公司,2783,漫畫櫃manhuagui,22443,MW_置底_manhuagui,antifroud,,,"2,613","2,613","2,398",215,91.77%,8.23%
20260127,16,艾得基客行銷顧問股份有限公司,3490,太報,22495,MW_300x250 BANNER_太報_CPM5,,知名媒體,子聯播網,28,28,27,1,96.43%,3.57%
20260127,16,艾得基客行銷顧問股份有限公司,2689,Basketball Top5,22498,MW_300x250 Banner_Basketball TOP5_CPM5,,,子聯播網,268,268,265,3,98.88%,1.12%
20260127,16,艾得基客行銷顧問股份有限公司,2578,鉅亨網,22507,MW_300x250_鉅亨網_直播用BN-1,,知名媒體,子聯播網,"1,841","1,841","1,803",38,97.94%,2.06%
20260127,16,艾得基客行銷顧問股份有限公司,3752,ＭoneyDJ,22514,MW_文中創意320x480_MoneyDJ,antifroud,知名媒體,,66,66,64,2,96.97%,3.03%
20260127,16,李承翰-webptt,718,Web批踢踢(RWD),2284,MW-蓋板_文中_Web批踢踢,antifroud,,,18,18,14,4,77.78%,22.22%
20260127,16,麥智維,999,動漫戲說,3543,CF-728*90-內文上方-動漫戲說,antifroud,,,56,56,44,12,78.57%,21.43%
20260127,16,肖偉彬,1287,紅櫻桃小說書庫,4717,MW_文中創意300x250_紅櫻桃小說書庫,,,,6,6,4,2,66.67%,33.33%
20260127,16,技達創意資訊有限公司,1299,泰好網,4733,CF-300*250-內文下方-泰好網,,,,12,12,12,0,100.00%,0.00%
20260127,16,技達創意資訊有限公司,1299,泰好網,4734,MW-320*100-首頁、內文上方-泰好網,,,,12,12,10,2,83.33%,16.67%
20260127,16,肖偉彬,1347,雲台書屋,4923,CF-上方通欄-300*250-雲台書屋,,,,6,6,5,1,83.33%,16.67%
20260127,16,麥智維,999,動漫戲說,6069,CF-300*250-首頁-動漫戲說,,,,32,32,32,0,100.00%,0.00%
20260127,16,台灣時報社股份有限公司,1665,台灣時報電子報,6263,CF-300X600-右側通欄-台灣時報電子報,,,,6,6,6,0,100.00%,0.00%
20260127,16,莊博凱,1676,夢遊電玩-exchange,6310,CF-160*600-網頁右側-夢遊電玩-exchange,,,,6,6,6,0,100.00%,0.00%
20260127,16,全曜財經資訊股份有限公司,1902,Cmoney-Mobile,7293,MW_置底創意(非展開)_Cmoney,antifroud,知名媒體,,12,12,11,1,91.67%,8.33%
20260127,16,精鏡傳媒股份有限公司,1060,鏡週刊,8249,MW_置底創意(展開)_鏡週刊,,知名媒體,,6,6,6,0,100.00%,0.00%
20260127,16,精鏡傳媒股份有限公司,1060,鏡週刊,8250,MW_置底創意(非展開)_鏡週刊,,知名媒體,,501,501,456,45,91.02%,8.98%
20260127,16,臺灣電視事業股份有限公司,52,台視,8313,PC-300x250_內文第一塊_台視財經,,知名媒體,,12,12,6,6,50.00%,50.00%
20260127,16,布林遊國際有限公司,1692,Bring You,8393,CF-300X250-上方通欄右側_BringYou,,知名媒體,,18,18,17,1,94.44%,5.56%
20260127,16,巧克科技新媒體股份有限公司,2127,LINE TV_Banner-exchange,8576,CF_336x280_戲劇-右側好康資訊下方_LINE TV-exchange,,知名媒體,,24,24,20,4,83.33%,16.67%
20260127,16,鳳梨傳媒股份有限公司,2190,民視新聞網-Exchange,8862,CF_970X90_分類新聞內頁上方_民視新聞(MCM),,知名媒體,,18,18,18,0,100.00%,0.00%
20260127,16,見聞科技有限公司,2251,就是節目表,9233,MW-300x250-節目表文中-就是節目表,,,,22,22,22,0,100.00%,0.00%
20260127,16,蔡瑞文,300,樂透彩幸運發財網,9470,MW-置底-樂透幸運發財網,antifroud,知名媒體,,6,6,6,0,100.00%,0.00%
20260127,17,英屬維京群島商浩美數位有限公司台灣分公司,2315,Teepr亮新聞-exchange,10012,CF_336x280Banner_Teepr亮新聞-exchange,,知名媒體,,"2,265","2,265","2,234",31,98.63%,1.37%
20260127,17,昱得資訊工作室,2528,數位書香,11080,CF_728x90_首頁上方_數位書香,antifroud,,,81,81,81,0,100.00%,0.00%
20260127,17,昱得資訊工作室,2528,數位書香,11081,CF_160x600_首頁右側_數位書香,antifroud,,,842,842,841,1,99.88%,0.12%
20260127,17,第一網站股份有限公司,2518,麻辣家族討論區(twbts),11082,CF-728X90-twbts,antifroud,,,877,877,835,42,95.21%,4.79%
20260127,17,第一網站股份有限公司,2492,ttshow,11273,MW-300X250-ttshow,,知名媒體,,18,18,14,4,77.78%,22.22%
20260127,17,第一網站股份有限公司,2601,Meme梗圖倉庫,11443,CF-336X280-meme,,,,475,475,421,54,88.63%,11.37%
20260127,17,艾得基客行銷顧問股份有限公司,2578,鉅亨網,12070,MW_320x480_文中創意_鉅亨網,,知名媒體,,"3,945","3,945","3,862",83,97.90%,2.10%
20260127,17,葉志斌,2745,繁中寶可夢卡表生成器-奶爸工作室-exchange,12210,CF_728x90__文末__繁中寶可夢卡表生成器,,,,6,6,6,0,100.00%,0.00%
20260127,17,時報資訊股份有限公司,2770,中時電子報_HB,12559,CF_300x250_右側互動看版_中時電子報_HB,,知名媒體,,586,586,470,116,80.20%,19.80%
20260127,17,時報資訊股份有限公司,2770,中時電子報_HB,12560,CF_336x280_文中看板_中時電子報_HB,,知名媒體,,570,570,459,111,80.53%,19.47%
20260127,17,時報資訊股份有限公司,2770,中時電子報_HB,12561,MW_300x250_內頁TOP Banner_中時電子報_HB,antifroud,知名媒體,,618,618,577,41,93.37%,6.63%
20260127,17,第一網站股份有限公司,2768,czbooks,12570,CF_728x90_banner_czbooks,,,,"1,870","1,870","1,447",423,77.38%,22.62%
20260127,17,鳳梨傳媒股份有限公司,2190,民視新聞網-Exchange,12579,CF_300x250_右側第一塊_民視新聞網-Exchange(RWD)(MCM),,知名媒體,,"2,674","2,674","2,604",70,97.38%,2.62%
20260127,17,鳳梨傳媒股份有限公司,2190,民視新聞網-Exchange,12580,CF_300x250_內文文中左側_民視新聞網-Exchange(RWD)(MCM),,知名媒體,,"3,078","3,078","2,924",154,95.00%,5.00%
20260127,17,第一網站股份有限公司,2783,漫畫櫃manhuagui,12676,CF_728X90_manhuagui,antifroud,,,"4,671","4,671","3,816",855,81.70%,18.30%
20260127,17,艾得基客行銷顧問股份有限公司,2635,工商時報,12761,MW_320x480_文中創意_工商時報new,,知名媒體,,12,12,12,0,100.00%,0.00%
20260127,17,第一網站股份有限公司,2801,damanwoo,12868,CF-300x250_Banner_damanwoo_大人物,,,,24,24,24,0,100.00%,0.00%
20260127,17,第一網站股份有限公司,2820,星座好朋友(horofriend88),12966,MW_320x100_horofriend88,antifroud,,,18,18,17,1,94.44%,5.56%
20260127,17,時報資訊股份有限公司,2335,中時電子報_2019,12974,MW-置底創意(展開)-中時電子報_2019,antifroud,知名媒體,,6,6,5,1,83.33%,16.67%
20260127,17,第一網站股份有限公司,2836,vivi01,13032,MW_置底創意_vivi01 ViVi視頻,,,,42,42,38,4,90.48%,9.52%
20260127,17,和運租車股份有限公司,2878,abc好車網,13368,CF_970x90_物件頁下方_abc好車網,,知名媒體,,12,12,8,4,66.67%,33.33%
20260127,17,曾憲敏,202,85小說網,13445,MW_336X280_全量1_85小說網,,,,305,305,225,80,73.77%,26.23%
20260127,17,曾憲敏,202,85小說網,13446,MW_336X280_全量2_85小說網,,,,"3,098","3,098","2,421",677,78.15%,21.85%
20260127,17,第一網站股份有限公司,2910,clickme,13549,CF_300x250_banner_clickme(一般),,,,502,502,407,95,81.08%,18.92%
20260127,17,闇碼科技股份有限公司,2992,縮短網址產生器-reurl-exchange,13848,CF_300x250_轉址失敗_最右邊_reurl,,知名媒體,,6,6,1,5,16.67%,83.33%
20260127,17,第一網站股份有限公司,2768,czbooks,13903,(子)CF_300x250_banner_czbooks(直播),antifroud,,子聯播網,"262,485","262,485","141,507","120,978",53.91%,46.09%
20260127,17,第一網站股份有限公司,2768,czbooks,14036,MW_320x480_CZBOOKS,antifroud,,,50,50,30,20,60.00%,40.00%
20260127,17,陳人鳳,480,飛格寵物家族_PC,1407,CF-728X90_上方通欄_飛格寵物家族,,,,244,154,51,103,33.12%,66.88%
20260127,17,陳人鳳,480,飛格寵物家族_PC,1408,CF-300X250_內文_飛格寵物家族,,,,146,85,12,73,14.12%,85.88%
20260127,17,闇碼科技股份有限公司,3048,縮短網址產生器-reurl,14210,MW_文中創意300x250_縮短網址產生器-reurl,,知名媒體,,98,98,78,20,79.59%,20.41%
20260127,17,巨思文化股份有限公司,3052,經理人_HB,14238,MW_文章結束第一塊_300x250_經理人-HB,,知名媒體,,8,8,7,1,87.50%,12.50%
20260127,17,巨思文化股份有限公司,3052,經理人_HB,14239,CF_300x250_內文下方右側_經理人-HB,,知名媒體,,6,6,6,0,100.00%,0.00%
20260127,17,巨思文化股份有限公司,3052,經理人_HB,14240,CF_300x250_內文下方左側_經理人-HB,,知名媒體,,6,6,6,0,100.00%,0.00%
20260127,17,巨思文化股份有限公司,3052,經理人_HB,14241,MW_300x250_內文下方_經理人-HB,,知名媒體,,8,8,7,1,87.50%,12.50%
20260127,17,巨思文化股份有限公司,3053,數位時代_HB,14246,MW_300x250_文章結束第一塊_數位時代-HB,,知名媒體,,13,13,13,0,100.00%,0.00%
20260127,17,富盈數據股份有限公司,3059,塔科女子,14258,CF_336x280_全網_塔科女子,,知名媒體,,6,6,6,0,100.00%,0.00%
20260127,17,CBROOT LTD,3003,包子漫畫-exchange,14291,MW_300x250_蓋板(PB)_包子漫畫,,,,144,144,135,9,93.75%,6.25%
20260127,17,朱光宁,3149,稷下書院-exchange,14748,MW_320x100_置底(PB)_稷下書院,,,,"25,136","25,129","13,445","11,684",53.50%,46.50%
20260127,17,巨思文化股份有限公司,3053,數位時代_HB,14764,MW_置底創意_(非展開)_數位時代_HB,,知名媒體,,246,246,235,11,95.53%,4.47%
20260127,17,中天電視股份有限公司,3282,中天新聞網-exchange,14980,CF_970x250_內頁_PC置頂橫幅-中天新聞網-exchange,,知名媒體,,94,94,75,19,79.79%,20.21%
20260127,17,曾憲敏,3327,85小說網_創意,15228,MW-創意-85小說網,,,,6,6,4,2,66.67%,33.33%
20260127,17,和運租車股份有限公司,2878,abc好車網,15249,CF_300x250_搜尋頁右側_abc好車網,,知名媒體,,8,8,7,1,87.50%,12.50%
20260127,17,中天電視股份有限公司,3282,中天新聞網-exchange,15859,CF_336x280_內頁_PC右側互動看板B-中天新聞網-exchange,,知名媒體,,521,521,436,85,83.69%,16.31%
20260127,17,布林遊國際有限公司,2620,Bring You-exchange,15951,CF_300x600_右側通欄_BringYou-exchange,,知名媒體,,6,6,5,1,83.33%,16.67%
20260127,17,CBROOT LTD,3352,西瓜卡通-exchange,15970,CF_160x600_影音內容_西瓜卡通-exchange,,,,6,6,6,0,100.00%,0.00%
20260127,17,朱光宁,3360,提莫書屋-exchange,16957,MW_336x280banner_提莫書屋_exchange,,,,"16,828","16,828","12,398","4,430",73.67%,26.33%
20260127,17,朱光宁,3361,提莫書屋-mobile,16959,MW_320x480_文中創意_提莫書屋-mobile,,,,60,60,48,12,80.00%,20.00%
20260127,17,欣發現股份有限公司,3364,女子學-mobile,16972,MW_置底創意_女子學,antifroud,,,84,84,66,18,78.57%,21.43%
20260127,17,第一網站股份有限公司,2783,漫畫櫃manhuagui,17027,MW_320x480_蓋版_漫畫櫃manhuagui,,,,30,30,26,4,86.67%,13.33%
20260127,17,朱光宁,3268,稷下書院-mobile,17207,MW_320x480_蓋版_稷下書院-mobile,,,,448,448,271,177,60.49%,39.51%
20260127,17,中華電視股份有限公司,3389,華視-mobile,17230,MW_置底創意(非展開)_華視-mobile,,知名媒體,,6,6,6,0,100.00%,0.00%
20260127,17,李立娟,3395,vivi0視頻-exchange,17293,CF_336x280_Banner_vivi01視頻-exchange,antifroud,,,"33,639","33,639","31,100","2,539",92.45%,7.55%
20260127,17,李立娟,3395,vivi0視頻-exchange,17294,MW_336x280_Banner_vivi01視頻-exchange,antifroud,,,"19,669","19,669","18,188","1,481",92.47%,7.53%
20260127,17,李立娟,3395,vivi0視頻-exchange,17300,MW_320x100_置底(PB)_vivi01視頻-exchange,antifroud,,,"1,115","1,115",989,126,88.70%,11.30%
20260127,17,李立娟,3397,趣聞圖說-exchange,17309,MW_336x280_文中Banner_趣聞圖說-exchange,,,,"2,062","2,062","1,013","1,049",49.13%,50.87%
20260127,17,曾憲敏,601,85小說網_PC,1773,CF-300x250_85小說網_內文1,,,,275,275,186,89,67.64%,32.36%
20260127,17,李立娟,3396,趣聞圖說-Mobile,17923,MW_置底創意(展開)_趣聞圖說-Mobile,,,,25,25,19,6,76.00%,24.00%
20260127,17,第一網站股份有限公司,2768,czbooks,17927,MW_置底創意_czbook,,,,"2,136","2,136","1,272",864,59.55%,40.45%
20260127,17,時報資訊股份有限公司_工商時報,3427,工商時報-exchange,18014,MW_300x250_文末Banner1_工商時報-exchange,,知名媒體,,102,102,96,6,94.12%,5.88%
20260127,17,時報資訊股份有限公司_工商時報,3427,工商時報-exchange,18015,MW_300x250_文末Banner2_工商時報-exchange,,知名媒體,,156,156,147,9,94.23%,5.77%
20260127,17,第一網站股份有限公司,3440,fsa_passback_first,18201,CF_336x280_fsa_passback_first,,,,136,136,87,49,63.97%,36.03%
20260127,17,第一網站股份有限公司,3440,fsa_passback_first,18202,CF_300x250_fsa_passback_first,,,,"4,292","4,292","3,292","1,000",76.70%,23.30%
20260127,17,莊博凱,3455,夢遊電玩,18269,300x250 Banner,,,,6,6,4,2,66.67%,33.33%
20260127,17,時報資訊股份有限公司_工商時報,3427,工商時報-exchange,18278,CF_336x280_文中-MiddleBillboard_工商時報-exchange,,知名媒體,,6,6,6,0,100.00%,0.00%
20260127,17,朱光宁,3268,稷下書院-mobile,18297,MW_置底創意(展開)_稷下書院-mobile,,,,26,26,17,9,65.38%,34.62%
20260127,17,冰楓科技有限公司,3485,冰楓論壇-exchange,18487,CF_970x90_內文上方第一塊_冰楓論壇-exchange,,,,952,952,797,155,83.72%,16.28%
20260127,17,冰楓科技有限公司,3485,冰楓論壇-exchange,18488,MW_320x100_內文上方第一塊_ 冰楓論壇-exchange,antifroud,,,12,12,8,4,66.67%,33.33%
20260127,17,冰楓科技有限公司,3485,冰楓論壇-exchange,18492,MW_300x250_Banner_ 冰楓論壇-exchange,,,,261,261,195,66,74.71%,25.29%
20260127,17,CBROOT LTD,3510,包子漫畫_twmanga-exchange,18737,CF_970x90_Banner_ 包子漫畫_twmanga-exchange,,,,60,60,60,0,100.00%,0.00%
20260127,17,台灣英文新聞股份有限公司,3537,台灣英文新聞(new)-exchange,18914,MW_320x100_內文頁_置頂橫幅_台灣英文新聞(new)-exchange,,知名媒體,,10,10,0,10,0.00%,100.00%
20260127,17,台灣英文新聞股份有限公司,3537,台灣英文新聞(new)-exchange,18924,CF_300x250_內容頁_右側看版_1_台灣英文新聞(new)-exchange,,知名媒體,,30,30,17,13,56.67%,43.33%
20260127,17,艾得基客行銷顧問股份有限公司,3373,良醫健康網,19009,MW_蓋板_良醫健康網,,知名媒體,,57,57,48,9,84.21%,15.79%
20260127,17,聯合線上股份有限公司,3549,UDN元氣網,19018,CF_首頁文章推薦第三格300x250_UDN元氣網,,知名媒體,,6,6,4,2,66.67%,33.33%
20260127,17,艾得基客行銷顧問股份有限公司,3490,太報,19043,MW_置底創意(展開)_太報,,知名媒體,,384,384,376,8,97.92%,2.08%
20260127,17,艾得基客行銷顧問股份有限公司,3552,玩具人,19044,MW_320x480_文中創意_玩具人,,知名媒體,,143,143,128,15,89.51%,10.49%
20260127,17,第一網站股份有限公司,2783,漫畫櫃manhuagui,20685,MW_300X250_manhuagui,antifroud,,,"2,110","2,110","1,924",186,91.18%,8.82%
20260127,17,德榕企業有限公司,3578,TW Bodhi_mobile,20708,MW_蓋板_TW Bodhi,,,,227,227,227,0,100.00%,0.00%
20260127,17,德榕企業有限公司,3581,忘憂書屋,20727,CF_336x280文章頁(RWD)_忘憂書屋,,,,6,6,6,0,100.00%,0.00%
20260127,17,德榕企業有限公司,3582,忘憂書屋_mobile,20728,MW_文中創意300x250_忘憂書屋,,,,20,20,20,0,100.00%,0.00%
20260127,17,第一網站股份有限公司,2916,KiKiNote,20731,CF_300x250_banner_kikinote (PB),,知名媒體,,112,112,105,7,93.75%,6.25%
20260127,17,第一網站股份有限公司,3440,fsa_passback_first,21699,CF_336x280_fsa_passback_first,,,,"3,553","3,553","2,669",884,75.12%,24.88%
20260127,17,富盈數據股份有限公司,3653,TVBS-女人我最大_HB,21760,MW_文章三_336x280_TVBS-女人我最大_HB,,知名媒體,,8,8,8,0,100.00%,0.00%
20260127,17,富盈數據股份有限公司,3653,TVBS-女人我最大_HB,21761,MW_文章四_336x280_TVBS-女人我最大_HB,,知名媒體,,520,520,476,44,91.54%,8.46%
20260127,17,富盈數據股份有限公司,3653,TVBS-女人我最大_HB,21763,MW_文中創意320x480_TVBS-女人我最大_HB,,知名媒體,,361,361,333,28,92.24%,7.76%
20260127,17,富盈數據股份有限公司,3654,TVBS-健康2.0_HB,21768,MW_文中創意320x480_TVBS-健康2.0_HB,,知名媒體,,"3,219","3,219","3,072",147,95.43%,4.57%
20260127,17,富盈數據股份有限公司,3655,TVBS-食尚玩家_HB,21773,MW_文中創意320x480_TVBS-食尚玩家_HB,,知名媒體,,135,135,121,14,89.63%,10.37%
20260127,17,先驅媒體社會企業股份有限公司,3554,新頭殼(R18),21839,ＭＷ_336x280Banner_newtalk.tw_mobile_all_336280_2_新頭殼(R18),antifroud,知名媒體,,6,6,6,0,100.00%,0.00%
20260127,17,儂儂雜誌社股份有限公司(bella儂儂),2135,Bella儂儂_2024,21876,MW-300x250_文章標題上方1_Bella儂儂,,知名媒體,,264,264,255,9,96.59%,3.41%
20260127,17,富盈數據股份有限公司,3680,TVBS-新聞網_HB,21898,CF_文章右側300x600_TVBS-新聞網_HB,,知名媒體,,6,6,6,0,100.00%,0.00%
20260127,17,富盈數據股份有限公司,3680,TVBS-新聞網_HB,21899,MW_文章一_336x280_TVBS-新聞網_HB,,知名媒體,,"2,343","2,343","2,271",72,96.93%,3.07%
20260127,17,富盈數據股份有限公司,3680,TVBS-新聞網_HB,21900,MW_文章三_336x280_TVBS-新聞網_HB,,知名媒體,,164,164,159,5,96.95%,3.05%
20260127,17,富盈數據股份有限公司,3680,TVBS-新聞網_HB,21902,MW_文章置底_320x100_TVBS-新聞網_HB,,知名媒體,,"2,800","2,800","2,707",93,96.68%,3.32%
20260127,17,富盈數據股份有限公司,3684,稅美人_mobile,21923,MW_置底創意(非展開)_稅美人-mobile,,,,"2,490","2,490","1,474","1,016",59.20%,40.80%
20260127,17,富盈數據股份有限公司,3685,玩桌遊_mobile,21924,MW_置底創意(非展開)_玩桌遊-mobile,,,,188,188,158,30,84.04%,15.96%
20260127,17,富盈數據股份有限公司,2615,熱血台中,21986,CF_336x280_全網_熱血台中,,,,24,24,24,0,100.00%,0.00%
20260127,17,富盈數據股份有限公司,2615,熱血台中,21987,CF_336x280_全網_熱血台中,,,,32,32,26,6,81.25%,18.75%
20260127,17,富盈數據股份有限公司,3704,天天要聞,22030,CF_300 x 250 banner_天天要聞_cpc2,,,,732,732,365,367,49.86%,50.14%
20260127,17,富盈數據股份有限公司,3703,繁體小說,22031,CF_300 x 250 banner_繁體小說_cpc2,,,,12,12,8,4,66.67%,33.33%
20260127,17,冠妍動力科技有限公司,484,小老婆汽機車資訊網,22058,MW_文中創意320x480_小老婆汽機車資訊網-測試,,知名媒體,,6,6,2,4,33.33%,66.67%
20260127,17,朱光宁,3718,稷下書院2,22092,MW_置底創意(非展開)_稷下書院2,antifroud,,,"117,835","117,835","66,048","51,787",56.05%,43.95%
20260127,17,富盈數據股份有限公司,3680,TVBS-新聞網_HB,22131,CF_文中300x250_TVBS-新聞網_HB_1,,知名媒體,,6,6,6,0,100.00%,0.00%
20260127,17,富盈數據股份有限公司,3680,TVBS-新聞網_HB,22132,CF_文中300x250_TVBS-新聞網_HB_2,,知名媒體,,12,12,11,1,91.67%,8.33%
20260127,17,富盈數據股份有限公司,3680,TVBS-新聞網_HB,22133,CF_文中300x250_TVBS-新聞網_HB_3,,知名媒體,,60,60,47,13,78.33%,21.67%
20260127,17,富盈數據股份有限公司,3730,Teepr 亮新聞 HB,22145,MW_336x280_文中創意_Teepr亮新聞 HB,,,,18,18,18,0,100.00%,0.00%
20260127,17,闇碼科技股份有限公司,3048,縮短網址產生器-reurl,22213,MW_蓋版_縮短網址產生器-reurl-2025.05(特殊供量),,知名媒體,,132,132,53,79,40.15%,59.85%
20260127,17,艾得基客行銷顧問股份有限公司,3724,上報,22217,MW_置底創意(非展開)_上報,,知名媒體,,186,186,182,4,97.85%,2.15%
20260127,17,艾得基客行銷顧問股份有限公司,3724,上報,22218,MW_置底(展開)_上報,,知名媒體,,171,171,169,2,98.83%,1.17%
20260127,17,欣發現股份有限公司,3363,大人物-mobile,22222,MW_蓋板_大人物,,知名媒體,,13,13,10,3,76.92%,23.08%
20260127,17,朱光宁,3741,石頭小說3,22396,MW_置底_石頭小說3,,,,12,12,7,5,58.33%,41.67%
20260127,17,朱光宁,3741,石頭小說3,22398,CF_336 x 280 banner_石頭小說3_cpc1.67,,,,205,205,120,85,58.54%,41.46%
20260127,17,朱光宁,3741,石頭小說3,22399,CF_320 x 480 橫幅_石頭小說3,,,,6,6,4,2,66.67%,33.33%
20260127,17,艾得基客行銷顧問股份有限公司,3724,上報,22405,MW_蓋版_上報,,知名媒體,,16,16,16,0,100.00%,0.00%
20260127,17,闇碼科技股份有限公司,3068,限時圖片-imgus,22406,MW_置底_imgus,antifroud,,,163,163,162,1,99.39%,0.61%
20260127,17,第一網站股份有限公司,2783,漫畫櫃manhuagui,22443,MW_置底_manhuagui,antifroud,,,"2,287","2,287","2,110",177,92.26%,7.74%
20260127,17,艾得基客行銷顧問股份有限公司,3490,太報,22495,MW_300x250 BANNER_太報_CPM5,,知名媒體,子聯播網,6,6,6,0,100.00%,0.00%
20260127,17,艾得基客行銷顧問股份有限公司,2689,Basketball Top5,22498,MW_300x250 Banner_Basketball TOP5_CPM5,,,子聯播網,203,203,203,0,100.00%,0.00%
20260127,17,艾得基客行銷顧問股份有限公司,2578,鉅亨網,22507,MW_300x250_鉅亨網_直播用BN-1,,知名媒體,子聯播網,"1,474","1,474","1,450",24,98.37%,1.63%
20260127,17,艾得基客行銷顧問股份有限公司,3752,ＭoneyDJ,22514,MW_文中創意320x480_MoneyDJ,antifroud,知名媒體,,62,62,58,4,93.55%,6.45%
20260127,17,巨思文化股份有限公司,3053,數位時代_HB,22741,MW_文中創意320x480_第一塊_數位時代_HB,,知名媒體,,6,6,6,0,100.00%,0.00%
20260127,17,李承翰-webptt,718,Web批踢踢(RWD),2284,MW-蓋板_文中_Web批踢踢,antifroud,,,60,60,39,21,65.00%,35.00%
20260127,17,麥智維,999,動漫戲說,3543,CF-728*90-內文上方-動漫戲說,antifroud,,,129,129,96,33,74.42%,25.58%
20260127,17,肖偉彬,1287,紅櫻桃小說書庫,4678,CF-內文上方-300*250-紅櫻桃小說書庫,,,,14,14,8,6,57.14%,42.86%
20260127,17,技達創意資訊有限公司,1299,泰好網,4733,CF-300*250-內文下方-泰好網,,,,6,6,6,0,100.00%,0.00%
20260127,17,技達創意資訊有限公司,1299,泰好網,4734,MW-320*100-首頁、內文上方-泰好網,,,,6,6,6,0,100.00%,0.00%
20260127,17,肖偉彬,1347,雲台書屋,4923,CF-上方通欄-300*250-雲台書屋,,,,6,6,6,0,100.00%,0.00%
20260127,17,陈晋福,1367,電視超人,4997,CF-300X250-電視超人,,,,18,18,18,0,100.00%,0.00%
20260127,17,莊博凱,1676,夢遊電玩-exchange,6310,CF-160*600-網頁右側-夢遊電玩-exchange,,,,6,6,4,2,66.67%,33.33%
20260127,17,精鏡傳媒股份有限公司,1060,鏡週刊,8250,MW_置底創意(非展開)_鏡週刊,,知名媒體,,585,585,547,38,93.50%,6.50%
20260127,17,臺灣電視事業股份有限公司,52,台視,8313,PC-300x250_內文第一塊_台視財經,,知名媒體,,16,16,11,5,68.75%,31.25%
20260127,17,布林遊國際有限公司,1692,Bring You,8393,CF-300X250-上方通欄右側_BringYou,,知名媒體,,6,6,6,0,100.00%,0.00%
20260127,17,巧克科技新媒體股份有限公司,2127,LINE TV_Banner-exchange,8576,CF_336x280_戲劇-右側好康資訊下方_LINE TV-exchange,,知名媒體,,86,86,59,27,68.60%,31.40%
20260127,17,鳳梨傳媒股份有限公司,2190,民視新聞網-Exchange,8862,CF_970X90_分類新聞內頁上方_民視新聞(MCM),,知名媒體,,20,20,19,1,95.00%,5.00%
20260127,17,見聞科技有限公司,2251,就是節目表,9233,MW-300x250-節目表文中-就是節目表,,,,6,6,6,0,100.00%,0.00%
20260127,17,蔡瑞文,300,樂透彩幸運發財網,9470,MW-置底-樂透幸運發財網,antifroud,知名媒體,,12,12,12,0,100.00%,0.00%
20260127,18,英屬維京群島商浩美數位有限公司台灣分公司,2315,Teepr亮新聞-exchange,10012,CF_336x280Banner_Teepr亮新聞-exchange,,知名媒體,,82,82,81,1,98.78%,1.22%
20260127,18,昱得資訊工作室,2528,數位書香,11081,CF_160x600_首頁右側_數位書香,antifroud,,,42,42,42,0,100.00%,0.00%
20260127,18,第一網站股份有限公司,2518,麻辣家族討論區(twbts),11082,CF-728X90-twbts,antifroud,,,140,140,133,7,95.00%,5.00%
20260127,18,第一網站股份有限公司,2601,Meme梗圖倉庫,11443,CF-336X280-meme,,,,87,87,76,11,87.36%,12.64%
20260127,18,艾得基客行銷顧問股份有限公司,2578,鉅亨網,12070,MW_320x480_文中創意_鉅亨網,,知名媒體,,376,376,369,7,98.14%,1.86%
20260127,18,時報資訊股份有限公司,2770,中時電子報_HB,12559,CF_300x250_右側互動看版_中時電子報_HB,,知名媒體,,307,307,235,72,76.55%,23.45%
20260127,18,時報資訊股份有限公司,2770,中時電子報_HB,12560,CF_336x280_文中看板_中時電子報_HB,,知名媒體,,318,318,241,77,75.79%,24.21%
20260127,18,時報資訊股份有限公司,2770,中時電子報_HB,12561,MW_300x250_內頁TOP Banner_中時電子報_HB,antifroud,知名媒體,,"2,284","2,284","2,168",116,94.92%,5.08%
20260127,18,第一網站股份有限公司,2768,czbooks,12570,CF_728x90_banner_czbooks,,,,97,97,74,23,76.29%,23.71%
20260127,18,第一網站股份有限公司,2768,czbooks,12571,CF-300x600_Banner_czbooks,,,,300,300,224,76,74.67%,25.33%
20260127,18,鳳梨傳媒股份有限公司,2190,民視新聞網-Exchange,12579,CF_300x250_右側第一塊_民視新聞網-Exchange(RWD)(MCM),,知名媒體,,97,97,88,9,90.72%,9.28%
20260127,18,鳳梨傳媒股份有限公司,2190,民視新聞網-Exchange,12580,CF_300x250_內文文中左側_民視新聞網-Exchange(RWD)(MCM),,知名媒體,,196,196,188,8,95.92%,4.08%
20260127,18,第一網站股份有限公司,2783,漫畫櫃manhuagui,12676,CF_728X90_manhuagui,antifroud,,,964,964,862,102,89.42%,10.58%
20260127,18,第一網站股份有限公司,2820,星座好朋友(horofriend88),12966,MW_320x100_horofriend88,antifroud,,,6,6,4,2,66.67%,33.33%
20260127,18,曾憲敏,202,85小說網,13445,MW_336X280_全量1_85小說網,,,,26,26,18,8,69.23%,30.77%
20260127,18,曾憲敏,202,85小說網,13446,MW_336X280_全量2_85小說網,,,,156,156,122,34,78.21%,21.79%
20260127,18,第一網站股份有限公司,2768,czbooks,13481,MW_300x250_banner_czbooks,antifroud,,子聯播網,"2,035","2,035","1,212",823,59.56%,40.44%
20260127,18,第一網站股份有限公司,2910,clickme,13549,CF_300x250_banner_clickme(一般),,,,9,9,9,0,100.00%,0.00%
20260127,18,第一網站股份有限公司,2768,czbooks,13903,(子)CF_300x250_banner_czbooks(直播),antifroud,,子聯播網,"17,801","17,801","9,778","8,023",54.93%,45.07%
20260127,18,第一網站股份有限公司,2783,漫畫櫃manhuagui,13904,(子)CF_300x250_banner_manhuagui(直播),antifroud,,子聯播網,"1,325","1,325","1,169",156,88.23%,11.77%
20260127,18,第一網站股份有限公司,2768,czbooks,14036,MW_320x480_CZBOOKS,antifroud,,,44,44,24,20,54.55%,45.45%
20260127,18,闇碼科技股份有限公司,3048,縮短網址產生器-reurl,14210,MW_文中創意300x250_縮短網址產生器-reurl,,知名媒體,,18,18,13,5,72.22%,27.78%
20260127,18,巨思文化股份有限公司,3053,數位時代_HB,14242,CF_300x250_內文下方左側_數位時代-HB,,知名媒體,,6,6,5,1,83.33%,16.67%
20260127,18,巨思文化股份有限公司,3053,數位時代_HB,14243,CF_300x250_內文下方右側_數位時代-HB,,知名媒體,,6,6,5,1,83.33%,16.67%
20260127,18,巨思文化股份有限公司,3053,數位時代_HB,14244,MW_300x250_文中第四塊_數位時代-HB,,知名媒體,,6,6,4,2,66.67%,33.33%
20260127,18,巨思文化股份有限公司,3053,數位時代_HB,14246,MW_300x250_文章結束第一塊_數位時代-HB,,知名媒體,,26,26,21,5,80.77%,19.23%
20260127,18,富盈數據股份有限公司,3059,塔科女子,14258,CF_336x280_全網_塔科女子,,知名媒體,,6,6,6,0,100.00%,0.00%
20260127,18,CBROOT LTD,3003,包子漫畫-exchange,14291,MW_300x250_蓋板(PB)_包子漫畫,,,,30,30,25,5,83.33%,16.67%
20260127,18,朱光宁,3149,稷下書院-exchange,14748,MW_320x100_置底(PB)_稷下書院,,,,"1,696","1,696",891,805,52.54%,47.46%
20260127,18,巨思文化股份有限公司,3053,數位時代_HB,14764,MW_置底創意_(非展開)_數位時代_HB,,知名媒體,,61,61,44,17,72.13%,27.87%
20260127,18,中天電視股份有限公司,3283,中天新聞網-mobile,14931,MW_320x480_蓋版_中天新聞網-mobile,antifroud,知名媒體,,93,93,93,0,100.00%,0.00%
20260127,18,中天電視股份有限公司,3282,中天新聞網-exchange,14980,CF_970x250_內頁_PC置頂橫幅-中天新聞網-exchange,,知名媒體,,6,6,4,2,66.67%,33.33%
20260127,18,中天電視股份有限公司,3282,中天新聞網-exchange,15859,CF_336x280_內頁_PC右側互動看板B-中天新聞網-exchange,,知名媒體,,12,12,10,2,83.33%,16.67%
20260127,18,朱光宁,3360,提莫書屋-exchange,16957,MW_336x280banner_提莫書屋_exchange,,,,"1,015","1,015",762,253,75.07%,24.93%
20260127,18,欣發現股份有限公司,3364,女子學-mobile,16972,MW_置底創意_女子學,antifroud,,,6,6,3,3,50.00%,50.00%
20260127,18,第一網站股份有限公司,2783,漫畫櫃manhuagui,17027,MW_320x480_蓋版_漫畫櫃manhuagui,,,,18,18,18,0,100.00%,0.00%
20260127,18,朱光宁,3268,稷下書院-mobile,17207,MW_320x480_蓋版_稷下書院-mobile,,,,252,252,156,96,61.90%,38.10%
20260127,18,李立娟,3395,vivi0視頻-exchange,17293,CF_336x280_Banner_vivi01視頻-exchange,antifroud,,,"4,484","4,484","4,203",281,93.73%,6.27%
20260127,18,李立娟,3395,vivi0視頻-exchange,17294,MW_336x280_Banner_vivi01視頻-exchange,antifroud,,,"2,493","2,493","2,335",158,93.66%,6.34%
20260127,18,李立娟,3395,vivi0視頻-exchange,17300,MW_320x100_置底(PB)_vivi01視頻-exchange,antifroud,,,959,959,879,80,91.66%,8.34%
20260127,18,第一網站股份有限公司,2768,czbooks,17927,MW_置底創意_czbook,,,,261,261,160,101,61.30%,38.70%
20260127,18,時報資訊股份有限公司_工商時報,3427,工商時報-exchange,18014,MW_300x250_文末Banner1_工商時報-exchange,,知名媒體,,120,120,117,3,97.50%,2.50%
20260127,18,時報資訊股份有限公司_工商時報,3427,工商時報-exchange,18015,MW_300x250_文末Banner2_工商時報-exchange,,知名媒體,,130,130,126,4,96.92%,3.08%
20260127,18,第一網站股份有限公司,3440,fsa_passback_first,18201,CF_336x280_fsa_passback_first,,,,16,16,16,0,100.00%,0.00%
20260127,18,第一網站股份有限公司,3440,fsa_passback_first,18202,CF_300x250_fsa_passback_first,,,,200,200,150,50,75.00%,25.00%
20260127,18,冰楓科技有限公司,3485,冰楓論壇-exchange,18487,CF_970x90_內文上方第一塊_冰楓論壇-exchange,,,,45,45,39,6,86.67%,13.33%
20260127,18,冰楓科技有限公司,3485,冰楓論壇-exchange,18492,MW_300x250_Banner_ 冰楓論壇-exchange,,,,22,22,17,5,77.27%,22.73%
20260127,18,CBROOT LTD,3492,包子漫畫(特開流量)-exchange,18546,(子)CF_300x250_指定時段_包子漫畫(特開流量)-exchange,,,子聯播網,"2,384","2,384","1,931",453,81.00%,19.00%
20260127,18,CBROOT LTD,3492,包子漫畫(特開流量)-exchange,18557,CF_300x600_指定流量_包子漫畫(特開流量PB)-exchange,,,,315,315,271,44,86.03%,13.97%
20260127,18,CBROOT LTD,3510,包子漫畫_twmanga-exchange,18732,MW_336x280_Banner_包子漫畫_twmanga,,,子聯播網,"3,893","3,893","2,900",993,74.49%,25.51%
20260127,18,闇碼科技股份有限公司,2992,縮短網址產生器-reurl-exchange,18876,CF_首頁連結bar下方_縮短網址產生器-reurl-exchange,,知名媒體,,6,6,6,0,100.00%,0.00%
20260127,18,台灣英文新聞股份有限公司,3537,台灣英文新聞(new)-exchange,18924,CF_300x250_內容頁_右側看版_1_台灣英文新聞(new)-exchange,,知名媒體,,6,6,4,2,66.67%,33.33%
20260127,18,艾得基客行銷顧問股份有限公司,3373,良醫健康網,19009,MW_蓋板_良醫健康網,,知名媒體,,6,6,5,1,83.33%,16.67%
20260127,18,艾得基客行銷顧問股份有限公司,3490,太報,19043,MW_置底創意(展開)_太報,,知名媒體,,32,32,31,1,96.88%,3.12%
20260127,18,艾得基客行銷顧問股份有限公司,3552,玩具人,19044,MW_320x480_文中創意_玩具人,,知名媒體,,7,7,7,0,100.00%,0.00%
20260127,18,第一網站股份有限公司,2783,漫畫櫃manhuagui,20685,MW_300X250_manhuagui,antifroud,,,470,470,442,28,94.04%,5.96%
20260127,18,德榕企業有限公司,3578,TW Bodhi_mobile,20708,MW_蓋板_TW Bodhi,,,,36,36,36,0,100.00%,0.00%
20260127,18,德榕企業有限公司,3581,忘憂書屋,20727,CF_336x280文章頁(RWD)_忘憂書屋,,,,12,12,12,0,100.00%,0.00%
20260127,18,德榕企業有限公司,3582,忘憂書屋_mobile,20728,MW_文中創意300x250_忘憂書屋,,,,12,12,12,0,100.00%,0.00%
20260127,18,第一網站股份有限公司,2916,KiKiNote,20731,CF_300x250_banner_kikinote (PB),,知名媒體,,20,20,18,2,90.00%,10.00%
20260127,18,艾得基客行銷顧問股份有限公司,3490,太報,21317,MW_蓋版_太報,,知名媒體,,6,3,3,0,100.00%,0.00%
20260127,18,第一網站股份有限公司,3440,fsa_passback_first,21699,CF_336x280_fsa_passback_first,,,,30,30,20,10,66.67%,33.33%
20260127,18,富盈數據股份有限公司,3653,TVBS-女人我最大_HB,21760,MW_文章三_336x280_TVBS-女人我最大_HB,,知名媒體,,6,6,6,0,100.00%,0.00%
20260127,18,富盈數據股份有限公司,3653,TVBS-女人我最大_HB,21761,MW_文章四_336x280_TVBS-女人我最大_HB,,知名媒體,,44,44,43,1,97.73%,2.27%
20260127,18,富盈數據股份有限公司,3653,TVBS-女人我最大_HB,21763,MW_文中創意320x480_TVBS-女人我最大_HB,,知名媒體,,48,48,48,0,100.00%,0.00%
20260127,18,富盈數據股份有限公司,3654,TVBS-健康2.0_HB,21768,MW_文中創意320x480_TVBS-健康2.0_HB,,知名媒體,,417,417,404,13,96.88%,3.12%
20260127,18,富盈數據股份有限公司,3653,TVBS-女人我最大_HB,21803,MW_文章一_336x280_TVBS-女人我最大_HB,,知名媒體,,14,14,14,0,100.00%,0.00%
20260127,18,儂儂雜誌社股份有限公司(bella儂儂),2135,Bella儂儂_2024,21876,MW-300x250_文章標題上方1_Bella儂儂,,知名媒體,,6,6,5,1,83.33%,16.67%
20260127,18,富盈數據股份有限公司,3680,TVBS-新聞網_HB,21899,MW_文章一_336x280_TVBS-新聞網_HB,,知名媒體,,"2,653","2,653","2,588",65,97.55%,2.45%
20260127,18,富盈數據股份有限公司,3680,TVBS-新聞網_HB,21900,MW_文章三_336x280_TVBS-新聞網_HB,,知名媒體,,292,292,290,2,99.32%,0.68%
20260127,18,富盈數據股份有限公司,3680,TVBS-新聞網_HB,21901,MW_文章四_336x280_TVBS-新聞網_HB,,知名媒體,,26,26,26,0,100.00%,0.00%
20260127,18,富盈數據股份有限公司,3680,TVBS-新聞網_HB,21902,MW_文章置底_320x100_TVBS-新聞網_HB,,知名媒體,,"2,889","2,889","2,807",82,97.16%,2.84%
20260127,18,富盈數據股份有限公司,3684,稅美人_mobile,21923,MW_置底創意(非展開)_稅美人-mobile,,,,126,126,76,50,60.32%,39.68%
20260127,18,富盈數據股份有限公司,3685,玩桌遊_mobile,21924,MW_置底創意(非展開)_玩桌遊-mobile,,,,26,26,21,5,80.77%,19.23%
20260127,18,富盈數據股份有限公司,3704,天天要聞,22030,CF_300 x 250 banner_天天要聞_cpc2,,,,763,763,385,378,50.46%,49.54%
20260127,18,朱光宁,3718,稷下書院2,22092,MW_置底創意(非展開)_稷下書院2,antifroud,,,"10,153","10,153","5,777","4,376",56.90%,43.10%
20260127,18,富盈數據股份有限公司,3680,TVBS-新聞網_HB,22132,CF_文中300x250_TVBS-新聞網_HB_2,,知名媒體,,16,16,16,0,100.00%,0.00%
20260127,18,富盈數據股份有限公司,3680,TVBS-新聞網_HB,22133,CF_文中300x250_TVBS-新聞網_HB_3,,知名媒體,,48,48,44,4,91.67%,8.33%
20260127,18,富盈數據股份有限公司,3730,Teepr 亮新聞 HB,22145,MW_336x280_文中創意_Teepr亮新聞 HB,,,,6,6,6,0,100.00%,0.00%
20260127,18,闇碼科技股份有限公司,3048,縮短網址產生器-reurl,22213,MW_蓋版_縮短網址產生器-reurl-2025.05(特殊供量),,知名媒體,,600,600,9,591,1.50%,98.50%
20260127,18,艾得基客行銷顧問股份有限公司,3724,上報,22217,MW_置底創意(非展開)_上報,,知名媒體,,6,6,6,0,100.00%,0.00%
20260127,18,艾得基客行銷顧問股份有限公司,3724,上報,22218,MW_置底(展開)_上報,,知名媒體,,12,12,12,0,100.00%,0.00%
20260127,18,朱光宁,3741,石頭小說3,22396,MW_置底_石頭小說3,,,,30,30,23,7,76.67%,23.33%
20260127,18,朱光宁,3741,石頭小說3,22398,CF_336 x 280 banner_石頭小說3_cpc1.67,,,,"1,226","1,226",716,510,58.40%,41.60%
20260127,18,朱光宁,3741,石頭小說3,22399,CF_320 x 480 橫幅_石頭小說3,,,,18,18,14,4,77.78%,22.22%
20260127,18,闇碼科技股份有限公司,3068,限時圖片-imgus,22406,MW_置底_imgus,antifroud,,,30,30,30,0,100.00%,0.00%
20260127,18,第一網站股份有限公司,2783,漫畫櫃manhuagui,22443,MW_置底_manhuagui,antifroud,,,"1,404","1,404","1,315",89,93.66%,6.34%
20260127,18,艾得基客行銷顧問股份有限公司,2689,Basketball Top5,22498,MW_300x250 Banner_Basketball TOP5_CPM5,,,子聯播網,12,12,12,0,100.00%,0.00%
20260127,18,艾得基客行銷顧問股份有限公司,2578,鉅亨網,22507,MW_300x250_鉅亨網_直播用BN-1,,知名媒體,子聯播網,146,146,144,2,98.63%,1.37%
20260127,18,技達創意資訊有限公司,1299,泰好網,4734,MW-320*100-首頁、內文上方-泰好網,,,,6,6,6,0,100.00%,0.00%
20260127,18,精鏡傳媒股份有限公司,1060,鏡週刊,8250,MW_置底創意(非展開)_鏡週刊,,知名媒體,,18,18,14,4,77.78%,22.22%
20260127,18,鳳梨傳媒股份有限公司,2190,民視新聞網-Exchange,8862,CF_970X90_分類新聞內頁上方_民視新聞(MCM),,知名媒體,,6,6,6,0,100.00%,0.00%
